Elapsed (s),Time,nGen-400 Uptime,nGen-400 Hours,Anode PWM_Duty_Cycle,Anode Voltage,Anode Current,Getter PWM_Duty_Cycle,Getter Current,Neutron Counts,Neutron Count_Rate,Neutron Count_Rate_Avg,Neutron Count_Rate_Stdev_Pct,RF Freq_Synth,Suppressor Current,Suppressor Voltage,Calculations Current_Ratio,Faults Anode_Voltage_Too_High,Faults Arc_dI_dt,Faults Arc_I,Faults Blinkout,Faults E_Beam_Power_Too_High,Faults Interlock,Faults Suppressor_Voltage_Too_Low,State_Machine State,State_Machine Source,State_Machine Destination,State_Machine Fault
0.0,18-Jul-25 13:30:20,2432,21.47,0,1.403,0.04017,0,0.004028,0,0,0,100,18.48,0.001611,0,0,0,-1,0,-2,0,-1,1,2.75,2,4,[ OK ]
1.4,18-Jul-25 13:30:21,2433,21.47,0,0.9725,0.04106,0.3528,0.7932,0,0,0,100,18.48,0.002256,0,0,0,-1,0,-2,0,-1,1,3,3,4,[ OK ]
3.0,18-Jul-25 13:30:23,2435,21.47,0,0.7174,0.04096,0.4172,1.158,0,0,0,100,18.48,0.322,404.1,0,0,-1,0,-2,0,-1,0,3.211,3,4,[ OK ]
4.5,18-Jul-25 13:30:24,2436,21.47,0,1.02,0.04106,0.4468,1.341,0,0,0,100,18.48,0.3322,404.1,0,0,-1,0,-2,0,-1,0,3.474,3,4,[ OK ]
6.1,18-Jul-25 13:30:26,2438,21.47,0.05493,16.32,0.05326,0.4631,1.399,0,0,0,100,18.48,0.3401,404.3,-1,0,-1,0,-2,0,0,0,3.632,3,4,[ OK ]
7.7,18-Jul-25 13:30:28,2440,21.47,0.06574,49.83,0.05673,0.5254,1.746,0,0,0,100,18.48,0.3413,404.4,-1,0,-1,0,-2,0,0,0,3.789,3,4,[ OK ]
8.9,18-Jul-25 13:30:29,2441,21.47,0.07195,65.3,0.04166,0.556,1.884,0,0,0,100,18.48,0.3381,404.2,-1,0,-1,0,-2,0,0,0,3.789,3,4,[ OK ]
9.6,18-Jul-25 13:30:30,2442,21.47,0.07404,69.25,0.04374,0.5602,1.93,0,0,0,100,18.48,0.3393,404,-1,0,-1,0,-2,0,0,0,3.789,3,4,[ OK ]
10.2,18-Jul-25 13:30:30,2443,21.47,0.07492,72.26,0.04493,0.5638,1.949,0,0,0,100,18.48,0.341,404,-1,0,-1,0,-2,0,0,0,3.789,3,4,[ OK ]
10.7,18-Jul-25 13:30:31,2443,21.47,0.07593,73.52,0.0481,0.5669,1.959,0,0,0,100,18.48,0.341,404,-1,0,-1,0,-2,0,0,0,3.789,3,4,[ OK ]
11.3,18-Jul-25 13:30:31,2444,21.47,0.07683,73.97,0.04572,0.5697,1.964,0,0,0,100,18.48,0.3412,404,-1,0,-1,0,-2,0,0,0,3.789,3,4,[ OK ]
11.9,18-Jul-25 13:30:32,2445,21.47,0.07722,75.76,0.04602,0.5722,1.968,0,0,0,100,18.48,0.3437,404.3,-1,0,-1,0,-2,0,0,0,3.789,3,4,[ OK ]
12.4,18-Jul-25 13:30:32,2445,21.47,0.07776,75.93,0.04572,0.5719,1.982,0,0,0,100,18.48,0.3441,404.4,-1,0,-1,0,-2,0,0,0,3.789,3,4,[ OK ]
12.9,18-Jul-25 13:30:33,2446,21.47,0.07797,77.4,0.04592,0.574,1.984,0,0,0,100,18.48,0.3455,404.4,-1,0,-1,0,-2,0,0,0,3.789,3,4,[ OK ]
13.4,18-Jul-25 13:30:33,2446,21.47,0.07845,77.27,0.04493,0.5748,1.988,0,0,0,100,18.48,0.3447,404.3,-1,0,-1,0,-2,0,0,0,3.789,3,4,[ OK ]
13.8,18-Jul-25 13:30:34,2446,21.47,0.07874,77.72,0.04662,0.5779,1.979,0,0,0,100,18.48,0.3429,404.1,-1,0,-1,0,-2,0,0,0,3.789,3,4,[ OK ]
14.3,18-Jul-25 13:30:34,2447,21.47,0.07908,77.78,0.0482,0.5782,1.984,0,0,0,100,18.48,0.3412,404.1,-1,0,-1,0,-2,0,0,0,3.789,3,4,[ OK ]
14.9,18-Jul-25 13:30:35,2448,21.47,0.07915,78.69,0.04205,0.5789,1.99,0,0,0,100,18.48,0.3425,404,-1,0,-1,0,-2,0,0,0,3.789,3,4,[ OK ]
15.4,18-Jul-25 13:30:35,2448,21.47,0.07955,78.05,0.04414,0.5798,1.99,0,0,0,100,18.48,0.3435,404.4,-1,0,-1,0,-2,0,0,0,3.789,3,4,[ OK ]
15.8,18-Jul-25 13:30:36,2448,21.47,0.07959,78.56,0.04553,0.5824,1.981,0,0,0,100,18.48,0.3437,404,-1,0,-1,0,-2,0,0,0,3.789,3,4,[ OK ]
16.3,18-Jul-25 13:30:36,2449,21.47,0.07972,78.56,0.04572,0.5811,1.992,0,0,0,100,18.48,0.3436,404,-1,0,-1,0,-2,0,0,0,3.789,3,4,[ OK ]
16.8,18-Jul-25 13:30:37,2449,21.47,0.07976,79.04,0.04553,0.5821,1.992,0,0,0,100,18.48,0.3461,404.1,-1,0,-1,0,-2,0,0,0,3.789,3,4,[ OK ]
17.3,18-Jul-25 13:30:37,2450,21.47,0.07966,79.63,0.0487,0.5823,1.996,0,0,0,100,18.48,0.3431,404.1,-1,0,-1,0,-2,0,0,0,3.789,3,4,[ OK ]
17.8,18-Jul-25 13:30:38,2450,21.47,0.07987,79.31,0.04582,0.5831,1.995,0,0,0,100,18.48,0.3447,404.4,-1,0,-1,0,-2,0,0,0,3.789,3,4,[ OK ]
18.2,18-Jul-25 13:30:38,2451,21.47,0.08004,79.06,0.0487,0.5845,1.991,0,0,0,100,18.48,0.345,404,-1,0,-1,0,-2,0,0,0,3.789,3,4,[ OK ]
18.8,18-Jul-25 13:30:39,2451,21.47,0.08001,79.45,0.04562,0.5854,1.992,0,0,0,100,18.48,0.3426,404,-1,0,-1,0,-2,0,0,0,3.789,3,4,[ OK ]
19.3,18-Jul-25 13:30:39,2452,21.47,0.07996,79.74,0.04533,0.586,1.991,0,0,0,100,18.48,0.3445,404.3,-1,0,-1,0,-2,0,0,0,3.789,3,4,[ OK ]
19.7,18-Jul-25 13:30:40,2452,21.47,0.07995,80.09,0.04503,0.5866,1.992,0,0,0,100,18.48,0.3446,404.3,-1,0,-1,0,-2,0,0,0,3.789,3,4,[ OK ]
20.3,18-Jul-25 13:30:40,2453,21.47,0.08013,79.69,0.04592,0.5887,1.985,0,0,0,100,18.48,0.3429,404.1,-1,0,-1,0,-2,0,0,0,3.789,3,4,[ OK ]
20.7,18-Jul-25 13:30:41,2453,21.47,0.08036,79.25,0.04592,0.5869,1.998,0,0,0,100,18.48,0.344,404,-1,0,-1,0,-2,0,0,0,3.789,3,4,[ OK ]
21.2,18-Jul-25 13:30:41,2454,21.47,0.08033,79.41,0.04592,0.5893,1.988,0,0,0,100,18.48,0.3419,404,-1,0,-1,0,-2,0,0,0,3.789,3,4,[ OK ]
21.7,18-Jul-25 13:30:42,2454,21.47,0.08028,79.77,0.04582,0.5891,1.992,0,0,0,100,18.48,0.3442,404.2,-1,0,-1,0,-2,0,0,0,3.789,3,4,[ OK ]
22.1,18-Jul-25 13:30:42,2455,21.47,0.08028,79.88,0.04572,0.5898,1.992,0,0,0,100,18.48,0.3431,404.2,-1,0,-1,0,-2,0,0,0,3.789,3,4,[ OK ]
22.6,18-Jul-25 13:30:43,2455,21.47,0.08025,79.98,0.0483,0.5905,1.991,0,0,0,100,18.48,0.3435,404.2,-1,0,-1,0,-2,0,0,0,3.789,3,4,[ OK ]
23.0,18-Jul-25 13:30:43,2456,21.47,0.08028,79.9,0.04582,0.5896,2,0,0,0,100,18.48,0.3406,404.4,-1,0,-1,0,-2,0,0,0,3.789,3,4,[ OK ]
23.5,18-Jul-25 13:30:43,2456,21.47,0.08035,79.74,0.04483,0.5928,1.985,0,0,0,100,18.48,0.34,404.1,-1,0,-1,0,-2,0,0,0,3.789,3,4,[ OK ]
24.0,18-Jul-25 13:30:44,2457,21.47,0.08058,79.04,0.04553,0.594,1.982,0,0,0,100,18.48,0.3464,404.1,-1,0,-1,0,-2,0,0,0,3.789,3,4,[ OK ]
24.5,18-Jul-25 13:30:44,2457,21.47,0.08022,80.17,0.04463,0.5919,1.997,0,0,0,100,18.48,0.3429,404.3,-1,0,-1,0,-2,0,0,0,3.789,3,4,[ OK ]
25.1,18-Jul-25 13:30:45,2458,21.47,0.07978,81.62,0.04493,0.5929,1.997,0,0,0,100,18.48,0.3423,404.3,-1,0,-1,0,-2,0,0,0,3.789,3,4,[ OK ]
25.6,18-Jul-25 13:30:46,2458,21.47,0.08057,79.29,0.04572,0.5933,1.998,0,0,0,100,18.48,0.344,404.3,-1,0,-1,0,-2,0,0,0,3.789,3,4,[ OK ]
26.0,18-Jul-25 13:30:46,2459,21.47,0.08037,80.01,0.04215,0.5958,1.988,0,0,0,100,18.48,0.3402,404.3,-1,0,-1,0,-2,0,0,0,3.789,3,4,[ OK ]
26.5,18-Jul-25 13:30:46,2459,21.47,0.08038,80,0.04562,0.5966,1.986,0,0,0,100,18.48,0.3394,403.9,-1,0,-1,0,-2,0,0,0,3.789,3,4,[ OK ]
27.0,18-Jul-25 13:30:47,2460,21.47,0.08036,80.08,0.04543,0.5948,2,0,0,0,100,18.48,0.339,404.1,-1,0,-1,0,-2,0,0,0,3.789,3,4,[ OK ]
27.5,18-Jul-25 13:30:47,2460,21.47,0.08037,80.08,0.04334,0.5961,1.997,0,0,0,100,18.48,0.3419,404,-1,0,-1,0,-2,0,0,0,3.789,3,4,[ OK ]
28.0,18-Jul-25 13:30:48,2461,21.47,0.08055,79.58,0.04503,0.5968,1.997,0,0,0,100,18.48,0.3413,404,-1,0,-1,0,-2,0,0,0,3.789,3,4,[ OK ]
28.6,18-Jul-25 13:30:49,2461,21.47,0.08055,79.69,0.04731,0.5972,1.999,0,0,0,100,18.48,0.3406,404.3,-1,0,-1,0,-2,0,0,0,3.789,3,4,[ OK ]
29.0,18-Jul-25 13:30:49,2462,21.47,0.08035,79.9,0.04612,0.5986,1.994,0,0,0,100,18.48,0.3439,404.2,-1,0,-1,0,-2,0,0,0,3.789,3,4,[ OK ]
29.5,18-Jul-25 13:30:49,2462,21.47,0.08031,80.08,0.04265,0.5997,1.99,0,0,0,100,18.48,0.3426,404.3,-1,0,-1,0,-2,0,0,0,3.789,3,4,[ OK ]
30.0,18-Jul-25 13:30:50,2463,21.47,0.08029,80.08,0.04533,0.6003,1.99,0,0,0,100,18.48,0.3447,404,-1,0,-1,0,-2,0,0,0,3.789,3,4,[ OK ]
30.5,18-Jul-25 13:30:50,2463,21.47,0.08043,79.71,0.04662,0.6005,1.993,0,0,0,100,18.48,0.3441,404.1,-1,0,-1,0,-2,0,0,0,3.789,3,4,[ OK ]
31.0,18-Jul-25 13:30:51,2464,21.47,0.0803,80.19,0.04493,0.6013,1.992,0,0,0,100,18.48,0.3441,404,-1,0,-1,0,-2,0,0,0,3.789,3,4,[ OK ]
31.5,18-Jul-25 13:30:51,2464,21.47,0.08033,80.09,0.04959,0.6016,1.993,0,0,0,100,18.48,0.3418,404,-1,0,-1,0,-2,0,0,0,3.789,3,4,[ OK ]
32.0,18-Jul-25 13:30:52,2465,21.47,0.0803,80.19,0.04374,0.6017,1.995,0,0,0,100,18.48,0.3423,404.1,-1,0,-1,0,-2,0,0,0,3.789,3,4,[ OK ]
32.5,18-Jul-25 13:30:52,2465,21.47,0.08029,80.28,0.049,0.6029,1.991,0,0,0,100,18.48,0.3403,404.3,-1,0,-1,0,-2,0,0,0,3.789,3,4,[ OK ]
32.9,18-Jul-25 13:30:53,2466,21.47,0.08038,80.06,0.04662,0.6034,1.991,0,0,0,100,18.48,0.3406,404.2,-1,0,-1,0,-2,0,0,0,3.789,3,4,[ OK ]
33.5,18-Jul-25 13:30:53,2466,21.47,0.08035,80.14,0.04513,0.6026,1.999,0,0,0,100,18.48,0.3406,404.2,-1,0,-1,0,-2,0,0,0,3.789,3,4,[ OK ]
33.9,18-Jul-25 13:30:54,2467,21.48,0.08045,79.87,0.04582,0.6033,2,0,0,0,100,18.48,0.342,404.3,-1,0,-1,0,-2,0,0,0,3.789,3,4,[ OK ]
34.4,18-Jul-25 13:30:54,2467,21.48,0.08045,79.9,0.04642,0.6041,1.998,0,0,0,100,18.48,0.346,404.3,-1,0,-1,0,-2,0,0,0,3.789,3,4,[ OK ]
34.9,18-Jul-25 13:30:55,2468,21.48,0.08045,79.88,0.04285,0.6061,1.989,0,0,0,100,18.48,0.3467,404.2,-1,0,-1,0,-2,0,0,0,3.789,3,4,[ OK ]
35.5,18-Jul-25 13:30:55,2468,21.48,0.08047,79.85,0.04731,0.6061,1.992,0,0,0,100,18.48,0.3422,404.3,-1,0,-1,0,-2,0,0,0,3.789,3,4,[ OK ]
35.9,18-Jul-25 13:30:56,2469,21.48,0.08064,79.39,0.04612,0.608,1.984,0,0,0,100,18.48,0.3438,404,-1,0,-1,0,-2,0,0,0,3.789,3,4,[ OK ]
36.4,18-Jul-25 13:30:56,2469,21.48,0.08062,79.57,0.04146,0.6057,1.999,0,0,0,100,18.48,0.3442,404.3,-1,0,-1,0,-2,0,0,0,3.789,3,4,[ OK ]
36.9,18-Jul-25 13:30:57,2470,21.48,0.08044,80.12,0.04602,0.608,1.99,0,0,0,100,18.48,0.3434,404.3,-1,0,-1,0,-2,0,0,0,3.789,3,4,[ OK ]
37.4,18-Jul-25 13:30:57,2470,21.48,0.08052,79.96,0.04245,0.6084,1.989,0,0,0,100,18.48,0.3416,404.2,-1,0,-1,0,-2,0,0,0,3.789,3,4,[ OK ]
37.9,18-Jul-25 13:30:58,2471,21.48,0.08005,81.62,0.04463,0.6075,1.997,0,0,0,100,18.48,0.3435,404.1,-1,0,-1,0,-2,0,0,0,3.789,3,4,[ OK ]
38.4,18-Jul-25 13:30:58,2471,21.48,0.08064,79.6,0.04265,0.6081,1.996,0,0,0,100,18.48,0.3431,404.2,-1,0,-1,0,-2,0,0,0,3.789,3,4,[ OK ]
38.8,18-Jul-25 13:30:59,2471,21.48,0.08061,79.66,0.04314,0.6087,1.995,0,0,0,100,18.48,0.3427,404,-1,0,-1,0,-2,0,0,0,3.789,3,4,[ OK ]
39.2,18-Jul-25 13:30:59,2472,21.48,0.08049,80.03,0.04473,0.6103,1.989,0,0,0,100,18.48,0.3428,404.2,-1,0,-1,0,-2,0,0,0,3.789,3,4,[ OK ]
39.7,18-Jul-25 13:31:00,2472,21.48,0.08049,80.01,0.04562,0.6095,1.996,0,0,0,100,18.48,0.3439,404.2,-1,0,-1,0,-2,0,0,0,3.789,3,4,[ OK ]
40.1,18-Jul-25 13:31:00,2473,21.48,0.0805,79.93,0.04523,0.6101,1.996,0,0,0,100,18.48,0.3432,403.9,-1,0,-1,0,-2,0,0,0,3.789,3,4,[ OK ]
40.6,18-Jul-25 13:31:01,2473,21.48,0.08061,79.58,0.04553,0.6115,1.99,0,0,0,100,18.48,0.3427,404,-1,0,-1,0,-2,0,0,0,3.789,3,4,[ OK ]
41.1,18-Jul-25 13:31:01,2474,21.48,0.08048,80.08,0.0489,0.611,1.995,0,0,0,100,18.48,0.341,403.8,-1,0,-1,0,-2,0,0,0,3.789,3,4,[ OK ]
41.6,18-Jul-25 13:31:02,2474,21.48,0.08069,79.37,0.04523,0.6109,1.998,0,0,0,100,18.48,0.3428,403.9,-1,0,-1,0,-2,0,0,0,3.789,3,4,[ OK ]
42.1,18-Jul-25 13:31:02,2475,21.48,0.08048,79.92,0.04622,0.6122,1.995,0,0,0,100,18.48,0.3419,404.3,-1,0,-1,0,-2,0,0,0,3.789,3,4,[ OK ]
42.6,18-Jul-25 13:31:03,2475,21.48,0.08043,80.04,0.04116,0.6138,1.988,0,0,0,100,18.48,0.3424,404.4,-1,0,-1,0,-2,0,0,0,3.789,3,4,[ OK ]
43.2,18-Jul-25 13:31:03,2476,21.48,0.08051,79.82,0.04612,0.6138,1.99,0,0,0,100,18.48,0.3422,404.2,-1,0,-1,0,-2,0,0,0,3.789,3,4,[ OK ]
43.7,18-Jul-25 13:31:04,2476,21.48,0.08047,79.92,0.0489,0.6138,1.992,0,0,0,100,18.48,0.341,404,-1,0,-1,0,-2,0,0,0,3.789,3,4,[ OK ]
44.2,18-Jul-25 13:31:04,2477,21.48,0.08099,78.26,0.04959,0.6132,1.998,0,0,0,100,18.48,0.3419,404.1,-1,0,0,0,-2,0,0,0,3.789,3,4,[ OK ]
45.4,18-Jul-25 13:31:05,2477,21.48,0.08103,78.43,0.1303,0.5593,1.74,0,0,0,100,18.48,0.3514,403.9,-1,0,0,0,0,0,0,0,4,4,-1,[ OK ]
47.2,18-Jul-25 13:31:07,2480,21.48,0.08366,77.4,0.1233,0.5217,1.538,0,0,0,100,18.48,0.3503,404.2,-1,0,0,0,0,0,0,0,4,4,-1,[ OK ]
48.0,18-Jul-25 13:31:08,2481,21.48,0.08406,78.04,0.1218,0.5152,1.522,0,0,0,100,18.48,0.3505,404,-1,0,0,0,0,0,0,0,4,4,-1,[ OK ]
48.5,18-Jul-25 13:31:08,2481,21.48,0.08433,78.24,0.122,0.5153,1.497,0,0,0,100,18.48,0.3499,404.2,-1,0,0,0,0,0,0,0,4,4,-1,[ OK ]
48.9,18-Jul-25 13:31:09,2482,21.48,0.08431,78.99,0.1254,0.5129,1.495,0,0,0,100,18.48,0.3514,404.1,-1,0,0,0,0,0,0,0,4,4,-1,[ OK ]
49.3,18-Jul-25 13:31:09,2482,21.48,0.08437,79.39,0.1227,0.5105,1.495,0,0,0,100,18.48,0.3503,404,-1,0,0,0,0,0,0,0,4,4,-1,[ OK ]
49.7,18-Jul-25 13:31:10,2482,21.48,0.0848,78.61,0.126,0.5124,1.474,0,0,0,100,18.48,0.3518,404,-1,0,0,0,0,0,0,0,4,4,-1,[ OK ]
50.1,18-Jul-25 13:31:10,2483,21.48,0.08462,79.57,0.1277,0.5107,1.476,0,0,0,100,18.48,0.3483,404.3,-1,0,0,0,0,0,0,0,4,4,-1,[ OK ]
50.5,18-Jul-25 13:31:10,2483,21.48,0.08507,78.53,0.128,0.5089,1.478,0,0,0,100,18.48,0.3502,404,-1,0,0,0,0,0,0,0,4,4,-1,[ OK ]
51.0,18-Jul-25 13:31:11,2484,21.48,0.08497,79.18,0.1262,0.5086,1.473,0,0,0,100,18.48,0.3507,403.9,-1,0,0,0,0,0,0,0,4,4,-1,[ OK ]
51.4,18-Jul-25 13:31:11,2484,21.48,0.08505,79.31,0.1251,0.5078,1.473,0,0,0,100,18.48,0.3518,404.2,-1,0,0,0,0,0,0,0,4,4,-1,[ OK ]
51.8,18-Jul-25 13:31:12,2484,21.48,0.08528,78.86,0.1262,0.508,1.467,0,0,0,100,18.48,0.3506,404.3,-1,0,0,0,0,0,0,0,4,4,-1,[ OK ]
52.2,18-Jul-25 13:31:12,2485,21.48,0.08543,78.77,0.1268,0.5062,1.474,0,0,0,100,18.48,0.3511,404,-1,0,0,0,0,0,0,0,4,4,-1,[ OK ]
52.6,18-Jul-25 13:31:13,2485,21.48,0.08535,79.31,0.1256,0.5071,1.466,0,0,0,100,18.48,0.3509,404.2,-1,0,0,0,0,0,0,0,4,4,-1,[ OK ]
53.0,18-Jul-25 13:31:13,2486,21.48,0.08531,79.65,0.1232,0.5069,1.465,0,0,0,100,18.48,0.3524,404.2,-1,0,0,0,0,0,0,0,4,4,-1,[ OK ]
53.4,18-Jul-25 13:31:13,2486,21.48,0.08544,79.33,0.1247,0.5073,1.461,0,0,0,100,18.48,0.3526,403.9,-1,0,0,0,0,0,0,0,4,4,-1,[ OK ]
53.8,18-Jul-25 13:31:14,2486,21.48,0.08538,79.57,0.1229,0.5049,1.472,0,0,0,100,18.48,0.3535,404,-1,0,0,0,0,0,0,0,4,4,-1,[ OK ]
54.2,18-Jul-25 13:31:14,2487,21.48,0.0852,80.35,0.1263,0.5056,1.467,0,0,0,100,18.48,0.3539,404.3,-1,0,0,0,0,0,0,0,4,4,-1,[ OK ]
54.7,18-Jul-25 13:31:15,2487,21.48,0.08544,79.76,0.126,0.5067,1.459,0,0,0,100,18.48,0.3535,404.2,-1,0,0,0,0,0,0,0,4,4,-1,[ OK ]
55.1,18-Jul-25 13:31:15,2488,21.48,0.08548,79.74,0.1264,0.5063,1.461,0,0,0,100,18.48,0.3524,404,-1,0,0,0,0,0,0,0,4,4,-1,[ OK ]
55.5,18-Jul-25 13:31:15,2488,21.48,0.08565,79.31,0.1258,0.5059,1.463,0,0,0,100,18.48,0.3549,404,-1,0,0,0,0,0,0,0,4,4,-1,[ OK ]
55.9,18-Jul-25 13:31:16,2489,21.48,0.08552,79.77,0.128,0.5069,1.456,0,0,0,100,18.48,0.3535,404.1,-1,0,0,0,0,0,0,0,4,4,-1,[ OK ]
56.3,18-Jul-25 13:31:16,2489,21.48,0.08547,80.06,0.1251,0.5052,1.465,0,0,0,100,18.48,0.3526,404.3,-1,0,0,0,0,0,0,0,4,4,-1,[ OK ]
56.7,18-Jul-25 13:31:17,2489,21.48,0.08547,80.12,0.1244,0.5048,1.468,0,0,0,100,18.48,0.353,403.7,-1,0,0,0,0,0,0,0,4,4,-1,[ OK ]
57.1,18-Jul-25 13:31:17,2490,21.48,0.08567,79.53,0.1249,0.5057,1.462,0,0,0,100,18.48,0.3529,404.2,-1,0,0,0,0,0,0,0,4,4,-1,[ OK ]
57.5,18-Jul-25 13:31:17,2490,21.48,0.08551,80.04,0.1258,0.5063,1.458,0,0,0,100,18.48,0.3537,404.2,-1,0,0,0,0,0,0,0,4,4,-1,[ OK ]
57.9,18-Jul-25 13:31:18,2491,21.48,0.08565,79.65,0.1204,0.5042,1.47,0,0,0,100,18.48,0.3531,404.2,-1,0,0,0,0,0,0,0,4,4,-1,[ OK ]
58.3,18-Jul-25 13:31:18,2491,21.48,0.08553,79.92,0.1283,0.5051,1.464,0,0,0,100,18.48,0.3497,404,-1,0,0,0,0,0,0,0,4,4,-1,[ OK ]
58.7,18-Jul-25 13:31:19,2491,21.48,0.08554,79.88,0.1221,0.5054,1.461,0,0,0,100,18.48,0.3519,404,-1,0,0,0,0,0,0,0,4,4,-1,[ OK ]
59.2,18-Jul-25 13:31:19,2492,21.48,0.08563,79.9,0.1242,0.5054,1.461,0,0,0,100,18.48,0.3519,404.3,-1,0,0,0,0,0,0,0,4,4,-1,[ OK ]
59.7,18-Jul-25 13:31:20,2492,21.48,0.08561,79.96,0.1267,0.5062,1.456,0,0,0,100,18.48,0.3512,404.3,-1,0,0,0,0,0,0,0,4,4,-1,[ OK ]
60.0,18-Jul-25 13:31:20,2493,21.48,0.0878,80.39,0.1256,0.5054,1.459,0,0,0,100,18.48,0.3503,403.9,-1,0,0,0,0,0,0,0,4,4,-1,[ OK ]
60.3,18-Jul-25 13:31:20,2493,21.48,0.08775,81.62,0.1236,0.5054,1.459,0,0,0,100,18.48,0.35,404,-1,0,0,0,0,0,0,0,4,4,-1,[ OK ]
60.7,18-Jul-25 13:31:21,2493,21.48,0.09011,81.62,0.1262,0.5044,1.465,0,0,0,100,18.48,0.35,404.2,-1,0,0,0,0,0,0,0,4,4,-1,[ OK ]
61.0,18-Jul-25 13:31:21,2494,21.48,0.09083,82.29,0.118,0.5042,1.466,0,0,0,100,18.48,0.3493,403.9,-1,0,0,0,0,0,0,0,4,4,-1,[ OK ]
61.3,18-Jul-25 13:31:21,2494,21.48,0.09139,82.8,0.1252,0.5051,1.461,0,0,0,100,18.48,0.3495,403.8,-1,0,0,0,0,0,0,0,4,4,-1,[ OK ]
61.7,18-Jul-25 13:31:22,2494,21.48,0.09363,83.68,0.1283,0.5047,1.464,0,0,0,100,18.48,0.3489,404.3,-1,0,0,0,0,0,0,0,4,4,-1,[ OK ]
62.1,18-Jul-25 13:31:22,2495,21.48,0.09495,84.65,0.1296,0.5054,1.459,0,0,0,100,18.48,0.3497,403.9,-1,0,0,0,0,0,0,0,4,4,-1,[ OK ]
62.5,18-Jul-25 13:31:22,2495,21.48,0.09555,85.72,0.1292,0.5063,1.454,0,0,0,100,18.48,0.3491,404.3,-1,0,0,0,0,0,0,0,4,4,-1,[ OK ]
62.8,18-Jul-25 13:31:23,2495,21.48,0.09846,86.72,0.1273,0.505,1.461,0,0,0,100,18.48,0.3478,404,-1,0,0,0,0,0,0,0,4,4,-1,[ OK ]
63.1,18-Jul-25 13:31:23,2496,21.48,0.0991,88.24,0.1379,0.5044,1.465,0,0,0,100,18.48,0.3503,404.2,-1,0,0,0,0,0,0,0,4,4,-1,[ OK ]
63.6,18-Jul-25 13:31:24,2496,21.48,0.1,89.78,0.1288,0.5057,1.457,0,0,0,100,18.48,0.3495,403.9,-1,0,0,0,0,0,0,0,4,4,-1,[ OK ]
63.8,18-Jul-25 13:31:24,2497,21.48,0.103,91.19,0.1379,0.5048,1.463,0,0,0,100,18.48,0.3489,404,-1,0,0,0,0,0,0,0,4,4,-1,[ OK ]
64.1,18-Jul-25 13:31:24,2497,21.48,0.1041,91.31,0.1295,0.5059,1.456,0,0,0,100,18.48,0.3485,403.9,-1,0,0,0,0,0,0,0,4,4,-1,[ OK ]
64.5,18-Jul-25 13:31:24,2497,21.48,0.1049,92.83,0.1379,0.5052,1.46,0,0,0,100,18.48,0.3488,404.3,-1,0,0,0,0,0,0,0,4,4,-1,[ OK ]
64.8,18-Jul-25 13:31:25,2497,21.48,0.1081,93.99,0.1379,0.5042,1.464,0,0,0,100,18.48,0.3494,404.1,-1,0,0,0,0,0,0,0,4,4,-1,[ OK ]
65.2,18-Jul-25 13:31:25,2498,21.48,0.1094,95.79,0.1305,0.5068,1.45,0,0,0,100,18.48,0.3487,403.9,-1,0,0,0,0,0,0,0,4,4,-1,[ OK ]
65.6,18-Jul-25 13:31:26,2498,21.48,0.1099,97.95,0.1379,0.5052,1.459,0,0,0,100,18.48,0.3478,404.1,-1,0,0,0,0,0,0,0,4,4,-1,[ OK ]
65.9,18-Jul-25 13:31:26,2499,21.48,0.1134,98.39,0.1379,0.5051,1.458,0,0,0,100,18.48,0.3473,404.2,-1,0,0,0,0,0,0,0,4,4,-1,[ OK ]
66.2,18-Jul-25 13:31:26,2499,21.48,0.1147,99.37,0.1379,0.5058,1.455,0,0,0,100,18.48,0.3462,404.3,-1,0,0,0,0,0,0,0,4,4,-1,[ OK ]
66.7,18-Jul-25 13:31:27,2499,21.48,0.1175,101.5,0.1379,0.5041,1.465,0,0,0,100,18.48,0.3466,404.2,-1,0,0,0,0,0,0,0,4,4,-1,[ OK ]
67.1,18-Jul-25 13:31:27,2500,21.48,0.1195,103.4,0.1398,0.5057,1.455,0,0,0,100,18.48,0.3458,404.2,-1,0,0,0,0,0,0,0,4,4,-1,[ OK ]
67.4,18-Jul-25 13:31:27,2500,21.48,0.1207,104.7,0.1379,0.5058,1.453,0,0,0,100,18.48,0.3462,404.3,-1,0,0,0,0,0,0,0,4,4,-1,[ OK ]
67.8,18-Jul-25 13:31:28,2500,21.48,0.1233,106.1,0.138,0.5052,1.457,0,0,0,100,18.48,0.3474,404.2,-1,0,0,0,0,0,0,0,4,4,-1,[ OK ]
68.2,18-Jul-25 13:31:28,2501,21.48,0.1255,108,0.1403,0.5037,1.467,0,0,0,100,18.48,0.3458,404.1,-1,0,0,0,0,0,0,0,4,4,-1,[ OK ]
68.7,18-Jul-25 13:31:29,2501,21.48,0.127,109.6,0.1379,0.5054,1.458,0,0,0,100,18.48,0.3469,404.2,-1,0,0,0,0,0,0,0,4,4,-1,[ OK ]
69.0,18-Jul-25 13:31:29,2502,21.48,0.1303,111.5,0.1379,0.5056,1.456,0,0,0,100,18.48,0.3493,403.8,-1,0,0,0,0,0,0,0,4,4,-1,[ OK ]
69.4,18-Jul-25 13:31:29,2502,21.48,0.1317,114.3,0.1383,0.5047,1.461,0,0,0,100,18.48,0.3477,403.9,-1,0,0,0,0,0,0,0,4,4,-1,[ OK ]
69.8,18-Jul-25 13:31:30,2502,21.48,0.1352,115.7,0.1396,0.5057,1.455,0,0,0,100,18.48,0.3482,404.1,-1,0,0,0,0,0,0,0,4,4,-1,[ OK ]
70.3,18-Jul-25 13:31:30,2503,21.48,0.1376,117,0.1379,0.5055,1.456,0,0,0,100,18.48,0.3501,403.9,-1,0,0,0,0,0,0,0,4,4,-1,[ OK ]
70.7,18-Jul-25 13:31:31,2503,21.48,0.1407,119.3,0.1419,0.504,1.466,0,0,0,100,18.48,0.3485,403.8,-1,0,0,0,0,0,0,0,4,4,-1,[ OK ]
71.1,18-Jul-25 13:31:31,2504,21.48,0.1433,120.8,0.1457,0.5049,1.46,0,0,0,100,18.48,0.3475,403.9,-1,0,0,0,0,0,0,0,4,4,-1,[ OK ]
71.4,18-Jul-25 13:31:31,2504,21.48,0.1442,123.2,0.1456,0.5033,1.469,0,0,0,100,18.48,0.3464,404,-1,0,0,0,0,0,0,0,4,4,-1,[ OK ]
71.9,18-Jul-25 13:31:32,2504,21.48,0.1479,124.3,0.1439,0.5036,1.468,0,0,0,100,18.48,0.3511,403.9,-1,0,0,0,0,0,0,0,4,4,-1,[ OK ]
72.3,18-Jul-25 13:31:32,2505,21.48,0.1501,126.9,0.1489,0.5036,1.469,0,0,0,100,18.48,0.351,404.3,-1,0,0,0,0,0,0,0,4,4,-1,[ OK ]
72.7,18-Jul-25 13:31:33,2505,21.48,0.1515,127.9,0.1476,0.506,1.455,0,0,0,100,18.48,0.3513,404.3,-1,0,0,0,0,0,0,0,4,4,-1,[ OK ]
73.1,18-Jul-25 13:31:33,2506,21.48,0.1555,130.6,0.1461,0.5038,1.466,0,0,0,100,18.48,0.3505,404.3,-1,0,0,0,0,0,0,0,4,4,-1,[ OK ]
73.9,18-Jul-25 13:31:34,2506,21.48,0.1575,132.1,0.1508,0.5045,1.463,0,0,0,100,18.48,0.351,403.9,-1,0,0,0,0,0,0,0,4,4,-1,[ OK ]
74.6,18-Jul-25 13:31:34,2507,21.48,0.1668,137.6,0.1508,0.5057,1.457,0,0,0,100,18.48,0.353,404.2,-1,0,0,0,0,0,0,0,4,4,-1,[ OK ]
75.0,18-Jul-25 13:31:35,2508,21.48,0.1689,139.9,0.1552,0.505,1.46,0,0,0,100,18.48,0.3518,403.9,-1,0,0,0,0,0,0,0,4,4,-1,[ OK ]
75.4,18-Jul-25 13:31:35,2508,21.48,0.1712,140.8,0.1552,0.5047,1.461,0,0,0,100,18.48,0.3525,404.2,-1,0,0,0,0,0,0,0,4,4,-1,[ OK ]
75.8,18-Jul-25 13:31:36,2508,21.48,0.1729,142.8,0.1575,0.5046,1.462,0,0,0,100,18.48,0.3548,404.2,-1,0,0,0,0,0,0,0,4,4,-1,[ OK ]
76.1,18-Jul-25 13:31:36,2509,21.48,0.1742,143.7,0.1622,0.5051,1.458,0,0,0,100,18.48,0.3561,404.1,-1,0,0,0,0,0,0,0,4,4,-1,[ OK ]
76.5,18-Jul-25 13:31:36,2509,21.48,0.1757,145.3,0.1624,0.5034,1.468,0,0,0,100,18.48,0.3561,404.3,-1,0,0,0,0,0,0,0,4,4,-1,[ OK ]
76.9,18-Jul-25 13:31:37,2510,21.48,0.1778,144.8,0.3742,0.505,1.46,0,0,0,100,18.48,0.3619,404.2,0.03277,0,0,0,0,0,0,0,4,4,-1,[ OK ]
77.3,18-Jul-25 13:31:37,2510,21.48,0.1796,145.5,0.3858,0.5056,1.456,0,0,0,100,18.48,0.3602,404.1,0.06636,0,0,0,0,0,0,0,4,4,-1,[ OK ]
77.8,18-Jul-25 13:31:38,2510,21.48,0.1811,146.9,0.3835,0.5038,1.465,0,0,0,100,18.48,0.3572,403.9,0.06847,0,0,0,0,0,0,0,4,4,-1,[ OK ]
78.3,18-Jul-25 13:31:38,2511,21.48,0.1834,146.9,0.3814,0.5035,1.467,0,0,0,100,18.48,0.3581,404,0.06117,0,0,0,0,0,0,0,4,4,-1,[ OK ]
78.7,18-Jul-25 13:31:39,2511,21.48,0.1849,147.7,0.383,0.5036,1.466,0,0,0,100,18.48,0.3606,404.2,0.05854,0,0,0,0,0,0,0,4,4,-1,[ OK ]
79.1,18-Jul-25 13:31:39,2512,21.48,0.1863,148.5,0.3839,0.5057,1.454,0,0,0,100,18.48,0.3607,404.2,0.06052,0,0,0,0,0,0,0,4,4,-1,[ OK ]
79.7,18-Jul-25 13:31:40,2512,21.48,0.188,149.1,0.3807,0.504,1.464,0,0,0,100,18.48,0.3609,404.1,0.05194,0,0,0,0,0,0,0,4,4,-1,[ OK ]
80.2,18-Jul-25 13:31:40,2513,21.48,0.1751,149.5,0.3719,0.5037,1.466,0,0,0,100,18.48,0.3607,404.2,0.03009,0,0,0,0,0,0,0,4,4,-1,[ OK ]
80.6,18-Jul-25 13:31:41,2513,21.48,0.172,147.1,0.3728,0.5046,1.461,0,0,0,100,18.48,0.3597,403.9,0.03511,0,0,0,0,0,0,0,4,4,-1,[ OK ]
81.1,18-Jul-25 13:31:41,2514,21.48,0.1691,145.1,0.379,0.5054,1.456,0,0,0,100,18.48,0.359,404.3,0.05293,0,0,0,0,0,0,0,4,4,-1,[ OK ]
81.5,18-Jul-25 13:31:41,2514,21.48,0.1666,143,0.3719,0.5046,1.461,0,0,0,100,18.48,0.358,404,0.03723,0,0,0,0,0,0,0,4,4,-1,[ OK ]
81.9,18-Jul-25 13:31:42,2515,21.48,0.1644,140.9,0.3705,0.5037,1.466,0,0,0,100,18.48,0.3582,404,0.03308,0,0,0,0,0,0,0,4,4,-1,[ OK ]
82.3,18-Jul-25 13:31:42,2515,21.48,0.1624,138.8,0.3725,0.5034,1.468,0,0,0,100,18.48,0.3575,403.8,0.04029,0,0,0,0,0,0,0,4,4,-1,[ OK ]
82.7,18-Jul-25 13:31:43,2515,21.48,0.1607,136.7,0.3678,0.5038,1.466,0,0,0,100,18.48,0.3571,404.1,0.02922,0,0,0,0,0,0,0,4,4,-1,[ OK ]
83.1,18-Jul-25 13:31:43,2516,21.48,0.1587,135.9,0.376,0.5043,1.463,0,0,0,100,18.48,0.3584,403.9,0.04679,0,0,0,0,0,0,0,4,4,-1,[ OK ]
83.5,18-Jul-25 13:31:43,2516,21.48,0.1573,134.3,0.3742,0.5058,1.455,0,0,0,100,18.48,0.3581,404.3,0.043,0,0,0,0,0,0,0,4,4,-1,[ OK ]
84.0,18-Jul-25 13:31:44,2517,21.48,0.1562,132.3,0.3718,0.5042,1.463,0,0,0,100,18.48,0.3571,403.9,0.03958,0,0,0,0,0,0,0,4,4,-1,[ OK ]
84.3,18-Jul-25 13:31:44,2517,21.48,0.1551,132,0.3708,0.5036,1.467,0,0,0,100,18.48,0.3564,404,0.03886,0,0,0,0,0,0,0,4,4,-1,[ OK ]
84.7,18-Jul-25 13:31:45,2517,21.48,0.1541,130.6,0.3722,0.504,1.465,0,0,0,100,18.48,0.3562,404.2,0.04298,0,0,0,0,0,0,0,4,4,-1,[ OK ]
85.1,18-Jul-25 13:31:45,2518,21.48,0.1531,129.5,0.3687,0.5045,1.462,0,0,0,100,18.48,0.356,404.2,0.03441,0,0,0,0,0,0,0,4,4,-1,[ OK ]
85.5,18-Jul-25 13:31:45,2518,21.48,0.1523,128.2,0.3681,0.5062,1.453,0,0,0,100,18.48,0.3542,404.1,0.03788,0,0,0,0,0,0,0,4,4,-1,[ OK ]
85.8,18-Jul-25 13:31:46,2518,21.48,0.1516,127.8,0.3695,0.5045,1.461,0,0,0,100,18.48,0.3554,403.9,0.03823,0,0,0,0,0,0,0,4,4,-1,[ OK ]
86.3,18-Jul-25 13:31:46,2519,21.48,0.1507,127.5,0.3688,0.5035,1.467,0,0,0,100,18.48,0.3534,404.2,0.04177,0,0,0,0,0,0,0,4,4,-1,[ OK ]
86.7,18-Jul-25 13:31:47,2519,21.48,0.1501,126.4,0.3663,0.5043,1.462,0,0,0,100,18.48,0.3511,404.1,0.04155,0,0,0,0,0,0,0,4,4,-1,[ OK ]
87.1,18-Jul-25 13:31:47,2520,21.48,0.1495,125.5,0.3669,0.5044,1.461,0,0,0,100,18.48,0.3518,404.3,0.04135,0,0,0,0,0,0,0,4,4,-1,[ OK ]
87.5,18-Jul-25 13:31:47,2520,21.48,0.1491,124.6,0.3671,0.5034,1.468,0,0,0,100,18.48,0.3538,404.2,0.03627,0,0,0,0,0,0,0,4,4,-1,[ OK ]
87.8,18-Jul-25 13:31:48,2520,21.48,0.1487,124.5,0.3663,0.5048,1.46,0,0,0,100,18.48,0.3551,403.9,0.03077,0,0,0,0,0,0,0,4,4,-1,[ OK ]
88.2,18-Jul-25 13:31:48,2521,21.48,0.1482,123.9,0.3655,0.5058,1.453,0,0,0,100,18.48,0.3547,403.9,0.02966,0,0,0,0,0,0,0,4,4,-1,[ OK ]
88.7,18-Jul-25 13:31:49,2521,21.48,0.1478,123.6,0.3669,0.5056,1.454,0,0,0,100,18.48,0.3549,403.9,0.03278,0,0,0,0,0,0,0,4,4,-1,[ OK ]
89.1,18-Jul-25 13:31:49,2522,21.48,0.147,124.4,0.3649,0.5058,1.451,0,0,0,100,18.48,0.357,403.9,0.02168,0,0,0,0,0,0,0,4,4,-1,[ OK ]
89.5,18-Jul-25 13:31:49,2522,21.48,0.1469,123.7,0.3679,0.5044,1.46,0,0,0,100,18.48,0.3569,404.2,0.03003,0,0,0,0,0,0,0,4,4,-1,[ OK ]
89.9,18-Jul-25 13:31:50,2523,21.48,0.1469,122.4,0.3682,0.5054,1.454,0,0,0,100,18.48,0.3576,404.2,0.02895,0,0,0,0,0,0,0,4,4,-1,[ OK ]
90.3,18-Jul-25 13:31:50,2523,21.48,0.1465,122.4,0.3671,0.5056,1.452,0,0,0,100,18.48,0.3582,404.1,0.02431,0,0,0,0,0,0,0,4,4,-1,[ OK ]
90.8,18-Jul-25 13:31:51,2523,21.48,0.1462,122.4,0.3663,0.5047,1.457,0,0,0,100,18.48,0.3587,404,0.02088,0,0,0,0,0,0,0,4,4,-1,[ OK ]
91.2,18-Jul-25 13:31:51,2524,21.48,0.1459,122.4,0.3676,0.5045,1.458,0,0,0,100,18.48,0.3597,404.2,0.02168,0,0,0,0,0,0,0,4,4,-1,[ OK ]
91.6,18-Jul-25 13:31:52,2524,21.48,0.1455,122.4,0.3659,0.5037,1.463,0,0,0,100,18.48,0.3577,403.9,0.02246,0,0,0,0,0,0,0,4,4,-1,[ OK ]
92.0,18-Jul-25 13:31:52,2525,21.48,0.1453,122.4,0.3683,0.5045,1.459,0,0,0,100,18.48,0.3578,403.9,0.02867,0,0,0,0,0,0,0,4,4,-1,[ OK ]
92.4,18-Jul-25 13:31:52,2525,21.48,0.145,122.4,0.3676,0.5034,1.465,0,0,0,100,18.48,0.3586,404,0.02464,0,0,0,0,0,0,0,4,4,-1,[ OK ]
92.7,18-Jul-25 13:31:53,2525,21.48,0.1453,121.2,0.3665,0.5055,1.454,0,0,0,100,18.48,0.3586,403.9,0.02152,0,0,0,0,0,0,0,4,4,-1,[ OK ]
93.1,18-Jul-25 13:31:53,2526,21.48,0.1451,121,0.3678,0.5029,1.469,0,0,0,100,18.48,0.358,403.8,0.02681,0,0,0,0,0,0,0,4,4,-1,[ OK ]
93.6,18-Jul-25 13:31:54,2526,21.48,0.145,120.8,0.3675,0.5038,1.464,0,0,0,100,18.48,0.3547,404.2,0.0349,0,0,0,0,0,0,0,4,4,-1,[ OK ]
94.0,18-Jul-25 13:31:54,2527,21.5,0.1451,120.1,0.3719,0.505,1.457,0,0,0,100,18.48,0.3555,403.9,0.04417,0,0,0,0,0,0,0,4,4,-1,[ OK ]
94.4,18-Jul-25 13:31:54,2527,21.5,0.1448,120.7,0.3692,0.5035,1.466,0,0,0,100,18.48,0.3537,404.3,0.04203,0,0,0,0,0,0,0,4,4,-1,[ OK ]
94.7,18-Jul-25 13:31:55,2527,21.5,0.1447,121,0.3638,0.5039,1.463,0,0,0,100,18.48,0.353,403.9,0.02955,0,0,0,0,0,0,0,4,4,-1,[ OK ]
95.1,18-Jul-25 13:31:55,2528,21.5,0.1446,121,0.3673,0.5047,1.459,0,0,0,100,18.48,0.3548,403.9,0.03405,0,0,0,0,0,0,0,4,4,-1,[ OK ]
95.5,18-Jul-25 13:31:55,2528,21.5,0.1446,120.6,0.367,0.5026,1.471,0,0,0,100,18.48,0.3547,404.2,0.0337,0,0,0,0,0,0,0,4,4,-1,[ OK ]
96.0,18-Jul-25 13:31:56,2529,21.5,0.1446,120.5,0.365,0.5035,1.466,0,0,0,100,18.48,0.3564,404.1,0.02371,0,0,0,0,0,0,0,4,4,-1,[ OK ]
96.4,18-Jul-25 13:31:56,2529,21.5,0.1447,119.9,0.3664,0.5035,1.466,0,0,0,100,18.48,0.3551,404.1,0.03093,0,0,0,0,0,0,0,4,4,-1,[ OK ]
96.7,18-Jul-25 13:31:57,2529,21.5,0.1445,120.4,0.3667,0.5046,1.46,0,0,0,100,18.48,0.3565,404.1,0.02798,0,0,0,0,0,0,0,4,4,-1,[ OK ]
97.1,18-Jul-25 13:31:57,2530,21.5,0.1443,121,0.3673,0.5034,1.467,0,0,0,100,18.48,0.3583,403.9,0.02451,0,0,0,0,0,0,0,4,4,-1,[ OK ]
97.5,18-Jul-25 13:31:57,2530,21.5,0.1444,120.5,0.3641,0.5051,1.457,0,0,0,100,18.48,0.3551,403.9,0.02448,0,0,0,0,0,0,0,4,4,-1,[ OK ]
97.9,18-Jul-25 13:31:58,2531,21.5,0.1444,120.4,0.368,0.5058,1.453,0,0,0,100,18.48,0.3568,403.8,0.0304,0,0,0,0,0,0,0,4,4,-1,[ OK ]
98.4,18-Jul-25 13:31:58,2531,21.5,0.1444,120.3,0.3668,0.5042,1.462,0,0,0,100,18.48,0.3577,404.2,0.02495,0,0,0,0,0,0,0,4,4,-1,[ OK ]
98.7,18-Jul-25 13:31:59,2531,21.5,0.1444,120.4,0.3666,0.5035,1.467,0,0,0,100,18.48,0.3555,404.3,0.03046,0,0,0,0,0,0,0,4,4,-1,[ OK ]
99.1,18-Jul-25 13:31:59,2532,21.5,0.1446,119.6,0.3668,0.5033,1.468,0,0,0,100,18.48,0.3553,404.2,0.03142,0,0,0,0,0,0,0,4,4,-1,[ OK ]
99.5,18-Jul-25 13:31:59,2532,21.5,0.1446,119.6,0.3664,0.5034,1.468,0,0,0,100,18.48,0.3545,404.2,0.03246,0,0,0,0,0,0,0,4,4,-1,[ OK ]
99.9,18-Jul-25 13:32:00,2533,21.5,0.1442,120.6,0.3676,0.5056,1.455,0,0,0,100,18.48,0.3545,403.9,0.03571,0,0,0,0,0,0,0,4,4,-1,[ OK ]
100.3,18-Jul-25 13:32:00,2533,21.5,0.1441,120.8,0.3705,0.5054,1.456,0,0,0,100,18.48,0.3528,404.1,0.04787,0,0,0,0,0,0,0,4,4,-1,[ OK ]
100.8,18-Jul-25 13:32:01,2533,21.5,0.144,120.9,0.3579,0.5039,1.464,0,0,0,100,18.48,0.3564,404.2,0.004337,0,0,0,0,0,0,0,4,4,-1,[ OK ]
101.2,18-Jul-25 13:32:01,2534,21.5,0.1442,120.5,0.3692,0.5045,1.46,0,0,0,100,18.48,0.357,404,0.03298,0,0,0,0,0,0,0,4,4,-1,[ OK ]
101.6,18-Jul-25 13:32:02,2534,21.5,0.1441,120.5,0.3684,0.5045,1.46,0,0,0,100,18.48,0.3574,404.2,0.0298,0,0,0,0,0,0,0,4,4,-1,[ OK ]
102.0,18-Jul-25 13:32:02,2535,21.5,0.1442,120.2,0.3671,0.5047,1.459,0,0,0,100,18.48,0.3577,404,0.02563,0,0,0,0,0,0,0,4,4,-1,[ OK ]
102.3,18-Jul-25 13:32:02,2535,21.5,0.1442,120.2,0.3642,0.5052,1.456,0,0,0,100,18.48,0.3571,404,0.01943,0,0,0,0,0,0,0,4,4,-1,[ OK ]
102.7,18-Jul-25 13:32:03,2535,21.5,0.1444,119.6,0.3631,0.5047,1.459,0,0,0,100,18.48,0.3593,404.2,0.01049,0,0,0,0,0,0,0,4,4,-1,[ OK ]
103.2,18-Jul-25 13:32:03,2536,21.5,0.1443,120,0.3672,0.5042,1.462,0,0,0,100,18.48,0.358,404.1,0.02501,0,0,0,0,0,0,0,4,4,-1,[ OK ]
103.6,18-Jul-25 13:32:04,2536,21.5,0.1443,120.1,0.3636,0.505,1.457,0,0,0,100,18.48,0.36,404.2,0.00985,0,0,0,0,0,0,0,4,4,-1,[ OK ]
104.0,18-Jul-25 13:32:04,2537,21.5,0.1441,120.7,0.3695,0.5032,1.468,0,0,0,100,18.48,0.3595,404.5,0.02711,0,0,0,0,0,0,0,4,4,-1,[ OK ]
104.4,18-Jul-25 13:32:04,2537,21.5,0.1442,120.2,0.3663,0.5055,1.454,0,0,0,100,18.48,0.3574,404.2,0.02439,0,0,0,0,0,0,0,4,4,-1,[ OK ]
104.8,18-Jul-25 13:32:05,2537,21.5,0.1443,120,0.3671,0.5036,1.465,0,0,0,100,18.48,0.3577,403.9,0.02574,0,0,0,0,0,0,0,4,4,-1,[ OK ]
105.1,18-Jul-25 13:32:05,2538,21.5,0.1445,119.2,0.366,0.5059,1.451,0,0,0,100,18.48,0.358,403.9,0.02184,0,0,0,0,0,0,0,4,4,-1,[ OK ]
105.4,18-Jul-25 13:32:05,2538,21.5,0.1441,120.4,0.3648,0.5048,1.457,0,0,0,100,18.48,0.3576,403.9,0.01975,0,0,0,0,0,0,0,4,4,-1,[ OK ]
105.9,18-Jul-25 13:32:06,2539,21.5,0.1442,120.1,0.3673,0.5045,1.458,0,0,0,100,18.48,0.3577,403.9,0.02615,0,0,0,0,0,0,0,4,4,-1,[ OK ]
106.3,18-Jul-25 13:32:06,2539,21.5,0.1445,119.2,0.3662,0.5057,1.452,0,0,0,100,18.48,0.3584,404.2,0.02138,0,0,0,0,0,0,0,4,4,-1,[ OK ]
106.6,18-Jul-25 13:32:07,2539,21.5,0.1441,120.6,0.3684,0.5045,1.459,0,0,0,100,18.48,0.3569,404.2,0.03122,0,0,0,0,0,0,0,4,4,-1,[ OK ]
106.9,18-Jul-25 13:32:07,2540,21.5,0.1442,120.3,0.3679,0.505,1.457,0,0,0,100,18.48,0.3581,403.9,0.02663,0,0,0,0,0,0,0,4,4,-1,[ OK ]
107.2,18-Jul-25 13:32:07,2540,21.5,0.1442,120.3,0.3677,0.5038,1.464,0,0,0,100,18.48,0.3586,403.8,0.0249,0,0,0,0,0,0,0,4,4,-1,[ OK ]
107.5,18-Jul-25 13:32:07,2540,21.5,0.1442,120.3,0.3671,0.5041,1.462,0,0,0,100,18.48,0.3576,404.2,0.02585,0,0,0,0,0,0,0,4,4,-1,[ OK ]
107.9,18-Jul-25 13:32:08,2541,21.5,0.1443,120,0.3703,0.5047,1.459,0,0,0,100,18.48,0.3561,403.9,0.03844,0,0,0,0,0,0,0,4,4,-1,[ OK ]
108.2,18-Jul-25 13:32:08,2541,21.5,0.1442,120.2,0.3649,0.5034,1.466,0,0,0,100,18.48,0.3553,404,0.02631,0,0,0,0,0,0,0,4,4,-1,[ OK ]
108.8,18-Jul-25 13:32:09,2541,21.5,0.1442,120.2,0.3674,0.5059,1.452,0,0,0,100,18.48,0.3572,403.9,0.02773,0,0,0,0,0,0,0,4,4,-1,[ OK ]
109.2,18-Jul-25 13:32:09,2542,21.5,0.1442,120.2,0.3663,0.5044,1.46,0,0,0,100,18.48,0.3565,403.9,0.02681,0,0,0,0,0,0,0,4,4,-1,[ OK ]
109.6,18-Jul-25 13:32:10,2542,21.5,0.1444,119.6,0.3681,0.5053,1.454,0,0,0,100,18.48,0.3548,404.2,0.03613,0,0,0,0,0,0,0,4,4,-1,[ OK ]
110.0,18-Jul-25 13:32:10,2543,21.5,0.1442,120.3,0.3688,0.5046,1.459,0,0,0,100,18.48,0.3545,403.8,0.03893,0,0,0,0,0,0,0,4,4,-1,[ OK ]
110.4,18-Jul-25 13:32:10,2543,21.5,0.1441,120.6,0.3665,0.5039,1.462,0,0,0,100,18.48,0.3544,403.9,0.03317,0,0,0,0,0,0,0,4,4,-1,[ OK ]
110.9,18-Jul-25 13:32:11,2544,21.5,0.1443,120,0.3664,0.5053,1.454,0,0,0,100,18.48,0.3571,404.2,0.02554,0,0,0,0,0,0,0,4,4,-1,[ OK ]
111.3,18-Jul-25 13:32:11,2544,21.5,0.1443,120.1,0.3672,0.5051,1.455,0,0,0,100,18.48,0.3573,404.1,0.02699,0,0,0,0,0,0,0,4,4,-1,[ OK ]
111.7,18-Jul-25 13:32:12,2544,21.5,0.1444,119.6,0.3688,0.5037,1.463,0,0,0,100,18.48,0.3569,403.9,0.03227,0,0,0,0,0,0,0,4,4,-1,[ OK ]
112.1,18-Jul-25 13:32:12,2545,21.5,0.1441,120.5,0.3668,0.5051,1.455,0,0,0,100,18.48,0.356,403.8,0.02945,0,0,0,0,0,0,0,4,4,-1,[ OK ]
112.5,18-Jul-25 13:32:12,2545,21.5,0.1443,119.8,0.3724,0.5037,1.463,0,0,0,100,18.48,0.3583,404.1,0.03776,0,0,0,0,0,0,0,4,4,-1,[ OK ]
112.9,18-Jul-25 13:32:13,2546,21.5,0.1443,119.9,0.364,0.5048,1.457,0,0,0,100,18.48,0.3573,404.2,0.01835,0,0,0,0,0,0,0,4,4,-1,[ OK ]
113.4,18-Jul-25 13:32:13,2546,21.5,0.1443,119.7,0.3637,0.5047,1.458,0,0,0,100,18.48,0.358,404.2,0.01555,0,0,0,0,0,0,0,4,4,-1,[ OK ]
113.8,18-Jul-25 13:32:14,2546,21.5,0.1444,119.5,0.3699,0.5056,1.453,0,0,0,100,18.48,0.3586,404,0.03044,0,0,0,0,0,0,0,4,4,-1,[ OK ]
114.2,18-Jul-25 13:32:14,2547,21.5,0.1444,119.7,0.3729,0.5049,1.457,0,0,0,100,18.48,0.3575,403.9,0.0412,0,0,0,0,0,0,0,4,4,-1,[ OK ]
114.7,18-Jul-25 13:32:15,2547,21.5,0.1443,120.1,0.3695,0.5053,1.454,0,0,0,100,18.48,0.3572,403.8,0.03332,0,0,0,0,0,0,0,4,4,-1,[ OK ]
115.3,18-Jul-25 13:32:15,2548,21.5,0.1444,119.4,0.3664,0.5058,1.451,0,0,0,100,18.48,0.3587,403.9,0.02114,0,0,0,0,0,0,0,4,4,-1,[ OK ]
115.7,18-Jul-25 13:32:16,2548,21.5,0.1442,120.1,0.3673,0.504,1.462,0,0,0,100,18.48,0.3576,404,0.02648,0,0,0,0,0,0,0,4,4,-1,[ OK ]
116.1,18-Jul-25 13:32:16,2549,21.5,0.1443,120,0.3658,0.5041,1.462,0,0,0,100,18.48,0.3585,403.9,0.0201,0,0,0,0,0,0,0,4,4,-1,[ OK ]
116.6,18-Jul-25 13:32:17,2549,21.5,0.1442,120.3,0.368,0.5033,1.466,0,0,0,100,18.48,0.3593,404.2,0.02361,0,0,0,0,0,0,0,4,4,-1,[ OK ]
117.1,18-Jul-25 13:32:17,2550,21.5,0.1443,119.9,0.3691,0.505,1.456,0,0,0,100,18.48,0.3595,404.2,0.02617,0,0,0,0,0,0,0,4,4,-1,[ OK ]
117.5,18-Jul-25 13:32:17,2550,21.5,0.1446,119.3,0.3672,0.5047,1.458,0,0,0,100,18.48,0.3588,404.2,0.02293,0,0,0,0,0,0,0,4,4,-1,[ OK ]
118.0,18-Jul-25 13:32:18,2551,21.5,0.1443,120.1,0.3634,0.5049,1.456,0,0,0,100,18.48,0.3578,404.2,0.01541,0,0,0,0,0,0,0,4,4,-1,[ OK ]
118.5,18-Jul-25 13:32:18,2551,21.5,0.1445,119.4,0.3651,0.5039,1.462,0,0,0,100,18.48,0.3555,403.8,0.0264,0,0,0,0,0,0,0,4,4,-1,[ OK ]
119.0,18-Jul-25 13:32:19,2552,21.5,0.1445,119.6,0.3662,0.5041,1.461,0,0,0,100,18.48,0.3564,404.2,0.02699,0,0,0,0,0,0,0,4,4,-1,[ OK ]
119.4,18-Jul-25 13:32:19,2552,21.5,0.1444,119.8,0.3655,0.5052,1.454,0,0,0,100,18.48,0.3578,404,0.02106,0,0,0,0,0,0,0,4,4,-1,[ OK ]
119.8,18-Jul-25 13:32:20,2552,21.5,0.1443,120,0.3628,0.5049,1.456,0,0,0,100,18.48,0.3578,403.8,0.01368,0,0,0,0,0,0,0,4,4,-1,[ OK ]
120.2,18-Jul-25 13:32:20,2553,21.5,0.144,121,0.3692,0.5041,1.46,0,0,0,100,18.48,0.3584,404,0.02927,0,0,0,0,0,0,0,4,4,-1,[ OK ]
120.6,18-Jul-25 13:32:21,2553,21.5,0.1444,119.7,0.3659,0.5042,1.46,0,0,0,100,18.48,0.3593,404.2,0.01816,0,0,0,0,0,0,0,4,4,-1,[ OK ]
121.1,18-Jul-25 13:32:21,2554,21.5,0.1443,120,0.3657,0.5034,1.465,0,0,0,100,18.48,0.3596,404.2,0.01675,0,0,0,0,0,0,0,4,4,-1,[ OK ]
121.6,18-Jul-25 13:32:22,2554,21.5,0.144,120.8,0.3673,0.5041,1.461,0,0,0,100,18.48,0.3602,404.2,0.01935,0,0,0,0,0,0,0,4,4,-1,[ OK ]
122.0,18-Jul-25 13:32:22,2555,21.5,0.1442,120.4,0.3672,0.5054,1.453,0,0,0,100,18.48,0.3586,404.2,0.02337,0,0,0,0,0,0,0,4,4,-1,[ OK ]
122.4,18-Jul-25 13:32:22,2555,21.5,0.1443,119.9,0.3644,0.5046,1.458,0,0,0,100,18.48,0.3594,404.1,0.01382,0,0,0,0,0,0,0,4,4,-1,[ OK ]
122.9,18-Jul-25 13:32:23,2556,21.5,0.1443,119.9,0.3697,0.5046,1.458,0,0,0,100,18.48,0.3593,404.2,0.02817,0,0,0,0,0,0,0,4,4,-1,[ OK ]
123.4,18-Jul-25 13:32:23,2556,21.5,0.1443,119.9,0.3699,0.5042,1.46,0,0,0,100,18.48,0.357,404.1,0.0349,0,0,0,0,0,0,0,4,4,-1,[ OK ]
123.8,18-Jul-25 13:32:24,2556,21.5,0.1443,119.9,0.3667,0.5034,1.465,0,0,0,100,18.48,0.3585,404.1,0.02237,0,0,0,0,0,0,0,4,4,-1,[ OK ]
124.3,18-Jul-25 13:32:24,2557,21.5,0.1443,120.1,0.3584,0.5051,1.455,0,0,0,100,18.48,0.3588,404.3,-0.001254,0,0,0,0,0,0,0,4,4,-1,[ OK ]
124.9,18-Jul-25 13:32:25,2558,21.5,0.1443,120,0.3664,0.5039,1.461,0,0,0,100,18.48,0.3593,404,0.01938,0,0,0,0,0,0,0,4,4,-1,[ OK ]
125.4,18-Jul-25 13:32:25,2558,21.5,0.1443,120.2,0.3727,0.5042,1.46,0,0,0,100,18.48,0.3566,404.2,0.04318,0,0,0,0,0,0,0,4,4,-1,[ OK ]
125.8,18-Jul-25 13:32:26,2558,21.5,0.1443,120.2,0.3717,0.503,1.467,0,0,0,100,18.48,0.3578,404.2,0.03748,0,0,0,0,0,0,0,4,4,-1,[ OK ]
126.2,18-Jul-25 13:32:26,2559,21.5,0.1442,120.3,0.3749,0.505,1.455,0,0,0,100,18.48,0.3582,404.1,0.04445,0,0,0,0,0,0,0,4,4,-1,[ OK ]
126.8,18-Jul-25 13:32:27,2559,21.5,0.1443,120,0.3669,0.5045,1.458,0,0,0,100,18.48,0.3583,404.2,0.02345,0,0,0,0,0,0,0,4,4,-1,[ OK ]
127.2,18-Jul-25 13:32:27,2560,21.5,0.1443,120,0.3676,0.5045,1.458,0,0,0,100,18.48,0.3565,403.9,0.03034,0,0,0,0,0,0,0,4,4,-1,[ OK ]
127.6,18-Jul-25 13:32:28,2560,21.5,0.1444,119.7,0.3677,0.5048,1.457,0,0,0,100,18.48,0.3573,403.9,0.02841,0,0,0,0,0,0,0,4,4,-1,[ OK ]
128.0,18-Jul-25 13:32:28,2561,21.5,0.1444,119.6,0.3563,0.5047,1.457,0,0,0,100,18.48,0.3564,404.2,-0.0003243,0,0,0,0,0,0,0,4,4,-1,[ OK ]
128.5,18-Jul-25 13:32:28,2561,21.5,0.1442,120.4,0.3672,0.5044,1.459,0,0,0,100,18.48,0.3578,404.2,0.02556,0,0,0,0,0,0,0,4,4,-1,[ OK ]
128.9,18-Jul-25 13:32:29,2562,21.5,0.1443,120,0.3695,0.5044,1.459,0,0,0,100,18.48,0.357,404.2,0.03398,0,0,0,0,0,0,0,4,4,-1,[ OK ]
129.3,18-Jul-25 13:32:29,2562,21.5,0.1442,120.2,0.3679,0.5034,1.464,0,0,0,100,18.48,0.358,403.9,0.02696,0,0,0,0,0,0,0,4,4,-1,[ OK ]
129.7,18-Jul-25 13:32:30,2562,21.5,0.1443,120,0.3681,0.5038,1.462,0,0,0,100,18.48,0.3559,404.2,0.03329,0,0,0,0,0,0,0,4,4,-1,[ OK ]
130.1,18-Jul-25 13:32:30,2563,21.5,0.1443,119.9,0.3687,0.5049,1.456,0,0,0,100,18.48,0.3572,404.2,0.03113,0,0,0,0,0,0,0,4,4,-1,[ OK ]
130.5,18-Jul-25 13:32:30,2563,21.5,0.1444,119.8,0.3711,0.5044,1.459,0,0,0,100,18.48,0.3579,404.1,0.03561,0,0,0,0,0,0,0,4,4,-1,[ OK ]
131.0,18-Jul-25 13:32:31,2564,21.5,0.1444,119.8,0.3647,0.505,1.456,0,0,0,100,18.48,0.3548,404.2,0.02733,0,0,0,0,0,0,0,4,4,-1,[ OK ]
131.4,18-Jul-25 13:32:31,2564,21.5,0.1443,120.1,0.3682,0.5038,1.463,0,0,0,100,18.48,0.3572,404.2,0.03005,0,0,0,0,0,0,0,4,4,-1,[ OK ]
131.8,18-Jul-25 13:32:32,2564,21.5,0.1438,121.5,0.3692,0.5034,1.466,0,0,0,100,18.48,0.3572,404.2,0.03254,0,0,0,0,0,0,0,4,4,-1,[ OK ]
132.2,18-Jul-25 13:32:32,2565,21.5,0.1443,120.2,0.368,0.5054,1.454,0,0,0,100,18.48,0.3586,403.8,0.02547,0,0,0,0,0,0,0,4,4,-1,[ OK ]
132.6,18-Jul-25 13:32:33,2565,21.5,0.1445,119.6,0.3715,0.5042,1.461,0,0,0,100,18.48,0.3575,404,0.03762,0,0,0,0,0,0,0,4,4,-1,[ OK ]
133.1,18-Jul-25 13:32:33,2566,21.5,0.1443,120.1,0.3692,0.5038,1.464,0,0,0,100,18.48,0.3582,404.2,0.02992,0,0,0,0,0,0,0,4,4,-1,[ OK ]
133.5,18-Jul-25 13:32:33,2566,21.5,0.1443,120.3,0.3648,0.503,1.468,0,0,0,100,18.48,0.3587,404,0.01677,0,0,0,0,0,0,0,4,4,-1,[ OK ]
133.9,18-Jul-25 13:32:34,2567,21.5,0.1445,119.9,0.3671,0.5049,1.457,0,0,0,100,18.48,0.3605,403.8,0.01795,0,0,0,0,0,0,0,4,4,-1,[ OK ]
134.2,18-Jul-25 13:32:34,2567,21.5,0.1444,120.1,0.3642,0.5037,1.464,0,0,0,100,18.48,0.3609,403.8,0.008924,0,0,0,0,0,0,0,4,4,-1,[ OK ]
134.6,18-Jul-25 13:32:35,2567,21.5,0.1443,120.3,0.3697,0.5052,1.455,0,0,0,100,18.48,0.3596,403.9,0.0273,0,0,0,0,0,0,0,4,4,-1,[ OK ]
135.0,18-Jul-25 13:32:35,2568,21.5,0.1443,120.2,0.3637,0.5032,1.467,0,0,0,100,18.48,0.3602,403.8,0.009566,0,0,0,0,0,0,0,4,4,-1,[ OK ]
135.5,18-Jul-25 13:32:35,2568,21.5,0.1443,120.2,0.3684,0.5038,1.463,0,0,0,100,18.48,0.3604,403.9,0.02171,0,0,0,0,0,0,0,4,4,-1,[ OK ]
135.9,18-Jul-25 13:32:36,2569,21.5,0.1445,119.6,0.3723,0.5038,1.464,0,0,0,100,18.48,0.3636,404.1,0.02322,0,0,0,0,0,0,0,4,4,-1,[ OK ]
136.3,18-Jul-25 13:32:36,2569,21.5,0.1443,120.3,0.3694,0.5037,1.464,0,0,0,100,18.48,0.3609,404.1,0.02292,0,0,0,0,0,0,0,4,4,-1,[ OK ]
136.7,18-Jul-25 13:32:37,2569,21.5,0.1443,120.3,0.3675,0.5056,1.453,0,0,0,100,18.48,0.3611,404.2,0.01736,0,0,0,0,0,0,0,4,4,-1,[ OK ]
137.1,18-Jul-25 13:32:37,2570,21.5,0.1443,120.1,0.3695,0.5043,1.46,0,0,0,100,18.48,0.3622,404.2,0.01991,0,0,0,0,0,0,0,4,4,-1,[ OK ]
137.6,18-Jul-25 13:32:37,2570,21.5,0.1442,120.4,0.3659,0.5047,1.458,0,0,0,100,18.48,0.3617,404,0.01167,0,0,0,0,0,0,0,4,4,-1,[ OK ]
138.0,18-Jul-25 13:32:38,2571,21.5,0.1442,120.3,0.3683,0.5043,1.46,0,0,0,100,18.48,0.3605,404.1,0.02134,0,0,0,0,0,0,0,4,4,-1,[ OK ]
138.4,18-Jul-25 13:32:38,2571,21.5,0.1444,119.7,0.368,0.5046,1.458,0,0,0,100,18.48,0.3611,404,0.0188,0,0,0,0,0,0,0,4,4,-1,[ OK ]
138.8,18-Jul-25 13:32:39,2571,21.5,0.1444,120,0.3688,0.5037,1.464,0,0,0,100,18.48,0.3601,404.3,0.02364,0,0,0,0,0,0,0,4,4,-1,[ OK ]
139.2,18-Jul-25 13:32:39,2572,21.5,0.1443,120,0.3682,0.5049,1.457,0,0,0,100,18.48,0.3599,403.9,0.02261,0,0,0,0,0,0,0,4,4,-1,[ OK ]
139.7,18-Jul-25 13:32:40,2572,21.5,0.1445,119.6,0.3727,0.5028,1.469,0,0,0,100,18.48,0.359,404.2,0.0368,0,0,0,0,0,0,0,4,4,-1,[ OK ]
140.0,18-Jul-25 13:32:40,2573,21.5,0.1444,119.9,0.3669,0.5043,1.461,0,0,0,100,18.48,0.3583,404.1,0.02345,0,0,0,0,0,0,0,4,4,-1,[ OK ]
140.4,18-Jul-25 13:32:40,2573,21.5,0.1444,120,0.3721,0.5049,1.457,0,0,0,100,18.48,0.3578,403.9,0.03851,0,0,0,0,0,0,0,4,4,-1,[ OK ]
140.9,18-Jul-25 13:32:41,2574,21.5,0.1444,119.9,0.3667,0.5049,1.457,0,0,0,100,18.48,0.3585,403.9,0.02237,0,0,0,0,0,0,0,4,4,-1,[ OK ]
141.4,18-Jul-25 13:32:41,2574,21.5,0.1444,119.9,0.3719,0.5056,1.453,0,0,0,100,18.48,0.3596,403.9,0.03301,0,0,0,0,0,0,0,4,4,-1,[ OK ]
142.0,18-Jul-25 13:32:42,2575,21.5,0.1444,119.9,0.368,0.5045,1.459,0,0,0,100,18.48,0.3588,403.9,0.02492,0,0,0,0,0,0,0,4,4,-1,[ OK ]
142.6,18-Jul-25 13:32:43,2575,21.5,0.1442,120.6,0.3662,0.5044,1.459,0,0,0,100,18.48,0.3593,403.9,0.01885,0,0,0,0,0,0,0,4,4,-1,[ OK ]
143.2,18-Jul-25 13:32:43,2576,21.5,0.1441,120.8,0.3714,0.5052,1.454,0,0,0,100,18.48,0.3608,403.8,0.02847,0,0,0,0,0,0,0,4,4,-1,[ OK ]
143.8,18-Jul-25 13:32:44,2576,21.5,0.1444,120,0.3668,0.5039,1.461,0,0,0,100,18.48,0.3613,404.3,0.01517,0,0,0,0,0,0,0,4,4,-1,[ OK ]
144.3,18-Jul-25 13:32:44,2577,21.5,0.1446,119.4,0.3689,0.5048,1.457,0,0,0,100,18.48,0.3582,404.1,0.02903,0,0,0,0,0,0,0,4,4,-1,[ OK ]
145.0,18-Jul-25 13:32:45,2578,21.5,0.144,121.1,0.3688,0.5049,1.456,0,0,0,100,18.48,0.3588,403.8,0.02713,0,0,0,0,0,0,0,4,4,-1,[ OK ]
145.5,18-Jul-25 13:32:45,2578,21.5,0.1444,119.8,0.3698,0.5033,1.465,0,0,0,100,18.48,0.3566,403.9,0.03562,0,0,0,0,0,0,0,4,4,-1,[ OK ]
146.2,18-Jul-25 13:32:46,2579,21.5,0.1443,120.3,0.3672,0.5043,1.46,0,0,0,100,18.48,0.355,403.8,0.03335,0,0,0,0,0,0,0,4,4,-1,[ OK ]
146.7,18-Jul-25 13:32:47,2579,21.5,0.1444,119.9,0.3695,0.5044,1.46,0,0,0,100,18.48,0.3564,403.8,0.03561,0,0,0,0,0,0,0,4,4,-1,[ OK ]
147.4,18-Jul-25 13:32:47,2580,21.5,0.1444,119.7,0.369,0.5027,1.47,0,0,0,100,18.48,0.3551,403.9,0.0377,0,0,0,0,0,0,0,4,4,-1,[ OK ]
147.9,18-Jul-25 13:32:48,2581,21.5,0.1444,119.9,0.3687,0.5058,1.451,0,0,0,100,18.48,0.3557,403.9,0.03517,0,0,0,0,0,0,0,4,4,-1,[ OK ]
148.5,18-Jul-25 13:32:48,2581,21.5,0.1442,120.3,0.3631,0.5037,1.464,0,0,0,100,18.48,0.3545,403.9,0.0237,0,0,0,0,0,0,0,4,4,-1,[ OK ]
149.1,18-Jul-25 13:32:49,2582,21.5,0.1441,120.8,0.3667,0.5061,1.45,0,0,0,100,18.48,0.3546,403.9,0.03303,0,0,0,0,0,0,0,4,4,-1,[ OK ]
149.7,18-Jul-25 13:32:50,2582,21.5,0.1445,119.5,0.3676,0.5043,1.459,0,0,0,100,18.48,0.3519,403.9,0.04283,0,0,0,0,0,0,0,4,4,-1,[ OK ]
150.3,18-Jul-25 13:32:50,2583,21.5,0.1444,119.6,0.369,0.5057,1.452,0,0,0,100,18.48,0.3535,404,0.04217,0,0,0,0,0,0,0,4,4,-1,[ OK ]
150.8,18-Jul-25 13:32:51,2583,21.5,0.1445,119.4,0.3685,0.503,1.468,0,0,0,100,18.48,0.3534,403.8,0.0411,0,0,0,0,0,0,0,4,4,-1,[ OK ]
151.4,18-Jul-25 13:32:51,2584,21.5,0.1443,120,0.3724,0.5043,1.46,0,0,0,100,18.48,0.3537,403.8,0.05031,0,0,0,0,0,0,0,4,4,-1,[ OK ]
151.9,18-Jul-25 13:32:52,2585,21.5,0.1444,119.6,0.369,0.504,1.463,0,0,0,100,18.48,0.353,403.9,0.04338,0,0,0,0,0,0,0,4,4,-1,[ OK ]
152.5,18-Jul-25 13:32:52,2585,21.5,0.1442,120.1,0.372,0.5041,1.462,0,0,0,100,18.48,0.3544,404.1,0.04724,0,0,0,0,0,0,0,4,4,-1,[ OK ]
153.2,18-Jul-25 13:32:53,2586,21.5,0.1443,120,0.3696,0.5044,1.459,0,0,0,100,18.48,0.3549,403.9,0.03979,0,0,0,0,0,0,0,4,4,-1,[ OK ]
153.9,18-Jul-25 13:32:54,2587,21.5,0.1441,120.6,0.3703,0.503,1.468,0,0,0,100,18.48,0.3551,404.1,0.04116,0,0,0,0,0,0,0,4,4,-1,[ OK ]
154.4,18-Jul-25 13:32:54,2587,21.52,0.1441,120.6,0.3702,0.5054,1.454,0,0,0,100,18.48,0.3556,404.2,0.03938,0,0,0,0,0,0,0,4,4,-1,[ OK ]
155.1,18-Jul-25 13:32:55,2588,21.52,0.1444,119.9,0.364,0.5053,1.454,0,0,0,100,18.48,0.3546,404.2,0.02576,0,0,0,0,0,0,0,4,4,-1,[ OK ]
155.7,18-Jul-25 13:32:56,2588,21.52,0.1444,120,0.3704,0.5048,1.456,0,0,0,100,18.48,0.3557,404.1,0.03968,0,0,0,0,0,0,0,4,4,-1,[ OK ]
156.3,18-Jul-25 13:32:56,2589,21.52,0.1445,119.7,0.369,0.5039,1.462,0,0,0,100,18.48,0.3532,404.2,0.04283,0,0,0,0,0,0,0,4,4,-1,[ OK ]
156.8,18-Jul-25 13:32:57,2589,21.52,0.1442,120.4,0.372,0.5056,1.452,0,0,0,100,18.48,0.3553,404.2,0.04486,0,0,0,0,0,0,0,4,4,-1,[ OK ]
157.5,18-Jul-25 13:32:57,2590,21.52,0.1445,119.7,0.3667,0.5054,1.452,0,0,0,100,18.48,0.3545,404,0.03347,0,0,0,0,0,0,0,4,4,-1,[ OK ]
158.3,18-Jul-25 13:32:58,2591,21.52,0.1443,120.3,0.3682,0.5042,1.459,0,0,0,100,18.48,0.3566,404,0.03158,0,0,0,0,0,0,0,4,4,-1,[ OK ]
159.0,18-Jul-25 13:32:59,2592,21.52,0.1444,120,0.3673,0.5053,1.453,0,0,0,100,18.48,0.358,404.2,0.02527,0,0,0,0,0,0,0,4,4,-1,[ OK ]
159.7,18-Jul-25 13:33:00,2592,21.52,0.1445,119.7,0.37,0.5031,1.466,0,0,0,100,18.48,0.3576,404.2,0.03364,0,0,0,0,0,0,0,4,4,-1,[ OK ]
161.0,18-Jul-25 13:33:01,2593,21.52,0,110.1,0.0736,0.5044,1.459,0,0,0,100,18.48,0.3462,404.2,0,0,-1,0,-2,0,-1,0,3.625,4,2,[ OK ]
162.1,18-Jul-25 13:33:02,2594,21.52,0,43.87,0.04156,0.5062,1.453,0,0,0,100,18.48,0.3396,404.2,0,0,-1,0,-2,0,-1,0,3.625,4,2,[ OK ]
162.9,18-Jul-25 13:33:03,2595,21.52,0,25.71,0.04106,0.5034,1.467,0,0,0,100,18.48,0.3421,404.2,0,0,-1,0,-2,0,-1,0,3.625,4,2,[ OK ]
163.5,18-Jul-25 13:33:03,2596,21.52,0,19.37,0.0366,0.5055,1.454,0,0,0,100,18.48,0.343,404.2,0,0,-1,0,-2,0,-1,0,3.625,4,2,[ OK ]
163.9,18-Jul-25 13:33:04,2597,21.52,0,16.32,0.04255,0.5038,1.463,0,0,0,100,18.48,0.3452,403.8,0,0,-1,0,-2,0,-1,0,3.625,4,2,[ OK ]
165.1,18-Jul-25 13:33:05,2597,21.52,0,13.14,0.04126,0.5038,1.463,0,0,0,100,18.48,0.3447,404,0,0,-1,0,-2,0,-1,0,3,3,2,[ OK ]
405.1,18-Jul-25 13:37:05,2837,21.52,0,0.7811,0.04166,0,0.004129,0,0,0,100,18.48,0.002699,0.02538,0,0,-1,0,-2,0,-1,1,2.75,2,4,[ OK ]
406.6,18-Jul-25 13:37:07,2839,21.52,0,1.403,0.04176,0.3,0.4747,0,0,0,100,18.48,0.00278,0.06345,0,0,-1,0,-2,0,-1,1,3,3,4,[ OK ]
408.1,18-Jul-25 13:37:08,2840,21.52,0,1.004,0.04037,0.3944,1.011,0,0,0,100,18.48,0.3483,403.9,0,0,-1,0,-2,0,-1,0,3.211,3,4,[ OK ]
409.9,18-Jul-25 13:37:10,2842,21.52,0,0.7014,0.0367,0.4416,1.29,0,0,0,100,18.48,0.3472,404.2,0,0,-1,0,-2,0,-1,0,3.474,3,4,[ OK ]
411.6,18-Jul-25 13:37:12,2843,21.52,0.005792,79.52,0.04434,0.4624,1.385,0,0,0,100,18.48,0.3489,404.2,-1,0,-1,0,-2,0,0,0,3.684,3,4,[ OK ]
413.3,18-Jul-25 13:37:13,2845,21.52,0.02463,50.25,0.04235,0.5584,1.909,0,0,0,100,18.48,0.3454,404.3,-1,0,-1,0,-2,0,0,0,3.789,3,4,[ OK ]
414.2,18-Jul-25 13:37:14,2847,21.52,0.04888,40.81,0.04076,0.5672,1.959,0,0,0,100,18.48,0.345,404.4,-1,0,-1,0,-2,0,0,0,3.789,3,4,[ OK ]
414.9,18-Jul-25 13:37:15,2847,21.52,0.05474,45.15,0.04424,0.5706,1.961,0,0,0,100,18.48,0.3433,404,-1,0,-1,0,-2,0,0,0,3.789,3,4,[ OK ]
415.5,18-Jul-25 13:37:15,2848,21.52,0.05929,50.23,0.04384,0.5705,1.98,0,0,0,100,18.48,0.3441,404,-1,0,-1,0,-2,0,0,0,3.789,3,4,[ OK ]
415.9,18-Jul-25 13:37:16,2849,21.52,0.06241,54.19,0.04543,0.5736,1.974,0,0,0,100,18.48,0.3454,404,-1,0,-1,0,-2,0,0,0,3.789,3,4,[ OK ]
416.4,18-Jul-25 13:37:16,2849,21.52,0.06473,57.36,0.04612,0.574,1.98,0,0,0,100,18.48,0.346,404.3,-1,0,-1,0,-2,0,0,0,3.789,3,4,[ OK ]
416.8,18-Jul-25 13:37:17,2849,21.52,0.06722,60.07,0.04483,0.576,1.979,0,0,0,100,18.48,0.3438,404.1,-1,0,-1,0,-2,0,0,0,3.789,3,4,[ OK ]
417.3,18-Jul-25 13:37:17,2850,21.52,0.06875,63.24,0.04443,0.5767,1.982,0,0,0,100,18.48,0.3451,404.4,-1,0,-1,0,-2,0,0,0,3.789,3,4,[ OK ]
417.8,18-Jul-25 13:37:18,2850,21.52,0.07027,65.3,0.04562,0.5773,1.986,0,0,0,100,18.48,0.3429,403.9,-1,0,-1,0,-2,0,0,0,3.789,3,4,[ OK ]
418.2,18-Jul-25 13:37:18,2851,21.52,0.07204,66.7,0.04116,0.5784,1.986,0,0,0,100,18.48,0.3441,404,-1,0,-1,0,-2,0,0,0,3.789,3,4,[ OK ]
418.7,18-Jul-25 13:37:19,2851,21.52,0.07298,68.85,0.04186,0.5801,1.981,0,0,0,100,18.48,0.3437,404.2,-1,0,-1,0,-2,0,0,0,3.789,3,4,[ OK ]
419.2,18-Jul-25 13:37:19,2852,21.52,0.07444,70.56,0.04503,0.5788,1.996,0,0,0,100,18.48,0.3447,404,-1,0,-1,0,-2,0,0,0,3.789,3,4,[ OK ]
419.7,18-Jul-25 13:37:20,2852,21.52,0.07533,71.4,0.04751,0.5816,1.984,0,0,0,100,18.48,0.3434,403.9,-1,0,-1,0,-2,0,0,0,3.789,3,4,[ OK ]
420.1,18-Jul-25 13:37:20,2853,21.52,0.07578,73.46,0.04543,0.5819,1.988,0,0,0,100,18.48,0.3437,404.3,-1,0,-1,0,-2,0,0,0,3.789,3,4,[ OK ]
420.6,18-Jul-25 13:37:21,2853,21.52,0.0764,74.26,0.04553,0.5809,1.998,0,0,0,100,18.48,0.3448,404.3,-1,0,-1,0,-2,0,0,0,3.789,3,4,[ OK ]
421.1,18-Jul-25 13:37:21,2854,21.52,0.07712,74.72,0.04513,0.5822,1.996,0,0,0,100,18.48,0.3458,404.3,-1,0,-1,0,-2,0,0,0,3.789,3,4,[ OK ]
421.6,18-Jul-25 13:37:21,2854,21.52,0.07759,75.39,0.04265,0.5841,1.989,0,0,0,100,18.48,0.3481,404.4,-1,0,-1,0,-2,0,0,0,3.789,3,4,[ OK ]
422.1,18-Jul-25 13:37:22,2855,21.52,0.07812,76.2,0.04414,0.5854,1.987,0,0,0,100,18.48,0.3491,403.9,-1,0,-1,0,-2,0,0,0,3.789,3,4,[ OK ]
422.6,18-Jul-25 13:37:23,2855,21.52,0.07837,76.87,0.04652,0.5853,1.991,0,0,0,100,18.48,0.3492,404,-1,0,-1,0,-2,0,0,0,3.789,3,4,[ OK ]
423.0,18-Jul-25 13:37:23,2856,21.52,0.07893,76.62,0.0481,0.5861,1.991,0,0,0,100,18.48,0.3493,403.9,-1,0,-1,0,-2,0,0,0,3.789,3,4,[ OK ]
423.5,18-Jul-25 13:37:23,2856,21.52,0.07886,77.86,0.04959,0.5877,1.985,0,0,0,100,18.48,0.3493,404.3,-1,0,-1,0,-2,0,0,0,3.789,3,4,[ OK ]
424.1,18-Jul-25 13:37:24,2857,21.52,0.07922,78.15,0.04731,0.5865,1.995,0,0,0,100,18.48,0.3484,404.3,-1,0,-1,0,-2,0,0,0,3.789,3,4,[ OK ]
424.7,18-Jul-25 13:37:25,2857,21.52,0.0795,78.31,0.04215,0.5878,1.993,0,0,0,100,18.48,0.3481,404.3,-1,0,-1,0,-2,0,0,0,3.789,3,4,[ OK ]
425.1,18-Jul-25 13:37:25,2858,21.52,0.07966,78.51,0.0485,0.5894,1.987,0,0,0,100,18.48,0.3481,404.1,-1,0,-1,0,-2,0,0,0,3.789,3,4,[ OK ]
425.6,18-Jul-25 13:37:26,2858,21.52,0.07969,79.01,0.04572,0.5886,1.995,0,0,0,100,18.48,0.3471,404.3,-1,0,-1,0,-2,0,0,0,3.789,3,4,[ OK ]
426.0,18-Jul-25 13:37:26,2859,21.52,0.07976,79.37,0.04523,0.5899,1.993,0,0,0,100,18.48,0.3493,404.3,-1,0,-1,0,-2,0,0,0,3.789,3,4,[ OK ]
426.5,18-Jul-25 13:37:26,2859,21.52,0.08013,78.67,0.04533,0.5919,1.984,0,0,0,100,18.48,0.3479,404.3,-1,0,-1,0,-2,0,0,0,3.789,3,4,[ OK ]
427.1,18-Jul-25 13:37:27,2860,21.52,0.08013,79.25,0.04572,0.5908,1.995,0,0,0,100,18.48,0.3487,403.9,-1,0,-1,0,-2,0,0,0,3.789,3,4,[ OK ]
427.6,18-Jul-25 13:37:28,2860,21.52,0.08013,79.57,0.04285,0.5902,2.001,0,0,0,100,18.48,0.3481,404.2,-1,0,-1,0,-2,0,0,0,3.789,3,4,[ OK ]
428.1,18-Jul-25 13:37:28,2861,21.52,0.0802,79.88,0.04265,0.5913,2,0,0,0,100,18.48,0.3487,404.2,-1,0,-1,0,-2,0,0,0,3.789,3,4,[ OK ]
428.6,18-Jul-25 13:37:29,2861,21.52,0.08038,79.53,0.04572,0.5945,1.985,0,0,0,100,18.48,0.3506,404.1,-1,0,-1,0,-2,0,0,0,3.789,3,4,[ OK ]
429.2,18-Jul-25 13:37:29,2862,21.52,0.08099,77.84,0.04414,0.5941,1.991,0,0,0,100,18.48,0.3505,404,-1,0,-1,0,-2,0,0,0,3.789,3,4,[ OK ]
429.6,18-Jul-25 13:37:30,2862,21.52,0.08086,78.43,0.04612,0.5932,2,0,0,0,100,18.48,0.3499,404,-1,0,-1,0,-2,0,0,0,3.789,3,4,[ OK ]
430.1,18-Jul-25 13:37:30,2863,21.52,0.08039,80.08,0.04602,0.5968,1.983,0,0,0,100,18.48,0.3513,404,-1,0,-1,0,-2,0,0,0,3.789,3,4,[ OK ]
430.6,18-Jul-25 13:37:31,2863,21.52,0.08049,79.85,0.04553,0.5946,1.998,0,0,0,100,18.48,0.3523,404.3,-1,0,-1,0,-2,0,0,0,3.789,3,4,[ OK ]
431.1,18-Jul-25 13:37:31,2864,21.52,0.08053,79.85,0.04503,0.5968,1.99,0,0,0,100,18.48,0.3514,403.9,-1,0,-1,0,-2,0,0,0,3.789,3,4,[ OK ]
431.6,18-Jul-25 13:37:32,2864,21.52,0.08058,79.76,0.04572,0.5974,1.989,0,0,0,100,18.48,0.3506,404,-1,0,-1,0,-2,0,0,0,3.789,3,4,[ OK ]
432.0,18-Jul-25 13:37:32,2865,21.52,0.08061,79.74,0.04959,0.5963,2,0,0,0,100,18.48,0.3522,404.3,-1,0,-1,0,-2,0,0,0,3.789,3,4,[ OK ]
432.5,18-Jul-25 13:37:32,2865,21.52,0.08069,79.57,0.04562,0.5976,1.996,0,0,0,100,18.48,0.3515,404.3,-1,0,-1,0,-2,0,0,0,3.789,3,4,[ OK ]
433.1,18-Jul-25 13:37:33,2866,21.52,0.08078,79.53,0.04592,0.5983,1.995,0,0,0,100,18.48,0.3495,404.2,-1,0,-1,0,-2,0,0,0,3.789,3,4,[ OK ]
433.6,18-Jul-25 13:37:34,2866,21.52,0.0807,79.84,0.04453,0.5984,1.998,0,0,0,100,18.48,0.3518,403.9,-1,0,-1,0,-2,0,0,0,3.789,3,4,[ OK ]
434.0,18-Jul-25 13:37:34,2867,21.52,0.08074,79.69,0.04255,0.6001,1.992,0,0,0,100,18.48,0.352,404.2,-1,0,-1,0,-2,0,0,0,3.789,3,4,[ OK ]
434.5,18-Jul-25 13:37:34,2867,21.52,0.08081,79.44,0.0487,0.6016,1.987,0,0,0,100,18.48,0.3493,404.2,-1,0,-1,0,-2,0,0,0,3.789,3,4,[ OK ]
435.1,18-Jul-25 13:37:35,2868,21.52,0.08072,79.69,0.04592,0.602,1.988,0,0,0,100,18.48,0.3488,404.2,-1,0,-1,0,-2,0,0,0,3.789,3,4,[ OK ]
435.5,18-Jul-25 13:37:35,2868,21.52,0.08066,79.87,0.04463,0.5997,2.003,0,0,0,100,18.48,0.3513,403.9,-1,0,-1,0,-2,0,0,0,3.789,3,4,[ OK ]
436.0,18-Jul-25 13:37:36,2869,21.52,0.08065,79.92,0.04533,0.6023,1.991,0,0,0,100,18.48,0.3501,404.2,-1,0,-1,0,-2,0,0,0,3.789,3,4,[ OK ]
436.4,18-Jul-25 13:37:36,2869,21.52,0.0806,79.93,0.04265,0.6014,2,0,0,0,100,18.48,0.3511,404.3,-1,0,-1,0,-2,0,0,0,3.789,3,4,[ OK ]
437.0,18-Jul-25 13:37:37,2870,21.52,0.08047,80.36,0.04265,0.6029,1.995,0,0,0,100,18.48,0.3511,404.2,-1,0,-1,0,-2,0,0,0,3.789,3,4,[ OK ]
437.4,18-Jul-25 13:37:37,2870,21.52,0.08067,79.82,0.04473,0.6041,1.992,0,0,0,100,18.48,0.3512,404.2,-1,0,-1,0,-2,0,0,0,3.789,3,4,[ OK ]
437.9,18-Jul-25 13:37:38,2871,21.52,0.08081,79.45,0.04324,0.6035,1.999,0,0,0,100,18.48,0.3518,403.9,-1,0,-1,0,-2,0,0,0,3.789,3,4,[ OK ]
438.5,18-Jul-25 13:37:38,2871,21.52,0.0809,79.18,0.04523,0.6049,1.995,0,0,0,100,18.48,0.3492,404.2,-1,0,-1,0,-2,0,0,0,3.789,3,4,[ OK ]
439.0,18-Jul-25 13:37:39,2872,21.52,0.08063,80.06,0.04592,0.6056,1.994,0,0,0,100,18.48,0.3494,403.9,-1,0,-1,0,-2,0,0,0,3.789,3,4,[ OK ]
439.4,18-Jul-25 13:37:39,2872,21.53,0.08058,80.33,0.04265,0.606,1.995,0,0,0,100,18.48,0.3517,404,-1,0,-1,0,-2,0,0,0,3.789,3,4,[ OK ]
439.9,18-Jul-25 13:37:40,2873,21.53,0.08067,79.9,0.04523,0.6061,1.997,0,0,0,100,18.48,0.3501,404,-1,0,-1,0,-2,0,0,0,3.789,3,4,[ OK ]
440.5,18-Jul-25 13:37:40,2873,21.53,0.08074,79.77,0.04582,0.6073,1.994,0,0,0,100,18.48,0.3538,404.3,-1,0,-1,0,-2,0,0,0,3.789,3,4,[ OK ]
441.0,18-Jul-25 13:37:41,2874,21.53,0.08064,80.2,0.04652,0.6077,1.993,0,0,0,100,18.48,0.3558,403.9,-1,0,-1,0,-2,0,0,0,3.789,3,4,[ OK ]
441.4,18-Jul-25 13:37:41,2874,21.53,0.08067,80.12,0.04662,0.6075,1.997,0,0,0,100,18.48,0.3527,403.9,-1,0,-1,0,-2,0,0,0,3.789,3,4,[ OK ]
441.9,18-Jul-25 13:37:42,2874,21.53,0.08076,79.9,0.04672,0.6083,1.995,0,0,0,100,18.48,0.3539,404,-1,0,-1,0,-2,0,0,0,3.789,3,4,[ OK ]
442.4,18-Jul-25 13:37:42,2875,21.53,0.08086,79.66,0.04622,0.6087,1.996,0,0,0,100,18.48,0.3542,404.2,-1,0,-1,0,-2,0,0,0,3.789,3,4,[ OK ]
442.9,18-Jul-25 13:37:43,2876,21.53,0.08079,79.92,0.04453,0.6084,2.001,0,0,0,100,18.48,0.3554,404.3,-1,0,-1,0,-2,0,0,0,3.789,3,4,[ OK ]
443.5,18-Jul-25 13:37:43,2876,21.53,0.08083,79.79,0.04602,0.6094,1.999,0,0,0,100,18.48,0.3549,404.2,-1,0,-1,0,-2,0,0,0,3.789,3,4,[ OK ]
444.0,18-Jul-25 13:37:44,2877,21.53,0.08082,79.65,0.04761,0.6111,1.993,0,0,0,100,18.48,0.3544,403.9,-1,0,-1,0,-2,0,0,0,3.789,3,4,[ OK ]
444.4,18-Jul-25 13:37:44,2877,21.53,0.08072,79.68,0.04652,0.6112,1.995,0,0,0,100,18.48,0.3545,404.2,-1,0,-1,0,-2,0,0,0,3.789,3,4,[ OK ]
444.9,18-Jul-25 13:37:45,2877,21.53,0.08091,79.18,0.04543,0.6115,1.994,0,0,0,100,18.48,0.3546,403.9,-1,0,-1,0,-2,0,0,0,3.789,3,4,[ OK ]
445.4,18-Jul-25 13:37:45,2878,21.53,0.08084,79.45,0.04414,0.6121,1.993,0,0,0,100,18.48,0.3536,404,-1,0,-1,0,-2,0,0,0,3.789,3,4,[ OK ]
445.9,18-Jul-25 13:37:46,2879,21.53,0.08065,80.08,0.0493,0.6128,1.992,0,0,0,100,18.48,0.3537,404.2,-1,0,-1,0,-2,0,0,0,3.789,3,4,[ OK ]
446.5,18-Jul-25 13:37:46,2879,21.53,0.08057,80.39,0.0483,0.6122,1.997,0,0,0,100,18.48,0.3542,403.9,-1,0,-1,0,-2,0,0,0,3.789,3,4,[ OK ]
447.0,18-Jul-25 13:37:47,2880,21.53,0.08078,79.76,0.04513,0.6143,1.987,0,0,0,100,18.48,0.3527,404.2,-1,0,-1,0,-2,0,0,0,3.789,3,4,[ OK ]
447.4,18-Jul-25 13:37:47,2880,21.53,0.08061,80.46,0.04592,0.6147,1.987,0,0,0,100,18.48,0.3521,404.2,-1,0,-1,0,-2,0,0,0,3.789,3,4,[ OK ]
447.9,18-Jul-25 13:37:48,2880,21.53,0.08084,79.8,0.04612,0.6122,2.004,0,0,0,100,18.48,0.3535,404.2,-1,0,-1,0,-2,0,0,0,3.789,3,4,[ OK ]
448.4,18-Jul-25 13:37:48,2881,21.53,0.08092,79.61,0.04612,0.6151,1.991,0,0,0,100,18.48,0.3512,404.2,-1,0,-1,0,-2,0,0,0,3.789,3,4,[ OK ]
448.9,18-Jul-25 13:37:49,2882,21.53,0.08063,80.49,0.04801,0.6151,1.992,0,0,0,100,18.48,0.3506,404.2,-1,0,-1,0,-2,0,0,0,3.789,3,4,[ OK ]
449.4,18-Jul-25 13:37:49,2882,21.53,0.08079,80.06,0.04801,0.6152,1.994,0,0,0,100,18.48,0.3514,403.9,-1,0,-1,0,-2,0,0,0,3.789,3,4,[ OK ]
449.9,18-Jul-25 13:37:50,2882,21.53,0.08075,80.17,0.04562,0.6168,1.986,0,0,0,100,18.48,0.3518,404.2,-1,0,-1,0,-2,0,0,0,3.789,3,4,[ OK ]
450.4,18-Jul-25 13:37:50,2883,21.53,0.08086,79.95,0.04642,0.6171,1.987,0,0,0,100,18.48,0.3518,403.9,-1,0,-1,0,-2,0,0,0,3.789,3,4,[ OK ]
450.9,18-Jul-25 13:37:51,2884,21.53,0.08076,80.3,0.04612,0.6161,1.994,0,0,0,100,18.48,0.3499,404.2,-1,0,-1,0,-2,0,0,0,3.789,3,4,[ OK ]
451.3,18-Jul-25 13:37:51,2884,21.53,0.08082,79.9,0.04979,0.6153,2.002,0,0,0,100,18.48,0.352,404.1,-1,0,-1,0,-2,0,0,0,3.789,3,4,[ OK ]
451.8,18-Jul-25 13:37:52,2884,21.53,0.08064,80.47,0.04553,0.616,2,0,0,0,100,18.48,0.3514,404.2,-1,0,-1,0,-2,0,0,0,3.789,3,4,[ OK ]
452.4,18-Jul-25 13:37:52,2885,21.53,0.08061,80.54,0.04453,0.6172,1.996,0,0,0,100,18.48,0.3517,404.3,-1,0,-1,0,-2,0,0,0,3.789,3,4,[ OK ]
452.9,18-Jul-25 13:37:53,2885,21.53,0.08096,79.44,0.04562,0.6163,2.004,0,0,0,100,18.48,0.3499,404.1,-1,0,-1,0,-2,0,0,0,3.789,3,4,[ OK ]
453.4,18-Jul-25 13:37:53,2886,21.53,0.08075,80.03,0.04344,0.6184,1.994,0,0,0,100,18.48,0.3528,404.1,-1,0,-1,0,-2,0,0,0,3.789,3,4,[ OK ]
454.6,18-Jul-25 13:37:55,2887,21.53,0.08128,78.42,0.4243,0.6185,1.996,0,0,0,100,18.48,0.4066,404.2,0.04168,0,0,0,0,0,0,0,4,4,-1,[ OK ]
456.5,18-Jul-25 13:37:56,2889,21.53,0.09681,66.32,0.5053,0.5183,1.508,0,0,0,100,18.48,0.4213,403.9,0.1663,0,0,0,0,0,0,0,4,4,-1,[ OK ]
457.4,18-Jul-25 13:37:57,2890,21.53,0.1001,68.68,0.5147,0.514,1.495,0,0,0,100,18.48,0.4217,403.9,0.1808,0,0,0,0,0,0,0,4,4,-1,[ OK ]
457.9,18-Jul-25 13:37:58,2891,21.53,0.1016,69.87,0.5186,0.5134,1.484,0,0,0,100,18.48,0.4233,404.3,0.1838,0,0,0,0,0,0,0,4,4,-1,[ OK ]
458.3,18-Jul-25 13:37:58,2891,21.53,0.1028,70.03,0.5226,0.5132,1.476,0,0,0,100,18.48,0.4236,403.9,0.1894,0,0,0,0,0,0,0,4,4,-1,[ OK ]
458.8,18-Jul-25 13:37:59,2891,21.53,0.1033,72.1,0.5211,0.5114,1.479,0,0,0,100,18.48,0.4225,404.2,0.1892,0,0,0,0,0,0,0,4,4,-1,[ OK ]
459.2,18-Jul-25 13:37:59,2892,21.53,0.104,72.55,0.5187,0.5116,1.471,0,0,0,100,18.48,0.4202,404,0.1898,0,0,0,0,0,0,0,4,4,-1,[ OK ]
459.6,18-Jul-25 13:38:00,2892,21.53,0.104,75.01,0.4964,0.5119,1.464,0,0,0,100,18.48,0.4175,404,0.1589,0,0,0,0,0,0,0,4,4,-1,[ OK ]
460.0,18-Jul-25 13:38:00,2893,21.53,0.1042,76.25,0.4948,0.5101,1.47,0,0,0,100,18.48,0.4148,403.9,0.1618,0,0,0,0,0,0,0,4,4,-1,[ OK ]
460.5,18-Jul-25 13:38:00,2893,21.53,0.1043,77.6,0.4934,0.5096,1.468,0,0,0,100,18.48,0.4134,404.2,0.1622,0,0,0,0,0,0,0,4,4,-1,[ OK ]
461.0,18-Jul-25 13:38:01,2894,21.53,0.1042,78.55,0.4934,0.5099,1.463,0,0,0,100,18.48,0.4142,403.9,0.1605,0,0,0,0,0,0,0,4,4,-1,[ OK ]
461.4,18-Jul-25 13:38:01,2894,21.53,0.104,79.77,0.4871,0.5082,1.471,0,0,0,100,18.48,0.4121,404.2,0.1538,0,0,0,0,0,0,0,4,4,-1,[ OK ]
461.8,18-Jul-25 13:38:02,2894,21.53,0.104,79.77,0.4837,0.509,1.464,0,0,0,100,18.48,0.4107,403.9,0.1508,0,0,0,0,0,0,0,4,4,-1,[ OK ]
462.2,18-Jul-25 13:38:02,2895,21.53,0.1039,80.33,0.4812,0.5089,1.463,0,0,0,100,18.48,0.4093,403.9,0.1495,0,0,0,0,0,0,0,4,4,-1,[ OK ]
462.6,18-Jul-25 13:38:03,2895,21.53,0.1038,80.36,0.4778,0.5094,1.457,0,0,0,100,18.48,0.4086,404.1,0.1448,0,0,0,0,0,0,0,4,4,-1,[ OK ]
463.1,18-Jul-25 13:38:03,2896,21.53,0.1038,80.33,0.4728,0.508,1.463,0,0,0,100,18.48,0.4057,404,0.1418,0,0,0,0,0,0,0,4,4,-1,[ OK ]
463.5,18-Jul-25 13:38:03,2896,21.53,0.1036,80.68,0.4766,0.5081,1.461,0,0,0,100,18.48,0.4053,403.9,0.1496,0,0,0,0,0,0,0,4,4,-1,[ OK ]
463.9,18-Jul-25 13:38:04,2897,21.53,0.1031,81.62,0.4712,0.5086,1.457,0,0,0,100,18.48,0.4049,404.2,0.1407,0,0,0,0,0,0,0,4,4,-1,[ OK ]
464.3,18-Jul-25 13:38:04,2897,21.53,0.1032,80.6,0.4679,0.5079,1.46,0,0,0,100,18.48,0.4037,404,0.1372,0,0,0,0,0,0,0,4,4,-1,[ OK ]
464.6,18-Jul-25 13:38:05,2897,21.53,0.1028,81.62,0.4668,0.5065,1.467,0,0,0,100,18.48,0.4047,404.2,0.133,0,0,0,0,0,0,0,4,4,-1,[ OK ]
464.9,18-Jul-25 13:38:05,2898,21.53,0.1026,81.62,0.4644,0.5083,1.456,0,0,0,100,18.48,0.4009,403.9,0.1369,0,0,0,0,0,0,0,4,4,-1,[ OK ]
465.2,18-Jul-25 13:38:05,2898,21.53,0.1024,81.62,0.4606,0.5061,1.469,0,0,0,100,18.48,0.3996,403.9,0.1324,0,0,0,0,0,0,0,4,4,-1,[ OK ]
465.5,18-Jul-25 13:38:05,2898,21.53,0.1023,81.62,0.4616,0.5083,1.456,0,0,0,100,18.48,0.3999,404,0.1335,0,0,0,0,0,0,0,4,4,-1,[ OK ]
465.8,18-Jul-25 13:38:06,2899,21.53,0.1022,81.62,0.4581,0.5062,1.468,0,0,0,100,18.48,0.3991,403.9,0.1288,0,0,0,0,0,0,0,4,4,-1,[ OK ]
466.1,18-Jul-25 13:38:06,2899,21.53,0.102,81.62,0.4578,0.5078,1.458,0,0,0,100,18.48,0.3991,404.2,0.1281,0,0,0,0,0,0,0,4,4,-1,[ OK ]
466.4,18-Jul-25 13:38:06,2899,21.53,0.1019,81.62,0.4552,0.507,1.463,0,0,0,100,18.48,0.3998,403.8,0.1218,0,0,0,0,0,0,0,4,4,-1,[ OK ]
466.7,18-Jul-25 13:38:07,2899,21.53,0.1017,81.62,0.4502,0.5061,1.468,0,0,0,100,18.48,0.3976,404,0.1168,0,0,0,0,0,0,0,4,4,-1,[ OK ]
467.2,18-Jul-25 13:38:07,2900,21.53,0.1015,81.62,0.4503,0.508,1.456,0,0,0,100,18.48,0.3989,404,0.1141,0,0,0,0,0,0,0,4,4,-1,[ OK ]
467.5,18-Jul-25 13:38:07,2900,21.53,0.1015,81.62,0.4492,0.5063,1.466,0,0,0,100,18.48,0.3995,404,0.1107,0,0,0,0,0,0,0,4,4,-1,[ OK ]
467.8,18-Jul-25 13:38:08,2900,21.53,0.1013,81.62,0.444,0.506,1.467,0,0,0,100,18.48,0.3981,403.9,0.1034,0,0,0,0,0,0,0,4,4,-1,[ OK ]
468.1,18-Jul-25 13:38:08,2901,21.53,0.1012,81.62,0.4426,0.5073,1.46,0,0,0,100,18.48,0.3979,403.9,0.1011,0,0,0,0,0,0,0,4,4,-1,[ OK ]
468.4,18-Jul-25 13:38:08,2901,21.53,0.1011,81.62,0.4426,0.5062,1.466,0,0,0,100,18.48,0.3957,404.2,0.106,0,0,0,0,0,0,0,4,4,-1,[ OK ]
469.0,18-Jul-25 13:38:09,2901,21.53,0.1009,81.62,0.4278,0.5068,1.462,0,0,0,100,18.48,0.3939,403.9,0.07934,0,0,0,0,0,0,0,4,4,-1,[ OK ]
469.3,18-Jul-25 13:38:09,2902,21.53,0.1031,81.65,0.4426,0.5075,1.458,0,0,0,100,18.48,0.3922,403.9,0.114,0,0,0,0,0,0,0,4,4,-1,[ OK ]
469.6,18-Jul-25 13:38:10,2902,21.53,0.1033,81.97,0.4347,0.5074,1.459,0,0,0,100,18.48,0.3912,403.9,0.1001,0,0,0,0,0,0,0,4,4,-1,[ OK ]
470.0,18-Jul-25 13:38:10,2903,21.53,0.1049,83.04,0.4356,0.5076,1.457,0,0,0,100,18.48,0.3916,403.9,0.1009,0,0,0,0,0,0,0,4,4,-1,[ OK ]
470.4,18-Jul-25 13:38:10,2903,21.53,0.1057,83.81,0.4354,0.5056,1.467,0,0,0,100,18.48,0.3893,404,0.1058,0,0,0,0,0,0,0,4,4,-1,[ OK ]
470.9,18-Jul-25 13:38:11,2904,21.53,0.1061,84.79,0.4301,0.5058,1.465,0,0,0,100,18.48,0.387,404.2,0.1001,0,0,0,0,0,0,0,4,4,-1,[ OK ]
471.2,18-Jul-25 13:38:11,2904,21.53,0.1085,85.8,0.4354,0.5063,1.463,0,0,0,100,18.48,0.3889,404.2,0.1068,0,0,0,0,0,0,0,4,4,-1,[ OK ]
471.5,18-Jul-25 13:38:11,2904,21.53,0.1091,86.56,0.4299,0.508,1.453,0,0,0,100,18.48,0.3886,404.2,0.09617,0,0,0,0,0,0,0,4,4,-1,[ OK ]
471.9,18-Jul-25 13:38:12,2905,21.53,0.1096,87.5,0.4321,0.5069,1.459,0,0,0,100,18.48,0.3883,404.2,0.1014,0,0,0,0,0,0,0,4,4,-1,[ OK ]
472.3,18-Jul-25 13:38:12,2905,21.53,0.1123,89.78,0.4294,0.5064,1.461,0,0,0,100,18.48,0.3887,404.3,0.09493,0,0,0,0,0,0,0,4,4,-1,[ OK ]
472.6,18-Jul-25 13:38:13,2905,21.53,0.1132,89.86,0.4341,0.5065,1.46,0,0,0,100,18.48,0.3877,403.8,0.107,0,0,0,0,0,0,0,4,4,-1,[ OK ]
473.0,18-Jul-25 13:38:13,2906,21.53,0.1138,90.82,0.4426,0.5061,1.462,0,0,0,100,18.48,0.3864,404.2,0.127,0,0,0,0,0,0,0,4,4,-1,[ OK ]
473.3,18-Jul-25 13:38:13,2906,21.53,0.1165,92.27,0.4336,0.5075,1.454,0,0,0,100,18.48,0.386,404,0.1097,0,0,0,0,0,0,0,4,4,-1,[ OK ]
473.6,18-Jul-25 13:38:14,2906,21.53,0.1174,93.23,0.4339,0.5075,1.454,0,0,0,100,18.48,0.385,403.9,0.1127,0,0,0,0,0,0,0,4,4,-1,[ OK ]
474.1,18-Jul-25 13:38:14,2907,21.53,0.1197,95.78,0.4354,0.5053,1.467,0,0,0,100,18.48,0.3852,403.9,0.1154,0,0,0,0,0,0,0,4,4,-1,[ OK ]
474.3,18-Jul-25 13:38:14,2907,21.53,0.121,96.89,0.4343,0.5072,1.456,0,0,0,100,18.48,0.383,404,0.118,0,0,0,0,0,0,0,4,4,-1,[ OK ]
474.8,18-Jul-25 13:38:15,2907,21.53,0.1223,97.95,0.4334,0.5065,1.459,0,0,0,100,18.48,0.3823,404.1,0.118,0,0,0,0,0,0,0,4,4,-1,[ OK ]
475.2,18-Jul-25 13:38:15,2908,21.53,0.1253,99.14,0.4426,0.5065,1.459,0,0,0,100,18.48,0.3819,404.2,0.1372,0,0,0,0,0,0,0,4,4,-1,[ OK ]
475.6,18-Jul-25 13:38:15,2908,21.53,0.1266,101.3,0.4347,0.5054,1.466,0,0,0,100,18.48,0.3807,404.1,0.1241,0,0,0,0,0,0,0,4,4,-1,[ OK ]
476.0,18-Jul-25 13:38:16,2909,21.53,0.1296,102.2,0.4426,0.5064,1.46,0,0,0,100,18.48,0.3809,404.1,0.1395,0,0,0,0,0,0,0,4,4,-1,[ OK ]
476.5,18-Jul-25 13:38:16,2909,21.53,0.1313,104.8,0.4426,0.5061,1.461,0,0,0,100,18.48,0.3809,403.9,0.1395,0,0,0,0,0,0,0,4,4,-1,[ OK ]
477.0,18-Jul-25 13:38:17,2910,21.53,0.1327,106.6,0.4426,0.507,1.456,0,0,0,100,18.48,0.3802,403.9,0.1411,0,0,0,0,0,0,0,4,4,-1,[ OK ]
477.5,18-Jul-25 13:38:17,2910,21.53,0.137,108.6,0.4482,0.5057,1.463,0,0,0,100,18.48,0.3803,404.3,0.1515,0,0,0,0,0,0,0,4,4,-1,[ OK ]
478.0,18-Jul-25 13:38:18,2911,21.53,0.1383,110.7,0.4426,0.5055,1.463,0,0,0,100,18.48,0.3802,404,0.141,0,0,0,0,0,0,0,4,4,-1,[ OK ]
478.4,18-Jul-25 13:38:18,2911,21.53,0.1422,112.6,0.443,0.5064,1.458,0,0,0,100,18.48,0.3793,404.3,0.1438,0,0,0,0,0,0,0,4,4,-1,[ OK ]
478.9,18-Jul-25 13:38:19,2912,21.53,0.1436,114.7,0.4473,0.5061,1.459,0,0,0,100,18.48,0.3795,404.1,0.1516,0,0,0,0,0,0,0,4,4,-1,[ OK ]
479.3,18-Jul-25 13:38:19,2912,21.53,0.1477,116,0.4462,0.5056,1.463,0,0,0,100,18.48,0.3792,403.9,0.1502,0,0,0,0,0,0,0,4,4,-1,[ OK ]
479.7,18-Jul-25 13:38:20,2912,21.53,0.1492,118.4,0.4489,0.5055,1.463,0,0,0,100,18.48,0.3775,404.2,0.159,0,0,0,0,0,0,0,4,4,-1,[ OK ]
480.2,18-Jul-25 13:38:20,2913,21.53,0.1526,120.1,0.452,0.5074,1.452,0,0,0,100,18.48,0.3784,403.8,0.1629,0,0,0,0,0,0,0,4,4,-1,[ OK ]
480.6,18-Jul-25 13:38:21,2913,21.53,0.1545,123.4,0.4505,0.506,1.459,0,0,0,100,18.48,0.3784,404,0.16,0,0,0,0,0,0,0,4,4,-1,[ OK ]
481.0,18-Jul-25 13:38:21,2914,21.53,0.156,123.9,0.4488,0.5062,1.457,0,0,0,100,18.48,0.3782,404.2,0.1572,0,0,0,0,0,0,0,4,4,-1,[ OK ]
481.4,18-Jul-25 13:38:21,2914,21.53,0.16,126.2,0.4449,0.5057,1.459,0,0,0,100,18.48,0.3787,403.9,0.1489,0,0,0,0,0,0,0,4,4,-1,[ OK ]
481.8,18-Jul-25 13:38:22,2915,21.53,0.162,127.7,0.4489,0.5064,1.455,0,0,0,100,18.48,0.376,404,0.1623,0,0,0,0,0,0,0,4,4,-1,[ OK ]
482.3,18-Jul-25 13:38:22,2915,21.53,0.1658,129.2,0.4466,0.5053,1.461,0,0,0,100,18.48,0.3761,404.2,0.1578,0,0,0,0,0,0,0,4,4,-1,[ OK ]
482.7,18-Jul-25 13:38:23,2915,21.53,0.1679,132,0.4449,0.5057,1.459,0,0,0,100,18.48,0.3769,404.2,0.1529,0,0,0,0,0,0,0,4,4,-1,[ OK ]
483.5,18-Jul-25 13:38:23,2916,21.53,0.1733,133.5,0.4505,0.5043,1.467,0,0,0,100,18.48,0.3747,403.9,0.1681,0,0,0,0,0,0,0,4,4,-1,[ OK ]
484.0,18-Jul-25 13:38:24,2917,21.53,0.1785,138.8,0.4505,0.5054,1.465,0,0,0,100,18.48,0.3766,404,0.164,0,0,0,0,0,0,0,4,4,-1,[ OK ]
484.5,18-Jul-25 13:38:24,2917,21.53,0.1667,139.2,0.4426,0.5058,1.462,0,0,0,100,18.48,0.3756,404,0.1515,0,0,0,0,0,0,0,4,4,-1,[ OK ]
484.9,18-Jul-25 13:38:25,2918,21.53,0.1643,138.8,0.4433,0.507,1.454,0,0,0,100,18.48,0.3738,403.9,0.1568,0,0,0,0,0,0,0,4,4,-1,[ OK ]
485.3,18-Jul-25 13:38:25,2918,21.53,0.1628,136.5,0.4426,0.5047,1.467,0,0,0,100,18.48,0.3738,403.9,0.1554,0,0,0,0,0,0,0,4,4,-1,[ OK ]
485.7,18-Jul-25 13:38:26,2918,21.53,0.1611,135.3,0.4353,0.5051,1.464,0,0,0,100,18.48,0.373,403.9,0.1431,0,0,0,0,0,0,0,4,4,-1,[ OK ]
486.2,18-Jul-25 13:38:26,2919,21.53,0.1596,133.8,0.4332,0.5048,1.466,0,0,0,100,18.48,0.3745,403.8,0.1355,0,0,0,0,0,0,0,4,4,-1,[ OK ]
486.6,18-Jul-25 13:38:27,2919,21.53,0.1583,132.5,0.438,0.5064,1.457,0,0,0,100,18.48,0.3729,404.2,0.1484,0,0,0,0,0,0,0,4,4,-1,[ OK ]
487.0,18-Jul-25 13:38:27,2920,21.53,0.157,131.5,0.4282,0.5053,1.462,0,0,0,100,18.48,0.3718,404.1,0.1317,0,0,0,0,0,0,0,4,4,-1,[ OK ]
487.4,18-Jul-25 13:38:27,2920,21.53,0.1558,130.6,0.4245,0.5041,1.47,0,0,0,100,18.48,0.3732,403.9,0.1208,0,0,0,0,0,0,0,4,4,-1,[ OK ]
487.8,18-Jul-25 13:38:28,2921,21.53,0.1544,130.6,0.4291,0.5044,1.468,0,0,0,100,18.48,0.3719,403.9,0.1335,0,0,0,0,0,0,0,4,4,-1,[ OK ]
488.2,18-Jul-25 13:38:28,2921,21.53,0.1539,128.7,0.4274,0.5059,1.459,0,0,0,100,18.48,0.3725,404.1,0.1285,0,0,0,0,0,0,0,4,4,-1,[ OK ]
488.7,18-Jul-25 13:38:29,2921,21.53,0.1531,127.7,0.426,0.5065,1.455,0,0,0,100,18.48,0.3719,403.9,0.127,0,0,0,0,0,0,0,4,4,-1,[ OK ]
489.0,18-Jul-25 13:38:29,2922,21.53,0.1525,127.2,0.4203,0.5055,1.46,0,0,0,100,18.48,0.3709,404.2,0.1175,0,0,0,0,0,0,0,4,4,-1,[ OK ]
489.4,18-Jul-25 13:38:29,2922,21.53,0.1519,126.3,0.4195,0.5064,1.455,0,0,0,100,18.48,0.3726,403.9,0.1118,0,0,0,0,0,0,0,4,4,-1,[ OK ]
489.8,18-Jul-25 13:38:30,2922,21.53,0.1514,125.3,0.4174,0.5059,1.457,0,0,0,100,18.48,0.3738,404.1,0.1045,0,0,0,0,0,0,0,4,4,-1,[ OK ]
490.2,18-Jul-25 13:38:30,2923,21.53,0.1508,125,0.4143,0.505,1.463,0,0,0,100,18.48,0.3715,403.9,0.1035,0,0,0,0,0,0,0,4,4,-1,[ OK ]
490.6,18-Jul-25 13:38:31,2923,21.53,0.1503,124.5,0.4167,0.5041,1.468,0,0,0,100,18.48,0.3699,403.8,0.1124,0,0,0,0,0,0,0,4,4,-1,[ OK ]
491.1,18-Jul-25 13:38:31,2924,21.53,0.1497,124.4,0.4141,0.5047,1.464,0,0,0,100,18.48,0.3705,403.9,0.1054,0,0,0,0,0,0,0,4,4,-1,[ OK ]
491.4,18-Jul-25 13:38:31,2924,21.53,0.1494,124.1,0.4112,0.5066,1.453,0,0,0,100,18.48,0.3711,403.9,0.09747,0,0,0,0,0,0,0,4,4,-1,[ OK ]
491.8,18-Jul-25 13:38:32,2924,21.53,0.149,123.7,0.4109,0.5067,1.452,0,0,0,100,18.48,0.3687,403.7,0.1027,0,0,0,0,0,0,0,4,4,-1,[ OK ]
492.2,18-Jul-25 13:38:32,2925,21.53,0.1487,123.1,0.4105,0.5044,1.465,0,0,0,100,18.48,0.3704,403.8,0.09752,0,0,0,0,0,0,0,4,4,-1,[ OK ]
492.6,18-Jul-25 13:38:33,2925,21.53,0.1484,122.8,0.4111,0.5059,1.456,0,0,0,100,18.48,0.3725,404,0.09383,0,0,0,0,0,0,0,4,4,-1,[ OK ]
493.0,18-Jul-25 13:38:33,2926,21.53,0.1478,123.2,0.41,0.5055,1.458,0,0,0,100,18.48,0.3719,403.9,0.09279,0,0,0,0,0,0,0,4,4,-1,[ OK ]
493.3,18-Jul-25 13:38:33,2926,21.53,0.1478,122.4,0.4075,0.5045,1.464,0,0,0,100,18.48,0.3714,404.1,0.08865,0,0,0,0,0,0,0,4,4,-1,[ OK ]
493.8,18-Jul-25 13:38:34,2926,21.53,0.1473,122.8,0.4076,0.5053,1.459,0,0,0,100,18.48,0.3725,404.1,0.08601,0,0,0,0,0,0,0,4,4,-1,[ OK ]
494.2,18-Jul-25 13:38:34,2927,21.53,0.1471,122.6,0.4058,0.5058,1.456,0,0,0,100,18.48,0.3711,404.2,0.08546,0,0,0,0,0,0,0,4,4,-1,[ OK ]
494.6,18-Jul-25 13:38:35,2927,21.53,0.1468,122.4,0.4049,0.506,1.455,0,0,0,100,18.48,0.3699,404.1,0.08643,0,0,0,0,0,0,0,4,4,-1,[ OK ]
495.0,18-Jul-25 13:38:35,2928,21.53,0.147,121,0.4056,0.5063,1.453,0,0,0,100,18.48,0.3702,404,0.0872,0,0,0,0,0,0,0,4,4,-1,[ OK ]
495.3,18-Jul-25 13:38:35,2928,21.53,0.1463,122.4,0.4012,0.5054,1.458,0,0,0,100,18.48,0.3717,403.8,0.07353,0,0,0,0,0,0,0,4,4,-1,[ OK ]
495.7,18-Jul-25 13:38:36,2928,21.53,0.1466,120.9,0.4026,0.5051,1.46,0,0,0,100,18.48,0.3713,404.3,0.07775,0,0,0,0,0,0,0,4,4,-1,[ OK ]
496.2,18-Jul-25 13:38:36,2929,21.53,0.1459,122.4,0.4009,0.5053,1.458,0,0,0,100,18.48,0.3711,403.9,0.07424,0,0,0,0,0,0,0,4,4,-1,[ OK ]
496.6,18-Jul-25 13:38:36,2929,21.53,0.1461,121.2,0.3918,0.5056,1.456,0,0,0,100,18.48,0.3705,404.2,0.05436,0,0,0,0,0,0,0,4,4,-1,[ OK ]
497.0,18-Jul-25 13:38:37,2930,21.53,0.146,120.9,0.3982,0.5053,1.457,0,0,0,100,18.48,0.3702,404.2,0.07024,0,0,0,0,0,0,0,4,4,-1,[ OK ]
497.3,18-Jul-25 13:38:37,2930,21.53,0.1459,121.1,0.3925,0.5053,1.457,0,0,0,100,18.48,0.37,403.9,0.05747,0,0,0,0,0,0,0,4,4,-1,[ OK ]
497.7,18-Jul-25 13:38:38,2930,21.53,0.1458,120.7,0.4003,0.5045,1.461,0,0,0,100,18.48,0.3711,403.8,0.07287,0,0,0,0,0,0,0,4,4,-1,[ OK ]
498.1,18-Jul-25 13:38:38,2931,21.53,0.1456,121.2,0.3938,0.5035,1.468,0,0,0,100,18.48,0.3719,404.2,0.05564,0,0,0,0,0,0,0,4,4,-1,[ OK ]
498.6,18-Jul-25 13:38:38,2931,21.53,0.1451,122.4,0.3928,0.504,1.466,0,0,0,100,18.48,0.3719,403.8,0.05326,0,0,0,0,0,0,0,4,4,-1,[ OK ]
499.0,18-Jul-25 13:38:39,2932,21.53,0.1457,120.2,0.3923,0.5041,1.465,0,0,0,100,18.48,0.369,403.8,0.05945,0,0,0,0,0,0,0,4,4,-1,[ OK ]
499.3,18-Jul-25 13:38:39,2932,21.55,0.1457,119.9,0.3918,0.506,1.454,0,0,0,100,18.48,0.3687,404.2,0.05909,0,0,0,0,0,0,0,4,4,-1,[ OK ]
499.7,18-Jul-25 13:38:40,2932,21.55,0.1454,120.5,0.393,0.5042,1.463,0,0,0,100,18.48,0.3692,404.1,0.0605,0,0,0,0,0,0,0,4,4,-1,[ OK ]
500.1,18-Jul-25 13:38:40,2933,21.55,0.1455,120.3,0.3918,0.5044,1.463,0,0,0,100,18.48,0.3697,404.2,0.05652,0,0,0,0,0,0,0,4,4,-1,[ OK ]
500.5,18-Jul-25 13:38:40,2933,21.55,0.1452,121,0.3918,0.5037,1.466,0,0,0,100,18.48,0.369,404,0.05816,0,0,0,0,0,0,0,4,4,-1,[ OK ]
500.9,18-Jul-25 13:38:41,2934,21.55,0.1453,120.4,0.3853,0.5044,1.463,0,0,0,100,18.48,0.37,403.7,0.03954,0,0,0,0,0,0,0,4,4,-1,[ OK ]
501.3,18-Jul-25 13:38:41,2934,21.55,0.1453,120.3,0.3918,0.5052,1.459,0,0,0,100,18.48,0.3702,404.2,0.05518,0,0,0,0,0,0,0,4,4,-1,[ OK ]
501.7,18-Jul-25 13:38:42,2934,21.55,0.1449,121.2,0.3854,0.5042,1.465,0,0,0,100,18.48,0.3712,403.8,0.03676,0,0,0,0,0,0,0,4,4,-1,[ OK ]
502.1,18-Jul-25 13:38:42,2935,21.55,0.1453,120,0.385,0.5039,1.466,0,0,0,100,18.48,0.3707,403.9,0.03723,0,0,0,0,0,0,0,4,4,-1,[ OK ]
502.5,18-Jul-25 13:38:42,2935,21.55,0.145,120.8,0.3918,0.505,1.46,0,0,0,100,18.48,0.3718,404.2,0.05107,0,0,0,0,0,0,0,4,4,-1,[ OK ]
502.9,18-Jul-25 13:38:43,2936,21.55,0.1451,120.1,0.3842,0.5052,1.458,0,0,0,100,18.48,0.3715,404.2,0.03304,0,0,0,0,0,0,0,4,4,-1,[ OK ]
503.3,18-Jul-25 13:38:43,2936,21.55,0.1449,120.5,0.3808,0.5048,1.461,0,0,0,100,18.48,0.3735,403.9,0.01929,0,0,0,0,0,0,0,4,4,-1,[ OK ]
503.8,18-Jul-25 13:38:44,2936,21.55,0.1449,120.4,0.3822,0.506,1.454,0,0,0,100,18.48,0.3722,404.1,0.02612,0,0,0,0,0,0,0,4,4,-1,[ OK ]
504.2,18-Jul-25 13:38:44,2937,21.55,0.1448,120.7,0.3812,0.5053,1.457,0,0,0,100,18.48,0.3712,403.8,0.02634,0,0,0,0,0,0,0,4,4,-1,[ OK ]
504.6,18-Jul-25 13:38:45,2937,21.55,0.1446,121,0.3806,0.5054,1.456,0,0,0,100,18.48,0.3706,403.9,0.02629,0,0,0,0,0,0,0,4,4,-1,[ OK ]
505.0,18-Jul-25 13:38:45,2938,21.55,0.1447,120.5,0.3782,0.505,1.458,0,0,0,100,18.48,0.3701,404.1,0.02144,0,0,0,0,0,0,0,4,4,-1,[ OK ]
505.4,18-Jul-25 13:38:45,2938,21.55,0.1447,120.6,0.3805,0.5037,1.466,0,0,0,100,18.48,0.3701,403.9,0.02731,0,0,0,0,0,0,0,4,4,-1,[ OK ]
505.9,18-Jul-25 13:38:46,2939,21.55,0.1447,120.2,0.3769,0.504,1.464,0,0,0,100,18.48,0.3706,404.2,0.01681,0,0,0,0,0,0,0,4,4,-1,[ OK ]
506.2,18-Jul-25 13:38:46,2939,21.55,0.1447,120.3,0.3765,0.5044,1.463,0,0,0,100,18.48,0.3711,404.1,0.01423,0,0,0,0,0,0,0,4,4,-1,[ OK ]
506.6,18-Jul-25 13:38:47,2939,21.55,0.1446,120.5,0.3742,0.5059,1.453,0,0,0,100,18.48,0.3715,403.9,0.007147,0,0,0,0,0,0,0,4,4,-1,[ OK ]
507.0,18-Jul-25 13:38:47,2940,21.55,0.1444,120.9,0.3738,0.505,1.458,0,0,0,100,18.48,0.3704,403.8,0.00911,0,0,0,0,0,0,0,4,4,-1,[ OK ]
507.4,18-Jul-25 13:38:47,2940,21.55,0.1449,119.2,0.3742,0.5049,1.459,0,0,0,100,18.48,0.3713,404.1,0.007577,0,0,0,0,0,0,0,4,4,-1,[ OK ]
507.8,18-Jul-25 13:38:48,2941,21.55,0.1446,120.1,0.3706,0.5063,1.451,0,0,0,100,18.48,0.37,403.9,0.001601,0,0,0,0,0,0,0,4,4,-1,[ OK ]
508.1,18-Jul-25 13:38:48,2941,21.55,0.1444,120.6,0.3772,0.5046,1.46,0,0,0,100,18.48,0.3709,404.2,0.01684,0,0,0,0,0,0,0,4,4,-1,[ OK ]
508.6,18-Jul-25 13:38:48,2941,21.55,0.1448,119.5,0.3721,0.5045,1.461,0,0,0,100,18.48,0.3718,404,0.000722,0,0,0,0,0,0,0,4,4,-1,[ OK ]
509.0,18-Jul-25 13:38:49,2942,21.55,0.1445,120.2,0.3683,0.5046,1.461,0,0,0,100,18.48,0.3719,403.9,-0.009614,0,0,0,0,0,0,0,4,4,-1,[ OK ]
509.4,18-Jul-25 13:38:49,2942,21.55,0.1443,120.7,0.3694,0.5045,1.461,0,0,0,100,18.48,0.3737,404.1,-0.01154,0,0,0,0,0,0,0,4,4,-1,[ OK ]
509.8,18-Jul-25 13:38:50,2943,21.55,0.1445,120.2,0.3742,0.5053,1.456,0,0,0,100,18.48,0.3719,404,0.00607,0,0,0,0,0,0,0,4,4,-1,[ OK ]
510.1,18-Jul-25 13:38:50,2943,21.55,0.1445,120,0.3709,0.504,1.464,0,0,0,100,18.48,0.3731,403.8,-0.006069,0,0,0,0,0,0,0,4,4,-1,[ OK ]
510.5,18-Jul-25 13:38:50,2943,21.55,0.1443,120.7,0.3696,0.5045,1.461,0,0,0,100,18.48,0.3705,403.8,-0.002386,0,0,0,0,0,0,0,4,4,-1,[ OK ]
511.0,18-Jul-25 13:38:51,2944,21.55,0.1442,120.9,0.3692,0.5056,1.455,0,0,0,100,18.48,0.3697,404.2,-0.00139,0,0,0,0,0,0,0,4,4,-1,[ OK ]
511.4,18-Jul-25 13:38:51,2944,21.55,0.1444,120.2,0.3721,0.5049,1.459,0,0,0,100,18.48,0.3688,404.2,0.008842,0,0,0,0,0,0,0,4,4,-1,[ OK ]
511.8,18-Jul-25 13:38:52,2945,21.55,0.1444,120,0.3632,0.5032,1.468,0,0,0,100,18.48,0.3698,404.2,-0.01841,0,0,0,0,0,0,0,4,4,-1,[ OK ]
512.1,18-Jul-25 13:38:52,2945,21.55,0.1444,120,0.372,0.5055,1.456,0,0,0,100,18.48,0.369,403.8,0.008144,0,0,0,0,0,0,0,4,4,-1,[ OK ]
512.5,18-Jul-25 13:38:52,2945,21.55,0.1443,120.2,0.3687,0.5037,1.466,0,0,0,100,18.48,0.3692,404.2,-0.001317,0,0,0,0,0,0,0,4,4,-1,[ OK ]
513.0,18-Jul-25 13:38:53,2946,21.55,0.1443,120.4,0.3696,0.5044,1.462,0,0,0,100,18.48,0.3689,404.2,0.001973,0,0,0,0,0,0,0,4,4,-1,[ OK ]
513.4,18-Jul-25 13:38:53,2946,21.55,0.1444,120,0.3727,0.504,1.465,0,0,0,100,18.48,0.369,403.8,0.009884,0,0,0,0,0,0,0,4,4,-1,[ OK ]
513.7,18-Jul-25 13:38:54,2946,21.55,0.1444,119.9,0.3678,0.5052,1.457,0,0,0,100,18.48,0.3704,404.2,-0.006924,0,0,0,0,0,0,0,4,4,-1,[ OK ]
514.1,18-Jul-25 13:38:54,2947,21.55,0.1443,120.1,0.356,0.5061,1.452,0,0,0,100,18.48,0.3704,403.8,-0.04031,0,0,0,0,0,0,0,4,4,-1,[ OK ]
514.4,18-Jul-25 13:38:54,2947,21.55,0.144,120.9,0.3674,0.5052,1.457,0,0,0,100,18.48,0.3715,404,-0.01108,0,0,0,0,0,0,0,4,4,-1,[ OK ]
514.7,18-Jul-25 13:38:55,2947,21.55,0.1443,119.9,0.3641,0.5055,1.454,0,0,0,100,18.48,0.372,404.1,-0.02189,0,0,0,0,0,0,0,4,4,-1,[ OK ]
515.1,18-Jul-25 13:38:55,2948,21.55,0.1442,120.2,0.3644,0.5052,1.456,0,0,0,100,18.48,0.3711,403.8,-0.01812,0,0,0,0,0,0,0,4,4,-1,[ OK ]
515.4,18-Jul-25 13:38:55,2948,21.55,0.1442,120.1,0.3681,0.5035,1.465,0,0,0,100,18.48,0.3694,403.6,-0.003374,0,0,0,0,0,0,0,4,4,-1,[ OK ]
515.8,18-Jul-25 13:38:56,2948,21.55,0.1442,120.1,0.3678,0.5037,1.464,0,0,0,100,18.48,0.3696,403.9,-0.004952,0,0,0,0,0,0,0,4,4,-1,[ OK ]
516.1,18-Jul-25 13:38:56,2949,21.55,0.1441,120.4,0.3673,0.5045,1.459,0,0,0,100,18.48,0.3703,404,-0.008064,0,0,0,0,0,0,0,4,4,-1,[ OK ]
516.4,18-Jul-25 13:38:56,2949,21.55,0.1444,119.5,0.3668,0.5046,1.459,0,0,0,100,18.48,0.3719,404,-0.01393,0,0,0,0,0,0,0,4,4,-1,[ OK ]
516.7,18-Jul-25 13:38:57,2949,21.55,0.1446,119,0.3672,0.5044,1.461,0,0,0,100,18.48,0.3716,404,-0.01185,0,0,0,0,0,0,0,4,4,-1,[ OK ]
517.1,18-Jul-25 13:38:57,2950,21.55,0.1441,120.3,0.3663,0.504,1.463,0,0,0,100,18.48,0.3725,404.2,-0.01695,0,0,0,0,0,0,0,4,4,-1,[ OK ]
517.4,18-Jul-25 13:38:57,2950,21.55,0.1442,120.1,0.3674,0.5043,1.461,0,0,0,100,18.48,0.3716,403.8,-0.01141,0,0,0,0,0,0,0,4,4,-1,[ OK ]
517.8,18-Jul-25 13:38:58,2950,21.55,0.1442,120.1,0.3644,0.5057,1.454,0,0,0,100,18.48,0.3719,403.9,-0.02061,0,0,0,0,0,0,0,4,4,-1,[ OK ]
518.2,18-Jul-25 13:38:58,2951,21.55,0.144,120.6,0.3704,0.5035,1.466,0,0,0,100,18.48,0.3715,403.8,-0.002958,0,0,0,0,0,0,0,4,4,-1,[ OK ]
518.8,18-Jul-25 13:38:59,2951,21.55,0.144,120.3,0.3648,0.504,1.463,0,0,0,100,18.48,0.3721,404.2,-0.02,0,0,0,0,0,0,0,4,4,-1,[ OK ]
519.4,18-Jul-25 13:38:59,2952,21.55,0.1441,120,0.3638,0.5054,1.455,0,0,0,100,18.48,0.3725,404.1,-0.02405,0,0,0,0,0,0,0,4,4,-1,[ OK ]
519.9,18-Jul-25 13:39:00,2953,21.55,0.144,120.4,0.3633,0.5042,1.462,0,0,0,100,18.48,0.3729,404,-0.02667,0,0,0,0,0,0,0,4,4,-1,[ OK ]
520.5,18-Jul-25 13:39:00,2953,21.55,0.1439,120.6,0.3625,0.5037,1.465,0,0,0,100,18.48,0.3712,404.1,-0.02414,0,0,0,0,0,0,0,4,4,-1,[ OK ]
521.0,18-Jul-25 13:39:01,2954,21.55,0.1438,120.7,0.3635,0.5034,1.467,0,0,0,100,18.48,0.3718,404.2,-0.02301,0,0,0,0,0,0,0,4,4,-1,[ OK ]
521.7,18-Jul-25 13:39:02,2954,21.55,0.1441,119.8,0.3662,0.5058,1.453,0,0,0,100,18.48,0.3709,404.1,-0.01283,0,0,0,0,0,0,0,4,4,-1,[ OK ]
522.2,18-Jul-25 13:39:02,2955,21.55,0.1441,119.5,0.3624,0.5048,1.458,0,0,0,100,18.48,0.3716,404,-0.02542,0,0,0,0,0,0,0,4,4,-1,[ OK ]
522.8,18-Jul-25 13:39:03,2956,21.55,0.1439,120.3,0.3641,0.5054,1.455,0,0,0,100,18.48,0.3716,404.1,-0.02078,0,0,0,0,0,0,0,4,4,-1,[ OK ]
523.4,18-Jul-25 13:39:03,2956,21.55,0.1439,120.2,0.3588,0.5041,1.463,0,0,0,100,18.48,0.3711,404.2,-0.03439,0,0,0,0,0,0,0,4,4,-1,[ OK ]
523.9,18-Jul-25 13:39:04,2957,21.55,0.1439,120.1,0.36,0.5047,1.459,0,0,0,100,18.48,0.3674,404.2,-0.02056,0,0,0,0,0,0,0,4,4,-1,[ OK ]
524.6,18-Jul-25 13:39:04,2957,21.55,0.1439,120.1,0.3615,0.5034,1.467,0,0,0,100,18.48,0.3681,403.8,-0.01837,0,0,0,0,0,0,0,4,4,-1,[ OK ]
525.2,18-Jul-25 13:39:05,2958,21.55,0.1438,120.2,0.3617,0.5048,1.459,0,0,0,100,18.48,0.3676,403.8,-0.01647,0,0,0,0,0,0,0,4,4,-1,[ OK ]
525.9,18-Jul-25 13:39:06,2959,21.55,0.1439,119.9,0.3608,0.5047,1.459,0,0,0,100,18.48,0.3685,403.9,-0.02133,0,0,0,0,0,0,0,4,4,-1,[ OK ]
526.6,18-Jul-25 13:39:07,2959,21.55,0.1438,120.4,0.3598,0.5051,1.456,0,0,0,100,18.48,0.3676,404,-0.0218,0,0,0,0,0,0,0,4,4,-1,[ OK ]
527.3,18-Jul-25 13:39:07,2960,21.55,0.1438,120.2,0.3618,0.5046,1.46,0,0,0,100,18.48,0.3667,403.9,-0.01374,0,0,0,0,0,0,0,4,4,-1,[ OK ]
527.9,18-Jul-25 13:39:08,2961,21.55,0.1438,120.4,0.3632,0.5047,1.459,0,0,0,100,18.48,0.3662,404.2,-0.008315,0,0,0,0,0,0,0,4,4,-1,[ OK ]
528.7,18-Jul-25 13:39:09,2961,21.55,0.1438,120.3,0.3641,0.5058,1.453,0,0,0,100,18.48,0.3692,403.8,-0.01425,0,0,0,0,0,0,0,4,4,-1,[ OK ]
529.2,18-Jul-25 13:39:09,2962,21.55,0.1439,120,0.3624,0.5042,1.462,0,0,0,100,18.48,0.3705,404.2,-0.02253,0,0,0,0,0,0,0,4,4,-1,[ OK ]
529.8,18-Jul-25 13:39:10,2962,21.55,0.1438,120.2,0.358,0.5036,1.466,0,0,0,100,18.48,0.3707,403.8,-0.03545,0,0,0,0,0,0,0,4,4,-1,[ OK ]
530.4,18-Jul-25 13:39:10,2963,21.55,0.144,119.6,0.3639,0.5029,1.47,0,0,0,100,18.48,0.3727,404.2,-0.02422,0,0,0,0,0,0,0,4,4,-1,[ OK ]
531.1,18-Jul-25 13:39:11,2964,21.55,0.1437,120.6,0.3602,0.5042,1.462,0,0,0,100,18.48,0.3728,403.9,-0.0351,0,0,0,0,0,0,0,4,4,-1,[ OK ]
531.5,18-Jul-25 13:39:11,2964,21.55,0.1439,119.9,0.361,0.5048,1.459,0,0,0,100,18.48,0.3726,404,-0.03227,0,0,0,0,0,0,0,4,4,-1,[ OK ]
532.0,18-Jul-25 13:39:12,2965,21.55,0.1439,119.9,0.3585,0.5052,1.457,0,0,0,100,18.48,0.3722,404.2,-0.03817,0,0,0,0,0,0,0,4,4,-1,[ OK ]
532.5,18-Jul-25 13:39:12,2965,21.55,0.1439,119.9,0.3597,0.5043,1.461,0,0,0,100,18.48,0.3718,404.1,-0.03373,0,0,0,0,0,0,0,4,4,-1,[ OK ]
533.1,18-Jul-25 13:39:13,2966,21.55,0.1439,120,0.36,0.5054,1.455,0,0,0,100,18.48,0.3732,404,-0.03668,0,0,0,0,0,0,0,4,4,-1,[ OK ]
533.6,18-Jul-25 13:39:14,2966,21.55,0.1438,120.1,0.3592,0.5037,1.465,0,0,0,100,18.48,0.3739,404,-0.04099,0,0,0,0,0,0,0,4,4,-1,[ OK ]
534.3,18-Jul-25 13:39:14,2967,21.55,0.1436,120.8,0.3586,0.5033,1.467,0,0,0,100,18.48,0.3709,403.9,-0.0344,0,0,0,0,0,0,0,4,4,-1,[ OK ]
534.7,18-Jul-25 13:39:15,2967,21.55,0.1439,119.9,0.3604,0.5033,1.467,0,0,0,100,18.48,0.3729,404,-0.03464,0,0,0,0,0,0,0,4,4,-1,[ OK ]
535.1,18-Jul-25 13:39:15,2968,21.55,0.1439,119.9,0.3509,0.5044,1.461,0,0,0,100,18.48,0.3734,403.8,-0.0641,0,0,0,0,0,0,0,4,4,-1,[ OK ]
535.6,18-Jul-25 13:39:16,2968,21.55,0.1438,120.3,0.3625,0.5043,1.461,0,0,0,100,18.48,0.3731,404.2,-0.02936,0,0,0,0,0,0,0,4,4,-1,[ OK ]
536.3,18-Jul-25 13:39:16,2969,21.55,0.1437,120.3,0.3633,0.5053,1.456,0,0,0,100,18.48,0.3731,403.9,-0.02711,0,0,0,0,0,0,0,4,4,-1,[ OK ]
536.7,18-Jul-25 13:39:17,2969,21.55,0.144,119.7,0.3587,0.5031,1.468,0,0,0,100,18.48,0.3723,403.9,-0.03782,0,0,0,0,0,0,0,4,4,-1,[ OK ]
537.1,18-Jul-25 13:39:17,2970,21.55,0.1437,120.5,0.3628,0.5054,1.455,0,0,0,100,18.48,0.372,404.2,-0.02552,0,0,0,0,0,0,0,4,4,-1,[ OK ]
537.5,18-Jul-25 13:39:17,2970,21.55,0.1439,119.9,0.3622,0.5051,1.457,0,0,0,100,18.48,0.3725,404,-0.02865,0,0,0,0,0,0,0,4,4,-1,[ OK ]
538.0,18-Jul-25 13:39:18,2971,21.55,0.1436,120.9,0.3617,0.5042,1.462,0,0,0,100,18.48,0.3734,404.2,-0.0324,0,0,0,0,0,0,0,4,4,-1,[ OK ]
538.3,18-Jul-25 13:39:18,2971,21.55,0.1438,120.3,0.3633,0.5038,1.465,0,0,0,100,18.48,0.3742,404.2,-0.03011,0,0,0,0,0,0,0,4,4,-1,[ OK ]
538.7,18-Jul-25 13:39:19,2971,21.55,0.144,119.9,0.362,0.5041,1.463,0,0,0,100,18.48,0.375,403.8,-0.036,0,0,0,0,0,0,0,4,4,-1,[ OK ]
539.1,18-Jul-25 13:39:19,2972,21.55,0.1441,119.8,0.3605,0.5041,1.462,0,0,0,100,18.48,0.3746,404.2,-0.03927,0,0,0,0,0,0,0,4,4,-1,[ OK ]
539.5,18-Jul-25 13:39:19,2972,21.55,0.1441,119.7,0.3675,0.5054,1.454,0,0,0,100,18.48,0.3751,404.1,-0.02067,0,0,0,0,0,0,0,4,4,-1,[ OK ]
539.9,18-Jul-25 13:39:20,2973,21.55,0.1439,120.3,0.3615,0.5034,1.466,0,0,0,100,18.48,0.3758,404.1,-0.03954,0,0,0,0,0,0,0,4,4,-1,[ OK ]
540.4,18-Jul-25 13:39:20,2973,21.55,0.1442,119.2,0.3591,0.5033,1.466,0,0,0,100,18.48,0.3747,403.9,-0.04352,0,0,0,0,0,0,0,4,4,-1,[ OK ]
540.8,18-Jul-25 13:39:21,2973,21.55,0.1439,120.1,0.3638,0.5039,1.463,0,0,0,100,18.48,0.3743,403.8,-0.02904,0,0,0,0,0,0,0,4,4,-1,[ OK ]
541.2,18-Jul-25 13:39:21,2974,21.55,0.1445,118.5,0.3601,0.5037,1.465,0,0,0,100,18.48,0.3744,403.8,-0.03986,0,0,0,0,0,0,0,4,4,-1,[ OK ]
541.6,18-Jul-25 13:39:22,2974,21.55,0.1441,119.5,0.3595,0.5035,1.466,0,0,0,100,18.48,0.3738,403.8,-0.03979,0,0,0,0,0,0,0,4,4,-1,[ OK ]
542.2,18-Jul-25 13:39:22,2975,21.55,0.1439,120.2,0.3664,0.5048,1.459,0,0,0,100,18.48,0.3738,404.1,-0.02008,0,0,0,0,0,0,0,4,4,-1,[ OK ]
542.7,18-Jul-25 13:39:23,2975,21.55,0.1439,120.2,0.3586,0.5059,1.452,0,0,0,100,18.48,0.3725,403.9,-0.03867,0,0,0,0,0,0,0,4,4,-1,[ OK ]
543.1,18-Jul-25 13:39:23,2976,21.55,0.144,119.9,0.3638,0.503,1.469,0,0,0,100,18.48,0.3721,404,-0.02283,0,0,0,0,0,0,0,4,4,-1,[ OK ]
543.5,18-Jul-25 13:39:23,2976,21.55,0.144,119.9,0.3664,0.5051,1.458,0,0,0,100,18.48,0.3716,404.2,-0.01404,0,0,0,0,0,0,0,4,4,-1,[ OK ]
544.0,18-Jul-25 13:39:24,2977,21.55,0.1439,120.2,0.3652,0.5045,1.461,0,0,0,100,18.48,0.3719,403.9,-0.01823,0,0,0,0,0,0,0,4,4,-1,[ OK ]
544.3,18-Jul-25 13:39:24,2977,21.55,0.1441,119.5,0.3628,0.5041,1.464,0,0,0,100,18.48,0.3724,404.2,-0.02652,0,0,0,0,0,0,0,4,4,-1,[ OK ]
544.7,18-Jul-25 13:39:25,2977,21.55,0.144,119.9,0.3615,0.5053,1.456,0,0,0,100,18.48,0.372,404.1,-0.02918,0,0,0,0,0,0,0,4,4,-1,[ OK ]
545.1,18-Jul-25 13:39:25,2978,21.55,0.144,119.9,0.3628,0.5056,1.454,0,0,0,100,18.48,0.3711,403.9,-0.02297,0,0,0,0,0,0,0,4,4,-1,[ OK ]
545.6,18-Jul-25 13:39:26,2978,21.55,0.1444,118.9,0.3621,0.5055,1.454,0,0,0,100,18.48,0.3711,404.2,-0.02504,0,0,0,0,0,0,0,4,4,-1,[ OK ]
546.2,18-Jul-25 13:39:26,2979,21.55,0.1437,121.1,0.3631,0.5036,1.465,0,0,0,100,18.48,0.368,404.2,-0.01358,0,0,0,0,0,0,0,4,4,-1,[ OK ]
546.8,18-Jul-25 13:39:27,2980,21.55,0.144,120.2,0.3599,0.5041,1.461,0,0,0,100,18.48,0.3712,403.8,-0.03148,0,0,0,0,0,0,0,4,4,-1,[ OK ]
547.4,18-Jul-25 13:39:27,2980,21.55,0.1439,120.3,0.3628,0.5032,1.467,0,0,0,100,18.48,0.3692,404.2,-0.01786,0,0,0,0,0,0,0,4,4,-1,[ OK ]
547.8,18-Jul-25 13:39:28,2980,21.55,0.144,119.9,0.3647,0.5054,1.454,0,0,0,100,18.48,0.3693,403.9,-0.01243,0,0,0,0,0,0,0,4,4,-1,[ OK ]
548.2,18-Jul-25 13:39:28,2981,21.55,0.144,119.9,0.3592,0.5042,1.461,0,0,0,100,18.48,0.3712,404,-0.03347,0,0,0,0,0,0,0,4,4,-1,[ OK ]
548.7,18-Jul-25 13:39:29,2981,21.55,0.1444,118.7,0.3696,0.5042,1.461,0,0,0,100,18.48,0.37,403.9,-0.0009693,0,0,0,0,0,0,0,4,4,-1,[ OK ]
549.4,18-Jul-25 13:39:29,2982,21.55,0.1438,120.5,0.3616,0.5047,1.458,0,0,0,100,18.48,0.3705,404.1,-0.02477,0,0,0,0,0,0,0,4,4,-1,[ OK ]
550.0,18-Jul-25 13:39:30,2983,21.55,0.1441,119.8,0.3622,0.5057,1.452,0,0,0,100,18.48,0.3696,404.1,-0.02042,0,0,0,0,0,0,0,4,4,-1,[ OK ]
550.6,18-Jul-25 13:39:31,2983,21.55,0.1442,119.6,0.3647,0.5047,1.458,0,0,0,100,18.48,0.3694,403.8,-0.01265,0,0,0,0,0,0,0,4,4,-1,[ OK ]
551.1,18-Jul-25 13:39:31,2984,21.55,0.1438,120.6,0.3634,0.5041,1.461,0,0,0,100,18.48,0.3703,404.1,-0.01907,0,0,0,0,0,0,0,4,4,-1,[ OK ]
551.8,18-Jul-25 13:39:32,2984,21.55,0.1442,119.6,0.3644,0.5044,1.459,0,0,0,100,18.48,0.3684,404.1,-0.0111,0,0,0,0,0,0,0,4,4,-1,[ OK ]
552.3,18-Jul-25 13:39:32,2985,21.55,0.144,119.9,0.3652,0.5034,1.466,0,0,0,100,18.48,0.369,403.9,-0.01028,0,0,0,0,0,0,0,4,4,-1,[ OK ]
552.8,18-Jul-25 13:39:33,2986,21.55,0.144,120.2,0.3633,0.5029,1.468,0,0,0,100,18.48,0.369,404.1,-0.0158,0,0,0,0,0,0,0,4,4,-1,[ OK ]
553.3,18-Jul-25 13:39:33,2986,21.55,0.144,119.9,0.3644,0.5043,1.461,0,0,0,100,18.48,0.37,404,-0.01514,0,0,0,0,0,0,0,4,4,-1,[ OK ]
553.8,18-Jul-25 13:39:34,2986,21.55,0.1441,119.7,0.3644,0.5031,1.467,0,0,0,100,18.48,0.3717,404,-0.02028,0,0,0,0,0,0,0,4,4,-1,[ OK ]
554.4,18-Jul-25 13:39:34,2987,21.55,0.144,120.1,0.3578,0.505,1.456,0,0,0,100,18.48,0.3739,403.8,-0.04491,0,0,0,0,0,0,0,4,4,-1,[ OK ]
554.9,18-Jul-25 13:39:35,2988,21.55,0.1439,120.3,0.3657,0.5049,1.456,0,0,0,100,18.48,0.3712,403.9,-0.01497,0,0,0,0,0,0,0,4,4,-1,[ OK ]
555.3,18-Jul-25 13:39:35,2988,21.55,0.144,119.9,0.3652,0.504,1.461,0,0,0,100,18.48,0.3699,403.9,-0.01271,0,0,0,0,0,0,0,4,4,-1,[ OK ]
555.7,18-Jul-25 13:39:36,2988,21.55,0.1439,120.2,0.3657,0.5045,1.458,0,0,0,100,18.48,0.3702,403.8,-0.01233,0,0,0,0,0,0,0,4,4,-1,[ OK ]
556.2,18-Jul-25 13:39:36,2989,21.55,0.1441,119.7,0.3631,0.5049,1.456,0,0,0,100,18.48,0.3695,403.7,-0.01769,0,0,0,0,0,0,0,4,4,-1,[ OK ]
556.8,18-Jul-25 13:39:37,2989,21.55,0.1439,120.2,0.3642,0.5054,1.454,0,0,0,100,18.48,0.3664,404.1,-0.006232,0,0,0,0,0,0,0,4,4,-1,[ OK ]
557.2,18-Jul-25 13:39:37,2990,21.55,0.1439,120.4,0.3569,0.5032,1.466,0,0,0,100,18.48,0.3652,403.8,-0.02326,0,0,0,0,0,0,0,4,4,-1,[ OK ]
557.7,18-Jul-25 13:39:38,2990,21.55,0.144,119.9,0.3663,0.5047,1.458,0,0,0,100,18.48,0.3653,404.1,0.002952,0,0,0,0,0,0,0,4,4,-1,[ OK ]
558.2,18-Jul-25 13:39:38,2991,21.55,0.1441,119.8,0.3684,0.505,1.456,0,0,0,100,18.48,0.3663,404.2,0.005637,0,0,0,0,0,0,0,4,4,-1,[ OK ]
558.8,18-Jul-25 13:39:39,2991,21.55,0.1438,120.8,0.3691,0.5052,1.455,0,0,0,100,18.48,0.3653,404.1,0.01045,0,0,0,0,0,0,0,4,4,-1,[ OK ]
559.3,18-Jul-25 13:39:39,2992,21.57,0.1442,119.6,0.3646,0.5042,1.461,0,0,0,100,18.48,0.3671,404,-0.00663,0,0,0,0,0,0,0,4,4,-1,[ OK ]
560.0,18-Jul-25 13:39:40,2993,21.57,0.1443,119.2,0.3656,0.504,1.462,0,0,0,100,18.48,0.3659,403.8,-0.0007044,0,0,0,0,0,0,0,4,4,-1,[ OK ]
560.5,18-Jul-25 13:39:40,2993,21.57,0.1442,119.8,0.3655,0.5039,1.462,0,0,0,100,18.48,0.3647,404.2,0.00222,0,0,0,0,0,0,0,4,4,-1,[ OK ]
561.0,18-Jul-25 13:39:41,2994,21.57,0.1441,120,0.3663,0.5056,1.452,0,0,0,100,18.48,0.3678,403.9,-0.003976,0,0,0,0,0,0,0,4,4,-1,[ OK ]
561.6,18-Jul-25 13:39:42,2994,21.57,0.1439,120.6,0.3652,0.5051,1.455,0,0,0,100,18.48,0.3659,404.1,-0.001902,0,0,0,0,0,0,0,4,4,-1,[ OK ]
562.1,18-Jul-25 13:39:42,2995,21.57,0.144,120.2,0.3676,0.5039,1.462,0,0,0,100,18.48,0.3673,403.8,0.0008609,0,0,0,0,0,0,0,4,4,-1,[ OK ]
562.8,18-Jul-25 13:39:43,2995,21.57,0.1441,119.9,0.3654,0.505,1.456,0,0,0,100,18.48,0.3659,404.1,-0.001248,0,0,0,0,0,0,0,4,4,-1,[ OK ]
563.3,18-Jul-25 13:39:43,2996,21.57,0.144,120.3,0.3624,0.504,1.462,0,0,0,100,18.48,0.3694,403.9,-0.01942,0,0,0,0,0,0,0,4,4,-1,[ OK ]
564.5,18-Jul-25 13:39:44,2997,21.57,0,110.2,0.07102,0.5039,1.463,0,0,0,100,18.48,0.3551,403.9,0,0,-1,0,-2,0,-1,0,3.625,4,2,[ OK ]
565.8,18-Jul-25 13:39:46,2998,21.57,0,42.07,0.04076,0.5034,1.465,0,0,0,100,18.48,0.3523,404.1,0,0,-1,0,-2,0,-1,0,3.625,4,2,[ OK ]
566.6,18-Jul-25 13:39:47,2999,21.57,0,24.52,0.04007,0.5048,1.458,0,0,0,100,18.48,0.3471,403.8,0,0,-1,0,-2,0,-1,0,3.625,4,2,[ OK ]
567.1,18-Jul-25 13:39:47,3000,21.57,0,18.73,0.0366,0.5046,1.459,0,0,0,100,18.48,0.3478,403.8,0,0,-1,0,-2,0,-1,0,3.625,4,2,[ OK ]
567.7,18-Jul-25 13:39:48,3000,21.57,0,14.46,0.04146,0.5045,1.46,0,0,0,100,18.48,0.3499,403.8,0,0,-1,0,-2,0,-1,0,3.625,4,2,[ OK ]
568.9,18-Jul-25 13:39:49,3001,21.57,0,12.87,0.04126,0.5048,1.458,0,0,0,100,18.48,0.06248,160.2,0,0,-1,0,-2,0,-1,0.5,3,3,2,[ OK ]
667.8,18-Jul-25 13:41:28,3100,21.57,0,0.8768,0.03828,0,0.01209,0,0,0,100,18.48,0.002578,0,0,0,-1,0,-2,0,-1,1,2.75,2,4,[ OK ]
669.3,18-Jul-25 13:41:29,3101,21.57,0,0.7652,0.03828,0.3086,0.5157,0,0,0,100,18.48,0.001329,0,0,0,-1,0,-2,0,-1,1,3,3,4,[ OK ]
671.0,18-Jul-25 13:41:31,3103,21.57,0,0.5261,0.03848,0.4036,1.047,0,0,0,100,18.48,0.3569,403.9,0,0,-1,0,-2,0,-1,0,3.211,3,4,[ OK ]
672.8,18-Jul-25 13:41:33,3105,21.57,0,0.9406,0.04057,0.4482,1.296,0,0,0,100,18.48,0.357,404.1,0,0,-1,0,-2,0,-1,0,3.474,3,4,[ OK ]
674.5,18-Jul-25 13:41:34,3106,21.57,0.005577,78.31,0.04414,0.4687,1.395,0,0,0,100,18.48,0.3566,404.1,-1,0,-1,0,-2,0,0,0,3.684,3,4,[ OK ]
676.1,18-Jul-25 13:41:36,3108,21.57,0.0246,49.53,0.03888,0.5634,1.908,0,0,0,100,18.48,0.3578,404.1,-1,0,-1,0,-2,0,0,0,3.789,3,4,[ OK ]
677.3,18-Jul-25 13:41:37,3110,21.57,0.05007,41.23,0.04424,0.5762,1.953,0,0,0,100,18.48,0.3566,404.1,-1,0,-1,0,-2,0,0,0,3.789,3,4,[ OK ]
677.9,18-Jul-25 13:41:38,3111,21.57,0.05688,47.94,0.04265,0.5769,1.975,0,0,0,100,18.48,0.3564,404,-1,0,-1,0,-2,0,0,0,3.789,3,4,[ OK ]
678.6,18-Jul-25 13:41:38,3111,21.57,0.06064,52.54,0.04979,0.5799,1.973,0,0,0,100,18.48,0.358,404,-1,0,-1,0,-2,0,0,0,3.789,3,4,[ OK ]
679.1,18-Jul-25 13:41:39,3112,21.57,0.06415,57.14,0.04473,0.5826,1.971,0,0,0,100,18.48,0.3591,404.2,-1,0,-1,0,-2,0,0,0,3.789,3,4,[ OK ]
679.6,18-Jul-25 13:41:40,3112,21.57,0.06655,59.26,0.04602,0.5819,1.984,0,0,0,100,18.48,0.3578,404.1,-1,0,-1,0,-2,0,0,0,3.789,3,4,[ OK ]
680.1,18-Jul-25 13:41:40,3113,21.57,0.06898,63.07,0.04265,0.584,1.982,0,0,0,100,18.48,0.3537,404.2,-1,0,-1,0,-2,0,0,0,3.789,3,4,[ OK ]
680.6,18-Jul-25 13:41:41,3113,21.57,0.07042,65.3,0.04354,0.5859,1.978,0,0,0,100,18.48,0.3516,403.9,-1,0,-1,0,-2,0,0,0,3.789,3,4,[ OK ]
681.0,18-Jul-25 13:41:41,3114,21.57,0.07208,67,0.04572,0.5864,1.981,0,0,0,100,18.48,0.3496,404.3,-1,0,-1,0,-2,0,0,0,3.789,3,4,[ OK ]
681.5,18-Jul-25 13:41:41,3114,21.57,0.07321,68.63,0.04483,0.5867,1.985,0,0,0,100,18.48,0.3516,403.9,-1,0,-1,0,-2,0,0,0,3.789,3,4,[ OK ]
682.1,18-Jul-25 13:41:42,3115,21.57,0.0742,71.8,0.04572,0.5875,1.986,0,0,0,100,18.48,0.3512,403.9,-1,0,-1,0,-2,0,0,0,3.789,3,4,[ OK ]
682.6,18-Jul-25 13:41:43,3115,21.57,0.07529,72.15,0.04592,0.5886,1.985,0,0,0,100,18.48,0.3516,403.9,-1,0,-1,0,-2,0,0,0,3.789,3,4,[ OK ]
683.1,18-Jul-25 13:41:43,3116,21.57,0.07623,73.46,0.04225,0.5894,1.986,0,0,0,100,18.48,0.3508,404.1,-1,0,-1,0,-2,0,0,0,3.789,3,4,[ OK ]
683.6,18-Jul-25 13:41:44,3116,21.57,0.0768,74.48,0.04295,0.5901,1.986,0,0,0,100,18.48,0.3499,404,-1,0,-1,0,-2,0,0,0,3.789,3,4,[ OK ]
684.1,18-Jul-25 13:41:44,3117,21.57,0.07736,75.25,0.04602,0.5892,1.996,0,0,0,100,18.48,0.3503,404.3,-1,0,-1,0,-2,0,0,0,3.789,3,4,[ OK ]
684.6,18-Jul-25 13:41:44,3117,21.57,0.07772,76.12,0.04156,0.5906,1.992,0,0,0,100,18.48,0.3487,404,-1,0,-1,0,-2,0,0,0,3.789,3,4,[ OK ]
685.1,18-Jul-25 13:41:45,3118,21.57,0.07826,76.71,0.04602,0.5922,1.989,0,0,0,100,18.48,0.3479,404.2,-1,0,-1,0,-2,0,0,0,3.789,3,4,[ OK ]
685.6,18-Jul-25 13:41:46,3118,21.57,0.07881,76.39,0.04523,0.5933,1.985,0,0,0,100,18.48,0.3496,404.3,-1,0,-1,0,-2,0,0,0,3.789,3,4,[ OK ]
686.1,18-Jul-25 13:41:46,3119,21.57,0.0791,77.17,0.04414,0.5931,1.991,0,0,0,100,18.48,0.3504,403.9,-1,0,-1,0,-2,0,0,0,3.789,3,4,[ OK ]
686.6,18-Jul-25 13:41:47,3119,21.57,0.07932,77.54,0.04939,0.5936,1.992,0,0,0,100,18.48,0.3495,404.1,-1,0,-1,0,-2,0,0,0,3.789,3,4,[ OK ]
687.2,18-Jul-25 13:41:47,3120,21.57,0.07939,78.53,0.04572,0.5948,1.991,0,0,0,100,18.48,0.3485,404,-1,0,-1,0,-2,0,0,0,3.789,3,4,[ OK ]
687.7,18-Jul-25 13:41:48,3120,21.57,0.07968,78.27,0.04503,0.5951,1.992,0,0,0,100,18.48,0.3472,404,-1,0,-1,0,-2,0,0,0,3.789,3,4,[ OK ]
688.1,18-Jul-25 13:41:48,3121,21.57,0.07968,79.06,0.04622,0.5942,2,0,0,0,100,18.48,0.3458,403.9,-1,0,-1,0,-2,0,0,0,3.789,3,4,[ OK ]
688.6,18-Jul-25 13:41:49,3121,21.57,0.07994,78.72,0.04682,0.5958,1.995,0,0,0,100,18.48,0.344,404.2,-1,0,-1,0,-2,0,0,0,3.789,3,4,[ OK ]
689.2,18-Jul-25 13:41:49,3122,21.57,0.07997,79.25,0.04751,0.5973,1.991,0,0,0,100,18.48,0.3448,404.3,-1,0,-1,0,-2,0,0,0,3.789,3,4,[ OK ]
689.6,18-Jul-25 13:41:50,3122,21.57,0.08014,79.15,0.04374,0.5972,1.995,0,0,0,100,18.48,0.3448,404.2,-1,0,-1,0,-2,0,0,0,3.789,3,4,[ OK ]
690.1,18-Jul-25 13:41:50,3123,21.57,0.08037,78.78,0.04622,0.5968,2,0,0,0,100,18.48,0.3456,404.3,-1,0,-1,0,-2,0,0,0,3.789,3,4,[ OK ]
690.6,18-Jul-25 13:41:51,3123,21.57,0.08027,79.36,0.04523,0.5991,1.991,0,0,0,100,18.48,0.3453,404.2,-1,0,-1,0,-2,0,0,0,3.789,3,4,[ OK ]
691.0,18-Jul-25 13:41:51,3124,21.57,0.0802,79.82,0.04652,0.5988,1.995,0,0,0,100,18.48,0.3425,404,-1,0,-1,0,-2,0,0,0,3.789,3,4,[ OK ]
691.5,18-Jul-25 13:41:51,3124,21.57,0.0804,79.58,0.04523,0.5996,1.994,0,0,0,100,18.48,0.3445,403.9,-1,0,-1,0,-2,0,0,0,3.789,3,4,[ OK ]
692.0,18-Jul-25 13:41:52,3125,21.57,0.08056,79.37,0.04632,0.5994,1.999,0,0,0,100,18.48,0.3416,404.2,-1,0,-1,0,-2,0,0,0,3.789,3,4,[ OK ]
692.5,18-Jul-25 13:41:52,3125,21.57,0.08041,80.04,0.04553,0.5999,2,0,0,0,100,18.48,0.3409,404.3,-1,0,-1,0,-2,0,0,0,3.789,3,4,[ OK ]
693.0,18-Jul-25 13:41:53,3126,21.57,0.08048,79.95,0.04453,0.6005,2.001,0,0,0,100,18.48,0.3413,403.9,-1,0,-1,0,-2,0,0,0,3.789,3,4,[ OK ]
693.6,18-Jul-25 13:41:53,3126,21.57,0.08048,80.01,0.04195,0.6027,1.991,0,0,0,100,18.48,0.3406,404.1,-1,0,-1,0,-2,0,0,0,3.789,3,4,[ OK ]
694.0,18-Jul-25 13:41:54,3127,21.57,0.08062,79.71,0.04553,0.6031,1.991,0,0,0,100,18.48,0.3383,404.2,-1,0,-1,0,-2,0,0,0,3.789,3,4,[ OK ]
694.4,18-Jul-25 13:41:54,3127,21.57,0.08058,79.85,0.04582,0.6021,2,0,0,0,100,18.48,0.3391,404.2,-1,0,-1,0,-2,0,0,0,3.789,3,4,[ OK ]
694.8,18-Jul-25 13:41:55,3128,21.57,0.08071,79.63,0.0489,0.6037,1.993,0,0,0,100,18.48,0.3412,404.3,-1,0,-1,0,-2,0,0,0,3.789,3,4,[ OK ]
695.3,18-Jul-25 13:41:55,3128,21.57,0.08065,79.85,0.04493,0.6042,1.993,0,0,0,100,18.48,0.3396,403.9,-1,0,-1,0,-2,0,0,0,3.789,3,4,[ OK ]
695.7,18-Jul-25 13:41:56,3128,21.57,0.08068,79.82,0.04453,0.6057,1.988,0,0,0,100,18.48,0.3382,403.9,-1,0,-1,0,-2,0,0,0,3.789,3,4,[ OK ]
696.2,18-Jul-25 13:41:56,3129,21.57,0.08072,79.77,0.04582,0.6055,1.992,0,0,0,100,18.48,0.3391,404.3,-1,0,-1,0,-2,0,0,0,3.789,3,4,[ OK ]
696.7,18-Jul-25 13:41:57,3129,21.57,0.08082,79.65,0.04533,0.6058,1.993,0,0,0,100,18.48,0.3394,403.9,-1,0,-1,0,-2,0,0,0,3.789,3,4,[ OK ]
697.1,18-Jul-25 13:41:57,3130,21.57,0.08082,79.71,0.04533,0.6062,1.992,0,0,0,100,18.48,0.3392,403.9,-1,0,-1,0,-2,0,0,0,3.789,3,4,[ OK ]
697.6,18-Jul-25 13:41:58,3130,21.57,0.08077,79.9,0.04612,0.6077,1.987,0,0,0,100,18.48,0.3381,403.9,-1,0,-1,0,-2,0,0,0,3.789,3,4,[ OK ]
698.0,18-Jul-25 13:41:58,3131,21.57,0.08073,80.06,0.04483,0.608,1.986,0,0,0,100,18.48,0.3382,403.8,-1,0,-1,0,-2,0,0,0,3.789,3,4,[ OK ]
698.5,18-Jul-25 13:41:58,3131,21.57,0.08069,80.03,0.04235,0.6075,1.992,0,0,0,100,18.48,0.3371,404.2,-1,0,-1,0,-2,0,0,0,3.789,3,4,[ OK ]
699.0,18-Jul-25 13:41:59,3132,21.57,0.08062,80.25,0.04414,0.6075,1.995,0,0,0,100,18.48,0.342,404.2,-1,0,-1,0,-2,0,0,0,3.789,3,4,[ OK ]
699.5,18-Jul-25 13:41:59,3132,21.57,0.0808,79.77,0.0489,0.6083,1.994,0,0,0,100,18.48,0.3422,403.9,-1,0,-1,0,-2,0,0,0,3.789,3,4,[ OK ]
699.9,18-Jul-25 13:42:00,3133,21.57,0.08053,80.57,0.04493,0.6095,1.989,0,0,0,100,18.48,0.3419,404.2,-1,0,-1,0,-2,0,0,0,3.789,3,4,[ OK ]
700.3,18-Jul-25 13:42:00,3133,21.57,0.08076,79.88,0.04731,0.6082,1.999,0,0,0,100,18.48,0.3409,404.1,-1,0,-1,0,-2,0,0,0,3.789,3,4,[ OK ]
700.7,18-Jul-25 13:42:01,3133,21.57,0.08075,80,0.04553,0.6098,1.992,0,0,0,100,18.48,0.3396,403.8,-1,0,-1,0,-2,0,0,0,3.789,3,4,[ OK ]
701.1,18-Jul-25 13:42:01,3134,21.57,0.08076,79.92,0.04493,0.6086,2.002,0,0,0,100,18.48,0.3404,403.9,-1,0,-1,0,-2,0,0,0,3.789,3,4,[ OK ]
701.6,18-Jul-25 13:42:02,3134,21.57,0.08065,80.31,0.04543,0.6108,1.993,0,0,0,100,18.48,0.339,404,-1,0,-1,0,-2,0,0,0,3.789,3,4,[ OK ]
702.1,18-Jul-25 13:42:02,3135,21.57,0.08078,79.92,0.04731,0.6119,1.99,0,0,0,100,18.48,0.3437,403.9,-1,0,-1,0,-2,0,0,0,3.789,3,4,[ OK ]
702.5,18-Jul-25 13:42:02,3135,21.58,0.08089,79.63,0.04295,0.6113,1.995,0,0,0,100,18.48,0.3441,403.8,-1,0,-1,0,-2,0,0,0,3.789,3,4,[ OK ]
703.0,18-Jul-25 13:42:03,3136,21.58,0.08074,80.06,0.04672,0.6122,1.992,0,0,0,100,18.48,0.3455,404.2,-1,0,-1,0,-2,0,0,0,3.789,3,4,[ OK ]
703.5,18-Jul-25 13:42:03,3136,21.58,0.08074,80.04,0.04334,0.6126,1.992,0,0,0,100,18.48,0.3465,404.2,-1,0,-1,0,-2,0,0,0,3.789,3,4,[ OK ]
703.9,18-Jul-25 13:42:04,3137,21.58,0.08076,80.01,0.04612,0.6115,2.002,0,0,0,100,18.48,0.3429,403.9,-1,0,-1,0,-2,0,0,0,3.789,3,4,[ OK ]
704.2,18-Jul-25 13:42:04,3137,21.58,0.08057,80.54,0.04562,0.6126,1.997,0,0,0,100,18.48,0.3431,404.3,-1,0,-1,0,-2,0,0,0,3.789,3,4,[ OK ]
704.7,18-Jul-25 13:42:05,3137,21.58,0.08078,79.92,0.04731,0.6152,1.983,0,0,0,100,18.48,0.3433,403.9,-1,0,-1,0,-2,0,0,0,3.789,3,4,[ OK ]
705.0,18-Jul-25 13:42:05,3138,21.58,0.08023,81.62,0.04602,0.614,1.99,0,0,0,100,18.48,0.3445,404.2,-1,0,-1,0,-2,0,0,0,3.789,3,4,[ OK ]
705.5,18-Jul-25 13:42:05,3138,21.58,0.08085,79.82,0.04424,0.6134,1.996,0,0,0,100,18.48,0.3441,403.9,-1,0,-1,0,-2,0,0,0,3.789,3,4,[ OK ]
706.0,18-Jul-25 13:42:06,3139,21.58,0.0807,80.28,0.04622,0.6145,1.992,0,0,0,100,18.48,0.3433,404.2,-1,0,-1,0,-2,0,0,0,3.789,3,4,[ OK ]
706.4,18-Jul-25 13:42:06,3139,21.58,0.08097,79.5,0.04553,0.6149,1.992,0,0,0,100,18.48,0.3439,403.8,-1,0,-1,0,-2,0,0,0,3.789,3,4,[ OK ]
706.9,18-Jul-25 13:42:07,3140,21.58,0.08112,79.07,0.04513,0.6154,1.992,0,0,0,100,18.48,0.3428,403.9,-1,0,-1,0,-2,0,0,0,3.789,3,4,[ OK ]
707.3,18-Jul-25 13:42:07,3140,21.58,0.08062,80.57,0.04453,0.6146,1.998,0,0,0,100,18.48,0.3445,403.9,-1,0,-1,0,-2,0,0,0,3.789,3,4,[ OK ]
707.8,18-Jul-25 13:42:08,3140,21.58,0.08079,80.03,0.04691,0.617,1.986,0,0,0,100,18.48,0.3432,404.2,-1,0,-1,0,-2,0,0,0,3.789,3,4,[ OK ]
708.3,18-Jul-25 13:42:08,3141,21.58,0.08085,79.84,0.04523,0.6153,1.998,0,0,0,100,18.48,0.3431,403.9,-1,0,-1,0,-2,0,0,0,3.789,3,4,[ OK ]
708.6,18-Jul-25 13:42:09,3141,21.58,0.08083,79.98,0.049,0.6158,1.997,0,0,0,100,18.48,0.3441,403.9,-1,0,-1,0,-2,0,0,0,3.789,3,4,[ OK ]
709.1,18-Jul-25 13:42:09,3142,21.58,0.08077,80.09,0.04652,0.6159,1.999,0,0,0,100,18.48,0.3448,403.9,-1,0,-1,0,-2,0,0,0,3.789,3,4,[ OK ]
709.4,18-Jul-25 13:42:09,3142,21.58,0.08094,79.45,0.04612,0.6169,1.995,0,0,0,100,18.48,0.3464,403.8,-1,0,-1,0,-2,0,0,0,3.789,3,4,[ OK ]
709.9,18-Jul-25 13:42:10,3143,21.58,0.08079,79.93,0.04622,0.616,2.002,0,0,0,100,18.48,0.3431,403.9,-1,0,-1,0,-2,0,0,0,3.789,3,4,[ OK ]
710.3,18-Jul-25 13:42:10,3143,21.58,0.08069,80.31,0.04682,0.6173,1.997,0,0,0,100,18.48,0.343,404.1,-1,0,-1,0,-2,0,0,0,3.789,3,4,[ OK ]
711.5,18-Jul-25 13:42:11,3143,21.58,0.08111,79.07,0.1385,0.5641,1.735,0,0,0,100,18.48,0.3636,403.9,-1,0,0,0,0,0,0,0,4,4,-1,[ OK ]
713.4,18-Jul-25 13:42:13,3146,21.58,0.08408,76.95,0.1635,0.5245,1.538,0,0,0,100,18.48,0.3715,403.9,-1,0,0,0,0,0,0,0,4,4,-1,[ OK ]
714.0,18-Jul-25 13:42:14,3147,21.58,0.08633,73.46,0.3693,0.5199,1.517,0,0,0,100,18.48,0.3958,404.3,-0.0717,0,0,0,0,0,0,0,4,4,-1,[ OK ]
714.5,18-Jul-25 13:42:14,3147,21.58,0.08725,73.46,0.3682,0.5168,1.513,0,0,0,100,18.48,0.3955,404,-0.07411,0,0,0,0,0,0,0,4,4,-1,[ OK ]
714.9,18-Jul-25 13:42:15,3148,21.58,0.08831,73.46,0.3782,0.5161,1.499,0,0,0,100,18.48,0.3949,404.1,-0.04406,0,0,0,0,0,0,0,4,4,-1,[ OK ]
715.3,18-Jul-25 13:42:15,3148,21.58,0.08972,72.31,0.3918,0.5142,1.495,0,0,0,100,18.48,0.3951,404.2,-0.008461,0,0,0,0,0,0,0,4,4,-1,[ OK ]
715.7,18-Jul-25 13:42:16,3148,21.58,0.0907,72.18,0.3834,0.5121,1.495,0,0,0,100,18.48,0.3944,404.2,-0.02875,0,0,0,0,0,0,0,4,4,-1,[ OK ]
716.2,18-Jul-25 13:42:16,3149,21.58,0.09118,73.46,0.3827,0.5126,1.483,0,0,0,100,18.48,0.3941,404.2,-0.02988,0,0,0,0,0,0,0,4,4,-1,[ OK ]
716.6,18-Jul-25 13:42:17,3149,21.58,0.09186,74.02,0.3846,0.5102,1.488,0,0,0,100,18.48,0.3918,404,-0.01876,0,0,0,0,0,0,0,4,4,-1,[ OK ]
717.0,18-Jul-25 13:42:17,3150,21.58,0.09254,74.32,0.3836,0.5114,1.473,0,0,0,100,18.48,0.3924,404.2,-0.02307,0,0,0,0,0,0,0,4,4,-1,[ OK ]
717.4,18-Jul-25 13:42:17,3150,21.58,0.09254,76.46,0.1498,0.5114,1.467,0,0,0,100,18.48,0.3657,404.2,-1,0,0,0,0,0,0,0,4,4,-1,[ OK ]
717.8,18-Jul-25 13:42:18,3151,21.58,0.09219,78.48,0.1498,0.5104,1.468,0,0,0,100,18.48,0.3661,404,-1,0,0,0,0,0,0,0,4,4,-1,[ OK ]
718.2,18-Jul-25 13:42:18,3151,21.58,0.09115,81.62,0.1477,0.5101,1.465,0,0,0,100,18.48,0.3653,403.9,-1,0,0,0,0,0,0,0,4,4,-1,[ OK ]
718.7,18-Jul-25 13:42:19,3151,21.58,0.09072,82.23,0.1472,0.5094,1.465,0,0,0,100,18.48,0.3644,404.1,-1,0,0,0,0,0,0,0,4,4,-1,[ OK ]
719.1,18-Jul-25 13:42:19,3152,21.58,0.09036,82.51,0.1435,0.5088,1.465,0,0,0,100,18.48,0.3642,403.8,-1,0,0,0,0,0,0,0,4,4,-1,[ OK ]
719.5,18-Jul-25 13:42:19,3152,21.58,0.09015,82.13,0.1416,0.5074,1.471,0,0,0,100,18.48,0.3635,403.8,-1,0,0,0,0,0,0,0,4,4,-1,[ OK ]
719.9,18-Jul-25 13:42:20,3153,21.58,0.08953,82.95,0.1407,0.5081,1.465,0,0,0,100,18.48,0.362,403.9,-1,0,0,0,0,0,0,0,4,4,-1,[ OK ]
720.3,18-Jul-25 13:42:20,3153,21.58,0.08943,82.16,0.141,0.5072,1.469,0,0,0,100,18.48,0.3603,404.1,-1,0,0,0,0,0,0,0,4,4,-1,[ OK ]
720.7,18-Jul-25 13:42:21,3153,21.58,0.08897,82.51,0.1379,0.5081,1.463,0,0,0,100,18.48,0.361,404.2,-1,0,0,0,0,0,0,0,4,4,-1,[ OK ]
721.2,18-Jul-25 13:42:21,3154,21.58,0.08846,83.01,0.1395,0.5085,1.459,0,0,0,100,18.48,0.3601,403.8,-1,0,0,0,0,0,0,0,4,4,-1,[ OK ]
721.6,18-Jul-25 13:42:22,3154,21.58,0.08846,82.23,0.138,0.5074,1.465,0,0,0,100,18.48,0.3613,403.9,-1,0,0,0,0,0,0,0,4,4,-1,[ OK ]
722.0,18-Jul-25 13:42:22,3155,21.58,0.08838,81.62,0.1379,0.5069,1.466,0,0,0,100,18.48,0.3615,404.2,-1,0,0,0,0,0,0,0,4,4,-1,[ OK ]
722.4,18-Jul-25 13:42:22,3155,21.58,0.08802,81.91,0.1379,0.5067,1.466,0,0,0,100,18.48,0.3613,404.2,-1,0,0,0,0,0,0,0,4,4,-1,[ OK ]
722.8,18-Jul-25 13:42:23,3156,21.58,0.08786,81.62,0.1379,0.5088,1.454,0,0,0,100,18.48,0.3606,404.1,-1,0,0,0,0,0,0,0,4,4,-1,[ OK ]
723.1,18-Jul-25 13:42:23,3156,21.58,0.0877,81.62,0.1301,0.5074,1.461,0,0,0,100,18.48,0.3608,403.9,-1,0,0,0,0,0,0,0,4,4,-1,[ OK ]
723.5,18-Jul-25 13:42:23,3156,21.58,0.08748,81.62,0.1311,0.5069,1.463,0,0,0,100,18.48,0.3647,404,-1,0,0,0,0,0,0,0,4,4,-1,[ OK ]
723.9,18-Jul-25 13:42:24,3157,21.58,0.08725,81.67,0.1312,0.5082,1.454,0,0,0,100,18.48,0.3624,403.9,-1,0,0,0,0,0,0,0,4,4,-1,[ OK ]
724.4,18-Jul-25 13:42:24,3157,21.58,0.08707,81.62,0.1306,0.5074,1.458,0,0,0,100,18.48,0.3612,404.2,-1,0,0,0,0,0,0,0,4,4,-1,[ OK ]
724.8,18-Jul-25 13:42:25,3157,21.58,0.08686,81.62,0.1298,0.5071,1.459,0,0,0,100,18.48,0.3643,403.7,-1,0,0,0,0,0,0,0,4,4,-1,[ OK ]
725.2,18-Jul-25 13:42:25,3158,21.58,0.08667,81.62,0.1379,0.5063,1.463,0,0,0,100,18.48,0.3645,404.2,-1,0,0,0,0,0,0,0,4,4,-1,[ OK ]
725.8,18-Jul-25 13:42:26,3158,21.58,0.08658,81.62,0.1255,0.508,1.453,0,0,0,100,18.48,0.3625,403.8,-1,0,0,0,0,0,0,0,4,4,-1,[ OK ]
726.4,18-Jul-25 13:42:26,3159,21.58,0.08906,81.62,0.1298,0.5056,1.467,0,0,0,100,18.48,0.3658,404.1,-1,0,0,0,0,0,0,0,4,4,-1,[ OK ]
726.8,18-Jul-25 13:42:27,3159,21.58,0.09121,81.92,0.1307,0.5061,1.464,0,0,0,100,18.48,0.3643,404.1,-1,0,0,0,0,0,0,0,4,4,-1,[ OK ]
727.3,18-Jul-25 13:42:27,3160,21.58,0.09198,83.26,0.1379,0.5079,1.453,0,0,0,100,18.48,0.3635,404.2,-1,0,0,0,0,0,0,0,4,4,-1,[ OK ]
727.6,18-Jul-25 13:42:28,3160,21.58,0.09258,83.47,0.1379,0.5061,1.463,0,0,0,100,18.48,0.3622,403.9,-1,0,0,0,0,0,0,0,4,4,-1,[ OK ]
727.9,18-Jul-25 13:42:28,3161,21.58,0.09537,83.93,0.1318,0.5063,1.462,0,0,0,100,18.48,0.3629,403.9,-1,0,0,0,0,0,0,0,4,4,-1,[ OK ]
728.4,18-Jul-25 13:42:28,3161,21.58,0.09615,85.62,0.1379,0.5053,1.467,0,0,0,100,18.48,0.3631,404.2,-1,0,0,0,0,0,0,0,4,4,-1,[ OK ]
728.7,18-Jul-25 13:42:29,3161,21.58,0.09681,86.26,0.1379,0.5079,1.452,0,0,0,100,18.48,0.3633,404.2,-1,0,0,0,0,0,0,0,4,4,-1,[ OK ]
729.0,18-Jul-25 13:42:29,3162,21.58,0.09957,87.55,0.1379,0.5067,1.46,0,0,0,100,18.48,0.3615,403.8,-1,0,0,0,0,0,0,0,4,4,-1,[ OK ]
729.3,18-Jul-25 13:42:29,3162,21.58,0.09998,89.78,0.1379,0.5064,1.46,0,0,0,100,18.48,0.3601,403.8,-1,0,0,0,0,0,0,0,4,4,-1,[ OK ]
729.8,18-Jul-25 13:42:30,3162,21.58,0.103,89.78,0.14,0.5059,1.463,0,0,0,100,18.48,0.36,404.2,-1,0,0,0,0,0,0,0,4,4,-1,[ OK ]
730.2,18-Jul-25 13:42:30,3163,21.58,0.1044,91.94,0.1379,0.5061,1.461,0,0,0,100,18.48,0.3603,403.8,-1,0,0,0,0,0,0,0,4,4,-1,[ OK ]
730.5,18-Jul-25 13:42:30,3163,21.58,0.1055,92.27,0.1379,0.5074,1.453,0,0,0,100,18.48,0.359,403.9,-1,0,0,0,0,0,0,0,4,4,-1,[ OK ]
730.9,18-Jul-25 13:42:31,3164,21.58,0.1077,94.26,0.1383,0.5049,1.468,0,0,0,100,18.48,0.359,403.9,-1,0,0,0,0,0,0,0,4,4,-1,[ OK ]
731.2,18-Jul-25 13:42:31,3164,21.58,0.109,95.89,0.1379,0.5065,1.458,0,0,0,100,18.48,0.3577,404.2,-1,0,0,0,0,0,0,0,4,4,-1,[ OK ]
732.0,18-Jul-25 13:42:32,3164,21.58,0.1102,97.95,0.1379,0.5053,1.464,0,0,0,100,18.48,0.3586,403.9,-1,0,0,0,0,0,0,0,4,4,-1,[ OK ]
732.4,18-Jul-25 13:42:32,3165,21.58,0.1174,100.8,0.1381,0.5062,1.459,0,0,0,100,18.48,0.3582,404.2,-1,0,0,0,0,0,0,0,4,4,-1,[ OK ]
732.7,18-Jul-25 13:42:33,3165,21.58,0.1188,102,0.1307,0.5074,1.452,0,0,0,100,18.48,0.3588,404.1,-1,0,0,0,0,0,0,0,4,4,-1,[ OK ]
733.0,18-Jul-25 13:42:33,3166,21.58,0.1199,103.7,0.1402,0.5055,1.463,0,0,0,100,18.48,0.3571,404.1,-1,0,0,0,0,0,0,0,4,4,-1,[ OK ]
733.4,18-Jul-25 13:42:33,3166,21.58,0.1216,104.7,0.1395,0.5054,1.464,0,0,0,100,18.48,0.358,404.1,-1,0,0,0,0,0,0,0,4,4,-1,[ OK ]
733.8,18-Jul-25 13:42:34,3167,21.58,0.1225,107.6,0.1438,0.5056,1.463,0,0,0,100,18.48,0.3554,403.9,-1,0,0,0,0,0,0,0,4,4,-1,[ OK ]
734.1,18-Jul-25 13:42:34,3167,21.58,0.1238,107.6,0.1414,0.5062,1.459,0,0,0,100,18.48,0.3545,403.9,-1,0,0,0,0,0,0,0,4,4,-1,[ OK ]
734.4,18-Jul-25 13:42:34,3167,21.58,0.1245,108.8,0.1415,0.5066,1.457,0,0,0,100,18.48,0.3557,403.9,-1,0,0,0,0,0,0,0,4,4,-1,[ OK ]
734.7,18-Jul-25 13:42:35,3167,21.58,0.1254,109.3,0.1416,0.5054,1.463,0,0,0,100,18.48,0.3567,403.8,-1,0,0,0,0,0,0,0,4,4,-1,[ OK ]
735.1,18-Jul-25 13:42:35,3168,21.58,0.1262,111,0.1403,0.5057,1.461,0,0,0,100,18.48,0.3555,404,-1,0,0,0,0,0,0,0,4,4,-1,[ OK ]
735.4,18-Jul-25 13:42:35,3168,21.58,0.1271,110.6,0.1412,0.5057,1.461,0,0,0,100,18.48,0.3555,404.2,-1,0,0,0,0,0,0,0,4,4,-1,[ OK ]
735.7,18-Jul-25 13:42:36,3168,21.58,0.1275,111.8,0.1414,0.5061,1.458,0,0,0,100,18.48,0.356,404.2,-1,0,0,0,0,0,0,0,4,4,-1,[ OK ]
736.0,18-Jul-25 13:42:36,3169,21.58,0.1281,112.3,0.1425,0.5071,1.452,0,0,0,100,18.48,0.357,404.1,-1,0,0,0,0,0,0,0,4,4,-1,[ OK ]
736.3,18-Jul-25 13:42:36,3169,21.58,0.1286,113.1,0.1425,0.5059,1.459,0,0,0,100,18.48,0.3554,404.1,-1,0,0,0,0,0,0,0,4,4,-1,[ OK ]
736.7,18-Jul-25 13:42:37,3169,21.58,0.129,114.3,0.1429,0.5047,1.466,0,0,0,100,18.48,0.357,404,-1,0,0,0,0,0,0,0,4,4,-1,[ OK ]
737.1,18-Jul-25 13:42:37,3170,21.58,0.1297,114.3,0.1428,0.5074,1.45,0,0,0,100,18.48,0.3554,403.8,-1,0,0,0,0,0,0,0,4,4,-1,[ OK ]
737.4,18-Jul-25 13:42:37,3170,21.58,0.1299,115.3,0.1435,0.5052,1.463,0,0,0,100,18.48,0.3565,403.9,-1,0,0,0,0,0,0,0,4,4,-1,[ OK ]
737.8,18-Jul-25 13:42:38,3171,21.58,0.1305,115.4,0.1417,0.5048,1.466,0,0,0,100,18.48,0.3564,403.9,-1,0,0,0,0,0,0,0,4,4,-1,[ OK ]
738.1,18-Jul-25 13:42:38,3171,21.58,0.131,115.4,0.1411,0.5052,1.463,0,0,0,100,18.48,0.3563,403.9,-1,0,0,0,0,0,0,0,4,4,-1,[ OK ]
738.5,18-Jul-25 13:42:38,3171,21.58,0.1312,116.4,0.1441,0.5056,1.461,0,0,0,100,18.48,0.3567,403.9,-1,0,0,0,0,0,0,0,4,4,-1,[ OK ]
738.9,18-Jul-25 13:42:39,3172,21.58,0.1317,116.5,0.1396,0.5056,1.461,0,0,0,100,18.48,0.3545,404,-1,0,0,0,0,0,0,0,4,4,-1,[ OK ]
739.3,18-Jul-25 13:42:39,3172,21.58,0.132,116.8,0.1395,0.5058,1.46,0,0,0,100,18.48,0.3555,403.9,-1,0,0,0,0,0,0,0,4,4,-1,[ OK ]
739.8,18-Jul-25 13:42:40,3172,21.58,0.1323,117.3,0.1429,0.5056,1.461,0,0,0,100,18.48,0.3562,403.9,-1,0,0,0,0,0,0,0,4,4,-1,[ OK ]
740.2,18-Jul-25 13:42:40,3173,21.58,0.1324,118.1,0.1414,0.5056,1.46,0,0,0,100,18.48,0.3547,404,-1,0,0,0,0,0,0,0,4,4,-1,[ OK ]
740.6,18-Jul-25 13:42:41,3173,21.58,0.1328,117.9,0.1417,0.5048,1.465,0,0,0,100,18.48,0.3522,403.8,-1,0,0,0,0,0,0,0,4,4,-1,[ OK ]
740.9,18-Jul-25 13:42:41,3174,21.58,0.1331,117.7,0.1434,0.5054,1.462,0,0,0,100,18.48,0.3544,403.8,-1,0,0,0,0,0,0,0,4,4,-1,[ OK ]
741.3,18-Jul-25 13:42:41,3174,21.58,0.1333,117.6,0.1434,0.5046,1.467,0,0,0,100,18.48,0.3541,403.9,-1,0,0,0,0,0,0,0,4,4,-1,[ OK ]
741.7,18-Jul-25 13:42:42,3174,21.58,0.1335,117.9,0.1423,0.5057,1.46,0,0,0,100,18.48,0.3526,404.1,-1,0,0,0,0,0,0,0,4,4,-1,[ OK ]
742.1,18-Jul-25 13:42:42,3175,21.58,0.1337,117.9,0.1438,0.5054,1.462,0,0,0,100,18.48,0.3524,404.2,-1,0,0,0,0,0,0,0,4,4,-1,[ OK ]
742.5,18-Jul-25 13:42:42,3175,21.58,0.1337,118.4,0.1418,0.5059,1.458,0,0,0,100,18.48,0.3525,404.1,-1,0,0,0,0,0,0,0,4,4,-1,[ OK ]
742.8,18-Jul-25 13:42:43,3176,21.58,0.1336,119.3,0.1395,0.5063,1.455,0,0,0,100,18.48,0.3533,404.1,-1,0,0,0,0,0,0,0,4,4,-1,[ OK ]
743.4,18-Jul-25 13:42:43,3176,21.58,0.1339,118.8,0.1417,0.5052,1.462,0,0,0,100,18.48,0.3499,404.2,-1,0,0,0,0,0,0,0,4,4,-1,[ OK ]
743.8,18-Jul-25 13:42:44,3176,21.58,0.134,118.9,0.1448,0.5057,1.459,0,0,0,100,18.48,0.352,404.1,-1,0,0,0,0,0,0,0,4,4,-1,[ OK ]
744.2,18-Jul-25 13:42:44,3177,21.58,0.1341,119.1,0.1409,0.5063,1.455,0,0,0,100,18.48,0.3552,404,-1,0,0,0,0,0,0,0,4,4,-1,[ OK ]
744.6,18-Jul-25 13:42:44,3177,21.58,0.134,119.8,0.1434,0.5053,1.46,0,0,0,100,18.48,0.3537,404,-1,0,0,0,0,0,0,0,4,4,-1,[ OK ]
745.0,18-Jul-25 13:42:45,3178,21.58,0.1341,119.7,0.1425,0.5065,1.452,0,0,0,100,18.48,0.3546,404.2,-1,0,0,0,0,0,0,0,4,4,-1,[ OK ]
745.3,18-Jul-25 13:42:45,3178,21.58,0.1342,119.7,0.1396,0.5062,1.454,0,0,0,100,18.48,0.3551,403.8,-1,0,0,0,0,0,0,0,4,4,-1,[ OK ]
745.7,18-Jul-25 13:42:46,3178,21.58,0.1344,119.5,0.1437,0.5042,1.466,0,0,0,100,18.48,0.3562,404.2,-1,0,0,0,0,0,0,0,4,4,-1,[ OK ]
746.1,18-Jul-25 13:42:46,3179,21.58,0.1344,119.6,0.141,0.5064,1.454,0,0,0,100,18.48,0.3545,404,-1,0,0,0,0,0,0,0,4,4,-1,[ OK ]
746.4,18-Jul-25 13:42:46,3179,21.58,0.1346,119.2,0.1427,0.5053,1.46,0,0,0,100,18.48,0.354,404.1,-1,0,0,0,0,0,0,0,4,4,-1,[ OK ]
746.8,18-Jul-25 13:42:47,3180,21.58,0.1348,118.8,0.13,0.5051,1.461,0,0,0,100,18.48,0.3538,404,-1,0,0,0,0,0,0,0,4,4,-1,[ OK ]
747.2,18-Jul-25 13:42:47,3180,21.58,0.1345,119.9,0.1379,0.5061,1.455,0,0,0,100,18.48,0.3538,404.1,-1,0,0,0,0,0,0,0,4,4,-1,[ OK ]
747.6,18-Jul-25 13:42:48,3180,21.58,0.1346,119.7,0.1438,0.505,1.461,0,0,0,100,18.48,0.3552,404.2,-1,0,0,0,0,0,0,0,4,4,-1,[ OK ]
747.9,18-Jul-25 13:42:48,3181,21.58,0.1349,119.1,0.1391,0.5043,1.466,0,0,0,100,18.48,0.3538,403.8,-1,0,0,0,0,0,0,0,4,4,-1,[ OK ]
748.3,18-Jul-25 13:42:48,3181,21.58,0.1346,120.2,0.1407,0.5045,1.465,0,0,0,100,18.48,0.3564,404,-1,0,0,0,0,0,0,0,4,4,-1,[ OK ]
748.7,18-Jul-25 13:42:49,3181,21.58,0.1346,120.2,0.1379,0.5047,1.463,0,0,0,100,18.48,0.3561,403.8,-1,0,0,0,0,0,0,0,4,4,-1,[ OK ]
749.1,18-Jul-25 13:42:49,3182,21.58,0.1347,120.1,0.1379,0.5041,1.467,0,0,0,100,18.48,0.3547,403.8,-1,0,0,0,0,0,0,0,4,4,-1,[ OK ]
749.5,18-Jul-25 13:42:49,3182,21.58,0.1349,119.6,0.1458,0.5059,1.456,0,0,0,100,18.48,0.3546,404.2,-1,0,0,0,0,0,0,0,4,4,-1,[ OK ]
749.9,18-Jul-25 13:42:50,3183,21.58,0.1349,119.7,0.1437,0.5055,1.459,0,0,0,100,18.48,0.3554,403.7,-1,0,0,0,0,0,0,0,4,4,-1,[ OK ]
750.3,18-Jul-25 13:42:50,3183,21.58,0.1349,119.9,0.1398,0.505,1.461,0,0,0,100,18.48,0.3555,404.1,-1,0,0,0,0,0,0,0,4,4,-1,[ OK ]
750.7,18-Jul-25 13:42:51,3183,21.58,0.1348,120.2,0.1379,0.5051,1.46,0,0,0,100,18.48,0.3544,404.2,-1,0,0,0,0,0,0,0,4,4,-1,[ OK ]
751.1,18-Jul-25 13:42:51,3184,21.58,0.1352,119,0.1388,0.5047,1.462,0,0,0,100,18.48,0.3529,403.9,-1,0,0,0,0,0,0,0,4,4,-1,[ OK ]
751.5,18-Jul-25 13:42:51,3184,21.58,0.135,119.8,0.1459,0.5039,1.466,0,0,0,100,18.48,0.3566,404.1,-1,0,0,0,0,0,0,0,4,4,-1,[ OK ]
751.9,18-Jul-25 13:42:52,3185,21.58,0.1348,120.4,0.1422,0.5054,1.458,0,0,0,100,18.48,0.3541,404.2,-1,0,0,0,0,0,0,0,4,4,-1,[ OK ]
752.2,18-Jul-25 13:42:52,3185,21.58,0.135,119.7,0.14,0.5059,1.455,0,0,0,100,18.48,0.3551,403.9,-1,0,0,0,0,0,0,0,4,4,-1,[ OK ]
752.6,18-Jul-25 13:42:53,3185,21.58,0.1352,119.2,0.1418,0.5049,1.46,0,0,0,100,18.48,0.3551,404.1,-1,0,0,0,0,0,0,0,4,4,-1,[ OK ]
753.0,18-Jul-25 13:42:53,3186,21.58,0.135,120,0.1389,0.5044,1.464,0,0,0,100,18.48,0.3529,404,-1,0,0,0,0,0,0,0,4,4,-1,[ OK ]
753.5,18-Jul-25 13:42:53,3186,21.58,0.1351,119.7,0.1379,0.5044,1.464,0,0,0,100,18.48,0.3564,404.1,-1,0,0,0,0,0,0,0,4,4,-1,[ OK ]
753.7,18-Jul-25 13:42:54,3186,21.58,0.135,119.9,0.1403,0.5047,1.462,0,0,0,100,18.48,0.3568,404,-1,0,0,0,0,0,0,0,4,4,-1,[ OK ]
754.1,18-Jul-25 13:42:54,3187,21.58,0.1349,120.1,0.1419,0.5062,1.453,0,0,0,100,18.48,0.3569,403.8,-1,0,0,0,0,0,0,0,4,4,-1,[ OK ]
754.6,18-Jul-25 13:42:54,3187,21.58,0.1348,120.7,0.1379,0.5061,1.454,0,0,0,100,18.48,0.3551,403.8,-1,0,0,0,0,0,0,0,4,4,-1,[ OK ]
755.0,18-Jul-25 13:42:55,3188,21.58,0.1352,119.4,0.1412,0.5047,1.461,0,0,0,100,18.48,0.3557,403.9,-1,0,0,0,0,0,0,0,4,4,-1,[ OK ]
755.4,18-Jul-25 13:42:55,3188,21.58,0.1351,119.9,0.1383,0.5046,1.462,0,0,0,100,18.48,0.3545,403.8,-1,0,0,0,0,0,0,0,4,4,-1,[ OK ]
755.8,18-Jul-25 13:42:56,3189,21.58,0.135,120.4,0.1306,0.5048,1.46,0,0,0,100,18.48,0.3546,403.8,-1,0,0,0,0,0,0,0,4,4,-1,[ OK ]
756.2,18-Jul-25 13:42:56,3189,21.58,0.1352,119.6,0.1379,0.5042,1.464,0,0,0,100,18.48,0.3553,403.9,-1,0,0,0,0,0,0,0,4,4,-1,[ OK ]
756.6,18-Jul-25 13:42:57,3189,21.58,0.1348,120.8,0.1393,0.5051,1.459,0,0,0,100,18.48,0.3561,403.8,-1,0,0,0,0,0,0,0,4,4,-1,[ OK ]
756.9,18-Jul-25 13:42:57,3190,21.58,0.135,120.2,0.1401,0.5059,1.454,0,0,0,100,18.48,0.3551,403.8,-1,0,0,0,0,0,0,0,4,4,-1,[ OK ]
757.3,18-Jul-25 13:42:57,3190,21.58,0.1351,120,0.1393,0.5051,1.459,0,0,0,100,18.48,0.3529,404,-1,0,0,0,0,0,0,0,4,4,-1,[ OK ]
757.7,18-Jul-25 13:42:58,3190,21.58,0.1351,120.2,0.1437,0.5043,1.463,0,0,0,100,18.48,0.3542,403.8,-1,0,0,0,0,0,0,0,4,4,-1,[ OK ]
758.2,18-Jul-25 13:42:58,3191,21.58,0.1352,119.9,0.1381,0.5049,1.46,0,0,0,100,18.48,0.355,404.1,-1,0,0,0,0,0,0,0,4,4,-1,[ OK ]
758.6,18-Jul-25 13:42:59,3191,21.58,0.1351,120,0.1383,0.5039,1.466,0,0,0,100,18.48,0.3561,403.9,-1,0,0,0,0,0,0,0,4,4,-1,[ OK ]
759.0,18-Jul-25 13:42:59,3192,21.58,0.1351,120.2,0.1395,0.5048,1.461,0,0,0,100,18.48,0.3557,403.8,-1,0,0,0,0,0,0,0,4,4,-1,[ OK ]
759.4,18-Jul-25 13:42:59,3192,21.58,0.1352,119.9,0.1394,0.5056,1.457,0,0,0,100,18.48,0.3551,403.8,-1,0,0,0,0,0,0,0,4,4,-1,[ OK ]
759.7,18-Jul-25 13:43:00,3192,21.58,0.1351,119.9,0.1383,0.5046,1.462,0,0,0,100,18.48,0.3555,404,-1,0,0,0,0,0,0,0,4,4,-1,[ OK ]
760.1,18-Jul-25 13:43:00,3193,21.58,0.1351,119.9,0.1396,0.5058,1.455,0,0,0,100,18.48,0.3554,404.1,-1,0,0,0,0,0,0,0,4,4,-1,[ OK ]
760.5,18-Jul-25 13:43:00,3193,21.58,0.1352,119.8,0.1389,0.5045,1.463,0,0,0,100,18.48,0.3547,404,-1,0,0,0,0,0,0,0,4,4,-1,[ OK ]
760.9,18-Jul-25 13:43:01,3194,21.58,0.1351,120.1,0.1457,0.5048,1.462,0,0,0,100,18.48,0.3563,403.9,-1,0,0,0,0,0,0,0,4,4,-1,[ OK ]
761.3,18-Jul-25 13:43:01,3194,21.58,0.1352,119.8,0.1387,0.5063,1.453,0,0,0,100,18.48,0.3553,404.2,-1,0,0,0,0,0,0,0,4,4,-1,[ OK ]
761.7,18-Jul-25 13:43:02,3194,21.58,0.135,120.3,0.1381,0.505,1.46,0,0,0,100,18.48,0.3544,404.2,-1,0,0,0,0,0,0,0,4,4,-1,[ OK ]
762.1,18-Jul-25 13:43:02,3195,21.6,0.1349,120.6,0.1381,0.5051,1.459,0,0,0,100,18.48,0.3553,404.2,-1,0,0,0,0,0,0,0,4,4,-1,[ OK ]
762.6,18-Jul-25 13:43:02,3195,21.6,0.1351,119.9,0.1417,0.5043,1.463,0,0,0,100,18.48,0.356,403.8,-1,0,0,0,0,0,0,0,4,4,-1,[ OK ]
763.0,18-Jul-25 13:43:03,3196,21.6,0.1351,120,0.1438,0.5056,1.456,0,0,0,100,18.48,0.3532,404,-1,0,0,0,0,0,0,0,4,4,-1,[ OK ]
763.2,18-Jul-25 13:43:03,3196,21.6,0.1351,119.9,0.1389,0.5045,1.462,0,0,0,100,18.48,0.3528,403.8,-1,0,0,0,0,0,0,0,4,4,-1,[ OK ]
763.7,18-Jul-25 13:43:04,3196,21.6,0.1423,120.3,0.1422,0.5061,1.453,0,0,0,100,18.48,0.3544,404,-1,0,0,0,0,0,0,0,4,4,-1,[ OK ]
764.1,18-Jul-25 13:43:04,3197,21.6,0.1439,122.4,0.1387,0.5033,1.468,0,0,0,100,18.48,0.3555,404,-1,0,0,0,0,0,0,0,4,4,-1,[ OK ]
764.5,18-Jul-25 13:43:04,3197,21.6,0.1456,123.9,0.1446,0.5045,1.461,0,0,0,100,18.48,0.354,404,-1,0,0,0,0,0,0,0,4,4,-1,[ OK ]
764.9,18-Jul-25 13:43:05,3198,21.6,0.1473,125,0.1442,0.5052,1.457,0,0,0,100,18.48,0.3561,404,-1,0,0,0,0,0,0,0,4,4,-1,[ OK ]
765.3,18-Jul-25 13:43:05,3198,21.6,0.1484,127.2,0.1467,0.5058,1.454,0,0,0,100,18.48,0.356,403.8,-1,0,0,0,0,0,0,0,4,4,-1,[ OK ]
765.7,18-Jul-25 13:43:06,3198,21.6,0.1499,127.6,0.144,0.5048,1.459,0,0,0,100,18.48,0.3559,404.2,-1,0,0,0,0,0,0,0,4,4,-1,[ OK ]
766.1,18-Jul-25 13:43:06,3199,21.6,0.151,129,0.1465,0.5044,1.462,0,0,0,100,18.48,0.356,403.9,-1,0,0,0,0,0,0,0,4,4,-1,[ OK ]
766.5,18-Jul-25 13:43:06,3199,21.6,0.1519,130.6,0.1463,0.5051,1.457,0,0,0,100,18.48,0.3558,403.9,-1,0,0,0,0,0,0,0,4,4,-1,[ OK ]
766.9,18-Jul-25 13:43:07,3200,21.6,0.1527,131.8,0.1483,0.5037,1.466,0,0,0,100,18.48,0.3555,403.9,-1,0,0,0,0,0,0,0,4,4,-1,[ OK ]
767.3,18-Jul-25 13:43:07,3200,21.6,0.1538,131.9,0.1456,0.5061,1.452,0,0,0,100,18.48,0.3564,403.8,-1,0,0,0,0,0,0,0,4,4,-1,[ OK ]
767.7,18-Jul-25 13:43:08,3200,21.6,0.1547,132.6,0.1448,0.5044,1.462,0,0,0,100,18.48,0.3562,403.9,-1,0,0,0,0,0,0,0,4,4,-1,[ OK ]
768.2,18-Jul-25 13:43:08,3201,21.6,0.1553,133.4,0.1479,0.5051,1.458,0,0,0,100,18.48,0.3569,403.8,-1,0,0,0,0,0,0,0,4,4,-1,[ OK ]
768.6,18-Jul-25 13:43:09,3201,21.6,0.1562,133.3,0.1462,0.5047,1.46,0,0,0,100,18.48,0.3578,403.9,-1,0,0,0,0,0,0,0,4,4,-1,[ OK ]
769.0,18-Jul-25 13:43:09,3202,21.6,0.1566,134.7,0.1474,0.5036,1.466,0,0,0,100,18.48,0.3583,404.2,-1,0,0,0,0,0,0,0,4,4,-1,[ OK ]
769.5,18-Jul-25 13:43:09,3202,21.6,0.1574,134.9,0.1482,0.5047,1.46,0,0,0,100,18.48,0.3596,403.8,-1,0,0,0,0,0,0,0,4,4,-1,[ OK ]
770.1,18-Jul-25 13:43:10,3203,21.6,0.1579,135.7,0.1437,0.5033,1.468,0,0,0,100,18.48,0.3593,404.2,-1,0,0,0,0,0,0,0,4,4,-1,[ OK ]
770.5,18-Jul-25 13:43:10,3203,21.6,0.1582,136.3,0.1507,0.5038,1.465,0,0,0,100,18.48,0.3584,404,-1,0,0,0,0,0,0,0,4,4,-1,[ OK ]
770.9,18-Jul-25 13:43:11,3204,21.6,0.1587,136.1,0.1445,0.5059,1.453,0,0,0,100,18.48,0.3599,403.8,-1,0,0,0,0,0,0,0,4,4,-1,[ OK ]
771.2,18-Jul-25 13:43:11,3204,21.6,0.1589,136.6,0.1493,0.506,1.451,0,0,0,100,18.48,0.3585,403.9,-1,0,0,0,0,0,0,0,4,4,-1,[ OK ]
771.5,18-Jul-25 13:43:11,3204,21.6,0.1591,137,0.1482,0.5041,1.462,0,0,0,100,18.48,0.3583,403.8,-1,0,0,0,0,0,0,0,4,4,-1,[ OK ]
771.9,18-Jul-25 13:43:12,3205,21.6,0.1596,136.7,0.1484,0.5056,1.454,0,0,0,100,18.48,0.3597,404.3,-1,0,0,0,0,0,0,0,4,4,-1,[ OK ]
772.3,18-Jul-25 13:43:12,3205,21.6,0.1599,136.8,0.1513,0.5053,1.456,0,0,0,100,18.48,0.3595,403.8,-1,0,0,0,0,0,0,0,4,4,-1,[ OK ]
772.6,18-Jul-25 13:43:13,3205,21.6,0.1599,137.6,0.1484,0.5032,1.469,0,0,0,100,18.48,0.3589,403.8,-1,0,0,0,0,0,0,0,4,4,-1,[ OK ]
772.9,18-Jul-25 13:43:13,3206,21.6,0.1601,137.4,0.1505,0.505,1.458,0,0,0,100,18.48,0.3593,404,-1,0,0,0,0,0,0,0,4,4,-1,[ OK ]
773.2,18-Jul-25 13:43:13,3206,21.6,0.1603,137.3,0.149,0.5044,1.462,0,0,0,100,18.48,0.3591,404,-1,0,0,0,0,0,0,0,4,4,-1,[ OK ]
773.5,18-Jul-25 13:43:13,3206,21.6,0.1601,138.8,0.1458,0.5044,1.462,0,0,0,100,18.48,0.3595,403.8,-1,0,0,0,0,0,0,0,4,4,-1,[ OK ]
773.9,18-Jul-25 13:43:14,3207,21.6,0.1602,138.8,0.1495,0.5043,1.463,0,0,0,100,18.48,0.3584,403.9,-1,0,0,0,0,0,0,0,4,4,-1,[ OK ]
774.3,18-Jul-25 13:43:14,3207,21.6,0.1605,138.8,0.1494,0.5035,1.467,0,0,0,100,18.48,0.3582,404,-1,0,0,0,0,0,0,0,4,4,-1,[ OK ]
774.7,18-Jul-25 13:43:15,3207,21.6,0.1606,138.8,0.1489,0.5049,1.46,0,0,0,100,18.48,0.3574,404,-1,0,0,0,0,0,0,0,4,4,-1,[ OK ]
775.1,18-Jul-25 13:43:15,3208,21.6,0.1608,138.8,0.1482,0.5038,1.466,0,0,0,100,18.48,0.3593,403.7,-1,0,0,0,0,0,0,0,4,4,-1,[ OK ]
775.5,18-Jul-25 13:43:15,3208,21.6,0.161,138.8,0.1449,0.504,1.464,0,0,0,100,18.48,0.3586,403.8,-1,0,0,0,0,0,0,0,4,4,-1,[ OK ]
775.9,18-Jul-25 13:43:16,3209,21.6,0.1611,138.8,0.1519,0.5056,1.455,0,0,0,100,18.48,0.3594,403.9,-1,0,0,0,0,0,0,0,4,4,-1,[ OK ]
776.3,18-Jul-25 13:43:16,3209,21.6,0.1612,139,0.148,0.5053,1.456,0,0,0,100,18.48,0.3592,403.8,-1,0,0,0,0,0,0,0,4,4,-1,[ OK ]
776.7,18-Jul-25 13:43:17,3209,21.6,0.1614,138.9,0.1482,0.504,1.464,0,0,0,100,18.48,0.3582,403.8,-1,0,0,0,0,0,0,0,4,4,-1,[ OK ]
777.1,18-Jul-25 13:43:17,3210,21.6,0.1615,138.9,0.1489,0.5043,1.462,0,0,0,100,18.48,0.358,404,-1,0,0,0,0,0,0,0,4,4,-1,[ OK ]
777.7,18-Jul-25 13:43:18,3210,21.6,0.1615,139.5,0.1506,0.5049,1.459,0,0,0,100,18.48,0.3585,403.8,-1,0,0,0,0,0,0,0,4,4,-1,[ OK ]
778.1,18-Jul-25 13:43:18,3211,21.6,0.1615,139.7,0.1494,0.5053,1.456,0,0,0,100,18.48,0.3595,404.2,-1,0,0,0,0,0,0,0,4,4,-1,[ OK ]
778.6,18-Jul-25 13:43:19,3211,21.6,0.162,138.8,0.1492,0.5055,1.454,0,0,0,100,18.48,0.3581,404.1,-1,0,0,0,0,0,0,0,4,4,-1,[ OK ]
779.1,18-Jul-25 13:43:19,3212,21.6,0.1618,139.6,0.1498,0.5036,1.465,0,0,0,100,18.48,0.3577,404.2,-1,0,0,0,0,0,0,0,4,4,-1,[ OK ]
779.8,18-Jul-25 13:43:20,3212,21.6,0.1619,139.9,0.149,0.506,1.451,0,0,0,100,18.48,0.3586,404.1,-1,0,0,0,0,0,0,0,4,4,-1,[ OK ]
780.3,18-Jul-25 13:43:20,3213,21.6,0.1623,139,0.1475,0.5045,1.46,0,0,0,100,18.48,0.356,404,-1,0,0,0,0,0,0,0,4,4,-1,[ OK ]
780.8,18-Jul-25 13:43:21,3214,21.6,0.162,139.9,0.1494,0.5038,1.464,0,0,0,100,18.48,0.357,404.1,-1,0,0,0,0,0,0,0,4,4,-1,[ OK ]
781.5,18-Jul-25 13:43:21,3214,21.6,0.1621,140.2,0.1533,0.5039,1.465,0,0,0,100,18.48,0.359,403.9,-1,0,0,0,0,0,0,0,4,4,-1,[ OK ]
782.0,18-Jul-25 13:43:22,3215,21.6,0.1623,139.7,0.1479,0.5052,1.457,0,0,0,100,18.48,0.3591,403.9,-1,0,0,0,0,0,0,0,4,4,-1,[ OK ]
782.7,18-Jul-25 13:43:23,3215,21.6,0.1624,139.7,0.1497,0.5044,1.461,0,0,0,100,18.48,0.3584,404,-1,0,0,0,0,0,0,0,4,4,-1,[ OK ]
783.2,18-Jul-25 13:43:23,3216,21.6,0.1623,140.1,0.1513,0.5033,1.468,0,0,0,100,18.48,0.3586,403.8,-1,0,0,0,0,0,0,0,4,4,-1,[ OK ]
783.9,18-Jul-25 13:43:24,3217,21.6,0.1624,139.8,0.1467,0.5038,1.466,0,0,0,100,18.48,0.3556,404,-1,0,0,0,0,0,0,0,4,4,-1,[ OK ]
784.4,18-Jul-25 13:43:24,3217,21.6,0.1625,139.7,0.1481,0.504,1.464,0,0,0,100,18.48,0.3571,404.2,-1,0,0,0,0,0,0,0,4,4,-1,[ OK ]
785.1,18-Jul-25 13:43:25,3218,21.6,0.1625,139.8,0.1488,0.5051,1.457,0,0,0,100,18.48,0.3576,403.9,-1,0,0,0,0,0,0,0,4,4,-1,[ OK ]
785.6,18-Jul-25 13:43:26,3218,21.6,0.1628,139.3,0.1435,0.5046,1.459,0,0,0,100,18.48,0.357,404.2,-1,0,0,0,0,0,0,0,4,4,-1,[ OK ]
786.1,18-Jul-25 13:43:26,3219,21.6,0.1627,139.6,0.1476,0.5051,1.456,0,0,0,100,18.48,0.3587,403.8,-1,0,0,0,0,0,0,0,4,4,-1,[ OK ]
786.6,18-Jul-25 13:43:27,3219,21.6,0.1626,139.8,0.1499,0.504,1.462,0,0,0,100,18.48,0.3595,403.8,-1,0,0,0,0,0,0,0,4,4,-1,[ OK ]
787.2,18-Jul-25 13:43:27,3220,21.6,0.1627,139.6,0.1492,0.5047,1.458,0,0,0,100,18.48,0.3593,404.1,-1,0,0,0,0,0,0,0,4,4,-1,[ OK ]
787.7,18-Jul-25 13:43:28,3220,21.6,0.1627,139.7,0.1483,0.5034,1.466,0,0,0,100,18.48,0.3583,403.8,-1,0,0,0,0,0,0,0,4,4,-1,[ OK ]
788.3,18-Jul-25 13:43:28,3221,21.6,0.1626,140,0.1474,0.5037,1.465,0,0,0,100,18.48,0.3584,404.1,-1,0,0,0,0,0,0,0,4,4,-1,[ OK ]
788.9,18-Jul-25 13:43:29,3222,21.6,0.1627,139.9,0.1416,0.5053,1.455,0,0,0,100,18.48,0.36,403.9,-1,0,0,0,0,0,0,0,4,4,-1,[ OK ]
789.4,18-Jul-25 13:43:29,3222,21.6,0.1628,139.5,0.1486,0.5038,1.464,0,0,0,100,18.48,0.3585,404.1,-1,0,0,0,0,0,0,0,4,4,-1,[ OK ]
790.0,18-Jul-25 13:43:30,3223,21.6,0.1626,140.3,0.1526,0.5043,1.461,0,0,0,100,18.48,0.3603,404.2,-1,0,0,0,0,0,0,0,4,4,-1,[ OK ]
790.5,18-Jul-25 13:43:30,3223,21.6,0.1628,139.6,0.1483,0.5033,1.467,0,0,0,100,18.48,0.3611,403.8,-1,0,0,0,0,0,0,0,4,4,-1,[ OK ]
791.2,18-Jul-25 13:43:31,3224,21.6,0.1626,140.1,0.1457,0.5034,1.467,0,0,0,100,18.48,0.3595,404,-1,0,0,0,0,0,0,0,4,4,-1,[ OK ]
791.8,18-Jul-25 13:43:32,3225,21.6,0.1627,140.1,0.1493,0.5049,1.458,0,0,0,100,18.48,0.3602,403.8,-1,0,0,0,0,0,0,0,4,4,-1,[ OK ]
792.1,18-Jul-25 13:43:32,3225,21.6,0.1627,140.1,0.1493,0.5056,1.454,0,0,0,100,18.48,0.3612,403.8,-1,0,0,0,0,0,0,0,4,4,-1,[ OK ]
792.6,18-Jul-25 13:43:33,3225,21.6,0.1627,140.3,0.1465,0.5045,1.46,0,0,0,100,18.48,0.362,404,-1,0,0,0,0,0,0,0,4,4,-1,[ OK ]
793.2,18-Jul-25 13:43:33,3226,21.6,0.1627,140.3,0.1474,0.5038,1.464,0,0,0,100,18.48,0.3621,404.1,-1,0,0,0,0,0,0,0,4,4,-1,[ OK ]
793.7,18-Jul-25 13:43:34,3226,21.6,0.1627,140.2,0.1496,0.5034,1.466,0,0,0,100,18.48,0.3609,404.1,-1,0,0,0,0,0,0,0,4,4,-1,[ OK ]
794.2,18-Jul-25 13:43:34,3227,21.6,0.1629,139.7,0.1479,0.5056,1.454,0,0,0,100,18.48,0.359,403.9,-1,0,0,0,0,0,0,0,4,4,-1,[ OK ]
794.9,18-Jul-25 13:43:35,3228,21.6,0.163,139.3,0.1492,0.5042,1.461,0,0,0,100,18.48,0.3613,404.2,-1,0,0,0,0,0,0,0,4,4,-1,[ OK ]
795.5,18-Jul-25 13:43:35,3228,21.6,0.1627,140.2,0.1485,0.5039,1.464,0,0,0,100,18.48,0.3613,403.9,-1,0,0,0,0,0,0,0,4,4,-1,[ OK ]
796.2,18-Jul-25 13:43:36,3229,21.6,0.1627,140.2,0.1487,0.5042,1.463,0,0,0,100,18.48,0.3618,403.9,-1,0,0,0,0,0,0,0,4,4,-1,[ OK ]
796.8,18-Jul-25 13:43:37,3230,21.6,0.1628,140,0.1492,0.5053,1.456,0,0,0,100,18.48,0.3594,403.8,-1,0,0,0,0,0,0,0,4,4,-1,[ OK ]
797.4,18-Jul-25 13:43:37,3230,21.6,0.1626,140.6,0.1494,0.5035,1.466,0,0,0,100,18.48,0.3601,404,-1,0,0,0,0,0,0,0,4,4,-1,[ OK ]
798.1,18-Jul-25 13:43:38,3231,21.6,0.163,139.3,0.1476,0.5043,1.461,0,0,0,100,18.48,0.3601,404.2,-1,0,0,0,0,0,0,0,4,4,-1,[ OK ]
798.6,18-Jul-25 13:43:39,3231,21.6,0.1629,139.9,0.152,0.5046,1.459,0,0,0,100,18.48,0.3608,403.8,-1,0,0,0,0,0,0,0,4,4,-1,[ OK ]
799.2,18-Jul-25 13:43:39,3232,21.6,0.1627,140.5,0.1488,0.5054,1.454,0,0,0,100,18.48,0.3613,403.9,-1,0,0,0,0,0,0,0,4,4,-1,[ OK ]
799.6,18-Jul-25 13:43:40,3232,21.6,0.1629,139.9,0.1525,0.5056,1.453,0,0,0,100,18.48,0.359,404,-1,0,0,0,0,0,0,0,4,4,-1,[ OK ]
800.1,18-Jul-25 13:43:40,3233,21.6,0.1627,140.2,0.1456,0.5055,1.453,0,0,0,100,18.48,0.3597,403.9,-1,0,0,0,0,0,0,0,4,4,-1,[ OK ]
800.5,18-Jul-25 13:43:40,3233,21.6,0.1629,139.6,0.1477,0.5032,1.466,0,0,0,100,18.48,0.3603,404.1,-1,0,0,0,0,0,0,0,4,4,-1,[ OK ]
800.9,18-Jul-25 13:43:41,3234,21.6,0.1628,140,0.1475,0.5054,1.454,0,0,0,100,18.48,0.3586,404.2,-1,0,0,0,0,0,0,0,4,4,-1,[ OK ]
801.4,18-Jul-25 13:43:41,3234,21.6,0.1627,140.3,0.1466,0.5038,1.463,0,0,0,100,18.48,0.3592,404.2,-1,0,0,0,0,0,0,0,4,4,-1,[ OK ]
801.8,18-Jul-25 13:43:42,3235,21.6,0.1628,140,0.1435,0.5041,1.461,0,0,0,100,18.48,0.3584,403.8,-1,0,0,0,0,0,0,0,4,4,-1,[ OK ]
802.2,18-Jul-25 13:43:42,3235,21.6,0.1628,140.1,0.1473,0.5052,1.455,0,0,0,100,18.48,0.3571,404.1,-1,0,0,0,0,0,0,0,4,4,-1,[ OK ]
802.6,18-Jul-25 13:43:43,3235,21.6,0.1629,139.8,0.1467,0.5053,1.454,0,0,0,100,18.48,0.3566,404,-1,0,0,0,0,0,0,0,4,4,-1,[ OK ]
803.1,18-Jul-25 13:43:43,3236,21.6,0.1628,139.9,0.1505,0.5048,1.457,0,0,0,100,18.48,0.3577,403.8,-1,0,0,0,0,0,0,0,4,4,-1,[ OK ]
803.5,18-Jul-25 13:43:43,3236,21.6,0.1628,139.8,0.1479,0.5044,1.458,0,0,0,100,18.48,0.3582,403.9,-1,0,0,0,0,0,0,0,4,4,-1,[ OK ]
803.9,18-Jul-25 13:43:44,3237,21.6,0.1627,140.2,0.1475,0.504,1.462,0,0,0,100,18.48,0.3579,403.8,-1,0,0,0,0,0,0,0,4,4,-1,[ OK ]
804.3,18-Jul-25 13:43:44,3237,21.6,0.1628,139.9,0.1484,0.5046,1.458,0,0,0,100,18.48,0.3571,404.1,-1,0,0,0,0,0,0,0,4,4,-1,[ OK ]
804.7,18-Jul-25 13:43:45,3237,21.6,0.1629,139.5,0.1475,0.5042,1.459,0,0,0,100,18.48,0.357,404.1,-1,0,0,0,0,0,0,0,4,4,-1,[ OK ]
805.1,18-Jul-25 13:43:45,3238,21.6,0.1627,140.1,0.149,0.5044,1.459,0,0,0,100,18.48,0.3566,403.8,-1,0,0,0,0,0,0,0,4,4,-1,[ OK ]
805.5,18-Jul-25 13:43:45,3238,21.6,0.1628,140,0.1483,0.5036,1.463,0,0,0,100,18.48,0.3579,403.9,-1,0,0,0,0,0,0,0,4,4,-1,[ OK ]
806.0,18-Jul-25 13:43:46,3239,21.6,0.1628,139.9,0.1474,0.504,1.461,0,0,0,100,18.48,0.3574,403.8,-1,0,0,0,0,0,0,0,4,4,-1,[ OK ]
806.4,18-Jul-25 13:43:46,3239,21.6,0.1625,140.8,0.1484,0.5045,1.459,0,0,0,100,18.48,0.3584,403.7,-1,0,0,0,0,0,0,0,4,4,-1,[ OK ]
806.8,18-Jul-25 13:43:47,3240,21.6,0.1699,140.5,0.1527,0.5034,1.466,0,0,0,100,18.48,0.3602,404.2,-1,0,0,0,0,0,0,0,4,4,-1,[ OK ]
807.2,18-Jul-25 13:43:47,3240,21.6,0.172,141.7,0.1536,0.5051,1.455,0,0,0,100,18.48,0.3611,404,-1,0,0,0,0,0,0,0,4,4,-1,[ OK ]
807.6,18-Jul-25 13:43:48,3240,21.6,0.1736,143.6,0.1554,0.504,1.462,0,0,0,100,18.48,0.3573,403.8,-1,0,0,0,0,0,0,0,4,4,-1,[ OK ]
808.1,18-Jul-25 13:43:48,3241,21.6,0.1757,145.3,0.1497,0.5053,1.454,0,0,0,100,18.48,0.3585,404.1,-1,0,0,0,0,0,0,0,4,4,-1,[ OK ]
808.7,18-Jul-25 13:43:49,3241,21.6,0.1774,147.2,0.1467,0.5047,1.457,0,0,0,100,18.48,0.3579,403.8,-1,0,0,0,0,0,0,0,4,4,-1,[ OK ]
809.1,18-Jul-25 13:43:49,3242,21.6,0.1788,148.1,0.1563,0.5043,1.459,0,0,0,100,18.48,0.3574,403.8,-1,0,0,0,0,0,0,0,4,4,-1,[ OK ]
809.6,18-Jul-25 13:43:50,3242,21.6,0.1805,149.1,0.1534,0.5042,1.461,0,0,0,100,18.48,0.3574,404,-1,0,0,0,0,0,0,0,4,4,-1,[ OK ]
810.1,18-Jul-25 13:43:50,3243,21.6,0.1816,150.7,0.1575,0.5046,1.458,0,0,0,100,18.48,0.3582,404.1,-1,0,0,0,0,0,0,0,4,4,-1,[ OK ]
810.5,18-Jul-25 13:43:50,3243,21.6,0.1824,152,0.1598,0.505,1.456,0,0,0,100,18.48,0.3578,404.1,-1,0,0,0,0,0,0,0,4,4,-1,[ OK ]
811.1,18-Jul-25 13:43:51,3244,21.6,0.1837,152.3,0.1604,0.5036,1.464,0,0,0,100,18.48,0.3576,404.1,-1,0,0,0,0,0,0,0,4,4,-1,[ OK ]
811.6,18-Jul-25 13:43:52,3244,21.6,0.1847,153,0.1671,0.5036,1.464,0,0,0,100,18.48,0.3576,404.1,-1,0,0,0,0,0,0,0,4,4,-1,[ OK ]
812.1,18-Jul-25 13:43:52,3245,21.6,0.1862,152.1,0.3807,0.5051,1.455,0,0,0,100,18.48,0.3618,403.8,0.04961,0,0,0,0,0,0,0,4,4,-1,[ OK ]
812.6,18-Jul-25 13:43:53,3245,21.6,0.1877,152,0.38,0.5055,1.453,0,0,0,100,18.48,0.36,404.1,0.05265,0,0,0,0,0,0,0,4,4,-1,[ OK ]
813.3,18-Jul-25 13:43:53,3246,21.6,0.1897,151.4,0.3918,0.5052,1.455,0,0,0,100,18.48,0.3604,404.1,0.08016,0,0,0,0,0,0,0,4,4,-1,[ OK ]
813.7,18-Jul-25 13:43:54,3246,21.6,0.1907,151.7,0.3848,0.5047,1.457,0,0,0,100,18.48,0.3602,404.1,0.06385,0,0,0,0,0,0,0,4,4,-1,[ OK ]
814.1,18-Jul-25 13:43:54,3247,21.6,0.1918,151.5,0.3776,0.5033,1.465,0,0,0,100,18.48,0.3609,403.8,0.04422,0,0,0,0,0,0,0,4,4,-1,[ OK ]
814.6,18-Jul-25 13:43:54,3247,21.6,0.1925,152.5,0.38,0.5047,1.458,0,0,0,100,18.48,0.3598,404.1,0.05328,0,0,0,0,0,0,0,4,4,-1,[ OK ]
815.1,18-Jul-25 13:43:55,3248,21.6,0.1937,152.7,0.3802,0.5041,1.462,0,0,0,100,18.48,0.3596,404.1,0.05431,0,0,0,0,0,0,0,4,4,-1,[ OK ]
815.5,18-Jul-25 13:43:55,3248,21.6,0.1943,153.6,0.385,0.5058,1.452,0,0,0,100,18.48,0.3601,403.8,0.06475,0,0,0,0,0,0,0,4,4,-1,[ OK ]
815.9,18-Jul-25 13:43:56,3249,21.6,0.1951,153.5,0.3918,0.5047,1.458,0,0,0,100,18.48,0.3595,403.8,0.08253,0,0,0,0,0,0,0,4,4,-1,[ OK ]
816.4,18-Jul-25 13:43:56,3249,21.6,0.1953,155.1,0.3918,0.505,1.456,0,0,0,100,18.48,0.3597,404.1,0.08211,0,0,0,0,0,0,0,4,4,-1,[ OK ]
816.8,18-Jul-25 13:43:57,3249,21.6,0.1959,155.1,0.3918,0.5048,1.457,0,0,0,100,18.48,0.3622,403.7,0.07574,0,0,0,0,0,0,0,4,4,-1,[ OK ]
817.2,18-Jul-25 13:43:57,3250,21.6,0.1966,155.1,0.3918,0.504,1.462,0,0,0,100,18.48,0.3587,404.1,0.08448,0,0,0,0,0,0,0,4,4,-1,[ OK ]
817.6,18-Jul-25 13:43:58,3250,21.6,0.1972,155.2,0.384,0.5061,1.45,0,0,0,100,18.48,0.3618,404.1,0.05772,0,0,0,0,0,0,0,4,4,-1,[ OK ]
818.0,18-Jul-25 13:43:58,3251,21.6,0.1976,155.7,0.3918,0.5034,1.466,0,0,0,100,18.48,0.3628,404.1,0.0741,0,0,0,0,0,0,0,4,4,-1,[ OK ]
818.5,18-Jul-25 13:43:58,3251,21.6,0.1978,156.5,0.3918,0.5046,1.459,0,0,0,100,18.48,0.3637,404.1,0.07183,0,0,0,0,0,0,0,4,4,-1,[ OK ]
818.9,18-Jul-25 13:43:59,3252,21.6,0.1982,156.9,0.3918,0.5047,1.458,0,0,0,100,18.48,0.3625,403.8,0.07482,0,0,0,0,0,0,0,4,4,-1,[ OK ]
819.3,18-Jul-25 13:43:59,3252,21.6,0.1985,157.3,0.3918,0.5046,1.46,0,0,0,100,18.48,0.3622,404.2,0.07553,0,0,0,0,0,0,0,4,4,-1,[ OK ]
819.7,18-Jul-25 13:44:00,3252,21.6,0.199,157,0.3918,0.5033,1.467,0,0,0,100,18.48,0.3641,403.8,0.0707,0,0,0,0,0,0,0,4,4,-1,[ OK ]
820.2,18-Jul-25 13:44:00,3253,21.6,0.1995,157.2,0.3918,0.5032,1.468,0,0,0,100,18.48,0.3632,403.8,0.07307,0,0,0,0,0,0,0,4,4,-1,[ OK ]
820.7,18-Jul-25 13:44:01,3253,21.6,0.1852,157.3,0.382,0.5037,1.466,0,0,0,100,18.48,0.3635,403.9,0.04839,0,0,0,0,0,0,0,4,4,-1,[ OK ]
821.1,18-Jul-25 13:44:01,3254,21.6,0.1811,155.1,0.3803,0.5054,1.456,0,0,0,100,18.48,0.3639,403.8,0.04322,0,0,0,0,0,0,0,4,4,-1,[ OK ]
821.5,18-Jul-25 13:44:01,3254,21.6,0.1779,151.4,0.3794,0.5039,1.464,0,0,0,100,18.48,0.3648,404,0.03853,0,0,0,0,0,0,0,4,4,-1,[ OK ]
821.9,18-Jul-25 13:44:02,3255,21.6,0.1748,148.7,0.3788,0.5036,1.465,0,0,0,100,18.48,0.3641,403.8,0.03893,0,0,0,0,0,0,0,4,4,-1,[ OK ]
822.3,18-Jul-25 13:44:02,3255,21.62,0.1722,145.5,0.3787,0.5025,1.472,0,0,0,100,18.48,0.3629,404.2,0.04187,0,0,0,0,0,0,0,4,4,-1,[ OK ]
822.8,18-Jul-25 13:44:03,3255,21.62,0.1693,143.9,0.379,0.5047,1.459,0,0,0,100,18.48,0.3631,403.8,0.04209,0,0,0,0,0,0,0,4,4,-1,[ OK ]
823.2,18-Jul-25 13:44:03,3256,21.62,0.167,141.7,0.3756,0.5044,1.461,0,0,0,100,18.48,0.3625,404.2,0.03474,0,0,0,0,0,0,0,4,4,-1,[ OK ]
823.6,18-Jul-25 13:44:04,3256,21.62,0.1647,140,0.3761,0.504,1.463,0,0,0,100,18.48,0.3636,403.8,0.03312,0,0,0,0,0,0,0,4,4,-1,[ OK ]
824.0,18-Jul-25 13:44:04,3257,21.62,0.1633,136.8,0.3728,0.5045,1.46,0,0,0,100,18.48,0.3621,404,0.02873,0,0,0,0,0,0,0,4,4,-1,[ OK ]
824.4,18-Jul-25 13:44:04,3257,21.62,0.1613,135.8,0.3762,0.5039,1.464,0,0,0,100,18.48,0.363,404.2,0.03487,0,0,0,0,0,0,0,4,4,-1,[ OK ]
824.9,18-Jul-25 13:44:05,3258,21.62,0.1596,134.6,0.3738,0.5034,1.466,0,0,0,100,18.48,0.364,404.1,0.02614,0,0,0,0,0,0,0,4,4,-1,[ OK ]
825.4,18-Jul-25 13:44:05,3258,21.62,0.1576,133.6,0.3739,0.5035,1.465,0,0,0,100,18.48,0.3667,403.9,0.01929,0,0,0,0,0,0,0,4,4,-1,[ OK ]
825.8,18-Jul-25 13:44:06,3259,21.62,0.1567,131.2,0.3721,0.5046,1.459,0,0,0,100,18.48,0.3644,403.9,0.02075,0,0,0,0,0,0,0,4,4,-1,[ OK ]
826.2,18-Jul-25 13:44:06,3259,21.62,0.1554,130.7,0.3759,0.5031,1.468,0,0,0,100,18.48,0.3648,403.9,0.02939,0,0,0,0,0,0,0,4,4,-1,[ OK ]
826.6,18-Jul-25 13:44:07,3259,21.62,0.154,130.6,0.372,0.5039,1.464,0,0,0,100,18.48,0.3653,403.8,0.01789,0,0,0,0,0,0,0,4,4,-1,[ OK ]
827.1,18-Jul-25 13:44:07,3260,21.62,0.1527,130.6,0.3727,0.5042,1.462,0,0,0,100,18.48,0.3652,403.8,0.02004,0,0,0,0,0,0,0,4,4,-1,[ OK ]
827.5,18-Jul-25 13:44:07,3260,21.62,0.1526,127.8,0.3692,0.5044,1.461,0,0,0,100,18.48,0.3648,403.8,0.01203,0,0,0,0,0,0,0,4,4,-1,[ OK ]
827.9,18-Jul-25 13:44:08,3261,21.62,0.1523,125.7,0.3642,0.5043,1.461,0,0,0,100,18.48,0.3641,404,0.0001846,0,0,0,0,0,0,0,4,4,-1,[ OK ]
828.3,18-Jul-25 13:44:08,3261,21.62,0.1513,125.8,0.3703,0.5055,1.454,0,0,0,100,18.48,0.3664,403.8,0.01048,0,0,0,0,0,0,0,4,4,-1,[ OK ]
828.7,18-Jul-25 13:44:09,3261,21.62,0.1506,125.6,0.3683,0.5033,1.466,0,0,0,100,18.48,0.3657,404.1,0.007229,0,0,0,0,0,0,0,4,4,-1,[ OK ]
829.2,18-Jul-25 13:44:09,3262,21.62,0.1504,124,0.3668,0.5043,1.46,0,0,0,100,18.48,0.3648,404.1,0.005508,0,0,0,0,0,0,0,4,4,-1,[ OK ]
829.6,18-Jul-25 13:44:10,3262,21.62,0.1494,124.8,0.377,0.5054,1.453,0,0,0,100,18.48,0.3675,404.1,0.02519,0,0,0,0,0,0,0,4,4,-1,[ OK ]
830.0,18-Jul-25 13:44:10,3263,21.62,0.1491,124.1,0.3716,0.5045,1.459,0,0,0,100,18.48,0.3659,403.9,0.01522,0,0,0,0,0,0,0,4,4,-1,[ OK ]
830.4,18-Jul-25 13:44:10,3263,21.62,0.1482,125,0.3683,0.5044,1.459,0,0,0,100,18.48,0.364,404,0.01171,0,0,0,0,0,0,0,4,4,-1,[ OK ]
830.9,18-Jul-25 13:44:11,3264,21.62,0.1483,123.2,0.3691,0.5031,1.467,0,0,0,100,18.48,0.3667,403.8,0.006526,0,0,0,0,0,0,0,4,4,-1,[ OK ]
831.3,18-Jul-25 13:44:11,3264,21.62,0.1479,123.1,0.3666,0.5041,1.461,0,0,0,100,18.48,0.3648,404.1,0.00497,0,0,0,0,0,0,0,4,4,-1,[ OK ]
831.7,18-Jul-25 13:44:12,3264,21.62,0.1475,123.2,0.3688,0.504,1.462,0,0,0,100,18.48,0.3656,404.1,0.008673,0,0,0,0,0,0,0,4,4,-1,[ OK ]
832.1,18-Jul-25 13:44:12,3265,21.62,0.1473,122.7,0.3694,0.504,1.462,0,0,0,100,18.48,0.3666,404.1,0.007653,0,0,0,0,0,0,0,4,4,-1,[ OK ]
832.5,18-Jul-25 13:44:12,3265,21.62,0.147,122.4,0.3683,0.5047,1.457,0,0,0,100,18.48,0.3654,403.8,0.007885,0,0,0,0,0,0,0,4,4,-1,[ OK ]
832.9,18-Jul-25 13:44:13,3266,21.62,0.1467,122.4,0.3693,0.5037,1.464,0,0,0,100,18.48,0.3663,404,0.00815,0,0,0,0,0,0,0,4,4,-1,[ OK ]
833.5,18-Jul-25 13:44:13,3266,21.62,0.1463,122.4,0.371,0.5038,1.463,0,0,0,100,18.48,0.3637,403.8,0.01972,0,0,0,0,0,0,0,4,4,-1,[ OK ]
834.0,18-Jul-25 13:44:14,3267,21.62,0.1463,121.3,0.3721,0.5042,1.461,0,0,0,100,18.48,0.3656,404.1,0.0175,0,0,0,0,0,0,0,4,4,-1,[ OK ]
834.4,18-Jul-25 13:44:14,3267,21.62,0.146,121.6,0.3708,0.5039,1.463,0,0,0,100,18.48,0.3657,404.1,0.01376,0,0,0,0,0,0,0,4,4,-1,[ OK ]
834.8,18-Jul-25 13:44:15,3268,21.62,0.146,120.9,0.3672,0.5031,1.468,0,0,0,100,18.48,0.3638,404.1,0.009325,0,0,0,0,0,0,0,4,4,-1,[ OK ]
835.3,18-Jul-25 13:44:15,3268,21.62,0.1463,119.7,0.3692,0.5043,1.462,0,0,0,100,18.48,0.367,404.1,0.00592,0,0,0,0,0,0,0,4,4,-1,[ OK ]
835.7,18-Jul-25 13:44:16,3268,21.62,0.1459,120.6,0.3696,0.5053,1.455,0,0,0,100,18.48,0.3652,404.1,0.012,0,0,0,0,0,0,0,4,4,-1,[ OK ]
836.1,18-Jul-25 13:44:16,3269,21.62,0.1458,120.2,0.3713,0.5042,1.461,0,0,0,100,18.48,0.3655,403.8,0.01551,0,0,0,0,0,0,0,4,4,-1,[ OK ]
836.5,18-Jul-25 13:44:16,3269,21.62,0.1457,120.2,0.3681,0.5039,1.462,0,0,0,100,18.48,0.3665,404,0.004286,0,0,0,0,0,0,0,4,4,-1,[ OK ]
836.9,18-Jul-25 13:44:17,3270,21.62,0.1454,120.8,0.3745,0.5049,1.456,0,0,0,100,18.48,0.3662,403.8,0.02214,0,0,0,0,0,0,0,4,4,-1,[ OK ]
837.4,18-Jul-25 13:44:17,3270,21.62,0.1454,120.5,0.3694,0.5045,1.459,0,0,0,100,18.48,0.3629,404.2,0.01769,0,0,0,0,0,0,0,4,4,-1,[ OK ]
837.8,18-Jul-25 13:44:18,3271,21.62,0.1453,120.6,0.3681,0.5046,1.458,0,0,0,100,18.48,0.3653,403.7,0.007679,0,0,0,0,0,0,0,4,4,-1,[ OK ]
838.2,18-Jul-25 13:44:18,3271,21.62,0.1455,119.9,0.3675,0.5052,1.454,0,0,0,100,18.48,0.3633,403.9,0.01155,0,0,0,0,0,0,0,4,4,-1,[ OK ]
838.6,18-Jul-25 13:44:19,3271,21.62,0.145,121.3,0.3691,0.504,1.461,0,0,0,100,18.48,0.3644,404.1,0.01264,0,0,0,0,0,0,0,4,4,-1,[ OK ]
839.0,18-Jul-25 13:44:19,3272,21.62,0.1453,120.3,0.3682,0.5031,1.467,0,0,0,100,18.48,0.3634,404,0.01298,0,0,0,0,0,0,0,4,4,-1,[ OK ]
839.3,18-Jul-25 13:44:19,3272,21.62,0.1452,120.4,0.3693,0.5056,1.453,0,0,0,100,18.48,0.3626,403.7,0.01808,0,0,0,0,0,0,0,4,4,-1,[ OK ]
839.8,18-Jul-25 13:44:20,3272,21.62,0.1454,119.7,0.3713,0.5058,1.451,0,0,0,100,18.48,0.3626,404,0.02354,0,0,0,0,0,0,0,4,4,-1,[ OK ]
840.1,18-Jul-25 13:44:20,3273,21.62,0.1451,120.4,0.3645,0.5036,1.463,0,0,0,100,18.48,0.3636,404,0.002709,0,0,0,0,0,0,0,4,4,-1,[ OK ]
840.5,18-Jul-25 13:44:20,3273,21.62,0.1451,120.6,0.3691,0.5041,1.461,0,0,0,100,18.48,0.3648,404.1,0.01176,0,0,0,0,0,0,0,4,4,-1,[ OK ]
840.9,18-Jul-25 13:44:21,3274,21.62,0.1452,119.9,0.3707,0.5031,1.467,0,0,0,100,18.48,0.3646,404.1,0.01632,0,0,0,0,0,0,0,4,4,-1,[ OK ]
841.3,18-Jul-25 13:44:21,3274,21.62,0.1455,119.1,0.3689,0.5044,1.46,0,0,0,100,18.48,0.3658,404,0.008503,0,0,0,0,0,0,0,4,4,-1,[ OK ]
841.7,18-Jul-25 13:44:22,3274,21.62,0.145,120.4,0.3695,0.5037,1.465,0,0,0,100,18.48,0.3647,403.8,0.01293,0,0,0,0,0,0,0,4,4,-1,[ OK ]
842.2,18-Jul-25 13:44:22,3275,21.62,0.1451,120.1,0.3722,0.504,1.463,0,0,0,100,18.48,0.3651,404.1,0.01896,0,0,0,0,0,0,0,4,4,-1,[ OK ]
842.6,18-Jul-25 13:44:23,3275,21.62,0.145,120.4,0.3649,0.5043,1.461,0,0,0,100,18.48,0.3635,404,0.004014,0,0,0,0,0,0,0,4,4,-1,[ OK ]
842.9,18-Jul-25 13:44:23,3276,21.62,0.1451,120.1,0.3711,0.5036,1.465,0,0,0,100,18.48,0.3633,403.8,0.02096,0,0,0,0,0,0,0,4,4,-1,[ OK ]
843.3,18-Jul-25 13:44:23,3276,21.62,0.145,120.3,0.3681,0.5033,1.467,0,0,0,100,18.48,0.365,404.1,0.008554,0,0,0,0,0,0,0,4,4,-1,[ OK ]
843.7,18-Jul-25 13:44:24,3276,21.62,0.145,120.2,0.3688,0.5057,1.453,0,0,0,100,18.48,0.3638,404.1,0.01359,0,0,0,0,0,0,0,4,4,-1,[ OK ]
844.2,18-Jul-25 13:44:24,3277,21.62,0.1451,119.9,0.3686,0.5055,1.454,0,0,0,100,18.48,0.3627,403.8,0.01601,0,0,0,0,0,0,0,4,4,-1,[ OK ]
844.6,18-Jul-25 13:44:25,3277,21.62,0.1449,120.4,0.3663,0.5033,1.466,0,0,0,100,18.48,0.3636,404.2,0.00735,0,0,0,0,0,0,0,4,4,-1,[ OK ]
845.0,18-Jul-25 13:44:25,3278,21.62,0.1448,120.8,0.3655,0.5037,1.464,0,0,0,100,18.48,0.363,404,0.007069,0,0,0,0,0,0,0,4,4,-1,[ OK ]
845.3,18-Jul-25 13:44:25,3278,21.62,0.145,120,0.37,0.5052,1.454,0,0,0,100,18.48,0.3622,404.1,0.02101,0,0,0,0,0,0,0,4,4,-1,[ OK ]
845.7,18-Jul-25 13:44:26,3278,21.62,0.145,120,0.3718,0.5043,1.46,0,0,0,100,18.48,0.3643,403.8,0.02018,0,0,0,0,0,0,0,4,4,-1,[ OK ]
846.1,18-Jul-25 13:44:26,3279,21.62,0.1448,120.7,0.3688,0.5049,1.456,0,0,0,100,18.48,0.3631,403.8,0.01555,0,0,0,0,0,0,0,4,4,-1,[ OK ]
846.5,18-Jul-25 13:44:26,3279,21.62,0.1453,119.1,0.3689,0.5044,1.458,0,0,0,100,18.48,0.3634,404.1,0.01505,0,0,0,0,0,0,0,4,4,-1,[ OK ]
847.0,18-Jul-25 13:44:27,3280,21.62,0.145,119.9,0.369,0.5023,1.471,0,0,0,100,18.48,0.3629,404.1,0.01652,0,0,0,0,0,0,0,4,4,-1,[ OK ]
847.4,18-Jul-25 13:44:27,3280,21.62,0.1451,119.8,0.3677,0.505,1.455,0,0,0,100,18.48,0.3632,403.8,0.01241,0,0,0,0,0,0,0,4,4,-1,[ OK ]
847.8,18-Jul-25 13:44:28,3281,21.62,0.145,120,0.373,0.5042,1.46,0,0,0,100,18.48,0.3636,404,0.02504,0,0,0,0,0,0,0,4,4,-1,[ OK ]
848.2,18-Jul-25 13:44:28,3281,21.62,0.1449,120.4,0.3698,0.5032,1.466,0,0,0,100,18.48,0.3614,403.6,0.02266,0,0,0,0,0,0,0,4,4,-1,[ OK ]
848.6,18-Jul-25 13:44:29,3281,21.62,0.1451,119.7,0.3689,0.504,1.462,0,0,0,100,18.48,0.3622,403.8,0.01811,0,0,0,0,0,0,0,4,4,-1,[ OK ]
849.1,18-Jul-25 13:44:29,3282,21.62,0.145,119.9,0.3711,0.5043,1.46,0,0,0,100,18.48,0.3618,403.9,0.02497,0,0,0,0,0,0,0,4,4,-1,[ OK ]
849.5,18-Jul-25 13:44:29,3282,21.62,0.145,119.8,0.3711,0.5048,1.457,0,0,0,100,18.48,0.3615,403.9,0.02573,0,0,0,0,0,0,0,4,4,-1,[ OK ]
849.9,18-Jul-25 13:44:30,3283,21.62,0.1451,119.4,0.3714,0.5026,1.47,0,0,0,100,18.48,0.3601,403.8,0.03031,0,0,0,0,0,0,0,4,4,-1,[ OK ]
850.2,18-Jul-25 13:44:30,3283,21.62,0.1449,120,0.3666,0.5049,1.456,0,0,0,100,18.48,0.3609,403.8,0.01552,0,0,0,0,0,0,0,4,4,-1,[ OK ]
850.6,18-Jul-25 13:44:31,3283,21.62,0.145,119.8,0.365,0.5033,1.465,0,0,0,100,18.48,0.3602,403.8,0.01322,0,0,0,0,0,0,0,4,4,-1,[ OK ]
851.0,18-Jul-25 13:44:31,3284,21.62,0.1449,120.3,0.371,0.5041,1.461,0,0,0,100,18.48,0.3624,403.8,0.0233,0,0,0,0,0,0,0,4,4,-1,[ OK ]
851.4,18-Jul-25 13:44:31,3284,21.62,0.145,119.9,0.3663,0.505,1.456,0,0,0,100,18.48,0.3634,404.1,0.00801,0,0,0,0,0,0,0,4,4,-1,[ OK ]
851.9,18-Jul-25 13:44:32,3285,21.62,0.1451,119.6,0.3672,0.503,1.467,0,0,0,100,18.48,0.3607,403.7,0.01766,0,0,0,0,0,0,0,4,4,-1,[ OK ]
852.3,18-Jul-25 13:44:32,3285,21.62,0.1448,120.6,0.3712,0.5033,1.465,0,0,0,100,18.48,0.3602,403.9,0.02957,0,0,0,0,0,0,0,4,4,-1,[ OK ]
852.7,18-Jul-25 13:44:33,3285,21.62,0.1449,120.2,0.3704,0.504,1.462,0,0,0,100,18.48,0.3613,404.1,0.02467,0,0,0,0,0,0,0,4,4,-1,[ OK ]
853.1,18-Jul-25 13:44:33,3286,21.62,0.145,120.2,0.3688,0.5034,1.466,0,0,0,100,18.48,0.3606,403.8,0.02233,0,0,0,0,0,0,0,4,4,-1,[ OK ]
853.4,18-Jul-25 13:44:33,3286,21.62,0.1452,119.5,0.36,0.5038,1.464,0,0,0,100,18.48,0.3609,404,-0.002435,0,0,0,0,0,0,0,4,4,-1,[ OK ]
853.8,18-Jul-25 13:44:34,3287,21.62,0.145,120.2,0.3701,0.5059,1.451,0,0,0,100,18.48,0.3587,403.9,0.03085,0,0,0,0,0,0,0,4,4,-1,[ OK ]
854.3,18-Jul-25 13:44:34,3287,21.62,0.1451,119.9,0.3683,0.5046,1.459,0,0,0,100,18.48,0.3592,404.1,0.02484,0,0,0,0,0,0,0,4,4,-1,[ OK ]
854.7,18-Jul-25 13:44:35,3287,21.62,0.145,120.2,0.3687,0.5044,1.46,0,0,0,100,18.48,0.3584,403.8,0.02796,0,0,0,0,0,0,0,4,4,-1,[ OK ]
855.1,18-Jul-25 13:44:35,3288,21.62,0.1451,120,0.3707,0.504,1.463,0,0,0,100,18.48,0.3599,404.1,0.02925,0,0,0,0,0,0,0,4,4,-1,[ OK ]
855.5,18-Jul-25 13:44:35,3288,21.62,0.1449,120.6,0.3711,0.5052,1.456,0,0,0,100,18.48,0.3584,404.1,0.03431,0,0,0,0,0,0,0,4,4,-1,[ OK ]
855.9,18-Jul-25 13:44:36,3289,21.62,0.145,120.1,0.3696,0.5039,1.463,0,0,0,100,18.48,0.3609,404,0.02344,0,0,0,0,0,0,0,4,4,-1,[ OK ]
856.3,18-Jul-25 13:44:36,3289,21.62,0.1449,120.4,0.3692,0.5039,1.463,0,0,0,100,18.48,0.3599,404,0.02512,0,0,0,0,0,0,0,4,4,-1,[ OK ]
856.8,18-Jul-25 13:44:37,3289,21.62,0.1451,119.9,0.3688,0.5046,1.459,0,0,0,100,18.48,0.3578,404,0.02986,0,0,0,0,0,0,0,4,4,-1,[ OK ]
857.1,18-Jul-25 13:44:37,3290,21.62,0.1451,119.9,0.3696,0.5041,1.462,0,0,0,100,18.48,0.3591,403.8,0.02835,0,0,0,0,0,0,0,4,4,-1,[ OK ]
857.5,18-Jul-25 13:44:37,3290,21.62,0.145,120.1,0.3715,0.5054,1.454,0,0,0,100,18.48,0.3576,403.9,0.0374,0,0,0,0,0,0,0,4,4,-1,[ OK ]
857.9,18-Jul-25 13:44:38,3291,21.62,0.1454,119,0.3697,0.505,1.456,0,0,0,100,18.48,0.3574,404.1,0.0334,0,0,0,0,0,0,0,4,4,-1,[ OK ]
858.3,18-Jul-25 13:44:38,3291,21.62,0.1451,119.7,0.372,0.5043,1.46,0,0,0,100,18.48,0.3588,404.2,0.03543,0,0,0,0,0,0,0,4,4,-1,[ OK ]
858.7,18-Jul-25 13:44:39,3291,21.62,0.1451,119.9,0.3699,0.5035,1.464,0,0,0,100,18.48,0.3578,404,0.03262,0,0,0,0,0,0,0,4,4,-1,[ OK ]
859.2,18-Jul-25 13:44:39,3292,21.62,0.1452,119.6,0.3707,0.5046,1.458,0,0,0,100,18.48,0.3601,404,0.02871,0,0,0,0,0,0,0,4,4,-1,[ OK ]
859.5,18-Jul-25 13:44:39,3292,21.62,0.1451,119.9,0.3699,0.504,1.461,0,0,0,100,18.48,0.3601,404,0.02641,0,0,0,0,0,0,0,4,4,-1,[ OK ]
859.9,18-Jul-25 13:44:40,3293,21.62,0.1451,119.9,0.3704,0.5045,1.459,0,0,0,100,18.48,0.3603,403.8,0.02739,0,0,0,0,0,0,0,4,4,-1,[ OK ]
860.3,18-Jul-25 13:44:40,3293,21.62,0.1451,119.8,0.3674,0.5036,1.464,0,0,0,100,18.48,0.3603,404.1,0.0194,0,0,0,0,0,0,0,4,4,-1,[ OK ]
860.7,18-Jul-25 13:44:41,3293,21.62,0.145,120.2,0.368,0.5042,1.46,0,0,0,100,18.48,0.3602,403.8,0.0212,0,0,0,0,0,0,0,4,4,-1,[ OK ]
861.1,18-Jul-25 13:44:41,3294,21.62,0.1452,119.8,0.368,0.5049,1.457,0,0,0,100,18.48,0.3615,404.1,0.0177,0,0,0,0,0,0,0,4,4,-1,[ OK ]
861.6,18-Jul-25 13:44:41,3294,21.62,0.145,120.2,0.3727,0.5033,1.466,0,0,0,100,18.48,0.3616,404.1,0.02977,0,0,0,0,0,0,0,4,4,-1,[ OK ]
862.0,18-Jul-25 13:44:42,3295,21.62,0.1451,119.9,0.3701,0.5046,1.459,0,0,0,100,18.48,0.3603,403.8,0.02639,0,0,0,0,0,0,0,4,4,-1,[ OK ]
862.4,18-Jul-25 13:44:42,3295,21.62,0.145,120.2,0.3651,0.5031,1.468,0,0,0,100,18.48,0.3605,403.8,0.01283,0,0,0,0,0,0,0,4,4,-1,[ OK ]
862.8,18-Jul-25 13:44:43,3296,21.62,0.1451,120.1,0.3677,0.5041,1.462,0,0,0,100,18.48,0.36,404,0.02107,0,0,0,0,0,0,0,4,4,-1,[ OK ]
863.9,18-Jul-25 13:44:44,3296,21.62,0,117.1,0.08709,0.5047,1.458,0,0,0,100,18.48,0.3504,403.9,0,0,-1,0,-2,0,-1,0,3.625,4,2,[ OK ]
865.1,18-Jul-25 13:44:45,3298,21.62,0,40.81,0.04166,0.5048,1.454,0,0,0,100,18.48,0.3422,403.8,0,0,-1,0,-2,0,-1,0,3.625,4,2,[ OK ]
865.8,18-Jul-25 13:44:46,3298,21.62,0,24.49,0.04037,0.5038,1.462,0,0,0,100,18.48,0.3403,404.1,0,0,-1,0,-2,0,-1,0,3.625,4,2,[ OK ]
867.1,18-Jul-25 13:44:47,3299,21.62,0,17.41,0.03769,0.5041,1.46,0,0,0,100,18.48,0.3449,404.1,0,0,-1,0,-2,0,-1,0,3,3,2,[ OK ]
1061.5,18-Jul-25 13:48:01,3494,21.62,0,0.9884,0.04086,0,0.008359,0,0,0,100,18.48,0.00282,0,0,0,-1,0,-2,0,-1,1,2.75,2,4,[ OK ]
1063.2,18-Jul-25 13:48:03,3495,21.62,0,0.8449,0.04047,0.316,0.5598,0,0,0,100,18.48,0.002659,0.1459,0,0,-1,0,-2,0,-1,1,3,3,4,[ OK ]
1065.0,18-Jul-25 13:48:05,3497,21.62,0,0.7493,0.04424,0.4119,1.116,0,0,0,100,18.48,0.3417,404.2,0,0,-1,0,-2,0,-1,0,3.211,3,4,[ OK ]
1067.0,18-Jul-25 13:48:07,3499,21.62,0,0.8768,0.04106,0.4521,1.341,0,0,0,100,18.48,0.3402,404.2,0,0,-1,0,-2,0,-1,0,3.474,3,4,[ OK ]
1068.9,18-Jul-25 13:48:09,3501,21.62,0.006258,77.84,0.04215,0.4677,1.41,0,0,0,100,18.48,0.3413,403.9,-1,0,-1,0,-2,0,0,0,3.632,3,4,[ OK ]
1070.8,18-Jul-25 13:48:11,3503,21.62,0.03093,43.63,0.03709,0.5623,1.923,0,0,0,100,18.48,0.3414,404.3,-1,0,-1,0,-2,0,0,0,3.789,3,4,[ OK ]
1072.0,18-Jul-25 13:48:12,3505,21.62,0.05363,43.66,0.04334,0.571,1.961,0,0,0,100,18.48,0.3424,404.1,-1,0,-1,0,-2,0,0,0,3.789,3,4,[ OK ]
1072.7,18-Jul-25 13:48:13,3505,21.62,0.06015,50.79,0.04503,0.5743,1.967,0,0,0,100,18.48,0.343,403.8,-1,0,-1,0,-2,0,0,0,3.789,3,4,[ OK ]
1073.2,18-Jul-25 13:48:13,3506,21.62,0.0631,54.95,0.04533,0.5744,1.978,0,0,0,100,18.48,0.3412,404.3,-1,0,-1,0,-2,0,0,0,3.789,3,4,[ OK ]
1073.8,18-Jul-25 13:48:14,3506,21.62,0.06611,59.62,0.0481,0.5753,1.987,0,0,0,100,18.48,0.3415,404.3,-1,0,-1,0,-2,0,0,0,3.789,3,4,[ OK ]
1074.4,18-Jul-25 13:48:14,3507,21.62,0.06872,62.03,0.04543,0.5786,1.978,0,0,0,100,18.48,0.3393,404.3,-1,0,-1,0,-2,0,0,0,3.789,3,4,[ OK ]
1074.9,18-Jul-25 13:48:15,3508,21.62,0.0712,63.99,0.04463,0.5776,1.993,0,0,0,100,18.48,0.3418,404.2,-1,0,-1,0,-2,0,0,0,3.789,3,4,[ OK ]
1075.5,18-Jul-25 13:48:15,3508,21.62,0.07248,67.34,0.04176,0.5807,1.983,0,0,0,100,18.48,0.3422,404.2,-1,0,-1,0,-2,0,0,0,3.789,3,4,[ OK ]
1076.1,18-Jul-25 13:48:16,3509,21.62,0.074,69.38,0.04543,0.5806,1.991,0,0,0,100,18.48,0.3406,404.1,-1,0,-1,0,-2,0,0,0,3.789,3,4,[ OK ]
1076.6,18-Jul-25 13:48:16,3509,21.62,0.07471,71.15,0.04771,0.581,1.994,0,0,0,100,18.48,0.3383,404.3,-1,0,-1,0,-2,0,0,0,3.789,3,4,[ OK ]
1077.0,18-Jul-25 13:48:17,3510,21.62,0.07526,73.46,0.04553,0.5844,1.98,0,0,0,100,18.48,0.3421,404.2,-1,0,-1,0,-2,0,0,0,3.789,3,4,[ OK ]
1077.5,18-Jul-25 13:48:17,3510,21.62,0.07621,73.46,0.04305,0.5832,1.992,0,0,0,100,18.48,0.3406,404.3,-1,0,-1,0,-2,0,0,0,3.789,3,4,[ OK ]
1078.0,18-Jul-25 13:48:18,3511,21.62,0.07692,74.97,0.04582,0.5847,1.988,0,0,0,100,18.48,0.3406,404.3,-1,0,-1,0,-2,0,0,0,3.789,3,4,[ OK ]
1078.5,18-Jul-25 13:48:18,3511,21.62,0.07738,75.76,0.04394,0.5846,1.993,0,0,0,100,18.48,0.3389,403.9,-1,0,-1,0,-2,0,0,0,3.789,3,4,[ OK ]
1079.0,18-Jul-25 13:48:19,3512,21.62,0.07802,75.85,0.04443,0.5849,1.996,0,0,0,100,18.48,0.3391,404,-1,0,-1,0,-2,0,0,0,3.789,3,4,[ OK ]
1079.4,18-Jul-25 13:48:19,3512,21.62,0.07855,75.76,0.04443,0.5876,1.984,0,0,0,100,18.48,0.3397,404,-1,0,-1,0,-2,0,0,0,3.789,3,4,[ OK ]
1080.0,18-Jul-25 13:48:20,3513,21.62,0.0789,76.57,0.04136,0.5867,1.994,0,0,0,100,18.48,0.339,404,-1,0,-1,0,-2,0,0,0,3.789,3,4,[ OK ]
1080.5,18-Jul-25 13:48:20,3513,21.62,0.07902,77.37,0.04572,0.587,1.996,0,0,0,100,18.48,0.3398,403.9,-1,0,-1,0,-2,0,0,0,3.789,3,4,[ OK ]
1080.9,18-Jul-25 13:48:21,3514,21.62,0.07929,77.75,0.04553,0.5888,1.99,0,0,0,100,18.48,0.3388,404,-1,0,-1,0,-2,0,0,0,3.789,3,4,[ OK ]
1081.4,18-Jul-25 13:48:21,3514,21.62,0.07946,78.11,0.04582,0.5897,1.988,0,0,0,100,18.48,0.3366,404,-1,0,-1,0,-2,0,0,0,3.789,3,4,[ OK ]
1081.8,18-Jul-25 13:48:22,3515,21.62,0.07974,78.11,0.04592,0.5892,1.996,0,0,0,100,18.48,0.3374,404.1,-1,0,-1,0,-2,0,0,0,3.789,3,4,[ OK ]
1082.3,18-Jul-25 13:48:22,3515,21.62,0.07976,78.75,0.04721,0.5894,1.998,0,0,0,100,18.48,0.3379,403.9,-1,0,-1,0,-2,0,0,0,3.789,3,4,[ OK ]
1082.9,18-Jul-25 13:48:23,3516,21.62,0.07983,79.34,0.04642,0.5908,1.995,0,0,0,100,18.48,0.3383,404.3,-1,0,-1,0,-2,0,0,0,3.789,3,4,[ OK ]
1083.4,18-Jul-25 13:48:23,3516,21.62,0.07997,79.37,0.04364,0.5912,1.996,0,0,0,100,18.48,0.3384,403.9,-1,0,-1,0,-2,0,0,0,3.789,3,4,[ OK ]
1083.8,18-Jul-25 13:48:24,3517,21.62,0.08033,78.8,0.0482,0.5923,1.994,0,0,0,100,18.48,0.3358,403.9,-1,0,-1,0,-2,0,0,0,3.789,3,4,[ OK ]
1084.3,18-Jul-25 13:48:24,3517,21.62,0.08033,79.18,0.04612,0.5933,1.991,0,0,0,100,18.48,0.3383,403.7,-1,0,-1,0,-2,0,0,0,3.789,3,4,[ OK ]
1084.7,18-Jul-25 13:48:25,3517,21.62,0.08033,79.39,0.04314,0.5933,1.995,0,0,0,100,18.48,0.3378,404.1,-1,0,-1,0,-2,0,0,0,3.789,3,4,[ OK ]
1085.2,18-Jul-25 13:48:25,3518,21.62,0.0803,79.77,0.04592,0.5947,1.99,0,0,0,100,18.48,0.337,404.3,-1,0,-1,0,-2,0,0,0,3.789,3,4,[ OK ]
1085.6,18-Jul-25 13:48:26,3518,21.62,0.08054,79.25,0.04602,0.5944,1.994,0,0,0,100,18.48,0.3365,404.2,-1,0,-1,0,-2,0,0,0,3.789,3,4,[ OK ]
1086.1,18-Jul-25 13:48:26,3519,21.62,0.08054,79.42,0.04612,0.5956,1.99,0,0,0,100,18.48,0.3381,403.9,-1,0,-1,0,-2,0,0,0,3.789,3,4,[ OK ]
1086.6,18-Jul-25 13:48:27,3519,21.62,0.08055,79.45,0.04572,0.5957,1.992,0,0,0,100,18.48,0.3377,404.3,-1,0,-1,0,-2,0,0,0,3.789,3,4,[ OK ]
1087.1,18-Jul-25 13:48:27,3520,21.62,0.08065,79.42,0.04493,0.5958,1.996,0,0,0,100,18.48,0.3387,404,-1,0,-1,0,-2,0,0,0,3.789,3,4,[ OK ]
1087.6,18-Jul-25 13:48:28,3520,21.62,0.08063,79.63,0.04483,0.5977,1.989,0,0,0,100,18.48,0.336,404.2,-1,0,-1,0,-2,0,0,0,3.789,3,4,[ OK ]
1088.0,18-Jul-25 13:48:28,3521,21.62,0.08076,79.41,0.0485,0.5986,1.987,0,0,0,100,18.48,0.3346,403.9,-1,0,-1,0,-2,0,0,0,3.789,3,4,[ OK ]
1088.5,18-Jul-25 13:48:28,3521,21.62,0.08068,79.76,0.04513,0.5979,1.994,0,0,0,100,18.48,0.3406,404.2,-1,0,-1,0,-2,0,0,0,3.789,3,4,[ OK ]
1089.0,18-Jul-25 13:48:29,3522,21.62,0.08067,79.9,0.04582,0.5997,1.988,0,0,0,100,18.48,0.3379,403.8,-1,0,-1,0,-2,0,0,0,3.789,3,4,[ OK ]
1089.5,18-Jul-25 13:48:29,3522,21.62,0.08073,79.82,0.04662,0.6005,1.985,0,0,0,100,18.48,0.339,403.9,-1,0,-1,0,-2,0,0,0,3.789,3,4,[ OK ]
1089.9,18-Jul-25 13:48:30,3523,21.62,0.08092,79.33,0.04612,0.6007,1.988,0,0,0,100,18.48,0.3374,404.1,-1,0,-1,0,-2,0,0,0,3.789,3,4,[ OK ]
1090.4,18-Jul-25 13:48:30,3523,21.62,0.08078,79.76,0.04384,0.6008,1.989,0,0,0,100,18.48,0.3377,404.2,-1,0,-1,0,-2,0,0,0,3.789,3,4,[ OK ]
1090.9,18-Jul-25 13:48:31,3524,21.62,0.0808,79.74,0.04652,0.6013,1.991,0,0,0,100,18.48,0.3334,404,-1,0,-1,0,-2,0,0,0,3.789,3,4,[ OK ]
1091.4,18-Jul-25 13:48:31,3524,21.62,0.08077,79.98,0.04503,0.6017,1.992,0,0,0,100,18.48,0.3345,404.2,-1,0,-1,0,-2,0,0,0,3.789,3,4,[ OK ]
1091.9,18-Jul-25 13:48:32,3525,21.62,0.08076,80.09,0.04662,0.602,1.993,0,0,0,100,18.48,0.3352,403.9,-1,0,-1,0,-2,0,0,0,3.789,3,4,[ OK ]
1092.5,18-Jul-25 13:48:32,3525,21.62,0.08078,80.08,0.04285,0.6028,1.991,0,0,0,100,18.48,0.3353,404.3,-1,0,-1,0,-2,0,0,0,3.789,3,4,[ OK ]
1092.9,18-Jul-25 13:48:33,3526,21.62,0.0807,80.33,0.04513,0.6034,1.991,0,0,0,100,18.48,0.3328,403.9,-1,0,-1,0,-2,0,0,0,3.789,3,4,[ OK ]
1093.4,18-Jul-25 13:48:33,3526,21.62,0.08079,80.08,0.04592,0.604,1.991,0,0,0,100,18.48,0.3376,404.2,-1,0,-1,0,-2,0,0,0,3.789,3,4,[ OK ]
1093.8,18-Jul-25 13:48:34,3527,21.62,0.08105,79.39,0.0486,0.6042,1.993,0,0,0,100,18.48,0.3375,404.1,-1,0,-1,0,-2,0,0,0,3.789,3,4,[ OK ]
1094.3,18-Jul-25 13:48:34,3527,21.62,0.08085,80.06,0.04592,0.6036,2,0,0,0,100,18.48,0.3366,403.9,-1,0,-1,0,-2,0,0,0,3.789,3,4,[ OK ]
1094.9,18-Jul-25 13:48:35,3528,21.62,0.08102,79.58,0.04622,0.6053,1.993,0,0,0,100,18.48,0.3376,404,-1,0,-1,0,-2,0,0,0,3.789,3,4,[ OK ]
1095.3,18-Jul-25 13:48:35,3528,21.62,0.08088,80.09,0.04424,0.6057,1.994,0,0,0,100,18.48,0.3373,404.2,-1,0,-1,0,-2,0,0,0,3.789,3,4,[ OK ]
1095.8,18-Jul-25 13:48:36,3528,21.62,0.08075,80.3,0.04592,0.6061,1.995,0,0,0,100,18.48,0.3371,404,-1,0,-1,0,-2,0,0,0,3.789,3,4,[ OK ]
1096.2,18-Jul-25 13:48:36,3529,21.62,0.08089,79.95,0.04334,0.6079,1.987,0,0,0,100,18.48,0.3365,404,-1,0,-1,0,-2,0,0,0,3.789,3,4,[ OK ]
1096.7,18-Jul-25 13:48:37,3529,21.63,0.0809,79.93,0.04572,0.6058,2.002,0,0,0,100,18.48,0.335,403.9,-1,0,-1,0,-2,0,0,0,3.789,3,4,[ OK ]
1097.1,18-Jul-25 13:48:37,3530,21.63,0.08135,78.61,0.04007,0.6091,1.987,0,0,0,100,18.48,0.3363,404,-1,0,-1,0,-2,0,0,0,3.789,3,4,[ OK ]
1097.6,18-Jul-25 13:48:38,3530,21.63,0.08083,80.17,0.04662,0.6091,1.989,0,0,0,100,18.48,0.3374,404.2,-1,0,-1,0,-2,0,0,0,3.789,3,4,[ OK ]
1098.1,18-Jul-25 13:48:38,3531,21.63,0.08087,80.04,0.04493,0.6089,1.993,0,0,0,100,18.48,0.3375,404.1,-1,0,-1,0,-2,0,0,0,3.789,3,4,[ OK ]
1098.7,18-Jul-25 13:48:39,3531,21.63,0.08092,79.88,0.04572,0.6085,1.999,0,0,0,100,18.48,0.3377,404.2,-1,0,-1,0,-2,0,0,0,3.789,3,4,[ OK ]
1099.1,18-Jul-25 13:48:39,3532,21.63,0.08039,81.62,0.04186,0.61,1.993,0,0,0,100,18.48,0.3376,403.9,-1,0,-1,0,-2,0,0,0,3.789,3,4,[ OK ]
1099.6,18-Jul-25 13:48:40,3532,21.63,0.08112,79.44,0.0485,0.6104,1.993,0,0,0,100,18.48,0.3369,404,-1,0,-1,0,-2,0,0,0,3.789,3,4,[ OK ]
1100.0,18-Jul-25 13:48:40,3533,21.63,0.08106,79.68,0.04751,0.6108,1.993,0,0,0,100,18.48,0.3376,404.2,-1,0,-1,0,-2,0,0,0,3.789,3,4,[ OK ]
1100.6,18-Jul-25 13:48:41,3533,21.63,0.08099,79.79,0.04493,0.6123,1.987,0,0,0,100,18.48,0.3379,403.9,-1,0,-1,0,-2,0,0,0,3.789,3,4,[ OK ]
1101.1,18-Jul-25 13:48:41,3534,21.63,0.08107,79.5,0.04582,0.6116,1.993,0,0,0,100,18.48,0.3397,403.9,-1,0,-1,0,-2,0,0,0,3.789,3,4,[ OK ]
1101.6,18-Jul-25 13:48:42,3534,21.63,0.08091,80.14,0.04682,0.6118,1.994,0,0,0,100,18.48,0.3385,404.2,-1,0,-1,0,-2,0,0,0,3.789,3,4,[ OK ]
1102.1,18-Jul-25 13:48:42,3535,21.63,0.08083,80.35,0.04434,0.6113,2.001,0,0,0,100,18.48,0.3406,404.2,-1,0,-1,0,-2,0,0,0,3.789,3,4,[ OK ]
1102.6,18-Jul-25 13:48:43,3535,21.63,0.0811,79.58,0.04533,0.6118,2.001,0,0,0,100,18.48,0.3394,404.2,-1,0,-1,0,-2,0,0,0,3.789,3,4,[ OK ]
1103.0,18-Jul-25 13:48:43,3536,21.63,0.08126,79.12,0.04562,0.6131,1.998,0,0,0,100,18.48,0.337,404.2,-1,0,-1,0,-2,0,0,0,3.789,3,4,[ OK ]
1103.5,18-Jul-25 13:48:43,3536,21.63,0.08089,80.25,0.0485,0.6113,2.011,0,0,0,100,18.48,0.3373,404,-1,0,-1,0,-2,0,0,0,3.789,3,4,[ OK ]
1104.0,18-Jul-25 13:48:44,3537,21.63,0.08089,80.24,0.04672,0.6134,2.002,0,0,0,100,18.48,0.3392,403.8,-1,0,-1,0,-2,0,0,0,3.789,3,4,[ OK ]
1104.4,18-Jul-25 13:48:44,3537,21.63,0.081,79.88,0.04493,0.6137,2.003,0,0,0,100,18.48,0.3356,404.2,-1,0,-1,0,-2,0,0,0,3.789,3,4,[ OK ]
1104.9,18-Jul-25 13:48:45,3538,21.63,0.08105,79.73,0.0489,0.6139,2.003,0,0,0,100,18.48,0.3364,404,-1,0,-1,0,-2,0,0,0,3.789,3,4,[ OK ]
1105.5,18-Jul-25 13:48:45,3538,21.63,0.08083,80.14,0.04533,0.6157,1.995,0,0,0,100,18.48,0.3359,404.2,-1,0,-1,0,-2,0,0,0,3.789,3,4,[ OK ]
1105.9,18-Jul-25 13:48:46,3539,21.63,0.08093,79.98,0.04265,0.6149,2.001,0,0,0,100,18.48,0.3377,404.2,-1,0,-1,0,-2,0,0,0,3.789,3,4,[ OK ]
1106.4,18-Jul-25 13:48:46,3539,21.63,0.08101,79.84,0.04672,0.6159,1.997,0,0,0,100,18.48,0.3377,403.9,-1,0,-1,0,-2,0,0,0,3.789,3,4,[ OK ]
1106.9,18-Jul-25 13:48:47,3540,21.63,0.08091,80.19,0.0489,0.6167,1.995,0,0,0,100,18.48,0.3362,403.9,-1,0,-1,0,-2,0,0,0,3.789,3,4,[ OK ]
1107.4,18-Jul-25 13:48:47,3540,21.63,0.08116,79.39,0.04513,0.617,1.997,0,0,0,100,18.48,0.3354,404.1,-1,0,-1,0,-2,0,0,0,3.789,3,4,[ OK ]
1107.9,18-Jul-25 13:48:48,3541,21.63,0.08079,80.47,0.04939,0.6148,2.011,0,0,0,100,18.48,0.3377,403.9,-1,0,-1,0,-2,0,0,0,3.789,3,4,[ OK ]
1108.3,18-Jul-25 13:48:48,3541,21.63,0.08112,79.71,0.1294,0.6189,1.991,0,0,0,100,18.48,0.3524,403.9,-1,0,0,0,-2,0,0,0,3.789,3,4,[ OK ]
1109.6,18-Jul-25 13:48:50,3542,21.63,0.08208,77.84,0.1379,0.5625,1.714,0,0,0,100,18.48,0.3535,404.1,-1,0,0,0,0,0,0,0,4,4,-1,[ OK ]
1111.7,18-Jul-25 13:48:52,3544,21.63,0.08479,77.53,0.1597,0.52,1.535,0,0,0,100,18.48,0.3579,404,-1,0,0,0,0,0,0,0,4,4,-1,[ OK ]
1112.6,18-Jul-25 13:48:53,3545,21.63,0.08524,78.15,0.1566,0.5168,1.503,0,0,0,100,18.48,0.3577,404.2,-1,0,0,0,0,0,0,0,4,4,-1,[ OK ]
1113.2,18-Jul-25 13:48:53,3546,21.63,0.08526,79.07,0.1536,0.5141,1.497,0,0,0,100,18.48,0.3572,403.8,-1,0,0,0,0,0,0,0,4,4,-1,[ OK ]
1113.6,18-Jul-25 13:48:54,3546,21.63,0.08566,78.58,0.1551,0.514,1.485,0,0,0,100,18.48,0.3577,403.8,-1,0,0,0,0,0,0,0,4,4,-1,[ OK ]
1114.0,18-Jul-25 13:48:54,3547,21.63,0.0858,78.66,0.1535,0.5124,1.483,0,0,0,100,18.48,0.3559,403.8,-1,0,0,0,0,0,0,0,4,4,-1,[ OK ]
1114.4,18-Jul-25 13:48:54,3547,21.63,0.08588,78.86,0.1487,0.5118,1.478,0,0,0,100,18.48,0.3554,404.2,-1,0,0,0,0,0,0,0,4,4,-1,[ OK ]
1114.8,18-Jul-25 13:48:55,3548,21.63,0.08605,78.82,0.1495,0.5102,1.479,0,0,0,100,18.48,0.354,403.9,-1,0,0,0,0,0,0,0,4,4,-1,[ OK ]
1115.2,18-Jul-25 13:48:55,3548,21.63,0.08657,77.65,0.1448,0.5099,1.475,0,0,0,100,18.48,0.3543,404,-1,0,0,0,0,0,0,0,4,4,-1,[ OK ]
1115.6,18-Jul-25 13:48:56,3548,21.63,0.08618,79.18,0.1403,0.509,1.476,0,0,0,100,18.48,0.3513,403.8,-1,0,0,0,0,0,0,0,4,4,-1,[ OK ]
1116.0,18-Jul-25 13:48:56,3549,21.63,0.08614,79.47,0.1387,0.5095,1.469,0,0,0,100,18.48,0.3527,404.2,-1,0,0,0,0,0,0,0,4,4,-1,[ OK ]
1116.5,18-Jul-25 13:48:56,3549,21.63,0.08614,79.68,0.1412,0.509,1.469,0,0,0,100,18.48,0.3516,404.2,-1,0,0,0,0,0,0,0,4,4,-1,[ OK ]
1116.9,18-Jul-25 13:48:57,3550,21.63,0.08616,79.77,0.1438,0.5094,1.462,0,0,0,100,18.48,0.3509,404.2,-1,0,0,0,0,0,0,0,4,4,-1,[ OK ]
1117.3,18-Jul-25 13:48:57,3550,21.63,0.08631,79.36,0.1379,0.5089,1.463,0,0,0,100,18.48,0.3506,404.3,-1,0,0,0,0,0,0,0,4,4,-1,[ OK ]
1117.7,18-Jul-25 13:48:58,3550,21.63,0.08631,79.57,0.1379,0.5084,1.464,0,0,0,100,18.48,0.3516,404,-1,0,0,0,0,0,0,0,4,4,-1,[ OK ]
1118.1,18-Jul-25 13:48:58,3551,21.63,0.08634,79.58,0.1381,0.5075,1.467,0,0,0,100,18.48,0.3518,404.2,-1,0,0,0,0,0,0,0,4,4,-1,[ OK ]
1118.5,18-Jul-25 13:48:58,3551,21.63,0.08621,80.08,0.138,0.5076,1.465,0,0,0,100,18.48,0.3515,404.1,-1,0,0,0,0,0,0,0,4,4,-1,[ OK ]
1118.9,18-Jul-25 13:48:59,3552,21.63,0.08623,79.88,0.1379,0.5078,1.462,0,0,0,100,18.48,0.3512,404,-1,0,0,0,0,0,0,0,4,4,-1,[ OK ]
1119.3,18-Jul-25 13:48:59,3552,21.63,0.08639,79.44,0.1379,0.508,1.46,0,0,0,100,18.48,0.3516,403.9,-1,0,0,0,0,0,0,0,4,4,-1,[ OK ]
1119.8,18-Jul-25 13:49:00,3553,21.63,0.08615,80.22,0.1255,0.508,1.459,0,0,0,100,18.48,0.3519,403.8,-1,0,0,0,0,0,0,0,4,4,-1,[ OK ]
1120.1,18-Jul-25 13:49:00,3553,21.63,0.08636,79.58,0.1311,0.5069,1.465,0,0,0,100,18.48,0.3516,404.2,-1,0,0,0,0,0,0,0,4,4,-1,[ OK ]
1120.5,18-Jul-25 13:49:00,3553,21.63,0.08627,79.85,0.1313,0.5073,1.461,0,0,0,100,18.48,0.3508,404.2,-1,0,0,0,0,0,0,0,4,4,-1,[ OK ]
1120.9,18-Jul-25 13:49:01,3554,21.63,0.08617,80.2,0.1314,0.5086,1.453,0,0,0,100,18.48,0.3502,404.2,-1,0,0,0,0,0,0,0,4,4,-1,[ OK ]
1121.2,18-Jul-25 13:49:01,3554,21.63,0.08658,78.94,0.1379,0.5061,1.467,0,0,0,100,18.48,0.3503,403.8,-1,0,0,0,0,0,0,0,4,4,-1,[ OK ]
1121.5,18-Jul-25 13:49:01,3554,21.63,0.08644,79.34,0.1379,0.5058,1.469,0,0,0,100,18.48,0.3485,404.2,-1,0,0,0,0,0,0,0,4,4,-1,[ OK ]
1121.8,18-Jul-25 13:49:02,3555,21.63,0.08567,81.62,0.1302,0.5063,1.466,0,0,0,100,18.48,0.3484,403.9,-1,0,0,0,0,0,0,0,4,4,-1,[ OK ]
1122.2,18-Jul-25 13:49:02,3555,21.63,0.08626,79.82,0.1317,0.5057,1.469,0,0,0,100,18.48,0.3474,403.8,-1,0,0,0,0,0,0,0,4,4,-1,[ OK ]
1122.5,18-Jul-25 13:49:02,3555,21.63,0.08637,79.47,0.1305,0.5072,1.46,0,0,0,100,18.48,0.348,404,-1,0,0,0,0,0,0,0,4,4,-1,[ OK ]
1122.8,18-Jul-25 13:49:03,3556,21.63,0.08621,79.96,0.1298,0.5067,1.463,0,0,0,100,18.48,0.3472,404.2,-1,0,0,0,0,0,0,0,4,4,-1,[ OK ]
1123.1,18-Jul-25 13:49:03,3556,21.63,0.08607,80.35,0.1267,0.5069,1.461,0,0,0,100,18.48,0.3468,403.9,-1,0,0,0,0,0,0,0,4,4,-1,[ OK ]
1123.4,18-Jul-25 13:49:03,3556,21.63,0.08613,80.16,0.1315,0.5059,1.467,0,0,0,100,18.48,0.3472,404.2,-1,0,0,0,0,0,0,0,4,4,-1,[ OK ]
1124.0,18-Jul-25 13:49:04,3557,21.63,0.08811,79.92,0.1379,0.5059,1.467,0,0,0,100,18.48,0.3471,404.2,-1,0,0,0,0,0,0,0,4,4,-1,[ OK ]
1124.4,18-Jul-25 13:49:04,3557,21.63,0.08838,81.62,0.1243,0.5084,1.453,0,0,0,100,18.48,0.3474,403.8,-1,0,0,0,0,0,0,0,4,4,-1,[ OK ]
1124.8,18-Jul-25 13:49:05,3557,21.63,0.09044,81.62,0.1283,0.5067,1.462,0,0,0,100,18.48,0.3481,403.9,-1,0,0,0,0,0,0,0,4,4,-1,[ OK ]
1125.1,18-Jul-25 13:49:05,3558,21.63,0.09132,81.96,0.1309,0.5068,1.461,0,0,0,100,18.48,0.3468,403.8,-1,0,0,0,0,0,0,0,4,4,-1,[ OK ]
1125.6,18-Jul-25 13:49:06,3558,21.63,0.09199,82.93,0.1306,0.5073,1.457,0,0,0,100,18.48,0.3486,404.2,-1,0,0,0,0,0,0,0,4,4,-1,[ OK ]
1126.0,18-Jul-25 13:49:06,3559,21.63,0.09473,84.3,0.1379,0.5077,1.454,0,0,0,100,18.48,0.3477,404.2,-1,0,0,0,0,0,0,0,4,4,-1,[ OK ]
1126.3,18-Jul-25 13:49:06,3559,21.63,0.09548,85.1,0.1379,0.506,1.464,0,0,0,100,18.48,0.3487,404.2,-1,0,0,0,0,0,0,0,4,4,-1,[ OK ]
1126.7,18-Jul-25 13:49:07,3559,21.63,0.09605,86.26,0.1379,0.5064,1.462,0,0,0,100,18.48,0.348,404.2,-1,0,0,0,0,0,0,0,4,4,-1,[ OK ]
1127.0,18-Jul-25 13:49:07,3560,21.63,0.09898,87.17,0.1379,0.5054,1.468,0,0,0,100,18.48,0.3447,403.9,-1,0,0,0,0,0,0,0,4,4,-1,[ OK ]
1127.3,18-Jul-25 13:49:07,3560,21.63,0.0997,88.65,0.1379,0.5063,1.463,0,0,0,100,18.48,0.3446,404.2,-1,0,0,0,0,0,0,0,4,4,-1,[ OK ]
1127.8,18-Jul-25 13:49:08,3560,21.63,0.1006,90.26,0.1306,0.5064,1.461,0,0,0,100,18.48,0.3445,403.9,-1,0,0,0,0,0,0,0,4,4,-1,[ OK ]
1128.2,18-Jul-25 13:49:08,3561,21.63,0.1042,91.17,0.1379,0.5071,1.457,0,0,0,100,18.48,0.3472,404.2,-1,0,0,0,0,0,0,0,4,4,-1,[ OK ]
1128.5,18-Jul-25 13:49:08,3561,21.63,0.1051,92.37,0.1379,0.5071,1.456,0,0,0,100,18.48,0.3457,404.1,-1,0,0,0,0,0,0,0,4,4,-1,[ OK ]
1128.8,18-Jul-25 13:49:09,3562,21.63,0.1078,92.83,0.1379,0.506,1.463,0,0,0,100,18.48,0.347,403.9,-1,0,0,0,0,0,0,0,4,4,-1,[ OK ]
1129.1,18-Jul-25 13:49:09,3562,21.63,0.1092,94.34,0.1379,0.5057,1.464,0,0,0,100,18.48,0.345,403.9,-1,0,0,0,0,0,0,0,4,4,-1,[ OK ]
1129.5,18-Jul-25 13:49:09,3562,21.63,0.1103,96.62,0.1379,0.5068,1.458,0,0,0,100,18.48,0.3448,403.8,-1,0,0,0,0,0,0,0,4,4,-1,[ OK ]
1130.0,18-Jul-25 13:49:10,3563,21.63,0.1135,98.14,0.1379,0.5068,1.457,0,0,0,100,18.48,0.3445,404.2,-1,0,0,0,0,0,0,0,4,4,-1,[ OK ]
1130.3,18-Jul-25 13:49:10,3563,21.63,0.115,99.29,0.1379,0.5067,1.458,0,0,0,100,18.48,0.3447,404.2,-1,0,0,0,0,0,0,0,4,4,-1,[ OK ]
1130.7,18-Jul-25 13:49:11,3563,21.63,0.1161,100.2,0.1422,0.5062,1.46,0,0,0,100,18.48,0.3428,404,-1,0,0,0,0,0,0,0,4,4,-1,[ OK ]
1131.0,18-Jul-25 13:49:11,3564,21.63,0.1191,102.8,0.14,0.5056,1.463,0,0,0,100,18.48,0.345,404,-1,0,0,0,0,0,0,0,4,4,-1,[ OK ]
1131.4,18-Jul-25 13:49:11,3564,21.63,0.1207,104.3,0.141,0.5057,1.462,0,0,0,100,18.48,0.3456,404.2,-1,0,0,0,0,0,0,0,4,4,-1,[ OK ]
1131.9,18-Jul-25 13:49:12,3565,21.63,0.1237,106.1,0.1417,0.5059,1.461,0,0,0,100,18.48,0.3456,403.9,-1,0,0,0,0,0,0,0,4,4,-1,[ OK ]
1132.2,18-Jul-25 13:49:12,3565,21.63,0.1256,107.2,0.1433,0.5055,1.463,0,0,0,100,18.48,0.3435,404.1,-1,0,0,0,0,0,0,0,4,4,-1,[ OK ]
1132.6,18-Jul-25 13:49:13,3565,21.63,0.1273,108.7,0.1445,0.506,1.46,0,0,0,100,18.48,0.342,404.1,-1,0,0,0,0,0,0,0,4,4,-1,[ OK ]
1133.1,18-Jul-25 13:49:13,3566,21.63,0.1305,111.3,0.1444,0.5052,1.465,0,0,0,100,18.48,0.3427,404.2,-1,0,0,0,0,0,0,0,4,4,-1,[ OK ]
1133.5,18-Jul-25 13:49:13,3566,21.63,0.1326,113.2,0.1458,0.5063,1.459,0,0,0,100,18.48,0.3429,404.2,-1,0,0,0,0,0,0,0,4,4,-1,[ OK ]
1134.3,18-Jul-25 13:49:14,3567,21.63,0.1376,115.3,0.1451,0.5066,1.456,0,0,0,100,18.48,0.3442,403.9,-1,0,0,0,0,0,0,0,4,4,-1,[ OK ]
1134.8,18-Jul-25 13:49:15,3568,21.63,0.1429,118.8,0.146,0.5049,1.464,0,0,0,100,18.48,0.3447,403.8,-1,0,0,0,0,0,0,0,4,4,-1,[ OK ]
1135.2,18-Jul-25 13:49:15,3568,21.63,0.1442,122.4,0.1467,0.5053,1.462,0,0,0,100,18.48,0.3449,403.8,-1,0,0,0,0,0,0,0,4,4,-1,[ OK ]
1135.6,18-Jul-25 13:49:16,3568,21.63,0.1463,123,0.1475,0.5061,1.457,0,0,0,100,18.48,0.3425,404.1,-1,0,0,0,0,0,0,0,4,4,-1,[ OK ]
1136.1,18-Jul-25 13:49:16,3569,21.63,0.1479,126.1,0.1457,0.5066,1.453,0,0,0,100,18.48,0.3435,404.2,-1,0,0,0,0,0,0,0,4,4,-1,[ OK ]
1136.6,18-Jul-25 13:49:16,3569,21.63,0.1493,127.6,0.1481,0.5056,1.459,0,0,0,100,18.48,0.3419,404.1,-1,0,0,0,0,0,0,0,4,4,-1,[ OK ]
1137.0,18-Jul-25 13:49:17,3570,21.63,0.1509,127.6,0.1474,0.5058,1.459,0,0,0,100,18.48,0.3425,403.8,-1,0,0,0,0,0,0,0,4,4,-1,[ OK ]
1137.3,18-Jul-25 13:49:17,3570,21.63,0.1517,128.8,0.1465,0.5058,1.458,0,0,0,100,18.48,0.3431,404.2,-1,0,0,0,0,0,0,0,4,4,-1,[ OK ]
1137.7,18-Jul-25 13:49:18,3570,21.63,0.1524,130.6,0.1497,0.5047,1.465,0,0,0,100,18.48,0.3431,404.2,-1,0,0,0,0,0,0,0,4,4,-1,[ OK ]
1138.1,18-Jul-25 13:49:18,3571,21.63,0.1533,131.6,0.1495,0.5053,1.461,0,0,0,100,18.48,0.3435,404.1,-1,0,0,0,0,0,0,0,4,4,-1,[ OK ]
1138.5,18-Jul-25 13:49:18,3571,21.63,0.1545,131.6,0.149,0.5057,1.46,0,0,0,100,18.48,0.3406,403.8,-1,0,0,0,0,0,0,0,4,4,-1,[ OK ]
1138.8,18-Jul-25 13:49:19,3572,21.63,0.1549,132.5,0.1506,0.5065,1.455,0,0,0,100,18.48,0.3434,404.2,-1,0,0,0,0,0,0,0,4,4,-1,[ OK ]
1139.2,18-Jul-25 13:49:19,3572,21.63,0.1557,133.1,0.1534,0.5067,1.453,0,0,0,100,18.48,0.3431,404,-1,0,0,0,0,0,0,0,4,4,-1,[ OK ]
1139.6,18-Jul-25 13:49:20,3572,21.63,0.1563,133.8,0.1501,0.505,1.462,0,0,0,100,18.48,0.3427,404.3,-1,0,0,0,0,0,0,0,4,4,-1,[ OK ]
1140.0,18-Jul-25 13:49:20,3573,21.63,0.1568,134.5,0.1506,0.5056,1.459,0,0,0,100,18.48,0.3441,404.1,-1,0,0,0,0,0,0,0,4,4,-1,[ OK ]
1140.5,18-Jul-25 13:49:20,3573,21.63,0.1575,134.8,0.1529,0.5053,1.46,0,0,0,100,18.48,0.3453,403.8,-1,0,0,0,0,0,0,0,4,4,-1,[ OK ]
1140.8,18-Jul-25 13:49:21,3574,21.63,0.1579,134.8,0.1519,0.5052,1.461,0,0,0,100,18.48,0.344,403.9,-1,0,0,0,0,0,0,0,4,4,-1,[ OK ]
1141.3,18-Jul-25 13:49:21,3574,21.63,0.1582,136.4,0.1515,0.5053,1.46,0,0,0,100,18.48,0.3432,403.8,-1,0,0,0,0,0,0,0,4,4,-1,[ OK ]
1141.7,18-Jul-25 13:49:22,3574,21.63,0.1587,136.4,0.1477,0.5044,1.465,0,0,0,100,18.48,0.3429,404.2,-1,0,0,0,0,0,0,0,4,4,-1,[ OK ]
1142.1,18-Jul-25 13:49:22,3575,21.63,0.1592,136.2,0.1517,0.5045,1.465,0,0,0,100,18.48,0.3422,404,-1,0,0,0,0,0,0,0,4,4,-1,[ OK ]
1142.5,18-Jul-25 13:49:22,3575,21.63,0.1595,136.7,0.1513,0.5036,1.471,0,0,0,100,18.48,0.3424,404.2,-1,0,0,0,0,0,0,0,4,4,-1,[ OK ]
1142.9,18-Jul-25 13:49:23,3576,21.63,0.1599,136.7,0.1527,0.5041,1.468,0,0,0,100,18.48,0.3442,404.2,-1,0,0,0,0,0,0,0,4,4,-1,[ OK ]
1143.3,18-Jul-25 13:49:23,3576,21.63,0.16,137.5,0.1505,0.5053,1.461,0,0,0,100,18.48,0.3426,403.8,-1,0,0,0,0,0,0,0,4,4,-1,[ OK ]
1143.6,18-Jul-25 13:49:24,3576,21.63,0.1603,137.2,0.1506,0.5047,1.464,0,0,0,100,18.48,0.3438,404.1,-1,0,0,0,0,0,0,0,4,4,-1,[ OK ]
1144.1,18-Jul-25 13:49:24,3577,21.63,0.16,138.8,0.1522,0.5045,1.465,0,0,0,100,18.48,0.3427,404.2,-1,0,0,0,0,0,0,0,4,4,-1,[ OK ]
1144.5,18-Jul-25 13:49:24,3577,21.63,0.1603,138.8,0.1528,0.5052,1.461,0,0,0,100,18.48,0.3424,404.1,-1,0,0,0,0,0,0,0,4,4,-1,[ OK ]
1144.9,18-Jul-25 13:49:25,3578,21.63,0.1605,138.8,0.1534,0.5044,1.466,0,0,0,100,18.48,0.3412,404.2,-1,0,0,0,0,0,0,0,4,4,-1,[ OK ]
1145.3,18-Jul-25 13:49:25,3578,21.63,0.1607,138.8,0.1509,0.506,1.456,0,0,0,100,18.48,0.34,404.1,-1,0,0,0,0,0,0,0,4,4,-1,[ OK ]
1145.7,18-Jul-25 13:49:26,3578,21.63,0.1608,138.8,0.1505,0.5058,1.458,0,0,0,100,18.48,0.3411,403.9,-1,0,0,0,0,0,0,0,4,4,-1,[ OK ]
1146.1,18-Jul-25 13:49:26,3579,21.63,0.161,138.8,0.1493,0.5061,1.455,0,0,0,100,18.48,0.3429,403.9,-1,0,0,0,0,0,0,0,4,4,-1,[ OK ]
1146.5,18-Jul-25 13:49:26,3579,21.63,0.1612,138.8,0.1524,0.5056,1.458,0,0,0,100,18.48,0.3413,404,-1,0,0,0,0,0,0,0,4,4,-1,[ OK ]
1146.8,18-Jul-25 13:49:27,3580,21.63,0.1613,138.8,0.1516,0.505,1.461,0,0,0,100,18.48,0.3429,403.8,-1,0,0,0,0,0,0,0,4,4,-1,[ OK ]
1147.2,18-Jul-25 13:49:27,3580,21.63,0.1613,139,0.1509,0.5063,1.453,0,0,0,100,18.48,0.3425,403.9,-1,0,0,0,0,0,0,0,4,4,-1,[ OK ]
1147.6,18-Jul-25 13:49:28,3580,21.63,0.1616,138.8,0.154,0.5054,1.458,0,0,0,100,18.48,0.3398,404.1,-1,0,0,0,0,0,0,0,4,4,-1,[ OK ]
1148.0,18-Jul-25 13:49:28,3581,21.63,0.1616,139.1,0.1509,0.5049,1.461,0,0,0,100,18.48,0.3423,404.2,-1,0,0,0,0,0,0,0,4,4,-1,[ OK ]
1148.4,18-Jul-25 13:49:28,3581,21.63,0.1618,139,0.1504,0.5051,1.46,0,0,0,100,18.48,0.3448,403.8,-1,0,0,0,0,0,0,0,4,4,-1,[ OK ]
1148.8,18-Jul-25 13:49:29,3582,21.63,0.1619,138.8,0.1514,0.5041,1.467,0,0,0,100,18.48,0.3435,404.2,-1,0,0,0,0,0,0,0,4,4,-1,[ OK ]
1149.2,18-Jul-25 13:49:29,3582,21.63,0.1621,138.8,0.1506,0.5057,1.457,0,0,0,100,18.48,0.3424,404.1,-1,0,0,0,0,0,0,0,4,4,-1,[ OK ]
1149.6,18-Jul-25 13:49:30,3582,21.63,0.1618,139.7,0.149,0.5048,1.462,0,0,0,100,18.48,0.3422,403.9,-1,0,0,0,0,0,0,0,4,4,-1,[ OK ]
1150.0,18-Jul-25 13:49:30,3583,21.63,0.1621,139.1,0.1494,0.5043,1.465,0,0,0,100,18.48,0.3424,404.2,-1,0,0,0,0,0,0,0,4,4,-1,[ OK ]
1150.4,18-Jul-25 13:49:30,3583,21.63,0.1622,139.3,0.1514,0.5043,1.465,0,0,0,100,18.48,0.3434,404,-1,0,0,0,0,0,0,0,4,4,-1,[ OK ]
1150.8,18-Jul-25 13:49:31,3584,21.63,0.1622,139.4,0.1483,0.5061,1.455,0,0,0,100,18.48,0.3408,404.1,-1,0,0,0,0,0,0,0,4,4,-1,[ OK ]
1151.2,18-Jul-25 13:49:31,3584,21.63,0.1622,139.5,0.1569,0.5049,1.462,0,0,0,100,18.48,0.3426,403.8,-1,0,0,0,0,0,0,0,4,4,-1,[ OK ]
1151.6,18-Jul-25 13:49:32,3584,21.63,0.1624,139.4,0.1517,0.5059,1.456,0,0,0,100,18.48,0.3415,404.2,-1,0,0,0,0,0,0,0,4,4,-1,[ OK ]
1152.0,18-Jul-25 13:49:32,3585,21.63,0.1625,139.4,0.152,0.5046,1.464,0,0,0,100,18.48,0.3418,403.9,-1,0,0,0,0,0,0,0,4,4,-1,[ OK ]
1152.5,18-Jul-25 13:49:32,3585,21.63,0.1625,139.4,0.1514,0.5066,1.452,0,0,0,100,18.48,0.3419,403.9,-1,0,0,0,0,0,0,0,4,4,-1,[ OK ]
1152.8,18-Jul-25 13:49:33,3586,21.63,0.1626,139.2,0.1476,0.5043,1.465,0,0,0,100,18.48,0.3419,404.1,-1,0,0,0,0,0,0,0,4,4,-1,[ OK ]
1153.2,18-Jul-25 13:49:33,3586,21.63,0.1626,139.6,0.151,0.505,1.461,0,0,0,100,18.48,0.3405,404.1,-1,0,0,0,0,0,0,0,4,4,-1,[ OK ]
1153.6,18-Jul-25 13:49:34,3586,21.63,0.1626,139.5,0.149,0.5058,1.456,0,0,0,100,18.48,0.3397,404.1,-1,0,0,0,0,0,0,0,4,4,-1,[ OK ]
1154.0,18-Jul-25 13:49:34,3587,21.63,0.1626,139.7,0.1546,0.5055,1.457,0,0,0,100,18.48,0.3396,404.1,-1,0,0,0,0,0,0,0,4,4,-1,[ OK ]
1154.4,18-Jul-25 13:49:34,3587,21.63,0.1623,140.7,0.1509,0.5049,1.461,0,0,0,100,18.48,0.3391,404.1,-1,0,0,0,0,0,0,0,4,4,-1,[ OK ]
1154.8,18-Jul-25 13:49:35,3588,21.63,0.1625,140,0.2395,0.5044,1.464,0,0,0,100,18.48,0.3422,403.9,-0.4289,0,0,0,0,0,0,0,4,4,-1,[ OK ]
1155.3,18-Jul-25 13:49:35,3588,21.63,0.163,139,0.2425,0.5059,1.455,0,0,0,100,18.48,0.3454,403.8,-0.4243,0,0,0,0,0,0,0,4,4,-1,[ OK ]
1155.7,18-Jul-25 13:49:36,3588,21.63,0.1632,138.8,0.2413,0.5034,1.469,0,0,0,100,18.48,0.3452,403.9,-0.4305,0,0,0,0,0,0,0,4,4,-1,[ OK ]
1156.1,18-Jul-25 13:49:36,3589,21.63,0.1634,138.8,0.2415,0.5034,1.47,0,0,0,100,18.48,0.3446,404,-0.4268,0,0,0,0,0,0,0,4,4,-1,[ OK ]
1156.5,18-Jul-25 13:49:36,3589,21.65,0.164,137.5,0.2461,0.5062,1.454,0,0,0,100,18.48,0.3416,403.8,-0.388,0,0,0,0,0,0,0,4,4,-1,[ OK ]
1156.9,18-Jul-25 13:49:37,3590,21.65,0.1637,138.8,0.2451,0.5047,1.462,0,0,0,100,18.48,0.342,404.2,-0.3953,0,0,0,0,0,0,0,4,4,-1,[ OK ]
1157.4,18-Jul-25 13:49:37,3590,21.65,0.164,138.8,0.2431,0.5055,1.457,0,0,0,100,18.48,0.3403,403.8,-0.3996,0,0,0,0,0,0,0,4,4,-1,[ OK ]
1157.8,18-Jul-25 13:49:38,3591,21.65,0.1641,138.8,0.2426,0.5053,1.458,0,0,0,100,18.48,0.3392,404,-0.3979,0,0,0,0,0,0,0,4,4,-1,[ OK ]
1158.2,18-Jul-25 13:49:38,3591,21.65,0.1643,138.8,0.2448,0.5057,1.455,0,0,0,100,18.48,0.3393,404.1,-0.3858,0,0,0,0,0,0,0,4,4,-1,[ OK ]
1158.6,18-Jul-25 13:49:39,3591,21.65,0.1645,138.8,0.245,0.5057,1.455,0,0,0,100,18.48,0.3412,404.1,-0.3924,0,0,0,0,0,0,0,4,4,-1,[ OK ]
1158.9,18-Jul-25 13:49:39,3592,21.65,0.1646,138.8,0.2479,0.5048,1.459,0,0,0,100,18.48,0.3402,403.8,-0.3725,0,0,0,0,0,0,0,4,4,-1,[ OK ]
1159.3,18-Jul-25 13:49:39,3592,21.65,0.1648,138.8,0.2421,0.506,1.452,0,0,0,100,18.48,0.3414,403.9,-0.4101,0,0,0,0,0,0,0,4,4,-1,[ OK ]
1159.8,18-Jul-25 13:49:40,3592,21.65,0.1649,138.8,0.2452,0.5039,1.464,0,0,0,100,18.48,0.3406,403.9,-0.389,0,0,0,0,0,0,0,4,4,-1,[ OK ]
1160.2,18-Jul-25 13:49:40,3593,21.65,0.1651,138.8,0.2458,0.5044,1.462,0,0,0,100,18.48,0.3432,404.2,-0.3961,0,0,0,0,0,0,0,4,4,-1,[ OK ]
1160.6,18-Jul-25 13:49:41,3593,21.65,0.1653,138.8,0.2432,0.5037,1.466,0,0,0,100,18.48,0.34,404.1,-0.398,0,0,0,0,0,0,0,4,4,-1,[ OK ]
1160.9,18-Jul-25 13:49:41,3594,21.65,0.1651,139.6,0.2451,0.5046,1.462,0,0,0,100,18.48,0.3407,403.9,-0.3901,0,0,0,0,0,0,0,4,4,-1,[ OK ]
1161.3,18-Jul-25 13:49:41,3594,21.65,0.1653,139.3,0.2429,0.5039,1.466,0,0,0,100,18.48,0.3407,404.1,-0.4025,0,0,0,0,0,0,0,4,4,-1,[ OK ]
1161.7,18-Jul-25 13:49:42,3594,21.65,0.1656,138.9,0.2473,0.5038,1.468,0,0,0,100,18.48,0.3397,404,-0.3737,0,0,0,0,0,0,0,4,4,-1,[ OK ]
1162.2,18-Jul-25 13:49:42,3595,21.65,0.1658,138.8,0.2443,0.5054,1.457,0,0,0,100,18.48,0.339,403.9,-0.3875,0,0,0,0,0,0,0,4,4,-1,[ OK ]
1162.6,18-Jul-25 13:49:43,3595,21.65,0.1657,139.5,0.2474,0.5057,1.455,0,0,0,100,18.48,0.3384,404.2,-0.368,0,0,0,0,0,0,0,4,4,-1,[ OK ]
1162.9,18-Jul-25 13:49:43,3596,21.65,0.1658,139.4,0.2484,0.5057,1.455,0,0,0,100,18.48,0.3394,404,-0.3665,0,0,0,0,0,0,0,4,4,-1,[ OK ]
1163.3,18-Jul-25 13:49:43,3596,21.65,0.1658,139.6,0.2475,0.5056,1.455,0,0,0,100,18.48,0.3384,404.2,-0.3672,0,0,0,0,0,0,0,4,4,-1,[ OK ]
1163.7,18-Jul-25 13:49:44,3596,21.65,0.1661,139.1,0.2481,0.5045,1.461,0,0,0,100,18.48,0.3371,404,-0.3586,0,0,0,0,0,0,0,4,4,-1,[ OK ]
1164.1,18-Jul-25 13:49:44,3597,21.65,0.166,139.7,0.2446,0.505,1.459,0,0,0,100,18.48,0.3394,403.9,-0.3873,0,0,0,0,0,0,0,4,4,-1,[ OK ]
1164.6,18-Jul-25 13:49:44,3597,21.65,0.1662,139.4,0.2504,0.5053,1.457,0,0,0,100,18.48,0.3387,404,-0.3528,0,0,0,0,0,0,0,4,4,-1,[ OK ]
1165.0,18-Jul-25 13:49:45,3598,21.65,0.1661,139.8,0.2499,0.504,1.463,0,0,0,100,18.48,0.3374,403.9,-0.3502,0,0,0,0,0,0,0,4,4,-1,[ OK ]
1165.4,18-Jul-25 13:49:45,3598,21.65,0.1665,138.8,0.2508,0.5046,1.46,0,0,0,100,18.48,0.3403,404,-0.3569,0,0,0,0,0,0,0,4,4,-1,[ OK ]
1165.7,18-Jul-25 13:49:46,3598,21.65,0.1662,139.7,0.2501,0.5049,1.458,0,0,0,100,18.48,0.3412,404.2,-0.3643,0,0,0,0,0,0,0,4,4,-1,[ OK ]
1166.1,18-Jul-25 13:49:46,3599,21.65,0.1662,139.8,0.2522,0.5041,1.463,0,0,0,100,18.48,0.3413,404.2,-0.3535,0,0,0,0,0,0,0,4,4,-1,[ OK ]
1166.5,18-Jul-25 13:49:46,3599,21.65,0.1664,139.3,0.2502,0.5037,1.465,0,0,0,100,18.48,0.3409,403.9,-0.3627,0,0,0,0,0,0,0,4,4,-1,[ OK ]
1166.9,18-Jul-25 13:49:47,3600,21.65,0.1664,139.7,0.25,0.5051,1.458,0,0,0,100,18.48,0.3421,404.1,-0.3685,0,0,0,0,0,0,0,4,4,-1,[ OK ]
1167.4,18-Jul-25 13:49:47,3600,21.65,0.1665,139.5,0.247,0.504,1.464,0,0,0,100,18.48,0.341,404.1,-0.3807,0,0,0,0,0,0,0,4,4,-1,[ OK ]
1167.7,18-Jul-25 13:49:48,3600,21.65,0.1662,140.4,0.2509,0.5059,1.453,0,0,0,100,18.48,0.3416,404.1,-0.3615,0,0,0,0,0,0,0,4,4,-1,[ OK ]
1168.1,18-Jul-25 13:49:48,3601,21.65,0.1665,139.8,0.2482,0.5054,1.456,0,0,0,100,18.48,0.3411,404.2,-0.3745,0,0,0,0,0,0,0,4,4,-1,[ OK ]
1168.5,18-Jul-25 13:49:48,3601,21.65,0.1666,139.5,0.2548,0.5063,1.451,0,0,0,100,18.48,0.342,403.9,-0.3421,0,0,0,0,0,0,0,4,4,-1,[ OK ]
1168.9,18-Jul-25 13:49:49,3602,21.65,0.1592,139.9,0.2395,0.5033,1.468,0,0,0,100,18.48,0.3422,403.9,-0.4291,0,0,0,0,0,0,0,4,4,-1,[ OK ]
1169.2,18-Jul-25 13:49:49,3602,21.65,0.1577,138.8,0.2395,0.5058,1.453,0,0,0,100,18.48,0.3427,403.9,-0.4309,0,0,0,0,0,0,0,4,4,-1,[ OK ]
1169.5,18-Jul-25 13:49:49,3602,21.65,0.1568,136.5,0.2395,0.5039,1.464,0,0,0,100,18.48,0.3419,403.8,-0.4279,0,0,0,0,0,0,0,4,4,-1,[ OK ]
1169.9,18-Jul-25 13:49:50,3603,21.65,0.1552,136.4,0.2403,0.5044,1.461,0,0,0,100,18.48,0.3409,404.1,-0.419,0,0,0,0,0,0,0,4,4,-1,[ OK ]
1170.4,18-Jul-25 13:49:50,3603,21.65,0.1533,134.2,0.2395,0.5048,1.46,0,0,0,100,18.48,0.3441,404,-0.4372,0,0,0,0,0,0,0,4,4,-1,[ OK ]
1170.7,18-Jul-25 13:49:51,3603,21.65,0.1523,133.2,0.2395,0.5032,1.469,0,0,0,100,18.48,0.3429,403.8,-0.432,0,0,0,0,0,0,0,4,4,-1,[ OK ]
1171.0,18-Jul-25 13:49:51,3604,21.65,0.1513,132.5,0.2305,0.5055,1.455,0,0,0,100,18.48,0.3419,404,-0.483,0,0,0,0,0,0,0,4,4,-1,[ OK ]
1171.3,18-Jul-25 13:49:51,3604,21.65,0.1506,131.1,0.2296,0.5054,1.455,0,0,0,100,18.48,0.3422,404.1,-0.49,0,0,0,0,0,0,0,4,4,-1,[ OK ]
1171.6,18-Jul-25 13:49:52,3604,21.65,0.1497,130.6,0.229,0.5039,1.464,0,0,0,100,18.48,0.3432,404.1,-0.4985,0,0,0,0,0,0,0,4,4,-1,[ OK ]
1171.9,18-Jul-25 13:49:52,3605,21.65,0.1487,130.6,0.2395,0.5053,1.456,0,0,0,100,18.48,0.3419,403.8,-0.4279,0,0,0,0,0,0,0,4,4,-1,[ OK ]
1172.3,18-Jul-25 13:49:52,3605,21.65,0.1479,129.2,0.2322,0.5037,1.465,0,0,0,100,18.48,0.3415,404.2,-0.4707,0,0,0,0,0,0,0,4,4,-1,[ OK ]
1172.7,18-Jul-25 13:49:53,3605,21.65,0.1471,128.2,0.231,0.5036,1.467,0,0,0,100,18.48,0.3412,404.1,-0.4771,0,0,0,0,0,0,0,4,4,-1,[ OK ]
1173.3,18-Jul-25 13:49:53,3606,21.65,0.1464,126.2,0.2294,0.5058,1.454,0,0,0,100,18.48,0.3423,403.8,-0.492,0,0,0,0,0,0,0,4,4,-1,[ OK ]
1173.8,18-Jul-25 13:49:54,3607,21.65,0.1452,126.6,0.2322,0.5039,1.465,0,0,0,100,18.48,0.3406,404,-0.4669,0,0,0,0,0,0,0,4,4,-1,[ OK ]
1174.2,18-Jul-25 13:49:54,3607,21.65,0.1449,125.1,0.2292,0.5056,1.454,0,0,0,100,18.48,0.3393,403.9,-0.4801,0,0,0,0,0,0,0,4,4,-1,[ OK ]
1174.6,18-Jul-25 13:49:55,3607,21.65,0.1441,125.1,0.2327,0.5054,1.455,0,0,0,100,18.48,0.3422,404,-0.4703,0,0,0,0,0,0,0,4,4,-1,[ OK ]
1175.2,18-Jul-25 13:49:55,3608,21.65,0.1438,123.9,0.2289,0.5036,1.465,0,0,0,100,18.48,0.34,404.1,-0.4851,0,0,0,0,0,0,0,4,4,-1,[ OK ]
1175.6,18-Jul-25 13:49:56,3608,21.65,0.1433,123.7,0.2275,0.5045,1.461,0,0,0,100,18.48,0.3405,403.8,-0.4969,0,0,0,0,0,0,0,4,4,-1,[ OK ]
1176.1,18-Jul-25 13:49:56,3609,21.65,0.1427,123.5,0.2294,0.5055,1.455,0,0,0,100,18.48,0.3402,403.8,-0.4825,0,0,0,0,0,0,0,4,4,-1,[ OK ]
1176.7,18-Jul-25 13:49:57,3609,21.65,0.1425,122.4,0.2251,0.5043,1.461,0,0,0,100,18.48,0.3412,403.9,-0.5161,0,0,0,0,0,0,0,4,4,-1,[ OK ]
1177.2,18-Jul-25 13:49:57,3610,21.65,0.1419,122.7,0.2267,0.5051,1.457,0,0,0,100,18.48,0.3385,403.8,-0.4934,0,0,0,0,0,0,0,4,4,-1,[ OK ]
1177.7,18-Jul-25 13:49:58,3610,21.65,0.1416,122.4,0.2284,0.5031,1.468,0,0,0,100,18.48,0.3377,403.7,-0.4782,0,0,0,0,0,0,0,4,4,-1,[ OK ]
1178.3,18-Jul-25 13:49:58,3611,21.65,0.1412,122.4,0.2295,0.5048,1.458,0,0,0,100,18.48,0.3389,404.2,-0.4763,0,0,0,0,0,0,0,4,4,-1,[ OK ]
1178.7,18-Jul-25 13:49:59,3611,21.65,0.1408,122.4,0.2289,0.5054,1.454,0,0,0,100,18.48,0.3383,404.2,-0.4777,0,0,0,0,0,0,0,4,4,-1,[ OK ]
1179.1,18-Jul-25 13:49:59,3612,21.65,0.141,121.1,0.2186,0.5048,1.458,0,0,0,100,18.48,0.3376,403.8,-0.5443,0,0,0,0,0,0,0,4,4,-1,[ OK ]
1179.5,18-Jul-25 13:49:59,3612,21.65,0.1407,121.3,0.2283,0.5055,1.454,0,0,0,100,18.48,0.3413,403.8,-0.4946,0,0,0,0,0,0,0,4,4,-1,[ OK ]
1180.0,18-Jul-25 13:50:00,3613,21.65,0.1408,120.8,0.226,0.5058,1.451,0,0,0,100,18.48,0.3416,404.1,-0.5116,0,0,0,0,0,0,0,4,4,-1,[ OK ]
1180.4,18-Jul-25 13:50:00,3613,21.65,0.1406,120.9,0.2272,0.5037,1.464,0,0,0,100,18.48,0.3423,404.1,-0.5067,0,0,0,0,0,0,0,4,4,-1,[ OK ]
1180.8,18-Jul-25 13:50:01,3614,21.65,0.1403,121.4,0.2301,0.5042,1.461,0,0,0,100,18.48,0.3456,404.1,-0.5019,0,0,0,0,0,0,0,4,4,-1,[ OK ]
1181.2,18-Jul-25 13:50:01,3614,21.65,0.1404,120.6,0.2293,0.5042,1.461,0,0,0,100,18.48,0.3444,404.1,-0.5016,0,0,0,0,0,0,0,4,4,-1,[ OK ]
1181.8,18-Jul-25 13:50:02,3614,21.65,0.1404,120.6,0.2291,0.5045,1.46,0,0,0,100,18.48,0.3441,404.1,-0.5015,0,0,0,0,0,0,0,4,4,-1,[ OK ]
1182.2,18-Jul-25 13:50:02,3615,21.65,0.1399,121.3,0.2289,0.506,1.451,0,0,0,100,18.48,0.3461,403.8,-0.5116,0,0,0,0,0,0,0,4,4,-1,[ OK ]
1182.6,18-Jul-25 13:50:03,3615,21.65,0.1405,119.4,0.2272,0.5045,1.46,0,0,0,100,18.48,0.347,404.2,-0.5276,0,0,0,0,0,0,0,4,4,-1,[ OK ]
1183.1,18-Jul-25 13:50:03,3616,21.65,0.1405,119.4,0.233,0.5059,1.452,0,0,0,100,18.48,0.3453,404.1,-0.482,0,0,0,0,0,0,0,4,4,-1,[ OK ]
1183.7,18-Jul-25 13:50:04,3616,21.65,0.1402,119.9,0.2303,0.5037,1.465,0,0,0,100,18.48,0.3449,404.2,-0.4974,0,0,0,0,0,0,0,4,4,-1,[ OK ]
1184.1,18-Jul-25 13:50:04,3617,21.65,0.1398,120.8,0.2314,0.5059,1.453,0,0,0,100,18.48,0.3435,403.8,-0.4841,0,0,0,0,0,0,0,4,4,-1,[ OK ]
1184.5,18-Jul-25 13:50:04,3617,21.65,0.14,120.1,0.23,0.5033,1.467,0,0,0,100,18.48,0.3424,404.1,-0.4885,0,0,0,0,0,0,0,4,4,-1,[ OK ]
1184.9,18-Jul-25 13:50:05,3618,21.65,0.14,120.1,0.2323,0.5048,1.458,0,0,0,100,18.48,0.3428,404.1,-0.4756,0,0,0,0,0,0,0,4,4,-1,[ OK ]
1185.3,18-Jul-25 13:50:05,3618,21.65,0.1401,119.8,0.2329,0.5048,1.458,0,0,0,100,18.48,0.3421,404.1,-0.4688,0,0,0,0,0,0,0,4,4,-1,[ OK ]
1185.7,18-Jul-25 13:50:06,3618,21.65,0.1399,120.2,0.2297,0.5042,1.462,0,0,0,100,18.48,0.3424,403.8,-0.4904,0,0,0,0,0,0,0,4,4,-1,[ OK ]
1186.2,18-Jul-25 13:50:06,3619,21.65,0.1398,120.4,0.2286,0.5041,1.462,0,0,0,100,18.48,0.3419,404,-0.4954,0,0,0,0,0,0,0,4,4,-1,[ OK ]
1186.6,18-Jul-25 13:50:06,3619,21.65,0.1399,120.2,0.23,0.5039,1.464,0,0,0,100,18.48,0.3467,404,-0.5073,0,0,0,0,0,0,0,4,4,-1,[ OK ]
1187.0,18-Jul-25 13:50:07,3620,21.65,0.1399,119.9,0.2311,0.5038,1.464,0,0,0,100,18.48,0.3468,404.1,-0.5003,0,0,0,0,0,0,0,4,4,-1,[ OK ]
1187.5,18-Jul-25 13:50:07,3620,21.65,0.1396,120.9,0.2276,0.5057,1.453,0,0,0,100,18.48,0.3472,403.8,-0.5256,0,0,0,0,0,0,0,4,4,-1,[ OK ]
1187.9,18-Jul-25 13:50:08,3621,21.65,0.1395,121.1,0.2329,0.5044,1.46,0,0,0,100,18.48,0.3468,403.8,-0.4888,0,0,0,0,0,0,0,4,4,-1,[ OK ]
1188.4,18-Jul-25 13:50:08,3621,21.65,0.14,119.6,0.2395,0.5049,1.457,0,0,0,100,18.48,0.3495,404.1,-0.4594,0,0,0,0,0,0,0,4,4,-1,[ OK ]
1188.8,18-Jul-25 13:50:09,3622,21.65,0.1398,120,0.2316,0.5039,1.463,0,0,0,100,18.48,0.3485,404,-0.5046,0,0,0,0,0,0,0,4,4,-1,[ OK ]
1189.3,18-Jul-25 13:50:09,3622,21.65,0.1397,120.5,0.2282,0.5051,1.456,0,0,0,100,18.48,0.3467,403.8,-0.5197,0,0,0,0,0,0,0,4,4,-1,[ OK ]
1189.9,18-Jul-25 13:50:10,3623,21.65,0.1396,120.7,0.2318,0.505,1.457,0,0,0,100,18.48,0.3487,403.8,-0.504,0,0,0,0,0,0,0,4,4,-1,[ OK ]
1190.3,18-Jul-25 13:50:10,3623,21.65,0.1398,120.1,0.2323,0.5043,1.46,0,0,0,100,18.48,0.3482,404,-0.4989,0,0,0,0,0,0,0,4,4,-1,[ OK ]
1190.8,18-Jul-25 13:50:11,3624,21.65,0.1401,119.4,0.2287,0.5057,1.452,0,0,0,100,18.48,0.3497,403.8,-0.5286,0,0,0,0,0,0,0,4,4,-1,[ OK ]
1191.3,18-Jul-25 13:50:11,3624,21.65,0.1398,119.9,0.232,0.5041,1.461,0,0,0,100,18.48,0.3482,403.8,-0.5006,0,0,0,0,0,0,0,4,4,-1,[ OK ]
1191.9,18-Jul-25 13:50:12,3625,21.65,0.1397,120.3,0.2299,0.5041,1.461,0,0,0,100,18.48,0.349,403.8,-0.5179,0,0,0,0,0,0,0,4,4,-1,[ OK ]
1192.4,18-Jul-25 13:50:12,3625,21.65,0.1398,120,0.2324,0.5041,1.462,0,0,0,100,18.48,0.3483,404.2,-0.4988,0,0,0,0,0,0,0,4,4,-1,[ OK ]
1192.8,18-Jul-25 13:50:13,3626,21.65,0.1399,120,0.2395,0.5046,1.459,0,0,0,100,18.48,0.3531,403.8,-0.4747,0,0,0,0,0,0,0,4,4,-1,[ OK ]
1193.2,18-Jul-25 13:50:13,3626,21.65,0.14,119.8,0.2395,0.5043,1.46,0,0,0,100,18.48,0.3531,403.9,-0.4747,0,0,0,0,0,0,0,4,4,-1,[ OK ]
1193.7,18-Jul-25 13:50:14,3626,21.65,0.1399,119.9,0.2395,0.5042,1.462,0,0,0,100,18.48,0.3547,403.8,-0.4812,0,0,0,0,0,0,0,4,4,-1,[ OK ]
1194.1,18-Jul-25 13:50:14,3627,21.65,0.1545,119.8,0.3619,0.5052,1.455,0,0,0,100,18.48,0.3582,404.1,0.01013,0,0,0,0,0,0,0,4,4,-1,[ OK ]
1194.4,18-Jul-25 13:50:14,3627,21.65,0.1574,122.4,0.3616,0.5049,1.457,0,0,0,100,18.48,0.3559,404.2,0.01556,0,0,0,0,0,0,0,4,4,-1,[ OK ]
1194.8,18-Jul-25 13:50:15,3628,21.65,0.1612,125.6,0.3617,0.5033,1.466,0,0,0,100,18.48,0.356,403.9,0.01561,0,0,0,0,0,0,0,4,4,-1,[ OK ]
1195.3,18-Jul-25 13:50:15,3628,21.65,0.1657,128.9,0.3645,0.5043,1.461,0,0,0,100,18.48,0.3571,404,0.02039,0,0,0,0,0,0,0,4,4,-1,[ OK ]
1195.9,18-Jul-25 13:50:16,3629,21.65,0.1695,132.5,0.3663,0.5041,1.463,0,0,0,100,18.48,0.3566,403.8,0.02659,0,0,0,0,0,0,0,4,4,-1,[ OK ]
1196.4,18-Jul-25 13:50:16,3629,21.65,0.173,135.6,0.368,0.5054,1.455,0,0,0,100,18.48,0.3566,403.8,0.03116,0,0,0,0,0,0,0,4,4,-1,[ OK ]
1196.8,18-Jul-25 13:50:17,3630,21.65,0.1755,137.5,0.3727,0.5047,1.459,0,0,0,100,18.48,0.3561,404.2,0.04437,0,0,0,0,0,0,0,4,4,-1,[ OK ]
1197.4,18-Jul-25 13:50:17,3630,21.65,0.1782,140.3,0.3724,0.5032,1.468,0,0,0,100,18.48,0.3542,403.9,0.0489,0,0,0,0,0,0,0,4,4,-1,[ OK ]
1198.0,18-Jul-25 13:50:18,3631,21.65,0.1812,142.8,0.3739,0.5046,1.459,0,0,0,100,18.48,0.3561,404.1,0.04762,0,0,0,0,0,0,0,4,4,-1,[ OK ]
1198.4,18-Jul-25 13:50:18,3631,21.65,0.183,144.2,0.3734,0.504,1.464,0,0,0,100,18.48,0.3568,404.1,0.04452,0,0,0,0,0,0,0,4,4,-1,[ OK ]
1198.8,18-Jul-25 13:50:19,3632,21.65,0.1847,145.2,0.3752,0.5053,1.456,0,0,0,100,18.48,0.3569,403.6,0.04875,0,0,0,0,0,0,0,4,4,-1,[ OK ]
1199.4,18-Jul-25 13:50:19,3632,21.65,0.1862,147.7,0.3791,0.5044,1.461,0,0,0,100,18.48,0.3574,404.1,0.05743,0,0,0,0,0,0,0,4,4,-1,[ OK ]
1199.9,18-Jul-25 13:50:20,3633,21.65,0.1881,148.3,0.3744,0.5047,1.459,0,0,0,100,18.48,0.3592,404.1,0.0406,0,0,0,0,0,0,0,4,4,-1,[ OK ]
1200.3,18-Jul-25 13:50:20,3633,21.65,0.1894,148.9,0.3748,0.5035,1.467,0,0,0,100,18.48,0.3591,404.1,0.04183,0,0,0,0,0,0,0,4,4,-1,[ OK ]
1200.8,18-Jul-25 13:50:21,3634,21.65,0.1905,149.9,0.3747,0.5046,1.461,0,0,0,100,18.48,0.3601,404.1,0.039,0,0,0,0,0,0,0,4,4,-1,[ OK ]
1201.3,18-Jul-25 13:50:21,3634,21.65,0.1915,151.8,0.3825,0.5057,1.454,0,0,0,100,18.48,0.3612,403.9,0.05563,0,0,0,0,0,0,0,4,4,-1,[ OK ]
1201.7,18-Jul-25 13:50:22,3634,21.65,0.1925,152.2,0.3741,0.505,1.457,0,0,0,100,18.48,0.3609,403.7,0.0351,0,0,0,0,0,0,0,4,4,-1,[ OK ]
1202.1,18-Jul-25 13:50:22,3635,21.65,0.1932,152.9,0.3792,0.5058,1.452,0,0,0,100,18.48,0.3615,404.3,0.04674,0,0,0,0,0,0,0,4,4,-1,[ OK ]
1202.6,18-Jul-25 13:50:22,3635,21.65,0.1942,152.9,0.3763,0.5047,1.458,0,0,0,100,18.48,0.3609,404.1,0.0408,0,0,0,0,0,0,0,4,4,-1,[ OK ]
1203.0,18-Jul-25 13:50:23,3636,21.65,0.1943,155.1,0.3744,0.5047,1.458,0,0,0,100,18.48,0.3583,404.1,0.04286,0,0,0,0,0,0,0,4,4,-1,[ OK ]
1203.4,18-Jul-25 13:50:23,3636,21.65,0.1951,155.1,0.3746,0.5043,1.46,0,0,0,100,18.48,0.3613,403.8,0.03541,0,0,0,0,0,0,0,4,4,-1,[ OK ]
1203.8,18-Jul-25 13:50:24,3637,21.65,0.1813,155.1,0.3738,0.5037,1.465,0,0,0,100,18.48,0.3648,404.1,0.02398,0,0,0,0,0,0,0,4,4,-1,[ OK ]
1204.2,18-Jul-25 13:50:24,3637,21.65,0.1781,151.3,0.368,0.5042,1.461,0,0,0,100,18.48,0.3633,404.1,0.01288,0,0,0,0,0,0,0,4,4,-1,[ OK ]
1204.7,18-Jul-25 13:50:25,3637,21.65,0.1747,149.2,0.3726,0.5048,1.458,0,0,0,100,18.48,0.3629,403.8,0.02605,0,0,0,0,0,0,0,4,4,-1,[ OK ]
1205.1,18-Jul-25 13:50:25,3638,21.65,0.1718,146.9,0.3645,0.5038,1.463,0,0,0,100,18.48,0.3661,403.9,-0.004252,0,0,0,0,0,0,0,4,4,-1,[ OK ]
1205.5,18-Jul-25 13:50:25,3638,21.65,0.1691,144.9,0.3703,0.5041,1.462,0,0,0,100,18.48,0.3645,404,0.0157,0,0,0,0,0,0,0,4,4,-1,[ OK ]
1205.9,18-Jul-25 13:50:26,3639,21.65,0.1674,140.8,0.3665,0.5046,1.458,0,0,0,100,18.48,0.3634,403.7,0.008657,0,0,0,0,0,0,0,4,4,-1,[ OK ]
1206.3,18-Jul-25 13:50:26,3639,21.65,0.1649,139.8,0.3683,0.5047,1.458,0,0,0,100,18.48,0.3664,404.2,0.005151,0,0,0,0,0,0,0,4,4,-1,[ OK ]
1206.8,18-Jul-25 13:50:27,3640,21.65,0.1627,138.8,0.3645,0.5048,1.457,0,0,0,100,18.48,0.3646,403.8,-0.0002742,0,0,0,0,0,0,0,4,4,-1,[ OK ]
1207.2,18-Jul-25 13:50:27,3640,21.65,0.161,136.7,0.3676,0.5039,1.462,0,0,0,100,18.48,0.3657,403.9,0.005244,0,0,0,0,0,0,0,4,4,-1,[ OK ]
1207.6,18-Jul-25 13:50:28,3640,21.65,0.1593,135.4,0.3663,0.5054,1.453,0,0,0,100,18.48,0.3669,403.8,-0.001447,0,0,0,0,0,0,0,4,4,-1,[ OK ]
1208.0,18-Jul-25 13:50:28,3641,21.65,0.1579,133.8,0.3633,0.5042,1.46,0,0,0,100,18.48,0.3647,404,-0.003936,0,0,0,0,0,0,0,4,4,-1,[ OK ]
1208.5,18-Jul-25 13:50:28,3641,21.65,0.1568,131.9,0.3637,0.5049,1.457,0,0,0,100,18.48,0.3651,403.8,-0.004059,0,0,0,0,0,0,0,4,4,-1,[ OK ]
1209.0,18-Jul-25 13:50:29,3642,21.65,0.1552,130.7,0.3623,0.5055,1.453,0,0,0,100,18.48,0.3628,403.8,-0.001459,0,0,0,0,0,0,0,4,4,-1,[ OK ]
1209.4,18-Jul-25 13:50:29,3642,21.65,0.1538,130.6,0.3593,0.5036,1.464,0,0,0,100,18.48,0.364,403.9,-0.01312,0,0,0,0,0,0,0,4,4,-1,[ OK ]
1209.8,18-Jul-25 13:50:30,3643,21.65,0.1532,128.5,0.3606,0.5033,1.465,0,0,0,100,18.48,0.3641,404.1,-0.009829,0,0,0,0,0,0,0,4,4,-1,[ OK ]
1210.3,18-Jul-25 13:50:30,3643,21.65,0.1523,127.8,0.3595,0.5051,1.455,0,0,0,100,18.48,0.3645,404.1,-0.0139,0,0,0,0,0,0,0,4,4,-1,[ OK ]
1210.7,18-Jul-25 13:50:31,3643,21.65,0.1516,126.8,0.3605,0.505,1.456,0,0,0,100,18.48,0.3646,403.8,-0.01156,0,0,0,0,0,0,0,4,4,-1,[ OK ]
1211.1,18-Jul-25 13:50:31,3644,21.65,0.151,125.9,0.3586,0.5036,1.464,0,0,0,100,18.48,0.3656,404.1,-0.01946,0,0,0,0,0,0,0,4,4,-1,[ OK ]
1211.5,18-Jul-25 13:50:31,3644,21.65,0.1503,125.6,0.3606,0.5053,1.454,0,0,0,100,18.48,0.3637,403.9,-0.0086,0,0,0,0,0,0,0,4,4,-1,[ OK ]
1211.9,18-Jul-25 13:50:32,3645,21.65,0.1496,125.4,0.3606,0.5038,1.463,0,0,0,100,18.48,0.3632,403.8,-0.007371,0,0,0,0,0,0,0,4,4,-1,[ OK ]
1212.3,18-Jul-25 13:50:32,3645,21.65,0.1492,124.7,0.3629,0.5059,1.451,0,0,0,100,18.48,0.3632,404,-0.0008153,0,0,0,0,0,0,0,4,4,-1,[ OK ]
1212.8,18-Jul-25 13:50:33,3646,21.65,0.1485,124.9,0.36,0.5043,1.46,0,0,0,100,18.48,0.3628,404,-0.007694,0,0,0,0,0,0,0,4,4,-1,[ OK ]
1213.2,18-Jul-25 13:50:33,3646,21.65,0.1483,124,0.3572,0.504,1.461,0,0,0,100,18.48,0.3626,403.8,-0.01497,0,0,0,0,0,0,0,4,4,-1,[ OK ]
1213.7,18-Jul-25 13:50:34,3646,21.65,0.1479,123.3,0.3598,0.5055,1.453,0,0,0,100,18.48,0.3626,404.1,-0.00769,0,0,0,0,0,0,0,4,4,-1,[ OK ]
1214.1,18-Jul-25 13:50:34,3647,21.65,0.1476,123,0.3617,0.5059,1.45,0,0,0,100,18.48,0.3635,403.8,-0.005112,0,0,0,0,0,0,0,4,4,-1,[ OK ]
1214.6,18-Jul-25 13:50:34,3647,21.65,0.1472,122.8,0.3609,0.5052,1.454,0,0,0,100,18.48,0.363,403.8,-0.005759,0,0,0,0,0,0,0,4,4,-1,[ OK ]
1215.0,18-Jul-25 13:50:35,3648,21.65,0.147,122.4,0.3609,0.5053,1.453,0,0,0,100,18.48,0.3634,404.1,-0.007099,0,0,0,0,0,0,0,4,4,-1,[ OK ]
1215.4,18-Jul-25 13:50:35,3648,21.65,0.1466,122.4,0.3609,0.5041,1.46,0,0,0,100,18.48,0.362,403.8,-0.002969,0,0,0,0,0,0,0,4,4,-1,[ OK ]
1215.8,18-Jul-25 13:50:36,3649,21.65,0.1463,122.4,0.3601,0.5042,1.459,0,0,0,100,18.48,0.3611,404.1,-0.00283,0,0,0,0,0,0,0,4,4,-1,[ OK ]
1216.2,18-Jul-25 13:50:36,3649,21.65,0.146,122.4,0.36,0.5055,1.453,0,0,0,100,18.48,0.3606,404.1,-0.001651,0,0,0,0,0,0,0,4,4,-1,[ OK ]
1216.7,18-Jul-25 13:50:37,3649,21.67,0.1461,121.3,0.3599,0.503,1.467,0,0,0,100,18.48,0.3599,403.9,8.745E-05,0,0,0,0,0,0,0,4,4,-1,[ OK ]
1217.1,18-Jul-25 13:50:37,3650,21.67,0.1461,120.7,0.3612,0.5035,1.465,0,0,0,100,18.48,0.3618,403.8,-0.001808,0,0,0,0,0,0,0,4,4,-1,[ OK ]
1217.5,18-Jul-25 13:50:37,3650,21.67,0.1453,122.4,0.3609,0.5055,1.453,0,0,0,100,18.48,0.3621,403.8,-0.003415,0,0,0,0,0,0,0,4,4,-1,[ OK ]
1217.9,18-Jul-25 13:50:38,3651,21.67,0.1456,120.9,0.3587,0.5041,1.462,0,0,0,100,18.48,0.3621,403.7,-0.00952,0,0,0,0,0,0,0,4,4,-1,[ OK ]
1218.3,18-Jul-25 13:50:38,3651,21.67,0.1455,120.7,0.3609,0.5035,1.466,0,0,0,100,18.48,0.3606,403.7,0.0008267,0,0,0,0,0,0,0,4,4,-1,[ OK ]
1218.8,18-Jul-25 13:50:39,3652,21.67,0.1454,120.6,0.3608,0.5057,1.454,0,0,0,100,18.48,0.3606,403.7,0.000552,0,0,0,0,0,0,0,4,4,-1,[ OK ]
1219.2,18-Jul-25 13:50:39,3652,21.67,0.1454,120.5,0.3585,0.5052,1.455,0,0,0,100,18.48,0.3596,403.8,-0.003,0,0,0,0,0,0,0,4,4,-1,[ OK ]
1219.6,18-Jul-25 13:50:40,3652,21.67,0.1454,120.2,0.3593,0.505,1.456,0,0,0,100,18.48,0.3601,404.1,-0.002354,0,0,0,0,0,0,0,4,4,-1,[ OK ]
1220.0,18-Jul-25 13:50:40,3653,21.67,0.1451,120.8,0.3606,0.5054,1.454,0,0,0,100,18.48,0.3603,403.7,0.0007841,0,0,0,0,0,0,0,4,4,-1,[ OK ]
1220.5,18-Jul-25 13:50:40,3653,21.67,0.1451,120.5,0.3592,0.5046,1.458,0,0,0,100,18.48,0.3586,403.8,0.001631,0,0,0,0,0,0,0,4,4,-1,[ OK ]
1220.9,18-Jul-25 13:50:41,3654,21.67,0.1449,120.7,0.3602,0.504,1.461,0,0,0,100,18.48,0.3588,403.8,0.003822,0,0,0,0,0,0,0,4,4,-1,[ OK ]
1221.3,18-Jul-25 13:50:41,3654,21.67,0.1449,120.5,0.361,0.5047,1.458,0,0,0,100,18.48,0.3594,404,0.004449,0,0,0,0,0,0,0,4,4,-1,[ OK ]
1221.7,18-Jul-25 13:50:42,3654,21.67,0.1442,122.4,0.3605,0.5047,1.458,0,0,0,100,18.48,0.3586,403.8,0.005314,0,0,0,0,0,0,0,4,4,-1,[ OK ]
1222.1,18-Jul-25 13:50:42,3655,21.67,0.1451,119.7,0.3595,0.5047,1.458,0,0,0,100,18.48,0.3604,403.9,-0.002585,0,0,0,0,0,0,0,4,4,-1,[ OK ]
1222.6,18-Jul-25 13:50:42,3655,21.67,0.145,119.8,0.3584,0.5048,1.457,0,0,0,100,18.48,0.3626,404.1,-0.01159,0,0,0,0,0,0,0,4,4,-1,[ OK ]
1223.1,18-Jul-25 13:50:43,3656,21.67,0.1448,120.4,0.359,0.5049,1.457,0,0,0,100,18.48,0.3629,403.8,-0.01082,0,0,0,0,0,0,0,4,4,-1,[ OK ]
1223.5,18-Jul-25 13:50:43,3656,21.67,0.1448,120.4,0.3609,0.5054,1.454,0,0,0,100,18.48,0.3622,404,-0.003527,0,0,0,0,0,0,0,4,4,-1,[ OK ]
1223.9,18-Jul-25 13:50:44,3657,21.67,0.1447,120.6,0.3603,0.5034,1.465,0,0,0,100,18.48,0.3617,403.8,-0.004066,0,0,0,0,0,0,0,4,4,-1,[ OK ]
1224.4,18-Jul-25 13:50:44,3657,21.67,0.1449,119.8,0.3624,0.505,1.455,0,0,0,100,18.48,0.3624,404.1,3.822E-05,0,0,0,0,0,0,0,4,4,-1,[ OK ]
1224.8,18-Jul-25 13:50:45,3658,21.67,0.1449,119.6,0.3605,0.5053,1.453,0,0,0,100,18.48,0.3616,403.8,-0.003067,0,0,0,0,0,0,0,4,4,-1,[ OK ]
1225.2,18-Jul-25 13:50:45,3658,21.67,0.1447,120.3,0.3614,0.5045,1.458,0,0,0,100,18.48,0.3615,403.9,-0.0003658,0,0,0,0,0,0,0,4,4,-1,[ OK ]
1225.6,18-Jul-25 13:50:46,3658,21.67,0.1449,119.7,0.36,0.5041,1.46,0,0,0,100,18.48,0.3632,403.8,-0.008925,0,0,0,0,0,0,0,4,4,-1,[ OK ]
1226.0,18-Jul-25 13:50:46,3659,21.67,0.1447,120.3,0.3599,0.5047,1.457,0,0,0,100,18.48,0.3629,403.8,-0.008308,0,0,0,0,0,0,0,4,4,-1,[ OK ]
1226.5,18-Jul-25 13:50:46,3659,21.67,0.1449,119.7,0.3619,0.5048,1.456,0,0,0,100,18.48,0.3627,403.8,-0.002223,0,0,0,0,0,0,0,4,4,-1,[ OK ]
1226.9,18-Jul-25 13:50:47,3660,21.67,0.1446,120.4,0.3652,0.504,1.461,0,0,0,100,18.48,0.3622,404.1,0.008466,0,0,0,0,0,0,0,4,4,-1,[ OK ]
1227.3,18-Jul-25 13:50:47,3660,21.67,0.1446,120.4,0.3676,0.5044,1.459,0,0,0,100,18.48,0.3635,404.1,0.01116,0,0,0,0,0,0,0,4,4,-1,[ OK ]
1227.7,18-Jul-25 13:50:48,3660,21.67,0.1448,119.7,0.3612,0.5031,1.468,0,0,0,100,18.48,0.3632,403.8,-0.005711,0,0,0,0,0,0,0,4,4,-1,[ OK ]
1228.3,18-Jul-25 13:50:48,3661,21.67,0.1447,120.2,0.3647,0.5032,1.467,0,0,0,100,18.48,0.363,403.9,0.004798,0,0,0,0,0,0,0,4,4,-1,[ OK ]
1228.7,18-Jul-25 13:50:49,3661,21.67,0.1447,120.2,0.3596,0.5041,1.462,0,0,0,100,18.48,0.3628,404.2,-0.00903,0,0,0,0,0,0,0,4,4,-1,[ OK ]
1229.1,18-Jul-25 13:50:49,3662,21.67,0.1448,119.8,0.3617,0.5037,1.465,0,0,0,100,18.48,0.3621,404.1,-0.001102,0,0,0,0,0,0,0,4,4,-1,[ OK ]
1229.5,18-Jul-25 13:50:49,3662,21.67,0.1446,120.5,0.3647,0.5042,1.461,0,0,0,100,18.48,0.3595,404,0.01441,0,0,0,0,0,0,0,4,4,-1,[ OK ]
1229.9,18-Jul-25 13:50:50,3663,21.67,0.1448,120.1,0.3594,0.5054,1.454,0,0,0,100,18.48,0.3581,404.1,0.003639,0,0,0,0,0,0,0,4,4,-1,[ OK ]
1230.4,18-Jul-25 13:50:50,3663,21.67,0.1448,119.9,0.3655,0.5052,1.454,0,0,0,100,18.48,0.359,403.8,0.01787,0,0,0,0,0,0,0,4,4,-1,[ OK ]
1230.7,18-Jul-25 13:50:51,3663,21.67,0.1446,120.3,0.3605,0.5055,1.453,0,0,0,100,18.48,0.3576,404.1,0.007885,0,0,0,0,0,0,0,4,4,-1,[ OK ]
1231.1,18-Jul-25 13:50:51,3664,21.67,0.1446,120.4,0.3596,0.505,1.456,0,0,0,100,18.48,0.3562,403.9,0.009454,0,0,0,0,0,0,0,4,4,-1,[ OK ]
1231.5,18-Jul-25 13:50:51,3664,21.67,0.1446,120.5,0.3613,0.5035,1.465,0,0,0,100,18.48,0.3582,403.8,0.008503,0,0,0,0,0,0,0,4,4,-1,[ OK ]
1231.9,18-Jul-25 13:50:52,3665,21.67,0.1447,120,0.3646,0.5052,1.456,0,0,0,100,18.48,0.3571,403.7,0.02077,0,0,0,0,0,0,0,4,4,-1,[ OK ]
1232.5,18-Jul-25 13:50:52,3665,21.67,0.1447,120,0.3497,0.5047,1.458,0,0,0,100,18.48,0.3558,403.8,-0.01761,0,0,0,0,0,0,0,4,4,-1,[ OK ]
1232.9,18-Jul-25 13:50:53,3666,21.67,0.1448,119.9,0.3604,0.5053,1.455,0,0,0,100,18.48,0.3544,403.8,0.01655,0,0,0,0,0,0,0,4,4,-1,[ OK ]
1233.3,18-Jul-25 13:50:53,3666,21.67,0.1446,120.2,0.3627,0.5044,1.46,0,0,0,100,18.48,0.3569,404.1,0.01585,0,0,0,0,0,0,0,4,4,-1,[ OK ]
1233.7,18-Jul-25 13:50:54,3666,21.67,0.1446,120.5,0.3616,0.5032,1.467,0,0,0,100,18.48,0.3564,404,0.01433,0,0,0,0,0,0,0,4,4,-1,[ OK ]
1234.0,18-Jul-25 13:50:54,3667,21.67,0.1447,120.1,0.3639,0.5041,1.462,0,0,0,100,18.48,0.3577,403.7,0.01686,0,0,0,0,0,0,0,4,4,-1,[ OK ]
1234.4,18-Jul-25 13:50:54,3667,21.67,0.1447,119.7,0.3583,0.5035,1.466,0,0,0,100,18.48,0.3588,403.8,-0.001306,0,0,0,0,0,0,0,4,4,-1,[ OK ]
1234.9,18-Jul-25 13:50:55,3668,21.67,0.1447,120.1,0.3608,0.505,1.458,0,0,0,100,18.48,0.3574,404.1,0.009485,0,0,0,0,0,0,0,4,4,-1,[ OK ]
1235.3,18-Jul-25 13:50:55,3668,21.67,0.1447,120,0.3607,0.5043,1.461,0,0,0,100,18.48,0.358,403.8,0.007313,0,0,0,0,0,0,0,4,4,-1,[ OK ]
1235.7,18-Jul-25 13:50:56,3668,21.67,0.1445,120.6,0.3676,0.5037,1.465,0,0,0,100,18.48,0.3574,403.8,0.02782,0,0,0,0,0,0,0,4,4,-1,[ OK ]
1236.1,18-Jul-25 13:50:56,3669,21.67,0.1447,120,0.3631,0.5037,1.465,0,0,0,100,18.48,0.3567,403.8,0.01748,0,0,0,0,0,0,0,4,4,-1,[ OK ]
1236.4,18-Jul-25 13:50:56,3669,21.67,0.1447,120.1,0.36,0.5034,1.466,0,0,0,100,18.48,0.357,403.9,0.008196,0,0,0,0,0,0,0,4,4,-1,[ OK ]
1236.8,18-Jul-25 13:50:57,3670,21.67,0.1447,119.9,0.3603,0.5048,1.459,0,0,0,100,18.48,0.3554,403.8,0.01349,0,0,0,0,0,0,0,4,4,-1,[ OK ]
1237.3,18-Jul-25 13:50:57,3670,21.67,0.1446,120.4,0.3596,0.5048,1.458,0,0,0,100,18.48,0.3553,404.1,0.01181,0,0,0,0,0,0,0,4,4,-1,[ OK ]
1237.7,18-Jul-25 13:50:58,3670,21.67,0.1447,120.2,0.3577,0.5039,1.463,0,0,0,100,18.48,0.3555,404.3,0.006037,0,0,0,0,0,0,0,4,4,-1,[ OK ]
1238.0,18-Jul-25 13:50:58,3671,21.67,0.1448,119.7,0.3652,0.5049,1.457,0,0,0,100,18.48,0.3555,403.8,0.02677,0,0,0,0,0,0,0,4,4,-1,[ OK ]
1238.4,18-Jul-25 13:50:58,3671,21.67,0.1448,119.9,0.3617,0.5041,1.462,0,0,0,100,18.48,0.3539,403.9,0.02151,0,0,0,0,0,0,0,4,4,-1,[ OK ]
1238.8,18-Jul-25 13:50:59,3672,21.67,0.1449,119.7,0.3596,0.5036,1.465,0,0,0,100,18.48,0.353,404.2,0.01842,0,0,0,0,0,0,0,4,4,-1,[ OK ]
1239.2,18-Jul-25 13:50:59,3672,21.67,0.1448,120,0.3581,0.5042,1.461,0,0,0,100,18.48,0.3546,403.8,0.009838,0,0,0,0,0,0,0,4,4,-1,[ OK ]
1239.7,18-Jul-25 13:51:00,3672,21.67,0.1448,119.9,0.3655,0.5054,1.453,0,0,0,100,18.48,0.3537,403.9,0.03242,0,0,0,0,0,0,0,4,4,-1,[ OK ]
1240.1,18-Jul-25 13:51:00,3673,21.67,0.1448,119.9,0.3649,0.5043,1.46,0,0,0,100,18.48,0.357,403.8,0.02168,0,0,0,0,0,0,0,4,4,-1,[ OK ]
1240.5,18-Jul-25 13:51:00,3673,21.67,0.145,119.4,0.353,0.5042,1.46,0,0,0,100,18.48,0.3527,404,0.001012,0,0,0,0,0,0,0,4,4,-1,[ OK ]
1240.9,18-Jul-25 13:51:01,3674,21.67,0.1448,120.1,0.3633,0.5034,1.465,0,0,0,100,18.48,0.3533,404.1,0.02745,0,0,0,0,0,0,0,4,4,-1,[ OK ]
1241.3,18-Jul-25 13:51:01,3674,21.67,0.1446,120.6,0.3601,0.5033,1.467,0,0,0,100,18.48,0.3534,403.9,0.01854,0,0,0,0,0,0,0,4,4,-1,[ OK ]
1241.8,18-Jul-25 13:51:02,3675,21.67,0.1448,120.1,0.3648,0.5045,1.46,0,0,0,100,18.48,0.3553,404.1,0.02605,0,0,0,0,0,0,0,4,4,-1,[ OK ]
1242.2,18-Jul-25 13:51:02,3675,21.67,0.1448,119.9,0.3647,0.5049,1.457,0,0,0,100,18.48,0.3553,403.8,0.02578,0,0,0,0,0,0,0,4,4,-1,[ OK ]
1242.6,18-Jul-25 13:51:03,3675,21.67,0.1448,120.1,0.3605,0.5041,1.462,0,0,0,100,18.48,0.3545,403.8,0.0166,0,0,0,0,0,0,0,4,4,-1,[ OK ]
1243.0,18-Jul-25 13:51:03,3676,21.67,0.1446,120.6,0.3551,0.5041,1.461,0,0,0,100,18.48,0.3538,403.8,0.003696,0,0,0,0,0,0,0,4,4,-1,[ OK ]
1243.4,18-Jul-25 13:51:03,3676,21.67,0.1447,120.3,0.3618,0.5045,1.459,0,0,0,100,18.48,0.3555,403.8,0.01743,0,0,0,0,0,0,0,4,4,-1,[ OK ]
1244.7,18-Jul-25 13:51:05,3677,21.67,0,117.4,0.07915,0.5054,1.454,0,0,0,100,18.48,0.3406,403.8,0,0,-1,0,-2,0,-1,0,3.625,4,2,[ OK ]
1246.1,18-Jul-25 13:51:06,3679,21.67,0,45.15,0.04106,0.5046,1.461,0,0,0,100,18.48,0.334,403.9,0,0,-1,0,-2,0,-1,0,3.625,4,2,[ OK ]
1246.9,18-Jul-25 13:51:07,3680,21.67,0,27.21,0.03987,0.5048,1.458,0,0,0,100,18.48,0.339,404.1,0,0,-1,0,-2,0,-1,0,3.625,4,2,[ OK ]
1247.4,18-Jul-25 13:51:07,3680,21.67,0,20.85,0.04017,0.5046,1.459,0,0,0,100,18.48,0.3369,403.8,0,0,-1,0,-2,0,-1,0,3.625,4,2,[ OK ]
1248.6,18-Jul-25 13:51:09,3681,21.67,0,17.39,0.04255,0.5037,1.464,0,0,0,100,18.48,0.34,404,0,0,-1,0,-2,0,-1,0,3,3,2,[ OK ]
1602.1,18-Jul-25 13:57:02,4034,21.67,0,0.9884,0.04334,0,0.002216,0,0,0,100,18.48,0.002578,0.02538,0,0,-1,0,-2,0,-1,1,2.75,2,4,[ OK ]
1603.8,18-Jul-25 13:57:04,4036,21.67,0,0.7493,0.04027,0.3136,0.5672,0,0,0,100,18.48,0.00286,0,0,0,-1,0,-2,0,-1,1,3,3,4,[ OK ]
1605.6,18-Jul-25 13:57:06,4038,21.67,0,1.387,0.03699,0.4113,1.111,0,0,0,100,18.48,0.3374,404.2,0,0,-1,0,-2,0,-1,0,3.211,3,4,[ OK ]
1607.6,18-Jul-25 13:57:08,4040,21.67,0,0.829,0.04086,0.4515,1.334,0,0,0,100,18.48,0.3365,404.3,0,0,-1,0,-2,0,-1,0,3.474,3,4,[ OK ]
1609.7,18-Jul-25 13:57:10,4042,21.67,0.006335,76.44,0.04295,0.4664,1.414,0,0,0,100,18.48,0.3394,404,-1,0,-1,0,-2,0,0,0,3.684,3,4,[ OK ]
1611.6,18-Jul-25 13:57:12,4044,21.67,0.03368,41.19,0.04205,0.5609,1.929,0,0,0,100,18.48,0.3323,404,-1,0,-1,0,-2,0,0,0,3.789,3,4,[ OK ]
1613.0,18-Jul-25 13:57:13,4046,21.67,0.05631,47.59,0.04414,0.5687,1.979,0,0,0,100,18.48,0.3319,404.3,-1,0,-1,0,-2,0,0,0,3.789,3,4,[ OK ]
1613.6,18-Jul-25 13:57:14,4046,21.67,0.06212,52.93,0.04533,0.5714,1.985,0,0,0,100,18.48,0.33,404,-1,0,-1,0,-2,0,0,0,3.789,3,4,[ OK ]
1614.2,18-Jul-25 13:57:14,4047,21.67,0.06493,57.18,0.04453,0.5738,1.983,0,0,0,100,18.48,0.3303,404.1,-1,0,-1,0,-2,0,0,0,3.789,3,4,[ OK ]
1614.8,18-Jul-25 13:57:15,4048,21.67,0.06798,60.5,0.04374,0.5766,1.977,0,0,0,100,18.48,0.3317,404.3,-1,0,-1,0,-2,0,0,0,3.789,3,4,[ OK ]
1615.3,18-Jul-25 13:57:15,4048,21.67,0.07016,64.21,0.04751,0.5765,1.986,0,0,0,100,18.48,0.3308,404.3,-1,0,-1,0,-2,0,0,0,3.789,3,4,[ OK ]
1616.0,18-Jul-25 13:57:16,4049,21.67,0.07185,66.75,0.04533,0.5781,1.984,0,0,0,100,18.48,0.329,404,-1,0,-1,0,-2,0,0,0,3.789,3,4,[ OK ]
1616.4,18-Jul-25 13:57:16,4049,21.67,0.07318,68.58,0.04771,0.5779,1.991,0,0,0,100,18.48,0.3285,404.3,-1,0,-1,0,-2,0,0,0,3.789,3,4,[ OK ]
1616.9,18-Jul-25 13:57:17,4050,21.67,0.07406,70.38,0.04225,0.5794,1.988,0,0,0,100,18.48,0.3272,404.3,-1,0,-1,0,-2,0,0,0,3.789,3,4,[ OK ]
1617.4,18-Jul-25 13:57:17,4050,21.67,0.07524,72.07,0.04572,0.5803,1.989,0,0,0,100,18.48,0.3288,404,-1,0,-1,0,-2,0,0,0,3.789,3,4,[ OK ]
1617.9,18-Jul-25 13:57:18,4051,21.67,0.07581,73.46,0.04453,0.5804,1.994,0,0,0,100,18.48,0.3284,404.3,-1,0,-1,0,-2,0,0,0,3.789,3,4,[ OK ]
1618.4,18-Jul-25 13:57:18,4051,21.67,0.07673,73.78,0.04652,0.5825,1.988,0,0,0,100,18.48,0.3271,404,-1,0,-1,0,-2,0,0,0,3.789,3,4,[ OK ]
1618.9,18-Jul-25 13:57:19,4052,21.67,0.07716,74.81,0.04543,0.5827,1.99,0,0,0,100,18.48,0.3288,404.4,-1,0,-1,0,-2,0,0,0,3.789,3,4,[ OK ]
1619.4,18-Jul-25 13:57:19,4052,21.67,0.07783,75.68,0.0487,0.5826,1.997,0,0,0,100,18.48,0.3275,403.9,-1,0,-1,0,-2,0,0,0,3.789,3,4,[ OK ]
1619.9,18-Jul-25 13:57:20,4053,21.67,0.07831,75.99,0.04662,0.5845,1.99,0,0,0,100,18.48,0.3277,404,-1,0,-1,0,-2,0,0,0,3.789,3,4,[ OK ]
1620.4,18-Jul-25 13:57:20,4053,21.67,0.07862,77.14,0.04453,0.5844,1.995,0,0,0,100,18.48,0.3279,404.3,-1,0,-1,0,-2,0,0,0,3.789,3,4,[ OK ]
1621.1,18-Jul-25 13:57:21,4054,21.67,0.07902,77.45,0.04424,0.5856,1.993,0,0,0,100,18.48,0.3282,404.1,-1,0,-1,0,-2,0,0,0,3.789,3,4,[ OK ]
1621.5,18-Jul-25 13:57:21,4054,21.67,0.07939,77.53,0.04463,0.5866,1.992,0,0,0,100,18.48,0.3284,404.3,-1,0,-1,0,-2,0,0,0,3.789,3,4,[ OK ]
1622.0,18-Jul-25 13:57:22,4055,21.67,0.0795,78.05,0.04493,0.5865,1.996,0,0,0,100,18.48,0.3275,404.2,-1,0,-1,0,-2,0,0,0,3.789,3,4,[ OK ]
1622.5,18-Jul-25 13:57:22,4055,21.67,0.07984,78.08,0.04483,0.5887,1.988,0,0,0,100,18.48,0.3282,404.2,-1,0,-1,0,-2,0,0,0,3.789,3,4,[ OK ]
1623.0,18-Jul-25 13:57:23,4056,21.67,0.08,78.29,0.04781,0.5887,1.991,0,0,0,100,18.48,0.3286,404,-1,0,-1,0,-2,0,0,0,3.789,3,4,[ OK ]
1623.6,18-Jul-25 13:57:24,4056,21.67,0.07991,79.25,0.04513,0.5891,1.994,0,0,0,100,18.48,0.3289,404.1,-1,0,-1,0,-2,0,0,0,3.789,3,4,[ OK ]
1624.2,18-Jul-25 13:57:24,4057,21.67,0.08008,79.33,0.04592,0.5912,1.986,0,0,0,100,18.48,0.3274,403.9,-1,0,-1,0,-2,0,0,0,3.789,3,4,[ OK ]
1624.8,18-Jul-25 13:57:25,4057,21.67,0.08021,79.45,0.04533,0.5902,1.996,0,0,0,100,18.48,0.324,403.9,-1,0,-1,0,-2,0,0,0,3.789,3,4,[ OK ]
1625.2,18-Jul-25 13:57:25,4058,21.67,0.08041,79.21,0.04553,0.5917,1.991,0,0,0,100,18.48,0.3268,403.9,-1,0,-1,0,-2,0,0,0,3.789,3,4,[ OK ]
1625.7,18-Jul-25 13:57:26,4058,21.67,0.08048,79.28,0.04136,0.5936,1.983,0,0,0,100,18.48,0.3254,404.3,-1,0,-1,0,-2,0,0,0,3.789,3,4,[ OK ]
1626.1,18-Jul-25 13:57:26,4059,21.67,0.08038,79.82,0.04771,0.5931,1.988,0,0,0,100,18.48,0.3281,404.1,-1,0,-1,0,-2,0,0,0,3.789,3,4,[ OK ]
1626.7,18-Jul-25 13:57:27,4059,21.67,0.08058,79.55,0.04592,0.5931,1.993,0,0,0,100,18.48,0.3274,404.3,-1,0,-1,0,-2,0,0,0,3.789,3,4,[ OK ]
1627.2,18-Jul-25 13:57:27,4060,21.67,0.08038,80.35,0.04662,0.5947,1.987,0,0,0,100,18.48,0.3318,404.3,-1,0,-1,0,-2,0,0,0,3.789,3,4,[ OK ]
1627.6,18-Jul-25 13:57:28,4060,21.67,0.08103,78.55,0.04533,0.5943,1.993,0,0,0,100,18.48,0.3301,404,-1,0,-1,0,-2,0,0,0,3.789,3,4,[ OK ]
1628.2,18-Jul-25 13:57:28,4061,21.67,0.0806,80.08,0.04443,0.594,1.998,0,0,0,100,18.48,0.3331,404.3,-1,0,-1,0,-2,0,0,0,3.789,3,4,[ OK ]
1628.6,18-Jul-25 13:57:29,4061,21.67,0.08085,79.45,0.04701,0.5961,1.99,0,0,0,100,18.48,0.3338,403.9,-1,0,-1,0,-2,0,0,0,3.789,3,4,[ OK ]
1629.1,18-Jul-25 13:57:29,4062,21.67,0.08095,79.31,0.04612,0.5967,1.99,0,0,0,100,18.48,0.3327,404,-1,0,-1,0,-2,0,0,0,3.789,3,4,[ OK ]
1629.6,18-Jul-25 13:57:30,4062,21.67,0.08092,79.5,0.04572,0.5956,2,0,0,0,100,18.48,0.3332,404.3,-1,0,-1,0,-2,0,0,0,3.789,3,4,[ OK ]
1630.2,18-Jul-25 13:57:30,4063,21.67,0.08062,80.54,0.04632,0.5975,1.993,0,0,0,100,18.48,0.3333,404.2,-1,0,-1,0,-2,0,0,0,3.789,3,4,[ OK ]
1630.6,18-Jul-25 13:57:31,4063,21.67,0.08084,80.04,0.04652,0.5995,1.986,0,0,0,100,18.48,0.3336,404,-1,0,-1,0,-2,0,0,0,3.789,3,4,[ OK ]
1631.1,18-Jul-25 13:57:31,4064,21.67,0.0809,79.85,0.04523,0.5992,1.99,0,0,0,100,18.48,0.3319,404.2,-1,0,-1,0,-2,0,0,0,3.789,3,4,[ OK ]
1631.7,18-Jul-25 13:57:32,4064,21.67,0.08101,79.58,0.04642,0.5992,1.993,0,0,0,100,18.48,0.33,403.9,-1,0,-1,0,-2,0,0,0,3.789,3,4,[ OK ]
1632.1,18-Jul-25 13:57:32,4065,21.67,0.08093,79.92,0.04553,0.5992,1.996,0,0,0,100,18.48,0.331,404.2,-1,0,-1,0,-2,0,0,0,3.789,3,4,[ OK ]
1632.6,18-Jul-25 13:57:33,4065,21.67,0.08097,79.61,0.04414,0.5993,2,0,0,0,100,18.48,0.3292,404,-1,0,-1,0,-2,0,0,0,3.789,3,4,[ OK ]
1633.1,18-Jul-25 13:57:33,4066,21.67,0.08099,79.57,0.04186,0.6015,1.99,0,0,0,100,18.48,0.3271,403.9,-1,0,-1,0,-2,0,0,0,3.789,3,4,[ OK ]
1633.6,18-Jul-25 13:57:34,4066,21.67,0.08074,80.35,0.04374,0.6026,1.986,0,0,0,100,18.48,0.3271,404,-1,0,-1,0,-2,0,0,0,3.789,3,4,[ OK ]
1634.1,18-Jul-25 13:57:34,4067,21.67,0.08069,80.54,0.04463,0.6035,1.984,0,0,0,100,18.48,0.3255,403.8,-1,0,-1,0,-2,0,0,0,3.789,3,4,[ OK ]
1634.6,18-Jul-25 13:57:35,4067,21.67,0.08103,79.58,0.04751,0.6025,1.993,0,0,0,100,18.48,0.3261,404.2,-1,0,-1,0,-2,0,0,0,3.789,3,4,[ OK ]
1635.1,18-Jul-25 13:57:35,4068,21.67,0.08075,80.49,0.04195,0.6032,1.993,0,0,0,100,18.48,0.3282,403.9,-1,0,-1,0,-2,0,0,0,3.789,3,4,[ OK ]
1635.6,18-Jul-25 13:57:36,4068,21.67,0.08094,79.9,0.04305,0.6036,1.994,0,0,0,100,18.48,0.3267,403.9,-1,0,-1,0,-2,0,0,0,3.789,3,4,[ OK ]
1636.1,18-Jul-25 13:57:36,4069,21.67,0.08079,80.33,0.04463,0.6031,2,0,0,0,100,18.48,0.3268,403.9,-1,0,-1,0,-2,0,0,0,3.789,3,4,[ OK ]
1636.6,18-Jul-25 13:57:37,4069,21.67,0.08087,80.09,0.04265,0.6053,1.992,0,0,0,100,18.48,0.3253,404.2,-1,0,-1,0,-2,0,0,0,3.789,3,4,[ OK ]
1637.1,18-Jul-25 13:57:37,4070,21.68,0.08115,79.29,0.04503,0.604,2.002,0,0,0,100,18.48,0.3245,404.3,-1,0,-1,0,-2,0,0,0,3.789,3,4,[ OK ]
1637.5,18-Jul-25 13:57:37,4070,21.68,0.08084,80.2,0.04582,0.6071,1.988,0,0,0,100,18.48,0.3247,404.2,-1,0,-1,0,-2,0,0,0,3.789,3,4,[ OK ]
1638.2,18-Jul-25 13:57:38,4071,21.68,0.08095,79.8,0.04483,0.6064,1.995,0,0,0,100,18.48,0.3241,404.3,-1,0,-1,0,-2,0,0,0,3.789,3,4,[ OK ]
1638.6,18-Jul-25 13:57:39,4071,21.68,0.08036,81.62,0.04572,0.6061,2,0,0,0,100,18.48,0.3228,404.1,-1,0,-1,0,-2,0,0,0,3.789,3,4,[ OK ]
1639.1,18-Jul-25 13:57:39,4072,21.68,0.08098,79.8,0.04622,0.6076,1.994,0,0,0,100,18.48,0.3221,404.1,-1,0,-1,0,-2,0,0,0,3.789,3,4,[ OK ]
1639.6,18-Jul-25 13:57:40,4072,21.68,0.08116,79.44,0.04592,0.6075,1.998,0,0,0,100,18.48,0.3227,404,-1,0,-1,0,-2,0,0,0,3.789,3,4,[ OK ]
1640.1,18-Jul-25 13:57:40,4073,21.68,0.0808,80.59,0.04513,0.6089,1.994,0,0,0,100,18.48,0.3224,404.3,-1,0,-1,0,-2,0,0,0,3.789,3,4,[ OK ]
1640.5,18-Jul-25 13:57:40,4073,21.68,0.08102,79.9,0.04374,0.6086,1.998,0,0,0,100,18.48,0.3215,404.1,-1,0,-1,0,-2,0,0,0,3.789,3,4,[ OK ]
1641.0,18-Jul-25 13:57:41,4074,21.68,0.08083,80.47,0.04285,0.6096,1.994,0,0,0,100,18.48,0.322,404.1,-1,0,-1,0,-2,0,0,0,3.789,3,4,[ OK ]
1641.5,18-Jul-25 13:57:41,4074,21.68,0.08113,79.66,0.04235,0.6104,1.992,0,0,0,100,18.48,0.3224,404.2,-1,0,-1,0,-2,0,0,0,3.789,3,4,[ OK ]
1642.0,18-Jul-25 13:57:42,4075,21.68,0.08129,79.18,0.04493,0.6115,1.988,0,0,0,100,18.48,0.3236,404,-1,0,-1,0,-2,0,0,0,3.789,3,4,[ OK ]
1642.5,18-Jul-25 13:57:42,4075,21.68,0.08103,80.01,0.04553,0.6104,1.997,0,0,0,100,18.48,0.3226,404.2,-1,0,-1,0,-2,0,0,0,3.789,3,4,[ OK ]
1643.0,18-Jul-25 13:57:43,4076,21.68,0.08099,80.09,0.04662,0.612,1.99,0,0,0,100,18.48,0.3209,404.1,-1,0,-1,0,-2,0,0,0,3.789,3,4,[ OK ]
1643.4,18-Jul-25 13:57:43,4076,21.68,0.08048,81.62,0.04503,0.6111,1.998,0,0,0,100,18.48,0.321,403.8,-1,0,-1,0,-2,0,0,0,3.789,3,4,[ OK ]
1643.9,18-Jul-25 13:57:44,4077,21.68,0.08124,79.34,0.04533,0.6129,1.99,0,0,0,100,18.48,0.3207,403.9,-1,0,-1,0,-2,0,0,0,3.789,3,4,[ OK ]
1644.4,18-Jul-25 13:57:44,4077,21.68,0.08148,78.55,0.04582,0.6118,1.998,0,0,0,100,18.48,0.3199,404,-1,0,-1,0,-2,0,0,0,3.789,3,4,[ OK ]
1644.8,18-Jul-25 13:57:45,4078,21.68,0.08106,79.82,0.04652,0.612,2,0,0,0,100,18.48,0.3203,404.3,-1,0,-1,0,-2,0,0,0,3.789,3,4,[ OK ]
1645.3,18-Jul-25 13:57:45,4078,21.68,0.08085,80.49,0.04572,0.6133,1.995,0,0,0,100,18.48,0.3217,403.9,-1,0,-1,0,-2,0,0,0,3.789,3,4,[ OK ]
1645.7,18-Jul-25 13:57:46,4078,21.68,0.08105,79.88,0.04473,0.6128,2.001,0,0,0,100,18.48,0.3201,403.9,-1,0,-1,0,-2,0,0,0,3.789,3,4,[ OK ]
1646.2,18-Jul-25 13:57:46,4079,21.68,0.08102,80,0.04553,0.6135,1.999,0,0,0,100,18.48,0.3232,404.3,-1,0,-1,0,-2,0,0,0,3.789,3,4,[ OK ]
1646.8,18-Jul-25 13:57:47,4080,21.68,0.08103,80,0.04553,0.6155,1.991,0,0,0,100,18.48,0.3229,404.1,-1,0,-1,0,-2,0,0,0,3.789,3,4,[ OK ]
1647.3,18-Jul-25 13:57:47,4080,21.68,0.08102,80.04,0.04503,0.6152,1.994,0,0,0,100,18.48,0.3213,404.3,-1,0,-1,0,-2,0,0,0,3.789,3,4,[ OK ]
1647.8,18-Jul-25 13:57:48,4081,21.68,0.08119,79.5,0.04562,0.6162,1.991,0,0,0,100,18.48,0.3235,403.9,-1,0,-1,0,-2,0,0,0,3.789,3,4,[ OK ]
1648.3,18-Jul-25 13:57:48,4081,21.68,0.08104,79.88,0.04592,0.6152,1.999,0,0,0,100,18.48,0.3232,404,-1,0,-1,0,-2,0,0,0,3.789,3,4,[ OK ]
1648.7,18-Jul-25 13:57:49,4081,21.68,0.08105,79.87,0.04691,0.6154,2.001,0,0,0,100,18.48,0.3261,404.2,-1,0,-1,0,-2,0,0,0,3.789,3,4,[ OK ]
1649.2,18-Jul-25 13:57:49,4082,21.68,0.081,80.03,0.04662,0.616,1.999,0,0,0,100,18.48,0.3253,404.2,-1,0,-1,0,-2,0,0,0,3.789,3,4,[ OK ]
1649.8,18-Jul-25 13:57:50,4083,21.68,0.08095,80.22,0.04434,0.6178,1.991,0,0,0,100,18.48,0.3252,404.2,-1,0,-1,0,-2,0,0,0,3.789,3,4,[ OK ]
1650.3,18-Jul-25 13:57:50,4083,21.68,0.08118,79.47,0.04473,0.6169,1.997,0,0,0,100,18.48,0.327,404.2,-1,0,-1,0,-2,0,0,0,3.789,3,4,[ OK ]
1650.8,18-Jul-25 13:57:51,4084,21.68,0.08095,80.19,0.04324,0.6166,2.001,0,0,0,100,18.48,0.3276,404.1,-1,0,-1,0,-2,0,0,0,3.789,3,4,[ OK ]
1651.3,18-Jul-25 13:57:51,4084,21.68,0.081,80,0.04136,0.6182,1.995,0,0,0,100,18.48,0.3297,404.1,-1,0,-1,0,-2,0,0,0,3.789,3,4,[ OK ]
1651.7,18-Jul-25 13:57:52,4084,21.68,0.081,79.96,0.04275,0.6185,1.995,0,0,0,100,18.48,0.3294,404.3,-1,0,-1,0,-2,0,0,0,3.789,3,4,[ OK ]
1652.2,18-Jul-25 13:57:52,4085,21.68,0.08099,79.98,0.04662,0.6192,1.993,0,0,0,100,18.48,0.3308,403.8,-1,0,-1,0,-2,0,0,0,3.789,3,4,[ OK ]
1652.8,18-Jul-25 13:57:53,4086,21.68,0.08094,80.06,0.04503,0.6187,1.999,0,0,0,100,18.48,0.3348,404.3,-1,0,-1,0,-2,0,0,0,3.789,3,4,[ OK ]
1653.3,18-Jul-25 13:57:53,4086,21.68,0.08097,79.96,0.04672,0.6195,1.996,0,0,0,100,18.48,0.3342,403.9,-1,0,-1,0,-2,0,0,0,3.789,3,4,[ OK ]
1653.7,18-Jul-25 13:57:54,4086,21.68,0.08047,81.62,0.04523,0.6193,2,0,0,0,100,18.48,0.334,404.2,-1,0,-1,0,-2,0,0,0,3.789,3,4,[ OK ]
1654.2,18-Jul-25 13:57:54,4087,21.68,0.08101,79.79,0.04553,0.6196,1.999,0,0,0,100,18.48,0.3329,404.3,-1,0,-1,0,-2,0,0,0,3.789,3,4,[ OK ]
1654.6,18-Jul-25 13:57:55,4087,21.68,0.08086,80.35,0.04741,0.6212,1.992,0,0,0,100,18.48,0.3319,404.2,-1,0,-1,0,-2,0,0,0,3.789,3,4,[ OK ]
1655.1,18-Jul-25 13:57:55,4088,21.68,0.0812,79.39,0.04572,0.6215,1.991,0,0,0,100,18.48,0.3325,404.3,-1,0,-1,0,-2,0,0,0,3.789,3,4,[ OK ]
1655.5,18-Jul-25 13:57:55,4088,21.68,0.08108,79.79,0.04582,0.6209,1.994,0,0,0,100,18.48,0.3323,404.2,-1,0,-1,0,-2,0,0,0,3.789,3,4,[ OK ]
1656.0,18-Jul-25 13:57:56,4089,21.68,0.08108,79.77,0.04572,0.6232,1.982,0,0,0,100,18.48,0.3331,404.1,-1,0,-1,0,-2,0,0,0,3.789,3,4,[ OK ]
1656.5,18-Jul-25 13:57:56,4089,21.68,0.08104,79.88,0.04533,0.6204,1.997,0,0,0,100,18.48,0.3361,404.3,-1,0,-1,0,-2,0,0,0,3.789,3,4,[ OK ]
1657.1,18-Jul-25 13:57:57,4090,21.68,0.08127,79.14,0.04572,0.6208,1.998,0,0,0,100,18.48,0.3351,403.9,-1,0,-1,0,-2,0,0,0,3.789,3,4,[ OK ]
1657.5,18-Jul-25 13:57:57,4090,21.68,0.08101,79.98,0.04562,0.6219,1.993,0,0,0,100,18.48,0.3352,404.2,-1,0,-1,0,-2,0,0,0,3.789,3,4,[ OK ]
1658.0,18-Jul-25 13:57:58,4091,21.68,0.08085,80.54,0.04493,0.623,1.988,0,0,0,100,18.48,0.3329,404.2,-1,0,-1,0,-2,0,0,0,3.789,3,4,[ OK ]
1658.6,18-Jul-25 13:57:58,4091,21.68,0.08112,79.71,0.04562,0.6213,1.998,0,0,0,100,18.48,0.3332,404,-1,0,-1,0,-2,0,0,0,3.789,3,4,[ OK ]
1659.1,18-Jul-25 13:57:59,4092,21.68,0.08093,80.03,0.04632,0.6223,1.994,0,0,0,100,18.48,0.3344,404.2,-1,0,-1,0,-2,0,0,0,3.789,3,4,[ OK ]
1659.5,18-Jul-25 13:57:59,4092,21.68,0.08095,80,0.04572,0.6227,1.994,0,0,0,100,18.48,0.3336,403.9,-1,0,-1,0,-2,0,0,0,3.789,3,4,[ OK ]
1659.9,18-Jul-25 13:58:00,4093,21.68,0.08095,80.04,0.04572,0.6233,1.992,0,0,0,100,18.48,0.3358,403.8,-1,0,-1,0,-2,0,0,0,3.789,3,4,[ OK ]
1660.4,18-Jul-25 13:58:00,4093,21.68,0.08119,79.34,0.04612,0.6227,1.997,0,0,0,100,18.48,0.3368,404,-1,0,-1,0,-2,0,0,0,3.789,3,4,[ OK ]
1660.9,18-Jul-25 13:58:01,4094,21.68,0.08093,80.2,0.04572,0.6235,1.994,0,0,0,100,18.48,0.3359,403.9,-1,0,-1,0,-2,0,0,0,3.789,3,4,[ OK ]
1661.4,18-Jul-25 13:58:01,4094,21.68,0.08049,81.62,0.04424,0.6229,1.999,0,0,0,100,18.48,0.3368,404.1,-1,0,0,0,-2,0,0,0,3.789,3,4,[ OK ]
1661.9,18-Jul-25 13:58:02,4095,21.68,0.08779,63.24,0.5312,0.6244,1.992,0,0,0,100,18.48,0.4474,404.2,0.1578,0,0,0,-2,0,0,0,3.789,3,4,[ OK ]
1663.1,18-Jul-25 13:58:03,4095,21.68,0.09437,52.69,0.568,0.5695,1.733,0,0,0,100,18.48,0.4564,404.2,0.1965,0,0,0,0,0,0,0,4,4,-1,[ OK ]
1665.1,18-Jul-25 13:58:05,4098,21.68,0.1295,44.65,0.7981,0.5285,1.528,0,0,0,100,18.48,0.4974,404.1,0.3768,0,0,0,0,0,0,0,4,4,-1,[ OK ]
1665.6,18-Jul-25 13:58:06,4098,21.68,0.1356,46.93,0.8362,0.5244,1.509,0,0,0,100,18.48,0.5015,403.8,0.4003,0,0,0,0,0,0,0,4,4,-1,[ OK ]
1665.9,18-Jul-25 13:58:06,4099,21.68,0.1379,48.97,0.8489,0.5204,1.516,0,0,0,100,18.48,0.5021,403.9,0.4086,0,0,0,0,0,0,0,4,4,-1,[ OK ]
1666.3,18-Jul-25 13:58:06,4099,21.68,0.1412,51.41,0.8678,0.5191,1.505,0,0,0,100,18.48,0.5039,404.2,0.4194,0,0,0,0,0,0,0,4,4,-1,[ OK ]
1666.6,18-Jul-25 13:58:07,4099,21.68,0.1433,53.36,0.8762,0.5187,1.495,0,0,0,100,18.48,0.5052,403.9,0.4235,0,0,0,0,0,0,0,4,4,-1,[ OK ]
1666.9,18-Jul-25 13:58:07,4100,21.68,0.1445,57.14,0.8869,0.5162,1.499,0,0,0,100,18.48,0.5055,404.2,0.43,0,0,0,0,0,0,0,4,4,-1,[ OK ]
1667.2,18-Jul-25 13:58:07,4100,21.68,0.1463,58.36,0.8997,0.5169,1.485,0,0,0,100,18.48,0.5052,403.9,0.4385,0,0,0,0,0,0,0,4,4,-1,[ OK ]
1667.5,18-Jul-25 13:58:07,4100,21.68,0.1479,59.93,0.9069,0.515,1.488,0,0,0,100,18.48,0.5058,404.2,0.4422,0,0,0,0,0,0,0,4,4,-1,[ OK ]
1667.8,18-Jul-25 13:58:08,4101,21.68,0.1489,62.32,0.9127,0.5125,1.495,0,0,0,100,18.48,0.504,404.2,0.4478,0,0,0,0,0,0,0,4,4,-1,[ OK ]
1668.3,18-Jul-25 13:58:08,4101,21.68,0.1501,65.3,0.9192,0.514,1.479,0,0,0,100,18.48,0.5027,404.1,0.4531,0,0,0,0,0,0,0,4,4,-1,[ OK ]
1668.7,18-Jul-25 13:58:09,4101,21.68,0.1508,68.55,0.9234,0.514,1.471,0,0,0,100,18.48,0.501,403.7,0.4575,0,0,0,0,0,0,0,4,4,-1,[ OK ]
1669.0,18-Jul-25 13:58:09,4102,21.68,0.1512,70.51,0.9196,0.5118,1.479,0,0,0,100,18.48,0.4985,403.9,0.4579,0,0,0,0,0,0,0,4,4,-1,[ OK ]
1669.3,18-Jul-25 13:58:09,4102,21.68,0.1511,73.46,0.9202,0.5124,1.472,0,0,0,100,18.48,0.4966,404,0.4603,0,0,0,0,0,0,0,4,4,-1,[ OK ]
1669.6,18-Jul-25 13:58:10,4102,21.68,0.1514,74.16,0.9137,0.5122,1.47,0,0,0,100,18.48,0.4944,404.2,0.459,0,0,0,0,0,0,0,4,4,-1,[ OK ]
1669.9,18-Jul-25 13:58:10,4103,21.68,0.1513,75.9,0.9069,0.5115,1.471,0,0,0,100,18.48,0.4915,404.1,0.4581,0,0,0,0,0,0,0,4,4,-1,[ OK ]
1670.3,18-Jul-25 13:58:10,4103,21.68,0.1504,79.44,0.8997,0.5109,1.471,0,0,0,100,18.48,0.488,404.2,0.4576,0,0,0,0,0,0,0,4,4,-1,[ OK ]
1670.6,18-Jul-25 13:58:11,4103,21.68,0.1497,81.62,0.889,0.5111,1.468,0,0,0,100,18.48,0.4821,403.8,0.4577,0,0,0,0,0,0,0,4,4,-1,[ OK ]
1670.9,18-Jul-25 13:58:11,4104,21.68,0.149,83.01,0.8774,0.5113,1.464,0,0,0,100,18.48,0.4807,404.3,0.4521,0,0,0,0,0,0,0,4,4,-1,[ OK ]
1671.2,18-Jul-25 13:58:11,4104,21.68,0.1481,84.67,0.8698,0.5116,1.459,0,0,0,100,18.48,0.4785,404.2,0.4499,0,0,0,0,0,0,0,4,4,-1,[ OK ]
1671.5,18-Jul-25 13:58:11,4104,21.68,0.1473,85.53,0.8536,0.5107,1.463,0,0,0,100,18.48,0.4769,404.1,0.4413,0,0,0,0,0,0,0,4,4,-1,[ OK ]
1671.8,18-Jul-25 13:58:12,4105,21.68,0.1464,86.64,0.8489,0.5117,1.456,0,0,0,100,18.48,0.4721,404.1,0.4439,0,0,0,0,0,0,0,4,4,-1,[ OK ]
1672.3,18-Jul-25 13:58:12,4105,21.68,0.1449,87.9,0.8299,0.5101,1.463,0,0,0,100,18.48,0.4689,404.2,0.435,0,0,0,0,0,0,0,4,4,-1,[ OK ]
1672.6,18-Jul-25 13:58:12,4105,21.68,0.1434,89.78,0.8179,0.5104,1.46,0,0,0,100,18.48,0.4654,403.9,0.431,0,0,0,0,0,0,0,4,4,-1,[ OK ]
1672.9,18-Jul-25 13:58:13,4106,21.68,0.1425,89.82,0.7981,0.509,1.467,0,0,0,100,18.48,0.4602,404.2,0.4234,0,0,0,0,0,0,0,4,4,-1,[ OK ]
1673.2,18-Jul-25 13:58:13,4106,21.68,0.141,91.25,0.7664,0.5108,1.457,0,0,0,100,18.48,0.4527,403.9,0.4093,0,0,0,0,0,0,0,4,4,-1,[ OK ]
1673.7,18-Jul-25 13:58:14,4106,21.68,0.1527,93.39,0.7981,0.5102,1.458,0,0,0,100,18.48,0.4528,404.2,0.4327,0,0,0,0,0,0,0,4,4,-1,[ OK ]
1674.1,18-Jul-25 13:58:14,4107,21.68,0.1544,97.95,0.7914,0.5106,1.455,0,0,0,100,18.48,0.4474,403.9,0.4347,0,0,0,0,0,0,0,4,4,-1,[ OK ]
1674.4,18-Jul-25 13:58:14,4107,21.68,0.1558,100,0.7867,0.51,1.457,0,0,0,100,18.48,0.4457,403.8,0.4334,0,0,0,0,0,0,0,4,4,-1,[ OK ]
1674.9,18-Jul-25 13:58:15,4108,21.68,0.1569,104.1,0.7791,0.5096,1.458,0,0,0,100,18.48,0.4428,403.9,0.4317,0,0,0,0,0,0,0,4,4,-1,[ OK ]
1675.3,18-Jul-25 13:58:15,4108,21.68,0.158,106.6,0.7712,0.5094,1.458,0,0,0,100,18.48,0.4411,403.9,0.428,0,0,0,0,0,0,0,4,4,-1,[ OK ]
1675.6,18-Jul-25 13:58:16,4108,21.68,0.1584,109.1,0.7657,0.509,1.46,0,0,0,100,18.48,0.4382,404,0.4277,0,0,0,0,0,0,0,4,4,-1,[ OK ]
1676.0,18-Jul-25 13:58:16,4109,21.68,0.1593,110.4,0.7583,0.5089,1.46,0,0,0,100,18.48,0.4352,404.2,0.4261,0,0,0,0,0,0,0,4,4,-1,[ OK ]
1676.4,18-Jul-25 13:58:16,4109,21.68,0.1598,112.3,0.7474,0.5083,1.462,0,0,0,100,18.48,0.4321,403.9,0.4219,0,0,0,0,0,0,0,4,4,-1,[ OK ]
1676.8,18-Jul-25 13:58:17,4110,21.68,0.1593,115.9,0.6151,0.5083,1.461,0,0,0,100,18.48,0.4099,404.2,0.3336,0,0,0,0,0,0,0,4,4,-1,[ OK ]
1677.7,18-Jul-25 13:58:18,4110,21.68,0.1589,117.8,0.6074,0.5077,1.465,0,0,0,100,18.48,0.4093,404.2,0.3261,0,0,0,0,0,0,0,4,4,-1,[ OK ]
1678.4,18-Jul-25 13:58:18,4111,21.68,0.1572,122.4,0.5811,0.5071,1.469,0,0,0,100,18.48,0.4036,404.2,0.3054,0,0,0,0,0,0,0,4,4,-1,[ OK ]
1679.0,18-Jul-25 13:58:19,4112,21.68,0.1565,123.1,0.5728,0.5092,1.456,0,0,0,100,18.48,0.4027,404.2,0.297,0,0,0,0,0,0,0,4,4,-1,[ OK ]
1679.4,18-Jul-25 13:58:19,4112,21.68,0.1562,122.8,0.5631,0.5074,1.466,0,0,0,100,18.48,0.4007,404.1,0.2885,0,0,0,0,0,0,0,4,4,-1,[ OK ]
1679.7,18-Jul-25 13:58:20,4112,21.68,0.1558,123.1,0.5606,0.5075,1.465,0,0,0,100,18.48,0.3999,404,0.2867,0,0,0,0,0,0,0,4,4,-1,[ OK ]
1680.1,18-Jul-25 13:58:20,4113,21.68,0.1551,124.2,0.551,0.5077,1.463,0,0,0,100,18.48,0.3986,404.2,0.2766,0,0,0,0,0,0,0,4,4,-1,[ OK ]
1680.5,18-Jul-25 13:58:20,4113,21.68,0.1551,122.9,0.5471,0.5065,1.47,0,0,0,100,18.48,0.3971,403.9,0.2741,0,0,0,0,0,0,0,4,4,-1,[ OK ]
1681.0,18-Jul-25 13:58:21,4114,21.68,0.1545,123.3,0.5442,0.5095,1.452,0,0,0,100,18.48,0.3971,404.2,0.2703,0,0,0,0,0,0,0,4,4,-1,[ OK ]
1681.3,18-Jul-25 13:58:21,4114,21.68,0.1544,122.6,0.5442,0.5083,1.458,0,0,0,100,18.48,0.3938,403.9,0.2764,0,0,0,0,0,0,0,4,4,-1,[ OK ]
1681.7,18-Jul-25 13:58:22,4114,21.68,0.1539,122.9,0.5331,0.5068,1.466,0,0,0,100,18.48,0.3959,404,0.2573,0,0,0,0,0,0,0,4,4,-1,[ OK ]
1682.1,18-Jul-25 13:58:22,4115,21.68,0.1535,123,0.5312,0.5079,1.46,0,0,0,100,18.48,0.3933,403.8,0.2596,0,0,0,0,0,0,0,4,4,-1,[ OK ]
1682.5,18-Jul-25 13:58:22,4115,21.68,0.1532,122.7,0.5263,0.5078,1.46,0,0,0,100,18.48,0.3925,403.9,0.2542,0,0,0,0,0,0,0,4,4,-1,[ OK ]
1682.8,18-Jul-25 13:58:23,4116,21.68,0.1529,122.6,0.5237,0.5086,1.455,0,0,0,100,18.48,0.3957,404.2,0.2444,0,0,0,0,0,0,0,4,4,-1,[ OK ]
1683.2,18-Jul-25 13:58:23,4116,21.68,0.1524,123,0.5164,0.5067,1.465,0,0,0,100,18.48,0.3943,404,0.2365,0,0,0,0,0,0,0,4,4,-1,[ OK ]
1683.6,18-Jul-25 13:58:24,4116,21.68,0.1522,122.5,0.5155,0.5083,1.455,0,0,0,100,18.48,0.3909,404,0.2418,0,0,0,0,0,0,0,4,4,-1,[ OK ]
1684.1,18-Jul-25 13:58:24,4117,21.68,0.1518,122.8,0.5085,0.5066,1.465,0,0,0,100,18.48,0.391,404.2,0.231,0,0,0,0,0,0,0,4,4,-1,[ OK ]
1684.4,18-Jul-25 13:58:24,4117,21.68,0.1516,122.4,0.5071,0.5065,1.466,0,0,0,100,18.48,0.3889,403.8,0.233,0,0,0,0,0,0,0,4,4,-1,[ OK ]
1684.8,18-Jul-25 13:58:25,4118,21.68,0.1513,122.4,0.5028,0.507,1.462,0,0,0,100,18.48,0.3893,403.9,0.2259,0,0,0,0,0,0,0,4,4,-1,[ OK ]
1685.1,18-Jul-25 13:58:25,4118,21.68,0.1509,122.8,0.506,0.5071,1.462,0,0,0,100,18.48,0.3906,404.1,0.2282,0,0,0,0,0,0,0,4,4,-1,[ OK ]
1685.5,18-Jul-25 13:58:25,4118,21.68,0.1507,122.4,0.4974,0.5071,1.462,0,0,0,100,18.48,0.3891,404,0.2177,0,0,0,0,0,0,0,4,4,-1,[ OK ]
1685.9,18-Jul-25 13:58:26,4119,21.68,0.1504,122.4,0.4934,0.5069,1.462,0,0,0,100,18.48,0.3885,403.9,0.2127,0,0,0,0,0,0,0,4,4,-1,[ OK ]
1686.3,18-Jul-25 13:58:26,4119,21.68,0.1508,120.3,0.4934,0.5064,1.465,0,0,0,100,18.48,0.3888,403.9,0.212,0,0,0,0,0,0,0,4,4,-1,[ OK ]
1686.8,18-Jul-25 13:58:27,4120,21.68,0.1501,121.3,0.4866,0.5059,1.468,0,0,0,100,18.48,0.3887,404.1,0.2011,0,0,0,0,0,0,0,4,4,-1,[ OK ]
1687.2,18-Jul-25 13:58:27,4120,21.68,0.1495,122.4,0.4846,0.5076,1.458,0,0,0,100,18.48,0.3887,403.8,0.1979,0,0,0,0,0,0,0,4,4,-1,[ OK ]
1687.5,18-Jul-25 13:58:27,4120,21.68,0.1497,121.3,0.4816,0.5076,1.457,0,0,0,100,18.48,0.3857,403.8,0.1992,0,0,0,0,0,0,0,4,4,-1,[ OK ]
1687.9,18-Jul-25 13:58:28,4121,21.68,0.1494,121.4,0.4798,0.5071,1.459,0,0,0,100,18.48,0.3855,404,0.1965,0,0,0,0,0,0,0,4,4,-1,[ OK ]
1688.3,18-Jul-25 13:58:28,4121,21.68,0.1492,121.3,0.4768,0.506,1.465,0,0,0,100,18.48,0.385,403.9,0.1927,0,0,0,0,0,0,0,4,4,-1,[ OK ]
1688.7,18-Jul-25 13:58:29,4122,21.68,0.1486,122.4,0.4737,0.5068,1.461,0,0,0,100,18.48,0.3839,403.8,0.1895,0,0,0,0,0,0,0,4,4,-1,[ OK ]
1689.1,18-Jul-25 13:58:29,4122,21.68,0.1488,121.1,0.4713,0.506,1.465,0,0,0,100,18.48,0.384,404.2,0.1852,0,0,0,0,0,0,0,4,4,-1,[ OK ]
1689.6,18-Jul-25 13:58:29,4122,21.68,0.1482,122.4,0.4649,0.5074,1.457,0,0,0,100,18.48,0.3814,403.9,0.1797,0,0,0,0,0,0,0,4,4,-1,[ OK ]
1690.0,18-Jul-25 13:58:30,4123,21.68,0.1484,121.2,0.4616,0.5081,1.451,0,0,0,100,18.48,0.3816,404.1,0.1733,0,0,0,0,0,0,0,4,4,-1,[ OK ]
1690.4,18-Jul-25 13:58:30,4123,21.68,0.1482,121.3,0.4584,0.5049,1.47,0,0,0,100,18.48,0.3809,403.9,0.169,0,0,0,0,0,0,0,4,4,-1,[ OK ]
1690.8,18-Jul-25 13:58:31,4124,21.68,0.1484,120.4,0.4659,0.5057,1.466,0,0,0,100,18.48,0.382,403.9,0.1802,0,0,0,0,0,0,0,4,4,-1,[ OK ]
1691.2,18-Jul-25 13:58:31,4124,21.68,0.1479,121.3,0.4622,0.5066,1.461,0,0,0,100,18.48,0.3821,404.1,0.1732,0,0,0,0,0,0,0,4,4,-1,[ OK ]
1691.7,18-Jul-25 13:58:32,4124,21.68,0.1474,122.4,0.4581,0.5072,1.457,0,0,0,100,18.48,0.3816,404.1,0.1669,0,0,0,0,0,0,0,4,4,-1,[ OK ]
1692.1,18-Jul-25 13:58:32,4125,21.68,0.1477,121.1,0.4584,0.5059,1.464,0,0,0,100,18.48,0.3811,404.1,0.1686,0,0,0,0,0,0,0,4,4,-1,[ OK ]
1692.4,18-Jul-25 13:58:32,4125,21.68,0.1475,121.3,0.4466,0.5067,1.459,0,0,0,100,18.48,0.3821,403.8,0.1443,0,0,0,0,0,0,0,4,4,-1,[ OK ]
1692.8,18-Jul-25 13:58:33,4126,21.68,0.1473,121.2,0.4434,0.5054,1.467,0,0,0,100,18.48,0.3808,404.2,0.1412,0,0,0,0,0,0,0,4,4,-1,[ OK ]
1693.2,18-Jul-25 13:58:33,4126,21.68,0.1475,120.5,0.4565,0.5072,1.456,0,0,0,100,18.48,0.3796,404.1,0.1685,0,0,0,0,0,0,0,4,4,-1,[ OK ]
1693.6,18-Jul-25 13:58:34,4126,21.68,0.1473,120.7,0.4497,0.507,1.457,0,0,0,100,18.48,0.381,404.2,0.1528,0,0,0,0,0,0,0,4,4,-1,[ OK ]
1694.0,18-Jul-25 13:58:34,4127,21.68,0.1472,120.4,0.4502,0.5074,1.453,0,0,0,100,18.48,0.3804,404.1,0.1549,0,0,0,0,0,0,0,4,4,-1,[ OK ]
1694.3,18-Jul-25 13:58:34,4127,21.68,0.1473,120.1,0.4472,0.505,1.468,0,0,0,100,18.48,0.3802,404.2,0.1498,0,0,0,0,0,0,0,4,4,-1,[ OK ]
1694.8,18-Jul-25 13:58:35,4128,21.68,0.1469,121,0.4426,0.5063,1.461,0,0,0,100,18.48,0.38,403.9,0.1416,0,0,0,0,0,0,0,4,4,-1,[ OK ]
1695.2,18-Jul-25 13:58:35,4128,21.68,0.1469,120.8,0.4454,0.5067,1.458,0,0,0,100,18.48,0.3797,403.9,0.1476,0,0,0,0,0,0,0,4,4,-1,[ OK ]
1695.6,18-Jul-25 13:58:36,4128,21.68,0.1472,119.6,0.4442,0.5059,1.463,0,0,0,100,18.48,0.3806,404.2,0.1432,0,0,0,0,0,0,0,4,4,-1,[ OK ]
1696.0,18-Jul-25 13:58:36,4129,21.68,0.1469,120.4,0.4442,0.5072,1.454,0,0,0,100,18.48,0.3808,403.9,0.1428,0,0,0,0,0,0,0,4,4,-1,[ OK ]
1696.3,18-Jul-25 13:58:36,4129,21.68,0.1467,120.9,0.4442,0.5056,1.464,0,0,0,100,18.48,0.3786,403.8,0.1477,0,0,0,0,0,0,0,4,4,-1,[ OK ]
1696.8,18-Jul-25 13:58:37,4130,21.68,0.1468,120.4,0.4428,0.5074,1.453,0,0,0,100,18.48,0.3787,404.1,0.1447,0,0,0,0,0,0,0,4,4,-1,[ OK ]
1697.2,18-Jul-25 13:58:37,4130,21.7,0.1467,120.1,0.4426,0.5065,1.457,0,0,0,100,18.48,0.3789,404.1,0.1438,0,0,0,0,0,0,0,4,4,-1,[ OK ]
1697.6,18-Jul-25 13:58:38,4130,21.7,0.1468,119.8,0.4426,0.5059,1.46,0,0,0,100,18.48,0.3782,404.1,0.1456,0,0,0,0,0,0,0,4,4,-1,[ OK ]
1698.0,18-Jul-25 13:58:38,4131,21.7,0.1466,120.2,0.4426,0.5071,1.454,0,0,0,100,18.48,0.377,404.2,0.1483,0,0,0,0,0,0,0,4,4,-1,[ OK ]
1698.3,18-Jul-25 13:58:38,4131,21.7,0.1466,120,0.445,0.5049,1.466,0,0,0,100,18.48,0.3768,404.2,0.1533,0,0,0,0,0,0,0,4,4,-1,[ OK ]
1698.7,18-Jul-25 13:58:39,4132,21.7,0.1465,120.3,0.4426,0.5067,1.457,0,0,0,100,18.48,0.3754,403.9,0.1518,0,0,0,0,0,0,0,4,4,-1,[ OK ]
1699.1,18-Jul-25 13:58:39,4132,21.7,0.1463,120.6,0.4426,0.5059,1.46,0,0,0,100,18.48,0.376,404.1,0.1504,0,0,0,0,0,0,0,4,4,-1,[ OK ]
1699.6,18-Jul-25 13:58:39,4132,21.7,0.1463,120.3,0.4329,0.5051,1.465,0,0,0,100,18.48,0.3769,404,0.1293,0,0,0,0,0,0,0,4,4,-1,[ OK ]
1699.9,18-Jul-25 13:58:40,4133,21.7,0.1465,119.9,0.4328,0.5055,1.463,0,0,0,100,18.48,0.3748,404,0.1341,0,0,0,0,0,0,0,4,4,-1,[ OK ]
1700.3,18-Jul-25 13:58:40,4133,21.7,0.1463,120.3,0.4278,0.5055,1.463,0,0,0,100,18.48,0.3743,404.2,0.1251,0,0,0,0,0,0,0,4,4,-1,[ OK ]
1700.7,18-Jul-25 13:58:41,4133,21.7,0.1464,119.8,0.4253,0.5056,1.462,0,0,0,100,18.48,0.3727,404.2,0.1235,0,0,0,0,0,0,0,4,4,-1,[ OK ]
1701.1,18-Jul-25 13:58:41,4134,21.7,0.1461,120.3,0.426,0.5071,1.453,0,0,0,100,18.48,0.3728,404.2,0.1247,0,0,0,0,0,0,0,4,4,-1,[ OK ]
1701.5,18-Jul-25 13:58:41,4134,21.7,0.1461,120.4,0.4236,0.506,1.459,0,0,0,100,18.48,0.3732,404,0.1189,0,0,0,0,0,0,0,4,4,-1,[ OK ]
1702.0,18-Jul-25 13:58:42,4135,21.7,0.1461,120.3,0.4247,0.5064,1.457,0,0,0,100,18.48,0.3715,404,0.1253,0,0,0,0,0,0,0,4,4,-1,[ OK ]
1702.2,18-Jul-25 13:58:42,4135,21.7,0.146,120.4,0.4232,0.5057,1.461,0,0,0,100,18.48,0.3712,404,0.1228,0,0,0,0,0,0,0,4,4,-1,[ OK ]
1702.7,18-Jul-25 13:58:43,4135,21.7,0.1459,120.6,0.4234,0.506,1.458,0,0,0,100,18.48,0.3721,404.1,0.1212,0,0,0,0,0,0,0,4,4,-1,[ OK ]
1703.1,18-Jul-25 13:58:43,4136,21.7,0.1459,120.6,0.4259,0.5047,1.465,0,0,0,100,18.48,0.3722,403.9,0.1259,0,0,0,0,0,0,0,4,4,-1,[ OK ]
1703.5,18-Jul-25 13:58:43,4136,21.7,0.1459,120.3,0.4188,0.5054,1.461,0,0,0,100,18.48,0.3709,404.1,0.1143,0,0,0,0,0,0,0,4,4,-1,[ OK ]
1703.9,18-Jul-25 13:58:44,4137,21.7,0.1457,120.8,0.418,0.5048,1.464,0,0,0,100,18.48,0.3717,404.2,0.1108,0,0,0,0,0,0,0,4,4,-1,[ OK ]
1704.2,18-Jul-25 13:58:44,4137,21.7,0.1458,120.3,0.4205,0.5063,1.456,0,0,0,100,18.48,0.3719,404,0.1155,0,0,0,0,0,0,0,4,4,-1,[ OK ]
1704.6,18-Jul-25 13:58:45,4137,21.7,0.1457,120.4,0.4192,0.5067,1.454,0,0,0,100,18.48,0.372,404,0.1126,0,0,0,0,0,0,0,4,4,-1,[ OK ]
1705.1,18-Jul-25 13:58:45,4138,21.7,0.1455,120.8,0.4196,0.5051,1.463,0,0,0,100,18.48,0.3711,403.8,0.1156,0,0,0,0,0,0,0,4,4,-1,[ OK ]
1705.5,18-Jul-25 13:58:45,4138,21.7,0.1454,120.9,0.4227,0.5055,1.46,0,0,0,100,18.48,0.3705,404.2,0.1234,0,0,0,0,0,0,0,4,4,-1,[ OK ]
1705.9,18-Jul-25 13:58:46,4139,21.7,0.1456,120.3,0.4171,0.5053,1.46,0,0,0,100,18.48,0.3715,403.9,0.1094,0,0,0,0,0,0,0,4,4,-1,[ OK ]
1706.3,18-Jul-25 13:58:46,4139,21.7,0.1455,120.3,0.4177,0.5046,1.465,0,0,0,100,18.48,0.3701,403.8,0.114,0,0,0,0,0,0,0,4,4,-1,[ OK ]
1706.7,18-Jul-25 13:58:47,4140,21.7,0.1454,120.5,0.4167,0.5041,1.468,0,0,0,100,18.48,0.3692,404,0.1141,0,0,0,0,0,0,0,4,4,-1,[ OK ]
1707.0,18-Jul-25 13:58:47,4140,21.7,0.1455,119.9,0.4197,0.506,1.458,0,0,0,100,18.48,0.3712,404.2,0.1156,0,0,0,0,0,0,0,4,4,-1,[ OK ]
1707.5,18-Jul-25 13:58:47,4140,21.7,0.1454,120.2,0.4146,0.5052,1.462,0,0,0,100,18.48,0.371,404.2,0.1053,0,0,0,0,0,0,0,4,4,-1,[ OK ]
1707.9,18-Jul-25 13:58:48,4141,21.7,0.1454,120.2,0.4118,0.5055,1.46,0,0,0,100,18.48,0.373,404.2,0.09408,0,0,0,0,0,0,0,4,4,-1,[ OK ]
1708.3,18-Jul-25 13:58:48,4141,21.7,0.1454,120.1,0.4142,0.5041,1.468,0,0,0,100,18.48,0.3718,404.2,0.1025,0,0,0,0,0,0,0,4,4,-1,[ OK ]
1708.6,18-Jul-25 13:58:49,4141,21.7,0.1454,119.9,0.4103,0.5055,1.461,0,0,0,100,18.48,0.3729,403.9,0.09109,0,0,0,0,0,0,0,4,4,-1,[ OK ]
1709.0,18-Jul-25 13:58:49,4142,21.7,0.1452,120.4,0.4114,0.5056,1.46,0,0,0,100,18.48,0.3726,404.2,0.09419,0,0,0,0,0,0,0,4,4,-1,[ OK ]
1709.4,18-Jul-25 13:58:49,4142,21.7,0.1452,120.3,0.4112,0.5046,1.466,0,0,0,100,18.48,0.3721,403.8,0.09512,0,0,0,0,0,0,0,4,4,-1,[ OK ]
1709.8,18-Jul-25 13:58:50,4143,21.7,0.1453,119.8,0.41,0.505,1.464,0,0,0,100,18.48,0.3708,404.2,0.09554,0,0,0,0,0,0,0,4,4,-1,[ OK ]
1710.3,18-Jul-25 13:58:50,4143,21.7,0.145,120.7,0.4108,0.5065,1.454,0,0,0,100,18.48,0.3719,403.7,0.09474,0,0,0,0,0,0,0,4,4,-1,[ OK ]
1710.7,18-Jul-25 13:58:51,4143,21.7,0.1451,120.2,0.4074,0.505,1.463,0,0,0,100,18.48,0.3727,403.9,0.08517,0,0,0,0,0,0,0,4,4,-1,[ OK ]
1711.1,18-Jul-25 13:58:51,4144,21.7,0.1451,120.3,0.4069,0.5065,1.455,0,0,0,100,18.48,0.3709,403.8,0.08841,0,0,0,0,0,0,0,4,4,-1,[ OK ]
1711.5,18-Jul-25 13:58:51,4144,21.7,0.1451,120.1,0.4076,0.5065,1.453,0,0,0,100,18.48,0.3692,404,0.09431,0,0,0,0,0,0,0,4,4,-1,[ OK ]
1712.0,18-Jul-25 13:58:52,4145,21.7,0.1449,120.6,0.4037,0.5044,1.465,0,0,0,100,18.48,0.3701,403.8,0.08324,0,0,0,0,0,0,0,4,4,-1,[ OK ]
1712.4,18-Jul-25 13:58:52,4145,21.7,0.145,120.1,0.4025,0.5059,1.456,0,0,0,100,18.48,0.3687,404.2,0.08403,0,0,0,0,0,0,0,4,4,-1,[ OK ]
1712.8,18-Jul-25 13:58:53,4146,21.7,0.1451,119.8,0.4024,0.5051,1.461,0,0,0,100,18.48,0.3697,403.8,0.0813,0,0,0,0,0,0,0,4,4,-1,[ OK ]
1713.2,18-Jul-25 13:58:53,4146,21.7,0.1452,119.5,0.4015,0.5045,1.465,0,0,0,100,18.48,0.3695,403.9,0.07953,0,0,0,0,0,0,0,4,4,-1,[ OK ]
1713.5,18-Jul-25 13:58:53,4146,21.7,0.1448,120.3,0.4003,0.5062,1.454,0,0,0,100,18.48,0.3688,403.9,0.0785,0,0,0,0,0,0,0,4,4,-1,[ OK ]
1713.9,18-Jul-25 13:58:54,4147,21.7,0.145,119.6,0.3997,0.5051,1.46,0,0,0,100,18.48,0.3661,404.3,0.08409,0,0,0,0,0,0,0,4,4,-1,[ OK ]
1714.3,18-Jul-25 13:58:54,4147,21.7,0.1446,120.7,0.3998,0.506,1.455,0,0,0,100,18.48,0.367,404,0.082,0,0,0,0,0,0,0,4,4,-1,[ OK ]
1714.8,18-Jul-25 13:58:55,4148,21.7,0.1449,119.6,0.3927,0.5041,1.466,0,0,0,100,18.48,0.3684,403.8,0.06184,0,0,0,0,0,0,0,4,4,-1,[ OK ]
1715.2,18-Jul-25 13:58:55,4148,21.7,0.1445,120.8,0.3989,0.5045,1.465,0,0,0,100,18.48,0.3686,404.2,0.0758,0,0,0,0,0,0,0,4,4,-1,[ OK ]
1715.6,18-Jul-25 13:58:56,4148,21.7,0.1446,120.4,0.3969,0.5042,1.466,0,0,0,100,18.48,0.3673,403.8,0.07453,0,0,0,0,0,0,0,4,4,-1,[ OK ]
1716.0,18-Jul-25 13:58:56,4149,21.7,0.1448,119.9,0.3939,0.5056,1.457,0,0,0,100,18.48,0.3681,403.8,0.06549,0,0,0,0,0,0,0,4,4,-1,[ OK ]
1716.3,18-Jul-25 13:58:56,4149,21.7,0.1446,120.5,0.395,0.5057,1.457,0,0,0,100,18.48,0.3682,404.1,0.06787,0,0,0,0,0,0,0,4,4,-1,[ OK ]
1716.7,18-Jul-25 13:58:57,4150,21.7,0.1447,119.9,0.3973,0.5056,1.458,0,0,0,100,18.48,0.3694,404.2,0.07028,0,0,0,0,0,0,0,4,4,-1,[ OK ]
1717.2,18-Jul-25 13:58:57,4150,21.7,0.1446,120.1,0.3947,0.5066,1.452,0,0,0,100,18.48,0.3681,403.9,0.06737,0,0,0,0,0,0,0,4,4,-1,[ OK ]
1717.6,18-Jul-25 13:58:58,4150,21.7,0.1444,120.5,0.3928,0.5057,1.457,0,0,0,100,18.48,0.3683,403.7,0.06238,0,0,0,0,0,0,0,4,4,-1,[ OK ]
1718.0,18-Jul-25 13:58:58,4151,21.7,0.1445,120.3,0.3918,0.5035,1.469,0,0,0,100,18.48,0.3689,404.1,0.05847,0,0,0,0,0,0,0,4,4,-1,[ OK ]
1718.3,18-Jul-25 13:58:58,4151,21.7,0.1444,120.5,0.3918,0.5046,1.463,0,0,0,100,18.48,0.368,404,0.06083,0,0,0,0,0,0,0,4,4,-1,[ OK ]
1718.7,18-Jul-25 13:58:59,4152,21.7,0.1445,120,0.3918,0.5052,1.459,0,0,0,100,18.48,0.3683,404,0.06011,0,0,0,0,0,0,0,4,4,-1,[ OK ]
1719.1,18-Jul-25 13:58:59,4152,21.7,0.1443,120.6,0.3918,0.5045,1.464,0,0,0,100,18.48,0.3684,403.9,0.05991,0,0,0,0,0,0,0,4,4,-1,[ OK ]
1719.6,18-Jul-25 13:58:59,4152,21.7,0.1444,120.1,0.3918,0.5054,1.458,0,0,0,100,18.48,0.3663,404.2,0.06525,0,0,0,0,0,0,0,4,4,-1,[ OK ]
1720.0,18-Jul-25 13:59:00,4153,21.7,0.1444,120.2,0.3918,0.5048,1.461,0,0,0,100,18.48,0.3646,404.2,0.06947,0,0,0,0,0,0,0,4,4,-1,[ OK ]
1720.4,18-Jul-25 13:59:00,4153,21.7,0.1442,120.5,0.3918,0.505,1.461,0,0,0,100,18.48,0.3634,404.2,0.07245,0,0,0,0,0,0,0,4,4,-1,[ OK ]
1720.8,18-Jul-25 13:59:01,4154,21.7,0.1441,120.8,0.3918,0.5052,1.46,0,0,0,100,18.48,0.3649,403.8,0.06865,0,0,0,0,0,0,0,4,4,-1,[ OK ]
1721.2,18-Jul-25 13:59:01,4154,21.7,0.1445,119.6,0.3847,0.5062,1.454,0,0,0,100,18.48,0.3648,403.9,0.05167,0,0,0,0,0,0,0,4,4,-1,[ OK ]
1721.6,18-Jul-25 13:59:02,4154,21.7,0.1443,119.9,0.385,0.5063,1.453,0,0,0,100,18.48,0.369,404.1,0.04162,0,0,0,0,0,0,0,4,4,-1,[ OK ]
1722.1,18-Jul-25 13:59:02,4155,21.7,0.1443,119.9,0.3794,0.505,1.46,0,0,0,100,18.48,0.368,404,0.03003,0,0,0,0,0,0,0,4,4,-1,[ OK ]
1722.5,18-Jul-25 13:59:02,4155,21.7,0.1441,120.4,0.3799,0.5053,1.458,0,0,0,100,18.48,0.3683,404.1,0.03066,0,0,0,0,0,0,0,4,4,-1,[ OK ]
1722.8,18-Jul-25 13:59:03,4156,21.7,0.1442,120.4,0.3834,0.5057,1.456,0,0,0,100,18.48,0.3655,403.9,0.04669,0,0,0,0,0,0,0,4,4,-1,[ OK ]
1723.1,18-Jul-25 13:59:03,4156,21.7,0.1442,120.1,0.3812,0.5051,1.459,0,0,0,100,18.48,0.369,404.1,0.03194,0,0,0,0,0,0,0,4,4,-1,[ OK ]
1723.5,18-Jul-25 13:59:03,4156,21.7,0.1443,119.8,0.3814,0.5061,1.453,0,0,0,100,18.48,0.3678,403.9,0.03571,0,0,0,0,0,0,0,4,4,-1,[ OK ]
1723.8,18-Jul-25 13:59:04,4157,21.7,0.1441,120.4,0.3823,0.5041,1.465,0,0,0,100,18.48,0.3673,403.9,0.03923,0,0,0,0,0,0,0,4,4,-1,[ OK ]
1724.1,18-Jul-25 13:59:04,4157,21.7,0.144,120.5,0.3782,0.5038,1.467,0,0,0,100,18.48,0.3677,403.9,0.02783,0,0,0,0,0,0,0,4,4,-1,[ OK ]
1724.4,18-Jul-25 13:59:04,4157,21.7,0.1441,120,0.3791,0.5047,1.462,0,0,0,100,18.48,0.3664,403.9,0.03363,0,0,0,0,0,0,0,4,4,-1,[ OK ]
1724.7,18-Jul-25 13:59:05,4158,21.7,0.1438,120.9,0.3789,0.5051,1.46,0,0,0,100,18.48,0.3646,404.1,0.0377,0,0,0,0,0,0,0,4,4,-1,[ OK ]
1725.0,18-Jul-25 13:59:05,4158,21.7,0.1439,120.3,0.379,0.5047,1.462,0,0,0,100,18.48,0.3657,403.7,0.03508,0,0,0,0,0,0,0,4,4,-1,[ OK ]
1725.4,18-Jul-25 13:59:05,4158,21.7,0.1439,120.2,0.3766,0.5052,1.459,0,0,0,100,18.48,0.3632,404.3,0.03546,0,0,0,0,0,0,0,4,4,-1,[ OK ]
1725.9,18-Jul-25 13:59:06,4159,21.7,0.1439,120.1,0.3761,0.5042,1.465,0,0,0,100,18.48,0.3649,404,0.02958,0,0,0,0,0,0,0,4,4,-1,[ OK ]
1726.3,18-Jul-25 13:59:06,4159,21.7,0.1441,119.6,0.3775,0.5049,1.461,0,0,0,100,18.48,0.3682,404.2,0.02477,0,0,0,0,0,0,0,4,4,-1,[ OK ]
1726.9,18-Jul-25 13:59:07,4160,21.7,0.144,119.9,0.3784,0.5042,1.466,0,0,0,100,18.48,0.3632,403.8,0.04037,0,0,0,0,0,0,0,4,4,-1,[ OK ]
1727.6,18-Jul-25 13:59:08,4160,21.7,0.1438,120.3,0.3745,0.5044,1.464,0,0,0,100,18.48,0.3661,404.2,0.02235,0,0,0,0,0,0,0,4,4,-1,[ OK ]
1728.3,18-Jul-25 13:59:08,4161,21.7,0.1438,120.2,0.3749,0.5056,1.457,0,0,0,100,18.48,0.3665,403.8,0.02231,0,0,0,0,0,0,0,4,4,-1,[ OK ]
1728.9,18-Jul-25 13:59:09,4162,21.7,0.1437,120.4,0.3758,0.5053,1.459,0,0,0,100,18.48,0.3681,404.1,0.02035,0,0,0,0,0,0,0,4,4,-1,[ OK ]
1729.5,18-Jul-25 13:59:09,4162,21.7,0.1437,120.1,0.3725,0.5051,1.459,0,0,0,100,18.48,0.3696,404.2,0.007627,0,0,0,0,0,0,0,4,4,-1,[ OK ]
1730.2,18-Jul-25 13:59:10,4163,21.7,0.1437,120.2,0.3708,0.5044,1.463,0,0,0,100,18.48,0.3687,404.1,0.005721,0,0,0,0,0,0,0,4,4,-1,[ OK ]
1730.8,18-Jul-25 13:59:11,4164,21.7,0.1436,120.4,0.3698,0.5036,1.468,0,0,0,100,18.48,0.3664,403.8,0.009154,0,0,0,0,0,0,0,4,4,-1,[ OK ]
1731.5,18-Jul-25 13:59:11,4164,21.7,0.1436,120.3,0.3711,0.5051,1.459,0,0,0,100,18.48,0.368,404,0.008255,0,0,0,0,0,0,0,4,4,-1,[ OK ]
1732.1,18-Jul-25 13:59:12,4165,21.7,0.1437,120,0.3633,0.5048,1.461,0,0,0,100,18.48,0.3646,403.8,-0.003603,0,0,0,0,0,0,0,4,4,-1,[ OK ]
1732.8,18-Jul-25 13:59:13,4166,21.7,0.1435,120.2,0.3663,0.5037,1.467,0,0,0,100,18.48,0.364,403.9,0.006471,0,0,0,0,0,0,0,4,4,-1,[ OK ]
1733.5,18-Jul-25 13:59:13,4166,21.7,0.1435,120.3,0.3692,0.5048,1.461,0,0,0,100,18.48,0.3659,404.2,0.009084,0,0,0,0,0,0,0,4,4,-1,[ OK ]
1734.0,18-Jul-25 13:59:14,4167,21.7,0.1436,119.9,0.364,0.5056,1.455,0,0,0,100,18.48,0.3658,403.8,-0.00512,0,0,0,0,0,0,0,4,4,-1,[ OK ]
1734.5,18-Jul-25 13:59:14,4167,21.7,0.1435,120.1,0.3645,0.5041,1.464,0,0,0,100,18.48,0.3663,404.1,-0.004915,0,0,0,0,0,0,0,4,4,-1,[ OK ]
1735.2,18-Jul-25 13:59:15,4168,21.7,0.1435,120.2,0.3626,0.505,1.459,0,0,0,100,18.48,0.3669,404.1,-0.01197,0,0,0,0,0,0,0,4,4,-1,[ OK ]
1735.6,18-Jul-25 13:59:16,4168,21.7,0.1436,119.8,0.3611,0.5039,1.466,0,0,0,100,18.48,0.3692,404.1,-0.02261,0,0,0,0,0,0,0,4,4,-1,[ OK ]
1736.2,18-Jul-25 13:59:16,4169,21.7,0.1434,120.2,0.3639,0.5045,1.462,0,0,0,100,18.48,0.3742,403.8,-0.02853,0,0,0,0,0,0,0,4,4,-1,[ OK ]
1736.7,18-Jul-25 13:59:17,4169,21.7,0.1433,120.6,0.3641,0.5046,1.461,0,0,0,100,18.48,0.3731,404.1,-0.02498,0,0,0,0,0,0,0,4,4,-1,[ OK ]
1737.2,18-Jul-25 13:59:17,4170,21.7,0.1434,120.2,0.364,0.5047,1.46,0,0,0,100,18.48,0.3763,404,-0.03401,0,0,0,0,0,0,0,4,4,-1,[ OK ]
1737.6,18-Jul-25 13:59:18,4170,21.7,0.1431,121,0.3609,0.5033,1.469,0,0,0,100,18.48,0.3754,404.3,-0.04036,0,0,0,0,0,0,0,4,4,-1,[ OK ]
1737.9,18-Jul-25 13:59:18,4171,21.7,0.1434,120,0.3653,0.5042,1.463,0,0,0,100,18.48,0.3762,404.2,-0.02975,0,0,0,0,0,0,0,4,4,-1,[ OK ]
1738.5,18-Jul-25 13:59:18,4171,21.7,0.1436,119.4,0.3601,0.5042,1.463,0,0,0,100,18.48,0.3756,403.9,-0.04299,0,0,0,0,0,0,0,4,4,-1,[ OK ]
1738.9,18-Jul-25 13:59:19,4172,21.7,0.1434,119.9,0.3624,0.505,1.459,0,0,0,100,18.48,0.3765,404.2,-0.03898,0,0,0,0,0,0,0,4,4,-1,[ OK ]
1739.3,18-Jul-25 13:59:19,4172,21.7,0.1433,120.2,0.3605,0.5048,1.46,0,0,0,100,18.48,0.3771,403.8,-0.04598,0,0,0,0,0,0,0,4,4,-1,[ OK ]
1739.8,18-Jul-25 13:59:20,4173,21.7,0.1434,119.9,0.3599,0.505,1.458,0,0,0,100,18.48,0.3758,404.1,-0.04413,0,0,0,0,0,0,0,4,4,-1,[ OK ]
1740.5,18-Jul-25 13:59:20,4173,21.7,0.1433,120.1,0.3621,0.5035,1.467,0,0,0,100,18.48,0.3753,404.1,-0.0365,0,0,0,0,0,0,0,4,4,-1,[ OK ]
1741.0,18-Jul-25 13:59:21,4174,21.7,0.1429,121.3,0.3629,0.5049,1.459,0,0,0,100,18.48,0.3742,403.9,-0.03112,0,0,0,0,0,0,0,4,4,-1,[ OK ]
1741.7,18-Jul-25 13:59:22,4174,21.7,0.1433,120.1,0.3617,0.505,1.458,0,0,0,100,18.48,0.3756,404.2,-0.03853,0,0,0,0,0,0,0,4,4,-1,[ OK ]
1742.2,18-Jul-25 13:59:22,4175,21.7,0.1437,118.8,0.3609,0.5033,1.468,0,0,0,100,18.48,0.3745,403.9,-0.03768,0,0,0,0,0,0,0,4,4,-1,[ OK ]
1742.9,18-Jul-25 13:59:23,4176,21.7,0.1433,120,0.3596,0.5052,1.457,0,0,0,100,18.48,0.3734,404.1,-0.03849,0,0,0,0,0,0,0,4,4,-1,[ OK ]
1743.5,18-Jul-25 13:59:23,4176,21.7,0.1432,120.3,0.3632,0.5043,1.462,0,0,0,100,18.48,0.3718,404.1,-0.02384,0,0,0,0,0,0,0,4,4,-1,[ OK ]
1744.0,18-Jul-25 13:59:24,4177,21.7,0.1433,120,0.3601,0.5046,1.461,0,0,0,100,18.48,0.3719,404.1,-0.0327,0,0,0,0,0,0,0,4,4,-1,[ OK ]
1744.6,18-Jul-25 13:59:25,4177,21.7,0.1434,120.2,0.3636,0.5044,1.461,0,0,0,100,18.48,0.3737,404,-0.02782,0,0,0,0,0,0,0,4,4,-1,[ OK ]
1745.2,18-Jul-25 13:59:25,4178,21.7,0.1433,120.4,0.3599,0.5039,1.465,0,0,0,100,18.48,0.3718,404,-0.03316,0,0,0,0,0,0,0,4,4,-1,[ OK ]
1745.9,18-Jul-25 13:59:26,4179,21.7,0.1434,120,0.3628,0.5043,1.462,0,0,0,100,18.48,0.3714,403.8,-0.02374,0,0,0,0,0,0,0,4,4,-1,[ OK ]
1746.4,18-Jul-25 13:59:26,4179,21.7,0.1432,120.5,0.3585,0.5044,1.461,0,0,0,100,18.48,0.3722,404.1,-0.03828,0,0,0,0,0,0,0,4,4,-1,[ OK ]
1747.0,18-Jul-25 13:59:27,4180,21.7,0.1433,120.2,0.3612,0.5037,1.465,0,0,0,100,18.48,0.3722,404.2,-0.03058,0,0,0,0,0,0,0,4,4,-1,[ OK ]
1747.6,18-Jul-25 13:59:28,4180,21.7,0.1433,120.3,0.3536,0.5043,1.462,0,0,0,100,18.48,0.3722,404.2,-0.05255,0,0,0,0,0,0,0,4,4,-1,[ OK ]
1748.2,18-Jul-25 13:59:28,4181,21.7,0.1433,120.2,0.3607,0.5059,1.453,0,0,0,100,18.48,0.3738,403.8,-0.03647,0,0,0,0,0,0,0,4,4,-1,[ OK ]
1748.8,18-Jul-25 13:59:29,4182,21.7,0.1434,119.9,0.3554,0.5054,1.455,0,0,0,100,18.48,0.3712,404.1,-0.04443,0,0,0,0,0,0,0,4,4,-1,[ OK ]
1749.4,18-Jul-25 13:59:29,4182,21.7,0.1433,120.1,0.3588,0.5038,1.465,0,0,0,100,18.48,0.3689,403.8,-0.0281,0,0,0,0,0,0,0,4,4,-1,[ OK ]
1750.0,18-Jul-25 13:59:30,4183,21.7,0.1434,119.5,0.3588,0.5058,1.453,0,0,0,100,18.48,0.3656,404.1,-0.0189,0,0,0,0,0,0,0,4,4,-1,[ OK ]
1750.5,18-Jul-25 13:59:30,4183,21.7,0.1432,120.2,0.3598,0.5036,1.465,0,0,0,100,18.48,0.3716,404.1,-0.03288,0,0,0,0,0,0,0,4,4,-1,[ OK ]
1751.0,18-Jul-25 13:59:31,4184,21.7,0.143,120.5,0.3584,0.5051,1.457,0,0,0,100,18.48,0.3704,404.2,-0.03362,0,0,0,0,0,0,0,4,4,-1,[ OK ]
1751.6,18-Jul-25 13:59:31,4184,21.7,0.1431,120.2,0.3601,0.5045,1.461,0,0,0,100,18.48,0.3704,404.1,-0.02867,0,0,0,0,0,0,0,4,4,-1,[ OK ]
1752.1,18-Jul-25 13:59:32,4185,21.7,0.143,120.5,0.36,0.5059,1.452,0,0,0,100,18.48,0.3692,404.1,-0.02549,0,0,0,0,0,0,0,4,4,-1,[ OK ]
1752.7,18-Jul-25 13:59:33,4186,21.7,0.1431,120.2,0.3592,0.5053,1.455,0,0,0,100,18.48,0.3702,403.7,-0.03078,0,0,0,0,0,0,0,4,4,-1,[ OK ]
1753.3,18-Jul-25 13:59:33,4186,21.7,0.1433,119.7,0.3585,0.5048,1.458,0,0,0,100,18.48,0.3695,404.2,-0.03075,0,0,0,0,0,0,0,4,4,-1,[ OK ]
1753.9,18-Jul-25 13:59:34,4187,21.7,0.1433,119.9,0.3561,0.5052,1.455,0,0,0,100,18.48,0.3677,403.9,-0.03256,0,0,0,0,0,0,0,4,4,-1,[ OK ]
1754.4,18-Jul-25 13:59:34,4187,21.7,0.1433,119.9,0.3594,0.505,1.456,0,0,0,100,18.48,0.3693,403.8,-0.02752,0,0,0,0,0,0,0,4,4,-1,[ OK ]
1754.9,18-Jul-25 13:59:35,4188,21.7,0.1432,119.9,0.36,0.5043,1.46,0,0,0,100,18.48,0.3692,403.8,-0.02571,0,0,0,0,0,0,0,4,4,-1,[ OK ]
1755.3,18-Jul-25 13:59:35,4188,21.7,0.1432,120.2,0.3591,0.5034,1.466,0,0,0,100,18.48,0.371,404.1,-0.03308,0,0,0,0,0,0,0,4,4,-1,[ OK ]
1755.7,18-Jul-25 13:59:36,4189,21.7,0.1433,119.9,0.3596,0.5059,1.451,0,0,0,100,18.48,0.371,403.9,-0.03166,0,0,0,0,0,0,0,4,4,-1,[ OK ]
1756.3,18-Jul-25 13:59:36,4189,21.7,0.1432,120.1,0.363,0.5034,1.466,0,0,0,100,18.48,0.369,403.8,-0.01663,0,0,0,0,0,0,0,4,4,-1,[ OK ]
1756.8,18-Jul-25 13:59:37,4190,21.7,0.1432,120.3,0.3629,0.5053,1.454,0,0,0,100,18.48,0.367,403.8,-0.01136,0,0,0,0,0,0,0,4,4,-1,[ OK ]
1757.4,18-Jul-25 13:59:37,4190,21.72,0.1436,119.1,0.3614,0.5051,1.455,0,0,0,100,18.48,0.3689,403.9,-0.02077,0,0,0,0,0,0,0,4,4,-1,[ OK ]
1757.9,18-Jul-25 13:59:38,4191,21.72,0.1431,120.7,0.3599,0.5045,1.458,0,0,0,100,18.48,0.3671,403.9,-0.01995,0,0,0,0,0,0,0,4,4,-1,[ OK ]
1758.3,18-Jul-25 13:59:38,4191,21.72,0.1434,119.5,0.36,0.5032,1.467,0,0,0,100,18.48,0.3662,403.9,-0.01721,0,0,0,0,0,0,0,4,4,-1,[ OK ]
1758.8,18-Jul-25 13:59:39,4192,21.72,0.1432,120.1,0.3569,0.5035,1.465,0,0,0,100,18.48,0.3654,404.2,-0.02371,0,0,0,0,0,0,0,4,4,-1,[ OK ]
1759.4,18-Jul-25 13:59:39,4192,21.72,0.1432,120,0.3598,0.5038,1.464,0,0,0,100,18.48,0.3654,404,-0.01564,0,0,0,0,0,0,0,4,4,-1,[ OK ]
1759.9,18-Jul-25 13:59:40,4193,21.72,0.1432,120,0.3637,0.5041,1.462,0,0,0,100,18.48,0.3658,404.3,-0.005832,0,0,0,0,0,0,0,4,4,-1,[ OK ]
1760.5,18-Jul-25 13:59:40,4193,21.72,0.1432,120,0.3616,0.5033,1.466,0,0,0,100,18.48,0.3673,404,-0.01597,0,0,0,0,0,0,0,4,4,-1,[ OK ]
1761.0,18-Jul-25 13:59:41,4194,21.72,0.1431,120.3,0.3592,0.5049,1.457,0,0,0,100,18.48,0.3671,404,-0.02192,0,0,0,0,0,0,0,4,4,-1,[ OK ]
1761.4,18-Jul-25 13:59:41,4194,21.72,0.1434,119.4,0.3593,0.505,1.457,0,0,0,100,18.48,0.3692,404.1,-0.02747,0,0,0,0,0,0,0,4,4,-1,[ OK ]
1761.8,18-Jul-25 13:59:42,4195,21.72,0.1432,120.1,0.3617,0.505,1.456,0,0,0,100,18.48,0.3698,404.2,-0.02249,0,0,0,0,0,0,0,4,4,-1,[ OK ]
1762.2,18-Jul-25 13:59:42,4195,21.72,0.1434,119.4,0.3632,0.5041,1.461,0,0,0,100,18.48,0.3678,404,-0.01286,0,0,0,0,0,0,0,4,4,-1,[ OK ]
1762.6,18-Jul-25 13:59:43,4195,21.72,0.1433,119.6,0.3594,0.5035,1.465,0,0,0,100,18.48,0.3685,403.9,-0.02539,0,0,0,0,0,0,0,4,4,-1,[ OK ]
1763.1,18-Jul-25 13:59:43,4196,21.72,0.1431,120.3,0.3582,0.5034,1.465,0,0,0,100,18.48,0.3678,403.8,-0.02689,0,0,0,0,0,0,0,4,4,-1,[ OK ]
1763.5,18-Jul-25 13:59:43,4196,21.72,0.143,120.5,0.3631,0.5049,1.457,0,0,0,100,18.48,0.3678,404.1,-0.01292,0,0,0,0,0,0,0,4,4,-1,[ OK ]
1763.9,18-Jul-25 13:59:44,4197,21.72,0.1431,120.2,0.3587,0.5039,1.463,0,0,0,100,18.48,0.367,404.1,-0.02322,0,0,0,0,0,0,0,4,4,-1,[ OK ]
1764.4,18-Jul-25 13:59:44,4197,21.72,0.143,120.4,0.3611,0.5051,1.457,0,0,0,100,18.48,0.369,403.9,-0.02183,0,0,0,0,0,0,0,4,4,-1,[ OK ]
1765.0,18-Jul-25 13:59:45,4198,21.72,0.1431,120,0.3603,0.5045,1.46,0,0,0,100,18.48,0.3678,404.2,-0.02095,0,0,0,0,0,0,0,4,4,-1,[ OK ]
1765.4,18-Jul-25 13:59:45,4198,21.72,0.1429,120.6,0.3585,0.5064,1.448,0,0,0,100,18.48,0.3673,403.8,-0.02457,0,0,0,0,0,0,0,4,4,-1,[ OK ]
1765.8,18-Jul-25 13:59:46,4199,21.72,0.143,120.5,0.3616,0.5037,1.464,0,0,0,100,18.48,0.3711,404.1,-0.02644,0,0,0,0,0,0,0,4,4,-1,[ OK ]
1766.2,18-Jul-25 13:59:46,4199,21.72,0.1434,119.5,0.3618,0.5043,1.46,0,0,0,100,18.48,0.3666,404.2,-0.0133,0,0,0,0,0,0,0,4,4,-1,[ OK ]
1766.6,18-Jul-25 13:59:47,4199,21.72,0.1432,120.2,0.3584,0.5056,1.452,0,0,0,100,18.48,0.3663,403.8,-0.02205,0,0,0,0,0,0,0,4,4,-1,[ OK ]
1767.1,18-Jul-25 13:59:47,4200,21.72,0.1431,120.4,0.3607,0.5039,1.462,0,0,0,100,18.48,0.3661,403.8,-0.01514,0,0,0,0,0,0,0,4,4,-1,[ OK ]
1767.6,18-Jul-25 13:59:48,4200,21.72,0.143,120.6,0.3576,0.5036,1.464,0,0,0,100,18.48,0.368,404.3,-0.02905,0,0,0,0,0,0,0,4,4,-1,[ OK ]
1768.0,18-Jul-25 13:59:48,4201,21.72,0.1432,119.9,0.3648,0.5053,1.454,0,0,0,100,18.48,0.367,404.2,-0.005862,0,0,0,0,0,0,0,4,4,-1,[ OK ]
1768.5,18-Jul-25 13:59:48,4201,21.72,0.1434,119.7,0.3596,0.5033,1.466,0,0,0,100,18.48,0.3667,404.1,-0.01967,0,0,0,0,0,0,0,4,4,-1,[ OK ]
1768.9,18-Jul-25 13:59:49,4202,21.72,0.1433,119.9,0.3605,0.5054,1.454,0,0,0,100,18.48,0.3685,403.8,-0.02218,0,0,0,0,0,0,0,4,4,-1,[ OK ]
1769.3,18-Jul-25 13:59:49,4202,21.72,0.1432,120.2,0.3604,0.5049,1.457,0,0,0,100,18.48,0.3661,404.1,-0.01575,0,0,0,0,0,0,0,4,4,-1,[ OK ]
1769.7,18-Jul-25 13:59:50,4202,21.72,0.1432,120.2,0.3618,0.505,1.457,0,0,0,100,18.48,0.3663,403.9,-0.01263,0,0,0,0,0,0,0,4,4,-1,[ OK ]
1770.1,18-Jul-25 13:59:50,4203,21.72,0.1431,120.6,0.3632,0.5053,1.454,0,0,0,100,18.48,0.3651,404,-0.005431,0,0,0,0,0,0,0,4,4,-1,[ OK ]
1770.6,18-Jul-25 13:59:50,4203,21.72,0.1432,120.1,0.3643,0.5031,1.467,0,0,0,100,18.48,0.3645,403.9,-0.000649,0,0,0,0,0,0,0,4,4,-1,[ OK ]
1771.0,18-Jul-25 13:59:51,4204,21.72,0.1431,120.5,0.3627,0.5044,1.46,0,0,0,100,18.48,0.3664,404.2,-0.01025,0,0,0,0,0,0,0,4,4,-1,[ OK ]
1771.4,18-Jul-25 13:59:51,4204,21.72,0.1433,119.9,0.3613,0.5034,1.466,0,0,0,100,18.48,0.3666,403.9,-0.01469,0,0,0,0,0,0,0,4,4,-1,[ OK ]
1771.8,18-Jul-25 13:59:52,4205,21.72,0.1432,120.3,0.361,0.5042,1.461,0,0,0,100,18.48,0.3646,404.1,-0.01017,0,0,0,0,0,0,0,4,4,-1,[ OK ]
1772.2,18-Jul-25 13:59:52,4205,21.72,0.1433,120,0.3592,0.5031,1.467,0,0,0,100,18.48,0.3652,403.8,-0.01665,0,0,0,0,0,0,0,4,4,-1,[ OK ]
1772.6,18-Jul-25 13:59:53,4205,21.72,0.1434,119.6,0.3657,0.5059,1.451,0,0,0,100,18.48,0.3651,404,0.00188,0,0,0,0,0,0,0,4,4,-1,[ OK ]
1773.1,18-Jul-25 13:59:53,4206,21.72,0.1432,120.1,0.3618,0.503,1.467,0,0,0,100,18.48,0.3666,403.9,-0.01341,0,0,0,0,0,0,0,4,4,-1,[ OK ]
1773.5,18-Jul-25 13:59:53,4206,21.72,0.1434,119.7,0.3608,0.5044,1.459,0,0,0,100,18.48,0.3674,403.9,-0.01843,0,0,0,0,0,0,0,4,4,-1,[ OK ]
1774.0,18-Jul-25 13:59:54,4207,21.72,0.1433,119.9,0.361,0.5047,1.458,0,0,0,100,18.48,0.3677,403.9,-0.01865,0,0,0,0,0,0,0,4,4,-1,[ OK ]
1774.4,18-Jul-25 13:59:54,4207,21.72,0.1435,119.2,0.3614,0.5056,1.452,0,0,0,100,18.48,0.3651,404.2,-0.0104,0,0,0,0,0,0,0,4,4,-1,[ OK ]
1774.9,18-Jul-25 13:59:55,4208,21.72,0.143,120.6,0.363,0.5046,1.457,0,0,0,100,18.48,0.368,403.9,-0.01397,0,0,0,0,0,0,0,4,4,-1,[ OK ]
1775.3,18-Jul-25 13:59:55,4208,21.72,0.1431,120.3,0.3609,0.5039,1.462,0,0,0,100,18.48,0.3613,403.7,-0.001294,0,0,0,0,0,0,0,4,4,-1,[ OK ]
1775.7,18-Jul-25 13:59:56,4208,21.72,0.1432,119.9,0.3636,0.5053,1.454,0,0,0,100,18.48,0.3632,404.1,0.0009855,0,0,0,0,0,0,0,4,4,-1,[ OK ]
1776.1,18-Jul-25 13:59:56,4209,21.72,0.1434,119.3,0.3609,0.5035,1.464,0,0,0,100,18.48,0.3656,403.9,-0.01302,0,0,0,0,0,0,0,4,4,-1,[ OK ]
1776.6,18-Jul-25 13:59:56,4209,21.72,0.1431,120.5,0.3632,0.5037,1.463,0,0,0,100,18.48,0.3638,404,-0.00177,0,0,0,0,0,0,0,4,4,-1,[ OK ]
1777.1,18-Jul-25 13:59:57,4210,21.72,0.1431,120.5,0.3614,0.5044,1.459,0,0,0,100,18.48,0.3625,403.8,-0.003153,0,0,0,0,0,0,0,4,4,-1,[ OK ]
1777.6,18-Jul-25 13:59:58,4210,21.72,0.1433,119.8,0.3634,0.5047,1.457,0,0,0,100,18.48,0.3622,404.1,0.003322,0,0,0,0,0,0,0,4,4,-1,[ OK ]
1778.3,18-Jul-25 13:59:58,4211,21.72,0.1431,120.3,0.3638,0.5038,1.463,0,0,0,100,18.48,0.3626,404.2,0.003302,0,0,0,0,0,0,0,4,4,-1,[ OK ]
1778.8,18-Jul-25 13:59:59,4212,21.72,0.143,120.6,0.3603,0.505,1.455,0,0,0,100,18.48,0.3632,404.1,-0.008092,0,0,0,0,0,0,0,4,4,-1,[ OK ]
1779.4,18-Jul-25 13:59:59,4212,21.72,0.1431,120.2,0.3576,0.505,1.456,0,0,0,100,18.48,0.3629,403.8,-0.01474,0,0,0,0,0,0,0,4,4,-1,[ OK ]
1780.0,18-Jul-25 14:00:00,4213,21.72,0.1434,119.4,0.3629,0.5039,1.461,0,0,0,100,18.48,0.3628,404.1,0.0001839,0,0,0,0,0,0,0,4,4,-1,[ OK ]
1780.6,18-Jul-25 14:00:01,4213,21.72,0.1434,119.4,0.3609,0.5044,1.459,0,0,0,100,18.48,0.3631,404.1,-0.006094,0,0,0,0,0,0,0,4,4,-1,[ OK ]
1781.2,18-Jul-25 14:00:01,4214,21.72,0.1434,119.4,0.36,0.5039,1.462,0,0,0,100,18.48,0.3615,404.1,-0.004113,0,0,0,0,0,0,0,4,4,-1,[ OK ]
1781.7,18-Jul-25 14:00:02,4215,21.72,0.1432,120,0.362,0.5042,1.461,0,0,0,100,18.48,0.3614,403.9,0.001613,0,0,0,0,0,0,0,4,4,-1,[ OK ]
1782.4,18-Jul-25 14:00:02,4215,21.72,0.143,120.8,0.3625,0.5042,1.461,0,0,0,100,18.48,0.3627,403.8,-0.0006884,0,0,0,0,0,0,0,4,4,-1,[ OK ]
1782.9,18-Jul-25 14:00:03,4216,21.72,0.1434,119.4,0.3648,0.5054,1.454,0,0,0,100,18.48,0.3601,403.8,0.01302,0,0,0,0,0,0,0,4,4,-1,[ OK ]
1783.5,18-Jul-25 14:00:03,4216,21.72,0.1434,119.4,0.3608,0.505,1.456,0,0,0,100,18.48,0.3566,404.1,0.01161,0,0,0,0,0,0,0,4,4,-1,[ OK ]
1784.2,18-Jul-25 14:00:04,4217,21.72,0.1433,119.7,0.3643,0.5052,1.454,0,0,0,100,18.48,0.3576,404,0.01815,0,0,0,0,0,0,0,4,4,-1,[ OK ]
1784.8,18-Jul-25 14:00:05,4218,21.72,0.1431,120.6,0.3637,0.5036,1.464,0,0,0,100,18.48,0.3571,403.8,0.0181,0,0,0,0,0,0,0,4,4,-1,[ OK ]
1785.5,18-Jul-25 14:00:05,4218,21.72,0.1433,120,0.363,0.5035,1.465,0,0,0,100,18.48,0.3593,404.1,0.01,0,0,0,0,0,0,0,4,4,-1,[ OK ]
1786.1,18-Jul-25 14:00:06,4219,21.72,0.1432,120.3,0.3656,0.5037,1.464,0,0,0,100,18.48,0.3583,404.1,0.02001,0,0,0,0,0,0,0,4,4,-1,[ OK ]
1786.7,18-Jul-25 14:00:07,4219,21.72,0.1433,119.9,0.3625,0.5051,1.455,0,0,0,100,18.48,0.3576,403.8,0.01354,0,0,0,0,0,0,0,4,4,-1,[ OK ]
1787.2,18-Jul-25 14:00:07,4220,21.72,0.1431,120.6,0.3636,0.5033,1.466,0,0,0,100,18.48,0.3606,404.1,0.008188,0,0,0,0,0,0,0,4,4,-1,[ OK ]
1787.7,18-Jul-25 14:00:08,4221,21.72,0.1434,119.7,0.3632,0.5045,1.459,0,0,0,100,18.48,0.3583,404.2,0.01332,0,0,0,0,0,0,0,4,4,-1,[ OK ]
1788.3,18-Jul-25 14:00:08,4221,21.72,0.1434,119.8,0.3635,0.5037,1.464,0,0,0,100,18.48,0.3559,403.9,0.02077,0,0,0,0,0,0,0,4,4,-1,[ OK ]
1788.8,18-Jul-25 14:00:09,4222,21.72,0.1432,120.4,0.3601,0.5039,1.464,0,0,0,100,18.48,0.3556,404,0.0125,0,0,0,0,0,0,0,4,4,-1,[ OK ]
1789.2,18-Jul-25 14:00:09,4222,21.72,0.1433,120.1,0.3584,0.5056,1.453,0,0,0,100,18.48,0.3562,404.2,0.006164,0,0,0,0,0,0,0,4,4,-1,[ OK ]
1789.8,18-Jul-25 14:00:10,4223,21.72,0.1431,120.6,0.3636,0.5051,1.456,0,0,0,100,18.48,0.3565,404.1,0.01949,0,0,0,0,0,0,0,4,4,-1,[ OK ]
1790.3,18-Jul-25 14:00:10,4223,21.72,0.1433,119.9,0.3635,0.5042,1.461,0,0,0,100,18.48,0.3581,404.1,0.01479,0,0,0,0,0,0,0,4,4,-1,[ OK ]
1790.8,18-Jul-25 14:00:11,4224,21.72,0.1433,120.1,0.3655,0.5056,1.453,0,0,0,100,18.48,0.3591,404.1,0.01754,0,0,0,0,0,0,0,4,4,-1,[ OK ]
1791.1,18-Jul-25 14:00:11,4224,21.72,0.1434,119.6,0.3688,0.5045,1.458,0,0,0,100,18.48,0.3605,404.1,0.02244,0,0,0,0,0,0,0,4,4,-1,[ OK ]
1791.7,18-Jul-25 14:00:12,4224,21.72,0.1431,120.5,0.3651,0.5055,1.452,0,0,0,100,18.48,0.3604,404.2,0.01294,0,0,0,0,0,0,0,4,4,-1,[ OK ]
1792.2,18-Jul-25 14:00:12,4225,21.72,0.1434,119.6,0.3612,0.5046,1.458,0,0,0,100,18.48,0.3584,403.8,0.007561,0,0,0,0,0,0,0,4,4,-1,[ OK ]
1792.6,18-Jul-25 14:00:13,4225,21.72,0.1434,119.5,0.3681,0.5052,1.455,0,0,0,100,18.48,0.359,403.8,0.02464,0,0,0,0,0,0,0,4,4,-1,[ OK ]
1793.2,18-Jul-25 14:00:13,4226,21.72,0.1433,119.8,0.3632,0.504,1.462,0,0,0,100,18.48,0.3615,403.8,0.004442,0,0,0,0,0,0,0,4,4,-1,[ OK ]
1793.7,18-Jul-25 14:00:14,4226,21.72,0.1432,120.3,0.3592,0.5034,1.465,0,0,0,100,18.48,0.3601,404.2,-0.002406,0,0,0,0,0,0,0,4,4,-1,[ OK ]
1794.2,18-Jul-25 14:00:14,4227,21.72,0.1433,119.9,0.367,0.5038,1.463,0,0,0,100,18.48,0.3553,404.1,0.03195,0,0,0,0,0,0,0,4,4,-1,[ OK ]
1794.8,18-Jul-25 14:00:15,4228,21.72,0.1434,119.7,0.3615,0.5057,1.452,0,0,0,100,18.48,0.3534,403.9,0.02231,0,0,0,0,0,0,0,4,4,-1,[ OK ]
1795.3,18-Jul-25 14:00:15,4228,21.72,0.1432,120.2,0.3621,0.5041,1.462,0,0,0,100,18.48,0.3578,403.9,0.01168,0,0,0,0,0,0,0,4,4,-1,[ OK ]
1795.9,18-Jul-25 14:00:16,4229,21.72,0.1433,119.9,0.3636,0.5049,1.457,0,0,0,100,18.48,0.3577,404.2,0.01605,0,0,0,0,0,0,0,4,4,-1,[ OK ]
1796.4,18-Jul-25 14:00:16,4229,21.72,0.1432,120.2,0.3632,0.5057,1.452,0,0,0,100,18.48,0.3577,403.8,0.01498,0,0,0,0,0,0,0,4,4,-1,[ OK ]
1796.9,18-Jul-25 14:00:17,4230,21.72,0.1435,119.3,0.3624,0.5053,1.454,0,0,0,100,18.48,0.3564,403.8,0.0166,0,0,0,0,0,0,0,4,4,-1,[ OK ]
1797.4,18-Jul-25 14:00:17,4230,21.72,0.1437,118.9,0.3631,0.5043,1.46,0,0,0,100,18.48,0.3575,404.1,0.01527,0,0,0,0,0,0,0,4,4,-1,[ OK ]
1798.0,18-Jul-25 14:00:18,4231,21.72,0.1432,120.2,0.3632,0.5051,1.455,0,0,0,100,18.48,0.3567,404.1,0.01786,0,0,0,0,0,0,0,4,4,-1,[ OK ]
1798.6,18-Jul-25 14:00:19,4231,21.72,0.1433,120.2,0.3599,0.5045,1.459,0,0,0,100,18.48,0.3555,404.1,0.01229,0,0,0,0,0,0,0,4,4,-1,[ OK ]
1799.2,18-Jul-25 14:00:19,4232,21.72,0.1434,119.9,0.3589,0.5054,1.454,0,0,0,100,18.48,0.3557,404.2,0.008773,0,0,0,0,0,0,0,4,4,-1,[ OK ]
1799.7,18-Jul-25 14:00:20,4232,21.72,0.1434,119.9,0.3611,0.5041,1.461,0,0,0,100,18.48,0.3533,403.8,0.02146,0,0,0,0,0,0,0,4,4,-1,[ OK ]
1800.2,18-Jul-25 14:00:20,4233,21.72,0.1431,120.6,0.362,0.5045,1.459,0,0,0,100,18.48,0.3543,404.1,0.0212,0,0,0,0,0,0,0,4,4,-1,[ OK ]
1800.6,18-Jul-25 14:00:21,4233,21.72,0.1434,119.8,0.3593,0.5054,1.454,0,0,0,100,18.48,0.3538,403.8,0.01536,0,0,0,0,0,0,0,4,4,-1,[ OK ]
1801.1,18-Jul-25 14:00:21,4234,21.72,0.1432,120.3,0.3615,0.5043,1.46,0,0,0,100,18.48,0.3574,404.2,0.01116,0,0,0,0,0,0,0,4,4,-1,[ OK ]
1801.5,18-Jul-25 14:00:21,4234,21.72,0.1433,120.1,0.3626,0.5056,1.452,0,0,0,100,18.48,0.3569,404.1,0.01558,0,0,0,0,0,0,0,4,4,-1,[ OK ]
1801.9,18-Jul-25 14:00:22,4235,21.72,0.1433,120.1,0.3648,0.5055,1.452,0,0,0,100,18.48,0.3582,404,0.0181,0,0,0,0,0,0,0,4,4,-1,[ OK ]
1802.4,18-Jul-25 14:00:22,4235,21.72,0.1433,119.9,0.3644,0.5042,1.46,0,0,0,100,18.48,0.3584,404.1,0.01643,0,0,0,0,0,0,0,4,4,-1,[ OK ]
1803.0,18-Jul-25 14:00:23,4236,21.72,0.1432,120.4,0.3649,0.5032,1.466,0,0,0,100,18.48,0.363,403.9,0.005339,0,0,0,0,0,0,0,4,4,-1,[ OK ]
1803.5,18-Jul-25 14:00:23,4236,21.72,0.1432,120.4,0.3653,0.5058,1.451,0,0,0,100,18.48,0.3563,404.1,0.02472,0,0,0,0,0,0,0,4,4,-1,[ OK ]
1803.9,18-Jul-25 14:00:24,4237,21.72,0.1435,119.4,0.3693,0.5046,1.458,0,0,0,100,18.48,0.3559,403.8,0.03629,0,0,0,0,0,0,0,4,4,-1,[ OK ]
1804.3,18-Jul-25 14:00:24,4237,21.72,0.1433,120.1,0.3646,0.5049,1.456,0,0,0,100,18.48,0.359,403.8,0.01557,0,0,0,0,0,0,0,4,4,-1,[ OK ]
1804.9,18-Jul-25 14:00:25,4238,21.72,0.1433,120,0.3618,0.5039,1.461,0,0,0,100,18.48,0.3626,404,-0.002164,0,0,0,0,0,0,0,4,4,-1,[ OK ]
1805.3,18-Jul-25 14:00:25,4238,21.72,0.1433,120.1,0.3643,0.5035,1.464,0,0,0,100,18.48,0.3586,404.1,0.01539,0,0,0,0,0,0,0,4,4,-1,[ OK ]
1805.7,18-Jul-25 14:00:26,4239,21.72,0.1432,120.3,0.3616,0.5041,1.461,0,0,0,100,18.48,0.3605,404,0.002857,0,0,0,0,0,0,0,4,4,-1,[ OK ]
1806.1,18-Jul-25 14:00:26,4239,21.72,0.1432,120.3,0.365,0.5039,1.463,0,0,0,100,18.48,0.3603,404,0.01311,0,0,0,0,0,0,0,4,4,-1,[ OK ]
1806.6,18-Jul-25 14:00:26,4239,21.72,0.1434,119.7,0.3661,0.5043,1.46,0,0,0,100,18.48,0.3588,404,0.02013,0,0,0,0,0,0,0,4,4,-1,[ OK ]
1807.0,18-Jul-25 14:00:27,4240,21.72,0.1434,119.8,0.3682,0.5054,1.454,0,0,0,100,18.48,0.3587,404.1,0.02589,0,0,0,0,0,0,0,4,4,-1,[ OK ]
1807.3,18-Jul-25 14:00:27,4240,21.72,0.1434,119.8,0.3645,0.5041,1.462,0,0,0,100,18.48,0.3585,404,0.01652,0,0,0,0,0,0,0,4,4,-1,[ OK ]
1807.7,18-Jul-25 14:00:28,4240,21.72,0.1433,120.4,0.3621,0.5035,1.466,0,0,0,100,18.48,0.358,404.2,0.01134,0,0,0,0,0,0,0,4,4,-1,[ OK ]
1808.2,18-Jul-25 14:00:28,4241,21.72,0.1433,120.2,0.3618,0.5038,1.464,0,0,0,100,18.48,0.3597,403.8,0.005854,0,0,0,0,0,0,0,4,4,-1,[ OK ]
1808.7,18-Jul-25 14:00:29,4241,21.72,0.1433,120.1,0.3632,0.504,1.463,0,0,0,100,18.48,0.3588,403.8,0.01187,0,0,0,0,0,0,0,4,4,-1,[ OK ]
1809.1,18-Jul-25 14:00:29,4242,21.72,0.1433,120.2,0.3651,0.505,1.457,0,0,0,100,18.48,0.3587,404,0.01768,0,0,0,0,0,0,0,4,4,-1,[ OK ]
1809.6,18-Jul-25 14:00:30,4242,21.72,0.1431,120.9,0.3621,0.5047,1.459,0,0,0,100,18.48,0.3585,404.3,0.009786,0,0,0,0,0,0,0,4,4,-1,[ OK ]
1810.2,18-Jul-25 14:00:30,4243,21.72,0.1434,119.9,0.3647,0.5036,1.465,0,0,0,100,18.48,0.3595,403.8,0.01441,0,0,0,0,0,0,0,4,4,-1,[ OK ]
1810.7,18-Jul-25 14:00:31,4243,21.72,0.1433,120.4,0.3655,0.5049,1.458,0,0,0,100,18.48,0.3581,404.1,0.0204,0,0,0,0,0,0,0,4,4,-1,[ OK ]
1811.2,18-Jul-25 14:00:31,4244,21.72,0.1435,119.7,0.3631,0.5042,1.462,0,0,0,100,18.48,0.3588,404,0.01171,0,0,0,0,0,0,0,4,4,-1,[ OK ]
1811.7,18-Jul-25 14:00:32,4245,21.72,0.1437,119.2,0.3636,0.5042,1.461,0,0,0,100,18.48,0.3596,403.8,0.01096,0,0,0,0,0,0,0,4,4,-1,[ OK ]
1812.3,18-Jul-25 14:00:32,4245,21.72,0.1434,120.1,0.3643,0.504,1.463,0,0,0,100,18.48,0.3583,404,0.01638,0,0,0,0,0,0,0,4,4,-1,[ OK ]
1812.7,18-Jul-25 14:00:33,4245,21.72,0.1435,119.8,0.3631,0.5057,1.453,0,0,0,100,18.48,0.357,403.8,0.01671,0,0,0,0,0,0,0,4,4,-1,[ OK ]
1813.0,18-Jul-25 14:00:33,4246,21.72,0.1433,120.4,0.3647,0.5035,1.465,0,0,0,100,18.48,0.359,404.1,0.01584,0,0,0,0,0,0,0,4,4,-1,[ OK ]
1813.4,18-Jul-25 14:00:33,4246,21.72,0.1435,119.9,0.3625,0.5044,1.459,0,0,0,100,18.48,0.3586,403.9,0.01065,0,0,0,0,0,0,0,4,4,-1,[ OK ]
1814.0,18-Jul-25 14:00:34,4247,21.72,0.1435,119.8,0.3648,0.5042,1.462,0,0,0,100,18.48,0.3545,403.9,0.02848,0,0,0,0,0,0,0,4,4,-1,[ OK ]
1815.1,18-Jul-25 14:00:35,4247,21.72,0,117.4,0.08729,0.5046,1.459,0,0,0,100,18.48,0.3432,404.1,0,0,-1,0,-2,0,-1,0,3.625,4,2,[ OK ]
1816.5,18-Jul-25 14:00:36,4249,21.72,0,30.46,0.04007,0.505,1.46,0,0,0,100,18.48,0.332,404.1,0,0,-1,0,-2,0,-1,0,3.625,4,2,[ OK ]
1818.3,18-Jul-25 14:00:38,4250,21.72,0,13.06,0.04374,0.504,1.464,0,0,0,100,18.48,0.03154,92.93,0,0,-1,0,-2,0,-1,0.5609,3,3,2,[ OK ]
2342.1,18-Jul-25 14:09:22,4774,21.72,0,1.004,0.04384,0,0.009567,0,0,0,100,18.48,0.002659,0,0,0,-1,0,-2,0,-1,1,2.75,2,4,[ OK ]
2343.9,18-Jul-25 14:09:24,4776,21.72,0,0.8609,0.03739,0.3202,0.6188,0,0,0,100,18.48,0.003464,0.01269,0,0,-1,0,-2,0,-1,1,3,3,4,[ OK ]
2345.7,18-Jul-25 14:09:26,4778,21.72,0,0.5101,0.0369,0.4133,1.144,0,0,0,100,18.48,0.3226,404.2,0,0,-1,0,-2,0,-1,0,3.211,3,4,[ OK ]
2347.9,18-Jul-25 14:09:28,4780,21.72,0,0.9884,0.04017,0.454,1.347,0,0,0,100,18.48,0.325,404.4,0,0,-1,0,-2,0,-1,0,3.474,3,4,[ OK ]
2349.9,18-Jul-25 14:09:30,4782,21.72,0.00707,75.87,0.04295,0.4674,1.418,0,0,0,100,18.48,0.3275,404,-1,0,-1,0,-2,0,0,0,3.684,3,4,[ OK ]
2351.8,18-Jul-25 14:09:32,4784,21.72,0.0347,40.81,0.04334,0.5601,1.933,0,0,0,100,18.48,0.3291,404.3,-1,0,-1,0,-2,0,0,0,3.789,3,4,[ OK ]
2353.1,18-Jul-25 14:09:33,4786,21.72,0.05602,46.73,0.04086,0.5699,1.974,0,0,0,100,18.48,0.3288,404.3,-1,0,-1,0,-2,0,0,0,3.789,3,4,[ OK ]
2353.7,18-Jul-25 14:09:34,4787,21.72,0.06176,52.66,0.04414,0.5733,1.974,0,0,0,100,18.48,0.3255,404.3,-1,0,-1,0,-2,0,0,0,3.789,3,4,[ OK ]
2354.3,18-Jul-25 14:09:34,4787,21.72,0.06458,57.42,0.04374,0.5746,1.978,0,0,0,100,18.48,0.3242,404.2,-1,0,-1,0,-2,0,0,0,3.789,3,4,[ OK ]
2355.0,18-Jul-25 14:09:35,4788,21.72,0.06744,61.31,0.04533,0.5752,1.983,0,0,0,100,18.48,0.3233,404.1,-1,0,-1,0,-2,0,0,0,3.789,3,4,[ OK ]
2355.6,18-Jul-25 14:09:36,4788,21.72,0.07015,65.3,0.04572,0.5766,1.985,0,0,0,100,18.48,0.3248,403.9,-1,0,-1,0,-2,0,0,0,3.789,3,4,[ OK ]
2356.2,18-Jul-25 14:09:36,4789,21.72,0.07205,67.08,0.04602,0.577,1.991,0,0,0,100,18.48,0.3234,404,-1,0,-1,0,-2,0,0,0,3.789,3,4,[ OK ]
2356.8,18-Jul-25 14:09:37,4790,21.72,0.07361,69.3,0.04582,0.5778,1.995,0,0,0,100,18.48,0.3232,404.2,-1,0,-1,0,-2,0,0,0,3.789,3,4,[ OK ]
2357.3,18-Jul-25 14:09:37,4790,21.72,0.07449,70.85,0.0488,0.5805,1.984,0,0,0,100,18.48,0.3223,404.3,-1,0,-1,0,-2,0,0,0,3.789,3,4,[ OK ]
2357.8,18-Jul-25 14:09:38,4791,21.72,0.07563,72.47,0.04116,0.5816,1.984,0,0,0,100,18.48,0.3221,404.3,-1,0,-1,0,-2,0,0,0,3.789,3,4,[ OK ]
2358.3,18-Jul-25 14:09:38,4791,21.72,0.07623,73.46,0.04691,0.5803,1.996,0,0,0,100,18.48,0.3217,404.3,-1,0,-1,0,-2,0,0,0,3.789,3,4,[ OK ]
2358.7,18-Jul-25 14:09:39,4792,21.72,0.07711,73.84,0.04503,0.5821,1.991,0,0,0,100,18.48,0.3205,404.4,-1,0,-1,0,-2,0,0,0,3.789,3,4,[ OK ]
2359.2,18-Jul-25 14:09:39,4792,21.72,0.0774,75.31,0.0482,0.5816,1.998,0,0,0,100,18.48,0.3182,404.3,-1,0,-1,0,-2,0,0,0,3.789,3,4,[ OK ]
2359.8,18-Jul-25 14:09:40,4793,21.72,0.07812,75.74,0.04275,0.5847,1.986,0,0,0,100,18.48,0.3177,404.1,-1,0,-1,0,-2,0,0,0,3.789,3,4,[ OK ]
2360.3,18-Jul-25 14:09:40,4793,21.72,0.07844,76.36,0.04572,0.583,2,0,0,0,100,18.48,0.3165,404,-1,0,-1,0,-2,0,0,0,3.789,3,4,[ OK ]
2360.8,18-Jul-25 14:09:41,4794,21.72,0.07885,77.08,0.04493,0.5855,1.991,0,0,0,100,18.48,0.3168,403.9,-1,0,-1,0,-2,0,0,0,3.789,3,4,[ OK ]
2361.3,18-Jul-25 14:09:41,4794,21.72,0.07889,78.13,0.04404,0.5863,1.989,0,0,0,100,18.48,0.3181,404,-1,0,-1,0,-2,0,0,0,3.789,3,4,[ OK ]
2361.7,18-Jul-25 14:09:42,4795,21.72,0.07979,76.5,0.0487,0.5851,2.001,0,0,0,100,18.48,0.3291,404.3,-1,0,-1,0,-2,0,0,0,3.789,3,4,[ OK ]
2362.2,18-Jul-25 14:09:42,4795,21.72,0.07958,77.97,0.04543,0.5863,1.998,0,0,0,100,18.48,0.3213,404.2,-1,0,-1,0,-2,0,0,0,3.789,3,4,[ OK ]
2362.7,18-Jul-25 14:09:43,4795,21.72,0.07963,78.7,0.04662,0.5888,1.988,0,0,0,100,18.48,0.3253,404.3,-1,0,-1,0,-2,0,0,0,3.789,3,4,[ OK ]
2363.3,18-Jul-25 14:09:43,4796,21.72,0.07992,78.51,0.04414,0.5882,1.995,0,0,0,100,18.48,0.3224,404.2,-1,0,-1,0,-2,0,0,0,3.789,3,4,[ OK ]
2363.7,18-Jul-25 14:09:44,4797,21.72,0.07989,79.26,0.04781,0.5892,1.993,0,0,0,100,18.48,0.3179,404,-1,0,-1,0,-2,0,0,0,3.789,3,4,[ OK ]
2364.2,18-Jul-25 14:09:44,4797,21.72,0.08021,78.69,0.04523,0.5909,1.986,0,0,0,100,18.48,0.3206,404,-1,0,-1,0,-2,0,0,0,3.789,3,4,[ OK ]
2364.7,18-Jul-25 14:09:45,4798,21.72,0.08045,78.53,0.0481,0.5912,1.988,0,0,0,100,18.48,0.3187,404.3,-1,0,-1,0,-2,0,0,0,3.789,3,4,[ OK ]
2365.2,18-Jul-25 14:09:45,4798,21.72,0.08035,79.26,0.04582,0.5901,1.998,0,0,0,100,18.48,0.3204,404.2,-1,0,-1,0,-2,0,0,0,3.789,3,4,[ OK ]
2365.7,18-Jul-25 14:09:46,4798,21.72,0.08059,79.07,0.04334,0.5918,1.993,0,0,0,100,18.48,0.3208,404,-1,0,-1,0,-2,0,0,0,3.789,3,4,[ OK ]
2366.2,18-Jul-25 14:09:46,4799,21.72,0.08054,79.45,0.04572,0.5921,1.994,0,0,0,100,18.48,0.3228,404.2,-1,0,-1,0,-2,0,0,0,3.789,3,4,[ OK ]
2366.7,18-Jul-25 14:09:47,4800,21.72,0.08077,79.06,0.04582,0.5935,1.99,0,0,0,100,18.48,0.321,404.2,-1,0,-1,0,-2,0,0,0,3.789,3,4,[ OK ]
2367.2,18-Jul-25 14:09:47,4800,21.72,0.08064,79.69,0.04602,0.5937,1.992,0,0,0,100,18.48,0.3226,404.3,-1,0,-1,0,-2,0,0,0,3.789,3,4,[ OK ]
2367.8,18-Jul-25 14:09:48,4801,21.72,0.08058,80.06,0.04572,0.5933,1.998,0,0,0,100,18.48,0.3207,404,-1,0,-1,0,-2,0,0,0,3.789,3,4,[ OK ]
2368.4,18-Jul-25 14:09:48,4801,21.72,0.08052,80.38,0.04701,0.5957,1.988,0,0,0,100,18.48,0.3215,403.9,-1,0,-1,0,-2,0,0,0,3.789,3,4,[ OK ]
2368.8,18-Jul-25 14:09:49,4802,21.72,0.081,79.06,0.04572,0.5955,1.992,0,0,0,100,18.48,0.3221,404,-1,0,-1,0,-2,0,0,0,3.789,3,4,[ OK ]
2369.4,18-Jul-25 14:09:49,4802,21.72,0.08093,79.33,0.0486,0.5966,1.99,0,0,0,100,18.48,0.3227,404,-1,0,-1,0,-2,0,0,0,3.789,3,4,[ OK ]
2369.9,18-Jul-25 14:09:50,4803,21.72,0.08093,79.47,0.04612,0.5963,1.996,0,0,0,100,18.48,0.3222,404.3,-1,0,-1,0,-2,0,0,0,3.789,3,4,[ OK ]
2370.5,18-Jul-25 14:09:50,4803,21.72,0.08106,79.2,0.04146,0.5981,1.989,0,0,0,100,18.48,0.3227,403.9,-1,0,-1,0,-2,0,0,0,3.789,3,4,[ OK ]
2371.2,18-Jul-25 14:09:51,4804,21.72,0.08099,79.45,0.04582,0.5983,1.993,0,0,0,100,18.48,0.3229,404.2,-1,0,-1,0,-2,0,0,0,3.789,3,4,[ OK ]
2371.7,18-Jul-25 14:09:52,4805,21.72,0.08086,79.95,0.04513,0.5978,2,0,0,0,100,18.48,0.3248,404.1,-1,0,-1,0,-2,0,0,0,3.789,3,4,[ OK ]
2372.2,18-Jul-25 14:09:52,4805,21.72,0.08071,80.54,0.04652,0.5984,2,0,0,0,100,18.48,0.3245,403.9,-1,0,-1,0,-2,0,0,0,3.789,3,4,[ OK ]
2372.7,18-Jul-25 14:09:53,4806,21.72,0.08096,79.85,0.04553,0.599,2.002,0,0,0,100,18.48,0.3222,404.3,-1,0,-1,0,-2,0,0,0,3.789,3,4,[ OK ]
2373.2,18-Jul-25 14:09:53,4806,21.72,0.08084,80.09,0.04721,0.6012,1.992,0,0,0,100,18.48,0.3216,403.9,-1,0,-1,0,-2,0,0,0,3.789,3,4,[ OK ]
2373.7,18-Jul-25 14:09:54,4806,21.72,0.08093,79.87,0.04295,0.6015,1.993,0,0,0,100,18.48,0.3208,404.2,-1,0,-1,0,-2,0,0,0,3.789,3,4,[ OK ]
2374.2,18-Jul-25 14:09:54,4807,21.72,0.08098,79.68,0.04562,0.6026,1.989,0,0,0,100,18.48,0.3227,404.2,-1,0,-1,0,-2,0,0,0,3.789,3,4,[ OK ]
2374.6,18-Jul-25 14:09:55,4807,21.72,0.08038,81.62,0.04265,0.6032,1.989,0,0,0,100,18.48,0.3207,404.3,-1,0,-1,0,-2,0,0,0,3.789,3,4,[ OK ]
2375.1,18-Jul-25 14:09:55,4808,21.72,0.08103,79.69,0.04582,0.6033,1.991,0,0,0,100,18.48,0.3192,404.2,-1,0,-1,0,-2,0,0,0,3.789,3,4,[ OK ]
2375.5,18-Jul-25 14:09:55,4808,21.72,0.08119,79.29,0.04602,0.6021,2.001,0,0,0,100,18.48,0.3186,404.2,-1,0,-1,0,-2,0,0,0,3.789,3,4,[ OK ]
2376.0,18-Jul-25 14:09:56,4809,21.72,0.08111,79.61,0.04424,0.6045,1.99,0,0,0,100,18.48,0.3178,404.3,-1,0,-1,0,-2,0,0,0,3.789,3,4,[ OK ]
2376.5,18-Jul-25 14:09:56,4809,21.72,0.081,79.95,0.04582,0.6047,1.992,0,0,0,100,18.48,0.3184,404.1,-1,0,-1,0,-2,0,0,0,3.789,3,4,[ OK ]
2377.0,18-Jul-25 14:09:57,4810,21.72,0.08101,79.93,0.04592,0.605,1.993,0,0,0,100,18.48,0.3207,403.9,-1,0,-1,0,-2,0,0,0,3.789,3,4,[ OK ]
2377.5,18-Jul-25 14:09:57,4810,21.73,0.08093,80.12,0.04662,0.606,1.99,0,0,0,100,18.48,0.3244,404.2,-1,0,-1,0,-2,0,0,0,3.789,3,4,[ OK ]
2378.0,18-Jul-25 14:09:58,4811,21.73,0.08109,79.53,0.0481,0.6062,1.992,0,0,0,100,18.48,0.324,404.2,-1,0,-1,0,-2,0,0,0,3.789,3,4,[ OK ]
2378.5,18-Jul-25 14:09:58,4811,21.73,0.08099,79.84,0.049,0.6061,1.995,0,0,0,100,18.48,0.3254,404.3,-1,0,-1,0,-2,0,0,0,3.789,3,4,[ OK ]
2378.9,18-Jul-25 14:09:59,4812,21.73,0.08089,80.09,0.04265,0.6075,1.99,0,0,0,100,18.48,0.325,404.1,-1,0,-1,0,-2,0,0,0,3.789,3,4,[ OK ]
2379.4,18-Jul-25 14:09:59,4812,21.73,0.08108,79.5,0.04533,0.6068,1.996,0,0,0,100,18.48,0.3252,404,-1,0,-1,0,-2,0,0,0,3.789,3,4,[ OK ]
2379.9,18-Jul-25 14:10:00,4813,21.73,0.08113,79.39,0.04761,0.6077,1.995,0,0,0,100,18.48,0.3234,404.2,-1,0,-1,0,-2,0,0,0,3.789,3,4,[ OK ]
2380.5,18-Jul-25 14:10:00,4813,21.73,0.08096,80.01,0.04136,0.6075,2,0,0,0,100,18.48,0.3231,404.3,-1,0,-1,0,-2,0,0,0,3.789,3,4,[ OK ]
2381.0,18-Jul-25 14:10:01,4814,21.73,0.08112,79.6,0.0481,0.6095,1.993,0,0,0,100,18.48,0.3203,404,-1,0,-1,0,-2,0,0,0,3.789,3,4,[ OK ]
2381.5,18-Jul-25 14:10:01,4814,21.73,0.0809,80.35,0.04453,0.6104,1.99,0,0,0,100,18.48,0.3197,404.1,-1,0,-1,0,-2,0,0,0,3.789,3,4,[ OK ]
2382.1,18-Jul-25 14:10:02,4815,21.73,0.08049,81.62,0.04483,0.6096,1.999,0,0,0,100,18.48,0.3229,404.3,-1,0,-1,0,-2,0,0,0,3.789,3,4,[ OK ]
2382.7,18-Jul-25 14:10:03,4815,21.73,0.08082,80.54,0.04523,0.6122,1.987,0,0,0,100,18.48,0.3253,404,-1,0,-1,0,-2,0,0,0,3.789,3,4,[ OK ]
2383.3,18-Jul-25 14:10:03,4816,21.73,0.08109,79.77,0.04443,0.6105,2,0,0,0,100,18.48,0.3231,404.1,-1,0,-1,0,-2,0,0,0,3.789,3,4,[ OK ]
2383.7,18-Jul-25 14:10:04,4817,21.73,0.08101,80.01,0.04533,0.6128,1.989,0,0,0,100,18.48,0.3248,404.2,-1,0,-1,0,-2,0,0,0,3.789,3,4,[ OK ]
2384.2,18-Jul-25 14:10:04,4817,21.73,0.08101,80.04,0.04205,0.6118,1.996,0,0,0,100,18.48,0.3229,403.9,-1,0,-1,0,-2,0,0,0,3.789,3,4,[ OK ]
2384.6,18-Jul-25 14:10:05,4817,21.73,0.08086,80.55,0.04493,0.613,1.991,0,0,0,100,18.48,0.3245,403.9,-1,0,-1,0,-2,0,0,0,3.789,3,4,[ OK ]
2385.1,18-Jul-25 14:10:05,4818,21.73,0.081,80.09,0.0489,0.6123,1.997,0,0,0,100,18.48,0.3243,404.2,-1,0,-1,0,-2,0,0,0,3.789,3,4,[ OK ]
2385.7,18-Jul-25 14:10:06,4818,21.73,0.08103,80,0.0481,0.6143,1.988,0,0,0,100,18.48,0.3235,404.2,-1,0,-1,0,-2,0,0,0,3.789,3,4,[ OK ]
2386.2,18-Jul-25 14:10:06,4819,21.73,0.08097,80.31,0.04513,0.6136,1.994,0,0,0,100,18.48,0.3227,403.9,-1,0,-1,0,-2,0,0,0,3.789,3,4,[ OK ]
2386.6,18-Jul-25 14:10:07,4819,21.73,0.08106,80.03,0.04533,0.6135,1.998,0,0,0,100,18.48,0.3209,403.9,-1,0,-1,0,-2,0,0,0,3.789,3,4,[ OK ]
2387.0,18-Jul-25 14:10:07,4820,21.73,0.08106,80.01,0.04493,0.6156,1.989,0,0,0,100,18.48,0.3203,404,-1,0,-1,0,-2,0,0,0,3.789,3,4,[ OK ]
2387.5,18-Jul-25 14:10:07,4820,21.73,0.08129,79.28,0.04662,0.6137,2.001,0,0,0,100,18.48,0.3197,403.8,-1,0,-1,0,-2,0,0,0,3.789,3,4,[ OK ]
2388.1,18-Jul-25 14:10:08,4821,21.73,0.08047,81.75,0.04176,0.6164,1.989,0,0,0,100,18.48,0.3213,404.2,-1,0,-1,0,-2,0,0,0,3.789,3,4,[ OK ]
2388.6,18-Jul-25 14:10:08,4821,21.73,0.08106,80,0.04543,0.6155,1.995,0,0,0,100,18.48,0.32,403.9,-1,0,-1,0,-2,0,0,0,3.789,3,4,[ OK ]
2389.0,18-Jul-25 14:10:09,4822,21.73,0.08102,80.16,0.04523,0.6154,1.998,0,0,0,100,18.48,0.3172,404.3,-1,0,-1,0,-2,0,0,0,3.789,3,4,[ OK ]
2389.5,18-Jul-25 14:10:09,4822,21.73,0.08107,80.01,0.04612,0.6171,1.99,0,0,0,100,18.48,0.3179,404,-1,0,-1,0,-2,0,0,0,3.789,3,4,[ OK ]
2389.9,18-Jul-25 14:10:10,4823,21.73,0.08124,79.55,0.049,0.6166,1.996,0,0,0,100,18.48,0.3179,404,-1,0,-1,0,-2,0,0,0,3.789,3,4,[ OK ]
2390.4,18-Jul-25 14:10:10,4823,21.73,0.08108,80.04,0.04215,0.6179,1.99,0,0,0,100,18.48,0.3171,404,-1,0,-1,0,-2,0,0,0,3.789,3,4,[ OK ]
2390.8,18-Jul-25 14:10:11,4824,21.73,0.08113,79.87,0.0484,0.6177,1.994,0,0,0,100,18.48,0.3175,403.9,-1,0,-1,0,-2,0,0,0,3.789,3,4,[ OK ]
2391.3,18-Jul-25 14:10:11,4824,21.73,0.08119,79.76,0.04533,0.6176,1.996,0,0,0,100,18.48,0.3183,404.2,-1,0,-1,0,-2,0,0,0,3.789,3,4,[ OK ]
2391.7,18-Jul-25 14:10:12,4825,21.73,0.08099,80.39,0.04701,0.6186,1.993,0,0,0,100,18.48,0.318,404,-1,0,-1,0,-2,0,0,0,3.789,3,4,[ OK ]
2392.2,18-Jul-25 14:10:12,4825,21.73,0.08117,79.69,0.04533,0.62,1.987,0,0,0,100,18.48,0.3181,404.3,-1,0,-1,0,-2,0,0,0,3.789,3,4,[ OK ]
2392.7,18-Jul-25 14:10:13,4825,21.73,0.08121,79.58,0.04592,0.6174,2.002,0,0,0,100,18.48,0.3165,404.2,-1,0,-1,0,-2,0,0,0,3.789,3,4,[ OK ]
2393.1,18-Jul-25 14:10:13,4826,21.73,0.08297,74.75,0.4533,0.62,1.99,0,0,0,100,18.48,0.3784,403.8,0.1652,0,0,0,-2,0,0,0,3.789,3,4,[ OK ]
2394.3,18-Jul-25 14:10:14,4826,21.73,0.08617,68.85,0.4578,0.5633,1.728,0,0,0,100,18.48,0.3808,404.2,0.1683,0,0,0,0,0,0,0,4,4,-1,[ OK ]
2396.5,18-Jul-25 14:10:16,4829,21.73,0.1016,66.59,0.5442,0.5227,1.524,0,0,0,100,18.48,0.3945,403.9,0.2751,0,0,0,0,0,0,0,4,4,-1,[ OK ]
2397.4,18-Jul-25 14:10:17,4830,21.73,0.1048,68.66,0.5568,0.5183,1.498,0,0,0,100,18.48,0.398,404.2,0.2852,0,0,0,0,0,0,0,4,4,-1,[ OK ]
2397.9,18-Jul-25 14:10:18,4831,21.73,0.1058,71.04,0.5666,0.5149,1.498,0,0,0,100,18.48,0.3999,403.9,0.2943,0,0,0,0,0,0,0,4,4,-1,[ OK ]
2398.5,18-Jul-25 14:10:18,4831,21.73,0.1071,71.75,0.5648,0.5142,1.486,0,0,0,100,18.48,0.3973,403.9,0.2966,0,0,0,0,0,0,0,4,4,-1,[ OK ]
2398.9,18-Jul-25 14:10:19,4832,21.73,0.1076,73.46,0.5639,0.5128,1.483,0,0,0,100,18.48,0.3969,404.2,0.2962,0,0,0,0,0,0,0,4,4,-1,[ OK ]
2399.3,18-Jul-25 14:10:19,4832,21.73,0.1082,74.1,0.5616,0.5135,1.471,0,0,0,100,18.48,0.3943,403.9,0.2978,0,0,0,0,0,0,0,4,4,-1,[ OK ]
2399.7,18-Jul-25 14:10:20,4833,21.73,0.1089,74.34,0.5546,0.5112,1.476,0,0,0,100,18.48,0.3915,403.7,0.2941,0,0,0,0,0,0,0,4,4,-1,[ OK ]
2400.1,18-Jul-25 14:10:20,4833,21.73,0.1089,75.96,0.5564,0.5108,1.474,0,0,0,100,18.48,0.3919,404.2,0.2957,0,0,0,0,0,0,0,4,4,-1,[ OK ]
2400.7,18-Jul-25 14:10:21,4834,21.73,0.1087,78.35,0.5514,0.5099,1.472,0,0,0,100,18.48,0.3899,403.9,0.2929,0,0,0,0,0,0,0,4,4,-1,[ OK ]
2401.1,18-Jul-25 14:10:21,4834,21.73,0.1092,77.8,0.5489,0.5092,1.472,0,0,0,100,18.48,0.3899,404.2,0.2897,0,0,0,0,0,0,0,4,4,-1,[ OK ]
2401.5,18-Jul-25 14:10:21,4834,21.73,0.1091,78.93,0.5476,0.5086,1.473,0,0,0,100,18.48,0.3868,404.2,0.2935,0,0,0,0,0,0,0,4,4,-1,[ OK ]
2401.8,18-Jul-25 14:10:22,4835,21.73,0.109,79.63,0.4973,0.509,1.469,0,0,0,100,18.48,0.3825,404.2,0.2308,0,0,0,0,0,0,0,4,4,-1,[ OK ]
2402.1,18-Jul-25 14:10:22,4835,21.73,0.1083,81.62,0.4953,0.5092,1.466,0,0,0,100,18.48,0.3796,404.3,0.2337,0,0,0,0,0,0,0,4,4,-1,[ OK ]
2402.5,18-Jul-25 14:10:22,4835,21.73,0.108,81.73,0.4869,0.5098,1.46,0,0,0,100,18.48,0.3788,404.3,0.222,0,0,0,0,0,0,0,4,4,-1,[ OK ]
2403.0,18-Jul-25 14:10:23,4836,21.73,0.1073,82.88,0.4934,0.508,1.468,0,0,0,100,18.48,0.3778,404.2,0.2343,0,0,0,0,0,0,0,4,4,-1,[ OK ]
2403.3,18-Jul-25 14:10:23,4836,21.73,0.1069,83.3,0.4838,0.5082,1.466,0,0,0,100,18.48,0.3771,403.9,0.2206,0,0,0,0,0,0,0,4,4,-1,[ OK ]
2403.6,18-Jul-25 14:10:24,4836,21.73,0.1067,82.93,0.4807,0.5092,1.459,0,0,0,100,18.48,0.3741,403.9,0.2218,0,0,0,0,0,0,0,4,4,-1,[ OK ]
2403.9,18-Jul-25 14:10:24,4837,21.73,0.1061,83.92,0.4789,0.5088,1.461,0,0,0,100,18.48,0.3727,404.3,0.2218,0,0,0,0,0,0,0,4,4,-1,[ OK ]
2404.3,18-Jul-25 14:10:24,4837,21.73,0.106,82.9,0.4795,0.5072,1.469,0,0,0,100,18.48,0.3699,404.3,0.2286,0,0,0,0,0,0,0,4,4,-1,[ OK ]
2404.7,18-Jul-25 14:10:25,4838,21.73,0.1056,82.82,0.4751,0.5078,1.464,0,0,0,100,18.48,0.3695,404,0.2222,0,0,0,0,0,0,0,4,4,-1,[ OK ]
2405.0,18-Jul-25 14:10:25,4838,21.73,0.1052,83.17,0.4728,0.5066,1.47,0,0,0,100,18.48,0.3689,404,0.2198,0,0,0,0,0,0,0,4,4,-1,[ OK ]
2405.3,18-Jul-25 14:10:25,4838,21.73,0.105,82.96,0.4683,0.508,1.461,0,0,0,100,18.48,0.3688,404.2,0.2125,0,0,0,0,0,0,0,4,4,-1,[ OK ]
2405.6,18-Jul-25 14:10:26,4838,21.73,0.1047,82.91,0.4687,0.5082,1.459,0,0,0,100,18.48,0.3686,404.1,0.2135,0,0,0,0,0,0,0,4,4,-1,[ OK ]
2405.9,18-Jul-25 14:10:26,4839,21.73,0.1045,82.71,0.4658,0.5088,1.455,0,0,0,100,18.48,0.3663,404.2,0.2137,0,0,0,0,0,0,0,4,4,-1,[ OK ]
2406.4,18-Jul-25 14:10:26,4839,21.73,0.1041,82.69,0.4624,0.5076,1.461,0,0,0,100,18.48,0.3645,403.9,0.2117,0,0,0,0,0,0,0,4,4,-1,[ OK ]
2406.8,18-Jul-25 14:10:27,4840,21.73,0.1039,82.13,0.4528,0.507,1.463,0,0,0,100,18.48,0.3639,404.2,0.1964,0,0,0,0,0,0,0,4,4,-1,[ OK ]
2407.1,18-Jul-25 14:10:27,4840,21.73,0.1034,82.75,0.4573,0.5072,1.462,0,0,0,100,18.48,0.364,404.2,0.204,0,0,0,0,0,0,0,4,4,-1,[ OK ]
2407.4,18-Jul-25 14:10:27,4840,21.73,0.1035,81.62,0.4569,0.5082,1.455,0,0,0,100,18.48,0.3621,404,0.2075,0,0,0,0,0,0,0,4,4,-1,[ OK ]
2407.7,18-Jul-25 14:10:28,4841,21.73,0.1032,81.88,0.4534,0.5068,1.462,0,0,0,100,18.48,0.3617,404.2,0.2023,0,0,0,0,0,0,0,4,4,-1,[ OK ]
2408.0,18-Jul-25 14:10:28,4841,21.73,0.1029,82.34,0.4506,0.5074,1.459,0,0,0,100,18.48,0.3634,404,0.1933,0,0,0,0,0,0,0,4,4,-1,[ OK ]
2408.6,18-Jul-25 14:10:29,4841,21.73,0.1043,82.07,0.4548,0.5076,1.457,0,0,0,100,18.48,0.3617,403.9,0.2048,0,0,0,0,0,0,0,4,4,-1,[ OK ]
2409.0,18-Jul-25 14:10:29,4842,21.73,0.1049,81.94,0.4493,0.5072,1.46,0,0,0,100,18.48,0.3607,403.9,0.1971,0,0,0,0,0,0,0,4,4,-1,[ OK ]
2409.4,18-Jul-25 14:10:29,4842,21.73,0.1046,83.33,0.4454,0.5087,1.451,0,0,0,100,18.48,0.3595,404,0.1929,0,0,0,0,0,0,0,4,4,-1,[ OK ]
2409.7,18-Jul-25 14:10:30,4843,21.73,0.107,83.18,0.4441,0.5068,1.461,0,0,0,100,18.48,0.3589,404.3,0.1919,0,0,0,0,0,0,0,4,4,-1,[ OK ]
2410.0,18-Jul-25 14:10:30,4843,21.73,0.107,84.97,0.4426,0.506,1.466,0,0,0,100,18.48,0.3577,404.2,0.1918,0,0,0,0,0,0,0,4,4,-1,[ OK ]
2410.5,18-Jul-25 14:10:30,4843,21.73,0.1088,86.55,0.4489,0.508,1.455,0,0,0,100,18.48,0.3581,403.9,0.2022,0,0,0,0,0,0,0,4,4,-1,[ OK ]
2410.9,18-Jul-25 14:10:31,4844,21.73,0.1101,86.9,0.4429,0.5057,1.468,0,0,0,100,18.48,0.357,404.2,0.1941,0,0,0,0,0,0,0,4,4,-1,[ OK ]
2411.2,18-Jul-25 14:10:31,4844,21.73,0.1104,88.27,0.4426,0.5061,1.466,0,0,0,100,18.48,0.3576,403.9,0.192,0,0,0,0,0,0,0,4,4,-1,[ OK ]
2411.6,18-Jul-25 14:10:32,4844,21.73,0.1124,89.78,0.4426,0.5062,1.465,0,0,0,100,18.48,0.3577,404.2,0.1918,0,0,0,0,0,0,0,4,4,-1,[ OK ]
2411.9,18-Jul-25 14:10:32,4845,21.73,0.1135,90.26,0.4426,0.5076,1.455,0,0,0,100,18.48,0.3553,404.2,0.1972,0,0,0,0,0,0,0,4,4,-1,[ OK ]
2412.4,18-Jul-25 14:10:32,4845,21.73,0.1144,91.44,0.4426,0.5074,1.456,0,0,0,100,18.48,0.3565,404.2,0.1945,0,0,0,0,0,0,0,4,4,-1,[ OK ]
2412.8,18-Jul-25 14:10:33,4846,21.73,0.1175,93.1,0.4426,0.5064,1.461,0,0,0,100,18.48,0.3555,404,0.1969,0,0,0,0,0,0,0,4,4,-1,[ OK ]
2413.1,18-Jul-25 14:10:33,4846,21.73,0.1184,93.71,0.4426,0.5064,1.461,0,0,0,100,18.48,0.3557,404.2,0.1963,0,0,0,0,0,0,0,4,4,-1,[ OK ]
2413.7,18-Jul-25 14:10:34,4846,21.73,0.1215,95.51,0.4426,0.5056,1.466,0,0,0,100,18.48,0.3533,403.9,0.2017,0,0,0,0,0,0,0,4,4,-1,[ OK ]
2414.1,18-Jul-25 14:10:34,4847,21.73,0.1227,97.95,0.4426,0.5066,1.46,0,0,0,100,18.48,0.3535,403.9,0.2013,0,0,0,0,0,0,0,4,4,-1,[ OK ]
2414.6,18-Jul-25 14:10:35,4847,21.73,0.1255,99.33,0.4426,0.5063,1.462,0,0,0,100,18.48,0.3538,404.1,0.2007,0,0,0,0,0,0,0,4,4,-1,[ OK ]
2415.0,18-Jul-25 14:10:35,4848,21.73,0.1271,101.5,0.4426,0.5064,1.461,0,0,0,100,18.48,0.3532,404.2,0.202,0,0,0,0,0,0,0,4,4,-1,[ OK ]
2415.5,18-Jul-25 14:10:35,4848,21.73,0.1282,103.2,0.4426,0.5077,1.454,0,0,0,100,18.48,0.3529,404.2,0.2027,0,0,0,0,0,0,0,4,4,-1,[ OK ]
2415.9,18-Jul-25 14:10:36,4849,21.73,0.1319,104.7,0.4426,0.5055,1.465,0,0,0,100,18.48,0.3538,403.9,0.2006,0,0,0,0,0,0,0,4,4,-1,[ OK ]
2416.4,18-Jul-25 14:10:36,4849,21.73,0.1333,106.1,0.4426,0.5072,1.456,0,0,0,100,18.48,0.3513,403.9,0.2064,0,0,0,0,0,0,0,4,4,-1,[ OK ]
2416.8,18-Jul-25 14:10:37,4850,21.73,0.137,108.3,0.4429,0.506,1.462,0,0,0,100,18.48,0.3535,403.9,0.2019,0,0,0,0,0,0,0,4,4,-1,[ OK ]
2417.3,18-Jul-25 14:10:37,4850,21.73,0.1382,111.2,0.4426,0.5065,1.459,0,0,0,100,18.48,0.3525,404.1,0.2035,0,0,0,0,0,0,0,4,4,-1,[ OK ]
2417.6,18-Jul-25 14:10:38,4850,21.73,0.1412,111.2,0.4435,0.5063,1.459,0,0,0,100,18.48,0.3522,404.2,0.2058,0,0,0,0,0,0,0,4,4,-1,[ OK ]
2418.2,18-Jul-25 14:10:38,4851,21.73,0.1435,114.3,0.4438,0.5057,1.463,0,0,0,100,18.48,0.3549,403.8,0.2002,0,0,0,0,0,0,0,4,4,-1,[ OK ]
2418.6,18-Jul-25 14:10:39,4851,21.73,0.1468,115.4,0.4426,0.506,1.461,0,0,0,100,18.48,0.3549,404.1,0.1982,0,0,0,0,0,0,0,4,4,-1,[ OK ]
2419.1,18-Jul-25 14:10:39,4852,21.73,0.1491,117.3,0.444,0.5065,1.459,0,0,0,100,18.48,0.3555,404,0.1992,0,0,0,0,0,0,0,4,4,-1,[ OK ]
2419.6,18-Jul-25 14:10:39,4852,21.73,0.1508,118.7,0.4449,0.5051,1.466,0,0,0,100,18.48,0.3541,403.9,0.2042,0,0,0,0,0,0,0,4,4,-1,[ OK ]
2420.1,18-Jul-25 14:10:40,4853,21.73,0.1549,122.7,0.4517,0.5056,1.463,0,0,0,100,18.48,0.3545,403.9,0.2154,0,0,0,0,0,0,0,4,4,-1,[ OK ]
2420.6,18-Jul-25 14:10:41,4853,21.73,0.1496,123.8,0.4486,0.5069,1.455,0,0,0,100,18.48,0.3555,403.9,0.2076,0,0,0,0,0,0,0,4,4,-1,[ OK ]
2421.1,18-Jul-25 14:10:41,4854,21.73,0.1609,126.5,0.4552,0.507,1.455,0,0,0,100,18.48,0.357,404,0.2158,0,0,0,0,0,0,0,4,4,-1,[ OK ]
2421.7,18-Jul-25 14:10:42,4854,21.73,0.165,128.3,0.4492,0.5055,1.464,0,0,0,100,18.48,0.3559,404,0.2075,0,0,0,0,0,0,0,4,4,-1,[ OK ]
2422.1,18-Jul-25 14:10:42,4855,21.73,0.1674,130.6,0.4492,0.5067,1.456,0,0,0,100,18.48,0.3559,404.1,0.2075,0,0,0,0,0,0,0,4,4,-1,[ OK ]
2422.9,18-Jul-25 14:10:43,4855,21.73,0.1694,132.2,0.446,0.5058,1.461,0,0,0,100,18.48,0.3545,404.2,0.2051,0,0,0,0,0,0,0,4,4,-1,[ OK ]
2423.6,18-Jul-25 14:10:43,4856,21.73,0.1787,138.8,0.4539,0.5063,1.459,0,0,0,100,18.48,0.3538,404,0.2206,0,0,0,0,0,0,0,4,4,-1,[ OK ]
2424.0,18-Jul-25 14:10:44,4857,21.73,0.1812,139.7,0.4453,0.5058,1.462,0,0,0,100,18.48,0.3517,404.1,0.2102,0,0,0,0,0,0,0,4,4,-1,[ OK ]
2424.4,18-Jul-25 14:10:44,4857,21.73,0.1831,141.8,0.4476,0.5062,1.459,0,0,0,100,18.48,0.3503,404.2,0.2173,0,0,0,0,0,0,0,4,4,-1,[ OK ]
2424.8,18-Jul-25 14:10:45,4858,21.73,0.1851,142.8,0.4456,0.5048,1.467,0,0,0,100,18.48,0.3493,404.2,0.2162,0,0,0,0,0,0,0,4,4,-1,[ OK ]
2425.2,18-Jul-25 14:10:45,4858,21.73,0.1864,145.5,0.4485,0.5054,1.463,0,0,0,100,18.48,0.3508,403.9,0.2178,0,0,0,0,0,0,0,4,4,-1,[ OK ]
2425.7,18-Jul-25 14:10:46,4858,21.73,0.1879,146.9,0.4429,0.5054,1.462,0,0,0,100,18.48,0.3525,403.9,0.2041,0,0,0,0,0,0,0,4,4,-1,[ OK ]
2426.1,18-Jul-25 14:10:46,4859,21.73,0.1897,147.1,0.4426,0.5051,1.464,0,0,0,100,18.48,0.3509,403.8,0.2072,0,0,0,0,0,0,0,4,4,-1,[ OK ]
2426.5,18-Jul-25 14:10:46,4859,21.73,0.1909,148.4,0.45,0.5055,1.461,0,0,0,100,18.48,0.3525,403.8,0.2165,0,0,0,0,0,0,0,4,4,-1,[ OK ]
2426.9,18-Jul-25 14:10:47,4860,21.73,0.1918,150.1,0.4426,0.5046,1.466,0,0,0,100,18.48,0.3519,404,0.2049,0,0,0,0,0,0,0,4,4,-1,[ OK ]
2427.3,18-Jul-25 14:10:47,4860,21.73,0.193,150.7,0.4441,0.5048,1.465,0,0,0,100,18.48,0.35,404.2,0.2118,0,0,0,0,0,0,0,4,4,-1,[ OK ]
2427.8,18-Jul-25 14:10:48,4861,21.73,0.1944,150.3,0.4444,0.5065,1.455,0,0,0,100,18.48,0.3486,403.9,0.2155,0,0,0,0,0,0,0,4,4,-1,[ OK ]
2428.1,18-Jul-25 14:10:48,4861,21.73,0.1948,151.8,0.449,0.5059,1.458,0,0,0,100,18.48,0.3493,403.9,0.2219,0,0,0,0,0,0,0,4,4,-1,[ OK ]
2428.5,18-Jul-25 14:10:48,4861,21.73,0.1957,152.5,0.4426,0.5049,1.463,0,0,0,100,18.48,0.3492,403.9,0.2111,0,0,0,0,0,0,0,4,4,-1,[ OK ]
2428.9,18-Jul-25 14:10:49,4862,21.73,0.1965,152.9,0.4426,0.5055,1.46,0,0,0,100,18.48,0.3481,403.9,0.2135,0,0,0,0,0,0,0,4,4,-1,[ OK ]
2429.3,18-Jul-25 14:10:49,4862,21.73,0.1972,153.8,0.4426,0.5057,1.459,0,0,0,100,18.48,0.348,404.2,0.2138,0,0,0,0,0,0,0,4,4,-1,[ OK ]
2429.6,18-Jul-25 14:10:50,4862,21.73,0.1973,155.1,0.4442,0.5055,1.46,0,0,0,100,18.48,0.3461,404.2,0.2208,0,0,0,0,0,0,0,4,4,-1,[ OK ]
2430.0,18-Jul-25 14:10:50,4863,21.73,0.198,155.1,0.4427,0.5058,1.458,0,0,0,100,18.48,0.3493,404.2,0.2111,0,0,0,0,0,0,0,4,4,-1,[ OK ]
2430.5,18-Jul-25 14:10:50,4863,21.73,0.1986,155.1,0.4438,0.5046,1.466,0,0,0,100,18.48,0.3503,404.2,0.2108,0,0,0,0,0,0,0,4,4,-1,[ OK ]
2430.8,18-Jul-25 14:10:51,4864,21.73,0.1991,155.1,0.4426,0.5058,1.458,0,0,0,100,18.48,0.349,404.2,0.2115,0,0,0,0,0,0,0,4,4,-1,[ OK ]
2431.2,18-Jul-25 14:10:51,4864,21.73,0.1997,155.2,0.4426,0.5051,1.462,0,0,0,100,18.48,0.3479,404,0.2141,0,0,0,0,0,0,0,4,4,-1,[ OK ]
2431.6,18-Jul-25 14:10:52,4864,21.73,0.2001,155.8,0.4426,0.5046,1.465,0,0,0,100,18.48,0.3468,403.9,0.2166,0,0,0,0,0,0,0,4,4,-1,[ OK ]
2432.0,18-Jul-25 14:10:52,4865,21.73,0.2005,156,0.4426,0.5042,1.467,0,0,0,100,18.48,0.3468,403.8,0.2164,0,0,0,0,0,0,0,4,4,-1,[ OK ]
2432.4,18-Jul-25 14:10:52,4865,21.73,0.201,156.2,0.4426,0.5066,1.453,0,0,0,100,18.48,0.3474,404.2,0.215,0,0,0,0,0,0,0,4,4,-1,[ OK ]
2432.8,18-Jul-25 14:10:53,4866,21.73,0.2011,157,0.4358,0.5048,1.463,0,0,0,100,18.48,0.3449,403.8,0.2085,0,0,0,0,0,0,0,4,4,-1,[ OK ]
2433.3,18-Jul-25 14:10:53,4866,21.73,0.2015,157.1,0.4336,0.5063,1.454,0,0,0,100,18.48,0.3459,403.9,0.2022,0,0,0,0,0,0,0,4,4,-1,[ OK ]
2433.7,18-Jul-25 14:10:54,4866,21.73,0.2017,157.6,0.4312,0.5057,1.458,0,0,0,100,18.48,0.3446,404.2,0.2009,0,0,0,0,0,0,0,4,4,-1,[ OK ]
2434.1,18-Jul-25 14:10:54,4867,21.73,0.2018,158.4,0.4314,0.5053,1.46,0,0,0,100,18.48,0.3419,403.9,0.2075,0,0,0,0,0,0,0,4,4,-1,[ OK ]
2434.4,18-Jul-25 14:10:54,4867,21.73,0.2021,158.1,0.4271,0.5043,1.466,0,0,0,100,18.48,0.3418,403.8,0.1997,0,0,0,0,0,0,0,4,4,-1,[ OK ]
2434.8,18-Jul-25 14:10:55,4868,21.73,0.2024,158.1,0.4312,0.5057,1.457,0,0,0,100,18.48,0.343,404.1,0.2045,0,0,0,0,0,0,0,4,4,-1,[ OK ]
2435.2,18-Jul-25 14:10:55,4868,21.73,0.2027,157.9,0.428,0.5039,1.468,0,0,0,100,18.48,0.3431,404,0.1983,0,0,0,0,0,0,0,4,4,-1,[ OK ]
2435.6,18-Jul-25 14:10:56,4868,21.73,0.2029,158,0.4269,0.5051,1.462,0,0,0,100,18.48,0.3437,404.1,0.195,0,0,0,0,0,0,0,4,4,-1,[ OK ]
2436.1,18-Jul-25 14:10:56,4869,21.73,0.2028,159.1,0.4282,0.5045,1.465,0,0,0,100,18.48,0.3396,403.9,0.2069,0,0,0,0,0,0,0,4,4,-1,[ OK ]
2436.5,18-Jul-25 14:10:56,4869,21.73,0.2031,158.9,0.4207,0.5052,1.46,0,0,0,100,18.48,0.338,404.2,0.1966,0,0,0,0,0,0,0,4,4,-1,[ OK ]
2436.9,18-Jul-25 14:10:57,4870,21.73,0.2034,158.5,0.4231,0.5045,1.465,0,0,0,100,18.48,0.339,404.2,0.1988,0,0,0,0,0,0,0,4,4,-1,[ OK ]
2437.3,18-Jul-25 14:10:57,4870,21.75,0.2032,159.4,0.4247,0.5052,1.46,0,0,0,100,18.48,0.3381,403.9,0.2037,0,0,0,0,0,0,0,4,4,-1,[ OK ]
2437.7,18-Jul-25 14:10:58,4871,21.75,0.2039,157.7,0.4205,0.505,1.462,0,0,0,100,18.48,0.3371,403.8,0.1982,0,0,0,0,0,0,0,4,4,-1,[ OK ]
2438.2,18-Jul-25 14:10:58,4871,21.75,0.2038,158.7,0.4234,0.5043,1.466,0,0,0,100,18.48,0.3381,403.7,0.2015,0,0,0,0,0,0,0,4,4,-1,[ OK ]
2438.6,18-Jul-25 14:10:58,4871,21.75,0.2038,159,0.4234,0.5044,1.465,0,0,0,100,18.48,0.3359,403.8,0.2066,0,0,0,0,0,0,0,4,4,-1,[ OK ]
2439.0,18-Jul-25 14:10:59,4872,21.75,0.2039,158.9,0.4195,0.5047,1.464,0,0,0,100,18.48,0.3346,404,0.2024,0,0,0,0,0,0,0,4,4,-1,[ OK ]
2439.4,18-Jul-25 14:10:59,4872,21.75,0.204,159.1,0.4181,0.506,1.456,0,0,0,100,18.48,0.3328,404.2,0.204,0,0,0,0,0,0,0,4,4,-1,[ OK ]
2439.7,18-Jul-25 14:11:00,4873,21.75,0.2039,159.4,0.4224,0.5055,1.458,0,0,0,100,18.48,0.3313,403.9,0.2157,0,0,0,0,0,0,0,4,4,-1,[ OK ]
2440.1,18-Jul-25 14:11:00,4873,21.75,0.204,159.4,0.4161,0.505,1.461,0,0,0,100,18.48,0.3352,403.9,0.1946,0,0,0,0,0,0,0,4,4,-1,[ OK ]
2440.5,18-Jul-25 14:11:00,4873,21.75,0.2041,159.2,0.4171,0.5043,1.465,0,0,0,100,18.48,0.3359,403.8,0.1948,0,0,0,0,0,0,0,4,4,-1,[ OK ]
2441.0,18-Jul-25 14:11:01,4874,21.75,0.2041,159.4,0.4136,0.5054,1.459,0,0,0,100,18.48,0.3357,404.1,0.1882,0,0,0,0,0,0,0,4,4,-1,[ OK ]
2441.3,18-Jul-25 14:11:01,4874,21.75,0.2041,159.5,0.4076,0.5062,1.455,0,0,0,100,18.48,0.3358,404.2,0.1762,0,0,0,0,0,0,0,4,4,-1,[ OK ]
2441.7,18-Jul-25 14:11:02,4875,21.75,0.204,160.1,0.413,0.5062,1.454,0,0,0,100,18.48,0.3338,403.8,0.1916,0,0,0,0,0,0,0,4,4,-1,[ OK ]
2442.1,18-Jul-25 14:11:02,4875,21.75,0.2039,160.4,0.4103,0.5047,1.462,0,0,0,100,18.48,0.3342,403.9,0.1853,0,0,0,0,0,0,0,4,4,-1,[ OK ]
2442.4,18-Jul-25 14:11:02,4875,21.75,0.2041,159.7,0.4108,0.505,1.46,0,0,0,100,18.48,0.3333,404,0.1886,0,0,0,0,0,0,0,4,4,-1,[ OK ]
2442.8,18-Jul-25 14:11:03,4876,21.75,0.2041,160,0.4108,0.5051,1.459,0,0,0,100,18.48,0.3329,403.9,0.1896,0,0,0,0,0,0,0,4,4,-1,[ OK ]
2443.2,18-Jul-25 14:11:03,4876,21.75,0.2042,159.5,0.4077,0.5037,1.466,0,0,0,100,18.48,0.3328,404,0.1838,0,0,0,0,0,0,0,4,4,-1,[ OK ]
2443.5,18-Jul-25 14:11:03,4876,21.75,0.2041,159.9,0.4053,0.5052,1.458,0,0,0,100,18.48,0.3307,403.9,0.184,0,0,0,0,0,0,0,4,4,-1,[ OK ]
2444.0,18-Jul-25 14:11:04,4877,21.75,0.2042,159.7,0.4065,0.5042,1.464,0,0,0,100,18.48,0.3294,403.8,0.1897,0,0,0,0,0,0,0,4,4,-1,[ OK ]
2444.4,18-Jul-25 14:11:04,4877,21.75,0.2041,160.2,0.4046,0.5053,1.458,0,0,0,100,18.48,0.3299,404,0.1846,0,0,0,0,0,0,0,4,4,-1,[ OK ]
2444.8,18-Jul-25 14:11:05,4878,21.75,0.2044,159.4,0.4036,0.504,1.465,0,0,0,100,18.48,0.3294,404.2,0.184,0,0,0,0,0,0,0,4,4,-1,[ OK ]
2445.2,18-Jul-25 14:11:05,4878,21.75,0.2042,160,0.4049,0.5056,1.456,0,0,0,100,18.48,0.3294,403.9,0.1865,0,0,0,0,0,0,0,4,4,-1,[ OK ]
2445.6,18-Jul-25 14:11:06,4878,21.75,0.2043,159.8,0.4036,0.5051,1.458,0,0,0,100,18.48,0.3277,403.9,0.1882,0,0,0,0,0,0,0,4,4,-1,[ OK ]
2445.9,18-Jul-25 14:11:06,4879,21.75,0.204,160.7,0.4034,0.5059,1.453,0,0,0,100,18.48,0.3281,403.9,0.1868,0,0,0,0,0,0,0,4,4,-1,[ OK ]
2446.4,18-Jul-25 14:11:06,4879,21.75,0.2042,159.9,0.3999,0.5035,1.466,0,0,0,100,18.48,0.3284,403.8,0.1788,0,0,0,0,0,0,0,4,4,-1,[ OK ]
2446.8,18-Jul-25 14:11:07,4880,21.75,0.2042,160,0.4085,0.5049,1.459,0,0,0,100,18.48,0.3282,404,0.1965,0,0,0,0,0,0,0,4,4,-1,[ OK ]
2447.2,18-Jul-25 14:11:07,4880,21.75,0.2043,160,0.401,0.5032,1.468,0,0,0,100,18.48,0.3274,404.3,0.1834,0,0,0,0,0,0,0,4,4,-1,[ OK ]
2447.6,18-Jul-25 14:11:08,4880,21.75,0.204,161,0.3993,0.5049,1.459,0,0,0,100,18.48,0.3284,404.2,0.1774,0,0,0,0,0,0,0,4,4,-1,[ OK ]
2448.0,18-Jul-25 14:11:08,4881,21.75,0.2043,159.9,0.3994,0.5046,1.46,0,0,0,100,18.48,0.3267,403.8,0.1819,0,0,0,0,0,0,0,4,4,-1,[ OK ]
2448.3,18-Jul-25 14:11:08,4881,21.75,0.2044,159.7,0.4002,0.5048,1.459,0,0,0,100,18.48,0.3263,404.2,0.1847,0,0,0,0,0,0,0,4,4,-1,[ OK ]
2448.7,18-Jul-25 14:11:09,4882,21.75,0.2045,159.4,0.395,0.5058,1.454,0,0,0,100,18.48,0.3258,404.2,0.1752,0,0,0,0,0,0,0,4,4,-1,[ OK ]
2449.2,18-Jul-25 14:11:09,4882,21.75,0.2041,160.5,0.4007,0.5044,1.461,0,0,0,100,18.48,0.3237,404.1,0.192,0,0,0,0,0,0,0,4,4,-1,[ OK ]
2449.6,18-Jul-25 14:11:10,4882,21.75,0.2043,160,0.3918,0.5034,1.468,0,0,0,100,18.48,0.323,404.2,0.1756,0,0,0,0,0,0,0,4,4,-1,[ OK ]
2450.0,18-Jul-25 14:11:10,4883,21.75,0.2043,160.1,0.3941,0.5042,1.463,0,0,0,100,18.48,0.3258,403.9,0.1733,0,0,0,0,0,0,0,4,4,-1,[ OK ]
2450.4,18-Jul-25 14:11:10,4883,21.75,0.2041,160.5,0.3979,0.503,1.47,0,0,0,100,18.48,0.325,403.8,0.1831,0,0,0,0,0,0,0,4,4,-1,[ OK ]
2450.7,18-Jul-25 14:11:11,4884,21.75,0.2042,160.1,0.3932,0.506,1.453,0,0,0,100,18.48,0.326,403.8,0.1709,0,0,0,0,0,0,0,4,4,-1,[ OK ]
2451.1,18-Jul-25 14:11:11,4884,21.75,0.2042,160.2,0.3931,0.5049,1.459,0,0,0,100,18.48,0.3284,403.9,0.1646,0,0,0,0,0,0,0,4,4,-1,[ OK ]
2451.5,18-Jul-25 14:11:11,4884,21.75,0.2042,160.2,0.3927,0.5044,1.462,0,0,0,100,18.48,0.328,403.9,0.1648,0,0,0,0,0,0,0,4,4,-1,[ OK ]
2452.0,18-Jul-25 14:11:12,4885,21.75,0.2042,160.1,0.392,0.5052,1.457,0,0,0,100,18.48,0.3297,403.9,0.159,0,0,0,0,0,0,0,4,4,-1,[ OK ]
2452.4,18-Jul-25 14:11:12,4885,21.75,0.204,160.6,0.3935,0.5039,1.464,0,0,0,100,18.48,0.3309,403.9,0.1591,0,0,0,0,0,0,0,4,4,-1,[ OK ]
2452.8,18-Jul-25 14:11:13,4886,21.75,0.204,160.5,0.3918,0.5038,1.466,0,0,0,100,18.48,0.3305,404.2,0.1565,0,0,0,0,0,0,0,4,4,-1,[ OK ]
2453.2,18-Jul-25 14:11:13,4886,21.75,0.2041,160.4,0.3918,0.5055,1.457,0,0,0,100,18.48,0.33,403.8,0.1578,0,0,0,0,0,0,0,4,4,-1,[ OK ]
2453.6,18-Jul-25 14:11:14,4886,21.75,0.2042,160,0.3918,0.5034,1.468,0,0,0,100,18.48,0.3282,404,0.1625,0,0,0,0,0,0,0,4,4,-1,[ OK ]
2453.9,18-Jul-25 14:11:14,4887,21.75,0.2041,160.2,0.3918,0.5052,1.458,0,0,0,100,18.48,0.329,404,0.1603,0,0,0,0,0,0,0,4,4,-1,[ OK ]
2454.2,18-Jul-25 14:11:14,4887,21.75,0.2041,160.4,0.3918,0.5054,1.456,0,0,0,100,18.48,0.329,403.8,0.1604,0,0,0,0,0,0,0,4,4,-1,[ OK ]
2454.5,18-Jul-25 14:11:14,4887,21.75,0.2041,160.2,0.3918,0.5043,1.463,0,0,0,100,18.48,0.3282,404.2,0.1623,0,0,0,0,0,0,0,4,4,-1,[ OK ]
2455.0,18-Jul-25 14:11:15,4888,21.75,0.2041,160.2,0.3918,0.5034,1.468,0,0,0,100,18.48,0.3281,404.1,0.1626,0,0,0,0,0,0,0,4,4,-1,[ OK ]
2455.3,18-Jul-25 14:11:15,4888,21.75,0.204,160.6,0.3918,0.5063,1.452,0,0,0,100,18.48,0.3276,404,0.1638,0,0,0,0,0,0,0,4,4,-1,[ OK ]
2455.6,18-Jul-25 14:11:15,4888,21.75,0.2041,160.2,0.3846,0.5056,1.455,0,0,0,100,18.48,0.3274,404.1,0.1486,0,0,0,0,0,0,0,4,4,-1,[ OK ]
2455.9,18-Jul-25 14:11:16,4889,21.75,0.2043,159.6,0.3823,0.5042,1.463,0,0,0,100,18.48,0.3263,403.7,0.1464,0,0,0,0,0,0,0,4,4,-1,[ OK ]
2456.2,18-Jul-25 14:11:16,4889,21.75,0.2042,159.9,0.3823,0.5061,1.451,0,0,0,100,18.48,0.3295,403.9,0.1382,0,0,0,0,0,0,0,4,4,-1,[ OK ]
2456.5,18-Jul-25 14:11:16,4889,21.75,0.2041,160.1,0.3848,0.5044,1.461,0,0,0,100,18.48,0.3303,404.1,0.1415,0,0,0,0,0,0,0,4,4,-1,[ OK ]
2456.8,18-Jul-25 14:11:17,4890,21.75,0.2039,160.7,0.3918,0.5053,1.457,0,0,0,100,18.48,0.3317,403.8,0.1535,0,0,0,0,0,0,0,4,4,-1,[ OK ]
2457.3,18-Jul-25 14:11:17,4890,21.75,0.2042,159.6,0.386,0.5044,1.462,0,0,0,100,18.48,0.3297,404.1,0.1458,0,0,0,0,0,0,0,4,4,-1,[ OK ]
2457.6,18-Jul-25 14:11:18,4890,21.75,0.204,160.2,0.3918,0.5062,1.451,0,0,0,100,18.48,0.3286,403.7,0.1615,0,0,0,0,0,0,0,4,4,-1,[ OK ]
2458.0,18-Jul-25 14:11:18,4891,21.75,0.2039,160.3,0.3847,0.5042,1.463,0,0,0,100,18.48,0.3264,404,0.1515,0,0,0,0,0,0,0,4,4,-1,[ OK ]
2458.6,18-Jul-25 14:11:18,4891,21.75,0.2038,160.7,0.3763,0.5038,1.466,0,0,0,100,18.48,0.3274,404.1,0.1298,0,0,0,0,0,0,0,4,4,-1,[ OK ]
2459.1,18-Jul-25 14:11:19,4892,21.75,0.2041,159.7,0.3834,0.5051,1.459,0,0,0,100,18.48,0.3268,404.1,0.1477,0,0,0,0,0,0,0,4,4,-1,[ OK ]
2459.6,18-Jul-25 14:11:20,4892,21.75,0.2039,160,0.3834,0.505,1.459,0,0,0,100,18.48,0.3248,404,0.1527,0,0,0,0,0,0,0,4,4,-1,[ OK ]
2460.2,18-Jul-25 14:11:20,4893,21.75,0.2039,160.1,0.3819,0.5042,1.464,0,0,0,100,18.48,0.3237,403.8,0.1525,0,0,0,0,0,0,0,4,4,-1,[ OK ]
2460.8,18-Jul-25 14:11:21,4894,21.75,0.2038,160.2,0.383,0.5038,1.465,0,0,0,100,18.48,0.3232,404.2,0.156,0,0,0,0,0,0,0,4,4,-1,[ OK ]
2461.3,18-Jul-25 14:11:21,4894,21.75,0.2038,160.2,0.3808,0.504,1.464,0,0,0,100,18.48,0.3236,403.8,0.1504,0,0,0,0,0,0,0,4,4,-1,[ OK ]
2461.9,18-Jul-25 14:11:22,4895,21.75,0.204,159.5,0.382,0.5046,1.46,0,0,0,100,18.48,0.3247,403.9,0.1501,0,0,0,0,0,0,0,4,4,-1,[ OK ]
2462.5,18-Jul-25 14:11:22,4895,21.75,0.2037,160.4,0.3816,0.5054,1.455,0,0,0,100,18.48,0.323,404,0.1537,0,0,0,0,0,0,0,4,4,-1,[ OK ]
2463.2,18-Jul-25 14:11:23,4896,21.75,0.2038,160.2,0.3772,0.5057,1.453,0,0,0,100,18.48,0.3235,403.8,0.1424,0,0,0,0,0,0,0,4,4,-1,[ OK ]
2463.8,18-Jul-25 14:11:24,4897,21.75,0.204,159.5,0.3805,0.5057,1.453,0,0,0,100,18.48,0.3237,403.9,0.1493,0,0,0,0,0,0,0,4,4,-1,[ OK ]
2464.5,18-Jul-25 14:11:24,4897,21.75,0.2038,160.1,0.3807,0.5045,1.46,0,0,0,100,18.48,0.3215,404.1,0.1555,0,0,0,0,0,0,0,4,4,-1,[ OK ]
2465.0,18-Jul-25 14:11:25,4898,21.75,0.2038,160,0.3803,0.5058,1.453,0,0,0,100,18.48,0.3238,404.2,0.1485,0,0,0,0,0,0,0,4,4,-1,[ OK ]
2465.6,18-Jul-25 14:11:26,4898,21.75,0.2038,160.1,0.3822,0.5055,1.454,0,0,0,100,18.48,0.3214,404.2,0.1591,0,0,0,0,0,0,0,4,4,-1,[ OK ]
2466.3,18-Jul-25 14:11:26,4899,21.75,0.2038,160,0.3811,0.5038,1.464,0,0,0,100,18.48,0.3227,403.8,0.1533,0,0,0,0,0,0,0,4,4,-1,[ OK ]
2466.9,18-Jul-25 14:11:27,4900,21.75,0.2039,159.7,0.3808,0.5032,1.468,0,0,0,100,18.48,0.3254,404.2,0.1456,0,0,0,0,0,0,0,4,4,-1,[ OK ]
2467.6,18-Jul-25 14:11:28,4900,21.75,0.2035,160.8,0.3797,0.5042,1.462,0,0,0,100,18.48,0.3281,404.1,0.1359,0,0,0,0,0,0,0,4,4,-1,[ OK ]
2468.2,18-Jul-25 14:11:28,4901,21.75,0.2038,159.9,0.3822,0.5057,1.453,0,0,0,100,18.48,0.3309,403.8,0.1342,0,0,0,0,0,0,0,4,4,-1,[ OK ]
2468.8,18-Jul-25 14:11:29,4902,21.75,0.2037,160,0.3827,0.5059,1.452,0,0,0,100,18.48,0.336,403.9,0.1221,0,0,0,0,0,0,0,4,4,-1,[ OK ]
2469.2,18-Jul-25 14:11:29,4902,21.75,0.204,159.4,0.3785,0.5047,1.459,0,0,0,100,18.48,0.337,403.8,0.1098,0,0,0,0,0,0,0,4,4,-1,[ OK ]
2469.7,18-Jul-25 14:11:30,4903,21.75,0.2037,160.2,0.3788,0.505,1.457,0,0,0,100,18.48,0.3415,403.8,0.09848,0,0,0,0,0,0,0,4,4,-1,[ OK ]
2470.4,18-Jul-25 14:11:30,4903,21.75,0.2039,159.6,0.3795,0.5035,1.466,0,0,0,100,18.48,0.3432,404.1,0.09578,0,0,0,0,0,0,0,4,4,-1,[ OK ]
2470.9,18-Jul-25 14:11:31,4904,21.75,0.2037,160.1,0.3822,0.5045,1.461,0,0,0,100,18.48,0.3447,404,0.09821,0,0,0,0,0,0,0,4,4,-1,[ OK ]
2471.4,18-Jul-25 14:11:31,4904,21.75,0.2038,159.8,0.3803,0.5052,1.457,0,0,0,100,18.48,0.3473,404.2,0.08675,0,0,0,0,0,0,0,4,4,-1,[ OK ]
2472.0,18-Jul-25 14:11:32,4905,21.75,0.2038,159.9,0.3755,0.5046,1.46,0,0,0,100,18.48,0.3474,404.1,0.07461,0,0,0,0,0,0,0,4,4,-1,[ OK ]
2472.6,18-Jul-25 14:11:33,4905,21.75,0.2035,160.8,0.3829,0.5044,1.461,0,0,0,100,18.48,0.3472,404.1,0.09322,0,0,0,0,0,0,0,4,4,-1,[ OK ]
2473.2,18-Jul-25 14:11:33,4906,21.75,0.2037,160.2,0.3783,0.5047,1.46,0,0,0,100,18.48,0.3477,404.3,0.08101,0,0,0,0,0,0,0,4,4,-1,[ OK ]
2473.7,18-Jul-25 14:11:34,4907,21.75,0.1882,158.7,0.3748,0.5047,1.459,0,0,0,100,18.48,0.3457,404,0.07762,0,0,0,0,0,0,0,4,4,-1,[ OK ]
2474.0,18-Jul-25 14:11:34,4907,21.75,0.1851,156.9,0.373,0.5047,1.459,0,0,0,100,18.48,0.3471,403.9,0.06943,0,0,0,0,0,0,0,4,4,-1,[ OK ]
2474.5,18-Jul-25 14:11:34,4907,21.75,0.1805,152.7,0.3709,0.504,1.463,0,0,0,100,18.48,0.3462,404.1,0.0667,0,0,0,0,0,0,0,4,4,-1,[ OK ]
2475.0,18-Jul-25 14:11:35,4908,21.75,0.1771,150.1,0.3686,0.506,1.452,0,0,0,100,18.48,0.3476,403.9,0.0571,0,0,0,0,0,0,0,4,4,-1,[ OK ]
2475.5,18-Jul-25 14:11:35,4908,21.75,0.1733,146.9,0.3691,0.5045,1.46,0,0,0,100,18.48,0.3482,403.8,0.05662,0,0,0,0,0,0,0,4,4,-1,[ OK ]
2476.0,18-Jul-25 14:11:36,4909,21.75,0.17,143.6,0.372,0.504,1.463,0,0,0,100,18.48,0.3479,403.8,0.06467,0,0,0,0,0,0,0,4,4,-1,[ OK ]
2476.6,18-Jul-25 14:11:36,4909,21.75,0.167,141,0.3644,0.5046,1.459,0,0,0,100,18.48,0.3483,404,0.04396,0,0,0,0,0,0,0,4,4,-1,[ OK ]
2477.0,18-Jul-25 14:11:37,4910,21.75,0.165,138.9,0.364,0.5048,1.458,0,0,0,100,18.48,0.3476,404.1,0.0448,0,0,0,0,0,0,0,4,4,-1,[ OK ]
2477.4,18-Jul-25 14:11:37,4910,21.75,0.1625,138.8,0.3677,0.5057,1.453,0,0,0,100,18.48,0.3484,403.9,0.05262,0,0,0,0,0,0,0,4,4,-1,[ OK ]
2477.9,18-Jul-25 14:11:38,4911,21.75,0.1609,135,0.3623,0.5031,1.468,0,0,0,100,18.48,0.3465,403.8,0.04347,0,0,0,0,0,0,0,4,4,-1,[ OK ]
2478.3,18-Jul-25 14:11:38,4911,21.75,0.1591,134.5,0.3633,0.5039,1.464,0,0,0,100,18.48,0.3443,404,0.05218,0,0,0,0,0,0,0,4,4,-1,[ OK ]
2478.8,18-Jul-25 14:11:39,4912,21.75,0.1579,132.6,0.3632,0.5039,1.464,0,0,0,100,18.48,0.3442,404.1,0.05225,0,0,0,0,0,0,0,4,4,-1,[ OK ]
2479.2,18-Jul-25 14:11:39,4912,21.75,0.1569,130.7,0.3639,0.5054,1.456,0,0,0,100,18.48,0.3441,404.2,0.05428,0,0,0,0,0,0,0,4,4,-1,[ OK ]
2479.6,18-Jul-25 14:11:40,4912,21.75,0.1554,130.6,0.363,0.504,1.463,0,0,0,100,18.48,0.3438,404.2,0.05284,0,0,0,0,0,0,0,4,4,-1,[ OK ]
2480.0,18-Jul-25 14:11:40,4913,21.75,0.154,130.6,0.3604,0.5047,1.459,0,0,0,100,18.48,0.3441,403.9,0.04506,0,0,0,0,0,0,0,4,4,-1,[ OK ]
2480.3,18-Jul-25 14:11:40,4913,21.75,0.1537,128.9,0.3651,0.5053,1.455,0,0,0,100,18.48,0.345,404.1,0.05519,0,0,0,0,0,0,0,4,4,-1,[ OK ]
2480.7,18-Jul-25 14:11:41,4914,21.75,0.1529,127.9,0.3642,0.5038,1.464,0,0,0,100,18.48,0.3442,403.8,0.05483,0,0,0,0,0,0,0,4,4,-1,[ OK ]
2481.2,18-Jul-25 14:11:41,4914,21.75,0.1521,127.2,0.3586,0.5056,1.453,0,0,0,100,18.48,0.3446,403.8,0.03907,0,0,0,0,0,0,0,4,4,-1,[ OK ]
2481.6,18-Jul-25 14:11:42,4914,21.75,0.1514,126.4,0.3617,0.5032,1.467,0,0,0,100,18.48,0.3447,403.8,0.04702,0,0,0,0,0,0,0,4,4,-1,[ OK ]
2481.9,18-Jul-25 14:11:42,4915,21.75,0.1507,126.6,0.3597,0.5051,1.456,0,0,0,100,18.48,0.3455,403.9,0.03952,0,0,0,0,0,0,0,4,4,-1,[ OK ]
2482.3,18-Jul-25 14:11:42,4915,21.75,0.1505,125.1,0.3598,0.5036,1.465,0,0,0,100,18.48,0.3477,404.2,0.03363,0,0,0,0,0,0,0,4,4,-1,[ OK ]
2482.7,18-Jul-25 14:11:43,4916,21.75,0.1498,125.1,0.3611,0.5044,1.461,0,0,0,100,18.48,0.3461,404.3,0.04143,0,0,0,0,0,0,0,4,4,-1,[ OK ]
2483.0,18-Jul-25 14:11:43,4916,21.75,0.1494,124.7,0.3648,0.5047,1.459,0,0,0,100,18.48,0.3456,404,0.05266,0,0,0,0,0,0,0,4,4,-1,[ OK ]
2483.4,18-Jul-25 14:11:43,4916,21.75,0.1491,123.9,0.3577,0.504,1.463,0,0,0,100,18.48,0.3477,404.2,0.02788,0,0,0,0,0,0,0,4,4,-1,[ OK ]
2483.8,18-Jul-25 14:11:44,4917,21.75,0.1487,123.9,0.3598,0.5036,1.466,0,0,0,100,18.48,0.3477,404,0.03363,0,0,0,0,0,0,0,4,4,-1,[ OK ]
2484.2,18-Jul-25 14:11:44,4917,21.75,0.1484,123.5,0.36,0.5053,1.457,0,0,0,100,18.48,0.348,404.2,0.03326,0,0,0,0,0,0,0,4,4,-1,[ OK ]
2484.7,18-Jul-25 14:11:45,4918,21.75,0.1481,122.7,0.36,0.5051,1.458,0,0,0,100,18.48,0.3466,404.2,0.03718,0,0,0,0,0,0,0,4,4,-1,[ OK ]
2485.1,18-Jul-25 14:11:45,4918,21.75,0.1477,122.7,0.36,0.5035,1.467,0,0,0,100,18.48,0.3453,403.9,0.04076,0,0,0,0,0,0,0,4,4,-1,[ OK ]
2485.5,18-Jul-25 14:11:45,4918,21.75,0.1474,122.4,0.3653,0.5064,1.449,0,0,0,100,18.48,0.3448,404.1,0.05615,0,0,0,0,0,0,0,4,4,-1,[ OK ]
2486.0,18-Jul-25 14:11:46,4919,21.75,0.147,122.7,0.3602,0.5043,1.461,0,0,0,100,18.48,0.3439,404.1,0.04531,0,0,0,0,0,0,0,4,4,-1,[ OK ]
2486.4,18-Jul-25 14:11:46,4919,21.75,0.1466,122.8,0.36,0.5051,1.456,0,0,0,100,18.48,0.3431,404.2,0.0468,0,0,0,0,0,0,0,4,4,-1,[ OK ]
2486.8,18-Jul-25 14:11:47,4920,21.75,0.1468,121.4,0.36,0.5035,1.465,0,0,0,100,18.48,0.3423,404.2,0.04926,0,0,0,0,0,0,0,4,4,-1,[ OK ]
2487.2,18-Jul-25 14:11:47,4920,21.75,0.1465,121.5,0.3589,0.5054,1.454,0,0,0,100,18.48,0.3403,404.2,0.05176,0,0,0,0,0,0,0,4,4,-1,[ OK ]
2487.7,18-Jul-25 14:11:48,4921,21.75,0.1458,122.4,0.3606,0.5039,1.463,0,0,0,100,18.48,0.3403,404.1,0.0562,0,0,0,0,0,0,0,4,4,-1,[ OK ]
2488.3,18-Jul-25 14:11:48,4921,21.75,0.146,121,0.3584,0.5048,1.457,0,0,0,100,18.48,0.3434,404.2,0.04191,0,0,0,0,0,0,0,4,4,-1,[ OK ]
2488.7,18-Jul-25 14:11:49,4922,21.75,0.1461,120.6,0.3615,0.5052,1.456,0,0,0,100,18.48,0.3448,404.1,0.04616,0,0,0,0,0,0,0,4,4,-1,[ OK ]
2489.1,18-Jul-25 14:11:49,4922,21.75,0.1457,121.3,0.3575,0.5039,1.464,0,0,0,100,18.48,0.3443,404.1,0.03692,0,0,0,0,0,0,0,4,4,-1,[ OK ]
2489.5,18-Jul-25 14:11:49,4922,21.75,0.1456,121,0.3604,0.5035,1.466,0,0,0,100,18.48,0.3435,403.8,0.04685,0,0,0,0,0,0,0,4,4,-1,[ OK ]
2490.0,18-Jul-25 14:11:50,4923,21.75,0.1456,120.8,0.3612,0.5045,1.46,0,0,0,100,18.48,0.342,403.9,0.05296,0,0,0,0,0,0,0,4,4,-1,[ OK ]
2490.4,18-Jul-25 14:11:50,4923,21.75,0.1456,120.5,0.3633,0.5052,1.456,0,0,0,100,18.48,0.3424,404.2,0.05739,0,0,0,0,0,0,0,4,4,-1,[ OK ]
2490.8,18-Jul-25 14:11:51,4924,21.75,0.1455,120.5,0.3604,0.5043,1.461,0,0,0,100,18.48,0.3404,404.2,0.05534,0,0,0,0,0,0,0,4,4,-1,[ OK ]
2491.4,18-Jul-25 14:11:51,4924,21.75,0.1453,120.8,0.3614,0.5054,1.454,0,0,0,100,18.48,0.3383,403.8,0.06373,0,0,0,0,0,0,0,4,4,-1,[ OK ]
2492.0,18-Jul-25 14:11:52,4925,21.75,0.1454,120.3,0.361,0.504,1.462,0,0,0,100,18.48,0.3409,403.8,0.05567,0,0,0,0,0,0,0,4,4,-1,[ OK ]
2492.4,18-Jul-25 14:11:52,4925,21.75,0.1453,120.4,0.3583,0.5055,1.453,0,0,0,100,18.48,0.3405,403.9,0.04962,0,0,0,0,0,0,0,4,4,-1,[ OK ]
2492.8,18-Jul-25 14:11:53,4926,21.75,0.1452,120.3,0.3606,0.5038,1.463,0,0,0,100,18.48,0.3393,404.2,0.0591,0,0,0,0,0,0,0,4,4,-1,[ OK ]
2493.2,18-Jul-25 14:11:53,4926,21.75,0.1452,120.3,0.3611,0.5042,1.461,0,0,0,100,18.48,0.3384,404,0.06274,0,0,0,0,0,0,0,4,4,-1,[ OK ]
2493.8,18-Jul-25 14:11:54,4927,21.75,0.1452,120.2,0.3634,0.5046,1.458,0,0,0,100,18.48,0.3394,403.8,0.06607,0,0,0,0,0,0,0,4,4,-1,[ OK ]
2494.3,18-Jul-25 14:11:54,4927,21.75,0.1451,120.4,0.3629,0.5047,1.458,0,0,0,100,18.48,0.3413,404.2,0.05947,0,0,0,0,0,0,0,4,4,-1,[ OK ]
2494.7,18-Jul-25 14:11:55,4928,21.75,0.1452,120.1,0.3647,0.5038,1.463,0,0,0,100,18.48,0.3409,404,0.06543,0,0,0,0,0,0,0,4,4,-1,[ OK ]
2495.1,18-Jul-25 14:11:55,4928,21.75,0.1453,119.7,0.3648,0.5043,1.461,0,0,0,100,18.48,0.3406,404.2,0.06657,0,0,0,0,0,0,0,4,4,-1,[ OK ]
2495.7,18-Jul-25 14:11:56,4928,21.75,0.1449,120.8,0.3589,0.5053,1.455,0,0,0,100,18.48,0.3416,404.2,0.04817,0,0,0,0,0,0,0,4,4,-1,[ OK ]
2496.3,18-Jul-25 14:11:56,4929,21.75,0.145,120.6,0.362,0.5048,1.457,0,0,0,100,18.48,0.3424,404.1,0.05414,0,0,0,0,0,0,0,4,4,-1,[ OK ]
2496.9,18-Jul-25 14:11:57,4930,21.75,0.1452,120,0.3605,0.504,1.462,0,0,0,100,18.48,0.3432,404.1,0.048,0,0,0,0,0,0,0,4,4,-1,[ OK ]
2497.4,18-Jul-25 14:11:57,4930,21.77,0.1449,120.9,0.3608,0.5049,1.457,0,0,0,100,18.48,0.3427,403.8,0.05002,0,0,0,0,0,0,0,4,4,-1,[ OK ]
2497.9,18-Jul-25 14:11:58,4931,21.77,0.1454,119.4,0.3592,0.5049,1.457,0,0,0,100,18.48,0.3422,404.1,0.04739,0,0,0,0,0,0,0,4,4,-1,[ OK ]
2498.3,18-Jul-25 14:11:58,4931,21.77,0.1451,119.9,0.3598,0.5049,1.457,0,0,0,100,18.48,0.342,403.9,0.04941,0,0,0,0,0,0,0,4,4,-1,[ OK ]
2498.9,18-Jul-25 14:11:59,4932,21.77,0.1456,118.6,0.361,0.5033,1.465,0,0,0,100,18.48,0.3431,404.2,0.04942,0,0,0,0,0,0,0,4,4,-1,[ OK ]
2499.4,18-Jul-25 14:11:59,4932,21.77,0.1451,120,0.3607,0.5053,1.454,0,0,0,100,18.48,0.3407,403.9,0.05545,0,0,0,0,0,0,0,4,4,-1,[ OK ]
2499.9,18-Jul-25 14:12:00,4933,21.77,0.1451,120,0.3602,0.5034,1.465,0,0,0,100,18.48,0.3404,404.1,0.05505,0,0,0,0,0,0,0,4,4,-1,[ OK ]
2500.5,18-Jul-25 14:12:00,4933,21.77,0.1451,120,0.3569,0.5034,1.465,0,0,0,100,18.48,0.3405,403.8,0.04604,0,0,0,0,0,0,0,4,4,-1,[ OK ]
2500.9,18-Jul-25 14:12:01,4934,21.77,0.145,120.2,0.3585,0.5056,1.453,0,0,0,100,18.48,0.3414,404.2,0.04757,0,0,0,0,0,0,0,4,4,-1,[ OK ]
2501.3,18-Jul-25 14:12:01,4934,21.77,0.145,120.4,0.3622,0.5041,1.461,0,0,0,100,18.48,0.3408,403.9,0.059,0,0,0,0,0,0,0,4,4,-1,[ OK ]
2501.8,18-Jul-25 14:12:02,4935,21.77,0.1451,120.1,0.3618,0.5046,1.459,0,0,0,100,18.48,0.3396,403.8,0.06131,0,0,0,0,0,0,0,4,4,-1,[ OK ]
2502.2,18-Jul-25 14:12:02,4935,21.77,0.145,120.2,0.3615,0.5037,1.464,0,0,0,100,18.48,0.3398,404.2,0.05998,0,0,0,0,0,0,0,4,4,-1,[ OK ]
2502.7,18-Jul-25 14:12:03,4936,21.77,0.145,120.4,0.3601,0.5044,1.461,0,0,0,100,18.48,0.3406,403.8,0.054,0,0,0,0,0,0,0,4,4,-1,[ OK ]
2503.1,18-Jul-25 14:12:03,4936,21.77,0.145,120.5,0.3664,0.5048,1.458,0,0,0,100,18.48,0.3396,403.8,0.07336,0,0,0,0,0,0,0,4,4,-1,[ OK ]
2503.5,18-Jul-25 14:12:03,4936,21.77,0.1451,120,0.3615,0.5043,1.461,0,0,0,100,18.48,0.3396,403.8,0.06042,0,0,0,0,0,0,0,4,4,-1,[ OK ]
2503.9,18-Jul-25 14:12:04,4937,21.77,0.145,120.4,0.3612,0.5037,1.464,0,0,0,100,18.48,0.3419,403.7,0.0534,0,0,0,0,0,0,0,4,4,-1,[ OK ]
2504.3,18-Jul-25 14:12:04,4937,21.77,0.1451,120,0.3596,0.5055,1.454,0,0,0,100,18.48,0.3417,403.7,0.04967,0,0,0,0,0,0,0,4,4,-1,[ OK ]
2504.8,18-Jul-25 14:12:05,4938,21.77,0.1451,120.1,0.3612,0.505,1.456,0,0,0,100,18.48,0.3404,404.2,0.05753,0,0,0,0,0,0,0,4,4,-1,[ OK ]
2505.2,18-Jul-25 14:12:05,4938,21.77,0.1451,120.3,0.3607,0.5052,1.455,0,0,0,100,18.48,0.3408,404.1,0.05512,0,0,0,0,0,0,0,4,4,-1,[ OK ]
2505.6,18-Jul-25 14:12:06,4938,21.77,0.1452,119.8,0.3614,0.5038,1.463,0,0,0,100,18.48,0.3381,403.9,0.06451,0,0,0,0,0,0,0,4,4,-1,[ OK ]
2506.1,18-Jul-25 14:12:06,4939,21.77,0.1451,120.1,0.3629,0.5032,1.467,0,0,0,100,18.48,0.3425,403.9,0.05625,0,0,0,0,0,0,0,4,4,-1,[ OK ]
2506.6,18-Jul-25 14:12:06,4939,21.77,0.1453,119.4,0.3632,0.5042,1.462,0,0,0,100,18.48,0.3439,404.2,0.05314,0,0,0,0,0,0,0,4,4,-1,[ OK ]
2507.0,18-Jul-25 14:12:07,4940,21.77,0.1451,120.1,0.3663,0.5049,1.457,0,0,0,100,18.48,0.3445,403.9,0.05947,0,0,0,0,0,0,0,4,4,-1,[ OK ]
2507.4,18-Jul-25 14:12:07,4940,21.77,0.145,120.2,0.366,0.5049,1.457,0,0,0,100,18.48,0.3435,403.8,0.06157,0,0,0,0,0,0,0,4,4,-1,[ OK ]
2507.8,18-Jul-25 14:12:08,4941,21.77,0.1451,120,0.3608,0.5036,1.465,0,0,0,100,18.48,0.3425,403.9,0.05057,0,0,0,0,0,0,0,4,4,-1,[ OK ]
2508.2,18-Jul-25 14:12:08,4941,21.77,0.145,120.2,0.3621,0.5044,1.46,0,0,0,100,18.48,0.3427,403.8,0.05362,0,0,0,0,0,0,0,4,4,-1,[ OK ]
2508.6,18-Jul-25 14:12:09,4941,21.77,0.145,120.1,0.3636,0.5033,1.466,0,0,0,100,18.48,0.3416,404.2,0.06049,0,0,0,0,0,0,0,4,4,-1,[ OK ]
2509.1,18-Jul-25 14:12:09,4942,21.77,0.1452,119.7,0.3646,0.5045,1.459,0,0,0,100,18.48,0.3397,404.1,0.06838,0,0,0,0,0,0,0,4,4,-1,[ OK ]
2509.5,18-Jul-25 14:12:09,4942,21.77,0.1451,119.9,0.362,0.5041,1.461,0,0,0,100,18.48,0.3385,403.9,0.06471,0,0,0,0,0,0,0,4,4,-1,[ OK ]
2509.9,18-Jul-25 14:12:10,4943,21.77,0.1448,120.7,0.3636,0.5038,1.463,0,0,0,100,18.48,0.34,404,0.06492,0,0,0,0,0,0,0,4,4,-1,[ OK ]
2510.3,18-Jul-25 14:12:10,4943,21.77,0.145,120,0.3631,0.5038,1.464,0,0,0,100,18.48,0.3406,404,0.06187,0,0,0,0,0,0,0,4,4,-1,[ OK ]
2510.7,18-Jul-25 14:12:11,4944,21.77,0.1449,120.2,0.3613,0.5034,1.466,0,0,0,100,18.48,0.3398,404,0.05935,0,0,0,0,0,0,0,4,4,-1,[ OK ]
2511.3,18-Jul-25 14:12:11,4944,21.77,0.1452,119.4,0.3646,0.5057,1.453,0,0,0,100,18.48,0.3395,403.6,0.06893,0,0,0,0,0,0,0,4,4,-1,[ OK ]
2511.7,18-Jul-25 14:12:12,4945,21.77,0.1451,119.8,0.3612,0.5033,1.467,0,0,0,100,18.48,0.3387,404.1,0.06221,0,0,0,0,0,0,0,4,4,-1,[ OK ]
2512.1,18-Jul-25 14:12:12,4945,21.77,0.145,120.1,0.3625,0.5044,1.461,0,0,0,100,18.48,0.3382,404,0.06688,0,0,0,0,0,0,0,4,4,-1,[ OK ]
2512.5,18-Jul-25 14:12:12,4945,21.77,0.1448,120.6,0.362,0.5036,1.466,0,0,0,100,18.48,0.3397,404.2,0.06149,0,0,0,0,0,0,0,4,4,-1,[ OK ]
2512.9,18-Jul-25 14:12:13,4946,21.77,0.1449,120.4,0.3655,0.5034,1.466,0,0,0,100,18.48,0.3389,404,0.07286,0,0,0,0,0,0,0,4,4,-1,[ OK ]
2513.4,18-Jul-25 14:12:13,4946,21.77,0.145,120.1,0.3676,0.5038,1.464,0,0,0,100,18.48,0.3396,403.8,0.07614,0,0,0,0,0,0,0,4,4,-1,[ OK ]
2513.8,18-Jul-25 14:12:14,4947,21.77,0.1451,119.9,0.3528,0.5034,1.467,0,0,0,100,18.48,0.3368,403.9,0.04555,0,0,0,0,0,0,0,4,4,-1,[ OK ]
2514.2,18-Jul-25 14:12:14,4947,21.77,0.1451,119.8,0.3643,0.5032,1.467,0,0,0,100,18.48,0.3374,403.9,0.07367,0,0,0,0,0,0,0,4,4,-1,[ OK ]
2514.7,18-Jul-25 14:12:15,4948,21.77,0.1451,119.9,0.3608,0.5046,1.459,0,0,0,100,18.48,0.3371,404,0.06576,0,0,0,0,0,0,0,4,4,-1,[ OK ]
2515.3,18-Jul-25 14:12:15,4948,21.77,0.1453,119.4,0.3658,0.5055,1.453,0,0,0,100,18.48,0.3359,403.7,0.08187,0,0,0,0,0,0,0,4,4,-1,[ OK ]
2515.8,18-Jul-25 14:12:16,4949,21.77,0.1448,121,0.3632,0.5052,1.454,0,0,0,100,18.48,0.3369,404.1,0.07233,0,0,0,0,0,0,0,4,4,-1,[ OK ]
2516.2,18-Jul-25 14:12:16,4949,21.77,0.1451,120.2,0.3613,0.5053,1.454,0,0,0,100,18.48,0.3367,404.1,0.06805,0,0,0,0,0,0,0,4,4,-1,[ OK ]
2516.8,18-Jul-25 14:12:17,4950,21.77,0.1451,120,0.3648,0.5046,1.458,0,0,0,100,18.48,0.3403,403.8,0.06734,0,0,0,0,0,0,0,4,4,-1,[ OK ]
2517.2,18-Jul-25 14:12:17,4950,21.77,0.1452,119.9,0.3627,0.5035,1.464,0,0,0,100,18.48,0.3416,403.9,0.05806,0,0,0,0,0,0,0,4,4,-1,[ OK ]
2517.6,18-Jul-25 14:12:18,4950,21.77,0.1451,120.2,0.3626,0.5037,1.463,0,0,0,100,18.48,0.3416,404,0.05769,0,0,0,0,0,0,0,4,4,-1,[ OK ]
2518.0,18-Jul-25 14:12:18,4951,21.77,0.1451,120,0.362,0.5045,1.458,0,0,0,100,18.48,0.3427,404,0.05314,0,0,0,0,0,0,0,4,4,-1,[ OK ]
2518.4,18-Jul-25 14:12:18,4951,21.77,0.1452,119.9,0.362,0.5027,1.469,0,0,0,100,18.48,0.3427,404.1,0.05314,0,0,0,0,0,0,0,4,4,-1,[ OK ]
2518.9,18-Jul-25 14:12:19,4952,21.77,0.145,120.4,0.3584,0.5037,1.464,0,0,0,100,18.48,0.3416,404.1,0.04697,0,0,0,0,0,0,0,4,4,-1,[ OK ]
2519.3,18-Jul-25 14:12:19,4952,21.77,0.1452,119.9,0.3648,0.5047,1.458,0,0,0,100,18.48,0.341,404,0.06546,0,0,0,0,0,0,0,4,4,-1,[ OK ]
2519.7,18-Jul-25 14:12:20,4953,21.77,0.1452,119.6,0.3649,0.5032,1.468,0,0,0,100,18.48,0.3412,404.2,0.06506,0,0,0,0,0,0,0,4,4,-1,[ OK ]
2520.1,18-Jul-25 14:12:20,4953,21.77,0.1455,118.8,0.3624,0.5052,1.456,0,0,0,100,18.48,0.3406,404.2,0.06007,0,0,0,0,0,0,0,4,4,-1,[ OK ]
2520.4,18-Jul-25 14:12:20,4953,21.77,0.1454,118.9,0.3625,0.5045,1.459,0,0,0,100,18.48,0.3414,403.8,0.0581,0,0,0,0,0,0,0,4,4,-1,[ OK ]
2520.8,18-Jul-25 14:12:21,4954,21.77,0.145,120.2,0.3615,0.5047,1.458,0,0,0,100,18.48,0.341,403.8,0.05652,0,0,0,0,0,0,0,4,4,-1,[ OK ]
2521.3,18-Jul-25 14:12:21,4954,21.77,0.1452,119.6,0.3652,0.5044,1.46,0,0,0,100,18.48,0.3403,403.8,0.06824,0,0,0,0,0,0,0,4,4,-1,[ OK ]
2521.7,18-Jul-25 14:12:22,4954,21.77,0.1453,119.6,0.363,0.5048,1.459,0,0,0,100,18.48,0.3409,404.1,0.06083,0,0,0,0,0,0,0,4,4,-1,[ OK ]
2522.2,18-Jul-25 14:12:22,4955,21.77,0.1451,120.2,0.3613,0.5036,1.465,0,0,0,100,18.48,0.3406,404.2,0.05723,0,0,0,0,0,0,0,4,4,-1,[ OK ]
2522.6,18-Jul-25 14:12:23,4955,21.77,0.145,120.3,0.3624,0.5031,1.468,0,0,0,100,18.48,0.34,404.1,0.06174,0,0,0,0,0,0,0,4,4,-1,[ OK ]
2523.0,18-Jul-25 14:12:23,4956,21.77,0.1451,120.1,0.3627,0.5058,1.452,0,0,0,100,18.48,0.3395,403.8,0.06395,0,0,0,0,0,0,0,4,4,-1,[ OK ]
2523.3,18-Jul-25 14:12:23,4956,21.77,0.1451,120,0.3654,0.5054,1.454,0,0,0,100,18.48,0.3416,404,0.06522,0,0,0,0,0,0,0,4,4,-1,[ OK ]
2523.8,18-Jul-25 14:12:24,4957,21.77,0.1451,120.1,0.3626,0.5057,1.451,0,0,0,100,18.48,0.3406,404.2,0.06047,0,0,0,0,0,0,0,4,4,-1,[ OK ]
2524.1,18-Jul-25 14:12:24,4957,21.77,0.145,120.3,0.3604,0.504,1.461,0,0,0,100,18.48,0.3413,404.1,0.05299,0,0,0,0,0,0,0,4,4,-1,[ OK ]
2524.5,18-Jul-25 14:12:24,4957,21.77,0.1452,119.8,0.3636,0.5045,1.458,0,0,0,100,18.48,0.34,404.1,0.06481,0,0,0,0,0,0,0,4,4,-1,[ OK ]
2524.9,18-Jul-25 14:12:25,4958,21.77,0.145,120.2,0.3628,0.5046,1.458,0,0,0,100,18.48,0.3395,403.9,0.0641,0,0,0,0,0,0,0,4,4,-1,[ OK ]
2525.3,18-Jul-25 14:12:25,4958,21.77,0.1452,119.6,0.3604,0.504,1.461,0,0,0,100,18.48,0.3402,403.9,0.05612,0,0,0,0,0,0,0,4,4,-1,[ OK ]
2525.7,18-Jul-25 14:12:26,4959,21.77,0.1452,119.8,0.3627,0.5032,1.466,0,0,0,100,18.48,0.3406,404,0.06073,0,0,0,0,0,0,0,4,4,-1,[ OK ]
2526.2,18-Jul-25 14:12:26,4959,21.77,0.1454,119.3,0.3639,0.505,1.456,0,0,0,100,18.48,0.3403,403.8,0.0648,0,0,0,0,0,0,0,4,4,-1,[ OK ]
2526.6,18-Jul-25 14:12:27,4959,21.77,0.1453,119.6,0.3619,0.5043,1.46,0,0,0,100,18.48,0.3403,403.8,0.05956,0,0,0,0,0,0,0,4,4,-1,[ OK ]
2527.0,18-Jul-25 14:12:27,4960,21.77,0.1448,121,0.3644,0.5044,1.46,0,0,0,100,18.48,0.3395,403.8,0.06843,0,0,0,0,0,0,0,4,4,-1,[ OK ]
2527.4,18-Jul-25 14:12:27,4960,21.77,0.1453,119.3,0.3622,0.5048,1.458,0,0,0,100,18.48,0.34,404,0.06122,0,0,0,0,0,0,0,4,4,-1,[ OK ]
2527.8,18-Jul-25 14:12:28,4961,21.77,0.1451,119.8,0.3627,0.505,1.457,0,0,0,100,18.48,0.3403,404.1,0.06162,0,0,0,0,0,0,0,4,4,-1,[ OK ]
2528.2,18-Jul-25 14:12:28,4961,21.77,0.1452,119.7,0.3645,0.505,1.456,0,0,0,100,18.48,0.3398,404.1,0.06791,0,0,0,0,0,0,0,4,4,-1,[ OK ]
2528.5,18-Jul-25 14:12:28,4961,21.77,0.145,120.3,0.3645,0.5031,1.466,0,0,0,100,18.48,0.3394,404.1,0.06912,0,0,0,0,0,0,0,4,4,-1,[ OK ]
2529.0,18-Jul-25 14:12:29,4962,21.77,0.1452,119.8,0.3626,0.5047,1.458,0,0,0,100,18.48,0.3394,404,0.06392,0,0,0,0,0,0,0,4,4,-1,[ OK ]
2529.4,18-Jul-25 14:12:29,4962,21.77,0.1455,118.9,0.3607,0.5051,1.455,0,0,0,100,18.48,0.3419,404.2,0.05199,0,0,0,0,0,0,0,4,4,-1,[ OK ]
2529.8,18-Jul-25 14:12:30,4963,21.77,0.1454,119.3,0.3621,0.503,1.468,0,0,0,100,18.48,0.3408,403.8,0.05885,0,0,0,0,0,0,0,4,4,-1,[ OK ]
2530.2,18-Jul-25 14:12:30,4963,21.77,0.1451,120.1,0.3641,0.505,1.457,0,0,0,100,18.48,0.3403,404.1,0.0652,0,0,0,0,0,0,0,4,4,-1,[ OK ]
2530.6,18-Jul-25 14:12:31,4963,21.77,0.1453,119.8,0.3642,0.5044,1.46,0,0,0,100,18.48,0.3408,403.9,0.06401,0,0,0,0,0,0,0,4,4,-1,[ OK ]
2531.1,18-Jul-25 14:12:31,4964,21.77,0.1449,120.8,0.364,0.5035,1.465,0,0,0,100,18.48,0.3421,404.1,0.06007,0,0,0,0,0,0,0,4,4,-1,[ OK ]
2531.5,18-Jul-25 14:12:31,4964,21.77,0.1453,119.6,0.3628,0.5057,1.453,0,0,0,100,18.48,0.3416,404.1,0.05843,0,0,0,0,0,0,0,4,4,-1,[ OK ]
2531.9,18-Jul-25 14:12:32,4965,21.77,0.1451,120.4,0.3647,0.5045,1.46,0,0,0,100,18.48,0.341,404.1,0.06499,0,0,0,0,0,0,0,4,4,-1,[ OK ]
2532.3,18-Jul-25 14:12:32,4965,21.77,0.1452,119.8,0.3617,0.5044,1.461,0,0,0,100,18.48,0.3433,404,0.0508,0,0,0,0,0,0,0,4,4,-1,[ OK ]
2532.7,18-Jul-25 14:12:33,4966,21.77,0.1451,120.1,0.3647,0.5048,1.459,0,0,0,100,18.48,0.3439,404.1,0.05726,0,0,0,0,0,0,0,4,4,-1,[ OK ]
2533.1,18-Jul-25 14:12:33,4966,21.77,0.1453,119.4,0.3619,0.5041,1.463,0,0,0,100,18.48,0.3417,404.1,0.05578,0,0,0,0,0,0,0,4,4,-1,[ OK ]
2533.5,18-Jul-25 14:12:33,4966,21.77,0.1454,119.4,0.3659,0.5042,1.462,0,0,0,100,18.48,0.3431,403.8,0.06253,0,0,0,0,0,0,0,4,4,-1,[ OK ]
2533.9,18-Jul-25 14:12:34,4967,21.77,0.1452,119.9,0.3601,0.505,1.457,0,0,0,100,18.48,0.3422,403.8,0.04964,0,0,0,0,0,0,0,4,4,-1,[ OK ]
2534.3,18-Jul-25 14:12:34,4967,21.77,0.1451,120.1,0.3663,0.5034,1.466,0,0,0,100,18.48,0.341,403.8,0.06904,0,0,0,0,0,0,0,4,4,-1,[ OK ]
2534.7,18-Jul-25 14:12:35,4968,21.77,0.1453,119.7,0.3626,0.5055,1.454,0,0,0,100,18.48,0.3427,403.8,0.05492,0,0,0,0,0,0,0,4,4,-1,[ OK ]
2535.1,18-Jul-25 14:12:35,4968,21.77,0.1451,120.3,0.3613,0.504,1.462,0,0,0,100,18.48,0.3396,404,0.05991,0,0,0,0,0,0,0,4,4,-1,[ OK ]
2535.5,18-Jul-25 14:12:35,4968,21.77,0.1453,119.8,0.3629,0.5041,1.461,0,0,0,100,18.48,0.3385,404.1,0.06702,0,0,0,0,0,0,0,4,4,-1,[ OK ]
2536.0,18-Jul-25 14:12:36,4969,21.77,0.1454,119.6,0.3645,0.503,1.468,0,0,0,100,18.48,0.3395,404.2,0.06879,0,0,0,0,0,0,0,4,4,-1,[ OK ]
2536.3,18-Jul-25 14:12:36,4969,21.77,0.1451,120.6,0.363,0.5032,1.467,0,0,0,100,18.48,0.3377,404.2,0.06949,0,0,0,0,0,0,0,4,4,-1,[ OK ]
2536.8,18-Jul-25 14:12:37,4970,21.77,0.1453,119.8,0.3625,0.5034,1.466,0,0,0,100,18.48,0.339,403.9,0.06477,0,0,0,0,0,0,0,4,4,-1,[ OK ]
2537.3,18-Jul-25 14:12:37,4970,21.77,0.1453,119.7,0.3638,0.5047,1.459,0,0,0,100,18.48,0.3384,403.8,0.06975,0,0,0,0,0,0,0,4,4,-1,[ OK ]
2537.9,18-Jul-25 14:12:38,4971,21.77,0.145,120.5,0.3655,0.5047,1.459,0,0,0,100,18.48,0.3385,404.1,0.07407,0,0,0,0,0,0,0,4,4,-1,[ OK ]
2538.4,18-Jul-25 14:12:38,4971,21.77,0.1452,119.9,0.3639,0.5051,1.456,0,0,0,100,18.48,0.338,403.8,0.07111,0,0,0,0,0,0,0,4,4,-1,[ OK ]
2539.1,18-Jul-25 14:12:39,4972,21.77,0.1452,120.1,0.3695,0.5058,1.451,0,0,0,100,18.48,0.3369,403.8,0.08827,0,0,0,0,0,0,0,4,4,-1,[ OK ]
2539.5,18-Jul-25 14:12:39,4972,21.77,0.1454,119.5,0.3652,0.5039,1.462,0,0,0,100,18.48,0.337,404.1,0.07729,0,0,0,0,0,0,0,4,4,-1,[ OK ]
2540.0,18-Jul-25 14:12:40,4973,21.77,0.1452,120,0.3728,0.5046,1.458,0,0,0,100,18.48,0.3408,403.9,0.08579,0,0,0,0,0,0,0,4,4,-1,[ OK ]
2541.4,18-Jul-25 14:12:41,4973,21.77,0,103.2,0.04017,0.5034,1.465,0,0,0,100,18.48,0.3213,404.1,0,0,-1,0,-2,0,-1,0,3.625,4,2,[ OK ]
2543.0,18-Jul-25 14:12:43,4975,21.77,0,32.65,0.04047,0.5051,1.459,0,0,0,100,18.48,0.3178,403.8,0,0,-1,0,-2,0,-1,0,3.625,4,2,[ OK ]
2544.8,18-Jul-25 14:12:45,4977,21.77,0,17.15,0.04295,0.5049,1.458,0,0,0,100,18.48,0.005317,25.09,0,0,-1,0,-2,0,-1,0.6722,3,3,2,[ OK ]
2764.3,18-Jul-25 14:16:24,5196,21.77,0,0.5261,0.04096,0,0.009265,0,0,0,100,18.48,0.003787,0.1079,0,0,-1,0,-2,0,-1,1,2.75,2,4,[ OK ]
2766.0,18-Jul-25 14:16:26,5198,21.77,0,0.8768,0.04027,0.3243,0.6311,0,0,0,100,18.48,0.001531,0.02538,0,0,-1,0,-2,0,-1,1,3,3,4,[ OK ]
2767.9,18-Jul-25 14:16:28,5200,21.77,0,0.8609,0.03769,0.4144,1.146,0,0,0,100,18.48,0.3163,404.4,0,0,-1,0,-2,0,-1,0,3.211,3,4,[ OK ]
2769.9,18-Jul-25 14:16:30,5202,21.77,0,0.7174,0.04027,0.4526,1.355,0,0,0,100,18.48,0.3153,404,0,0,-1,0,-2,0,-1,0,3.474,3,4,[ OK ]
2771.9,18-Jul-25 14:16:32,5204,21.77,0.007093,76.06,0.04394,0.4684,1.417,0,0,0,100,18.48,0.3179,403.9,-1,0,-1,0,-2,0,0,0,3.632,3,4,[ OK ]
2773.9,18-Jul-25 14:16:34,5206,21.77,0.03497,40.94,0.04305,0.5629,1.93,0,0,0,100,18.48,0.3136,404.2,-1,0,-1,0,-2,0,0,0,3.789,3,4,[ OK ]
2775.2,18-Jul-25 14:16:35,5208,21.77,0.05664,46.36,0.04146,0.571,1.974,0,0,0,100,18.48,0.3119,404.2,-1,0,-1,0,-2,0,0,0,3.789,3,4,[ OK ]
2775.9,18-Jul-25 14:16:36,5209,21.77,0.0624,53.34,0.04096,0.5755,1.972,0,0,0,100,18.48,0.3127,404,-1,0,-1,0,-2,0,0,0,3.789,3,4,[ OK ]
2776.5,18-Jul-25 14:16:36,5209,21.77,0.06568,57.79,0.04533,0.5767,1.976,0,0,0,100,18.48,0.3112,404.2,-1,0,-1,0,-2,0,0,0,3.789,3,4,[ OK ]
2777.1,18-Jul-25 14:16:37,5210,21.77,0.06836,61.66,0.04453,0.5782,1.978,0,0,0,100,18.48,0.3121,404.2,-1,0,-1,0,-2,0,0,0,3.789,3,4,[ OK ]
2777.6,18-Jul-25 14:16:37,5210,21.77,0.07004,64.02,0.04543,0.5775,1.989,0,0,0,100,18.48,0.3108,404.2,-1,0,-1,0,-2,0,0,0,3.789,3,4,[ OK ]
2778.1,18-Jul-25 14:16:38,5211,21.77,0.07208,66.32,0.04553,0.5798,1.984,0,0,0,100,18.48,0.3101,404.3,-1,0,-1,0,-2,0,0,0,3.789,3,4,[ OK ]
2778.7,18-Jul-25 14:16:39,5211,21.77,0.07338,68.87,0.04463,0.58,1.99,0,0,0,100,18.48,0.3087,404.3,-1,0,-1,0,-2,0,0,0,3.789,3,4,[ OK ]
2779.3,18-Jul-25 14:16:39,5212,21.77,0.07459,71.16,0.04632,0.5831,1.977,0,0,0,100,18.48,0.3105,404.3,-1,0,-1,0,-2,0,0,0,3.789,3,4,[ OK ]
2779.9,18-Jul-25 14:16:40,5213,21.77,0.07591,71.99,0.04572,0.5814,1.993,0,0,0,100,18.48,0.3099,404.3,-1,0,-1,0,-2,0,0,0,3.789,3,4,[ OK ]
2780.4,18-Jul-25 14:16:40,5213,21.77,0.07632,73.52,0.04265,0.5825,1.991,0,0,0,100,18.48,0.3085,404.2,-1,0,-1,0,-2,0,0,0,3.789,3,4,[ OK ]
2780.9,18-Jul-25 14:16:41,5214,21.77,0.07751,73.46,0.04533,0.5825,1.998,0,0,0,100,18.48,0.3101,404.2,-1,0,-1,0,-2,0,0,0,3.789,3,4,[ OK ]
2781.5,18-Jul-25 14:16:41,5214,21.77,0.07773,75.52,0.04562,0.5858,1.984,0,0,0,100,18.48,0.3098,404.3,-1,0,-1,0,-2,0,0,0,3.789,3,4,[ OK ]
2782.0,18-Jul-25 14:16:42,5215,21.77,0.07824,75.93,0.04513,0.5846,1.995,0,0,0,100,18.48,0.3091,404.3,-1,0,-1,0,-2,0,0,0,3.789,3,4,[ OK ]
2782.5,18-Jul-25 14:16:42,5215,21.77,0.07856,76.55,0.04622,0.5864,1.989,0,0,0,100,18.48,0.3078,403.9,-1,0,-1,0,-2,0,0,0,3.789,3,4,[ OK ]
2783.0,18-Jul-25 14:16:43,5216,21.77,0.07891,77.4,0.04493,0.5868,1.992,0,0,0,100,18.48,0.3072,404.1,-1,0,-1,0,-2,0,0,0,3.789,3,4,[ OK ]
2783.5,18-Jul-25 14:16:43,5216,21.77,0.0792,77.59,0.0486,0.5879,1.989,0,0,0,100,18.48,0.3056,404,-1,0,-1,0,-2,0,0,0,3.789,3,4,[ OK ]
2784.0,18-Jul-25 14:16:44,5217,21.77,0.0794,78.29,0.0486,0.5877,1.995,0,0,0,100,18.48,0.3054,404.3,-1,0,-1,0,-2,0,0,0,3.789,3,4,[ OK ]
2784.5,18-Jul-25 14:16:44,5217,21.77,0.07969,78.21,0.04572,0.5872,2.002,0,0,0,100,18.48,0.3065,404.2,-1,0,-1,0,-2,0,0,0,3.789,3,4,[ OK ]
2785.1,18-Jul-25 14:16:45,5218,21.77,0.08032,77.29,0.04572,0.591,1.985,0,0,0,100,18.48,0.3058,404.3,-1,0,-1,0,-2,0,0,0,3.789,3,4,[ OK ]
2785.7,18-Jul-25 14:16:46,5218,21.77,0.08009,78.67,0.04582,0.5901,1.994,0,0,0,100,18.48,0.3057,404.2,-1,0,-1,0,-2,0,0,0,3.789,3,4,[ OK ]
2786.2,18-Jul-25 14:16:46,5219,21.77,0.08013,79.2,0.04493,0.5902,1.998,0,0,0,100,18.48,0.305,403.9,-1,0,-1,0,-2,0,0,0,3.789,3,4,[ OK ]
2786.7,18-Jul-25 14:16:47,5219,21.77,0.08008,79.76,0.04473,0.5916,1.994,0,0,0,100,18.48,0.3092,404.2,-1,0,-1,0,-2,0,0,0,3.789,3,4,[ OK ]
2787.2,18-Jul-25 14:16:47,5220,21.77,0.08039,79.2,0.04245,0.5932,1.988,0,0,0,100,18.48,0.3087,404.2,-1,0,-1,0,-2,0,0,0,3.789,3,4,[ OK ]
2787.7,18-Jul-25 14:16:48,5220,21.77,0.08075,78.43,0.04503,0.593,1.991,0,0,0,100,18.48,0.3109,404,-1,0,-1,0,-2,0,0,0,3.789,3,4,[ OK ]
2788.2,18-Jul-25 14:16:48,5221,21.77,0.08065,79.17,0.04255,0.5945,1.987,0,0,0,100,18.48,0.3097,403.9,-1,0,-1,0,-2,0,0,0,3.789,3,4,[ OK ]
2788.7,18-Jul-25 14:16:49,5221,21.77,0.08072,79.09,0.04533,0.5945,1.991,0,0,0,100,18.48,0.3099,404.3,-1,0,-1,0,-2,0,0,0,3.789,3,4,[ OK ]
2789.2,18-Jul-25 14:16:49,5222,21.77,0.08049,80.03,0.04493,0.5943,1.997,0,0,0,100,18.48,0.3085,404.3,-1,0,-1,0,-2,0,0,0,3.789,3,4,[ OK ]
2789.7,18-Jul-25 14:16:50,5223,21.77,0.08088,79.12,0.04493,0.5954,1.994,0,0,0,100,18.48,0.309,404.3,-1,0,-1,0,-2,0,0,0,3.789,3,4,[ OK ]
2790.2,18-Jul-25 14:16:50,5223,21.77,0.08068,79.96,0.04612,0.5955,1.997,0,0,0,100,18.48,0.308,403.9,-1,0,-1,0,-2,0,0,0,3.789,3,4,[ OK ]
2790.7,18-Jul-25 14:16:51,5223,21.77,0.08073,79.84,0.04582,0.5975,1.988,0,0,0,100,18.48,0.3087,403.9,-1,0,-1,0,-2,0,0,0,3.789,3,4,[ OK ]
2791.2,18-Jul-25 14:16:51,5224,21.77,0.08095,79.42,0.04572,0.5984,1.987,0,0,0,100,18.48,0.3081,403.9,-1,0,-1,0,-2,0,0,0,3.789,3,4,[ OK ]
2791.7,18-Jul-25 14:16:52,5224,21.77,0.08075,80.11,0.04731,0.5969,1.998,0,0,0,100,18.48,0.3081,403.9,-1,0,-1,0,-2,0,0,0,3.789,3,4,[ OK ]
2792.1,18-Jul-25 14:16:52,5225,21.77,0.08089,79.79,0.04592,0.5974,2,0,0,0,100,18.48,0.3089,404.3,-1,0,-1,0,-2,0,0,0,3.789,3,4,[ OK ]
2792.6,18-Jul-25 14:16:53,5225,21.77,0.08102,79.52,0.04622,0.5993,1.993,0,0,0,100,18.48,0.3086,404,-1,0,-1,0,-2,0,0,0,3.789,3,4,[ OK ]
2793.1,18-Jul-25 14:16:53,5226,21.77,0.0809,79.87,0.04493,0.5996,1.994,0,0,0,100,18.48,0.3095,404,-1,0,-1,0,-2,0,0,0,3.789,3,4,[ OK ]
2793.6,18-Jul-25 14:16:53,5226,21.77,0.08092,79.92,0.04652,0.5989,2.001,0,0,0,100,18.48,0.3115,404,-1,0,-1,0,-2,0,0,0,3.789,3,4,[ OK ]
2794.1,18-Jul-25 14:16:54,5227,21.77,0.08107,79.53,0.04473,0.6005,1.996,0,0,0,100,18.48,0.312,403.9,-1,0,-1,0,-2,0,0,0,3.789,3,4,[ OK ]
2794.6,18-Jul-25 14:16:55,5227,21.77,0.08103,79.68,0.04592,0.6016,1.993,0,0,0,100,18.48,0.3132,404.2,-1,0,-1,0,-2,0,0,0,3.789,3,4,[ OK ]
2795.0,18-Jul-25 14:16:55,5228,21.77,0.08094,79.95,0.04612,0.6017,1.994,0,0,0,100,18.48,0.3122,404.2,-1,0,-1,0,-2,0,0,0,3.789,3,4,[ OK ]
2795.6,18-Jul-25 14:16:56,5228,21.77,0.08094,79.95,0.04592,0.6032,1.99,0,0,0,100,18.48,0.3116,403.9,-1,0,-1,0,-2,0,0,0,3.789,3,4,[ OK ]
2796.1,18-Jul-25 14:16:56,5229,21.77,0.08104,79.77,0.04493,0.6036,1.99,0,0,0,100,18.48,0.3107,403.9,-1,0,-1,0,-2,0,0,0,3.789,3,4,[ OK ]
2796.6,18-Jul-25 14:16:56,5229,21.77,0.08099,79.96,0.04434,0.6038,1.991,0,0,0,100,18.48,0.3113,403.9,-1,0,-1,0,-2,0,0,0,3.789,3,4,[ OK ]
2797.0,18-Jul-25 14:16:57,5230,21.77,0.08106,79.79,0.04662,0.6049,1.989,0,0,0,100,18.48,0.3124,404.3,-1,0,-1,0,-2,0,0,0,3.789,3,4,[ OK ]
2797.4,18-Jul-25 14:16:57,5230,21.77,0.08089,80.2,0.04652,0.6043,1.995,0,0,0,100,18.48,0.3107,404.1,-1,0,-1,0,-2,0,0,0,3.789,3,4,[ OK ]
2797.9,18-Jul-25 14:16:58,5231,21.77,0.08091,80.14,0.04523,0.6043,1.999,0,0,0,100,18.48,0.3103,404.2,-1,0,-1,0,-2,0,0,0,3.789,3,4,[ OK ]
2798.4,18-Jul-25 14:16:58,5231,21.77,0.08099,79.88,0.04533,0.6056,1.995,0,0,0,100,18.48,0.3104,404.2,-1,0,-1,0,-2,0,0,0,3.789,3,4,[ OK ]
2798.9,18-Jul-25 14:16:59,5232,21.77,0.08099,79.84,0.04513,0.6052,1.999,0,0,0,100,18.48,0.3097,404.2,-1,0,-1,0,-2,0,0,0,3.789,3,4,[ OK ]
2799.3,18-Jul-25 14:16:59,5232,21.77,0.08083,80.41,0.04503,0.6065,1.996,0,0,0,100,18.48,0.3106,403.9,-1,0,-1,0,-2,0,0,0,3.789,3,4,[ OK ]
2799.8,18-Jul-25 14:17:00,5233,21.78,0.08084,80.35,0.04493,0.6057,2.003,0,0,0,100,18.48,0.3098,404.2,-1,0,-1,0,-2,0,0,0,3.789,3,4,[ OK ]
2800.2,18-Jul-25 14:17:00,5233,21.78,0.08105,79.8,0.049,0.6082,1.992,0,0,0,100,18.48,0.3139,404.3,-1,0,-1,0,-2,0,0,0,3.789,3,4,[ OK ]
2800.7,18-Jul-25 14:17:01,5233,21.78,0.08104,79.88,0.04562,0.607,2.002,0,0,0,100,18.48,0.3135,404,-1,0,-1,0,-2,0,0,0,3.789,3,4,[ OK ]
2801.1,18-Jul-25 14:17:01,5234,21.78,0.08101,80.08,0.04612,0.609,1.993,0,0,0,100,18.48,0.3115,404,-1,0,-1,0,-2,0,0,0,3.789,3,4,[ OK ]
2801.6,18-Jul-25 14:17:02,5234,21.78,0.08101,80.14,0.04463,0.6086,1.998,0,0,0,100,18.48,0.312,404.2,-1,0,-1,0,-2,0,0,0,3.789,3,4,[ OK ]
2802.1,18-Jul-25 14:17:02,5235,21.78,0.08112,79.84,0.04344,0.6093,1.996,0,0,0,100,18.48,0.3112,403.9,-1,0,-1,0,-2,0,0,0,3.789,3,4,[ OK ]
2802.7,18-Jul-25 14:17:03,5235,21.78,0.08104,80.04,0.04334,0.6092,1.999,0,0,0,100,18.48,0.3093,404.3,-1,0,-1,0,-2,0,0,0,3.789,3,4,[ OK ]
2803.1,18-Jul-25 14:17:03,5236,21.78,0.08114,79.58,0.04493,0.6092,2.002,0,0,0,100,18.48,0.309,403.9,-1,0,-1,0,-2,0,0,0,3.789,3,4,[ OK ]
2803.6,18-Jul-25 14:17:04,5236,21.78,0.08104,80,0.04265,0.61,2,0,0,0,100,18.48,0.3094,404.1,-1,0,-1,0,-2,0,0,0,3.789,3,4,[ OK ]
2804.1,18-Jul-25 14:17:04,5237,21.78,0.08117,79.63,0.0482,0.6119,1.992,0,0,0,100,18.48,0.3084,403.7,-1,0,-1,0,-2,0,0,0,3.789,3,4,[ OK ]
2804.6,18-Jul-25 14:17:05,5237,21.78,0.08103,79.8,0.04513,0.6111,1.999,0,0,0,100,18.48,0.307,404.2,-1,0,-1,0,-2,0,0,0,3.789,3,4,[ OK ]
2805.1,18-Jul-25 14:17:05,5238,21.78,0.08094,80.08,0.04602,0.6128,1.993,0,0,0,100,18.48,0.3092,404.2,-1,0,-1,0,-2,0,0,0,3.789,3,4,[ OK ]
2805.5,18-Jul-25 14:17:05,5238,21.78,0.08095,80.06,0.04533,0.6115,2.002,0,0,0,100,18.48,0.3078,404.2,-1,0,-1,0,-2,0,0,0,3.789,3,4,[ OK ]
2806.0,18-Jul-25 14:17:06,5239,21.78,0.08099,79.93,0.04592,0.6129,1.996,0,0,0,100,18.48,0.3201,404.1,-1,0,-1,0,-2,0,0,0,3.789,3,4,[ OK ]
2806.4,18-Jul-25 14:17:06,5239,21.78,0.08098,79.98,0.04602,0.6145,1.989,0,0,0,100,18.48,0.3193,404.2,-1,0,-1,0,-2,0,0,0,3.789,3,4,[ OK ]
2806.9,18-Jul-25 14:17:07,5240,21.78,0.08093,80.08,0.04612,0.6138,1.995,0,0,0,100,18.48,0.3197,403.9,-1,0,-1,0,-2,0,0,0,3.789,3,4,[ OK ]
2807.4,18-Jul-25 14:17:07,5240,21.78,0.08103,79.93,0.04146,0.6141,1.995,0,0,0,100,18.48,0.3197,404.1,-1,0,-1,0,-2,0,0,0,3.789,3,4,[ OK ]
2807.8,18-Jul-25 14:17:08,5241,21.78,0.08105,79.92,0.04572,0.6144,1.996,0,0,0,100,18.48,0.3221,404.2,-1,0,-1,0,-2,0,0,0,3.789,3,4,[ OK ]
2808.3,18-Jul-25 14:17:08,5241,21.78,0.08105,79.98,0.0486,0.6148,1.997,0,0,0,100,18.48,0.3227,403.9,-1,0,-1,0,-2,0,0,0,3.789,3,4,[ OK ]
2808.8,18-Jul-25 14:17:09,5242,21.78,0.08102,80.04,0.04553,0.6151,1.998,0,0,0,100,18.48,0.3224,404.3,-1,0,-1,0,-2,0,0,0,3.789,3,4,[ OK ]
2809.3,18-Jul-25 14:17:09,5242,21.78,0.081,80.19,0.04493,0.6157,1.996,0,0,0,100,18.48,0.3212,404.3,-1,0,-1,0,-2,0,0,0,3.789,3,4,[ OK ]
2809.8,18-Jul-25 14:17:10,5243,21.78,0.0811,79.9,0.04572,0.6158,1.998,0,0,0,100,18.48,0.3216,404.1,-1,0,-1,0,-2,0,0,0,3.789,3,4,[ OK ]
2810.3,18-Jul-25 14:17:10,5243,21.78,0.08108,79.93,0.04572,0.6172,1.992,0,0,0,100,18.48,0.3221,404.3,-1,0,-1,0,-2,0,0,0,3.789,3,4,[ OK ]
2810.7,18-Jul-25 14:17:11,5243,21.78,0.08093,80.44,0.04424,0.6184,1.987,0,0,0,100,18.48,0.323,404,-1,0,-1,0,-2,0,0,0,3.789,3,4,[ OK ]
2811.2,18-Jul-25 14:17:11,5244,21.78,0.08119,79.76,0.04751,0.6179,1.992,0,0,0,100,18.48,0.3226,403.8,-1,0,-1,0,-2,0,0,0,3.789,3,4,[ OK ]
2811.6,18-Jul-25 14:17:12,5244,21.78,0.08087,80.54,0.04176,0.6168,2,0,0,0,100,18.48,0.3221,403.9,-1,0,-1,0,-2,0,0,0,3.789,3,4,[ OK ]
2812.1,18-Jul-25 14:17:12,5245,21.78,0.08125,79.36,0.049,0.6176,1.997,0,0,0,100,18.48,0.3215,404,-1,0,-1,0,-2,0,0,0,3.789,3,4,[ OK ]
2812.5,18-Jul-25 14:17:12,5245,21.78,0.08102,80.09,0.0492,0.618,1.998,0,0,0,100,18.48,0.3222,404.3,-1,0,-1,0,-2,0,0,0,3.789,3,4,[ OK ]
2813.0,18-Jul-25 14:17:13,5246,21.78,0.08108,79.85,0.04186,0.6186,1.996,0,0,0,100,18.48,0.3219,404.1,-1,0,-1,0,-2,0,0,0,3.789,3,4,[ OK ]
2813.6,18-Jul-25 14:17:13,5246,21.78,0.08104,80.03,0.04622,0.6203,1.988,0,0,0,100,18.48,0.3247,404.1,-1,0,-1,0,-2,0,0,0,3.789,3,4,[ OK ]
2814.1,18-Jul-25 14:17:14,5247,21.78,0.08094,80.38,0.04553,0.6193,1.995,0,0,0,100,18.48,0.326,404.1,-1,0,-1,0,-2,0,0,0,3.789,3,4,[ OK ]
2814.5,18-Jul-25 14:17:14,5247,21.78,0.08106,80.03,0.04642,0.6184,2.003,0,0,0,100,18.48,0.3257,404.2,-1,0,-1,0,-2,0,0,0,3.789,3,4,[ OK ]
2815.0,18-Jul-25 14:17:15,5248,21.78,0.08114,79.79,0.04701,0.6187,2.003,0,0,0,100,18.48,0.3267,404.3,-1,0,-1,0,-2,0,0,0,3.789,3,4,[ OK ]
2815.5,18-Jul-25 14:17:15,5248,21.78,0.08122,79.57,0.04265,0.6223,1.985,0,0,0,100,18.48,0.3263,404.2,-1,0,-1,0,-2,0,0,0,3.789,3,4,[ OK ]
2816.0,18-Jul-25 14:17:16,5249,21.78,0.08089,80.47,0.04562,0.6205,1.995,0,0,0,100,18.48,0.3248,404.2,-1,0,-1,0,-2,0,0,0,3.789,3,4,[ OK ]
2816.5,18-Jul-25 14:17:16,5249,21.78,0.08108,79.95,0.04592,0.6217,1.991,0,0,0,100,18.48,0.3265,404.2,-1,0,-1,0,-2,0,0,0,3.789,3,4,[ OK ]
2817.0,18-Jul-25 14:17:17,5250,21.78,0.08116,79.69,0.04751,0.6217,1.991,0,0,0,100,18.48,0.3268,404.1,-1,0,-1,0,-2,0,0,0,3.789,3,4,[ OK ]
2817.5,18-Jul-25 14:17:17,5250,21.78,0.08096,80.35,0.04443,0.6213,1.995,0,0,0,100,18.48,0.3232,404.1,-1,0,-1,0,-2,0,0,0,3.789,3,4,[ OK ]
2818.0,18-Jul-25 14:17:18,5251,21.78,0.08138,79.07,0.04771,0.6224,1.99,0,0,0,100,18.48,0.3232,404.2,-1,0,-1,0,-2,0,0,0,3.789,3,4,[ OK ]
2818.5,18-Jul-25 14:17:18,5251,21.78,0.08091,80.47,0.04215,0.6217,1.996,0,0,0,100,18.48,0.3226,403.9,-1,0,-1,0,-2,0,0,0,3.789,3,4,[ OK ]
2819.0,18-Jul-25 14:17:19,5252,21.78,0.08099,80.25,0.04503,0.623,1.99,0,0,0,100,18.48,0.3226,404,-1,0,-1,0,-2,0,0,0,3.789,3,4,[ OK ]
2819.5,18-Jul-25 14:17:19,5252,21.78,0.08107,80,0.04086,0.6222,1.996,0,0,0,100,18.48,0.3226,404.2,-1,0,-1,0,-2,0,0,0,3.789,3,4,[ OK ]
2820.0,18-Jul-25 14:17:20,5253,21.78,0.0812,79.58,0.04721,0.6236,1.989,0,0,0,100,18.48,0.3209,404.2,-1,0,-1,0,-2,0,0,0,3.789,3,4,[ OK ]
2820.4,18-Jul-25 14:17:20,5253,21.78,0.0827,75.31,0.4816,0.6222,1.998,0,0,0,100,18.48,0.4145,403.9,0.1393,0,0,0,-2,0,0,0,3.789,3,4,[ OK ]
2821.6,18-Jul-25 14:17:22,5254,21.78,0.08854,62.7,0.5287,0.6224,1.997,0,0,0,100,18.48,0.4208,404.1,0.2041,0,0,0,0,0,0,0,4,4,-1,[ OK ]
2823.8,18-Jul-25 14:17:24,5257,21.78,0.1236,48.97,0.7519,0.5207,1.498,0,0,0,100,18.48,0.4634,403.9,0.3837,0,0,0,0,0,0,0,4,4,-1,[ OK ]
2824.6,18-Jul-25 14:17:25,5257,21.78,0.1301,53.26,0.7917,0.5159,1.495,0,0,0,100,18.48,0.4659,404.2,0.4115,0,0,0,0,0,0,0,4,4,-1,[ OK ]
2825.0,18-Jul-25 14:17:25,5258,21.78,0.133,55.14,0.8049,0.5151,1.488,0,0,0,100,18.48,0.4662,403.9,0.4207,0,0,0,0,0,0,0,4,4,-1,[ OK ]
2825.3,18-Jul-25 14:17:25,5258,21.78,0.1344,57.45,0.8162,0.5157,1.478,0,0,0,100,18.48,0.4673,403.9,0.4275,0,0,0,0,0,0,0,4,4,-1,[ OK ]
2825.6,18-Jul-25 14:17:26,5258,21.78,0.1362,58.28,0.8211,0.5136,1.483,0,0,0,100,18.48,0.466,404.2,0.4325,0,0,0,0,0,0,0,4,4,-1,[ OK ]
2825.9,18-Jul-25 14:17:26,5259,21.78,0.1367,62.59,0.8266,0.5139,1.477,0,0,0,100,18.48,0.4654,404.2,0.4369,0,0,0,0,0,0,0,4,4,-1,[ OK ]
2826.3,18-Jul-25 14:17:26,5259,21.78,0.138,65.3,0.8324,0.5117,1.483,0,0,0,100,18.48,0.4635,404.2,0.4432,0,0,0,0,0,0,0,4,4,-1,[ OK ]
2826.8,18-Jul-25 14:17:27,5260,21.78,0.1535,68.18,0.9184,0.5121,1.475,0,0,0,100,18.48,0.475,403.9,0.4828,0,0,0,0,0,0,0,4,4,-1,[ OK ]
2827.1,18-Jul-25 14:17:27,5260,21.78,0.157,72.15,0.9411,0.5124,1.469,0,0,0,100,18.48,0.4788,404,0.4912,0,0,0,0,0,0,0,4,4,-1,[ OK ]
2827.4,18-Jul-25 14:17:27,5260,21.78,0.16,76.44,0.9582,0.5117,1.47,0,0,0,100,18.48,0.476,403.9,0.5032,0,0,0,0,0,0,0,4,4,-1,[ OK ]
2827.7,18-Jul-25 14:17:28,5261,21.78,0.1628,80.12,0.97,0.5122,1.464,0,0,0,100,18.48,0.478,404.1,0.5071,0,0,0,0,0,0,0,4,4,-1,[ OK ]
2828.0,18-Jul-25 14:17:28,5261,21.78,0.1654,83.82,0.9781,0.5101,1.474,0,0,0,100,18.48,0.477,403.9,0.5124,0,0,0,0,0,0,0,4,4,-1,[ OK ]
2828.4,18-Jul-25 14:17:28,5261,21.78,0.1678,90.04,0.984,0.5108,1.468,0,0,0,100,18.48,0.4742,403.9,0.5181,0,0,0,0,0,0,0,4,4,-1,[ OK ]
2828.8,18-Jul-25 14:17:29,5262,21.78,0.1703,93.9,0.9786,0.5093,1.474,0,0,0,100,18.48,0.4705,403.9,0.5192,0,0,0,0,0,0,0,4,4,-1,[ OK ]
2829.1,18-Jul-25 14:17:29,5262,21.78,0.1713,97.95,0.9775,0.5095,1.471,0,0,0,100,18.48,0.468,404.2,0.5213,0,0,0,0,0,0,0,4,4,-1,[ OK ]
2829.4,18-Jul-25 14:17:29,5262,21.78,0.1724,100.9,0.972,0.5111,1.461,0,0,0,100,18.48,0.4657,403.9,0.5209,0,0,0,0,0,0,0,4,4,-1,[ OK ]
2829.7,18-Jul-25 14:17:30,5263,21.78,0.1739,101.9,0.9181,0.5099,1.466,0,0,0,100,18.48,0.4557,404.2,0.5036,0,0,0,0,0,0,0,4,4,-1,[ OK ]
2830.0,18-Jul-25 14:17:30,5263,21.78,0.1735,107.2,0.9143,0.5105,1.462,0,0,0,100,18.48,0.4543,403.9,0.5031,0,0,0,0,0,0,0,4,4,-1,[ OK ]
2830.5,18-Jul-25 14:17:30,5263,21.78,0.1735,111.6,0.8997,0.5087,1.47,0,0,0,100,18.48,0.4478,404.2,0.5023,0,0,0,0,0,0,0,4,4,-1,[ OK ]
2830.9,18-Jul-25 14:17:31,5264,21.78,0.1736,114.3,0.8786,0.5099,1.462,0,0,0,100,18.48,0.4434,403.8,0.4954,0,0,0,0,0,0,0,4,4,-1,[ OK ]
2831.2,18-Jul-25 14:17:31,5264,21.78,0.1737,115.5,0.8693,0.5108,1.455,0,0,0,100,18.48,0.4395,403.9,0.4944,0,0,0,0,0,0,0,4,4,-1,[ OK ]
2831.5,18-Jul-25 14:17:31,5264,21.78,0.1735,117.2,0.8537,0.5083,1.469,0,0,0,100,18.48,0.438,404.2,0.487,0,0,0,0,0,0,0,4,4,-1,[ OK ]
2831.8,18-Jul-25 14:17:32,5265,21.78,0.1732,118.8,0.8489,0.5095,1.46,0,0,0,100,18.48,0.4355,404.1,0.4869,0,0,0,0,0,0,0,4,4,-1,[ OK ]
2832.2,18-Jul-25 14:17:32,5265,21.78,0.1729,119.8,0.831,0.508,1.468,0,0,0,100,18.48,0.4331,404,0.4789,0,0,0,0,0,0,0,4,4,-1,[ OK ]
2832.6,18-Jul-25 14:17:33,5265,21.78,0.1723,121.4,0.8107,0.5081,1.467,0,0,0,100,18.48,0.4264,404.1,0.4741,0,0,0,0,0,0,0,4,4,-1,[ OK ]
2832.9,18-Jul-25 14:17:33,5266,21.78,0.1718,122.4,0.801,0.5086,1.464,0,0,0,100,18.48,0.4254,404.3,0.469,0,0,0,0,0,0,0,4,4,-1,[ OK ]
2833.2,18-Jul-25 14:17:33,5266,21.78,0.1715,122.5,0.7887,0.5075,1.47,0,0,0,100,18.48,0.4212,403.8,0.466,0,0,0,0,0,0,0,4,4,-1,[ OK ]
2833.5,18-Jul-25 14:17:33,5266,21.78,0.1709,123.3,0.7806,0.5096,1.457,0,0,0,100,18.48,0.4197,403.9,0.4624,0,0,0,0,0,0,0,4,4,-1,[ OK ]
2834.0,18-Jul-25 14:17:34,5267,21.78,0.1699,124.6,0.6316,0.5083,1.464,0,0,0,100,18.48,0.3974,404.1,0.3708,0,0,0,0,0,0,0,4,4,-1,[ OK ]
2834.4,18-Jul-25 14:17:34,5267,21.78,0.1684,126.9,0.6203,0.5081,1.464,0,0,0,100,18.48,0.3948,404.2,0.3635,0,0,0,0,0,0,0,4,4,-1,[ OK ]
2834.8,18-Jul-25 14:17:35,5268,21.78,0.1672,127.3,0.6109,0.5083,1.463,0,0,0,100,18.48,0.3922,404.2,0.3579,0,0,0,0,0,0,0,4,4,-1,[ OK ]
2835.1,18-Jul-25 14:17:35,5268,21.78,0.166,128.7,0.5991,0.5088,1.46,0,0,0,100,18.48,0.3897,403.9,0.3495,0,0,0,0,0,0,0,4,4,-1,[ OK ]
2835.4,18-Jul-25 14:17:35,5268,21.78,0.1651,128.8,0.596,0.5081,1.463,0,0,0,100,18.48,0.3903,404.4,0.3452,0,0,0,0,0,0,0,4,4,-1,[ OK ]
2836.4,18-Jul-25 14:17:36,5269,21.78,0.1639,129,0.5877,0.5081,1.462,0,0,0,100,18.48,0.3865,404.2,0.3424,0,0,0,0,0,0,0,4,4,-1,[ OK ]
2837.0,18-Jul-25 14:17:37,5270,21.78,0.1611,127.8,0.5663,0.508,1.465,0,0,0,100,18.48,0.382,403.8,0.3255,0,0,0,0,0,0,0,4,4,-1,[ OK ]
2837.4,18-Jul-25 14:17:37,5270,21.78,0.1604,126.8,0.556,0.5086,1.46,0,0,0,100,18.48,0.3796,403.9,0.3172,0,0,0,0,0,0,0,4,4,-1,[ OK ]
2837.9,18-Jul-25 14:17:38,5271,21.78,0.1595,126.6,0.5512,0.507,1.468,0,0,0,100,18.48,0.3804,403.9,0.3098,0,0,0,0,0,0,0,4,4,-1,[ OK ]
2838.3,18-Jul-25 14:17:38,5271,21.78,0.1583,127.5,0.5447,0.5079,1.462,0,0,0,100,18.48,0.3801,404.2,0.3021,0,0,0,0,0,0,0,4,4,-1,[ OK ]
2838.7,18-Jul-25 14:17:39,5272,21.78,0.1578,126.5,0.5442,0.5077,1.463,0,0,0,100,18.48,0.3824,404.2,0.2973,0,0,0,0,0,0,0,4,4,-1,[ OK ]
2839.0,18-Jul-25 14:17:39,5272,21.78,0.1571,126.5,0.5442,0.5066,1.468,0,0,0,100,18.48,0.3802,404.1,0.3014,0,0,0,0,0,0,0,4,4,-1,[ OK ]
2839.4,18-Jul-25 14:17:39,5272,21.78,0.1566,125.9,0.5354,0.5071,1.465,0,0,0,100,18.48,0.3793,404.2,0.2915,0,0,0,0,0,0,0,4,4,-1,[ OK ]
2839.8,18-Jul-25 14:17:40,5273,21.78,0.1561,125.1,0.5223,0.5066,1.468,0,0,0,100,18.48,0.3774,403.9,0.2774,0,0,0,0,0,0,0,4,4,-1,[ OK ]
2840.1,18-Jul-25 14:17:40,5273,21.78,0.1558,124.5,0.5238,0.5073,1.463,0,0,0,100,18.48,0.3777,403.8,0.2789,0,0,0,0,0,0,0,4,4,-1,[ OK ]
2840.6,18-Jul-25 14:17:40,5273,21.78,0.1548,125.5,0.5171,0.5071,1.464,0,0,0,100,18.48,0.3753,403.9,0.2743,0,0,0,0,0,0,0,4,4,-1,[ OK ]
2841.0,18-Jul-25 14:17:41,5274,21.78,0.1544,124.7,0.5126,0.508,1.458,0,0,0,100,18.48,0.3754,404,0.2675,0,0,0,0,0,0,0,4,4,-1,[ OK ]
2841.4,18-Jul-25 14:17:41,5274,21.78,0.1539,124.5,0.5135,0.5076,1.459,0,0,0,100,18.48,0.3731,404.2,0.2734,0,0,0,0,0,0,0,4,4,-1,[ OK ]
2841.7,18-Jul-25 14:17:42,5275,21.78,0.1537,123.9,0.505,0.5065,1.466,0,0,0,100,18.48,0.3734,404.2,0.2607,0,0,0,0,0,0,0,4,4,-1,[ OK ]
2842.1,18-Jul-25 14:17:42,5275,21.78,0.1533,123.7,0.5001,0.5065,1.466,0,0,0,100,18.48,0.3739,404,0.2523,0,0,0,0,0,0,0,4,4,-1,[ OK ]
2842.5,18-Jul-25 14:17:42,5275,21.78,0.153,123.2,0.4984,0.5065,1.466,0,0,0,100,18.48,0.3721,404.1,0.2534,0,0,0,0,0,0,0,4,4,-1,[ OK ]
2842.9,18-Jul-25 14:17:43,5276,21.78,0.1527,122.5,0.4951,0.5077,1.458,0,0,0,100,18.48,0.3734,403.8,0.2459,0,0,0,0,0,0,0,4,4,-1,[ OK ]
2843.2,18-Jul-25 14:17:43,5276,21.78,0.1523,122.9,0.4934,0.5081,1.456,0,0,0,100,18.48,0.3729,404.2,0.2443,0,0,0,0,0,0,0,4,4,-1,[ OK ]
2843.7,18-Jul-25 14:17:44,5277,21.78,0.1518,123.1,0.4934,0.5061,1.466,0,0,0,100,18.48,0.3701,403.8,0.2499,0,0,0,0,0,0,0,4,4,-1,[ OK ]
2844.1,18-Jul-25 14:17:44,5277,21.78,0.1516,122.7,0.4841,0.5066,1.463,0,0,0,100,18.48,0.3721,404.2,0.2312,0,0,0,0,0,0,0,4,4,-1,[ OK ]
2844.5,18-Jul-25 14:17:44,5277,21.78,0.1512,122.8,0.4799,0.5075,1.458,0,0,0,100,18.48,0.3713,403.9,0.2263,0,0,0,0,0,0,0,4,4,-1,[ OK ]
2844.8,18-Jul-25 14:17:45,5278,21.78,0.151,122.4,0.4767,0.5056,1.468,0,0,0,100,18.48,0.3704,404,0.2231,0,0,0,0,0,0,0,4,4,-1,[ OK ]
2845.2,18-Jul-25 14:17:45,5278,21.78,0.1507,122.4,0.4795,0.507,1.461,0,0,0,100,18.48,0.3751,404.2,0.2177,0,0,0,0,0,0,0,4,4,-1,[ OK ]
2845.6,18-Jul-25 14:17:46,5278,21.78,0.1504,122.4,0.4751,0.5078,1.455,0,0,0,100,18.48,0.3746,404.2,0.2114,0,0,0,0,0,0,0,4,4,-1,[ OK ]
2845.9,18-Jul-25 14:17:46,5279,21.78,0.1502,122.4,0.4682,0.5071,1.459,0,0,0,100,18.48,0.3772,403.9,0.1943,0,0,0,0,0,0,0,4,4,-1,[ OK ]
2846.4,18-Jul-25 14:17:46,5279,21.78,0.1498,122.4,0.4737,0.5067,1.461,0,0,0,100,18.48,0.3752,404,0.2078,0,0,0,0,0,0,0,4,4,-1,[ OK ]
2846.8,18-Jul-25 14:17:47,5280,21.78,0.1501,120.5,0.4607,0.507,1.459,0,0,0,100,18.48,0.3748,404.1,0.1865,0,0,0,0,0,0,0,4,4,-1,[ OK ]
2847.2,18-Jul-25 14:17:47,5280,21.78,0.1492,122.4,0.4628,0.5058,1.466,0,0,0,100,18.48,0.3742,404,0.1914,0,0,0,0,0,0,0,4,4,-1,[ OK ]
2847.6,18-Jul-25 14:17:48,5280,21.78,0.1489,122.4,0.4644,0.5073,1.457,0,0,0,100,18.48,0.3728,404,0.1973,0,0,0,0,0,0,0,4,4,-1,[ OK ]
2847.9,18-Jul-25 14:17:48,5281,21.78,0.1487,122.4,0.4615,0.5068,1.461,0,0,0,100,18.48,0.3724,404.2,0.193,0,0,0,0,0,0,0,4,4,-1,[ OK ]
2848.3,18-Jul-25 14:17:48,5281,21.78,0.1489,121,0.4592,0.5077,1.454,0,0,0,100,18.48,0.3704,403.9,0.1934,0,0,0,0,0,0,0,4,4,-1,[ OK ]
2848.8,18-Jul-25 14:17:49,5282,21.78,0.1487,121.1,0.458,0.5055,1.466,0,0,0,100,18.48,0.3711,403.9,0.1897,0,0,0,0,0,0,0,4,4,-1,[ OK ]
2849.2,18-Jul-25 14:17:49,5282,21.78,0.1484,121.4,0.4563,0.5062,1.463,0,0,0,100,18.48,0.37,403.9,0.1892,0,0,0,0,0,0,0,4,4,-1,[ OK ]
2849.5,18-Jul-25 14:17:49,5282,21.78,0.1486,120.5,0.456,0.5068,1.458,0,0,0,100,18.48,0.3674,403.8,0.1943,0,0,0,0,0,0,0,4,4,-1,[ OK ]
2849.9,18-Jul-25 14:17:50,5283,21.78,0.1483,121,0.4546,0.5049,1.469,0,0,0,100,18.48,0.3677,404,0.1913,0,0,0,0,0,0,0,4,4,-1,[ OK ]
2850.3,18-Jul-25 14:17:50,5283,21.78,0.1481,121.2,0.45,0.506,1.463,0,0,0,100,18.48,0.3667,403.8,0.185,0,0,0,0,0,0,0,4,4,-1,[ OK ]
2850.7,18-Jul-25 14:17:51,5284,21.78,0.148,121.3,0.4492,0.507,1.457,0,0,0,100,18.48,0.3654,403.8,0.1865,0,0,0,0,0,0,0,4,4,-1,[ OK ]
2851.1,18-Jul-25 14:17:51,5284,21.78,0.1478,121.4,0.4483,0.5057,1.464,0,0,0,100,18.48,0.3661,404.2,0.1834,0,0,0,0,0,0,0,4,4,-1,[ OK ]
2851.4,18-Jul-25 14:17:51,5284,21.78,0.1481,120.4,0.4478,0.507,1.457,0,0,0,100,18.48,0.365,404.1,0.1848,0,0,0,0,0,0,0,4,4,-1,[ OK ]
2851.9,18-Jul-25 14:17:52,5285,21.78,0.1479,120.7,0.4453,0.5069,1.457,0,0,0,100,18.48,0.3663,404.2,0.1775,0,0,0,0,0,0,0,4,4,-1,[ OK ]
2852.3,18-Jul-25 14:17:52,5285,21.78,0.1477,120.9,0.4427,0.5056,1.466,0,0,0,100,18.48,0.3671,404.2,0.1709,0,0,0,0,0,0,0,4,4,-1,[ OK ]
2852.7,18-Jul-25 14:17:53,5286,21.78,0.1478,120.4,0.4441,0.5063,1.46,0,0,0,100,18.48,0.3642,403.8,0.1799,0,0,0,0,0,0,0,4,4,-1,[ OK ]
2853.1,18-Jul-25 14:17:53,5286,21.78,0.1476,120.7,0.4426,0.5069,1.456,0,0,0,100,18.48,0.364,403.9,0.1776,0,0,0,0,0,0,0,4,4,-1,[ OK ]
2853.5,18-Jul-25 14:17:53,5286,21.78,0.1478,119.9,0.4426,0.5068,1.456,0,0,0,100,18.48,0.3641,404.2,0.1773,0,0,0,0,0,0,0,4,4,-1,[ OK ]
2853.8,18-Jul-25 14:17:54,5287,21.78,0.1476,120.4,0.4426,0.5061,1.46,0,0,0,100,18.48,0.3636,404.2,0.1786,0,0,0,0,0,0,0,4,4,-1,[ OK ]
2854.2,18-Jul-25 14:17:54,5287,21.78,0.1476,120.1,0.4442,0.5064,1.458,0,0,0,100,18.48,0.3626,403.8,0.1836,0,0,0,0,0,0,0,4,4,-1,[ OK ]
2854.7,18-Jul-25 14:17:55,5288,21.78,0.1472,121.1,0.4426,0.5049,1.467,0,0,0,100,18.48,0.3638,404.2,0.1781,0,0,0,0,0,0,0,4,4,-1,[ OK ]
2855.1,18-Jul-25 14:17:55,5288,21.78,0.1473,120.2,0.4426,0.5059,1.46,0,0,0,100,18.48,0.3634,404.2,0.1789,0,0,0,0,0,0,0,4,4,-1,[ OK ]
2855.5,18-Jul-25 14:17:55,5288,21.78,0.1471,120.6,0.4426,0.5072,1.453,0,0,0,100,18.48,0.3618,403.8,0.1825,0,0,0,0,0,0,0,4,4,-1,[ OK ]
2855.8,18-Jul-25 14:17:56,5289,21.78,0.147,120.7,0.4426,0.5045,1.468,0,0,0,100,18.48,0.3626,404.2,0.1808,0,0,0,0,0,0,0,4,4,-1,[ OK ]
2856.2,18-Jul-25 14:17:56,5289,21.78,0.1472,120,0.4342,0.5072,1.453,0,0,0,100,18.48,0.3634,403.9,0.163,0,0,0,0,0,0,0,4,4,-1,[ OK ]
2856.6,18-Jul-25 14:17:57,5289,21.78,0.1472,120,0.4426,0.5047,1.467,0,0,0,100,18.48,0.3627,403.9,0.1805,0,0,0,0,0,0,0,4,4,-1,[ OK ]
2857.1,18-Jul-25 14:17:57,5290,21.78,0.1473,119.5,0.4287,0.505,1.466,0,0,0,100,18.48,0.3644,404.2,0.1501,0,0,0,0,0,0,0,4,4,-1,[ OK ]
2857.5,18-Jul-25 14:17:57,5290,21.78,0.1471,119.9,0.4293,0.5056,1.461,0,0,0,100,18.48,0.3629,404.1,0.1548,0,0,0,0,0,0,0,4,4,-1,[ OK ]
2857.9,18-Jul-25 14:17:58,5291,21.78,0.1468,120.9,0.4311,0.5047,1.468,0,0,0,100,18.48,0.3612,404.2,0.1622,0,0,0,0,0,0,0,4,4,-1,[ OK ]
2858.2,18-Jul-25 14:17:58,5291,21.78,0.1467,120.8,0.426,0.5056,1.462,0,0,0,100,18.48,0.3614,404.2,0.1516,0,0,0,0,0,0,0,4,4,-1,[ OK ]
2858.6,18-Jul-25 14:17:59,5291,21.78,0.1469,120.2,0.4267,0.5052,1.464,0,0,0,100,18.48,0.3603,404.1,0.1558,0,0,0,0,0,0,0,4,4,-1,[ OK ]
2859.0,18-Jul-25 14:17:59,5292,21.78,0.1468,120.3,0.4243,0.505,1.466,0,0,0,100,18.48,0.3606,404.2,0.15,0,0,0,0,0,0,0,4,4,-1,[ OK ]
2859.4,18-Jul-25 14:17:59,5292,21.8,0.1464,121,0.4226,0.5052,1.464,0,0,0,100,18.48,0.3608,404,0.1462,0,0,0,0,0,0,0,4,4,-1,[ OK ]
2859.9,18-Jul-25 14:18:00,5293,21.8,0.1463,121.2,0.427,0.5055,1.462,0,0,0,100,18.48,0.3589,403.9,0.1596,0,0,0,0,0,0,0,4,4,-1,[ OK ]
2860.3,18-Jul-25 14:18:00,5293,21.8,0.1463,120.9,0.42,0.5057,1.46,0,0,0,100,18.48,0.3578,403.8,0.148,0,0,0,0,0,0,0,4,4,-1,[ OK ]
2860.7,18-Jul-25 14:18:01,5294,21.8,0.1462,121,0.4194,0.5053,1.463,0,0,0,100,18.48,0.3574,403.9,0.1478,0,0,0,0,0,0,0,4,4,-1,[ OK ]
2861.0,18-Jul-25 14:18:01,5294,21.8,0.1465,120,0.4206,0.5057,1.461,0,0,0,100,18.48,0.3567,404,0.1519,0,0,0,0,0,0,0,4,4,-1,[ OK ]
2861.4,18-Jul-25 14:18:01,5294,21.8,0.1464,120.3,0.4181,0.5057,1.461,0,0,0,100,18.48,0.3593,404.2,0.1406,0,0,0,0,0,0,0,4,4,-1,[ OK ]
2861.8,18-Jul-25 14:18:02,5295,21.8,0.1462,120.6,0.4167,0.5044,1.467,0,0,0,100,18.48,0.3582,403.8,0.1404,0,0,0,0,0,0,0,4,4,-1,[ OK ]
2862.2,18-Jul-25 14:18:02,5295,21.8,0.1463,120.4,0.4141,0.5045,1.467,0,0,0,100,18.48,0.3586,403.9,0.1341,0,0,0,0,0,0,0,4,4,-1,[ OK ]
2862.7,18-Jul-25 14:18:03,5296,21.8,0.1463,120.1,0.4141,0.5041,1.469,0,0,0,100,18.48,0.3587,403.8,0.1338,0,0,0,0,0,0,0,4,4,-1,[ OK ]
2863.0,18-Jul-25 14:18:03,5296,21.8,0.1461,120.5,0.4163,0.5054,1.461,0,0,0,100,18.48,0.3582,404.1,0.1397,0,0,0,0,0,0,0,4,4,-1,[ OK ]
2863.4,18-Jul-25 14:18:03,5296,21.8,0.1464,119.8,0.4171,0.5055,1.46,0,0,0,100,18.48,0.3595,403.9,0.1383,0,0,0,0,0,0,0,4,4,-1,[ OK ]
2863.8,18-Jul-25 14:18:04,5297,21.8,0.1463,119.8,0.4108,0.5056,1.459,0,0,0,100,18.48,0.3574,403.8,0.1299,0,0,0,0,0,0,0,4,4,-1,[ OK ]
2864.2,18-Jul-25 14:18:04,5297,21.8,0.146,120.6,0.413,0.505,1.463,0,0,0,100,18.48,0.3558,403.9,0.1384,0,0,0,0,0,0,0,4,4,-1,[ OK ]
2864.7,18-Jul-25 14:18:05,5297,21.8,0.146,120.7,0.4132,0.5051,1.463,0,0,0,100,18.48,0.3551,404.2,0.1405,0,0,0,0,0,0,0,4,4,-1,[ OK ]
2865.1,18-Jul-25 14:18:05,5298,21.8,0.1458,121.1,0.4126,0.5043,1.467,0,0,0,100,18.48,0.3535,404,0.1431,0,0,0,0,0,0,0,4,4,-1,[ OK ]
2865.5,18-Jul-25 14:18:05,5298,21.8,0.146,120.4,0.4116,0.505,1.463,0,0,0,100,18.48,0.3526,404.1,0.1434,0,0,0,0,0,0,0,4,4,-1,[ OK ]
2865.8,18-Jul-25 14:18:06,5299,21.8,0.1461,120.3,0.4109,0.505,1.463,0,0,0,100,18.48,0.3529,403.9,0.141,0,0,0,0,0,0,0,4,4,-1,[ OK ]
2866.2,18-Jul-25 14:18:06,5299,21.8,0.1459,120.8,0.4133,0.5045,1.465,0,0,0,100,18.48,0.3542,404.2,0.143,0,0,0,0,0,0,0,4,4,-1,[ OK ]
2866.6,18-Jul-25 14:18:07,5299,21.8,0.146,120.5,0.4112,0.5053,1.461,0,0,0,100,18.48,0.352,404.1,0.144,0,0,0,0,0,0,0,4,4,-1,[ OK ]
2867.0,18-Jul-25 14:18:07,5300,21.8,0.146,120.1,0.4078,0.5061,1.457,0,0,0,100,18.48,0.3516,403.9,0.1378,0,0,0,0,0,0,0,4,4,-1,[ OK ]
2867.5,18-Jul-25 14:18:07,5300,21.8,0.146,120.2,0.4099,0.5059,1.457,0,0,0,100,18.48,0.3506,403.9,0.1446,0,0,0,0,0,0,0,4,4,-1,[ OK ]
2867.9,18-Jul-25 14:18:08,5301,21.8,0.1459,120.4,0.4056,0.5057,1.458,0,0,0,100,18.48,0.3551,404.3,0.1244,0,0,0,0,0,0,0,4,4,-1,[ OK ]
2868.3,18-Jul-25 14:18:08,5301,21.8,0.146,120.2,0.4052,0.5041,1.467,0,0,0,100,18.48,0.3545,404.2,0.1251,0,0,0,0,0,0,0,4,4,-1,[ OK ]
2868.7,18-Jul-25 14:18:09,5302,21.8,0.1461,119.6,0.4025,0.505,1.462,0,0,0,100,18.48,0.3543,404.1,0.1198,0,0,0,0,0,0,0,4,4,-1,[ OK ]
2869.0,18-Jul-25 14:18:09,5302,21.8,0.1458,120.4,0.4032,0.5065,1.452,0,0,0,100,18.48,0.353,403.8,0.1245,0,0,0,0,0,0,0,4,4,-1,[ OK ]
2869.4,18-Jul-25 14:18:09,5302,21.8,0.1457,120.6,0.4061,0.5056,1.457,0,0,0,100,18.48,0.3539,403.8,0.1285,0,0,0,0,0,0,0,4,4,-1,[ OK ]
2869.8,18-Jul-25 14:18:10,5303,21.8,0.1459,119.9,0.4037,0.5061,1.454,0,0,0,100,18.48,0.3545,403.9,0.1219,0,0,0,0,0,0,0,4,4,-1,[ OK ]
2870.3,18-Jul-25 14:18:10,5303,21.8,0.1456,120.7,0.3984,0.5042,1.465,0,0,0,100,18.48,0.3533,403.9,0.1131,0,0,0,0,0,0,0,4,4,-1,[ OK ]
2870.7,18-Jul-25 14:18:11,5304,21.8,0.1457,120.2,0.3995,0.5048,1.462,0,0,0,100,18.48,0.3553,404.2,0.1106,0,0,0,0,0,0,0,4,4,-1,[ OK ]
2871.0,18-Jul-25 14:18:11,5304,21.8,0.1457,120.2,0.3992,0.5044,1.464,0,0,0,100,18.48,0.3536,403.8,0.1141,0,0,0,0,0,0,0,4,4,-1,[ OK ]
2871.4,18-Jul-25 14:18:11,5304,21.8,0.1462,118.7,0.3996,0.504,1.466,0,0,0,100,18.48,0.3539,403.8,0.1143,0,0,0,0,0,0,0,4,4,-1,[ OK ]
2871.8,18-Jul-25 14:18:12,5305,21.8,0.1455,120.8,0.3989,0.5051,1.461,0,0,0,100,18.48,0.3535,404.2,0.1137,0,0,0,0,0,0,0,4,4,-1,[ OK ]
2872.2,18-Jul-25 14:18:12,5305,21.8,0.1457,120,0.3929,0.5046,1.463,0,0,0,100,18.48,0.3543,404.2,0.0982,0,0,0,0,0,0,0,4,4,-1,[ OK ]
2872.7,18-Jul-25 14:18:13,5306,21.8,0.1455,120.6,0.3967,0.5042,1.465,0,0,0,100,18.48,0.3547,403.9,0.1059,0,0,0,0,0,0,0,4,4,-1,[ OK ]
2873.1,18-Jul-25 14:18:13,5306,21.8,0.1454,120.6,0.3941,0.5038,1.468,0,0,0,100,18.48,0.3535,404.1,0.1032,0,0,0,0,0,0,0,4,4,-1,[ OK ]
2873.5,18-Jul-25 14:18:13,5306,21.8,0.1453,120.9,0.3965,0.5055,1.458,0,0,0,100,18.48,0.3543,404,0.1063,0,0,0,0,0,0,0,4,4,-1,[ OK ]
2873.8,18-Jul-25 14:18:14,5307,21.8,0.1456,119.7,0.3926,0.5057,1.457,0,0,0,100,18.48,0.3546,404,0.0968,0,0,0,0,0,0,0,4,4,-1,[ OK ]
2874.2,18-Jul-25 14:18:14,5307,21.8,0.1454,120.1,0.3922,0.5057,1.457,0,0,0,100,18.48,0.3539,403.8,0.09783,0,0,0,0,0,0,0,4,4,-1,[ OK ]
2874.6,18-Jul-25 14:18:15,5307,21.8,0.1453,120.3,0.3918,0.5057,1.456,0,0,0,100,18.48,0.3541,403.8,0.0963,0,0,0,0,0,0,0,4,4,-1,[ OK ]
2875.1,18-Jul-25 14:18:15,5308,21.8,0.1453,120.2,0.3918,0.5039,1.467,0,0,0,100,18.48,0.3532,403.8,0.09846,0,0,0,0,0,0,0,4,4,-1,[ OK ]
2875.5,18-Jul-25 14:18:15,5308,21.8,0.1452,120.6,0.3918,0.5059,1.456,0,0,0,100,18.48,0.3529,403.9,0.09939,0,0,0,0,0,0,0,4,4,-1,[ OK ]
2875.8,18-Jul-25 14:18:16,5309,21.8,0.1453,120.2,0.3922,0.5043,1.465,0,0,0,100,18.48,0.3519,404.1,0.1029,0,0,0,0,0,0,0,4,4,-1,[ OK ]
2876.2,18-Jul-25 14:18:16,5309,21.8,0.1451,120.7,0.3842,0.5043,1.466,0,0,0,100,18.48,0.3535,403.8,0.08001,0,0,0,0,0,0,0,4,4,-1,[ OK ]
2876.6,18-Jul-25 14:18:17,5309,21.8,0.1452,120.2,0.384,0.5059,1.455,0,0,0,100,18.48,0.3503,403.8,0.08772,0,0,0,0,0,0,0,4,4,-1,[ OK ]
2877.0,18-Jul-25 14:18:17,5310,21.8,0.1449,121,0.3918,0.504,1.467,0,0,0,100,18.48,0.3516,404,0.1027,0,0,0,0,0,0,0,4,4,-1,[ OK ]
2877.4,18-Jul-25 14:18:17,5310,21.8,0.1453,120,0.3918,0.5055,1.458,0,0,0,100,18.48,0.3506,404.1,0.1051,0,0,0,0,0,0,0,4,4,-1,[ OK ]
2877.8,18-Jul-25 14:18:18,5311,21.8,0.1452,120,0.3918,0.5049,1.461,0,0,0,100,18.48,0.3501,404.1,0.1065,0,0,0,0,0,0,0,4,4,-1,[ OK ]
2878.2,18-Jul-25 14:18:18,5311,21.8,0.1448,121.1,0.3824,0.5062,1.453,0,0,0,100,18.48,0.3502,404,0.08425,0,0,0,0,0,0,0,4,4,-1,[ OK ]
2878.6,18-Jul-25 14:18:19,5311,21.8,0.1452,119.9,0.3839,0.5056,1.456,0,0,0,100,18.48,0.3514,403.9,0.08476,0,0,0,0,0,0,0,4,4,-1,[ OK ]
2879.0,18-Jul-25 14:18:19,5312,21.8,0.145,120.5,0.3816,0.5058,1.455,0,0,0,100,18.48,0.351,404.2,0.08034,0,0,0,0,0,0,0,4,4,-1,[ OK ]
2879.3,18-Jul-25 14:18:19,5312,21.8,0.1449,120.6,0.3798,0.5038,1.466,0,0,0,100,18.48,0.3506,404.1,0.07687,0,0,0,0,0,0,0,4,4,-1,[ OK ]
2879.7,18-Jul-25 14:18:20,5313,21.8,0.1454,119.1,0.38,0.5046,1.462,0,0,0,100,18.48,0.3511,404.1,0.07608,0,0,0,0,0,0,0,4,4,-1,[ OK ]
2880.2,18-Jul-25 14:18:20,5313,21.8,0.145,120.2,0.3784,0.5044,1.464,0,0,0,100,18.48,0.3495,404,0.07656,0,0,0,0,0,0,0,4,4,-1,[ OK ]
2880.6,18-Jul-25 14:18:21,5313,21.8,0.1448,120.6,0.3767,0.5061,1.454,0,0,0,100,18.48,0.3513,404.2,0.06737,0,0,0,0,0,0,0,4,4,-1,[ OK ]
2881.0,18-Jul-25 14:18:21,5314,21.8,0.1447,120.8,0.3767,0.505,1.46,0,0,0,100,18.48,0.3518,403.8,0.06598,0,0,0,0,0,0,0,4,4,-1,[ OK ]
2881.3,18-Jul-25 14:18:21,5314,21.8,0.1449,120.3,0.3774,0.5041,1.465,0,0,0,100,18.48,0.3518,403.9,0.06795,0,0,0,0,0,0,0,4,4,-1,[ OK ]
2881.6,18-Jul-25 14:18:22,5314,21.8,0.145,119.9,0.379,0.5053,1.459,0,0,0,100,18.48,0.3531,404.2,0.06845,0,0,0,0,0,0,0,4,4,-1,[ OK ]
2881.9,18-Jul-25 14:18:22,5315,21.8,0.1448,120.4,0.3744,0.5045,1.463,0,0,0,100,18.48,0.3532,403.8,0.05653,0,0,0,0,0,0,0,4,4,-1,[ OK ]
2882.3,18-Jul-25 14:18:22,5315,21.8,0.1449,119.9,0.3779,0.5043,1.465,0,0,0,100,18.48,0.3519,404,0.06885,0,0,0,0,0,0,0,4,4,-1,[ OK ]
2882.6,18-Jul-25 14:18:23,5315,21.8,0.1447,120.4,0.3725,0.5042,1.466,0,0,0,100,18.48,0.3528,404,0.05272,0,0,0,0,0,0,0,4,4,-1,[ OK ]
2882.9,18-Jul-25 14:18:23,5316,21.8,0.1449,119.6,0.3755,0.5046,1.464,0,0,0,100,18.48,0.3509,403.9,0.06549,0,0,0,0,0,0,0,4,4,-1,[ OK ]
2883.2,18-Jul-25 14:18:23,5316,21.8,0.1447,120.3,0.3756,0.5046,1.464,0,0,0,100,18.48,0.3493,404.1,0.06981,0,0,0,0,0,0,0,4,4,-1,[ OK ]
2883.5,18-Jul-25 14:18:23,5316,21.8,0.1446,120.4,0.3785,0.5064,1.453,0,0,0,100,18.48,0.3506,404.1,0.07383,0,0,0,0,0,0,0,4,4,-1,[ OK ]
2883.8,18-Jul-25 14:18:24,5317,21.8,0.1448,119.9,0.3738,0.5048,1.461,0,0,0,100,18.48,0.3505,403.9,0.06214,0,0,0,0,0,0,0,4,4,-1,[ OK ]
2884.3,18-Jul-25 14:18:24,5317,21.8,0.1445,120.6,0.3747,0.5053,1.458,0,0,0,100,18.48,0.3499,403.8,0.06609,0,0,0,0,0,0,0,4,4,-1,[ OK ]
2884.7,18-Jul-25 14:18:25,5318,21.8,0.1447,120,0.374,0.506,1.453,0,0,0,100,18.48,0.3498,404.1,0.06457,0,0,0,0,0,0,0,4,4,-1,[ OK ]
2885.2,18-Jul-25 14:18:25,5318,21.8,0.1445,120.6,0.3725,0.5051,1.459,0,0,0,100,18.48,0.3498,404.2,0.06084,0,0,0,0,0,0,0,4,4,-1,[ OK ]
2885.7,18-Jul-25 14:18:26,5319,21.8,0.1444,120.7,0.374,0.504,1.465,0,0,0,100,18.48,0.3493,403.9,0.06597,0,0,0,0,0,0,0,4,4,-1,[ OK ]
2886.4,18-Jul-25 14:18:26,5319,21.8,0.1445,120.2,0.3707,0.5046,1.462,0,0,0,100,18.48,0.347,403.9,0.06381,0,0,0,0,0,0,0,4,4,-1,[ OK ]
2887.0,18-Jul-25 14:18:27,5320,21.8,0.1445,120.3,0.3731,0.5049,1.459,0,0,0,100,18.48,0.3468,403.8,0.07043,0,0,0,0,0,0,0,4,4,-1,[ OK ]
2887.6,18-Jul-25 14:18:27,5320,21.8,0.1446,120,0.369,0.5051,1.458,0,0,0,100,18.48,0.3471,404.1,0.05942,0,0,0,0,0,0,0,4,4,-1,[ OK ]
2888.1,18-Jul-25 14:18:28,5321,21.8,0.1447,119.6,0.3688,0.5034,1.469,0,0,0,100,18.48,0.3455,404.1,0.06329,0,0,0,0,0,0,0,4,4,-1,[ OK ]
2888.6,18-Jul-25 14:18:29,5321,21.8,0.1446,119.9,0.3677,0.5042,1.465,0,0,0,100,18.48,0.3452,404.3,0.06116,0,0,0,0,0,0,0,4,4,-1,[ OK ]
2889.1,18-Jul-25 14:18:29,5322,21.8,0.1446,119.7,0.3667,0.5047,1.462,0,0,0,100,18.48,0.3431,404,0.06456,0,0,0,0,0,0,0,4,4,-1,[ OK ]
2889.6,18-Jul-25 14:18:30,5322,21.8,0.1448,119.3,0.3655,0.5048,1.461,0,0,0,100,18.48,0.3436,403.8,0.05997,0,0,0,0,0,0,0,4,4,-1,[ OK ]
2890.2,18-Jul-25 14:18:30,5323,21.8,0.1446,119.7,0.365,0.5057,1.455,0,0,0,100,18.48,0.3408,403.8,0.06641,0,0,0,0,0,0,0,4,4,-1,[ OK ]
2890.8,18-Jul-25 14:18:31,5324,21.8,0.1446,119.6,0.3608,0.5058,1.454,0,0,0,100,18.48,0.3406,403.8,0.05582,0,0,0,0,0,0,0,4,4,-1,[ OK ]
2891.3,18-Jul-25 14:18:31,5324,21.8,0.1444,120,0.3676,0.5056,1.455,0,0,0,100,18.48,0.3409,404.1,0.07274,0,0,0,0,0,0,0,4,4,-1,[ OK ]
2892.0,18-Jul-25 14:18:32,5325,21.8,0.1443,120.2,0.368,0.5042,1.463,0,0,0,100,18.48,0.3432,403.8,0.06751,0,0,0,0,0,0,0,4,4,-1,[ OK ]
2892.6,18-Jul-25 14:18:33,5325,21.8,0.1441,120.8,0.3655,0.5056,1.454,0,0,0,100,18.48,0.3423,403.8,0.06371,0,0,0,0,0,0,0,4,4,-1,[ OK ]
2893.1,18-Jul-25 14:18:33,5326,21.8,0.1443,120.1,0.3616,0.5052,1.457,0,0,0,100,18.48,0.342,404.3,0.054,0,0,0,0,0,0,0,4,4,-1,[ OK ]
2893.8,18-Jul-25 14:18:34,5327,21.8,0.1443,120,0.3639,0.5039,1.464,0,0,0,100,18.48,0.3441,403.8,0.05417,0,0,0,0,0,0,0,4,4,-1,[ OK ]
2894.3,18-Jul-25 14:18:34,5327,21.8,0.1443,119.9,0.3633,0.504,1.464,0,0,0,100,18.48,0.3414,404,0.06005,0,0,0,0,0,0,0,4,4,-1,[ OK ]
2894.9,18-Jul-25 14:18:35,5328,21.8,0.1443,119.9,0.3687,0.5043,1.462,0,0,0,100,18.48,0.3417,404.1,0.07319,0,0,0,0,0,0,0,4,4,-1,[ OK ]
2895.4,18-Jul-25 14:18:35,5328,21.8,0.1441,120.3,0.3646,0.5055,1.455,0,0,0,100,18.48,0.3412,404.1,0.06418,0,0,0,0,0,0,0,4,4,-1,[ OK ]
2895.8,18-Jul-25 14:18:36,5329,21.8,0.1442,120.1,0.3591,0.5037,1.466,0,0,0,100,18.48,0.342,404.2,0.04746,0,0,0,0,0,0,0,4,4,-1,[ OK ]
2896.2,18-Jul-25 14:18:36,5329,21.8,0.144,120.5,0.3614,0.5052,1.458,0,0,0,100,18.48,0.3441,403.9,0.04768,0,0,0,0,0,0,0,4,4,-1,[ OK ]
2896.5,18-Jul-25 14:18:36,5329,21.8,0.144,120.6,0.3592,0.5041,1.464,0,0,0,100,18.48,0.3433,404,0.04425,0,0,0,0,0,0,0,4,4,-1,[ OK ]
2897.1,18-Jul-25 14:18:37,5330,21.8,0.1444,119.6,0.3608,0.5053,1.456,0,0,0,100,18.48,0.3422,404.2,0.05147,0,0,0,0,0,0,0,4,4,-1,[ OK ]
2897.6,18-Jul-25 14:18:38,5330,21.8,0.1441,120.5,0.3663,0.5052,1.456,0,0,0,100,18.48,0.3419,403.9,0.06673,0,0,0,0,0,0,0,4,4,-1,[ OK ]
2898.1,18-Jul-25 14:18:38,5331,21.8,0.1443,119.9,0.3628,0.5043,1.461,0,0,0,100,18.48,0.3429,403.8,0.05488,0,0,0,0,0,0,0,4,4,-1,[ OK ]
2898.7,18-Jul-25 14:18:39,5332,21.8,0.1443,119.7,0.3599,0.5046,1.46,0,0,0,100,18.48,0.3418,404.2,0.05035,0,0,0,0,0,0,0,4,4,-1,[ OK ]
2899.2,18-Jul-25 14:18:39,5332,21.8,0.1442,120,0.3605,0.505,1.457,0,0,0,100,18.48,0.342,404.1,0.05136,0,0,0,0,0,0,0,4,4,-1,[ OK ]
2899.8,18-Jul-25 14:18:40,5333,21.8,0.144,120.4,0.3557,0.5053,1.455,0,0,0,100,18.48,0.3416,404.1,0.03968,0,0,0,0,0,0,0,4,4,-1,[ OK ]
2900.5,18-Jul-25 14:18:40,5333,21.8,0.1442,119.9,0.36,0.5045,1.46,0,0,0,100,18.48,0.3413,404,0.05195,0,0,0,0,0,0,0,4,4,-1,[ OK ]
2901.0,18-Jul-25 14:18:41,5334,21.8,0.1442,119.9,0.3585,0.5041,1.462,0,0,0,100,18.48,0.3407,404,0.0497,0,0,0,0,0,0,0,4,4,-1,[ OK ]
2902.4,18-Jul-25 14:18:42,5335,21.8,0,117.3,0.08709,0.5053,1.456,0,0,0,100,18.48,0.3294,404.1,0,0,-1,0,-2,0,-1,0,3.625,4,2,[ OK ]
2904.5,18-Jul-25 14:18:44,5337,21.8,0,16.32,0.04037,0.5035,1.466,0,0,0,100,18.48,0.3242,403.8,0,0,-1,0,-2,0,-1,0,3.25,4,2,[ OK ]
3222.2,18-Jul-25 14:24:02,5654,21.8,0,0.813,0.04096,0,0.003223,0,0,0,100,18.48,0.003988,0,0,0,-1,0,-2,0,-1,1,2.75,2,4,[ OK ]
3224.0,18-Jul-25 14:24:04,5656,21.8,0,0.287,0.04027,0.3216,0.6188,0,0,0,100,18.48,0.002578,0,0,0,-1,0,-2,0,-1,1,3,3,4,[ OK ]
3226.0,18-Jul-25 14:24:06,5658,21.8,0,0.9246,0.04126,0.4196,1.164,0,0,0,100,18.48,0.3252,404.4,0,0,-1,0,-2,0,-1,0,3.211,3,4,[ OK ]
3228.1,18-Jul-25 14:24:08,5660,21.8,0,0.6855,0.04235,0.4524,1.364,0,0,0,100,18.48,0.325,404,0,0,-1,0,-2,0,-1,0,3.474,3,4,[ OK ]
3230.2,18-Jul-25 14:24:10,5662,21.8,0.007707,74.4,0.04334,0.4675,1.428,0,0,0,100,18.48,0.3261,404.3,-1,0,-1,0,-2,0,0,0,3.684,3,4,[ OK ]
3232.1,18-Jul-25 14:24:12,5664,21.8,0.03623,40.81,0.04602,0.5625,1.934,0,0,0,100,18.48,0.323,403.9,-1,0,-1,0,-2,0,0,0,3.789,3,4,[ OK ]
3233.4,18-Jul-25 14:24:13,5666,21.8,0.05702,47.57,0.04791,0.5708,1.973,0,0,0,100,18.48,0.3215,404,-1,0,-1,0,-2,0,0,0,3.789,3,4,[ OK ]
3234.1,18-Jul-25 14:24:14,5667,21.8,0.06308,54.57,0.04543,0.5728,1.984,0,0,0,100,18.48,0.3226,404.3,-1,0,-1,0,-2,0,0,0,3.789,3,4,[ OK ]
3234.7,18-Jul-25 14:24:15,5668,21.8,0.06595,58.33,0.04503,0.5751,1.981,0,0,0,100,18.48,0.3242,404,-1,0,-1,0,-2,0,0,0,3.789,3,4,[ OK ]
3235.4,18-Jul-25 14:24:15,5668,21.8,0.06859,62.19,0.04364,0.5777,1.977,0,0,0,100,18.48,0.324,404.3,-1,0,-1,0,-2,0,0,0,3.789,3,4,[ OK ]
3235.9,18-Jul-25 14:24:16,5669,21.8,0.07067,65.57,0.04503,0.5773,1.986,0,0,0,100,18.48,0.3235,404.2,-1,0,-1,0,-2,0,0,0,3.789,3,4,[ OK ]
3236.4,18-Jul-25 14:24:16,5669,21.8,0.07219,66.83,0.04215,0.5776,1.99,0,0,0,100,18.48,0.3226,404.2,-1,0,-1,0,-2,0,0,0,3.789,3,4,[ OK ]
3236.9,18-Jul-25 14:24:17,5670,21.8,0.07363,69.41,0.04562,0.5806,1.98,0,0,0,100,18.48,0.3239,404.3,-1,0,-1,0,-2,0,0,0,3.789,3,4,[ OK ]
3237.4,18-Jul-25 14:24:17,5670,21.8,0.07448,70.97,0.04582,0.5811,1.981,0,0,0,100,18.48,0.3245,404,-1,0,-1,0,-2,0,0,0,3.789,3,4,[ OK ]
3238.0,18-Jul-25 14:24:18,5671,21.8,0.07534,73.46,0.0481,0.5807,1.99,0,0,0,100,18.48,0.3244,404,-1,0,-1,0,-2,0,0,0,3.789,3,4,[ OK ]
3238.6,18-Jul-25 14:24:19,5671,21.8,0.07646,73.51,0.04959,0.5818,1.989,0,0,0,100,18.48,0.324,404.3,-1,0,-1,0,-2,0,0,0,3.789,3,4,[ OK ]
3239.1,18-Jul-25 14:24:19,5672,21.8,0.07708,75.17,0.04414,0.5816,1.997,0,0,0,100,18.48,0.3224,404,-1,0,-1,0,-2,0,0,0,3.789,3,4,[ OK ]
3239.7,18-Jul-25 14:24:20,5673,21.8,0.07808,74.78,0.0481,0.5838,1.99,0,0,0,100,18.48,0.3226,404.2,-1,0,-1,0,-2,0,0,0,3.789,3,4,[ OK ]
3240.2,18-Jul-25 14:24:20,5673,21.8,0.07832,76.07,0.0483,0.5845,1.991,0,0,0,100,18.48,0.3218,404,-1,0,-1,0,-2,0,0,0,3.789,3,4,[ OK ]
3240.7,18-Jul-25 14:24:21,5673,21.8,0.07881,76.14,0.04344,0.584,1.998,0,0,0,100,18.48,0.322,404.3,-1,0,-1,0,-2,0,0,0,3.789,3,4,[ OK ]
3241.2,18-Jul-25 14:24:21,5674,21.8,0.0789,77.64,0.04424,0.5855,1.995,0,0,0,100,18.48,0.3229,404,-1,0,-1,0,-2,0,0,0,3.789,3,4,[ OK ]
3241.7,18-Jul-25 14:24:22,5674,21.8,0.07917,77.99,0.04523,0.5872,1.988,0,0,0,100,18.48,0.3215,404.1,-1,0,-1,0,-2,0,0,0,3.789,3,4,[ OK ]
3242.1,18-Jul-25 14:24:22,5675,21.8,0.07973,77.54,0.04622,0.5881,1.985,0,0,0,100,18.48,0.3216,404.2,-1,0,-1,0,-2,0,0,0,3.789,3,4,[ OK ]
3242.6,18-Jul-25 14:24:23,5675,21.8,0.0799,77.76,0.04582,0.5872,1.994,0,0,0,100,18.48,0.3208,404.2,-1,0,-1,0,-2,0,0,0,3.789,3,4,[ OK ]
3243.2,18-Jul-25 14:24:23,5676,21.8,0.08001,78.35,0.04592,0.5874,1.998,0,0,0,100,18.48,0.321,404,-1,0,-1,0,-2,0,0,0,3.789,3,4,[ OK ]
3243.6,18-Jul-25 14:24:24,5676,21.8,0.08024,78.16,0.04582,0.5886,1.995,0,0,0,100,18.48,0.3234,404,-1,0,-1,0,-2,0,0,0,3.789,3,4,[ OK ]
3244.1,18-Jul-25 14:24:24,5677,21.8,0.08009,79.21,0.04572,0.5894,1.995,0,0,0,100,18.48,0.3227,404.3,-1,0,-1,0,-2,0,0,0,3.789,3,4,[ OK ]
3244.7,18-Jul-25 14:24:25,5677,21.8,0.08047,78.55,0.04642,0.5899,1.996,0,0,0,100,18.48,0.3224,403.9,-1,0,-1,0,-2,0,0,0,3.789,3,4,[ OK ]
3245.2,18-Jul-25 14:24:25,5678,21.8,0.08042,79.29,0.04543,0.5911,1.994,0,0,0,100,18.48,0.321,404.2,-1,0,-1,0,-2,0,0,0,3.789,3,4,[ OK ]
3245.8,18-Jul-25 14:24:26,5679,21.8,0.08048,79.57,0.04275,0.5931,1.986,0,0,0,100,18.48,0.3215,404.1,-1,0,-1,0,-2,0,0,0,3.789,3,4,[ OK ]
3246.3,18-Jul-25 14:24:26,5679,21.8,0.08069,79.2,0.04652,0.5939,1.985,0,0,0,100,18.48,0.3209,403.8,-1,0,-1,0,-2,0,0,0,3.789,3,4,[ OK ]
3246.9,18-Jul-25 14:24:27,5680,21.8,0.08046,80.12,0.04225,0.5941,1.988,0,0,0,100,18.48,0.3213,404.2,-1,0,-1,0,-2,0,0,0,3.789,3,4,[ OK ]
3247.4,18-Jul-25 14:24:27,5680,21.8,0.08065,79.77,0.04612,0.5939,1.992,0,0,0,100,18.48,0.3198,404.3,-1,0,-1,0,-2,0,0,0,3.789,3,4,[ OK ]
3247.8,18-Jul-25 14:24:28,5681,21.8,0.0801,81.62,0.04652,0.5949,1.991,0,0,0,100,18.48,0.3198,404,-1,0,-1,0,-2,0,0,0,3.789,3,4,[ OK ]
3248.2,18-Jul-25 14:24:28,5681,21.8,0.08079,79.73,0.04503,0.5953,1.991,0,0,0,100,18.48,0.3212,404,-1,0,-1,0,-2,0,0,0,3.789,3,4,[ OK ]
3248.7,18-Jul-25 14:24:29,5682,21.8,0.08084,79.69,0.04463,0.5961,1.989,0,0,0,100,18.48,0.3226,404,-1,0,-1,0,-2,0,0,0,3.789,3,4,[ OK ]
3249.3,18-Jul-25 14:24:29,5682,21.8,0.08087,79.74,0.04463,0.597,1.988,0,0,0,100,18.48,0.321,404.2,-1,0,-1,0,-2,0,0,0,3.789,3,4,[ OK ]
3249.8,18-Jul-25 14:24:30,5683,21.8,0.08075,80.25,0.04513,0.5975,1.989,0,0,0,100,18.48,0.3223,404.3,-1,0,-1,0,-2,0,0,0,3.789,3,4,[ OK ]
3250.2,18-Jul-25 14:24:30,5683,21.8,0.08096,79.71,0.04493,0.5972,1.995,0,0,0,100,18.48,0.3233,403.9,-1,0,-1,0,-2,0,0,0,3.789,3,4,[ OK ]
3250.7,18-Jul-25 14:24:31,5683,21.8,0.08079,80.33,0.04612,0.5969,2,0,0,0,100,18.48,0.3244,404,-1,0,-1,0,-2,0,0,0,3.789,3,4,[ OK ]
3251.1,18-Jul-25 14:24:31,5684,21.8,0.0808,80.43,0.04453,0.5981,1.996,0,0,0,100,18.48,0.3226,404.3,-1,0,-1,0,-2,0,0,0,3.789,3,4,[ OK ]
3251.7,18-Jul-25 14:24:32,5685,21.8,0.08109,79.65,0.04553,0.5995,1.993,0,0,0,100,18.48,0.3233,404,-1,0,-1,0,-2,0,0,0,3.789,3,4,[ OK ]
3252.2,18-Jul-25 14:24:32,5685,21.8,0.08096,80.12,0.04265,0.5981,2.004,0,0,0,100,18.48,0.3218,404.2,-1,0,-1,0,-2,0,0,0,3.789,3,4,[ OK ]
3252.7,18-Jul-25 14:24:33,5685,21.8,0.08096,80.08,0.04483,0.6013,1.989,0,0,0,100,18.48,0.3204,404,-1,0,-1,0,-2,0,0,0,3.789,3,4,[ OK ]
3253.2,18-Jul-25 14:24:33,5686,21.8,0.08101,80,0.04533,0.6024,1.986,0,0,0,100,18.48,0.3224,404.3,-1,0,-1,0,-2,0,0,0,3.789,3,4,[ OK ]
3253.7,18-Jul-25 14:24:34,5686,21.8,0.08111,79.69,0.04652,0.6025,1.987,0,0,0,100,18.48,0.3205,404.3,-1,0,-1,0,-2,0,0,0,3.789,3,4,[ OK ]
3254.2,18-Jul-25 14:24:34,5687,21.8,0.0811,79.8,0.04523,0.6022,1.993,0,0,0,100,18.48,0.321,404,-1,0,-1,0,-2,0,0,0,3.789,3,4,[ OK ]
3254.8,18-Jul-25 14:24:35,5688,21.8,0.08098,80.08,0.03928,0.6038,1.987,0,0,0,100,18.48,0.3218,403.9,-1,0,-1,0,-2,0,0,0,3.789,3,4,[ OK ]
3255.5,18-Jul-25 14:24:35,5688,21.8,0.081,80.01,0.0488,0.6044,1.987,0,0,0,100,18.48,0.3222,404.2,-1,0,-1,0,-2,0,0,0,3.789,3,4,[ OK ]
3256.0,18-Jul-25 14:24:36,5689,21.8,0.08105,79.9,0.04612,0.6031,1.999,0,0,0,100,18.48,0.3224,403.9,-1,0,-1,0,-2,0,0,0,3.789,3,4,[ OK ]
3256.6,18-Jul-25 14:24:37,5689,21.8,0.08104,79.95,0.04622,0.605,1.992,0,0,0,100,18.48,0.3215,404.1,-1,0,-1,0,-2,0,0,0,3.789,3,4,[ OK ]
3257.1,18-Jul-25 14:24:37,5690,21.8,0.08107,79.85,0.04771,0.6043,2,0,0,0,100,18.48,0.3221,404,-1,0,-1,0,-2,0,0,0,3.789,3,4,[ OK ]
3257.6,18-Jul-25 14:24:38,5690,21.82,0.08119,79.5,0.04562,0.6066,1.99,0,0,0,100,18.48,0.3216,404.2,-1,0,-1,0,-2,0,0,0,3.789,3,4,[ OK ]
3258.1,18-Jul-25 14:24:38,5691,21.82,0.08102,80.09,0.04582,0.6073,1.988,0,0,0,100,18.48,0.3204,404.3,-1,0,-1,0,-2,0,0,0,3.789,3,4,[ OK ]
3258.6,18-Jul-25 14:24:38,5691,21.82,0.08107,79.88,0.04572,0.6065,1.995,0,0,0,100,18.48,0.3181,404.3,-1,0,-1,0,-2,0,0,0,3.789,3,4,[ OK ]
3259.0,18-Jul-25 14:24:39,5692,21.82,0.08106,79.9,0.04384,0.6077,1.991,0,0,0,100,18.48,0.32,404.3,-1,0,-1,0,-2,0,0,0,3.789,3,4,[ OK ]
3259.5,18-Jul-25 14:24:39,5692,21.82,0.08102,80.01,0.04602,0.6073,1.996,0,0,0,100,18.48,0.3198,404,-1,0,-1,0,-2,0,0,0,3.789,3,4,[ OK ]
3260.0,18-Jul-25 14:24:40,5693,21.82,0.08103,79.98,0.04543,0.6084,1.994,0,0,0,100,18.48,0.319,404,-1,0,-1,0,-2,0,0,0,3.789,3,4,[ OK ]
3260.5,18-Jul-25 14:24:40,5693,21.82,0.08109,79.76,0.04543,0.6082,1.997,0,0,0,100,18.48,0.3188,404,-1,0,-1,0,-2,0,0,0,3.789,3,4,[ OK ]
3260.9,18-Jul-25 14:24:41,5694,21.82,0.08114,79.71,0.04493,0.6086,1.998,0,0,0,100,18.48,0.3199,404.2,-1,0,-1,0,-2,0,0,0,3.789,3,4,[ OK ]
3261.4,18-Jul-25 14:24:41,5694,21.82,0.08091,80.35,0.04176,0.6093,1.998,0,0,0,100,18.48,0.3198,403.9,-1,0,-1,0,-2,0,0,0,3.789,3,4,[ OK ]
3262.0,18-Jul-25 14:24:42,5695,21.82,0.08106,79.98,0.04642,0.6119,1.985,0,0,0,100,18.48,0.3197,404.2,-1,0,-1,0,-2,0,0,0,3.789,3,4,[ OK ]
3262.5,18-Jul-25 14:24:42,5695,21.82,0.08107,79.93,0.04354,0.6114,1.99,0,0,0,100,18.48,0.3194,403.9,-1,0,-1,0,-2,0,0,0,3.789,3,4,[ OK ]
3263.1,18-Jul-25 14:24:43,5696,21.82,0.08119,79.58,0.04791,0.6098,2.003,0,0,0,100,18.48,0.3174,404.1,-1,0,-1,0,-2,0,0,0,3.789,3,4,[ OK ]
3263.7,18-Jul-25 14:24:44,5697,21.82,0.08088,80.54,0.04374,0.613,1.987,0,0,0,100,18.48,0.3168,404.3,-1,0,-1,0,-2,0,0,0,3.789,3,4,[ OK ]
3264.3,18-Jul-25 14:24:44,5697,21.82,0.08093,80.43,0.04572,0.6116,1.999,0,0,0,100,18.48,0.3169,404.3,-1,0,-1,0,-2,0,0,0,3.789,3,4,[ OK ]
3264.9,18-Jul-25 14:24:45,5698,21.82,0.081,80.22,0.04662,0.6125,1.997,0,0,0,100,18.48,0.3182,404,-1,0,-1,0,-2,0,0,0,3.789,3,4,[ OK ]
3265.3,18-Jul-25 14:24:45,5698,21.82,0.08094,80.46,0.04424,0.6133,1.994,0,0,0,100,18.48,0.316,404.3,-1,0,-1,0,-2,0,0,0,3.789,3,4,[ OK ]
3265.8,18-Jul-25 14:24:46,5699,21.82,0.08114,79.85,0.04632,0.6138,1.994,0,0,0,100,18.48,0.3159,403.9,-1,0,-1,0,-2,0,0,0,3.789,3,4,[ OK ]
3266.4,18-Jul-25 14:24:46,5699,21.82,0.08112,79.96,0.04334,0.6138,1.996,0,0,0,100,18.48,0.3146,404,-1,0,-1,0,-2,0,0,0,3.789,3,4,[ OK ]
3266.9,18-Jul-25 14:24:47,5700,21.82,0.08112,79.9,0.04414,0.6133,2.002,0,0,0,100,18.48,0.3134,404,-1,0,-1,0,-2,0,0,0,3.789,3,4,[ OK ]
3267.3,18-Jul-25 14:24:47,5700,21.82,0.08162,78.67,0.1189,0.6157,1.99,0,0,0,100,18.48,0.3236,404,-1,0,0,0,-2,0,0,0,3.789,3,4,[ OK ]
3268.5,18-Jul-25 14:24:48,5701,21.82,0.08216,77.84,0.1158,0.5603,1.74,0,0,0,100,18.48,0.3248,404.2,-1,0,0,0,0,0,0,0,4,4,-1,[ OK ]
3270.7,18-Jul-25 14:24:51,5703,21.82,0.08459,78,0.1263,0.52,1.529,0,0,0,100,18.48,0.3232,404.2,-1,0,0,0,0,0,0,0,4,4,-1,[ OK ]
3271.5,18-Jul-25 14:24:51,5704,21.82,0.08497,78.32,0.1283,0.515,1.512,0,0,0,100,18.48,0.3231,404.3,-1,0,0,0,0,0,0,0,4,4,-1,[ OK ]
3272.0,18-Jul-25 14:24:52,5705,21.82,0.08513,78.63,0.1283,0.5129,1.503,0,0,0,100,18.48,0.3263,404.3,-1,0,0,0,0,0,0,0,4,4,-1,[ OK ]
3272.4,18-Jul-25 14:24:52,5705,21.82,0.08531,78.67,0.1302,0.5118,1.495,0,0,0,100,18.48,0.3268,404,-1,0,0,0,0,0,0,0,4,4,-1,[ OK ]
3272.8,18-Jul-25 14:24:53,5706,21.82,0.08544,78.72,0.1264,0.5119,1.484,0,0,0,100,18.48,0.3242,404,-1,0,0,0,0,0,0,0,4,4,-1,[ OK ]
3273.2,18-Jul-25 14:24:53,5706,21.82,0.08565,78.42,0.1278,0.5106,1.482,0,0,0,100,18.48,0.325,403.9,-1,0,0,0,0,0,0,0,4,4,-1,[ OK ]
3273.6,18-Jul-25 14:24:54,5706,21.82,0.08555,79.2,0.127,0.51,1.477,0,0,0,100,18.48,0.3271,403.9,-1,0,0,0,0,0,0,0,4,4,-1,[ OK ]
3274.0,18-Jul-25 14:24:54,5707,21.82,0.08552,79.57,0.1283,0.5094,1.474,0,0,0,100,18.48,0.3269,403.9,-1,0,0,0,0,0,0,0,4,4,-1,[ OK ]
3274.4,18-Jul-25 14:24:54,5707,21.82,0.08577,79.12,0.1262,0.5079,1.477,0,0,0,100,18.48,0.3273,404.2,-1,0,0,0,0,0,0,0,4,4,-1,[ OK ]
3274.9,18-Jul-25 14:24:55,5708,21.82,0.08578,79.34,0.127,0.507,1.478,0,0,0,100,18.48,0.3273,403.8,-1,0,0,0,0,0,0,0,4,4,-1,[ OK ]
3275.3,18-Jul-25 14:24:55,5708,21.82,0.08581,79.57,0.1288,0.5066,1.476,0,0,0,100,18.48,0.3267,403.9,-1,0,0,0,0,0,0,0,4,4,-1,[ OK ]
3275.8,18-Jul-25 14:24:56,5709,21.82,0.08596,79.39,0.1283,0.5073,1.469,0,0,0,100,18.48,0.3279,404.2,-1,0,0,0,0,0,0,0,4,4,-1,[ OK ]
3276.2,18-Jul-25 14:24:56,5709,21.82,0.08585,79.84,0.126,0.5074,1.465,0,0,0,100,18.48,0.3274,404.2,-1,0,0,0,0,0,0,0,4,4,-1,[ OK ]
3276.6,18-Jul-25 14:24:57,5710,21.82,0.08599,79.6,0.1256,0.5071,1.465,0,0,0,100,18.48,0.3274,404.2,-1,0,0,0,0,0,0,0,4,4,-1,[ OK ]
3277.1,18-Jul-25 14:24:57,5710,21.82,0.086,79.73,0.1266,0.5059,1.47,0,0,0,100,18.48,0.3265,404.2,-1,0,0,0,0,0,0,0,4,4,-1,[ OK ]
3277.5,18-Jul-25 14:24:57,5710,21.82,0.08601,79.9,0.1268,0.5072,1.461,0,0,0,100,18.48,0.3298,404.2,-1,0,0,0,0,0,0,0,4,4,-1,[ OK ]
3277.9,18-Jul-25 14:24:58,5711,21.82,0.086,80.01,0.1262,0.5072,1.459,0,0,0,100,18.48,0.3306,404.2,-1,0,0,0,0,0,0,0,4,4,-1,[ OK ]
3278.3,18-Jul-25 14:24:58,5711,21.82,0.0861,79.76,0.1259,0.5063,1.463,0,0,0,100,18.48,0.3291,403.9,-1,0,0,0,0,0,0,0,4,4,-1,[ OK ]
3278.7,18-Jul-25 14:24:59,5712,21.82,0.08587,80.6,0.1265,0.5055,1.467,0,0,0,100,18.48,0.33,404.2,-1,0,0,0,0,0,0,0,4,4,-1,[ OK ]
3279.1,18-Jul-25 14:24:59,5712,21.82,0.08593,80.47,0.1267,0.5062,1.462,0,0,0,100,18.48,0.3308,403.8,-1,0,0,0,0,0,0,0,4,4,-1,[ OK ]
3279.5,18-Jul-25 14:24:59,5712,21.82,0.08623,79.61,0.127,0.5073,1.455,0,0,0,100,18.48,0.3316,404.2,-1,0,0,0,0,0,0,0,4,4,-1,[ OK ]
3280.0,18-Jul-25 14:25:00,5713,21.82,0.08615,79.92,0.1261,0.5069,1.456,0,0,0,100,18.48,0.3299,403.8,-1,0,0,0,0,0,0,0,4,4,-1,[ OK ]
3280.4,18-Jul-25 14:25:00,5713,21.82,0.08609,80.14,0.1311,0.507,1.455,0,0,0,100,18.48,0.3301,404.3,-1,0,0,0,0,0,0,0,4,4,-1,[ OK ]
3280.8,18-Jul-25 14:25:01,5714,21.82,0.08614,79.96,0.126,0.5059,1.461,0,0,0,100,18.48,0.3278,404.2,-1,0,0,0,0,0,0,0,4,4,-1,[ OK ]
3281.2,18-Jul-25 14:25:01,5714,21.82,0.0862,79.82,0.1263,0.5057,1.461,0,0,0,100,18.48,0.3269,404.1,-1,0,0,0,0,0,0,0,4,4,-1,[ OK ]
3281.6,18-Jul-25 14:25:02,5714,21.82,0.08635,79.41,0.1249,0.506,1.459,0,0,0,100,18.48,0.3265,404.2,-1,0,0,0,0,0,0,0,4,4,-1,[ OK ]
3281.9,18-Jul-25 14:25:02,5715,21.82,0.08616,80,0.1282,0.5046,1.467,0,0,0,100,18.48,0.326,404.1,-1,0,0,0,0,0,0,0,4,4,-1,[ OK ]
3282.2,18-Jul-25 14:25:02,5715,21.82,0.0862,79.87,0.1255,0.5061,1.459,0,0,0,100,18.48,0.326,404,-1,0,0,0,0,0,0,0,4,4,-1,[ OK ]
3282.8,18-Jul-25 14:25:03,5715,21.82,0.08631,79.6,0.1228,0.5065,1.456,0,0,0,100,18.48,0.3245,404.2,-1,0,0,0,0,0,0,0,4,4,-1,[ OK ]
3283.2,18-Jul-25 14:25:03,5716,21.82,0.08831,81.62,0.1267,0.5061,1.459,0,0,0,100,18.48,0.3242,404,-1,0,0,0,0,0,0,0,4,4,-1,[ OK ]
3283.6,18-Jul-25 14:25:04,5716,21.82,0.08868,81.62,0.122,0.5068,1.455,0,0,0,100,18.48,0.3241,404.2,-1,0,0,0,0,0,0,0,4,4,-1,[ OK ]
3283.9,18-Jul-25 14:25:04,5717,21.82,0.09179,80.09,0.1278,0.5061,1.458,0,0,0,100,18.48,0.325,404.2,-1,0,0,0,0,0,0,0,4,4,-1,[ OK ]
3284.2,18-Jul-25 14:25:04,5717,21.82,0.09185,82.31,0.1269,0.5063,1.457,0,0,0,100,18.48,0.3251,404.2,-1,0,0,0,0,0,0,0,4,4,-1,[ OK ]
3284.7,18-Jul-25 14:25:05,5717,21.82,0.09243,83.38,0.1295,0.5058,1.46,0,0,0,100,18.48,0.3246,404.2,-1,0,0,0,0,0,0,0,4,4,-1,[ OK ]
3285.0,18-Jul-25 14:25:05,5718,21.82,0.09529,83.61,0.129,0.5055,1.462,0,0,0,100,18.48,0.3254,404,-1,0,0,0,0,0,0,0,4,4,-1,[ OK ]
3285.3,18-Jul-25 14:25:05,5718,21.82,0.09567,85.19,0.1286,0.5051,1.465,0,0,0,100,18.48,0.3254,403.8,-1,0,0,0,0,0,0,0,4,4,-1,[ OK ]
3285.6,18-Jul-25 14:25:06,5718,21.82,0.09632,85.94,0.1309,0.5048,1.467,0,0,0,100,18.48,0.3242,404.3,-1,0,0,0,0,0,0,0,4,4,-1,[ OK ]
3285.9,18-Jul-25 14:25:06,5719,21.82,0.09912,87.27,0.1379,0.5069,1.454,0,0,0,100,18.48,0.3261,403.9,-1,0,0,0,0,0,0,0,4,4,-1,[ OK ]
3286.2,18-Jul-25 14:25:06,5719,21.82,0.09996,88.24,0.1301,0.5057,1.46,0,0,0,100,18.48,0.3259,404.1,-1,0,0,0,0,0,0,0,4,4,-1,[ OK ]
3286.7,18-Jul-25 14:25:07,5720,21.82,0.1009,89.78,0.1286,0.5047,1.465,0,0,0,100,18.48,0.3248,403.8,-1,0,0,0,0,0,0,0,4,4,-1,[ OK ]
3287.0,18-Jul-25 14:25:07,5720,21.82,0.1039,91.2,0.1303,0.5052,1.461,0,0,0,100,18.48,0.3237,404,-1,0,0,0,0,0,0,0,4,4,-1,[ OK ]
3287.3,18-Jul-25 14:25:07,5720,21.82,0.1049,91.79,0.1249,0.5064,1.455,0,0,0,100,18.48,0.3223,403.9,-1,0,0,0,0,0,0,0,4,4,-1,[ OK ]
3287.7,18-Jul-25 14:25:08,5720,21.82,0.1058,92.61,0.1379,0.5057,1.459,0,0,0,100,18.48,0.3239,403.9,-1,0,0,0,0,0,0,0,4,4,-1,[ OK ]
3288.1,18-Jul-25 14:25:08,5721,21.82,0.1094,94.38,0.133,0.5068,1.452,0,0,0,100,18.48,0.3244,404.2,-1,0,0,0,0,0,0,0,4,4,-1,[ OK ]
3288.5,18-Jul-25 14:25:08,5721,21.82,0.1105,96.81,0.1379,0.5052,1.461,0,0,0,100,18.48,0.323,404.2,-1,0,0,0,0,0,0,0,4,4,-1,[ OK ]
3289.0,18-Jul-25 14:25:09,5722,21.82,0.1137,97.95,0.1396,0.5059,1.456,0,0,0,100,18.48,0.3239,403.9,-1,0,0,0,0,0,0,0,4,4,-1,[ OK ]
3289.3,18-Jul-25 14:25:09,5722,21.82,0.1149,100.1,0.1379,0.5047,1.463,0,0,0,100,18.48,0.3218,404.2,-1,0,0,0,0,0,0,0,4,4,-1,[ OK ]
3289.7,18-Jul-25 14:25:10,5722,21.82,0.1163,100.2,0.1379,0.5049,1.462,0,0,0,100,18.48,0.3224,404.2,-1,0,0,0,0,0,0,0,4,4,-1,[ OK ]
3290.1,18-Jul-25 14:25:10,5723,21.82,0.1197,103,0.1379,0.5048,1.463,0,0,0,100,18.48,0.3227,404.2,-1,0,0,0,0,0,0,0,4,4,-1,[ OK ]
3290.4,18-Jul-25 14:25:10,5723,21.82,0.1208,104.4,0.1379,0.5054,1.459,0,0,0,100,18.48,0.3263,404.2,-1,0,0,0,0,0,0,0,4,4,-1,[ OK ]
3290.8,18-Jul-25 14:25:11,5724,21.82,0.1243,104.6,0.1387,0.5058,1.457,0,0,0,100,18.48,0.3257,403.9,-1,0,0,0,0,0,0,0,4,4,-1,[ OK ]
3291.3,18-Jul-25 14:25:11,5724,21.82,0.126,108.1,0.1379,0.5049,1.463,0,0,0,100,18.48,0.3256,403.9,-1,0,0,0,0,0,0,0,4,4,-1,[ OK ]
3291.5,18-Jul-25 14:25:11,5724,21.82,0.1273,109.2,0.1379,0.5042,1.468,0,0,0,100,18.48,0.3262,404,-1,0,0,0,0,0,0,0,4,4,-1,[ OK ]
3291.9,18-Jul-25 14:25:12,5725,21.82,0.1299,110.3,0.138,0.5048,1.465,0,0,0,100,18.48,0.3253,404.1,-1,0,0,0,0,0,0,0,4,4,-1,[ OK ]
3292.3,18-Jul-25 14:25:12,5725,21.82,0.1321,112.5,0.142,0.5045,1.466,0,0,0,100,18.48,0.3275,404.1,-1,0,0,0,0,0,0,0,4,4,-1,[ OK ]
3292.9,18-Jul-25 14:25:13,5726,21.82,0.1358,114.5,0.1407,0.5062,1.456,0,0,0,100,18.48,0.3293,403.9,-1,0,0,0,0,0,0,0,4,4,-1,[ OK ]
3293.3,18-Jul-25 14:25:13,5726,21.82,0.1378,117.6,0.1425,0.5047,1.464,0,0,0,100,18.48,0.3282,403.9,-1,0,0,0,0,0,0,0,4,4,-1,[ OK ]
3293.8,18-Jul-25 14:25:14,5727,21.82,0.1398,118.6,0.1421,0.5065,1.453,0,0,0,100,18.48,0.3281,404.1,-1,0,0,0,0,0,0,0,4,4,-1,[ OK ]
3294.3,18-Jul-25 14:25:14,5727,21.82,0.1441,122.4,0.1424,0.5051,1.461,0,0,0,100,18.48,0.3288,404,-1,0,0,0,0,0,0,0,4,4,-1,[ OK ]
3294.8,18-Jul-25 14:25:15,5728,21.82,0.146,123.2,0.1435,0.5064,1.454,0,0,0,100,18.48,0.3288,403.9,-1,0,0,0,0,0,0,0,4,4,-1,[ OK ]
3295.3,18-Jul-25 14:25:15,5728,21.82,0.1506,126.3,0.1439,0.5048,1.463,0,0,0,100,18.48,0.3279,403.9,-1,0,0,0,0,0,0,0,4,4,-1,[ OK ]
3295.8,18-Jul-25 14:25:16,5729,21.82,0.1526,127.8,0.1486,0.5049,1.463,0,0,0,100,18.48,0.3287,404.2,-1,0,0,0,0,0,0,0,4,4,-1,[ OK ]
3296.3,18-Jul-25 14:25:16,5729,21.82,0.1569,131.6,0.1505,0.5059,1.457,0,0,0,100,18.48,0.3269,404.2,-1,0,0,0,0,0,0,0,4,4,-1,[ OK ]
3297.1,18-Jul-25 14:25:17,5730,21.82,0.159,132.6,0.149,0.5059,1.457,0,0,0,100,18.48,0.3279,403.9,-1,0,0,0,0,0,0,0,4,4,-1,[ OK ]
3297.8,18-Jul-25 14:25:18,5731,21.82,0.1689,137.2,0.1538,0.5047,1.46,0,0,0,100,18.48,0.3292,404.2,-1,0,0,0,0,0,0,0,4,4,-1,[ OK ]
3298.2,18-Jul-25 14:25:18,5731,21.82,0.1709,139.5,0.2592,0.5049,1.46,0,0,0,100,18.48,0.3328,403.9,-0.284,0,0,0,0,0,0,0,4,4,-1,[ OK ]
3298.6,18-Jul-25 14:25:19,5731,21.82,0.1737,139.4,0.4032,0.5048,1.46,0,0,0,100,18.48,0.3391,404,0.1589,0,0,0,0,0,0,0,4,4,-1,[ OK ]
3299.2,18-Jul-25 14:25:19,5732,21.82,0.1769,140.2,0.3954,0.5043,1.464,0,0,0,100,18.48,0.3392,404.2,0.1422,0,0,0,0,0,0,0,4,4,-1,[ OK ]
3299.6,18-Jul-25 14:25:20,5732,21.82,0.1792,141.3,0.3976,0.5039,1.466,0,0,0,100,18.48,0.3352,404.2,0.157,0,0,0,0,0,0,0,4,4,-1,[ OK ]
3300.0,18-Jul-25 14:25:20,5733,21.82,0.1811,142.8,0.3946,0.505,1.46,0,0,0,100,18.48,0.3351,404,0.1508,0,0,0,0,0,0,0,4,4,-1,[ OK ]
3300.5,18-Jul-25 14:25:20,5733,21.82,0.1831,145,0.3946,0.5059,1.455,0,0,0,100,18.48,0.3354,404,0.1499,0,0,0,0,0,0,0,4,4,-1,[ OK ]
3300.9,18-Jul-25 14:25:21,5734,21.82,0.1849,145.8,0.3949,0.5049,1.46,0,0,0,100,18.48,0.3348,404.1,0.1522,0,0,0,0,0,0,0,4,4,-1,[ OK ]
3301.4,18-Jul-25 14:25:21,5734,21.82,0.1864,146.9,0.3949,0.506,1.454,0,0,0,100,18.48,0.3331,403.8,0.1564,0,0,0,0,0,0,0,4,4,-1,[ OK ]
3301.9,18-Jul-25 14:25:22,5735,21.82,0.1881,148.2,0.3939,0.5039,1.467,0,0,0,100,18.48,0.3327,404.1,0.1554,0,0,0,0,0,0,0,4,4,-1,[ OK ]
3302.4,18-Jul-25 14:25:22,5735,21.82,0.1897,149.4,0.3937,0.5039,1.466,0,0,0,100,18.48,0.3311,403.8,0.1591,0,0,0,0,0,0,0,4,4,-1,[ OK ]
3302.8,18-Jul-25 14:25:23,5736,21.82,0.1909,149.9,0.3927,0.5053,1.458,0,0,0,100,18.48,0.3324,404.1,0.1535,0,0,0,0,0,0,0,4,4,-1,[ OK ]
3303.3,18-Jul-25 14:25:23,5736,21.82,0.1919,151,0.3942,0.5046,1.463,0,0,0,100,18.48,0.3345,404.1,0.1514,0,0,0,0,0,0,0,4,4,-1,[ OK ]
3303.8,18-Jul-25 14:25:24,5737,21.82,0.1789,151,0.3918,0.5043,1.465,0,0,0,100,18.48,0.3379,404.1,0.1377,0,0,0,0,0,0,0,4,4,-1,[ OK ]
3304.2,18-Jul-25 14:25:24,5737,21.82,0.1757,148.4,0.3784,0.5043,1.465,0,0,0,100,18.48,0.3362,404.1,0.1117,0,0,0,0,0,0,0,4,4,-1,[ OK ]
3304.6,18-Jul-25 14:25:25,5738,21.82,0.1725,146.9,0.3831,0.5049,1.461,0,0,0,100,18.48,0.3389,404.2,0.1152,0,0,0,0,0,0,0,4,4,-1,[ OK ]
3304.9,18-Jul-25 14:25:25,5738,21.82,0.1708,144.5,0.3813,0.5052,1.459,0,0,0,100,18.48,0.339,403.9,0.111,0,0,0,0,0,0,0,4,4,-1,[ OK ]
3305.4,18-Jul-25 14:25:25,5738,21.82,0.1684,142,0.3778,0.5048,1.461,0,0,0,100,18.48,0.339,403.8,0.1028,0,0,0,0,0,0,0,4,4,-1,[ OK ]
3305.8,18-Jul-25 14:25:26,5739,21.82,0.1662,140,0.376,0.5062,1.453,0,0,0,100,18.48,0.3418,403.9,0.09094,0,0,0,0,0,0,0,4,4,-1,[ OK ]
3306.1,18-Jul-25 14:25:26,5739,21.82,0.1648,138.8,0.3782,0.5033,1.469,0,0,0,100,18.48,0.3406,403.9,0.0994,0,0,0,0,0,0,0,4,4,-1,[ OK ]
3306.5,18-Jul-25 14:25:26,5739,21.82,0.1627,137.3,0.3735,0.504,1.466,0,0,0,100,18.48,0.3435,404.2,0.08037,0,0,0,0,0,0,0,4,4,-1,[ OK ]
3306.9,18-Jul-25 14:25:27,5740,21.82,0.1609,136,0.3755,0.504,1.466,0,0,0,100,18.48,0.3435,404.1,0.08502,0,0,0,0,0,0,0,4,4,-1,[ OK ]
3307.3,18-Jul-25 14:25:27,5740,21.82,0.1594,134.4,0.3721,0.5062,1.453,0,0,0,100,18.48,0.3441,404,0.07521,0,0,0,0,0,0,0,4,4,-1,[ OK ]
3307.6,18-Jul-25 14:25:28,5741,21.82,0.1584,133.4,0.3707,0.504,1.466,0,0,0,100,18.48,0.3443,403.7,0.07109,0,0,0,0,0,0,0,4,4,-1,[ OK ]
3308.1,18-Jul-25 14:25:28,5741,21.82,0.1572,131.9,0.3711,0.5048,1.461,0,0,0,100,18.48,0.3473,403.9,0.06416,0,0,0,0,0,0,0,4,4,-1,[ OK ]
3308.5,18-Jul-25 14:25:28,5741,21.82,0.1557,131.6,0.3694,0.5051,1.459,0,0,0,100,18.48,0.3458,403.9,0.06403,0,0,0,0,0,0,0,4,4,-1,[ OK ]
3308.9,18-Jul-25 14:25:29,5742,21.82,0.1546,130.6,0.368,0.5054,1.457,0,0,0,100,18.48,0.3463,403.8,0.05908,0,0,0,0,0,0,0,4,4,-1,[ OK ]
3309.3,18-Jul-25 14:25:29,5742,21.82,0.1537,129.1,0.3679,0.5053,1.457,0,0,0,100,18.48,0.348,404.3,0.05411,0,0,0,0,0,0,0,4,4,-1,[ OK ]
3309.7,18-Jul-25 14:25:30,5743,21.82,0.1529,128.3,0.3673,0.5036,1.468,0,0,0,100,18.48,0.3467,403.9,0.0562,0,0,0,0,0,0,0,4,4,-1,[ OK ]
3310.1,18-Jul-25 14:25:30,5743,21.82,0.1524,127.5,0.3693,0.5047,1.461,0,0,0,100,18.48,0.347,404.2,0.06029,0,0,0,0,0,0,0,4,4,-1,[ OK ]
3310.5,18-Jul-25 14:25:30,5743,21.82,0.1518,126.4,0.3657,0.505,1.459,0,0,0,100,18.48,0.3483,404,0.04759,0,0,0,0,0,0,0,4,4,-1,[ OK ]
3310.9,18-Jul-25 14:25:31,5744,21.82,0.1511,125.7,0.3649,0.504,1.465,0,0,0,100,18.48,0.3486,404,0.04486,0,0,0,0,0,0,0,4,4,-1,[ OK ]
3311.3,18-Jul-25 14:25:31,5744,21.82,0.1503,126,0.3642,0.504,1.465,0,0,0,100,18.48,0.3481,404.2,0.0441,0,0,0,0,0,0,0,4,4,-1,[ OK ]
3311.7,18-Jul-25 14:25:32,5745,21.82,0.1499,125,0.36,0.5054,1.457,0,0,0,100,18.48,0.3481,404.1,0.03315,0,0,0,0,0,0,0,4,4,-1,[ OK ]
3312.0,18-Jul-25 14:25:32,5745,21.82,0.1497,124.2,0.3647,0.5039,1.465,0,0,0,100,18.48,0.3453,404,0.05339,0,0,0,0,0,0,0,4,4,-1,[ OK ]
3312.4,18-Jul-25 14:25:32,5745,21.82,0.1491,124.3,0.3619,0.5059,1.453,0,0,0,100,18.48,0.3456,404.2,0.04509,0,0,0,0,0,0,0,4,4,-1,[ OK ]
3312.8,18-Jul-25 14:25:33,5746,21.82,0.1487,123.9,0.3679,0.5048,1.459,0,0,0,100,18.48,0.3434,403.9,0.0666,0,0,0,0,0,0,0,4,4,-1,[ OK ]
3313.3,18-Jul-25 14:25:33,5746,21.82,0.1482,123.7,0.3596,0.5056,1.454,0,0,0,100,18.48,0.343,404.2,0.04609,0,0,0,0,0,0,0,4,4,-1,[ OK ]
3313.7,18-Jul-25 14:25:34,5747,21.82,0.1479,123.2,0.3617,0.5047,1.459,0,0,0,100,18.48,0.3429,403.9,0.0518,0,0,0,0,0,0,0,4,4,-1,[ OK ]
3314.0,18-Jul-25 14:25:34,5747,21.82,0.1477,122.9,0.3621,0.5039,1.464,0,0,0,100,18.48,0.3422,403.9,0.05485,0,0,0,0,0,0,0,4,4,-1,[ OK ]
3314.4,18-Jul-25 14:25:34,5747,21.82,0.1474,122.5,0.361,0.5054,1.455,0,0,0,100,18.48,0.3411,403.7,0.055,0,0,0,0,0,0,0,4,4,-1,[ OK ]
3314.8,18-Jul-25 14:25:35,5748,21.82,0.147,122.9,0.3619,0.5054,1.455,0,0,0,100,18.48,0.3389,403.9,0.06346,0,0,0,0,0,0,0,4,4,-1,[ OK ]
3315.1,18-Jul-25 14:25:35,5748,21.82,0.1469,122.4,0.3514,0.504,1.463,0,0,0,100,18.48,0.3405,404,0.03096,0,0,0,0,0,0,0,4,4,-1,[ OK ]
3315.6,18-Jul-25 14:25:35,5748,21.82,0.1466,122.4,0.3603,0.5037,1.465,0,0,0,100,18.48,0.3397,404,0.05721,0,0,0,0,0,0,0,4,4,-1,[ OK ]
3316.0,18-Jul-25 14:25:36,5749,21.82,0.1462,122.4,0.3632,0.5049,1.459,0,0,0,100,18.48,0.3387,403.9,0.06734,0,0,0,0,0,0,0,4,4,-1,[ OK ]
3316.3,18-Jul-25 14:25:36,5749,21.82,0.1464,121.4,0.3601,0.5064,1.449,0,0,0,100,18.48,0.3385,403.8,0.05993,0,0,0,0,0,0,0,4,4,-1,[ OK ]
3316.7,18-Jul-25 14:25:37,5750,21.82,0.1464,120.5,0.3577,0.5038,1.465,0,0,0,100,18.48,0.3387,404,0.05322,0,0,0,0,0,0,0,4,4,-1,[ OK ]
3317.1,18-Jul-25 14:25:37,5750,21.82,0.1455,122.4,0.3583,0.5033,1.467,0,0,0,100,18.48,0.3401,404.2,0.05086,0,0,0,0,0,0,0,4,4,-1,[ OK ]
3317.4,18-Jul-25 14:25:37,5750,21.82,0.1454,122.4,0.3577,0.5043,1.462,0,0,0,100,18.48,0.3406,404.2,0.04782,0,0,0,0,0,0,0,4,4,-1,[ OK ]
3317.8,18-Jul-25 14:25:38,5751,21.83,0.1458,120.6,0.3586,0.5037,1.466,0,0,0,100,18.48,0.3364,403.9,0.06198,0,0,0,0,0,0,0,4,4,-1,[ OK ]
3318.3,18-Jul-25 14:25:38,5751,21.83,0.1456,120.9,0.358,0.5034,1.468,0,0,0,100,18.48,0.3387,404.2,0.0539,0,0,0,0,0,0,0,4,4,-1,[ OK ]
3318.7,18-Jul-25 14:25:39,5752,21.83,0.145,122.4,0.3576,0.5048,1.461,0,0,0,100,18.48,0.3398,403.9,0.04992,0,0,0,0,0,0,0,4,4,-1,[ OK ]
3319.1,18-Jul-25 14:25:39,5752,21.83,0.1455,120.7,0.3577,0.504,1.466,0,0,0,100,18.48,0.3407,403.8,0.04748,0,0,0,0,0,0,0,4,4,-1,[ OK ]
3319.5,18-Jul-25 14:25:39,5752,21.83,0.1454,120.7,0.3594,0.5052,1.458,0,0,0,100,18.48,0.3402,403.8,0.05352,0,0,0,0,0,0,0,4,4,-1,[ OK ]
3319.9,18-Jul-25 14:25:40,5753,21.83,0.1454,120.3,0.3588,0.504,1.465,0,0,0,100,18.48,0.3422,404,0.04622,0,0,0,0,0,0,0,4,4,-1,[ OK ]
3320.4,18-Jul-25 14:25:40,5753,21.83,0.1453,120.5,0.3617,0.5034,1.468,0,0,0,100,18.48,0.3414,404.2,0.05604,0,0,0,0,0,0,0,4,4,-1,[ OK ]
3320.8,18-Jul-25 14:25:41,5754,21.83,0.1453,120.3,0.3589,0.5036,1.467,0,0,0,100,18.48,0.3408,404.2,0.0503,0,0,0,0,0,0,0,4,4,-1,[ OK ]
3321.2,18-Jul-25 14:25:41,5754,21.83,0.1457,118.9,0.3551,0.5043,1.463,0,0,0,100,18.48,0.3403,404.2,0.0417,0,0,0,0,0,0,0,4,4,-1,[ OK ]
3321.6,18-Jul-25 14:25:42,5754,21.83,0.1451,120.4,0.3561,0.5038,1.466,0,0,0,100,18.48,0.3412,403.8,0.04188,0,0,0,0,0,0,0,4,4,-1,[ OK ]
3322.0,18-Jul-25 14:25:42,5755,21.83,0.145,120.4,0.3552,0.5044,1.463,0,0,0,100,18.48,0.3393,404.1,0.04491,0,0,0,0,0,0,0,4,4,-1,[ OK ]
3322.5,18-Jul-25 14:25:42,5755,21.83,0.1449,120.8,0.3559,0.5056,1.455,0,0,0,100,18.48,0.3387,403.9,0.04825,0,0,0,0,0,0,0,4,4,-1,[ OK ]
3322.8,18-Jul-25 14:25:43,5756,21.83,0.1452,119.6,0.3567,0.5058,1.454,0,0,0,100,18.48,0.3395,403.9,0.04822,0,0,0,0,0,0,0,4,4,-1,[ OK ]
3323.2,18-Jul-25 14:25:43,5756,21.83,0.1451,120.1,0.3569,0.5048,1.459,0,0,0,100,18.48,0.3386,403.9,0.05123,0,0,0,0,0,0,0,4,4,-1,[ OK ]
3323.6,18-Jul-25 14:25:44,5756,21.83,0.145,120.2,0.3553,0.5037,1.466,0,0,0,100,18.48,0.339,404.2,0.04597,0,0,0,0,0,0,0,4,4,-1,[ OK ]
3323.9,18-Jul-25 14:25:44,5757,21.83,0.1449,120.3,0.3556,0.5044,1.462,0,0,0,100,18.48,0.3378,404.1,0.05006,0,0,0,0,0,0,0,4,4,-1,[ OK ]
3324.3,18-Jul-25 14:25:44,5757,21.83,0.145,120,0.3486,0.5042,1.463,0,0,0,100,18.48,0.3371,403.8,0.03283,0,0,0,0,0,0,0,4,4,-1,[ OK ]
3324.7,18-Jul-25 14:25:45,5758,21.83,0.1451,119.7,0.359,0.5043,1.463,0,0,0,100,18.48,0.3389,403.8,0.05584,0,0,0,0,0,0,0,4,4,-1,[ OK ]
3325.1,18-Jul-25 14:25:45,5758,21.83,0.145,119.9,0.3559,0.5034,1.468,0,0,0,100,18.48,0.3377,404.1,0.0513,0,0,0,0,0,0,0,4,4,-1,[ OK ]
3325.6,18-Jul-25 14:25:46,5758,21.83,0.145,120,0.3574,0.5037,1.467,0,0,0,100,18.48,0.3397,403.8,0.04962,0,0,0,0,0,0,0,4,4,-1,[ OK ]
3326.0,18-Jul-25 14:25:46,5759,21.83,0.1449,120.1,0.3572,0.5046,1.461,0,0,0,100,18.48,0.3366,404.2,0.05766,0,0,0,0,0,0,0,4,4,-1,[ OK ]
3326.4,18-Jul-25 14:25:46,5759,21.83,0.1449,120.1,0.3544,0.5042,1.463,0,0,0,100,18.48,0.3396,403.9,0.04187,0,0,0,0,0,0,0,4,4,-1,[ OK ]
3326.8,18-Jul-25 14:25:47,5760,21.83,0.1449,120.1,0.3567,0.5036,1.467,0,0,0,100,18.48,0.3408,404.2,0.04449,0,0,0,0,0,0,0,4,4,-1,[ OK ]
3327.1,18-Jul-25 14:25:47,5760,21.83,0.1449,120,0.36,0.5048,1.46,0,0,0,100,18.48,0.3406,404.1,0.05396,0,0,0,0,0,0,0,4,4,-1,[ OK ]
3327.5,18-Jul-25 14:25:47,5760,21.83,0.1448,120.2,0.3482,0.5037,1.467,0,0,0,100,18.48,0.3383,403.9,0.02849,0,0,0,0,0,0,0,4,4,-1,[ OK ]
3328.0,18-Jul-25 14:25:48,5761,21.83,0.145,119.4,0.3553,0.505,1.459,0,0,0,100,18.48,0.339,403.9,0.04597,0,0,0,0,0,0,0,4,4,-1,[ OK ]
3328.3,18-Jul-25 14:25:48,5761,21.83,0.1449,119.8,0.3551,0.5054,1.456,0,0,0,100,18.48,0.3378,404.2,0.04873,0,0,0,0,0,0,0,4,4,-1,[ OK ]
3328.6,18-Jul-25 14:25:49,5761,21.83,0.1447,120.4,0.3585,0.5048,1.459,0,0,0,100,18.48,0.3374,403.9,0.0588,0,0,0,0,0,0,0,4,4,-1,[ OK ]
3329.0,18-Jul-25 14:25:49,5762,21.83,0.1448,120.1,0.3545,0.5037,1.465,0,0,0,100,18.48,0.3382,403.9,0.04611,0,0,0,0,0,0,0,4,4,-1,[ OK ]
3329.4,18-Jul-25 14:25:49,5762,21.83,0.1447,120.4,0.3569,0.5047,1.459,0,0,0,100,18.48,0.3381,404.2,0.05259,0,0,0,0,0,0,0,4,4,-1,[ OK ]
3329.7,18-Jul-25 14:25:50,5763,21.83,0.1448,120.1,0.3554,0.5053,1.456,0,0,0,100,18.48,0.3383,403.9,0.04805,0,0,0,0,0,0,0,4,4,-1,[ OK ]
3330.0,18-Jul-25 14:25:50,5763,21.83,0.145,119.5,0.3577,0.5044,1.461,0,0,0,100,18.48,0.3429,404.2,0.0414,0,0,0,0,0,0,0,4,4,-1,[ OK ]
3330.3,18-Jul-25 14:25:50,5763,21.83,0.1448,120.2,0.3577,0.5045,1.461,0,0,0,100,18.48,0.3435,404.2,0.03982,0,0,0,0,0,0,0,4,4,-1,[ OK ]
3330.6,18-Jul-25 14:25:51,5763,21.83,0.1447,120.6,0.3562,0.5055,1.455,0,0,0,100,18.48,0.3434,404,0.03604,0,0,0,0,0,0,0,4,4,-1,[ OK ]
3330.9,18-Jul-25 14:25:51,5764,21.83,0.1447,120.6,0.3582,0.5042,1.462,0,0,0,100,18.48,0.3425,403.9,0.04396,0,0,0,0,0,0,0,4,4,-1,[ OK ]
3331.4,18-Jul-25 14:25:51,5764,21.83,0.1447,120.6,0.3473,0.5054,1.456,0,0,0,100,18.48,0.3404,403.9,0.01996,0,0,0,0,0,0,0,4,4,-1,[ OK ]
3331.7,18-Jul-25 14:25:52,5765,21.83,0.1448,120.3,0.3546,0.5032,1.468,0,0,0,100,18.48,0.3423,404.2,0.03479,0,0,0,0,0,0,0,4,4,-1,[ OK ]
3332.1,18-Jul-25 14:25:52,5765,21.83,0.1449,119.9,0.3571,0.504,1.465,0,0,0,100,18.48,0.3411,404,0.04488,0,0,0,0,0,0,0,4,4,-1,[ OK ]
3332.5,18-Jul-25 14:25:52,5765,21.83,0.1449,119.7,0.3568,0.5055,1.456,0,0,0,100,18.48,0.3411,403.8,0.04408,0,0,0,0,0,0,0,4,4,-1,[ OK ]
3333.0,18-Jul-25 14:25:53,5766,21.83,0.1448,120.1,0.3565,0.5031,1.469,0,0,0,100,18.48,0.3381,404.1,0.05176,0,0,0,0,0,0,0,4,4,-1,[ OK ]
3333.6,18-Jul-25 14:25:54,5766,21.83,0.1449,119.9,0.3602,0.5056,1.454,0,0,0,100,18.48,0.3372,404.1,0.06377,0,0,0,0,0,0,0,4,4,-1,[ OK ]
3334.1,18-Jul-25 14:25:54,5767,21.83,0.145,119.5,0.359,0.5053,1.455,0,0,0,100,18.48,0.3381,404.2,0.05831,0,0,0,0,0,0,0,4,4,-1,[ OK ]
3334.6,18-Jul-25 14:25:55,5768,21.83,0.1451,119.3,0.3584,0.5039,1.464,0,0,0,100,18.48,0.3379,404,0.05719,0,0,0,0,0,0,0,4,4,-1,[ OK ]
3335.1,18-Jul-25 14:25:55,5768,21.83,0.1445,120.9,0.3486,0.5049,1.458,0,0,0,100,18.48,0.3377,403.9,0.03109,0,0,0,0,0,0,0,4,4,-1,[ OK ]
3335.6,18-Jul-25 14:25:56,5768,21.83,0.1448,120.2,0.3537,0.5043,1.461,0,0,0,100,18.48,0.3368,403.8,0.04796,0,0,0,0,0,0,0,4,4,-1,[ OK ]
3336.0,18-Jul-25 14:25:56,5769,21.83,0.1448,120,0.36,0.5053,1.455,0,0,0,100,18.48,0.3363,404.2,0.06583,0,0,0,0,0,0,0,4,4,-1,[ OK ]
3336.4,18-Jul-25 14:25:56,5769,21.83,0.1448,120,0.3615,0.5037,1.465,0,0,0,100,18.48,0.3369,403.9,0.06789,0,0,0,0,0,0,0,4,4,-1,[ OK ]
3337.0,18-Jul-25 14:25:57,5770,21.83,0.1447,120.4,0.3598,0.504,1.463,0,0,0,100,18.48,0.3347,404.2,0.06979,0,0,0,0,0,0,0,4,4,-1,[ OK ]
3337.5,18-Jul-25 14:25:57,5770,21.83,0.1447,120.3,0.3598,0.5041,1.462,0,0,0,100,18.48,0.3373,403.9,0.06262,0,0,0,0,0,0,0,4,4,-1,[ OK ]
3338.0,18-Jul-25 14:25:58,5771,21.83,0.1446,120.6,0.358,0.5044,1.46,0,0,0,100,18.48,0.3359,403.8,0.06166,0,0,0,0,0,0,0,4,4,-1,[ OK ]
3338.5,18-Jul-25 14:25:58,5771,21.83,0.1448,119.9,0.3554,0.505,1.457,0,0,0,100,18.48,0.338,404.1,0.04896,0,0,0,0,0,0,0,4,4,-1,[ OK ]
3338.9,18-Jul-25 14:25:59,5772,21.83,0.1448,119.9,0.3556,0.5037,1.465,0,0,0,100,18.48,0.3375,403.9,0.05108,0,0,0,0,0,0,0,4,4,-1,[ OK ]
3339.3,18-Jul-25 14:25:59,5772,21.83,0.1448,119.9,0.3623,0.5045,1.459,0,0,0,100,18.48,0.3375,403.8,0.06837,0,0,0,0,0,0,0,4,4,-1,[ OK ]
3339.7,18-Jul-25 14:26:00,5773,21.83,0.1449,119.9,0.3536,0.5051,1.456,0,0,0,100,18.48,0.337,404.2,0.04701,0,0,0,0,0,0,0,4,4,-1,[ OK ]
3340.1,18-Jul-25 14:26:00,5773,21.83,0.1449,119.9,0.358,0.5058,1.451,0,0,0,100,18.48,0.337,403.8,0.05862,0,0,0,0,0,0,0,4,4,-1,[ OK ]
3340.5,18-Jul-25 14:26:00,5773,21.83,0.1448,120.1,0.3599,0.5033,1.466,0,0,0,100,18.48,0.3375,404,0.06221,0,0,0,0,0,0,0,4,4,-1,[ OK ]
3341.0,18-Jul-25 14:26:01,5774,21.83,0.1449,119.9,0.3586,0.504,1.462,0,0,0,100,18.48,0.3372,404,0.05963,0,0,0,0,0,0,0,4,4,-1,[ OK ]
3341.4,18-Jul-25 14:26:01,5774,21.83,0.1449,119.8,0.3571,0.5049,1.457,0,0,0,100,18.48,0.3378,404.2,0.05401,0,0,0,0,0,0,0,4,4,-1,[ OK ]
3341.8,18-Jul-25 14:26:02,5775,21.83,0.145,119.7,0.3575,0.5043,1.461,0,0,0,100,18.48,0.3381,403.9,0.05439,0,0,0,0,0,0,0,4,4,-1,[ OK ]
3342.2,18-Jul-25 14:26:02,5775,21.83,0.1451,119.3,0.3561,0.5048,1.457,0,0,0,100,18.48,0.3367,404,0.05443,0,0,0,0,0,0,0,4,4,-1,[ OK ]
3342.7,18-Jul-25 14:26:03,5776,21.83,0.1446,120.8,0.3593,0.5034,1.466,0,0,0,100,18.48,0.3377,403.9,0.0601,0,0,0,0,0,0,0,4,4,-1,[ OK ]
3343.1,18-Jul-25 14:26:03,5776,21.83,0.1449,119.9,0.3577,0.5057,1.453,0,0,0,100,18.48,0.3374,404.2,0.05671,0,0,0,0,0,0,0,4,4,-1,[ OK ]
3343.5,18-Jul-25 14:26:03,5776,21.83,0.145,119.7,0.3606,0.505,1.456,0,0,0,100,18.48,0.3365,404.2,0.06681,0,0,0,0,0,0,0,4,4,-1,[ OK ]
3343.9,18-Jul-25 14:26:04,5777,21.83,0.1448,120.1,0.3575,0.5032,1.467,0,0,0,100,18.48,0.3377,404.2,0.05529,0,0,0,0,0,0,0,4,4,-1,[ OK ]
3344.4,18-Jul-25 14:26:04,5777,21.83,0.1449,119.9,0.3578,0.5053,1.455,0,0,0,100,18.48,0.3354,403.8,0.06261,0,0,0,0,0,0,0,4,4,-1,[ OK ]
3344.8,18-Jul-25 14:26:05,5778,21.83,0.1449,120,0.3585,0.5055,1.453,0,0,0,100,18.48,0.3351,403.9,0.06521,0,0,0,0,0,0,0,4,4,-1,[ OK ]
3345.3,18-Jul-25 14:26:05,5778,21.83,0.1449,119.9,0.3622,0.5039,1.463,0,0,0,100,18.48,0.334,404,0.07768,0,0,0,0,0,0,0,4,4,-1,[ OK ]
3345.7,18-Jul-25 14:26:06,5779,21.83,0.1449,119.8,0.3592,0.5042,1.461,0,0,0,100,18.48,0.3343,403.9,0.06937,0,0,0,0,0,0,0,4,4,-1,[ OK ]
3346.2,18-Jul-25 14:26:06,5779,21.83,0.1449,119.9,0.3571,0.5053,1.455,0,0,0,100,18.48,0.3353,403.9,0.06112,0,0,0,0,0,0,0,4,4,-1,[ OK ]
3346.7,18-Jul-25 14:26:07,5780,21.83,0.1449,119.9,0.3577,0.504,1.461,0,0,0,100,18.48,0.3358,404.2,0.06133,0,0,0,0,0,0,0,4,4,-1,[ OK ]
3347.3,18-Jul-25 14:26:07,5780,21.83,0.1449,120.1,0.3589,0.5054,1.454,0,0,0,100,18.48,0.3345,404.1,0.06793,0,0,0,0,0,0,0,4,4,-1,[ OK ]
3347.8,18-Jul-25 14:26:08,5781,21.83,0.1449,119.9,0.3597,0.5039,1.462,0,0,0,100,18.48,0.3332,403.9,0.07368,0,0,0,0,0,0,0,4,4,-1,[ OK ]
3348.3,18-Jul-25 14:26:08,5781,21.83,0.145,119.8,0.3599,0.504,1.461,0,0,0,100,18.48,0.334,404.2,0.07206,0,0,0,0,0,0,0,4,4,-1,[ OK ]
3348.8,18-Jul-25 14:26:09,5782,21.83,0.1448,120.4,0.359,0.5044,1.459,0,0,0,100,18.48,0.3345,404,0.06829,0,0,0,0,0,0,0,4,4,-1,[ OK ]
3349.2,18-Jul-25 14:26:09,5782,21.83,0.145,119.9,0.3581,0.5049,1.456,0,0,0,100,18.48,0.3337,403.8,0.06811,0,0,0,0,0,0,0,4,4,-1,[ OK ]
3349.7,18-Jul-25 14:26:10,5783,21.83,0.1448,120.5,0.3606,0.5029,1.469,0,0,0,100,18.48,0.333,403.8,0.07653,0,0,0,0,0,0,0,4,4,-1,[ OK ]
3350.3,18-Jul-25 14:26:10,5783,21.83,0.145,119.7,0.362,0.5039,1.463,0,0,0,100,18.48,0.3338,404,0.07785,0,0,0,0,0,0,0,4,4,-1,[ OK ]
3350.7,18-Jul-25 14:26:11,5784,21.83,0.145,119.9,0.3577,0.5049,1.458,0,0,0,100,18.48,0.3342,403.8,0.06572,0,0,0,0,0,0,0,4,4,-1,[ OK ]
3351.1,18-Jul-25 14:26:11,5784,21.83,0.1449,120.3,0.3601,0.5034,1.466,0,0,0,100,18.48,0.3354,404.2,0.06843,0,0,0,0,0,0,0,4,4,-1,[ OK ]
3351.5,18-Jul-25 14:26:11,5784,21.83,0.1452,119.3,0.3594,0.505,1.458,0,0,0,100,18.48,0.3329,403.9,0.07381,0,0,0,0,0,0,0,4,4,-1,[ OK ]
3352.0,18-Jul-25 14:26:12,5785,21.83,0.1449,120.3,0.3584,0.5061,1.451,0,0,0,100,18.48,0.335,403.8,0.0654,0,0,0,0,0,0,0,4,4,-1,[ OK ]
3352.6,18-Jul-25 14:26:13,5785,21.83,0.1449,120.4,0.359,0.5053,1.455,0,0,0,100,18.48,0.335,403.9,0.06695,0,0,0,0,0,0,0,4,4,-1,[ OK ]
3353.0,18-Jul-25 14:26:13,5786,21.83,0.145,119.9,0.359,0.5036,1.465,0,0,0,100,18.48,0.3338,404.1,0.0702,0,0,0,0,0,0,0,4,4,-1,[ OK ]
3353.4,18-Jul-25 14:26:13,5786,21.83,0.1451,119.6,0.3577,0.504,1.464,0,0,0,100,18.48,0.3327,404.1,0.06989,0,0,0,0,0,0,0,4,4,-1,[ OK ]
3353.8,18-Jul-25 14:26:14,5787,21.83,0.1452,119.4,0.3517,0.5037,1.465,0,0,0,100,18.48,0.3323,404.2,0.05492,0,0,0,0,0,0,0,4,4,-1,[ OK ]
3354.3,18-Jul-25 14:26:14,5787,21.83,0.1449,120.1,0.3589,0.505,1.458,0,0,0,100,18.48,0.3314,404.2,0.07657,0,0,0,0,0,0,0,4,4,-1,[ OK ]
3354.6,18-Jul-25 14:26:14,5787,21.83,0.1448,120.4,0.3594,0.5052,1.457,0,0,0,100,18.48,0.331,404.1,0.07908,0,0,0,0,0,0,0,4,4,-1,[ OK ]
3355.0,18-Jul-25 14:26:15,5788,21.83,0.1449,120.1,0.3595,0.506,1.452,0,0,0,100,18.48,0.329,403.8,0.08482,0,0,0,0,0,0,0,4,4,-1,[ OK ]
3355.4,18-Jul-25 14:26:15,5788,21.83,0.1449,120.1,0.3599,0.5049,1.458,0,0,0,100,18.48,0.3289,404,0.08605,0,0,0,0,0,0,0,4,4,-1,[ OK ]
3355.8,18-Jul-25 14:26:16,5789,21.83,0.1449,120.4,0.3584,0.5037,1.465,0,0,0,100,18.48,0.3323,403.8,0.07293,0,0,0,0,0,0,0,4,4,-1,[ OK ]
3356.2,18-Jul-25 14:26:16,5789,21.83,0.1451,119.8,0.3641,0.5056,1.454,0,0,0,100,18.48,0.3323,403.8,0.08722,0,0,0,0,0,0,0,4,4,-1,[ OK ]
3356.7,18-Jul-25 14:26:17,5790,21.83,0.1451,119.8,0.3577,0.5052,1.456,0,0,0,100,18.48,0.3341,404.1,0.06595,0,0,0,0,0,0,0,4,4,-1,[ OK ]
3357.1,18-Jul-25 14:26:17,5790,21.83,0.1451,119.7,0.3585,0.5047,1.459,0,0,0,100,18.48,0.3342,404,0.0679,0,0,0,0,0,0,0,4,4,-1,[ OK ]
3357.4,18-Jul-25 14:26:17,5790,21.83,0.1448,120.4,0.3583,0.5045,1.461,0,0,0,100,18.48,0.3342,404.1,0.06739,0,0,0,0,0,0,0,4,4,-1,[ OK ]
3357.8,18-Jul-25 14:26:18,5791,21.83,0.1451,119.6,0.363,0.5046,1.46,0,0,0,100,18.48,0.3352,403.9,0.07637,0,0,0,0,0,0,0,4,4,-1,[ OK ]
3358.2,18-Jul-25 14:26:18,5791,21.83,0.1451,119.7,0.3599,0.5051,1.457,0,0,0,100,18.48,0.3342,404.1,0.0715,0,0,0,0,0,0,0,4,4,-1,[ OK ]
3358.5,18-Jul-25 14:26:18,5791,21.83,0.1451,119.8,0.3617,0.5047,1.46,0,0,0,100,18.48,0.334,404.2,0.07653,0,0,0,0,0,0,0,4,4,-1,[ OK ]
3358.9,18-Jul-25 14:26:19,5792,21.83,0.1451,119.6,0.359,0.5035,1.466,0,0,0,100,18.48,0.3323,404.1,0.07435,0,0,0,0,0,0,0,4,4,-1,[ OK ]
3359.4,18-Jul-25 14:26:19,5792,21.83,0.145,119.9,0.3645,0.5049,1.458,0,0,0,100,18.48,0.3318,404.2,0.08979,0,0,0,0,0,0,0,4,4,-1,[ OK ]
3359.9,18-Jul-25 14:26:20,5793,21.83,0.1448,120.6,0.3616,0.5036,1.465,0,0,0,100,18.48,0.3325,404.1,0.08029,0,0,0,0,0,0,0,4,4,-1,[ OK ]
3360.3,18-Jul-25 14:26:20,5793,21.83,0.145,120.1,0.3603,0.503,1.469,0,0,0,100,18.48,0.3337,404,0.07387,0,0,0,0,0,0,0,4,4,-1,[ OK ]
3360.7,18-Jul-25 14:26:21,5794,21.83,0.1449,120.1,0.3604,0.5038,1.465,0,0,0,100,18.48,0.3318,403.8,0.07926,0,0,0,0,0,0,0,4,4,-1,[ OK ]
3361.3,18-Jul-25 14:26:21,5794,21.83,0.145,119.9,0.3614,0.5046,1.46,0,0,0,100,18.48,0.3293,404.2,0.08881,0,0,0,0,0,0,0,4,4,-1,[ OK ]
3361.7,18-Jul-25 14:26:22,5795,21.83,0.145,119.9,0.3672,0.5058,1.452,0,0,0,100,18.48,0.328,404.1,0.1067,0,0,0,0,0,0,0,4,4,-1,[ OK ]
3362.1,18-Jul-25 14:26:22,5795,21.83,0.145,119.9,0.3605,0.5053,1.455,0,0,0,100,18.48,0.3262,404.1,0.09516,0,0,0,0,0,0,0,4,4,-1,[ OK ]
3362.6,18-Jul-25 14:26:23,5795,21.83,0.145,119.8,0.3624,0.505,1.457,0,0,0,100,18.48,0.3272,404.1,0.09698,0,0,0,0,0,0,0,4,4,-1,[ OK ]
3363.2,18-Jul-25 14:26:23,5796,21.83,0.1449,120.1,0.36,0.5031,1.468,0,0,0,100,18.48,0.3296,404.1,0.08429,0,0,0,0,0,0,0,4,4,-1,[ OK ]
3363.7,18-Jul-25 14:26:24,5797,21.83,0.1449,120.2,0.3607,0.5031,1.468,0,0,0,100,18.48,0.3291,404.2,0.08762,0,0,0,0,0,0,0,4,4,-1,[ OK ]
3364.2,18-Jul-25 14:26:24,5797,21.83,0.1451,119.6,0.3602,0.5028,1.47,0,0,0,100,18.48,0.3327,404.1,0.0763,0,0,0,0,0,0,0,4,4,-1,[ OK ]
3364.9,18-Jul-25 14:26:25,5798,21.83,0.1452,119.3,0.3598,0.5037,1.465,0,0,0,100,18.48,0.3335,404.1,0.07304,0,0,0,0,0,0,0,4,4,-1,[ OK ]
3365.4,18-Jul-25 14:26:25,5798,21.83,0.1448,120.4,0.3661,0.5046,1.46,0,0,0,100,18.48,0.3332,403.9,0.08988,0,0,0,0,0,0,0,4,4,-1,[ OK ]
3366.9,18-Jul-25 14:26:27,5799,21.83,0,110.7,0.07122,0.5034,1.467,0,0,0,100,18.48,0.3213,404,0,0,-1,0,-2,0,-1,0,3.625,4,2,[ OK ]
3369.0,18-Jul-25 14:26:29,5801,21.83,0,13.76,0.04017,0.5033,1.469,0,0,0,100,18.48,0.3166,404.2,0,0,-1,0,-2,0,-1,0,3.25,4,2,[ OK ]
3719.9,18-Jul-25 14:32:20,6152,21.83,0,1.004,0.04057,0,0.01078,0,0,0,100,18.48,0.003021,0.1142,0,0,-1,0,-2,0,-1,1,2.75,2,4,[ OK ]
3721.6,18-Jul-25 14:32:22,6154,21.83,0,0.8927,0.03719,0.3214,0.6188,0,0,0,100,18.48,0.001853,0,0,0,-1,0,-2,0,-1,1,3,3,4,[ OK ]
3723.7,18-Jul-25 14:32:24,6156,21.83,0,0.271,0.04404,0.4209,1.16,0,0,0,100,18.48,0.3149,404.3,0,0,-1,0,-2,0,-1,0,3.211,3,4,[ OK ]
3725.7,18-Jul-25 14:32:26,6158,21.83,0,1.291,0.04106,0.4531,1.36,0,0,0,100,18.48,0.3132,404.1,0,0,-1,0,-2,0,-1,0,3.474,3,4,[ OK ]
3727.8,18-Jul-25 14:32:28,6160,21.83,0.007402,75.48,0.04176,0.4677,1.424,0,0,0,100,18.48,0.3145,403.9,-1,0,-1,0,-2,0,0,0,3.632,3,4,[ OK ]
3729.6,18-Jul-25 14:32:30,6162,21.83,0.03324,42.84,0.04572,0.56,1.94,0,0,0,100,18.48,0.3169,403.9,-1,0,-1,0,-2,0,0,0,3.789,3,4,[ OK ]
3730.9,18-Jul-25 14:32:31,6164,21.83,0.05579,45.71,0.04503,0.5708,1.973,0,0,0,100,18.48,0.3143,404.3,-1,0,-1,0,-2,0,0,0,3.789,3,4,[ OK ]
3731.7,18-Jul-25 14:32:32,6165,21.83,0.06233,54.03,0.04265,0.5749,1.972,0,0,0,100,18.48,0.313,404.3,-1,0,-1,0,-2,0,0,0,3.789,3,4,[ OK ]
3732.3,18-Jul-25 14:32:32,6165,21.83,0.06576,57.93,0.04374,0.5734,1.991,0,0,0,100,18.48,0.3143,404,-1,0,-1,0,-2,0,0,0,3.789,3,4,[ OK ]
3732.9,18-Jul-25 14:32:33,6166,21.83,0.06848,61.66,0.04424,0.5756,1.988,0,0,0,100,18.48,0.3154,404.4,-1,0,-1,0,-2,0,0,0,3.789,3,4,[ OK ]
3733.5,18-Jul-25 14:32:33,6166,21.83,0.07051,64.34,0.04394,0.5779,1.982,0,0,0,100,18.48,0.3146,404.2,-1,0,-1,0,-2,0,0,0,3.789,3,4,[ OK ]
3734.0,18-Jul-25 14:32:34,6167,21.83,0.07196,66.81,0.04096,0.5793,1.981,0,0,0,100,18.48,0.3155,404.1,-1,0,-1,0,-2,0,0,0,3.789,3,4,[ OK ]
3734.5,18-Jul-25 14:32:34,6167,21.83,0.07344,69.36,0.04523,0.5802,1.983,0,0,0,100,18.48,0.3161,404.3,-1,0,-1,0,-2,0,0,0,3.789,3,4,[ OK ]
3735.0,18-Jul-25 14:32:35,6168,21.83,0.07428,71.2,0.04523,0.58,1.989,0,0,0,100,18.48,0.3163,404,-1,0,-1,0,-2,0,0,0,3.789,3,4,[ OK ]
3735.5,18-Jul-25 14:32:35,6168,21.83,0.07533,72.22,0.04553,0.5792,1.998,0,0,0,100,18.48,0.3146,404.1,-1,0,-1,0,-2,0,0,0,3.789,3,4,[ OK ]
3735.9,18-Jul-25 14:32:36,6169,21.83,0.0759,73.46,0.04572,0.5815,1.99,0,0,0,100,18.48,0.3163,404.1,-1,0,-1,0,-2,0,0,0,3.789,3,4,[ OK ]
3736.4,18-Jul-25 14:32:36,6169,21.83,0.07668,73.79,0.04513,0.5831,1.984,0,0,0,100,18.48,0.32,404.2,-1,0,-1,0,-2,0,0,0,3.789,3,4,[ OK ]
3736.8,18-Jul-25 14:32:37,6170,21.83,0.07725,74.77,0.04473,0.5826,1.992,0,0,0,100,18.48,0.3182,404.2,-1,0,-1,0,-2,0,0,0,3.789,3,4,[ OK ]
3737.3,18-Jul-25 14:32:37,6170,21.83,0.07771,75.4,0.04186,0.5842,1.987,0,0,0,100,18.48,0.3172,404,-1,0,-1,0,-2,0,0,0,3.789,3,4,[ OK ]
3737.7,18-Jul-25 14:32:38,6171,21.83,0.07819,75.99,0.04255,0.5839,1.991,0,0,0,100,18.48,0.3176,404.4,-1,0,-1,0,-2,0,0,0,3.789,3,4,[ OK ]
3738.2,18-Jul-25 14:32:38,6171,21.83,0.07849,76.63,0.04483,0.584,1.995,0,0,0,100,18.48,0.3169,404.3,-1,0,-1,0,-2,0,0,0,3.789,3,4,[ OK ]
3738.8,18-Jul-25 14:32:39,6172,21.83,0.07891,77.27,0.04612,0.5845,1.998,0,0,0,100,18.48,0.3182,404.3,-1,0,-1,0,-2,0,0,0,3.789,3,4,[ OK ]
3739.3,18-Jul-25 14:32:39,6172,21.83,0.07959,76.28,0.04622,0.5859,1.994,0,0,0,100,18.48,0.3192,404.3,-1,0,-1,0,-2,0,0,0,3.789,3,4,[ OK ]
3739.7,18-Jul-25 14:32:40,6173,21.83,0.0794,77.97,0.04781,0.5871,1.992,0,0,0,100,18.48,0.3152,404.3,-1,0,-1,0,-2,0,0,0,3.789,3,4,[ OK ]
3740.3,18-Jul-25 14:32:40,6173,21.83,0.07962,78.34,0.04533,0.5869,1.997,0,0,0,100,18.48,0.3158,404.2,-1,0,-1,0,-2,0,0,0,3.789,3,4,[ OK ]
3740.9,18-Jul-25 14:32:41,6174,21.83,0.07949,79.77,0.04424,0.5883,1.994,0,0,0,100,18.48,0.3152,404.1,-1,0,-1,0,-2,0,0,0,3.789,3,4,[ OK ]
3741.4,18-Jul-25 14:32:41,6174,21.83,0.08026,78,0.04632,0.5878,2,0,0,0,100,18.48,0.3164,404.1,-1,0,-1,0,-2,0,0,0,3.789,3,4,[ OK ]
3741.8,18-Jul-25 14:32:42,6175,21.83,0.07997,79.49,0.04781,0.5902,1.991,0,0,0,100,18.48,0.3152,403.9,-1,0,-1,0,-2,0,0,0,3.789,3,4,[ OK ]
3742.3,18-Jul-25 14:32:42,6175,21.83,0.08018,79.37,0.04572,0.5903,1.994,0,0,0,100,18.48,0.3167,404,-1,0,-1,0,-2,0,0,0,3.789,3,4,[ OK ]
3742.8,18-Jul-25 14:32:43,6176,21.83,0.08042,79.1,0.04731,0.5904,1.997,0,0,0,100,18.48,0.317,404.3,-1,0,-1,0,-2,0,0,0,3.789,3,4,[ OK ]
3743.3,18-Jul-25 14:32:43,6176,21.83,0.08049,79.23,0.04533,0.5914,1.995,0,0,0,100,18.48,0.3184,403.9,-1,0,-1,0,-2,0,0,0,3.789,3,4,[ OK ]
3743.9,18-Jul-25 14:32:44,6177,21.83,0.08058,79.44,0.04503,0.5921,1.996,0,0,0,100,18.48,0.3142,404.3,-1,0,-1,0,-2,0,0,0,3.789,3,4,[ OK ]
3744.4,18-Jul-25 14:32:44,6177,21.83,0.08045,79.93,0.04176,0.5929,1.996,0,0,0,100,18.48,0.3129,404.3,-1,0,-1,0,-2,0,0,0,3.789,3,4,[ OK ]
3744.8,18-Jul-25 14:32:45,6178,21.83,0.08069,79.45,0.04562,0.5937,1.994,0,0,0,100,18.48,0.3141,404.2,-1,0,-1,0,-2,0,0,0,3.789,3,4,[ OK ]
3745.3,18-Jul-25 14:32:45,6178,21.83,0.08082,79.29,0.04642,0.5951,1.989,0,0,0,100,18.48,0.3141,404.3,-1,0,-1,0,-2,0,0,0,3.789,3,4,[ OK ]
3745.7,18-Jul-25 14:32:46,6179,21.83,0.0808,79.57,0.04146,0.5943,1.996,0,0,0,100,18.48,0.3133,404.1,-1,0,-1,0,-2,0,0,0,3.789,3,4,[ OK ]
3746.2,18-Jul-25 14:32:46,6179,21.83,0.08017,81.62,0.04424,0.5953,1.993,0,0,0,100,18.48,0.3153,404.3,-1,0,-1,0,-2,0,0,0,3.789,3,4,[ OK ]
3746.7,18-Jul-25 14:32:47,6180,21.83,0.0808,79.74,0.04265,0.5969,1.986,0,0,0,100,18.48,0.3154,404.1,-1,0,-1,0,-2,0,0,0,3.789,3,4,[ OK ]
3747.3,18-Jul-25 14:32:47,6180,21.83,0.08088,79.69,0.04741,0.5974,1.988,0,0,0,100,18.48,0.316,404,-1,0,-1,0,-2,0,0,0,3.789,3,4,[ OK ]
3747.7,18-Jul-25 14:32:48,6181,21.83,0.08097,79.55,0.04602,0.5967,1.995,0,0,0,100,18.48,0.3145,404.3,-1,0,-1,0,-2,0,0,0,3.789,3,4,[ OK ]
3748.2,18-Jul-25 14:32:48,6181,21.83,0.08088,79.96,0.04443,0.5975,1.993,0,0,0,100,18.48,0.3146,404,-1,0,-1,0,-2,0,0,0,3.789,3,4,[ OK ]
3748.6,18-Jul-25 14:32:49,6181,21.83,0.08106,79.58,0.04493,0.5977,1.997,0,0,0,100,18.48,0.3139,404,-1,0,-1,0,-2,0,0,0,3.789,3,4,[ OK ]
3749.0,18-Jul-25 14:32:49,6182,21.83,0.08097,79.88,0.0486,0.599,1.993,0,0,0,100,18.48,0.3138,403.9,-1,0,-1,0,-2,0,0,0,3.789,3,4,[ OK ]
3749.5,18-Jul-25 14:32:49,6182,21.83,0.08115,79.52,0.04483,0.5993,1.994,0,0,0,100,18.48,0.3161,404.2,-1,0,-1,0,-2,0,0,0,3.789,3,4,[ OK ]
3750.2,18-Jul-25 14:32:50,6183,21.83,0.08107,79.84,0.04682,0.6011,1.987,0,0,0,100,18.48,0.3145,404.3,-1,0,-1,0,-2,0,0,0,3.789,3,4,[ OK ]
3750.7,18-Jul-25 14:32:51,6184,21.83,0.08112,80.01,0.04662,0.602,1.986,0,0,0,100,18.48,0.3153,404,-1,0,-1,0,-2,0,0,0,3.789,3,4,[ OK ]
3751.2,18-Jul-25 14:32:51,6184,21.83,0.08129,79.44,0.04771,0.6011,1.994,0,0,0,100,18.48,0.3189,404.1,-1,0,-1,0,-2,0,0,0,3.789,3,4,[ OK ]
3751.7,18-Jul-25 14:32:52,6185,21.83,0.0811,80.03,0.04543,0.6032,1.986,0,0,0,100,18.48,0.3184,404,-1,0,-1,0,-2,0,0,0,3.789,3,4,[ OK ]
3752.2,18-Jul-25 14:32:52,6185,21.83,0.08055,81.62,0.04424,0.6027,1.992,0,0,0,100,18.48,0.3164,404.1,-1,0,-1,0,-2,0,0,0,3.789,3,4,[ OK ]
3752.7,18-Jul-25 14:32:53,6186,21.83,0.08108,80.04,0.04662,0.602,2,0,0,0,100,18.48,0.3169,404.1,-1,0,-1,0,-2,0,0,0,3.789,3,4,[ OK ]
3753.1,18-Jul-25 14:32:53,6186,21.83,0.08119,79.8,0.04424,0.6031,1.997,0,0,0,100,18.48,0.3151,403.9,-1,0,-1,0,-2,0,0,0,3.789,3,4,[ OK ]
3753.6,18-Jul-25 14:32:54,6186,21.83,0.081,80.38,0.04493,0.6038,1.995,0,0,0,100,18.48,0.3167,403.9,-1,0,-1,0,-2,0,0,0,3.789,3,4,[ OK ]
3754.0,18-Jul-25 14:32:54,6187,21.83,0.0811,80.06,0.04682,0.6038,1.998,0,0,0,100,18.48,0.3175,404.2,-1,0,-1,0,-2,0,0,0,3.789,3,4,[ OK ]
3754.5,18-Jul-25 14:32:54,6187,21.83,0.08113,79.96,0.04513,0.6051,1.994,0,0,0,100,18.48,0.3181,404.3,-1,0,-1,0,-2,0,0,0,3.789,3,4,[ OK ]
3754.9,18-Jul-25 14:32:55,6188,21.83,0.08119,79.84,0.04632,0.6045,2,0,0,0,100,18.48,0.3197,404,-1,0,-1,0,-2,0,0,0,3.789,3,4,[ OK ]
3755.4,18-Jul-25 14:32:55,6188,21.85,0.08112,80.09,0.04662,0.6047,2.001,0,0,0,100,18.48,0.3178,403.9,-1,0,-1,0,-2,0,0,0,3.789,3,4,[ OK ]
3755.9,18-Jul-25 14:32:56,6189,21.85,0.08116,79.96,0.04751,0.6069,1.991,0,0,0,100,18.48,0.3188,404.3,-1,0,-1,0,-2,0,0,0,3.789,3,4,[ OK ]
3756.4,18-Jul-25 14:32:56,6189,21.85,0.08114,80.03,0.04553,0.6078,1.989,0,0,0,100,18.48,0.3177,403.9,-1,0,-1,0,-2,0,0,0,3.789,3,4,[ OK ]
3756.9,18-Jul-25 14:32:57,6190,21.85,0.08112,80.06,0.04523,0.6068,1.999,0,0,0,100,18.48,0.3173,404.2,-1,0,-1,0,-2,0,0,0,3.789,3,4,[ OK ]
3757.4,18-Jul-25 14:32:57,6190,21.85,0.08113,80.01,0.04493,0.607,2,0,0,0,100,18.48,0.3158,403.9,-1,0,-1,0,-2,0,0,0,3.789,3,4,[ OK ]
3757.9,18-Jul-25 14:32:58,6191,21.85,0.08114,80.04,0.04682,0.6098,1.988,0,0,0,100,18.48,0.3157,403.9,-1,0,-1,0,-2,0,0,0,3.789,3,4,[ OK ]
3758.4,18-Jul-25 14:32:58,6191,21.85,0.08109,80.17,0.04572,0.6104,1.986,0,0,0,100,18.48,0.3148,403.9,-1,0,-1,0,-2,0,0,0,3.789,3,4,[ OK ]
3758.9,18-Jul-25 14:32:59,6192,21.85,0.08126,79.65,0.04572,0.6107,1.987,0,0,0,100,18.48,0.3163,404,-1,0,-1,0,-2,0,0,0,3.789,3,4,[ OK ]
3759.4,18-Jul-25 14:32:59,6192,21.85,0.08117,79.87,0.04453,0.6098,1.994,0,0,0,100,18.48,0.3174,403.9,-1,0,-1,0,-2,0,0,0,3.789,3,4,[ OK ]
3759.9,18-Jul-25 14:33:00,6193,21.85,0.08126,79.53,0.04543,0.6088,2.004,0,0,0,100,18.48,0.32,404.2,-1,0,-1,0,-2,0,0,0,3.789,3,4,[ OK ]
3760.5,18-Jul-25 14:33:00,6193,21.85,0.08107,80.09,0.04186,0.6119,1.989,0,0,0,100,18.48,0.3215,403.9,-1,0,-1,0,-2,0,0,0,3.789,3,4,[ OK ]
3761.0,18-Jul-25 14:33:01,6194,21.85,0.08109,79.95,0.0482,0.6103,2.001,0,0,0,100,18.48,0.3203,403.8,-1,0,-1,0,-2,0,0,0,3.789,3,4,[ OK ]
3761.5,18-Jul-25 14:33:01,6194,21.85,0.08122,79.58,0.04513,0.6115,1.997,0,0,0,100,18.48,0.3213,404.2,-1,0,-1,0,-2,0,0,0,3.789,3,4,[ OK ]
3761.9,18-Jul-25 14:33:02,6195,21.85,0.08107,80.08,0.04662,0.6115,2,0,0,0,100,18.48,0.3209,404.2,-1,0,-1,0,-2,0,0,0,3.789,3,4,[ OK ]
3762.4,18-Jul-25 14:33:02,6195,21.85,0.08109,80.03,0.04592,0.6121,1.999,0,0,0,100,18.48,0.3238,404.3,-1,0,-1,0,-2,0,0,0,3.789,3,4,[ OK ]
3762.8,18-Jul-25 14:33:03,6196,21.85,0.08103,80.25,0.04632,0.6134,1.995,0,0,0,100,18.48,0.3216,404.2,-1,0,-1,0,-2,0,0,0,3.789,3,4,[ OK ]
3763.4,18-Jul-25 14:33:03,6196,21.85,0.08115,79.8,0.04562,0.6136,1.997,0,0,0,100,18.48,0.3219,404.3,-1,0,-1,0,-2,0,0,0,3.789,3,4,[ OK ]
3763.8,18-Jul-25 14:33:04,6197,21.85,0.08111,80.03,0.04572,0.6136,2,0,0,0,100,18.48,0.3229,404,-1,0,-1,0,-2,0,0,0,3.789,3,4,[ OK ]
3764.3,18-Jul-25 14:33:04,6197,21.85,0.08133,79.39,0.04523,0.6148,1.994,0,0,0,100,18.48,0.3219,404.2,-1,0,-1,0,-2,0,0,0,3.789,3,4,[ OK ]
3764.8,18-Jul-25 14:33:05,6198,21.85,0.08099,80.47,0.04493,0.6152,1.993,0,0,0,100,18.48,0.321,404.2,-1,0,-1,0,-2,0,0,0,3.789,3,4,[ OK ]
3765.2,18-Jul-25 14:33:05,6198,21.85,0.08116,79.96,0.04443,0.6155,1.993,0,0,0,100,18.48,0.3211,404.1,-1,0,-1,0,-2,0,0,0,3.789,3,4,[ OK ]
3765.7,18-Jul-25 14:33:06,6198,21.85,0.08127,79.71,0.04582,0.6154,1.996,0,0,0,100,18.48,0.3224,403.9,-1,0,-1,0,-2,0,0,0,3.789,3,4,[ OK ]
3766.1,18-Jul-25 14:33:06,6199,21.85,0.0811,80.36,0.04473,0.6164,1.992,0,0,0,100,18.48,0.3209,404,-1,0,-1,0,-2,0,0,0,3.789,3,4,[ OK ]
3766.6,18-Jul-25 14:33:07,6199,21.85,0.08122,79.95,0.04324,0.6165,1.994,0,0,0,100,18.48,0.3209,404.3,-1,0,-1,0,-2,0,0,0,3.789,3,4,[ OK ]
3767.1,18-Jul-25 14:33:07,6200,21.85,0.08115,80.11,0.04414,0.6156,2.001,0,0,0,100,18.48,0.3202,403.9,-1,0,-1,0,-2,0,0,0,3.789,3,4,[ OK ]
3767.6,18-Jul-25 14:33:07,6200,21.85,0.08124,79.8,0.04453,0.6177,1.991,0,0,0,100,18.48,0.3191,404.2,-1,0,-1,0,-2,0,0,0,3.789,3,4,[ OK ]
3768.0,18-Jul-25 14:33:08,6201,21.85,0.0812,80,0.0483,0.617,1.996,0,0,0,100,18.48,0.3207,404,-1,0,-1,0,-2,0,0,0,3.789,3,4,[ OK ]
3768.5,18-Jul-25 14:33:08,6201,21.85,0.08116,80.14,0.04295,0.6187,1.988,0,0,0,100,18.48,0.3207,404.2,-1,0,-1,0,-2,0,0,0,3.789,3,4,[ OK ]
3768.9,18-Jul-25 14:33:09,6202,21.85,0.08122,79.84,0.04592,0.6152,2.011,0,0,0,100,18.48,0.3203,404.2,-1,0,-1,0,-2,0,0,0,3.789,3,4,[ OK ]
3769.4,18-Jul-25 14:33:09,6202,21.85,0.08126,79.71,0.04176,0.6187,1.992,0,0,0,100,18.48,0.3215,403.9,-1,0,-1,0,-2,0,0,0,3.789,3,4,[ OK ]
3769.8,18-Jul-25 14:33:10,6203,21.85,0.08292,74.89,0.4314,0.6172,2.003,0,0,0,100,18.48,0.3731,403.9,0.1352,0,0,0,-2,0,0,0,3.789,3,4,[ OK ]
3771.2,18-Jul-25 14:33:11,6203,21.85,0.08603,69.54,0.45,0.6176,2.003,0,0,0,100,18.48,0.3748,404.1,0.1671,0,0,0,0,0,0,0,4,4,-1,[ OK ]
3773.4,18-Jul-25 14:33:13,6206,21.85,0.1013,66.3,0.5442,0.5167,1.511,0,0,0,100,18.48,0.397,404.2,0.2706,0,0,0,0,0,0,0,4,4,-1,[ OK ]
3774.3,18-Jul-25 14:33:14,6207,21.85,0.1043,68.74,0.552,0.5134,1.495,0,0,0,100,18.48,0.3973,404.3,0.2803,0,0,0,0,0,0,0,4,4,-1,[ OK ]
3774.8,18-Jul-25 14:33:15,6208,21.85,0.1053,70.65,0.5514,0.5142,1.477,0,0,0,100,18.48,0.3979,403.7,0.2785,0,0,0,0,0,0,0,4,4,-1,[ OK ]
3775.2,18-Jul-25 14:33:15,6208,21.85,0.1056,73.46,0.5578,0.5121,1.479,0,0,0,100,18.48,0.396,403.9,0.2901,0,0,0,0,0,0,0,4,4,-1,[ OK ]
3775.6,18-Jul-25 14:33:16,6209,21.85,0.107,72.12,0.5522,0.5125,1.47,0,0,0,100,18.48,0.3936,403.9,0.2873,0,0,0,0,0,0,0,4,4,-1,[ OK ]
3776.2,18-Jul-25 14:33:16,6209,21.85,0.1074,74.4,0.549,0.511,1.471,0,0,0,100,18.48,0.3922,404.2,0.2855,0,0,0,0,0,0,0,4,4,-1,[ OK ]
3776.6,18-Jul-25 14:33:17,6209,21.85,0.1077,75.56,0.5479,0.5111,1.465,0,0,0,100,18.48,0.3916,404.2,0.2853,0,0,0,0,0,0,0,4,4,-1,[ OK ]
3777.0,18-Jul-25 14:33:17,6210,21.85,0.1077,77.14,0.5492,0.5102,1.466,0,0,0,100,18.48,0.3909,404.2,0.2882,0,0,0,0,0,0,0,4,4,-1,[ OK ]
3777.4,18-Jul-25 14:33:17,6210,21.85,0.1081,77.16,0.5444,0.5087,1.471,0,0,0,100,18.48,0.3906,403.9,0.2825,0,0,0,0,0,0,0,4,4,-1,[ OK ]
3777.9,18-Jul-25 14:33:18,6211,21.85,0.1082,77.75,0.5373,0.5092,1.466,0,0,0,100,18.48,0.3872,404.2,0.2792,0,0,0,0,0,0,0,4,4,-1,[ OK ]
3778.3,18-Jul-25 14:33:18,6211,21.85,0.1072,81.62,0.4934,0.5093,1.464,0,0,0,100,18.48,0.3801,404,0.2296,0,0,0,0,0,0,0,4,4,-1,[ OK ]
3778.7,18-Jul-25 14:33:19,6212,21.85,0.107,81.62,0.4934,0.5082,1.468,0,0,0,100,18.48,0.379,404.2,0.2319,0,0,0,0,0,0,0,4,4,-1,[ OK ]
3779.1,18-Jul-25 14:33:19,6212,21.85,0.1068,81.8,0.4934,0.5073,1.473,0,0,0,100,18.48,0.3799,404.1,0.2301,0,0,0,0,0,0,0,4,4,-1,[ OK ]
3779.4,18-Jul-25 14:33:19,6212,21.85,0.1065,81.86,0.485,0.5084,1.465,0,0,0,100,18.48,0.379,404,0.2185,0,0,0,0,0,0,0,4,4,-1,[ OK ]
3779.7,18-Jul-25 14:33:20,6213,21.85,0.1061,82.29,0.4806,0.5073,1.471,0,0,0,100,18.48,0.379,404.2,0.2114,0,0,0,0,0,0,0,4,4,-1,[ OK ]
3780.0,18-Jul-25 14:33:20,6213,21.85,0.1059,82.39,0.4775,0.5078,1.467,0,0,0,100,18.48,0.377,404.2,0.2106,0,0,0,0,0,0,0,4,4,-1,[ OK ]
3780.4,18-Jul-25 14:33:20,6213,21.85,0.1054,82.61,0.4726,0.507,1.47,0,0,0,100,18.48,0.3758,403.9,0.2049,0,0,0,0,0,0,0,4,4,-1,[ OK ]
3780.7,18-Jul-25 14:33:21,6214,21.85,0.105,83.01,0.4747,0.5071,1.469,0,0,0,100,18.48,0.3734,404.2,0.2133,0,0,0,0,0,0,0,4,4,-1,[ OK ]
3781.0,18-Jul-25 14:33:21,6214,21.85,0.105,82.29,0.4679,0.5074,1.467,0,0,0,100,18.48,0.3729,403.9,0.2031,0,0,0,0,0,0,0,4,4,-1,[ OK ]
3781.3,18-Jul-25 14:33:21,6214,21.85,0.1046,82.83,0.4677,0.5079,1.463,0,0,0,100,18.48,0.3702,404.2,0.2084,0,0,0,0,0,0,0,4,4,-1,[ OK ]
3781.6,18-Jul-25 14:33:22,6215,21.85,0.1044,82.55,0.4685,0.5079,1.463,0,0,0,100,18.48,0.3713,404.3,0.2076,0,0,0,0,0,0,0,4,4,-1,[ OK ]
3782.1,18-Jul-25 14:33:22,6215,21.85,0.104,82.66,0.4648,0.5066,1.469,0,0,0,100,18.48,0.3719,403.9,0.1999,0,0,0,0,0,0,0,4,4,-1,[ OK ]
3782.5,18-Jul-25 14:33:22,6215,21.85,0.1038,82.4,0.4608,0.5078,1.461,0,0,0,100,18.48,0.3688,404.2,0.1997,0,0,0,0,0,0,0,4,4,-1,[ OK ]
3782.8,18-Jul-25 14:33:23,6216,21.85,0.1036,82.2,0.4593,0.5077,1.462,0,0,0,100,18.48,0.3708,404.1,0.1926,0,0,0,0,0,0,0,4,4,-1,[ OK ]
3783.1,18-Jul-25 14:33:23,6216,21.85,0.1035,81.92,0.4602,0.5067,1.467,0,0,0,100,18.48,0.3684,404.2,0.1994,0,0,0,0,0,0,0,4,4,-1,[ OK ]
3783.4,18-Jul-25 14:33:23,6216,21.85,0.1029,83.07,0.4541,0.5073,1.463,0,0,0,100,18.48,0.367,404.1,0.1919,0,0,0,0,0,0,0,4,4,-1,[ OK ]
3783.7,18-Jul-25 14:33:24,6217,21.85,0.1028,82.71,0.4546,0.5075,1.461,0,0,0,100,18.48,0.3673,403.9,0.1921,0,0,0,0,0,0,0,4,4,-1,[ OK ]
3784.0,18-Jul-25 14:33:24,6217,21.85,0.1028,81.99,0.4544,0.5076,1.46,0,0,0,100,18.48,0.3724,403.9,0.1805,0,0,0,0,0,0,0,4,4,-1,[ OK ]
3784.4,18-Jul-25 14:33:24,6217,21.85,0.1025,81.96,0.4483,0.507,1.464,0,0,0,100,18.48,0.3704,404.2,0.1738,0,0,0,0,0,0,0,4,4,-1,[ OK ]
3784.7,18-Jul-25 14:33:25,6218,21.85,0.1023,82.08,0.4469,0.5073,1.461,0,0,0,100,18.48,0.3712,404.2,0.1693,0,0,0,0,0,0,0,4,4,-1,[ OK ]
3785.0,18-Jul-25 14:33:25,6218,21.85,0.1022,81.62,0.4466,0.5075,1.46,0,0,0,100,18.48,0.3685,404.2,0.1749,0,0,0,0,0,0,0,4,4,-1,[ OK ]
3785.6,18-Jul-25 14:33:26,6218,21.85,0.102,81.8,0.4426,0.5072,1.461,0,0,0,100,18.48,0.3687,404.1,0.167,0,0,0,0,0,0,0,4,4,-1,[ OK ]
3786.0,18-Jul-25 14:33:26,6219,21.85,0.1037,82.64,0.4426,0.5063,1.467,0,0,0,100,18.48,0.3676,404.2,0.1695,0,0,0,0,0,0,0,4,4,-1,[ OK ]
3786.5,18-Jul-25 14:33:26,6219,21.85,0.1039,82.91,0.4426,0.5083,1.454,0,0,0,100,18.48,0.369,403.9,0.1663,0,0,0,0,0,0,0,4,4,-1,[ OK ]
3786.8,18-Jul-25 14:33:27,6220,21.85,0.1061,83.81,0.4438,0.5068,1.462,0,0,0,100,18.48,0.3685,404,0.1697,0,0,0,0,0,0,0,4,4,-1,[ OK ]
3787.1,18-Jul-25 14:33:27,6220,21.85,0.1064,84.54,0.4426,0.5069,1.461,0,0,0,100,18.48,0.3702,404.2,0.1635,0,0,0,0,0,0,0,4,4,-1,[ OK ]
3787.5,18-Jul-25 14:33:27,6220,21.85,0.1068,84.81,0.4331,0.5074,1.457,0,0,0,100,18.48,0.3692,404.2,0.1474,0,0,0,0,0,0,0,4,4,-1,[ OK ]
3787.8,18-Jul-25 14:33:28,6221,21.85,0.1092,86.1,0.4359,0.5075,1.457,0,0,0,100,18.48,0.3694,404.1,0.1525,0,0,0,0,0,0,0,4,4,-1,[ OK ]
3788.2,18-Jul-25 14:33:28,6221,21.85,0.1099,87.28,0.4323,0.5064,1.462,0,0,0,100,18.48,0.3673,404.2,0.1503,0,0,0,0,0,0,0,4,4,-1,[ OK ]
3788.7,18-Jul-25 14:33:29,6221,21.85,0.1122,88.35,0.4323,0.5063,1.462,0,0,0,100,18.48,0.3663,404,0.1528,0,0,0,0,0,0,0,4,4,-1,[ OK ]
3789.0,18-Jul-25 14:33:29,6222,21.85,0.113,89.78,0.4326,0.5065,1.46,0,0,0,100,18.48,0.3652,404.2,0.1558,0,0,0,0,0,0,0,4,4,-1,[ OK ]
3789.3,18-Jul-25 14:33:29,6222,21.85,0.1136,90.74,0.431,0.5056,1.466,0,0,0,100,18.48,0.3666,403.9,0.1495,0,0,0,0,0,0,0,4,4,-1,[ OK ]
3789.6,18-Jul-25 14:33:30,6222,21.85,0.1156,92.21,0.4305,0.5081,1.452,0,0,0,100,18.48,0.366,404.2,0.1498,0,0,0,0,0,0,0,4,4,-1,[ OK ]
3790.1,18-Jul-25 14:33:30,6223,21.85,0.1173,93.04,0.4326,0.5056,1.466,0,0,0,100,18.48,0.364,404,0.1586,0,0,0,0,0,0,0,4,4,-1,[ OK ]
3790.5,18-Jul-25 14:33:30,6223,21.85,0.118,95.33,0.4314,0.5079,1.453,0,0,0,100,18.48,0.3628,403.9,0.159,0,0,0,0,0,0,0,4,4,-1,[ OK ]
3790.8,18-Jul-25 14:33:31,6224,21.85,0.1209,96.64,0.4338,0.5069,1.458,0,0,0,100,18.48,0.3631,404,0.163,0,0,0,0,0,0,0,4,4,-1,[ OK ]
3791.1,18-Jul-25 14:33:31,6224,21.85,0.1218,97.95,0.4295,0.5076,1.454,0,0,0,100,18.48,0.3615,403.8,0.1583,0,0,0,0,0,0,0,4,4,-1,[ OK ]
3791.6,18-Jul-25 14:33:32,6224,21.85,0.1232,98.57,0.433,0.5067,1.459,0,0,0,100,18.48,0.3615,403.9,0.1652,0,0,0,0,0,0,0,4,4,-1,[ OK ]
3792.1,18-Jul-25 14:33:32,6225,21.85,0.1267,100.1,0.4345,0.5055,1.466,0,0,0,100,18.48,0.3608,404.2,0.1696,0,0,0,0,0,0,0,4,4,-1,[ OK ]
3792.6,18-Jul-25 14:33:32,6225,21.85,0.1278,102.3,0.4355,0.5052,1.468,0,0,0,100,18.48,0.3587,403.9,0.1763,0,0,0,0,0,0,0,4,4,-1,[ OK ]
3793.0,18-Jul-25 14:33:33,6226,21.85,0.1314,104.3,0.4356,0.5061,1.461,0,0,0,100,18.48,0.358,403.9,0.178,0,0,0,0,0,0,0,4,4,-1,[ OK ]
3793.4,18-Jul-25 14:33:33,6226,21.85,0.1326,106.7,0.4426,0.5065,1.459,0,0,0,100,18.48,0.358,403.9,0.1912,0,0,0,0,0,0,0,4,4,-1,[ OK ]
3793.9,18-Jul-25 14:33:34,6227,21.85,0.1359,107.4,0.4426,0.5058,1.463,0,0,0,100,18.48,0.3568,404.1,0.1939,0,0,0,0,0,0,0,4,4,-1,[ OK ]
3794.4,18-Jul-25 14:33:34,6227,21.85,0.1383,109.6,0.4309,0.5062,1.462,0,0,0,100,18.48,0.3578,404.2,0.1697,0,0,0,0,0,0,0,4,4,-1,[ OK ]
3795.0,18-Jul-25 14:33:35,6228,21.85,0.1421,111.8,0.4436,0.5075,1.453,0,0,0,100,18.48,0.3558,404,0.198,0,0,0,0,0,0,0,4,4,-1,[ OK ]
3795.6,18-Jul-25 14:33:36,6228,21.85,0.1442,114.9,0.4426,0.5071,1.455,0,0,0,100,18.48,0.3554,404.3,0.1971,0,0,0,0,0,0,0,4,4,-1,[ OK ]
3796.2,18-Jul-25 14:33:36,6229,21.85,0.1493,117.5,0.4453,0.505,1.467,0,0,0,100,18.48,0.3543,403.8,0.2043,0,0,0,0,0,0,0,4,4,-1,[ OK ]
3796.7,18-Jul-25 14:33:37,6230,21.85,0.1507,119.7,0.4426,0.5069,1.456,0,0,0,100,18.48,0.352,404.1,0.2046,0,0,0,0,0,0,0,4,4,-1,[ OK ]
3797.2,18-Jul-25 14:33:37,6230,21.85,0.1551,122.4,0.4433,0.5073,1.453,0,0,0,100,18.48,0.3539,404.2,0.2016,0,0,0,0,0,0,0,4,4,-1,[ OK ]
3797.8,18-Jul-25 14:33:38,6231,21.85,0.1592,124,0.4439,0.5064,1.458,0,0,0,100,18.48,0.3537,404,0.2032,0,0,0,0,0,0,0,4,4,-1,[ OK ]
3798.5,18-Jul-25 14:33:38,6231,21.85,0.1625,127.3,0.4427,0.5051,1.466,0,0,0,100,18.48,0.3525,404.2,0.2037,0,0,0,0,0,0,0,4,4,-1,[ OK ]
3799.0,18-Jul-25 14:33:39,6232,21.85,0.1658,130.6,0.4426,0.5054,1.463,0,0,0,100,18.48,0.3509,404.2,0.2073,0,0,0,0,0,0,0,4,4,-1,[ OK ]
3799.5,18-Jul-25 14:33:39,6232,21.85,0.1692,131.7,0.431,0.5051,1.465,0,0,0,100,18.48,0.3485,404,0.1914,0,0,0,0,0,0,0,4,4,-1,[ OK ]
3800.4,18-Jul-25 14:33:40,6233,21.85,0.1755,135.1,0.4426,0.5048,1.466,0,0,0,100,18.48,0.3502,404.2,0.2087,0,0,0,0,0,0,0,4,4,-1,[ OK ]
3801.1,18-Jul-25 14:33:41,6234,21.85,0.1814,139.7,0.4427,0.505,1.466,0,0,0,100,18.48,0.3488,403.7,0.2122,0,0,0,0,0,0,0,4,4,-1,[ OK ]
3801.5,18-Jul-25 14:33:41,6234,21.85,0.1835,141.4,0.4426,0.5056,1.463,0,0,0,100,18.48,0.3526,404.1,0.2033,0,0,0,0,0,0,0,4,4,-1,[ OK ]
3801.9,18-Jul-25 14:33:42,6235,21.85,0.1851,143.5,0.4426,0.5061,1.459,0,0,0,100,18.48,0.3483,403.9,0.2132,0,0,0,0,0,0,0,4,4,-1,[ OK ]
3802.3,18-Jul-25 14:33:42,6235,21.85,0.187,144.4,0.4434,0.5067,1.454,0,0,0,100,18.48,0.3493,404.2,0.2122,0,0,0,0,0,0,0,4,4,-1,[ OK ]
3802.7,18-Jul-25 14:33:43,6236,21.85,0.1887,145.2,0.4433,0.5046,1.466,0,0,0,100,18.48,0.3485,404.1,0.214,0,0,0,0,0,0,0,4,4,-1,[ OK ]
3803.2,18-Jul-25 14:33:43,6236,21.85,0.1754,146.9,0.4361,0.5065,1.455,0,0,0,100,18.48,0.3472,404.1,0.2039,0,0,0,0,0,0,0,4,4,-1,[ OK ]
3803.6,18-Jul-25 14:33:44,6236,21.85,0.1728,144.3,0.4362,0.5063,1.456,0,0,0,100,18.48,0.3468,404.2,0.205,0,0,0,0,0,0,0,4,4,-1,[ OK ]
3804.1,18-Jul-25 14:33:44,6237,21.85,0.1697,141.7,0.4285,0.5047,1.465,0,0,0,100,18.48,0.3506,404.2,0.1819,0,0,0,0,0,0,0,4,4,-1,[ OK ]
3804.5,18-Jul-25 14:33:44,6237,21.85,0.1673,140.4,0.4285,0.5058,1.459,0,0,0,100,18.48,0.3534,404,0.1753,0,0,0,0,0,0,0,4,4,-1,[ OK ]
3805.0,18-Jul-25 14:33:45,6238,21.85,0.1652,138.8,0.4311,0.5045,1.466,0,0,0,100,18.48,0.3517,403.9,0.1843,0,0,0,0,0,0,0,4,4,-1,[ OK ]
3805.4,18-Jul-25 14:33:45,6238,21.85,0.1637,136.3,0.4224,0.5051,1.462,0,0,0,100,18.48,0.3506,404.2,0.1699,0,0,0,0,0,0,0,4,4,-1,[ OK ]
3805.8,18-Jul-25 14:33:46,6239,21.85,0.162,135.1,0.4204,0.5063,1.455,0,0,0,100,18.48,0.3501,404.2,0.1671,0,0,0,0,0,0,0,4,4,-1,[ OK ]
3806.2,18-Jul-25 14:33:46,6239,21.85,0.1604,134,0.4179,0.5046,1.465,0,0,0,100,18.48,0.3509,404.1,0.1604,0,0,0,0,0,0,0,4,4,-1,[ OK ]
3806.5,18-Jul-25 14:33:46,6239,21.85,0.1591,133.8,0.4192,0.5058,1.458,0,0,0,100,18.48,0.3494,404.2,0.1665,0,0,0,0,0,0,0,4,4,-1,[ OK ]
3806.9,18-Jul-25 14:33:47,6240,21.85,0.1583,131.3,0.4157,0.5063,1.455,0,0,0,100,18.48,0.3492,404,0.1601,0,0,0,0,0,0,0,4,4,-1,[ OK ]
3807.3,18-Jul-25 14:33:47,6240,21.85,0.1569,131,0.4158,0.5043,1.467,0,0,0,100,18.48,0.3479,404,0.1634,0,0,0,0,0,0,0,4,4,-1,[ OK ]
3807.8,18-Jul-25 14:33:48,6241,21.85,0.1561,129.2,0.4155,0.5041,1.468,0,0,0,100,18.48,0.3474,404.3,0.1641,0,0,0,0,0,0,0,4,4,-1,[ OK ]
3808.2,18-Jul-25 14:33:48,6241,21.85,0.155,129.2,0.4157,0.505,1.463,0,0,0,100,18.48,0.3474,403.8,0.1644,0,0,0,0,0,0,0,4,4,-1,[ OK ]
3808.5,18-Jul-25 14:33:48,6241,21.85,0.1544,128.3,0.4137,0.5062,1.455,0,0,0,100,18.48,0.3492,403.8,0.1559,0,0,0,0,0,0,0,4,4,-1,[ OK ]
3808.9,18-Jul-25 14:33:49,6242,21.85,0.1538,127.2,0.4105,0.5046,1.464,0,0,0,100,18.48,0.3472,404.1,0.154,0,0,0,0,0,0,0,4,4,-1,[ OK ]
3809.3,18-Jul-25 14:33:49,6242,21.85,0.153,126.7,0.408,0.5062,1.455,0,0,0,100,18.48,0.3455,403.9,0.1532,0,0,0,0,0,0,0,4,4,-1,[ OK ]
3809.7,18-Jul-25 14:33:50,6243,21.85,0.1522,126.2,0.4106,0.5065,1.453,0,0,0,100,18.48,0.3472,403.9,0.1542,0,0,0,0,0,0,0,4,4,-1,[ OK ]
3810.2,18-Jul-25 14:33:50,6243,21.85,0.1517,125.4,0.4044,0.505,1.461,0,0,0,100,18.48,0.3435,404.2,0.1507,0,0,0,0,0,0,0,4,4,-1,[ OK ]
3810.5,18-Jul-25 14:33:50,6243,21.85,0.1514,124.9,0.4057,0.5043,1.466,0,0,0,100,18.48,0.3458,404.4,0.1478,0,0,0,0,0,0,0,4,4,-1,[ OK ]
3810.9,18-Jul-25 14:33:51,6244,21.85,0.1508,124.7,0.4029,0.5059,1.456,0,0,0,100,18.48,0.3431,404.1,0.1486,0,0,0,0,0,0,0,4,4,-1,[ OK ]
3811.3,18-Jul-25 14:33:51,6244,21.85,0.1504,124.2,0.4022,0.505,1.462,0,0,0,100,18.48,0.3432,403.9,0.1468,0,0,0,0,0,0,0,4,4,-1,[ OK ]
3811.7,18-Jul-25 14:33:52,6245,21.85,0.1499,123.9,0.4017,0.5044,1.466,0,0,0,100,18.48,0.3441,403.8,0.1436,0,0,0,0,0,0,0,4,4,-1,[ OK ]
3812.0,18-Jul-25 14:33:52,6245,21.85,0.1497,123.5,0.399,0.506,1.457,0,0,0,100,18.48,0.3429,404.2,0.1405,0,0,0,0,0,0,0,4,4,-1,[ OK ]
3812.4,18-Jul-25 14:33:52,6245,21.85,0.1494,123,0.4002,0.5059,1.456,0,0,0,100,18.48,0.3435,403.9,0.1417,0,0,0,0,0,0,0,4,4,-1,[ OK ]
3812.9,18-Jul-25 14:33:53,6246,21.85,0.1491,122.4,0.399,0.5058,1.457,0,0,0,100,18.48,0.3432,403.9,0.1397,0,0,0,0,0,0,0,4,4,-1,[ OK ]
3813.3,18-Jul-25 14:33:53,6246,21.85,0.1488,122.4,0.3962,0.5047,1.463,0,0,0,100,18.48,0.3429,404.2,0.1346,0,0,0,0,0,0,0,4,4,-1,[ OK ]
3813.7,18-Jul-25 14:33:54,6247,21.85,0.1484,122.4,0.3956,0.5042,1.467,0,0,0,100,18.48,0.3425,403.9,0.1341,0,0,0,0,0,0,0,4,4,-1,[ OK ]
3814.1,18-Jul-25 14:33:54,6247,21.85,0.1481,122.4,0.3945,0.5054,1.459,0,0,0,100,18.48,0.3434,404.2,0.1295,0,0,0,0,0,0,0,4,4,-1,[ OK ]
3814.5,18-Jul-25 14:33:54,6247,21.85,0.1478,122.4,0.3968,0.5046,1.464,0,0,0,100,18.48,0.3427,403.9,0.1362,0,0,0,0,0,0,0,4,4,-1,[ OK ]
3814.9,18-Jul-25 14:33:55,6248,21.85,0.1475,122.4,0.3981,0.504,1.467,0,0,0,100,18.48,0.3422,403.9,0.1403,0,0,0,0,0,0,0,4,4,-1,[ OK ]
3815.4,18-Jul-25 14:33:55,6248,21.87,0.1476,121.1,0.393,0.5063,1.453,0,0,0,100,18.48,0.3409,404.2,0.1326,0,0,0,0,0,0,0,4,4,-1,[ OK ]
3815.7,18-Jul-25 14:33:56,6249,21.87,0.1474,121.1,0.3918,0.5048,1.461,0,0,0,100,18.48,0.3426,403.8,0.1257,0,0,0,0,0,0,0,4,4,-1,[ OK ]
3816.1,18-Jul-25 14:33:56,6249,21.87,0.1471,121.2,0.3918,0.5054,1.458,0,0,0,100,18.48,0.3422,404.2,0.1267,0,0,0,0,0,0,0,4,4,-1,[ OK ]
3816.5,18-Jul-25 14:33:56,6249,21.87,0.1471,120.8,0.3918,0.5042,1.464,0,0,0,100,18.48,0.342,403.9,0.1271,0,0,0,0,0,0,0,4,4,-1,[ OK ]
3816.9,18-Jul-25 14:33:57,6250,21.87,0.1467,121.3,0.3918,0.5058,1.455,0,0,0,100,18.48,0.3412,403.9,0.1292,0,0,0,0,0,0,0,4,4,-1,[ OK ]
3817.3,18-Jul-25 14:33:57,6250,21.87,0.1467,121,0.3918,0.5041,1.466,0,0,0,100,18.48,0.3397,404.1,0.133,0,0,0,0,0,0,0,4,4,-1,[ OK ]
3817.6,18-Jul-25 14:33:58,6251,21.87,0.1468,120.5,0.3842,0.5068,1.45,0,0,0,100,18.48,0.3389,403.9,0.118,0,0,0,0,0,0,0,4,4,-1,[ OK ]
3818.1,18-Jul-25 14:33:58,6251,21.87,0.1466,120.9,0.3918,0.505,1.459,0,0,0,100,18.48,0.3392,403.8,0.1343,0,0,0,0,0,0,0,4,4,-1,[ OK ]
3818.5,18-Jul-25 14:33:58,6251,21.87,0.1465,120.7,0.3835,0.5038,1.466,0,0,0,100,18.48,0.3389,404.1,0.1162,0,0,0,0,0,0,0,4,4,-1,[ OK ]
3818.9,18-Jul-25 14:33:59,6252,21.87,0.1463,120.9,0.3918,0.5052,1.458,0,0,0,100,18.48,0.3426,404,0.1257,0,0,0,0,0,0,0,4,4,-1,[ OK ]
3819.3,18-Jul-25 14:33:59,6252,21.87,0.1463,120.9,0.379,0.504,1.465,0,0,0,100,18.48,0.3396,404.1,0.1041,0,0,0,0,0,0,0,4,4,-1,[ OK ]
3819.6,18-Jul-25 14:34:00,6252,21.87,0.1464,120.2,0.3851,0.5044,1.463,0,0,0,100,18.48,0.3396,404.3,0.118,0,0,0,0,0,0,0,4,4,-1,[ OK ]
3820.0,18-Jul-25 14:34:00,6253,21.87,0.1462,120.6,0.381,0.5052,1.459,0,0,0,100,18.48,0.3408,404.1,0.1057,0,0,0,0,0,0,0,4,4,-1,[ OK ]
3820.5,18-Jul-25 14:34:00,6253,21.87,0.1462,120.4,0.3799,0.5052,1.458,0,0,0,100,18.48,0.3378,403.9,0.1108,0,0,0,0,0,0,0,4,4,-1,[ OK ]
3820.8,18-Jul-25 14:34:01,6254,21.87,0.146,120.9,0.383,0.5047,1.461,0,0,0,100,18.48,0.3396,404.1,0.1133,0,0,0,0,0,0,0,4,4,-1,[ OK ]
3821.2,18-Jul-25 14:34:01,6254,21.87,0.1461,120.6,0.3823,0.5039,1.465,0,0,0,100,18.48,0.3377,404.1,0.1167,0,0,0,0,0,0,0,4,4,-1,[ OK ]
3821.6,18-Jul-25 14:34:02,6254,21.87,0.1459,120.5,0.3805,0.5062,1.452,0,0,0,100,18.48,0.3374,403.9,0.1134,0,0,0,0,0,0,0,4,4,-1,[ OK ]
3822.0,18-Jul-25 14:34:02,6255,21.87,0.146,120.1,0.3785,0.505,1.459,0,0,0,100,18.48,0.3371,403.8,0.1096,0,0,0,0,0,0,0,4,4,-1,[ OK ]
3822.4,18-Jul-25 14:34:02,6255,21.87,0.1458,120.6,0.3807,0.504,1.464,0,0,0,100,18.48,0.3366,404.2,0.1159,0,0,0,0,0,0,0,4,4,-1,[ OK ]
3822.8,18-Jul-25 14:34:03,6256,21.87,0.1457,120.7,0.3736,0.5052,1.458,0,0,0,100,18.48,0.3359,403.8,0.1008,0,0,0,0,0,0,0,4,4,-1,[ OK ]
3823.3,18-Jul-25 14:34:03,6256,21.87,0.1457,120.6,0.3678,0.5052,1.457,0,0,0,100,18.48,0.3345,404,0.09066,0,0,0,0,0,0,0,4,4,-1,[ OK ]
3823.7,18-Jul-25 14:34:04,6257,21.87,0.1455,120.9,0.3773,0.5044,1.461,0,0,0,100,18.48,0.3356,404,0.1105,0,0,0,0,0,0,0,4,4,-1,[ OK ]
3824.1,18-Jul-25 14:34:04,6257,21.87,0.1457,120.3,0.3745,0.5053,1.457,0,0,0,100,18.48,0.3335,404.1,0.1095,0,0,0,0,0,0,0,4,4,-1,[ OK ]
3824.5,18-Jul-25 14:34:04,6257,21.87,0.1457,120.1,0.3764,0.5042,1.463,0,0,0,100,18.48,0.3328,404.2,0.1157,0,0,0,0,0,0,0,4,4,-1,[ OK ]
3824.9,18-Jul-25 14:34:05,6258,21.87,0.1455,120.9,0.3759,0.5046,1.461,0,0,0,100,18.48,0.332,403.8,0.1166,0,0,0,0,0,0,0,4,4,-1,[ OK ]
3825.4,18-Jul-25 14:34:05,6258,21.87,0.1456,120.4,0.3724,0.5056,1.455,0,0,0,100,18.48,0.3317,404.2,0.1094,0,0,0,0,0,0,0,4,4,-1,[ OK ]
3825.8,18-Jul-25 14:34:06,6259,21.87,0.1454,120.7,0.3706,0.5049,1.459,0,0,0,100,18.48,0.3304,404,0.1083,0,0,0,0,0,0,0,4,4,-1,[ OK ]
3826.2,18-Jul-25 14:34:06,6259,21.87,0.1454,120.5,0.3743,0.5056,1.455,0,0,0,100,18.48,0.3288,403.8,0.1214,0,0,0,0,0,0,0,4,4,-1,[ OK ]
3826.6,18-Jul-25 14:34:07,6259,21.87,0.1455,120.1,0.3703,0.5051,1.457,0,0,0,100,18.48,0.329,403.9,0.1117,0,0,0,0,0,0,0,4,4,-1,[ OK ]
3826.9,18-Jul-25 14:34:07,6260,21.87,0.1455,120.1,0.3689,0.5052,1.457,0,0,0,100,18.48,0.3283,403.9,0.1101,0,0,0,0,0,0,0,4,4,-1,[ OK ]
3827.3,18-Jul-25 14:34:07,6260,21.87,0.1455,120.1,0.3705,0.5048,1.459,0,0,0,100,18.48,0.3276,404,0.1157,0,0,0,0,0,0,0,4,4,-1,[ OK ]
3827.7,18-Jul-25 14:34:08,6261,21.87,0.1454,120.4,0.3654,0.5056,1.455,0,0,0,100,18.48,0.3306,403.9,0.09543,0,0,0,0,0,0,0,4,4,-1,[ OK ]
3828.2,18-Jul-25 14:34:08,6261,21.87,0.1455,120,0.372,0.5039,1.464,0,0,0,100,18.48,0.3299,404.2,0.1132,0,0,0,0,0,0,0,4,4,-1,[ OK ]
3828.6,18-Jul-25 14:34:09,6261,21.87,0.1452,120.9,0.3724,0.5039,1.465,0,0,0,100,18.48,0.3288,403.8,0.1171,0,0,0,0,0,0,0,4,4,-1,[ OK ]
3829.0,18-Jul-25 14:34:09,6262,21.87,0.1455,119.9,0.3647,0.5054,1.456,0,0,0,100,18.48,0.33,403.9,0.09525,0,0,0,0,0,0,0,4,4,-1,[ OK ]
3829.4,18-Jul-25 14:34:09,6262,21.87,0.1455,119.8,0.3665,0.5044,1.462,0,0,0,100,18.48,0.33,403.8,0.09966,0,0,0,0,0,0,0,4,4,-1,[ OK ]
3829.8,18-Jul-25 14:34:10,6263,21.87,0.1459,118.3,0.3619,0.5045,1.461,0,0,0,100,18.48,0.3295,404.2,0.08939,0,0,0,0,0,0,0,4,4,-1,[ OK ]
3830.1,18-Jul-25 14:34:10,6263,21.87,0.1455,119.6,0.3651,0.506,1.453,0,0,0,100,18.48,0.3306,403.8,0.09447,0,0,0,0,0,0,0,4,4,-1,[ OK ]
3830.6,18-Jul-25 14:34:10,6263,21.87,0.1454,120,0.3654,0.5037,1.466,0,0,0,100,18.48,0.3298,403.8,0.09741,0,0,0,0,0,0,0,4,4,-1,[ OK ]
3830.9,18-Jul-25 14:34:11,6264,21.87,0.1453,120.2,0.3663,0.5036,1.467,0,0,0,100,18.48,0.3308,403.9,0.09697,0,0,0,0,0,0,0,4,4,-1,[ OK ]
3831.2,18-Jul-25 14:34:11,6264,21.87,0.1452,120.3,0.3659,0.5059,1.454,0,0,0,100,18.48,0.3288,404,0.1015,0,0,0,0,0,0,0,4,4,-1,[ OK ]
3831.5,18-Jul-25 14:34:11,6264,21.87,0.1452,120.2,0.3629,0.5039,1.466,0,0,0,100,18.48,0.33,403.9,0.09055,0,0,0,0,0,0,0,4,4,-1,[ OK ]
3831.9,18-Jul-25 14:34:12,6265,21.87,0.1453,119.9,0.3635,0.5052,1.458,0,0,0,100,18.48,0.3294,403.9,0.09381,0,0,0,0,0,0,0,4,4,-1,[ OK ]
3832.2,18-Jul-25 14:34:12,6265,21.87,0.1454,119.8,0.3644,0.5056,1.456,0,0,0,100,18.48,0.3252,403.9,0.1077,0,0,0,0,0,0,0,4,4,-1,[ OK ]
3832.5,18-Jul-25 14:34:12,6265,21.87,0.1452,120.4,0.3614,0.5045,1.462,0,0,0,100,18.48,0.3297,403.8,0.0877,0,0,0,0,0,0,0,4,4,-1,[ OK ]
3832.8,18-Jul-25 14:34:13,6266,21.87,0.1451,120.4,0.3601,0.5035,1.468,0,0,0,100,18.48,0.3286,404.2,0.08734,0,0,0,0,0,0,0,4,4,-1,[ OK ]
3833.1,18-Jul-25 14:34:13,6266,21.87,0.1451,120.5,0.3621,0.5058,1.455,0,0,0,100,18.48,0.3271,403.8,0.09646,0,0,0,0,0,0,0,4,4,-1,[ OK ]
3833.4,18-Jul-25 14:34:13,6266,21.87,0.1452,120,0.3656,0.5041,1.464,0,0,0,100,18.48,0.3266,404.2,0.1067,0,0,0,0,0,0,0,4,4,-1,[ OK ]
3833.8,18-Jul-25 14:34:14,6267,21.87,0.1453,119.9,0.3616,0.5058,1.454,0,0,0,100,18.48,0.3268,404,0.09611,0,0,0,0,0,0,0,4,4,-1,[ OK ]
3834.2,18-Jul-25 14:34:14,6267,21.87,0.1451,120.2,0.3599,0.5056,1.455,0,0,0,100,18.48,0.3254,403.9,0.09579,0,0,0,0,0,0,0,4,4,-1,[ OK ]
3834.6,18-Jul-25 14:34:14,6267,21.87,0.1453,119.5,0.3572,0.5044,1.462,0,0,0,100,18.48,0.3259,404.1,0.08755,0,0,0,0,0,0,0,4,4,-1,[ OK ]
3835.1,18-Jul-25 14:34:15,6268,21.87,0.1452,120.1,0.3589,0.5034,1.468,0,0,0,100,18.48,0.3264,403.8,0.0906,0,0,0,0,0,0,0,4,4,-1,[ OK ]
3835.6,18-Jul-25 14:34:16,6269,21.87,0.145,120.4,0.3566,0.5042,1.464,0,0,0,100,18.48,0.3269,403.9,0.08331,0,0,0,0,0,0,0,4,4,-1,[ OK ]
3836.1,18-Jul-25 14:34:16,6269,21.87,0.1452,119.8,0.3552,0.5047,1.46,0,0,0,100,18.48,0.3252,404.1,0.0846,0,0,0,0,0,0,0,4,4,-1,[ OK ]
3836.7,18-Jul-25 14:34:17,6270,21.87,0.1451,120,0.3578,0.5059,1.453,0,0,0,100,18.48,0.3252,403.8,0.0912,0,0,0,0,0,0,0,4,4,-1,[ OK ]
3837.3,18-Jul-25 14:34:17,6270,21.87,0.1453,119.4,0.3543,0.505,1.458,0,0,0,100,18.48,0.3251,404.1,0.08241,0,0,0,0,0,0,0,4,4,-1,[ OK ]
3837.9,18-Jul-25 14:34:18,6271,21.87,0.145,120.2,0.3593,0.5046,1.459,0,0,0,100,18.48,0.3238,403.9,0.09867,0,0,0,0,0,0,0,4,4,-1,[ OK ]
3838.5,18-Jul-25 14:34:18,6271,21.87,0.1449,120.4,0.3569,0.5038,1.465,0,0,0,100,18.48,0.3248,404,0.08983,0,0,0,0,0,0,0,4,4,-1,[ OK ]
3839.0,18-Jul-25 14:34:19,6272,21.87,0.1451,119.9,0.3584,0.5045,1.461,0,0,0,100,18.48,0.3254,404.3,0.09204,0,0,0,0,0,0,0,4,4,-1,[ OK ]
3839.7,18-Jul-25 14:34:20,6273,21.87,0.1451,119.8,0.3588,0.5042,1.463,0,0,0,100,18.48,0.3244,404.1,0.09574,0,0,0,0,0,0,0,4,4,-1,[ OK ]
3840.4,18-Jul-25 14:34:20,6273,21.87,0.1449,120.4,0.3576,0.5059,1.453,0,0,0,100,18.48,0.3252,403.8,0.0907,0,0,0,0,0,0,0,4,4,-1,[ OK ]
3841.0,18-Jul-25 14:34:21,6274,21.87,0.1448,120.6,0.3572,0.5051,1.457,0,0,0,100,18.48,0.3258,404.2,0.08788,0,0,0,0,0,0,0,4,4,-1,[ OK ]
3841.6,18-Jul-25 14:34:22,6275,21.87,0.145,120,0.3493,0.5036,1.466,0,0,0,100,18.48,0.3261,403.8,0.06647,0,0,0,0,0,0,0,4,4,-1,[ OK ]
3842.3,18-Jul-25 14:34:22,6275,21.87,0.1447,120.6,0.3553,0.5057,1.454,0,0,0,100,18.48,0.3265,404.2,0.08112,0,0,0,0,0,0,0,4,4,-1,[ OK ]
3842.8,18-Jul-25 14:34:23,6276,21.87,0.1447,120.8,0.3567,0.504,1.463,0,0,0,100,18.48,0.3248,404.2,0.08933,0,0,0,0,0,0,0,4,4,-1,[ OK ]
3843.5,18-Jul-25 14:34:23,6276,21.87,0.145,119.9,0.356,0.5046,1.459,0,0,0,100,18.48,0.3232,404,0.09208,0,0,0,0,0,0,0,4,4,-1,[ OK ]
3844.1,18-Jul-25 14:34:24,6277,21.87,0.1449,120.2,0.3573,0.5057,1.453,0,0,0,100,18.48,0.322,404.2,0.09874,0,0,0,0,0,0,0,4,4,-1,[ OK ]
3844.8,18-Jul-25 14:34:25,6278,21.87,0.1451,119.5,0.3547,0.5042,1.462,0,0,0,100,18.48,0.3244,404.2,0.0856,0,0,0,0,0,0,0,4,4,-1,[ OK ]
3845.4,18-Jul-25 14:34:25,6278,21.87,0.1448,120.5,0.3554,0.5047,1.458,0,0,0,100,18.48,0.3236,403.8,0.08965,0,0,0,0,0,0,0,4,4,-1,[ OK ]
3845.8,18-Jul-25 14:34:26,6279,21.87,0.1448,120.3,0.3596,0.5055,1.454,0,0,0,100,18.48,0.3213,403.9,0.1064,0,0,0,0,0,0,0,4,4,-1,[ OK ]
3846.4,18-Jul-25 14:34:26,6279,21.87,0.1448,120.3,0.3548,0.5052,1.456,0,0,0,100,18.48,0.3238,404.1,0.08755,0,0,0,0,0,0,0,4,4,-1,[ OK ]
3846.9,18-Jul-25 14:34:27,6280,21.87,0.1449,120,0.357,0.5046,1.459,0,0,0,100,18.48,0.3277,403.9,0.08207,0,0,0,0,0,0,0,4,4,-1,[ OK ]
3847.6,18-Jul-25 14:34:27,6280,21.87,0.1449,119.9,0.3559,0.5044,1.46,0,0,0,100,18.48,0.3329,404.1,0.06466,0,0,0,0,0,0,0,4,4,-1,[ OK ]
3848.2,18-Jul-25 14:34:28,6281,21.87,0.1448,120.3,0.3579,0.5047,1.458,0,0,0,100,18.48,0.3284,404.2,0.08245,0,0,0,0,0,0,0,4,4,-1,[ OK ]
3848.9,18-Jul-25 14:34:29,6282,21.87,0.1447,120.4,0.3557,0.5056,1.454,0,0,0,100,18.48,0.33,404.1,0.07229,0,0,0,0,0,0,0,4,4,-1,[ OK ]
3849.4,18-Jul-25 14:34:29,6282,21.87,0.1451,119.3,0.3511,0.5029,1.469,0,0,0,100,18.48,0.3322,403.9,0.05377,0,0,0,0,0,0,0,4,4,-1,[ OK ]
3850.0,18-Jul-25 14:34:30,6283,21.87,0.145,119.7,0.3562,0.5061,1.452,0,0,0,100,18.48,0.3299,403.8,0.07381,0,0,0,0,0,0,0,4,4,-1,[ OK ]
3850.6,18-Jul-25 14:34:31,6283,21.87,0.1449,119.9,0.3558,0.5053,1.455,0,0,0,100,18.48,0.3303,403.8,0.07176,0,0,0,0,0,0,0,4,4,-1,[ OK ]
3851.1,18-Jul-25 14:34:31,6284,21.87,0.1447,120.3,0.3553,0.5038,1.465,0,0,0,100,18.48,0.3311,404.1,0.06819,0,0,0,0,0,0,0,4,4,-1,[ OK ]
3851.5,18-Jul-25 14:34:31,6284,21.87,0.1449,119.9,0.3538,0.5044,1.461,0,0,0,100,18.48,0.3306,403.8,0.06553,0,0,0,0,0,0,0,4,4,-1,[ OK ]
3852.1,18-Jul-25 14:34:32,6285,21.87,0.1447,120.4,0.3541,0.506,1.451,0,0,0,100,18.48,0.3313,404.1,0.06461,0,0,0,0,0,0,0,4,4,-1,[ OK ]
3852.7,18-Jul-25 14:34:33,6286,21.87,0.1449,119.9,0.3543,0.5038,1.464,0,0,0,100,18.48,0.3274,403.8,0.07604,0,0,0,0,0,0,0,4,4,-1,[ OK ]
3853.2,18-Jul-25 14:34:33,6286,21.87,0.1449,119.7,0.356,0.5041,1.462,0,0,0,100,18.48,0.3269,404.1,0.08167,0,0,0,0,0,0,0,4,4,-1,[ OK ]
3853.8,18-Jul-25 14:34:34,6287,21.87,0.1446,120.8,0.353,0.5036,1.466,0,0,0,100,18.48,0.3273,404.2,0.0729,0,0,0,0,0,0,0,4,4,-1,[ OK ]
3854.2,18-Jul-25 14:34:34,6287,21.87,0.1448,120,0.3551,0.5051,1.457,0,0,0,100,18.48,0.3281,403.8,0.07618,0,0,0,0,0,0,0,4,4,-1,[ OK ]
3854.6,18-Jul-25 14:34:35,6287,21.87,0.1449,119.9,0.3557,0.5042,1.462,0,0,0,100,18.48,0.3282,404.2,0.07727,0,0,0,0,0,0,0,4,4,-1,[ OK ]
3855.1,18-Jul-25 14:34:35,6288,21.87,0.1448,120.2,0.3608,0.5041,1.463,0,0,0,100,18.48,0.3293,403.8,0.0872,0,0,0,0,0,0,0,4,4,-1,[ OK ]
3855.7,18-Jul-25 14:34:36,6289,21.87,0.1448,120.2,0.3537,0.5046,1.46,0,0,0,100,18.48,0.3306,403.8,0.06538,0,0,0,0,0,0,0,4,4,-1,[ OK ]
3856.1,18-Jul-25 14:34:36,6289,21.87,0.1447,120.4,0.3567,0.5052,1.456,0,0,0,100,18.48,0.3292,404.1,0.07702,0,0,0,0,0,0,0,4,4,-1,[ OK ]
3856.5,18-Jul-25 14:34:36,6289,21.87,0.1447,120.2,0.3547,0.5048,1.458,0,0,0,100,18.48,0.33,403.9,0.06981,0,0,0,0,0,0,0,4,4,-1,[ OK ]
3856.9,18-Jul-25 14:34:37,6290,21.87,0.1446,120.7,0.3584,0.504,1.463,0,0,0,100,18.48,0.328,403.9,0.08473,0,0,0,0,0,0,0,4,4,-1,[ OK ]
3857.5,18-Jul-25 14:34:37,6290,21.87,0.1447,120.4,0.3622,0.5052,1.456,0,0,0,100,18.48,0.3282,404.2,0.09381,0,0,0,0,0,0,0,4,4,-1,[ OK ]
3858.0,18-Jul-25 14:34:38,6291,21.87,0.1448,120.2,0.3572,0.5049,1.458,0,0,0,100,18.48,0.3266,403.7,0.08574,0,0,0,0,0,0,0,4,4,-1,[ OK ]
3858.4,18-Jul-25 14:34:38,6291,21.87,0.1446,120.8,0.3597,0.5041,1.462,0,0,0,100,18.48,0.3269,404,0.09115,0,0,0,0,0,0,0,4,4,-1,[ OK ]
3858.7,18-Jul-25 14:34:39,6292,21.87,0.1449,119.8,0.3575,0.5052,1.456,0,0,0,100,18.48,0.3258,403.9,0.08876,0,0,0,0,0,0,0,4,4,-1,[ OK ]
3859.3,18-Jul-25 14:34:39,6292,21.87,0.145,119.6,0.3577,0.5052,1.455,0,0,0,100,18.48,0.3261,403.9,0.08847,0,0,0,0,0,0,0,4,4,-1,[ OK ]
3859.8,18-Jul-25 14:34:40,6293,21.87,0.145,119.6,0.3569,0.5057,1.452,0,0,0,100,18.48,0.3258,403.8,0.08712,0,0,0,0,0,0,0,4,4,-1,[ OK ]
3860.3,18-Jul-25 14:34:40,6293,21.87,0.1449,119.9,0.36,0.5049,1.457,0,0,0,100,18.48,0.3286,404.2,0.08731,0,0,0,0,0,0,0,4,4,-1,[ OK ]
3860.6,18-Jul-25 14:34:41,6294,21.87,0.1449,120.1,0.3594,0.5047,1.459,0,0,0,100,18.48,0.3271,403.9,0.08984,0,0,0,0,0,0,0,4,4,-1,[ OK ]
3861.1,18-Jul-25 14:34:41,6294,21.87,0.145,119.6,0.3577,0.5034,1.467,0,0,0,100,18.48,0.3264,403.8,0.08746,0,0,0,0,0,0,0,4,4,-1,[ OK ]
3861.4,18-Jul-25 14:34:41,6294,21.87,0.1447,120.6,0.3569,0.5058,1.452,0,0,0,100,18.48,0.3258,404.1,0.08724,0,0,0,0,0,0,0,4,4,-1,[ OK ]
3861.9,18-Jul-25 14:34:42,6295,21.87,0.1449,120.1,0.3576,0.5044,1.46,0,0,0,100,18.48,0.3244,403.8,0.09273,0,0,0,0,0,0,0,4,4,-1,[ OK ]
3862.4,18-Jul-25 14:34:42,6295,21.87,0.1448,120.4,0.3598,0.5041,1.462,0,0,0,100,18.48,0.3256,404,0.09509,0,0,0,0,0,0,0,4,4,-1,[ OK ]
3863.0,18-Jul-25 14:34:43,6296,21.87,0.1448,120.4,0.3566,0.5053,1.456,0,0,0,100,18.48,0.3262,403.8,0.08523,0,0,0,0,0,0,0,4,4,-1,[ OK ]
3863.4,18-Jul-25 14:34:43,6296,21.87,0.1449,119.8,0.3578,0.5056,1.454,0,0,0,100,18.48,0.3235,404.2,0.09582,0,0,0,0,0,0,0,4,4,-1,[ OK ]
3863.8,18-Jul-25 14:34:44,6297,21.87,0.145,119.5,0.3537,0.5031,1.468,0,0,0,100,18.48,0.3233,403.9,0.08599,0,0,0,0,0,0,0,4,4,-1,[ OK ]
3864.3,18-Jul-25 14:34:44,6297,21.87,0.1448,120.2,0.361,0.5043,1.461,0,0,0,100,18.48,0.324,404.1,0.1024,0,0,0,0,0,0,0,4,4,-1,[ OK ]
3865.7,18-Jul-25 14:34:46,6298,21.87,0,117.4,0.08709,0.5045,1.46,0,0,0,100,18.48,0.3109,403.8,0,0,-1,0,-2,0,-1,0,3.625,4,2,[ OK ]
3867.4,18-Jul-25 14:34:47,6300,21.87,0,35.12,0.04176,0.5037,1.468,0,0,0,100,18.48,0.3031,404.1,0,0,-1,0,-2,0,-1,0,3.625,4,2,[ OK ]
3868.6,18-Jul-25 14:34:48,6301,21.87,0,17.36,0.04027,0.5034,1.467,0,0,0,100,18.48,0.3028,404.1,0,0,-1,0,-2,0,-1,0,3.625,4,2,[ OK ]
3870.0,18-Jul-25 14:34:50,6302,21.87,0,13.12,0.04334,0.504,1.463,0,0,0,100,18.48,0.01112,44.44,0,0,-1,0,-2,0,-1,0.6236,3,3,2,[ OK ]
