Elapsed (s),Time,nGen-400 Uptime,nGen-400 Hours,Anode PWM_Duty_Cycle,Anode Voltage,Anode Current,Getter PWM_Duty_Cycle,Getter Current,Neutron Counts,Neutron Count_Rate,Neutron Count_Rate_Avg,Neutron Count_Rate_Stdev_Pct,RF Freq_Synth,Suppressor Current,Suppressor Voltage,Pulsing Rep_Rate,Pulsing Duty_Cycle,Pulsing Ext_Trig_Select,Calculations Current_Ratio,Faults Anode_Voltage_Too_High,Faults Arc_dI_dt,Faults Arc_I,Faults Blinkout,Faults E_Beam_Power_Too_High,Faults Interlock,Faults Suppressor_Voltage_Too_Low,State_Machine State,State_Machine Source,State_Machine Destination,State_Machine Fault
0.0,17-Jul-26 13:01:57,118.9,166.6,0,1.051,0.04354,0,0.003626,0,0,0,100,15.05,0.001822,0,1,1,0,0,1,0,1,-1,1,0,4,2.25,2,4,[ OK ]
1.4,17-Jul-26 13:01:59,120.3,166.6,0,1.576,0.04146,0.2786,0.3609,0,0,0,100,15.05,0.002125,0,1,1,0,0,1,0,1,-1,1,0,4,3,2,4,[ OK ]
2.9,17-Jul-26 13:02:00,121.8,166.6,0,1.48,0.04493,0.3735,0.8827,0,0,0,100,15.05,0.001923,0.05076,1,1,0,0,1,0,1,-1,1,0,4,3,3,4,[ OK ]
4.5,17-Jul-26 13:02:02,123.3,166.6,0,0.9232,0.04295,0.4362,1.22,0,0,0,100,15.05,0.001619,0.09517,1,1,0,0,1,0,1,-1,1,0,4,3.105,3,4,[ OK ]
5.9,17-Jul-26 13:02:03,124.8,166.6,0,0.9869,0.04265,0.4724,1.417,0,0,0,100,15.05,0.16,404.2,1,1,0,0,1,0,1,-1,1,3,1,3.211,3,4,Interlock
7.3,17-Jul-26 13:02:05,126.3,166.6,0,1.433,0.04136,0.4948,1.53,0,0,0,100,15.05,0.1604,404.1,1,1,0,0,1,0,1,-1,1,0,1,4,4,1,Interlock
8.7,17-Jul-26 13:02:06,127.6,166.6,0,0.3661,0.04285,0.5081,1.598,0,0,0,100,15.05,0.1607,404.1,1,1,0,0,1,0,1,-1,1,0,1,3.75,4,1,Interlock
10.3,17-Jul-26 13:02:08,129.2,166.6,0,1.003,0.04215,0.5178,1.65,0,0,0,100,15.05,0.1604,404.2,1,1,0,0,1,0,1,-1,1,0,1,3.5,4,1,Interlock
12.0,17-Jul-26 13:02:09,130.8,166.6,0,0.8755,0.04166,0.5247,1.675,0,0,0,100,15.05,0.002159,7.607,1,0,0,0,1,0,1,-1,1,0,2.671,3,4,1,Interlock
13.6,17-Jul-26 13:02:11,132.5,166.6,0,1.385,0.03908,0,0.001813,0,0,0,100,15.05,0.002058,0.06345,1,0,0,0,1,0,1,-1,1,0,3,2,3,1,Interlock
265.6,17-Jul-26 13:06:23,384.5,166.6,0,1.114,0.04503,0,0.004331,0,0,0,100,15.05,0.001012,0,2.122E-314,0,0,0,1,0,1,-1,1,0,4,2.25,2,4,[ OK ]
266.9,17-Jul-26 13:06:24,385.8,166.6,0,0.971,0.04186,0.2387,0.1463,0,0,0,100,15.05,0.002665,0,2.122E-314,0,0,0,1,0,1,-1,1,0,4,3,2,4,[ OK ]
268.4,17-Jul-26 13:06:26,387.3,166.6,0,1.019,0.04176,0.3507,0.7476,0,0,0,100,15.05,0.002227,0.06345,2.122E-314,0,0,0,1,0,1,-1,1,0,4,3,3,4,[ OK ]
269.9,17-Jul-26 13:06:27,388.7,166.6,0,1.003,0.04265,0.4179,1.125,0,0,0,100,15.05,0.002058,0.09517,2.122E-314,0,0,0,1,0,1,-1,1,0,4,3.105,3,4,[ OK ]
271.4,17-Jul-26 13:06:29,390.2,166.6,0,1.082,0.03947,0.4624,1.356,0,0,0,100,15.05,0.1605,404.4,2.122E-314,0,0,0,1,0,1,-1,1,0,1,3.211,3,4,[ OK ]
272.8,17-Jul-26 13:06:30,391.6,166.6,0,1.528,0.04215,0.4865,1.489,0,0,0,100,15.05,0.1604,404.4,200,1,0,0,1,0,1,-1,1,0,1,3.368,3,4,[ OK ]
274.2,17-Jul-26 13:06:32,393,166.6,0,0.5571,0.04126,0.5038,1.569,0,0,0,100,15.05,0.16,404.1,200,1,0,0,1,0,1,-1,1,0,1,3.526,3,4,[ OK ]
275.6,17-Jul-26 13:06:33,394.4,166.6,0.03199,16.3,0.04652,0.5149,1.632,0,0,0,100,15.05,0.1636,404.4,200,1,0,-1,1,0,1,-1,1,1,1,3.632,3,4,[ OK ]
277.1,17-Jul-26 13:06:35,396,166.6,0.03922,32.62,0.05306,0.611,2.127,0,0,0,100,15.05,0.1649,404.2,200,1,0,-1,1,0,1,-1,1,1,1,3.789,3,4,[ OK ]
278.4,17-Jul-26 13:06:36,397.4,166.6,0.04279,40.75,0.05396,0.6748,2.44,0,0,0,100,15.05,0.1637,404.1,200,1,0,-1,1,0,1,-1,1,1,1,3.789,3,4,[ OK ]
279.2,17-Jul-26 13:06:37,398.6,166.6,0.04483,43.93,0.05287,0.7106,2.608,0,0,0,100,15.05,0.1643,404,200,1,0,-1,1,0,1,-1,1,1,1,3.789,3,4,[ OK ]
279.8,17-Jul-26 13:06:37,399.3,166.6,0.04533,45.67,0.05336,0.7255,2.662,0,0,0,100,15.05,0.1651,404,200,1,0,-1,1,0,1,-1,1,1,1,3.789,3,4,[ OK ]
280.3,17-Jul-26 13:06:38,399.8,166.6,0.04558,46.93,0.05297,0.7358,2.708,0,0,0,100,15.05,0.1644,404.4,200,1,0,-1,1,0,1,-1,1,1,1,3.789,3,4,[ OK ]
280.8,17-Jul-26 13:06:38,400.3,166.6,0.04604,47.1,0.05445,0.7442,2.733,0,0,0,100,15.05,0.1651,404.1,200,1,0,-1,1,0,1,-1,1,1,1,3.789,3,4,[ OK ]
281.4,17-Jul-26 13:06:39,400.9,166.6,0.04637,47.74,0.05346,0.7529,2.784,0,0,0,100,15.05,0.1649,404.2,200,1,0,-1,1,0,1,-1,1,1,1,3.789,3,4,[ OK ]
281.9,17-Jul-26 13:06:39,401.3,166.6,0.04613,48.9,0.05386,0.7594,2.804,0,0,0,100,15.05,0.1645,404.2,200,1,0,-1,1,0,1,-1,1,1,1,3.789,3,4,[ OK ]
282.4,17-Jul-26 13:06:40,401.9,166.6,0.04636,48.9,0.05416,0.7675,2.814,0,0,0,100,15.05,0.1645,404.3,200,1,0,-1,1,0,1,-1,1,1,1,3.789,3,4,[ OK ]
282.9,17-Jul-26 13:06:40,402.3,166.6,0.04654,48.9,0.05366,0.7723,2.836,0,0,0,100,15.05,0.1645,404.2,200,1,0,-1,1,0,1,-1,1,1,1,3.789,3,4,[ OK ]
283.4,17-Jul-26 13:06:41,403,166.6,0.04679,48.9,0.05733,0.7798,2.85,0,0,0,100,15.05,0.1644,404.4,200,1,0,-1,1,0,1,-1,1,1,1,3.789,3,4,[ OK ]
284.0,17-Jul-26 13:06:41,403.4,166.6,0.0469,49.04,0.05356,0.7844,2.857,0,0,0,100,15.05,0.1646,404.4,200,1,0,-1,1,0,1,-1,1,1,1,3.789,3,4,[ OK ]
284.4,17-Jul-26 13:06:42,404,166.6,0.04712,48.9,0.05297,0.79,2.865,0,0,0,100,15.05,0.1643,404.3,200,1,0,-1,1,0,1,-1,1,1,1,3.789,3,4,[ OK ]
285.0,17-Jul-26 13:06:42,404.4,166.6,0.04699,49.52,0.05386,0.7935,2.877,0,0,0,100,15.05,0.1646,404.1,200,1,0,-1,1,0,1,-1,1,1,1,3.789,3,4,[ OK ]
285.4,17-Jul-26 13:06:43,404.9,166.6,0.04716,49.44,0.05396,0.798,2.888,0,0,0,100,15.05,0.1646,404.4,200,1,0,-1,1,0,1,-1,1,1,1,3.789,3,4,[ OK ]
285.9,17-Jul-26 13:06:43,405.4,166.6,0.04727,49.34,0.05416,0.8017,2.893,0,0,0,100,15.05,0.1641,404.4,200,1,0,-1,1,0,1,-1,1,1,1,3.789,3,4,[ OK ]
286.5,17-Jul-26 13:06:44,406,166.6,0.04728,49.71,0.05217,0.8062,2.904,0,0,0,100,15.05,0.1646,404.4,200,1,0,-1,1,0,1,-1,1,1,1,3.789,3,4,[ OK ]
287.0,17-Jul-26 13:06:44,406.4,166.6,0.04727,49.87,0.05445,0.8092,2.91,0,0,0,100,15.05,0.1649,404.3,200,1,0,-1,1,0,1,-1,1,1,1,3.789,3,4,[ OK ]
287.5,17-Jul-26 13:06:45,407,166.6,0.04733,49.89,0.05336,0.8127,2.917,0,0,0,100,15.05,0.1654,404.3,200,1,0,-1,1,0,1,-1,1,1,1,3.789,3,4,[ OK ]
288.0,17-Jul-26 13:06:45,407.4,166.6,0.04733,49.95,0.05326,0.8156,2.919,0,0,0,100,15.05,0.1646,404.4,200,1,0,-1,1,0,1,-1,1,1,1,3.789,3,4,[ OK ]
288.4,17-Jul-26 13:06:46,408,166.6,0.04754,49.42,0.05445,0.8196,2.916,0,0,0,100,15.05,0.1651,404.4,200,1,0,-1,1,0,1,-1,1,1,1,3.789,3,4,[ OK ]
289.0,17-Jul-26 13:06:46,408.4,166.6,0.04702,50.81,0.05356,0.8215,2.926,0,0,0,100,15.05,0.1646,404.4,200,1,0,-1,1,0,1,-1,1,1,1,3.789,3,4,[ OK ]
289.5,17-Jul-26 13:06:47,409,166.6,0.04735,50.06,0.05068,0.8256,2.925,0,0,0,100,15.05,0.1656,404.2,200,1,0,-1,1,0,1,-1,1,1,1,3.789,3,4,[ OK ]
290.0,17-Jul-26 13:06:47,409.5,166.6,0.04741,49.9,0.05525,0.8276,2.932,0,0,0,100,15.05,0.1651,404.4,200,1,0,-1,1,0,1,-1,1,1,1,3.789,3,4,[ OK ]
290.5,17-Jul-26 13:06:48,410,166.6,0.04733,50.17,0.05058,0.8307,2.931,0,0,0,100,15.05,0.1653,404,200,1,0,-1,1,0,1,-1,1,1,1,3.789,3,4,[ OK ]
291.0,17-Jul-26 13:06:48,410.4,166.6,0.04723,50.47,0.05326,0.8331,2.93,0,0,0,100,15.05,0.1631,404,200,1,0,-1,1,0,1,-1,1,1,1,3.789,3,4,[ OK ]
291.5,17-Jul-26 13:06:49,411,166.6,0.04725,50.47,0.05287,0.8353,2.939,0,0,0,100,15.05,0.1649,404.1,200,1,0,-1,1,0,1,-1,1,1,1,3.789,3,4,[ OK ]
292.0,17-Jul-26 13:06:49,411.4,166.6,0.04733,50.28,0.05058,0.8376,2.94,0,0,0,100,15.05,0.1637,404.4,200,1,0,-1,1,0,1,-1,1,1,1,3.789,3,4,[ OK ]
292.5,17-Jul-26 13:06:50,412.1,166.6,0.04753,49.82,0.05604,0.8409,2.939,0,0,0,100,15.05,0.1646,404.4,200,1,0,-1,1,0,1,-1,1,1,1,3.789,3,4,[ OK ]
293.1,17-Jul-26 13:06:50,412.5,166.6,0.0473,50.49,0.05376,0.8429,2.942,0,0,0,100,15.05,0.1642,404.1,200,1,0,-1,1,0,1,-1,1,1,1,3.789,3,4,[ OK ]
293.5,17-Jul-26 13:06:51,413,166.6,0.0479,48.95,0.05287,0.8456,2.942,0,0,0,100,15.05,0.1649,404.3,200,1,0,-1,1,0,1,-1,1,1,1,3.789,3,4,[ OK ]
294.0,17-Jul-26 13:06:51,413.5,166.6,0.04777,49.22,0.07747,0.8474,2.945,0,0,0,100,15.05,0.177,404.3,200,1,0,-1,1,0,1,-1,1,1,1,3.789,3,4,[ OK ]
294.5,17-Jul-26 13:06:52,414,166.6,0.04757,49.95,0.1201,0.8504,2.94,0,0,0,100,15.05,0.1885,404.2,200,1,0,-0.4685,1,1,1,-1,1,1,1,3.789,3,4,[ OK ]
295.6,17-Jul-26 13:06:53,414.5,166.6,0.04815,48.9,0.1466,0.7675,2.57,0,0,0,100,15.05,0.1965,404.3,200,1,0,-0.2796,1,1,1,-1,1,1,1,3.947,3,4,[ OK ]
296.9,17-Jul-26 13:06:54,415.9,166.6,0.05201,44.52,0.2174,0.7074,2.281,0,0,0,100,15.05,0.2191,404.2,200,1,0,0.03928,1,1,1,1,1,1,1,4,4,-1,[ OK ]
298.6,17-Jul-26 13:06:56,418.2,166.6,0.0625,38.14,0.3169,0.65,2.019,0,0,0,100,15.05,0.2417,404.3,200,1,0,0.2417,1,1,1,1,1,1,1,4,4,-1,[ OK ]
299.2,17-Jul-26 13:06:57,418.8,166.6,0.06576,37.23,0.332,0.6397,1.975,0,0,0,100,15.05,0.2461,404.3,200,1,0,0.2653,1,1,1,1,1,1,1,4,4,-1,[ OK ]
299.7,17-Jul-26 13:06:57,419.2,166.6,0.06773,37.3,0.3476,0.6342,1.942,0,0,0,100,15.05,0.2488,404.2,200,1,0,0.2767,1,1,1,1,1,1,1,4,4,-1,[ OK ]
300.4,17-Jul-26 13:06:58,419.6,166.6,0.0699,36.8,0.3526,0.628,1.929,0,0,0,100,15.05,0.2536,404,200,1,0,0.2828,1,1,1,1,1,1,1,4,4,-1,[ OK ]
300.9,17-Jul-26 13:06:58,420.4,166.6,0.08242,39.46,0.422,0.6199,1.88,0,0,0,100,15.05,0.2675,404.1,200,1,0,0.3737,1,1,1,1,1,1,1,4,4,-1,[ OK ]
301.4,17-Jul-26 13:06:59,420.8,166.6,0.09169,41.42,0.4649,0.6157,1.868,0,0,0,100,15.05,0.2788,404.2,200,1,0,0.4152,1,1,1,1,1,1,1,4,4,-1,[ OK ]
301.8,17-Jul-26 13:06:59,421.4,166.6,0.09774,44.43,0.5005,0.6109,1.856,0,0,0,100,15.05,0.284,404,200,1,0,0.4316,1,1,1,1,1,1,1,4,4,-1,[ OK ]
302.4,17-Jul-26 13:07:00,421.8,166.6,0.108,46.99,0.5478,0.6087,1.834,0,0,0,100,15.05,0.2963,404.2,200,1,0,0.4578,1,1,1,1,1,1,1,4,4,-1,[ OK ]
302.9,17-Jul-26 13:07:00,422.4,166.6,0.1164,52.16,0.6028,0.605,1.817,0,0,0,100,15.05,0.3068,404,200,1,0,0.492,1,1,1,1,1,1,1,4,4,-1,[ OK ]
303.8,17-Jul-26 13:07:01,422.8,166.6,0.1317,55.76,0.6798,0.6023,1.811,0,0,0,100,15.05,0.3237,404.2,200,1,0,0.5221,1,1,1,1,1,1,1,4,4,-1,[ OK ]
304.3,17-Jul-26 13:07:02,423.8,166.6,0.1484,67.33,0.772,0.5983,1.785,0,0,0,100,15.05,0.3383,404.3,200,1,0,0.5593,1,1,1,1,1,1,1,4,4,-1,[ OK ]
304.7,17-Jul-26 13:07:02,424.3,166.6,0.1538,73.35,0.7981,0.5967,1.78,0,0,0,100,15.05,0.342,404.1,200,1,0,0.5716,1,1,1,1,1,1,1,4,4,-1,[ OK ]
305.2,17-Jul-26 13:07:03,424.8,166.6,0.1599,79.7,0.8203,0.5942,1.783,0,0,0,100,15.05,0.344,404.1,200,1,0,0.5791,1,1,1,1,1,1,1,4,4,-1,[ OK ]
305.7,17-Jul-26 13:07:03,425.2,166.6,0.1637,84.97,0.8299,0.5938,1.768,0,0,0,100,15.05,0.3428,404,200,1,0,0.5859,1,1,1,1,1,1,1,4,4,-1,[ OK ]
306.2,17-Jul-26 13:07:04,425.7,166.6,0.1675,91.3,0.8275,0.5917,1.772,0,0,0,100,15.05,0.3402,404,200,1,0,0.5853,1,1,1,1,1,1,1,4,4,-1,[ OK ]
306.7,17-Jul-26 13:07:04,426.2,166.6,0.1698,97.8,0.8143,0.5906,1.768,0,0,0,100,15.05,0.3346,404,200,1,0,0.5846,1,1,1,1,1,1,1,4,4,-1,[ OK ]
307.2,17-Jul-26 13:07:05,426.8,166.6,0.1713,103.7,0.7871,0.5902,1.757,0,0,0,100,15.05,0.3284,404,200,1,0,0.5805,1,1,1,1,1,1,1,4,4,-1,[ OK ]
307.6,17-Jul-26 13:07:05,427.2,166.6,0.1716,108.2,0.7637,0.5892,1.758,0,0,0,100,15.05,0.3211,404.4,200,1,0,0.5775,1,1,1,1,1,1,1,4,4,-1,[ OK ]
308.1,17-Jul-26 13:07:05,427.6,166.6,0.1715,112.2,0.725,0.5887,1.753,0,0,0,100,15.05,0.3142,404,200,1,0,0.5662,1,1,1,1,1,1,1,4,4,-1,[ OK ]
308.5,17-Jul-26 13:07:06,428,166.6,0.171,115.8,0.7055,0.5877,1.755,0,0,0,100,15.05,0.3069,404.3,200,1,0,0.5594,1,1,1,1,1,1,1,4,4,-1,[ OK ]
308.9,17-Jul-26 13:07:06,428.4,166.6,0.1702,118.9,0.6757,0.5879,1.744,0,0,0,100,15.05,0.2997,404.1,200,1,0,0.55,1,1,1,1,1,1,1,4,4,-1,[ OK ]
309.3,17-Jul-26 13:07:07,428.9,166.6,0.1688,122.2,0.6479,0.5875,1.741,0,0,0,100,15.05,0.2934,404.4,200,1,0,0.5456,1,1,1,1,1,1,1,4,4,-1,[ OK ]
309.7,17-Jul-26 13:07:07,429.3,166.6,0.1681,123.2,0.6192,0.5871,1.738,0,0,0,100,15.05,0.2883,404,200,1,0,0.5283,1,1,1,1,1,1,1,4,4,-1,[ OK ]
310.2,17-Jul-26 13:07:08,429.7,166.6,0.1666,125.6,0.5981,0.5852,1.753,0,0,0,100,15.05,0.2803,404.3,200,1,0,0.5232,1,1,1,1,1,1,1,4,4,-1,[ OK ]
310.6,17-Jul-26 13:07:08,430.1,166.6,0.1655,126,0.5719,0.5847,1.753,0,0,0,100,15.05,0.2778,404,200,1,0,0.5102,1,1,1,1,1,1,1,4,4,-1,[ OK ]
311.0,17-Jul-26 13:07:08,430.5,166.6,0.1641,126.9,0.5536,0.5857,1.736,0,0,0,100,15.05,0.2718,404,200,1,0,0.502,1,1,1,1,1,1,1,4,4,-1,[ OK ]
311.4,17-Jul-26 13:07:09,430.9,166.6,0.1626,127.8,0.5322,0.5845,1.745,0,0,0,100,15.05,0.2672,404.1,200,1,0,0.4931,1,1,1,1,1,1,1,4,4,-1,[ OK ]
311.8,17-Jul-26 13:07:09,431.4,166.6,0.1613,128.1,0.5131,0.5848,1.738,0,0,0,100,15.05,0.2641,404,200,1,0,0.4845,1,1,1,1,1,1,1,4,4,-1,[ OK ]
312.2,17-Jul-26 13:07:10,431.8,166.6,0.1599,128.2,0.5004,0.5832,1.753,0,0,0,100,15.05,0.2603,404,200,1,0,0.4778,1,1,1,1,1,1,1,4,4,-1,[ OK ]
312.7,17-Jul-26 13:07:10,432.2,166.6,0.1588,128.1,0.4859,0.5843,1.736,0,0,0,100,15.05,0.2558,404.2,200,1,0,0.4678,1,1,1,1,1,1,1,4,4,-1,[ OK ]
313.1,17-Jul-26 13:07:11,432.6,166.6,0.1576,128,0.4672,0.5837,1.741,0,0,0,100,15.05,0.254,404.4,200,1,0,0.4544,1,1,1,1,1,1,1,4,4,-1,[ OK ]
313.5,17-Jul-26 13:07:11,433,166.6,0.1562,128.2,0.4535,0.584,1.734,0,0,0,100,15.05,0.2504,404.1,200,1,0,0.448,1,1,1,1,1,1,1,4,4,-1,[ OK ]
313.9,17-Jul-26 13:07:11,433.5,166.6,0.1552,127.6,0.4446,0.5838,1.733,0,0,0,100,15.05,0.248,404,200,1,0,0.4426,1,1,1,1,1,1,1,4,4,-1,[ OK ]
314.3,17-Jul-26 13:07:12,433.9,166.6,0.1536,128.6,0.4349,0.5824,1.747,0,0,0,100,15.05,0.2458,404.4,200,1,0,0.4303,1,1,1,1,1,1,1,4,4,-1,[ OK ]
314.8,17-Jul-26 13:07:12,434.3,166.6,0.1529,127.4,0.4257,0.5828,1.741,0,0,0,100,15.05,0.2419,403.9,200,1,0,0.4274,1,1,1,1,1,1,1,4,4,-1,[ OK ]
315.2,17-Jul-26 13:07:13,434.7,166.6,0.1518,127.2,0.4148,0.5829,1.737,0,0,0,100,15.05,0.2407,404.1,200,1,0,0.4218,1,1,1,1,1,1,1,4,4,-1,[ OK ]
315.6,17-Jul-26 13:07:13,435.1,166.6,0.151,126.8,0.4029,0.5826,1.74,0,0,0,100,15.05,0.2375,404.1,200,1,0,0.4106,1,1,1,1,1,1,1,4,4,-1,[ OK ]
316.0,17-Jul-26 13:07:13,435.5,166.6,0.1503,126,0.4008,0.5834,1.729,0,0,0,100,15.05,0.2376,403.9,200,1,0,0.4082,1,1,1,1,1,1,1,4,4,-1,[ OK ]
316.4,17-Jul-26 13:07:14,436,166.6,0.1494,125.6,0.3918,0.5823,1.74,0,0,0,100,15.05,0.2353,404.2,200,1,0,0.3994,1,1,1,1,1,1,1,4,4,-1,[ OK ]
316.9,17-Jul-26 13:07:14,436.4,166.6,0.1485,125.8,0.3841,0.5829,1.731,0,0,0,100,15.05,0.2336,404,200,1,0,0.3913,1,1,1,1,1,1,1,4,4,-1,[ OK ]
317.3,17-Jul-26 13:07:15,436.8,166.6,0.1476,125.8,0.3744,0.5828,1.731,0,0,0,100,15.05,0.2326,404,200,1,0,0.3738,1,1,1,1,1,1,1,4,4,-1,[ OK ]
317.7,17-Jul-26 13:07:15,437.2,166.6,0.147,125.2,0.3691,0.582,1.739,0,0,0,100,15.05,0.2303,404.1,200,1,0,0.377,1,1,1,1,1,1,1,4,4,-1,[ OK ]
318.1,17-Jul-26 13:07:16,437.6,166.6,0.1464,125,0.3644,0.5822,1.735,0,0,0,100,15.05,0.2292,404,200,1,0,0.3729,1,1,1,1,1,1,1,4,4,-1,[ OK ]
318.5,17-Jul-26 13:07:16,438.1,166.6,0.146,124.1,0.3588,0.5821,1.735,0,0,0,100,15.05,0.227,404,200,1,0,0.3636,1,1,1,1,1,1,1,4,4,-1,[ OK ]
318.9,17-Jul-26 13:07:16,438.5,166.6,0.1455,123.8,0.3519,0.5819,1.736,0,0,0,100,15.05,0.2269,404.3,200,1,0,0.3584,1,1,1,1,1,1,1,4,4,-1,[ OK ]
319.3,17-Jul-26 13:07:17,438.9,166.6,0.1449,123.7,0.3509,0.5818,1.736,0,0,0,100,15.05,0.2256,404.3,200,1,0,0.352,1,1,1,1,1,1,1,4,4,-1,[ OK ]
319.8,17-Jul-26 13:07:17,439.3,166.6,0.1444,123.6,0.3443,0.5817,1.736,0,0,0,100,15.05,0.2244,404,200,1,0,0.3501,1,1,1,1,1,1,1,4,4,-1,[ OK ]
320.2,17-Jul-26 13:07:18,439.7,166.6,0.1439,123.3,0.341,0.5821,1.73,0,0,0,100,15.05,0.2229,404.3,200,1,0,0.3465,1,1,1,1,1,1,1,4,4,-1,[ OK ]
320.6,17-Jul-26 13:07:18,440.1,166.6,0.1438,122.5,0.341,0.5822,1.728,0,0,0,100,15.05,0.2223,403.9,200,1,0,0.3481,1,1,1,1,1,1,1,4,4,-1,[ OK ]
321.0,17-Jul-26 13:07:18,440.6,166.6,0.1432,122.9,0.3336,0.5821,1.728,0,0,0,100,15.05,0.2213,404.3,200,1,0,0.3378,1,1,1,1,1,1,1,4,4,-1,[ OK ]
321.4,17-Jul-26 13:07:19,441,166.6,0.1427,122.8,0.3297,0.5814,1.734,0,0,0,100,15.05,0.2204,404.4,200,1,0,0.3308,1,1,1,1,1,1,1,4,4,-1,[ OK ]
321.9,17-Jul-26 13:07:19,441.4,166.6,0.1425,122.2,0.328,0.5819,1.727,0,0,0,100,15.05,0.2192,404.1,200,1,0,0.3447,1,1,1,1,1,1,1,4,4,-1,[ OK ]
322.3,17-Jul-26 13:07:20,441.8,166.6,0.1421,122.3,0.3212,0.5811,1.736,0,0,0,100,15.05,0.2189,404.2,200,1,0,0.3168,1,1,1,1,1,1,1,4,4,-1,[ OK ]
322.7,17-Jul-26 13:07:20,442.2,166.6,0.1418,122.2,0.3204,0.5817,1.729,0,0,0,100,15.05,0.2176,404.1,200,1,0,0.3209,1,1,1,1,1,1,1,4,4,-1,[ OK ]
323.1,17-Jul-26 13:07:21,442.7,166.6,0.1414,122.2,0.3175,0.5817,1.728,0,0,0,100,15.05,0.2178,404.1,200,1,0,0.3132,1,1,1,1,1,1,1,4,4,-1,[ OK ]
323.5,17-Jul-26 13:07:21,443.1,166.6,0.1411,122.2,0.3174,0.5817,1.728,0,0,0,100,15.05,0.2162,404.3,200,1,0,0.3144,1,1,1,1,1,1,1,4,4,-1,[ OK ]
324.0,17-Jul-26 13:07:21,443.5,166.6,0.1407,122.2,0.3049,0.5817,1.727,0,0,0,100,15.05,0.2156,404.1,200,1,0,0.3064,1,1,1,1,1,1,1,4,4,-1,[ OK ]
324.4,17-Jul-26 13:07:22,443.9,166.6,0.1404,122.2,0.3124,0.5811,1.734,0,0,0,100,15.05,0.2159,404.3,200,1,0,0.3133,1,1,1,1,1,1,1,4,4,-1,[ OK ]
324.8,17-Jul-26 13:07:22,444.3,166.6,0.1401,122.2,0.3098,0.5816,1.727,0,0,0,100,15.05,0.2149,404.3,200,1,0,0.3024,1,1,1,1,1,1,1,4,4,-1,[ OK ]
325.2,17-Jul-26 13:07:23,444.8,166.6,0.1403,121,0.3045,0.5808,1.735,0,0,0,100,15.05,0.2151,404.2,200,1,0,0.3033,1,1,1,1,1,1,1,4,4,-1,[ OK ]
325.5,17-Jul-26 13:07:23,445.1,166.6,0.1403,120.5,0.3054,0.5812,1.731,0,0,0,100,15.05,0.2138,403.9,200,1,0,0.3034,1,1,1,1,1,1,1,4,4,-1,[ OK ]
325.8,17-Jul-26 13:07:23,445.4,166.6,0.1395,122.2,0.3052,0.5807,1.736,0,0,0,100,15.05,0.2145,404,200,1,0,0.2978,1,1,1,1,1,1,1,4,4,-1,[ OK ]
326.3,17-Jul-26 13:07:24,445.8,166.6,0.1403,119.7,0.3001,0.5807,1.736,0,0,0,100,15.05,0.2142,404,200,1,0,0.2928,1,1,1,1,1,1,1,4,4,-1,[ OK ]
326.6,17-Jul-26 13:07:24,446.1,166.6,0.1392,122.2,0.3041,0.5812,1.73,0,0,0,100,15.05,0.2126,404,200,1,0,0.2907,1,1,1,1,1,1,1,4,4,-1,[ OK ]
326.9,17-Jul-26 13:07:24,446.4,166.6,0.14,119.8,0.3007,0.5807,1.735,0,0,0,100,15.05,0.213,404.3,200,1,0,0.2978,1,1,1,1,1,1,1,4,4,-1,[ OK ]
327.2,17-Jul-26 13:07:25,446.8,166.6,0.1396,120.8,0.2991,0.5809,1.732,0,0,0,100,15.05,0.2137,404.3,200,1,0,0.2796,1,1,1,1,1,1,1,4,4,-1,[ OK ]
327.6,17-Jul-26 13:07:25,447.2,166.6,0.1394,120.9,0.3008,0.5814,1.726,0,0,0,100,15.05,0.2108,404.3,200,1,0,0.2966,1,1,1,1,1,1,1,4,4,-1,[ OK ]
328.0,17-Jul-26 13:07:25,447.5,166.6,0.1395,120.6,0.2973,0.5812,1.727,0,0,0,100,15.05,0.2116,404,200,1,0,0.2889,1,1,1,1,1,1,1,4,4,-1,[ OK ]
328.3,17-Jul-26 13:07:26,447.8,166.6,0.1393,120.9,0.2965,0.5812,1.727,0,0,0,100,15.05,0.2114,404.3,200,1,0,0.2852,1,1,1,1,1,1,1,4,4,-1,[ OK ]
328.6,17-Jul-26 13:07:26,448.1,166.6,0.1391,121,0.2997,0.5808,1.732,0,0,0,100,15.05,0.2115,404,200,1,0,0.2915,1,1,1,1,1,1,1,4,4,-1,[ OK ]
329.0,17-Jul-26 13:07:26,448.5,166.6,0.1385,122.2,0.2965,0.5804,1.736,0,0,0,100,15.05,0.2109,404.3,200,1,0,0.2845,1,1,1,1,1,1,1,4,4,-1,[ OK ]
329.3,17-Jul-26 13:07:27,448.9,166.6,0.1392,120.4,0.2964,0.5812,1.727,0,0,0,100,15.05,0.2117,404,200,1,0,0.2823,1,1,1,1,1,1,1,4,4,-1,[ OK ]
329.7,17-Jul-26 13:07:27,449.2,166.6,0.139,120.5,0.2938,0.5803,1.736,0,0,0,100,15.05,0.2105,404,200,1,0,0.29,1,1,1,1,1,1,1,4,4,-1,[ OK ]
330.0,17-Jul-26 13:07:27,449.5,166.6,0.1389,120.6,0.2962,0.5804,1.735,0,0,0,100,15.05,0.21,404.3,200,1,0,0.2863,1,1,1,1,1,1,1,4,4,-1,[ OK ]
330.4,17-Jul-26 13:07:28,449.9,166.6,0.1389,120.3,0.292,0.5811,1.726,0,0,0,100,15.05,0.2104,404,200,1,0,0.2817,1,1,1,1,1,1,1,4,4,-1,[ OK ]
330.8,17-Jul-26 13:07:28,450.3,166.6,0.1388,120.5,0.2954,0.5808,1.729,0,0,0,100,15.05,0.2097,404,200,1,0,0.2856,1,1,1,1,1,1,1,4,4,-1,[ OK ]
331.1,17-Jul-26 13:07:29,450.6,166.6,0.1388,120.4,0.2943,0.5801,1.736,0,0,0,100,15.05,0.2098,404.4,200,1,0,0.2772,1,1,1,1,1,1,1,4,4,-1,[ OK ]
331.4,17-Jul-26 13:07:29,451,166.6,0.1388,120.3,0.291,0.5807,1.729,0,0,0,100,15.05,0.209,404.2,200,1,0,0.2854,1,1,1,1,1,1,1,4,4,-1,[ OK ]
331.8,17-Jul-26 13:07:29,451.4,166.6,0.1388,120.1,0.2902,0.5804,1.733,0,0,0,100,15.05,0.2084,404.2,200,1,0,0.282,1,1,1,1,1,1,1,4,4,-1,[ OK ]
332.3,17-Jul-26 13:07:30,451.8,166.6,0.1388,119.9,0.2935,0.5808,1.727,0,0,0,100,15.05,0.2089,404.3,200,1,0,0.2801,1,1,1,1,1,1,1,4,4,-1,[ OK ]
332.6,17-Jul-26 13:07:30,452.1,166.6,0.1385,120.6,0.2946,0.5807,1.729,0,0,0,100,15.05,0.2084,404.3,200,1,0,0.282,1,1,1,1,1,1,1,4,4,-1,[ OK ]
332.9,17-Jul-26 13:07:30,452.4,166.6,0.1386,120.2,0.2902,0.5801,1.734,0,0,0,100,15.05,0.2083,404.2,200,1,0,0.2824,1,1,1,1,1,1,1,4,4,-1,[ OK ]
333.3,17-Jul-26 13:07:31,452.9,166.6,0.1385,120.2,0.2902,0.5801,1.734,0,0,0,100,15.05,0.2079,404,200,1,0,0.2839,1,1,1,1,1,1,1,4,4,-1,[ OK ]
333.6,17-Jul-26 13:07:31,453.2,166.6,0.1384,120.4,0.2902,0.58,1.735,0,0,0,100,15.05,0.2083,404.4,200,1,0,0.2822,1,1,1,1,1,1,1,4,4,-1,[ OK ]
334.0,17-Jul-26 13:07:31,453.5,166.6,0.1383,120.4,0.2902,0.5805,1.729,0,0,0,100,15.05,0.2084,403.9,200,1,0,0.282,1,1,1,1,1,1,1,4,4,-1,[ OK ]
334.3,17-Jul-26 13:07:32,453.8,166.6,0.1384,120.2,0.2902,0.5803,1.73,0,0,0,100,15.05,0.2082,404.3,200,1,0,0.2681,1,1,1,1,1,1,1,4,4,-1,[ OK ]
334.7,17-Jul-26 13:07:32,454.2,166.6,0.1382,120.5,0.2902,0.58,1.734,0,0,0,100,15.05,0.207,404.4,200,1,0,0.2704,1,1,1,1,1,1,1,4,4,-1,[ OK ]
335.0,17-Jul-26 13:07:32,454.5,166.6,0.1381,120.7,0.2828,0.5801,1.732,0,0,0,100,15.05,0.2068,404,200,1,0,0.2703,1,1,1,1,1,1,1,4,4,-1,[ OK ]
335.3,17-Jul-26 13:07:33,454.9,166.6,0.1382,120.4,0.2783,0.5806,1.727,0,0,0,100,15.05,0.2073,404.2,200,1,0,0.263,1,1,1,1,1,1,1,4,4,-1,[ OK ]
335.6,17-Jul-26 13:07:33,455.2,166.6,0.1382,120.3,0.2807,0.5808,1.724,0,0,0,100,15.05,0.2056,404,200,1,0,0.2703,1,1,1,1,1,1,1,4,4,-1,[ OK ]
336.1,17-Jul-26 13:07:33,455.6,166.6,0.1382,120.1,0.2804,0.5806,1.727,0,0,0,100,15.05,0.2069,404,200,1,0,0.2599,1,1,1,1,1,1,1,4,4,-1,[ OK ]
336.5,17-Jul-26 13:07:34,456,166.6,0.1381,120.3,0.279,0.5801,1.731,0,0,0,100,15.05,0.2061,404.2,200,1,0,0.2675,1,1,1,1,1,1,1,4,4,-1,[ OK ]
336.8,17-Jul-26 13:07:34,456.3,166.6,0.1381,120.2,0.2806,0.5805,1.727,0,0,0,100,15.05,0.206,404.3,200,1,0,0.2598,1,1,1,1,1,1,1,4,4,-1,[ OK ]
337.1,17-Jul-26 13:07:35,456.6,166.6,0.1381,120.3,0.2786,0.5805,1.726,0,0,0,100,15.05,0.206,404.2,200,1,0,0.2632,1,1,1,1,1,1,1,4,4,-1,[ OK ]
337.4,17-Jul-26 13:07:35,457,166.6,0.138,120.2,0.2787,0.5806,1.726,0,0,0,100,15.05,0.2057,404.2,200,1,0,0.2558,1,1,1,1,1,1,1,4,4,-1,[ OK ]
337.8,17-Jul-26 13:07:35,457.4,166.6,0.138,120.4,0.2775,0.5802,1.73,0,0,0,100,15.05,0.2046,404,200,1,0,0.2666,1,1,1,1,1,1,1,4,4,-1,[ OK ]
338.3,17-Jul-26 13:07:36,457.8,166.6,0.1379,120.6,0.28,0.5801,1.731,0,0,0,100,15.05,0.205,403.9,200,1,0,0.2503,1,1,1,1,1,1,1,4,4,-1,[ OK ]
338.6,17-Jul-26 13:07:36,458.1,166.6,0.1381,119.9,0.2774,0.58,1.731,0,0,0,100,15.05,0.2047,404,200,1,0,0.2662,1,1,1,1,1,1,1,4,4,-1,[ OK ]
339.0,17-Jul-26 13:07:36,458.5,166.6,0.1381,119.7,0.2765,0.5796,1.736,0,0,0,100,15.05,0.2046,404,200,1,0,0.2628,1,1,1,1,1,1,1,4,4,-1,[ OK ]
339.3,17-Jul-26 13:07:37,458.8,166.6,0.1383,119.2,0.2798,0.58,1.732,0,0,0,100,15.05,0.2055,404.4,200,1,0,0.2534,1,1,1,1,1,1,1,4,4,-1,[ OK ]
339.7,17-Jul-26 13:07:37,459.3,166.6,0.1379,120.1,0.2762,0.5804,1.726,0,0,0,100,15.05,0.2028,404.1,200,1,0,0.2696,1,1,1,1,1,1,1,4,4,-1,[ OK ]
340.0,17-Jul-26 13:07:37,459.6,166.6,0.1378,120.4,0.2753,0.5803,1.727,0,0,0,100,15.05,0.2037,404,200,1,0,0.2651,1,1,1,1,1,1,1,4,4,-1,[ OK ]
340.5,17-Jul-26 13:07:38,460,166.6,0.1378,120.2,0.2773,0.5797,1.734,0,0,0,100,15.05,0.2034,404,200,1,0,0.2628,1,1,1,1,1,1,1,4,4,-1,[ OK ]
340.9,17-Jul-26 13:07:38,460.4,166.6,0.138,119.7,0.2706,0.5801,1.729,0,0,0,100,15.05,0.2061,404.3,200,1,0,0.2047,1,1,1,1,1,1,1,4,4,-1,[ OK ]
341.3,17-Jul-26 13:07:39,460.8,166.6,0.1378,120,0.2786,0.5802,1.727,0,0,0,100,15.05,0.2044,404.1,200,1,0,0.2651,1,1,1,1,1,1,1,4,4,-1,[ OK ]
341.7,17-Jul-26 13:07:39,461.3,166.6,0.1378,120,0.2752,0.58,1.729,0,0,0,100,15.05,0.2046,404,200,1,0,0.2427,1,1,1,1,1,1,1,4,4,-1,[ OK ]
342.1,17-Jul-26 13:07:40,461.7,166.6,0.1377,120.1,0.2717,0.5795,1.733,0,0,0,100,15.05,0.2044,404,200,1,0,0.2498,1,1,1,1,1,1,1,4,4,-1,[ OK ]
342.6,17-Jul-26 13:07:40,462.1,166.6,0.1376,120.4,0.263,0.5796,1.733,0,0,0,100,15.05,0.2043,404,200,1,0,0.2618,1,1,1,1,1,1,1,4,4,-1,[ OK ]
343.1,17-Jul-26 13:07:40,462.6,166.6,0.1374,120.7,0.2738,0.5803,1.725,0,0,0,100,15.05,0.2028,404.3,200,1,0,0.2489,1,1,1,1,1,1,1,4,4,-1,[ OK ]
343.5,17-Jul-26 13:07:41,463,166.6,0.1376,120.2,0.2712,0.5795,1.734,0,0,0,100,15.05,0.2044,404,200,1,0,0.2554,1,1,1,1,1,1,1,4,4,-1,[ OK ]
343.9,17-Jul-26 13:07:41,463.4,166.6,0.1377,119.9,0.2681,0.5801,1.726,0,0,0,100,15.05,0.2031,404.3,200,1,0,0.2615,1,1,1,1,1,1,1,4,4,-1,[ OK ]
344.2,17-Jul-26 13:07:42,463.8,166.6,0.1377,119.9,0.2727,0.5794,1.735,0,0,0,100,15.05,0.203,404,200,1,0,0.2472,1,1,1,1,1,1,1,4,4,-1,[ OK ]
344.6,17-Jul-26 13:07:42,464.2,166.6,0.1376,120.2,0.2721,0.5802,1.726,0,0,0,100,15.05,0.2036,404.2,200,1,0,0.2487,1,1,1,1,1,1,1,4,4,-1,[ OK ]
345.1,17-Jul-26 13:07:42,464.6,166.6,0.1375,120.3,0.2699,0.5803,1.725,0,0,0,100,15.05,0.2028,404,200,1,0,0.2537,1,1,1,1,1,1,1,4,4,-1,[ OK ]
345.5,17-Jul-26 13:07:43,465,166.6,0.1377,119.9,0.2693,0.5796,1.733,0,0,0,100,15.05,0.2027,404.3,200,1,0,0.2565,1,1,1,1,1,1,1,4,4,-1,[ OK ]
345.9,17-Jul-26 13:07:43,465.4,166.6,0.1376,120,0.2678,0.5801,1.727,0,0,0,100,15.05,0.2029,403.9,200,1,0,0.2454,1,1,1,1,1,1,1,4,4,-1,[ OK ]
346.2,17-Jul-26 13:07:44,465.8,166.6,0.1375,120.2,0.2693,0.5795,1.734,0,0,0,100,15.05,0.2039,404,200,1,0,0.252,1,1,1,1,1,1,1,4,4,-1,[ OK ]
346.6,17-Jul-26 13:07:44,466.2,166.6,0.1374,120.1,0.2665,0.5802,1.726,0,0,0,100,15.05,0.2022,404,200,1,0,0.2426,1,1,1,1,1,1,1,4,4,-1,[ OK ]
347.1,17-Jul-26 13:07:44,466.6,166.6,0.1374,120,0.2659,0.5801,1.728,0,0,0,100,15.05,0.2021,404.2,200,1,0,0.2478,1,1,1,1,1,1,1,4,4,-1,[ OK ]
347.5,17-Jul-26 13:07:45,467,166.6,0.1375,119.8,0.2671,0.5794,1.735,0,0,0,100,15.05,0.202,404,200,1,0,0.2528,1,1,1,1,1,1,1,4,4,-1,[ OK ]
347.9,17-Jul-26 13:07:45,467.4,166.6,0.1377,119.5,0.2615,0.5802,1.726,0,0,0,100,15.05,0.2031,404,200,1,0,0.2446,1,1,1,1,1,1,1,4,4,-1,[ OK ]
348.2,17-Jul-26 13:07:46,467.7,166.6,0.1374,120.2,0.2629,0.5801,1.727,0,0,0,100,15.05,0.2019,403.9,200,1,0,0.2461,1,1,1,1,1,1,1,4,4,-1,[ OK ]
348.6,17-Jul-26 13:07:46,468.2,166.6,0.1374,120.1,0.2678,0.5794,1.735,0,0,0,100,15.05,0.2024,403.9,200,1,0,0.2479,1,1,1,1,1,1,1,4,4,-1,[ OK ]
349.0,17-Jul-26 13:07:46,468.6,166.6,0.1373,120.2,0.2678,0.58,1.729,0,0,0,100,15.05,0.2023,404.3,200,1,0,0.2409,1,1,1,1,1,1,1,4,4,-1,[ OK ]
349.5,17-Jul-26 13:07:47,469,166.6,0.1375,119.4,0.2683,0.58,1.729,0,0,0,100,15.05,0.2017,404.2,200,1,0,0.2398,1,1,1,1,1,1,1,4,4,-1,[ OK ]
349.8,17-Jul-26 13:07:47,469.3,166.6,0.1372,120.2,0.2675,0.5795,1.736,0,0,0,100,15.05,0.2031,404.2,200,1,0,0.2137,1,1,1,1,1,1,1,4,4,-1,[ OK ]
350.2,17-Jul-26 13:07:48,469.7,166.6,0.1373,120,0.2646,0.5798,1.731,0,0,0,100,15.05,0.2011,404.3,200,1,0,0.2467,1,1,1,1,1,1,1,4,4,-1,[ OK ]
350.6,17-Jul-26 13:07:48,470.1,166.6,0.1375,119.6,0.2686,0.5796,1.734,0,0,0,100,15.05,0.2011,404.3,200,1,0,0.2445,1,1,1,1,1,1,1,4,4,-1,[ OK ]
351.0,17-Jul-26 13:07:48,470.6,166.6,0.1372,120.3,0.2644,0.5799,1.73,0,0,0,100,15.05,0.2022,403.9,200,1,0,0.233,1,1,1,1,1,1,1,4,4,-1,[ OK ]
351.5,17-Jul-26 13:07:49,471,166.6,0.1375,119.3,0.2624,0.5798,1.729,0,0,0,100,15.05,0.202,404.3,200,1,0,0.2356,1,1,1,1,1,1,1,4,4,-1,[ OK ]
352.0,17-Jul-26 13:07:49,471.5,166.6,0.1373,119.8,0.2645,0.5792,1.736,0,0,0,100,15.05,0.2014,404,200,1,0,0.2405,1,1,1,1,1,1,1,4,4,-1,[ OK ]
352.3,17-Jul-26 13:07:50,471.8,166.6,0.1373,120,0.2654,0.5799,1.728,0,0,0,100,15.05,0.2013,404.3,200,1,0,0.2327,1,1,1,1,1,1,1,4,4,-1,[ OK ]
352.7,17-Jul-26 13:07:50,472.2,166.6,0.1373,119.9,0.2611,0.5797,1.728,0,0,0,100,15.05,0.2012,404.2,200,1,0,0.2435,1,1,1,1,1,1,1,4,4,-1,[ OK ]
353.1,17-Jul-26 13:07:51,472.7,166.6,0.137,120.4,0.2643,0.5798,1.728,0,0,0,100,15.05,0.2018,404.3,200,1,0,0.2296,1,1,1,1,1,1,1,4,4,-1,[ OK ]
353.5,17-Jul-26 13:07:51,473.1,166.6,0.1371,120.4,0.2648,0.5791,1.734,0,0,0,100,15.05,0.2013,404,200,1,0,0.2336,1,1,1,1,1,1,1,4,4,-1,[ OK ]
354.0,17-Jul-26 13:07:51,473.5,166.6,0.1372,120.2,0.2634,0.5793,1.732,0,0,0,100,15.05,0.2019,404.4,200,1,0,0.2333,1,1,1,1,1,1,1,4,4,-1,[ OK ]
354.3,17-Jul-26 13:07:52,473.8,166.6,0.1375,119.1,0.2646,0.5796,1.729,0,0,0,100,15.05,0.2008,404,200,1,0,0.2401,1,1,1,1,1,1,1,4,4,-1,[ OK ]
354.7,17-Jul-26 13:07:52,474.2,166.6,0.1371,120.1,0.2657,0.5797,1.727,0,0,0,100,15.05,0.2009,404.2,200,1,0,0.2261,1,1,1,1,1,1,1,4,4,-1,[ OK ]
355.1,17-Jul-26 13:07:53,474.7,166.6,0.1372,119.9,0.2709,0.5799,1.725,0,0,0,100,15.05,0.2012,404.3,200,1,0,0.2265,1,1,1,1,1,1,1,4,4,-1,[ OK ]
355.4,17-Jul-26 13:07:53,475,166.6,0.1371,120.1,0.2629,0.5799,1.725,0,0,0,100,15.05,0.2002,404,200,1,0,0.2332,1,1,1,1,1,1,1,4,4,-1,[ OK ]
355.9,17-Jul-26 13:07:53,475.4,166.6,0.1371,120,0.2648,0.5794,1.732,0,0,0,100,15.05,0.2006,404.3,200,1,0,0.2262,1,1,1,1,1,1,1,4,4,-1,[ OK ]
356.3,17-Jul-26 13:07:54,475.8,166.6,0.1371,119.9,0.2613,0.5798,1.726,0,0,0,100,15.05,0.2017,404.2,200,1,0,0.2262,1,1,1,1,1,1,1,4,4,-1,[ OK ]
356.7,17-Jul-26 13:07:54,476.2,166.6,0.1372,119.7,0.2599,0.5795,1.729,0,0,0,100,15.05,0.2007,403.9,200,1,0,0.2313,1,1,1,1,1,1,1,4,4,-1,[ OK ]
357.0,17-Jul-26 13:07:54,476.5,166.6,0.137,120.2,0.2605,0.5791,1.734,0,0,0,100,15.05,0.2007,404,200,1,0,0.2261,1,1,1,1,1,1,1,4,4,-1,[ OK ]
357.4,17-Jul-26 13:07:55,477,166.6,0.1371,120.1,0.2594,0.58,1.723,0,0,0,100,15.05,0.2007,403.9,200,1,0,0.2301,1,1,1,1,1,1,1,4,4,-1,[ OK ]
357.7,17-Jul-26 13:07:55,477.3,166.6,0.137,120.4,0.2622,0.5789,1.735,0,0,0,100,15.05,0.1992,404.3,200,1,0,0.2352,1,1,1,1,1,1,1,4,4,-1,[ OK ]
358.1,17-Jul-26 13:07:55,477.6,166.6,0.1369,120.5,0.2627,0.5794,1.731,0,0,0,100,15.05,0.2001,404,200,1,0,0.2277,1,1,1,1,1,1,1,4,4,-1,[ OK ]
358.5,17-Jul-26 13:07:56,478,166.6,0.1369,120.5,0.2604,0.5791,1.735,0,0,0,100,15.05,0.2005,404.3,200,1,0,0.226,1,1,1,1,1,1,1,4,4,-1,[ OK ]
358.9,17-Jul-26 13:07:56,478.4,166.6,0.137,119.9,0.2601,0.5797,1.727,0,0,0,100,15.05,0.2002,404.2,200,1,0,0.2191,1,1,1,1,1,1,1,4,4,-1,[ OK ]
359.3,17-Jul-26 13:07:57,478.9,166.6,0.1372,119.6,0.258,0.58,1.725,0,0,0,100,15.05,0.2,403.9,200,1,0,0.2332,1,1,1,1,1,1,1,4,4,-1,[ OK ]
359.7,17-Jul-26 13:07:57,479.3,166.6,0.1371,120,0.2586,0.5791,1.735,0,0,0,100,15.05,0.1988,404.2,200,1,0,0.235,1,1,1,1,1,1,1,4,4,-1,[ OK ]
360.2,17-Jul-26 13:07:58,479.8,166.6,0.1369,120.2,0.2621,0.5798,1.726,0,0,0,100,15.05,0.1999,404.3,200,1,0,0.2236,1,1,1,1,1,1,1,4,4,-1,[ OK ]
360.6,17-Jul-26 13:07:58,480.1,166.6,0.1371,119.6,0.2583,0.5793,1.732,0,0,0,100,15.05,0.2007,404.2,200,1,0,0.2258,1,1,1,1,1,1,1,4,4,-1,[ OK ]
361.1,17-Jul-26 13:07:59,480.6,166.6,0.1369,120.1,0.2591,0.5796,1.728,0,0,0,100,15.05,0.1992,404.1,200,1,0,0.2271,1,1,1,1,1,1,1,4,4,-1,[ OK ]
361.6,17-Jul-26 13:07:59,481.2,166.6,0.137,120,0.2587,0.5799,1.725,0,0,0,100,15.05,0.2,404.1,200,1,0,0.2259,1,1,1,1,1,1,1,4,4,-1,[ OK ]
362.1,17-Jul-26 13:08:00,481.7,166.6,0.1369,120.1,0.2606,0.5795,1.729,0,0,0,100,15.05,0.1993,404,200,1,0,0.2285,1,1,1,1,1,1,1,4,4,-1,[ OK ]
362.6,17-Jul-26 13:08:00,482.2,166.6,0.1369,120.2,0.2549,0.5792,1.733,0,0,0,100,15.05,0.199,404.3,200,1,0,0.2085,1,1,1,1,1,1,1,4,4,-1,[ OK ]
363.2,17-Jul-26 13:08:01,482.7,166.6,0.137,119.9,0.257,0.5793,1.732,0,0,0,100,15.05,0.1989,404.1,200,1,0,0.2293,1,1,1,1,1,1,1,4,4,-1,[ OK ]
363.7,17-Jul-26 13:08:01,483.2,166.6,0.137,119.7,0.2604,0.5792,1.732,0,0,0,100,15.05,0.1992,403.9,200,1,0,0.2524,1,1,1,1,1,1,1,4,4,-1,[ OK ]
364.0,17-Jul-26 13:08:01,483.5,166.6,0.1371,119.5,0.2572,0.5798,1.726,0,0,0,100,15.05,0.2001,403.9,200,1,0,0.2369,1,1,1,1,1,1,1,4,4,-1,[ OK ]
364.5,17-Jul-26 13:08:02,484.1,166.6,0.1369,120,0.2461,0.5799,1.724,0,0,0,100,15.05,0.1986,404.3,200,1,0,0.231,1,1,1,1,1,1,1,4,4,-1,[ OK ]
364.9,17-Jul-26 13:08:02,484.5,166.6,0.1369,120,0.2554,0.5796,1.726,0,0,0,100,15.05,0.1987,403.8,200,1,0,0.2273,1,1,1,1,1,1,1,4,4,-1,[ OK ]
365.5,17-Jul-26 13:08:03,485,166.6,0.1366,120.7,0.256,0.5796,1.727,0,0,0,100,15.05,0.2001,404.3,200,1,0,0.2245,1,1,1,1,1,1,1,4,4,-1,[ OK ]
365.9,17-Jul-26 13:08:03,485.4,166.6,0.1369,119.9,0.2568,0.5797,1.726,0,0,0,100,15.05,0.1997,404,200,1,0,0.2098,1,1,1,1,1,1,1,4,4,-1,[ OK ]
366.3,17-Jul-26 13:08:04,485.8,166.6,0.1368,120.1,0.256,0.5797,1.726,0,0,0,100,15.05,0.1998,404.1,200,1,0,0.2207,1,1,1,1,1,1,1,4,4,-1,[ OK ]
366.7,17-Jul-26 13:08:04,486.3,166.6,0.1368,120.2,0.2569,0.5796,1.727,0,0,0,100,15.05,0.1984,404.3,200,1,0,0.225,1,1,1,1,1,1,1,4,4,-1,[ OK ]
367.2,17-Jul-26 13:08:05,486.8,166.6,0.1368,120.2,0.257,0.5791,1.733,0,0,0,100,15.05,0.1993,404.3,200,1,0,0.2223,1,1,1,1,1,1,1,4,4,-1,[ OK ]
367.8,17-Jul-26 13:08:05,487.3,166.6,0.1366,120.5,0.2568,0.5792,1.731,0,0,0,100,15.05,0.1996,404.3,200,1,0,0.2252,1,1,1,1,1,1,1,4,4,-1,[ OK ]
368.3,17-Jul-26 13:08:06,487.8,166.6,0.1368,119.9,0.2562,0.5791,1.733,0,0,0,100,15.05,0.1997,404.3,200,1,0,0.2272,1,1,1,1,1,1,1,4,4,-1,[ OK ]
368.8,17-Jul-26 13:08:06,488.3,166.6,0.1367,120.3,0.254,0.5792,1.731,0,0,0,100,15.05,0.1979,404,200,1,0,0.234,1,1,1,1,1,1,1,4,4,-1,[ OK ]
369.3,17-Jul-26 13:08:07,488.9,166.6,0.1368,120.2,0.2507,0.5798,1.725,0,0,0,100,15.05,0.1997,404.2,200,1,0,0.225,1,1,1,1,1,1,1,4,4,-1,[ OK ]
369.9,17-Jul-26 13:08:07,489.5,166.6,0.1368,119.9,0.2536,0.5796,1.727,0,0,0,100,15.05,0.1998,404.1,200,1,0,0.2189,1,1,1,1,1,1,1,4,4,-1,[ OK ]
370.5,17-Jul-26 13:08:08,490,166.6,0.1365,120.8,0.2537,0.5797,1.725,0,0,0,100,15.05,0.1992,404.2,200,1,0,0.2205,1,1,1,1,1,1,1,4,4,-1,[ OK ]
371.0,17-Jul-26 13:08:08,490.5,166.6,0.1366,120.4,0.2584,0.5797,1.726,0,0,0,100,15.05,0.199,404,200,1,0,0.2196,1,1,1,1,1,1,1,4,4,-1,[ OK ]
371.5,17-Jul-26 13:08:09,491.1,166.6,0.1364,120.9,0.2582,0.579,1.734,0,0,0,100,15.05,0.1997,404.2,200,1,0,0.2272,1,1,1,1,1,1,1,4,4,-1,[ OK ]
372.0,17-Jul-26 13:08:09,491.6,166.6,0.1368,119.8,0.2497,0.5795,1.728,0,0,0,100,15.05,0.1988,404.3,200,1,0,0.223,1,1,1,1,1,1,1,4,4,-1,[ OK ]
372.6,17-Jul-26 13:08:10,492.1,166.6,0.1367,120,0.2554,0.5798,1.726,0,0,0,100,15.05,0.1997,404.1,200,1,0,0.2209,1,1,1,1,1,1,1,4,4,-1,[ OK ]
373.1,17-Jul-26 13:08:10,492.6,166.6,0.1366,120.4,0.2556,0.579,1.735,0,0,0,100,15.05,0.2006,403.9,200,1,0,0.2288,1,1,1,1,1,1,1,4,4,-1,[ OK ]
373.7,17-Jul-26 13:08:11,493.2,166.6,0.1368,120,0.2585,0.5798,1.727,0,0,0,100,15.05,0.1993,404,200,1,0,0.2304,1,1,1,1,1,1,1,4,4,-1,[ OK ]
374.3,17-Jul-26 13:08:12,493.9,166.6,0.1367,120,0.2529,0.5796,1.728,0,0,0,100,15.05,0.1995,403.9,200,1,0,0.2188,1,1,1,1,1,1,1,4,4,-1,[ OK ]
374.9,17-Jul-26 13:08:12,494.5,166.6,0.1368,119.9,0.2561,0.5791,1.735,0,0,0,100,15.05,0.1992,404,200,1,0,0.2191,1,1,1,1,1,1,1,4,4,-1,[ OK ]
375.6,17-Jul-26 13:08:13,495.1,166.6,0.1367,120.1,0.2582,0.5792,1.733,0,0,0,100,15.05,0.1987,403.9,200,1,0,0.2217,1,1,1,1,1,1,1,4,4,-1,[ OK ]
376.2,17-Jul-26 13:08:14,495.7,166.6,0.1368,120,0.2558,0.5797,1.727,0,0,0,100,15.05,0.1994,404.3,200,1,0,0.2205,1,1,1,1,1,1,1,4,4,-1,[ OK ]
376.8,17-Jul-26 13:08:14,496.3,166.6,0.1369,119.7,0.2505,0.5792,1.732,0,0,0,100,15.05,0.1993,404.3,200,1,0,0.2286,1,1,1,1,1,1,1,4,4,-1,[ OK ]
377.4,17-Jul-26 13:08:15,497,166.6,0.1368,120,0.2552,0.5797,1.726,0,0,0,100,15.05,0.1998,404.3,200,1,0,0.2164,1,1,1,1,1,1,1,4,4,-1,[ OK ]
378.0,17-Jul-26 13:08:15,497.6,166.6,0.137,119.4,0.2565,0.5798,1.725,0,0,0,100,15.05,0.1976,404.2,200,1,0,0.2171,1,1,1,1,1,1,1,4,4,-1,[ OK ]
378.7,17-Jul-26 13:08:16,498.2,166.6,0.1368,120.1,0.2554,0.579,1.734,0,0,0,100,15.05,0.1991,404,200,1,0,0.2108,1,1,1,1,1,1,1,4,4,-1,[ OK ]
379.3,17-Jul-26 13:08:17,498.8,166.6,0.1369,119.7,0.2492,0.579,1.734,0,0,0,100,15.05,0.2004,404,200,1,0,0.2065,1,1,1,1,1,1,1,4,4,-1,[ OK ]
379.8,17-Jul-26 13:08:17,499.4,166.6,0.1372,118.8,0.2566,0.5795,1.729,0,0,0,100,15.05,0.1991,403.9,200,1,0,0.2288,1,1,1,1,1,1,1,4,4,-1,[ OK ]
380.4,17-Jul-26 13:08:18,500,166.6,0.1369,119.8,0.2551,0.5795,1.727,0,0,0,100,15.05,0.1985,404.3,200,1,0,0.2224,1,1,1,1,1,1,1,4,4,-1,[ OK ]
381.0,17-Jul-26 13:08:18,500.5,166.6,0.1368,120,0.2531,0.5796,1.726,0,0,0,100,15.05,0.199,404.3,200,1,0,0.2252,1,1,1,1,1,1,1,4,4,-1,[ OK ]
381.5,17-Jul-26 13:08:19,501,166.6,0.1368,119.8,0.2498,0.5796,1.726,0,0,0,100,15.05,0.1997,403.9,200,1,0,0.2251,1,1,1,1,1,1,1,4,4,-1,[ OK ]
382.2,17-Jul-26 13:08:20,501.7,166.6,0.1367,120.2,0.2571,0.5792,1.732,0,0,0,100,15.05,0.1981,404,200,1,0,0.223,1,1,1,1,1,1,1,4,4,-1,[ OK ]
382.7,17-Jul-26 13:08:20,502.3,166.6,0.1366,120.4,0.256,0.5791,1.733,0,0,0,100,15.05,0.1986,404.2,200,1,0,0.2265,1,1,1,1,1,1,1,4,4,-1,[ OK ]
383.4,17-Jul-26 13:08:21,503,166.6,0.1368,119.8,0.2528,0.5796,1.727,0,0,0,100,15.05,0.199,404.3,200,1,0,0.2205,1,1,1,1,1,1,1,4,4,-1,[ OK ]
384.0,17-Jul-26 13:08:21,503.5,166.6,0.1369,119.7,0.254,0.5791,1.731,0,0,0,100,15.05,0.1991,404.3,200,1,0,0.2315,1,1,1,1,1,1,1,4,4,-1,[ OK ]
384.7,17-Jul-26 13:08:22,504.2,166.6,0.1367,120.1,0.2541,0.5792,1.731,0,0,0,100,15.05,0.1986,404.1,200,1,0,0.2324,1,1,1,1,1,1,1,4,4,-1,[ OK ]
385.2,17-Jul-26 13:08:23,504.8,166.6,0.1368,119.7,0.2584,0.5794,1.729,0,0,0,100,15.05,0.1986,403.9,200,1,0,0.2262,1,1,1,1,1,1,1,4,4,-1,[ OK ]
385.8,17-Jul-26 13:08:23,505.4,166.6,0.1365,120.4,0.2555,0.5792,1.732,0,0,0,100,15.05,0.1985,404.3,200,1,0,0.2175,1,1,1,1,1,1,1,4,4,-1,[ OK ]
386.5,17-Jul-26 13:08:24,506,166.6,0.1368,119.9,0.2556,0.5796,1.726,0,0,0,100,15.05,0.1989,404,200,1,0,0.1837,1,1,1,1,1,1,1,4,4,-1,[ OK ]
387.1,17-Jul-26 13:08:25,506.6,166.6,0.1367,120,0.2457,0.5789,1.734,0,0,0,100,15.05,0.1983,403.9,200,1,0,0.2248,1,1,1,1,1,1,1,4,4,-1,[ OK ]
387.7,17-Jul-26 13:08:25,507.2,166.6,0.1368,119.8,0.2552,0.579,1.734,0,0,0,100,15.05,0.1988,404,200,1,0,0.223,1,1,1,1,1,1,1,4,4,-1,[ OK ]
388.4,17-Jul-26 13:08:26,508,166.6,0.1366,120.3,0.2575,0.5792,1.732,0,0,0,100,15.05,0.1991,404,200,1,0,0.2144,1,1,1,1,1,1,1,4,4,-1,[ OK ]
389.1,17-Jul-26 13:08:26,508.6,166.6,0.1368,120.1,0.2568,0.5789,1.736,0,0,0,100,15.05,0.1981,404.3,200,1,0,0.2083,1,1,1,1,1,1,1,4,4,-1,[ OK ]
389.7,17-Jul-26 13:08:27,509.2,166.6,0.1367,120.2,0.2548,0.5799,1.724,0,0,0,100,15.05,0.1986,403.8,200,1,0,0.2119,1,1,1,1,1,1,1,4,4,-1,[ OK ]
390.3,17-Jul-26 13:08:28,509.8,166.6,0.1369,119.6,0.2568,0.579,1.734,0,0,0,100,15.05,0.1996,404.2,200,1,0,0.2236,1,1,1,1,1,1,1,4,4,-1,[ OK ]
390.8,17-Jul-26 13:08:28,510.4,166.6,0.1366,120.5,0.2479,0.5797,1.726,0,0,0,100,15.05,0.1982,404.1,200,1,0,0.2225,1,1,1,1,1,1,1,4,4,-1,[ OK ]
391.5,17-Jul-26 13:08:29,511,166.6,0.1368,120.1,0.2568,0.5791,1.732,0,0,0,100,15.05,0.1987,403.9,200,1,0,0.2213,1,1,1,1,1,1,1,4,4,-1,[ OK ]
392.1,17-Jul-26 13:08:30,511.6,166.6,0.1366,120.7,0.2587,0.5789,1.735,0,0,0,100,15.05,0.1975,404.1,200,1,0,0.2261,1,1,1,1,1,1,1,4,4,-1,[ OK ]
392.6,17-Jul-26 13:08:30,512.1,166.6,0.1369,119.8,0.2529,0.579,1.733,0,0,0,100,15.05,0.1977,403.9,200,1,0,0.2195,1,1,1,1,1,1,1,4,4,-1,[ OK ]
393.2,17-Jul-26 13:08:31,512.8,166.6,0.1367,120.1,0.2569,0.579,1.732,0,0,0,100,15.05,0.1981,404,200,1,0,0.2209,1,1,1,1,1,1,1,4,4,-1,[ OK ]
393.7,17-Jul-26 13:08:31,513.3,166.6,0.1367,120.2,0.256,0.5789,1.734,0,0,0,100,15.05,0.1992,404,200,1,0,0.2011,1,1,1,1,1,1,1,4,4,-1,[ OK ]
394.5,17-Jul-26 13:08:32,514,166.6,0.1371,119.3,0.2528,0.5792,1.731,0,0,0,100,15.05,0.1978,404,200,1,0,0.2244,1,1,1,1,1,1,1,4,4,-1,[ OK ]
395.1,17-Jul-26 13:08:33,514.6,166.6,0.1367,120.2,0.2571,0.5791,1.733,0,0,0,100,15.05,0.1991,404.3,200,1,0,0.2177,1,1,1,1,1,1,1,4,4,-1,[ OK ]
395.7,17-Jul-26 13:08:33,515.2,166.6,0.1366,120.4,0.2548,0.5788,1.736,0,0,0,100,15.05,0.1991,403.9,200,1,0,0.2198,1,1,1,1,1,1,1,4,4,-1,[ OK ]
396.3,17-Jul-26 13:08:34,515.9,166.6,0.1367,120.1,0.2527,0.5791,1.733,0,0,0,100,15.05,0.1991,403.9,200,1,0,0.2255,1,1,1,1,1,1,1,4,4,-1,[ OK ]
396.9,17-Jul-26 13:08:34,516.4,166.6,0.1366,120.2,0.252,0.5797,1.725,0,0,0,100,15.05,0.1989,404.2,200,1,0,0.2206,1,1,1,1,1,1,1,4,4,-1,[ OK ]
397.5,17-Jul-26 13:08:35,517,166.6,0.1367,120.2,0.2577,0.5797,1.725,0,0,0,100,15.05,0.1986,404.3,200,1,0,0.2171,1,1,1,1,1,1,1,4,4,-1,[ OK ]
398.1,17-Jul-26 13:08:36,517.6,166.6,0.1368,119.9,0.2555,0.5788,1.735,0,0,0,100,15.05,0.1998,404.3,200,1,0,0.2195,1,1,1,1,1,1,1,4,4,-1,[ OK ]
398.5,17-Jul-26 13:08:36,518.1,166.6,0.1367,120,0.2544,0.5791,1.731,0,0,0,100,15.05,0.1986,404.1,200,1,0,0.1844,1,1,1,1,1,1,1,4,4,-1,[ OK ]
399.0,17-Jul-26 13:08:36,518.6,166.6,0.1367,120.1,0.2518,0.579,1.733,0,0,0,100,15.05,0.199,403.9,200,1,0,0.225,1,1,1,1,1,1,1,4,4,-1,[ OK ]
399.7,17-Jul-26 13:08:37,519.2,166.6,0.1368,119.9,0.2547,0.5795,1.726,0,0,0,100,15.05,0.1986,404,200,1,0,0.2238,1,1,1,1,1,1,1,4,4,-1,[ OK ]
400.1,17-Jul-26 13:08:38,519.6,166.6,0.1366,120.4,0.2525,0.5789,1.734,0,0,0,100,15.05,0.1989,403.9,200,1,0,0.222,1,1,1,1,1,1,1,4,4,-1,[ OK ]
400.7,17-Jul-26 13:08:38,520.2,166.6,0.1367,120.1,0.2532,0.5791,1.731,0,0,0,100,15.05,0.198,404.2,200,1,0,0.2192,1,1,1,1,1,1,1,4,4,-1,[ OK ]
401.1,17-Jul-26 13:08:39,520.7,166.6,0.1365,120.6,0.2553,0.5797,1.725,0,0,0,100,15.05,0.1994,404.2,200,1,0,0.2212,1,1,1,1,1,1,1,4,4,-1,[ OK ]
401.5,17-Jul-26 13:08:39,521.1,166.6,0.1369,119.4,0.2538,0.5789,1.735,0,0,0,100,15.05,0.1979,404,200,1,0,0.2107,1,1,1,1,1,1,1,4,4,-1,[ OK ]
402.0,17-Jul-26 13:08:39,521.5,166.6,0.1367,120.1,0.2568,0.5793,1.731,0,0,0,100,15.05,0.1986,404.3,200,1,0,0.2245,1,1,1,1,1,1,1,4,4,-1,[ OK ]
402.4,17-Jul-26 13:08:40,521.9,166.6,0.1369,119.7,0.2474,0.5794,1.729,0,0,0,100,15.05,0.1996,404.3,200,1,0,0.2074,1,1,1,1,1,1,1,4,4,-1,[ OK ]
402.8,17-Jul-26 13:08:40,522.3,166.6,0.1368,119.7,0.2523,0.5796,1.726,0,0,0,100,15.05,0.1991,403.9,200,1,0,0.2207,1,1,1,1,1,1,1,4,4,-1,[ OK ]
403.2,17-Jul-26 13:08:41,522.8,166.6,0.1367,120.1,0.2557,0.5789,1.735,0,0,0,100,15.05,0.199,404.2,200,1,0,0.2199,1,1,1,1,1,1,1,4,4,-1,[ OK ]
403.6,17-Jul-26 13:08:41,523.2,166.6,0.1367,120.1,0.2568,0.5797,1.725,0,0,0,100,15.05,0.1984,403.8,200,1,0,0.2138,1,1,1,1,1,1,1,4,4,-1,[ OK ]
404.1,17-Jul-26 13:08:41,523.6,166.6,0.1367,120,0.2568,0.5788,1.736,0,0,0,100,15.05,0.1973,404.2,200,1,0,0.2282,1,1,1,1,1,1,1,4,4,-1,[ OK ]
404.5,17-Jul-26 13:08:42,524,166.6,0.137,119.3,0.2569,0.5791,1.732,0,0,0,100,15.05,0.1987,404.1,200,1,0,0.2268,1,1,1,1,1,1,1,4,4,-1,[ OK ]
404.9,17-Jul-26 13:08:42,524.4,166.6,0.1367,119.9,0.2556,0.5797,1.725,0,0,0,100,15.05,0.1988,404.2,200,1,0,0.2227,1,1,1,1,1,1,1,4,4,-1,[ OK ]
405.3,17-Jul-26 13:08:43,524.8,166.6,0.1367,120,0.2564,0.5788,1.735,0,0,0,100,15.05,0.1986,403.9,200,1,0,0.2125,1,1,1,1,1,1,1,4,4,-1,[ OK ]
405.7,17-Jul-26 13:08:43,525.3,166.6,0.1366,120.1,0.2524,0.5793,1.729,0,0,0,100,15.05,0.1997,403.9,200,1,0,0.2212,1,1,1,1,1,1,1,4,4,-1,[ OK ]
406.2,17-Jul-26 13:08:44,525.7,166.6,0.1367,119.9,0.2588,0.5796,1.726,0,0,0,100,15.05,0.2003,404,200,1,0,0.216,1,1,1,1,1,1,1,4,4,-1,[ OK ]
406.6,17-Jul-26 13:08:44,526.1,166.6,0.1368,119.8,0.2536,0.5792,1.731,0,0,0,100,15.05,0.1981,404.2,200,1,0,0.2217,1,1,1,1,1,1,1,4,4,-1,[ OK ]
407.0,17-Jul-26 13:08:44,526.5,166.6,0.1367,120,0.2584,0.579,1.733,0,0,0,100,15.05,0.1978,404.1,200,1,0,0.218,1,1,1,1,1,1,1,4,4,-1,[ OK ]
407.4,17-Jul-26 13:08:45,526.9,166.6,0.1369,119.5,0.257,0.5797,1.724,0,0,0,100,15.05,0.1993,403.9,200,1,0,0.218,1,1,1,1,1,1,1,4,4,-1,[ OK ]
407.8,17-Jul-26 13:08:45,527.4,166.6,0.1367,120.2,0.2566,0.5797,1.725,0,0,0,100,15.05,0.1982,404,200,1,0,0.2187,1,1,1,1,1,1,1,4,4,-1,[ OK ]
408.2,17-Jul-26 13:08:46,527.8,166.6,0.1367,120,0.2548,0.5789,1.734,0,0,0,100,15.05,0.199,404.2,200,1,0,0.1895,1,1,1,1,1,1,1,4,4,-1,[ OK ]
408.8,17-Jul-26 13:08:46,528.3,166.6,0.1368,119.9,0.2568,0.5791,1.732,0,0,0,100,15.05,0.1976,404.1,200,1,0,0.2129,1,1,1,1,1,1,1,4,4,-1,[ OK ]
409.2,17-Jul-26 13:08:47,528.7,166.6,0.1369,119.5,0.2561,0.5797,1.725,0,0,0,100,15.05,0.1986,404,200,1,0,0.2311,1,1,1,1,1,1,1,4,4,-1,[ OK ]
409.6,17-Jul-26 13:08:47,529.1,166.6,0.1371,119.1,0.2534,0.5795,1.726,0,0,0,100,15.05,0.1988,404.1,200,1,0,0.219,1,1,1,1,1,1,1,4,4,-1,[ OK ]
410.0,17-Jul-26 13:08:47,529.6,166.6,0.1368,119.9,0.2572,0.5795,1.727,0,0,0,100,15.05,0.199,403.9,200,1,0,0.2301,1,1,1,1,1,1,1,4,4,-1,[ OK ]
410.4,17-Jul-26 13:08:48,530,166.6,0.1367,120.2,0.2584,0.5789,1.735,0,0,0,100,15.05,0.1988,403.9,200,1,0,0.2356,1,1,1,1,1,1,1,4,4,-1,[ OK ]
410.9,17-Jul-26 13:08:48,530.4,166.6,0.1368,120,0.2548,0.5796,1.726,0,0,0,100,15.05,0.2001,403.9,200,1,0,0.1973,1,1,1,1,1,1,1,4,4,-1,[ OK ]
411.3,17-Jul-26 13:08:49,530.8,166.6,0.1372,118.8,0.2558,0.5789,1.734,0,0,0,100,15.05,0.1965,404.1,200,1,0,0.2279,1,1,1,1,1,1,1,4,4,-1,[ OK ]
411.7,17-Jul-26 13:08:49,531.2,166.6,0.1368,119.9,0.2548,0.5791,1.732,0,0,0,100,15.05,0.1997,403.9,200,1,0,0.2248,1,1,1,1,1,1,1,4,4,-1,[ OK ]
412.1,17-Jul-26 13:08:50,531.6,166.6,0.1367,120.1,0.2494,0.5795,1.727,0,0,0,100,15.05,0.199,404.3,200,1,0,0.2163,1,1,1,1,1,1,1,4,4,-1,[ OK ]
412.5,17-Jul-26 13:08:50,532.1,166.6,0.1366,120.2,0.2529,0.5791,1.732,0,0,0,100,15.05,0.1989,403.9,200,1,0,0.2188,1,1,1,1,1,1,1,4,4,-1,[ OK ]
413.0,17-Jul-26 13:08:50,532.5,166.6,0.1367,120,0.2561,0.5791,1.733,0,0,0,100,15.05,0.1988,404.2,200,1,0,0.2331,1,1,1,1,1,1,1,4,4,-1,[ OK ]
413.4,17-Jul-26 13:08:51,532.9,166.6,0.1367,120,0.2545,0.5794,1.728,0,0,0,100,15.05,0.1992,404,200,1,0,0.214,1,1,1,1,1,1,1,4,4,-1,[ OK ]
413.8,17-Jul-26 13:08:51,533.3,166.6,0.1365,120.4,0.2585,0.5791,1.733,0,0,0,100,15.05,0.1989,403.9,200,1,0,0.2206,1,1,1,1,1,1,1,4,4,-1,[ OK ]
414.2,17-Jul-26 13:08:52,533.7,166.6,0.1367,120.1,0.2553,0.5795,1.728,0,0,0,100,15.05,0.1984,404.3,200,1,0,0.2398,1,1,1,1,1,1,1,4,4,-1,[ OK ]
414.6,17-Jul-26 13:08:52,534.2,166.6,0.1367,120.1,0.2577,0.5797,1.726,0,0,0,100,15.05,0.1981,403.9,200,1,0,0.212,1,1,1,1,1,1,1,4,4,-1,[ OK ]
415.0,17-Jul-26 13:08:52,534.6,166.6,0.1365,120.5,0.2569,0.5789,1.735,0,0,0,100,15.05,0.1995,403.9,200,1,0,0.218,1,1,1,1,1,1,1,4,4,-1,[ OK ]
415.5,17-Jul-26 13:08:53,535,166.6,0.1368,119.9,0.2583,0.5789,1.735,0,0,0,100,15.05,0.1986,404.3,200,1,0,0.2181,1,1,1,1,1,1,1,4,4,-1,[ OK ]
416.0,17-Jul-26 13:08:53,535.5,166.6,0.1367,120.1,0.2585,0.579,1.733,0,0,0,100,15.05,0.1982,403.9,200,1,0,0.2263,1,1,1,1,1,1,1,4,4,-1,[ OK ]
416.4,17-Jul-26 13:08:54,535.9,166.6,0.137,119.4,0.2561,0.5794,1.729,0,0,0,100,15.05,0.1989,403.9,200,1,0,0.2111,1,1,1,1,1,1,1,4,4,-1,[ OK ]
416.8,17-Jul-26 13:08:54,536.4,166.6,0.1367,120.1,0.2547,0.5788,1.735,0,0,0,100,15.05,0.1986,404.2,200,1,0,0.2196,1,1,1,1,1,1,1,4,4,-1,[ OK ]
417.3,17-Jul-26 13:08:55,536.8,166.6,0.1365,120.6,0.2561,0.5797,1.724,0,0,0,100,15.05,0.1992,403.9,200,1,0,0.2162,1,1,1,1,1,1,1,4,4,-1,[ OK ]
417.7,17-Jul-26 13:08:55,537.2,166.6,0.1367,120.1,0.2533,0.5796,1.725,0,0,0,100,15.05,0.1983,403.9,200,1,0,0.2146,1,1,1,1,1,1,1,4,4,-1,[ OK ]
418.1,17-Jul-26 13:08:56,537.6,166.6,0.1368,120,0.2569,0.5795,1.726,0,0,0,100,15.05,0.198,404,200,1,0,0.2219,1,1,1,1,1,1,1,4,4,-1,[ OK ]
418.6,17-Jul-26 13:08:56,538.1,166.6,0.1368,120,0.2529,0.5788,1.734,0,0,0,100,15.05,0.1983,404,200,1,0,0.2135,1,1,1,1,1,1,1,4,4,-1,[ OK ]
419.0,17-Jul-26 13:08:56,538.6,166.6,0.1368,119.8,0.2556,0.5795,1.727,0,0,0,100,15.05,0.1992,404.2,200,1,0,0.2119,1,1,1,1,1,1,1,4,4,-1,[ OK ]
419.4,17-Jul-26 13:08:57,539,166.6,0.1368,120,0.257,0.5794,1.727,0,0,0,100,15.05,0.1992,404.1,200,1,0,0.2158,1,1,1,1,1,1,1,4,4,-1,[ OK ]
419.9,17-Jul-26 13:08:57,539.4,166.6,0.1367,120.1,0.2549,0.5793,1.73,0,0,0,100,15.05,0.1983,404.2,200,1,0,0.2314,1,1,1,1,1,1,1,4,4,-1,[ OK ]
420.3,17-Jul-26 13:08:58,539.8,166.6,0.1367,120.3,0.2551,0.5796,1.727,0,0,0,100,15.05,0.1982,404.2,200,1,0,0.2127,1,1,1,1,1,1,1,4,4,-1,[ OK ]
420.7,17-Jul-26 13:08:58,540.2,166.6,0.1369,119.6,0.2536,0.5789,1.735,0,0,0,100,15.05,0.1986,404,200,1,0,0.2218,1,1,1,1,1,1,1,4,4,-1,[ OK ]
421.1,17-Jul-26 13:08:59,540.6,166.6,0.1368,119.8,0.2537,0.5796,1.727,0,0,0,100,15.05,0.1986,403.9,200,1,0,0.2235,1,1,1,1,1,1,1,4,4,-1,[ OK ]
421.5,17-Jul-26 13:08:59,541.1,166.6,0.1367,120.1,0.2509,0.5791,1.733,0,0,0,100,15.05,0.1985,404.1,200,1,0,0.2224,1,1,1,1,1,1,1,4,4,-1,[ OK ]
422.0,17-Jul-26 13:08:59,541.5,166.6,0.1368,119.8,0.2525,0.5789,1.735,0,0,0,100,15.05,0.1984,403.9,200,1,0,0.2276,1,1,1,1,1,1,1,4,4,-1,[ OK ]
422.4,17-Jul-26 13:09:00,541.9,166.6,0.1366,120.4,0.2548,0.579,1.734,0,0,0,100,15.05,0.199,404.3,200,1,0,0.2307,1,1,1,1,1,1,1,4,4,-1,[ OK ]
422.8,17-Jul-26 13:09:00,542.3,166.6,0.1366,120.3,0.2599,0.5789,1.735,0,0,0,100,15.05,0.1976,404.2,200,1,0,0.2189,1,1,1,1,1,1,1,4,4,-1,[ OK ]
423.2,17-Jul-26 13:09:01,542.7,166.6,0.1366,120.3,0.2544,0.5788,1.735,0,0,0,100,15.05,0.1978,404.2,200,1,0,0.2249,1,1,1,1,1,1,1,4,4,-1,[ OK ]
423.6,17-Jul-26 13:09:01,543.2,166.6,0.1365,120.7,0.2564,0.5788,1.735,0,0,0,100,15.05,0.1995,404.2,200,1,0,0.2107,1,1,1,1,1,1,1,4,4,-1,[ OK ]
424.1,17-Jul-26 13:09:01,543.6,166.6,0.1364,121,0.2552,0.5796,1.727,0,0,0,100,15.05,0.1978,404.3,200,1,0,0.2109,1,1,1,1,1,1,1,4,4,-1,[ OK ]
424.6,17-Jul-26 13:09:02,544.1,166.6,0.1366,120.2,0.2539,0.5789,1.734,0,0,0,100,15.05,0.1988,404.2,200,1,0,0.2236,1,1,1,1,1,1,1,4,4,-1,[ OK ]
425.0,17-Jul-26 13:09:02,544.5,166.6,0.1369,119.5,0.2543,0.5789,1.734,0,0,0,100,15.05,0.1984,404.2,200,1,0,0.2175,1,1,1,1,1,1,1,4,4,-1,[ OK ]
425.4,17-Jul-26 13:09:03,544.9,166.6,0.1366,120.2,0.2567,0.5789,1.735,0,0,0,100,15.05,0.1976,403.9,200,1,0,0.2285,1,1,1,1,1,1,1,4,4,-1,[ OK ]
425.7,17-Jul-26 13:09:03,545.3,166.6,0.1368,119.5,0.2568,0.5793,1.73,0,0,0,100,15.05,0.199,403.8,200,1,0,0.221,1,1,1,1,1,1,1,4,4,-1,[ OK ]
426.2,17-Jul-26 13:09:04,545.7,166.6,0.1366,120,0.2568,0.5797,1.726,0,0,0,100,15.05,0.1989,404.2,200,1,0,0.2162,1,1,1,1,1,1,1,4,4,-1,[ OK ]
426.6,17-Jul-26 13:09:04,546.1,166.6,0.1365,120.4,0.2583,0.5797,1.726,0,0,0,100,15.05,0.1986,404,200,1,0,0.2223,1,1,1,1,1,1,1,4,4,-1,[ OK ]
427.0,17-Jul-26 13:09:04,546.5,166.6,0.1369,119.4,0.2561,0.5795,1.727,0,0,0,100,15.05,0.1981,404,200,1,0,0.2215,1,1,1,1,1,1,1,4,4,-1,[ OK ]
427.4,17-Jul-26 13:09:05,546.9,166.6,0.1366,120.2,0.2535,0.579,1.734,0,0,0,100,15.05,0.1981,404.2,200,1,0,0.2241,1,1,1,1,1,1,1,4,4,-1,[ OK ]
427.8,17-Jul-26 13:09:05,547.4,166.6,0.1366,120.1,0.2584,0.5789,1.735,0,0,0,100,15.05,0.1991,404.2,200,1,0,0.2098,1,1,1,1,1,1,1,4,4,-1,[ OK ]
428.2,17-Jul-26 13:09:06,547.8,166.6,0.1366,120.2,0.2503,0.5791,1.733,0,0,0,100,15.05,0.198,403.9,200,1,0,0.2222,1,1,1,1,1,1,1,4,4,-1,[ OK ]
428.6,17-Jul-26 13:09:06,548.1,166.6,0.1367,120,0.2554,0.5796,1.726,0,0,0,100,15.05,0.1996,403.8,200,1,0,0.1932,1,1,1,1,1,1,1,4,4,-1,[ OK ]
429.0,17-Jul-26 13:09:06,548.5,166.6,0.1369,119.4,0.256,0.5788,1.736,0,0,0,100,15.05,0.1989,403.9,200,1,0,0.2159,1,1,1,1,1,1,1,4,4,-1,[ OK ]
429.4,17-Jul-26 13:09:07,548.9,166.6,0.1366,120.1,0.2529,0.5792,1.731,0,0,0,100,15.05,0.1989,404.2,200,1,0,0.2237,1,1,1,1,1,1,1,4,4,-1,[ OK ]
429.8,17-Jul-26 13:09:07,549.3,166.6,0.1366,120.2,0.2568,0.5797,1.725,0,0,0,100,15.05,0.1992,403.9,200,1,0,0.213,1,1,1,1,1,1,1,4,4,-1,[ OK ]
430.2,17-Jul-26 13:09:08,549.8,166.6,0.1367,120.1,0.2618,0.5797,1.725,0,0,0,100,15.05,0.1991,404.1,200,1,0,0.2162,1,1,1,1,1,1,1,4,4,-1,[ OK ]
430.6,17-Jul-26 13:09:08,550.2,166.6,0.1369,119.4,0.2522,0.5791,1.732,0,0,0,100,15.05,0.1992,403.9,200,1,0,0.2013,1,1,1,1,1,1,1,4,4,-1,[ OK ]
431.1,17-Jul-26 13:09:08,550.6,166.6,0.1368,119.9,0.254,0.5794,1.727,0,0,0,100,15.05,0.1994,404.2,200,1,0,0.2147,1,1,1,1,1,1,1,4,4,-1,[ OK ]
431.5,17-Jul-26 13:09:09,551,166.6,0.1367,119.9,0.2495,0.5791,1.731,0,0,0,100,15.05,0.1987,403.9,200,1,0,0.2202,1,1,1,1,1,1,1,4,4,-1,[ OK ]
431.8,17-Jul-26 13:09:09,551.3,166.6,0.1365,120.4,0.2536,0.5793,1.728,0,0,0,100,15.05,0.1981,403.9,200,1,0,0.2319,1,1,1,1,1,1,1,4,4,-1,[ OK ]
432.2,17-Jul-26 13:09:10,551.8,166.6,0.1368,119.7,0.256,0.5794,1.727,0,0,0,100,15.05,0.1988,404,200,1,0,0.2239,1,1,1,1,1,1,1,4,4,-1,[ OK ]
432.7,17-Jul-26 13:09:10,552.2,166.6,0.1367,120.2,0.2537,0.5794,1.728,0,0,0,100,15.05,0.1983,404.2,200,1,0,0.2189,1,1,1,1,1,1,1,4,4,-1,[ OK ]
433.1,17-Jul-26 13:09:11,552.6,166.6,0.1369,119.6,0.2557,0.5794,1.729,0,0,0,100,15.05,0.1993,404.2,200,1,0,0.2359,1,1,1,1,1,1,1,4,4,-1,[ OK ]
433.5,17-Jul-26 13:09:11,553,166.6,0.1369,119.7,0.256,0.5788,1.735,0,0,0,100,15.05,0.1985,404.3,200,1,0,0.2282,1,1,1,1,1,1,1,4,4,-1,[ OK ]
433.9,17-Jul-26 13:09:11,553.4,166.6,0.1367,120.1,0.2548,0.5793,1.73,0,0,0,100,15.05,0.199,404,200,1,0,0.2347,1,1,1,1,1,1,1,4,4,-1,[ OK ]
434.3,17-Jul-26 13:09:12,553.9,166.6,0.1369,119.9,0.2584,0.5797,1.726,0,0,0,100,15.05,0.2001,403.9,200,1,0,0.2161,1,1,1,1,1,1,1,4,4,-1,[ OK ]
434.6,17-Jul-26 13:09:12,554.2,166.6,0.1366,120.7,0.2566,0.5795,1.728,0,0,0,100,15.05,0.1991,404.2,200,1,0,0.2163,1,1,1,1,1,1,1,4,4,-1,[ OK ]
435.1,17-Jul-26 13:09:12,554.6,166.6,0.1368,120.2,0.2587,0.5794,1.728,0,0,0,100,15.05,0.1993,404,200,1,0,0.2286,1,1,1,1,1,1,1,4,4,-1,[ OK ]
435.5,17-Jul-26 13:09:13,555,166.6,0.1368,120.2,0.2556,0.5789,1.734,0,0,0,100,15.05,0.2,404.2,200,1,0,0.2187,1,1,1,1,1,1,1,4,4,-1,[ OK ]
435.9,17-Jul-26 13:09:13,555.4,166.6,0.1369,119.9,0.253,0.579,1.733,0,0,0,100,15.05,0.1977,403.9,200,1,0,0.233,1,1,1,1,1,1,1,4,4,-1,[ OK ]
436.3,17-Jul-26 13:09:14,555.9,166.6,0.1366,120.6,0.257,0.5791,1.732,0,0,0,100,15.05,0.1988,404.2,200,1,0,0.2178,1,1,1,1,1,1,1,4,4,-1,[ OK ]
436.7,17-Jul-26 13:09:14,556.3,166.6,0.1368,119.8,0.2562,0.5795,1.727,0,0,0,100,15.05,0.1983,403.9,200,1,0,0.2233,1,1,1,1,1,1,1,4,4,-1,[ OK ]
437.2,17-Jul-26 13:09:15,556.7,166.6,0.1368,120,0.2548,0.5788,1.735,0,0,0,100,15.05,0.1989,404,200,1,0,0.2202,1,1,1,1,1,1,1,4,4,-1,[ OK ]
437.6,17-Jul-26 13:09:15,557.1,166.6,0.1368,120.1,0.2561,0.5792,1.73,0,0,0,100,15.05,0.1982,403.9,200,1,0,0.2246,1,1,1,1,1,1,1,4,4,-1,[ OK ]
438.0,17-Jul-26 13:09:15,557.5,166.6,0.1369,119.7,0.2548,0.5795,1.727,0,0,0,100,15.05,0.1986,403.8,200,1,0,0.1972,1,1,1,1,1,1,1,4,4,-1,[ OK ]
438.4,17-Jul-26 13:09:16,557.9,166.6,0.1369,119.6,0.2572,0.5789,1.735,0,0,0,100,15.05,0.1998,403.9,200,1,0,0.227,1,1,1,1,1,1,1,4,4,-1,[ OK ]
438.8,17-Jul-26 13:09:16,558.4,166.6,0.1372,119,0.2547,0.5795,1.726,0,0,0,100,15.05,0.1987,404.1,200,1,0,0.2166,1,1,1,1,1,1,1,4,4,-1,[ OK ]
439.2,17-Jul-26 13:09:17,558.8,166.6,0.1371,119.4,0.2551,0.5795,1.726,0,0,0,100,15.05,0.1989,403.9,200,1,0,0.224,1,1,1,1,1,1,1,4,4,-1,[ OK ]
439.6,17-Jul-26 13:09:17,559.1,166.6,0.1366,120.7,0.2568,0.5791,1.73,0,0,0,100,15.05,0.1983,403.9,200,1,0,0.2196,1,1,1,1,1,1,1,4,4,-1,[ OK ]
440.0,17-Jul-26 13:09:17,559.5,166.6,0.1368,120.2,0.256,0.5797,1.724,0,0,0,100,15.05,0.2001,404.1,200,1,0,0.2255,1,1,1,1,1,1,1,4,4,-1,[ OK ]
440.4,17-Jul-26 13:09:18,559.9,166.6,0.1368,120.1,0.2548,0.5791,1.731,0,0,0,100,15.05,0.1988,403.9,200,1,0,0.231,1,1,1,1,1,1,1,4,4,-1,[ OK ]
440.7,17-Jul-26 13:09:18,560.3,166.6,0.1369,119.9,0.2536,0.5791,1.73,0,0,0,100,15.05,0.1999,404.2,200,1,0,0.2215,1,1,1,1,1,1,1,4,4,-1,[ OK ]
441.1,17-Jul-26 13:09:19,560.7,166.6,0.1367,120.5,0.2562,0.5793,1.727,0,0,0,100,15.05,0.1989,404.1,200,1,0,0.2256,1,1,1,1,1,1,1,4,4,-1,[ OK ]
441.6,17-Jul-26 13:09:19,561.1,166.6,0.1368,120,0.2588,0.5788,1.733,0,0,0,100,15.05,0.1981,404.1,200,1,0,0.2291,1,1,1,1,1,1,1,4,4,-1,[ OK ]
442.0,17-Jul-26 13:09:19,561.5,166.6,0.1371,119.3,0.2553,0.5794,1.727,0,0,0,100,15.05,0.1991,404.3,200,1,0,0.2267,1,1,1,1,1,1,1,4,4,-1,[ OK ]
442.4,17-Jul-26 13:09:20,561.9,166.6,0.1367,120.3,0.256,0.579,1.732,0,0,0,100,15.05,0.1982,403.9,200,1,0,0.2242,1,1,1,1,1,1,1,4,4,-1,[ OK ]
442.8,17-Jul-26 13:09:20,562.3,166.6,0.1368,119.9,0.2558,0.5793,1.727,0,0,0,100,15.05,0.1982,403.9,200,1,0,0.2266,1,1,1,1,1,1,1,4,4,-1,[ OK ]
443.2,17-Jul-26 13:09:21,562.8,166.6,0.1368,119.9,0.2553,0.5796,1.725,0,0,0,100,15.05,0.1985,403.9,200,1,0,0.2333,1,1,1,1,1,1,1,4,4,-1,[ OK ]
443.7,17-Jul-26 13:09:21,563.2,166.6,0.1367,120.1,0.2584,0.579,1.731,0,0,0,100,15.05,0.1987,404.1,200,1,0,0.2225,1,1,1,1,1,1,1,4,4,-1,[ OK ]
444.1,17-Jul-26 13:09:21,563.6,166.6,0.1368,119.9,0.2571,0.579,1.731,0,0,0,100,15.05,0.1984,404.2,200,1,0,0.2243,1,1,1,1,1,1,1,4,4,-1,[ OK ]
444.5,17-Jul-26 13:09:22,564,166.6,0.1368,120,0.2474,0.5795,1.726,0,0,0,100,15.05,0.1991,404.3,200,1,0,0.2223,1,1,1,1,1,1,1,4,4,-1,[ OK ]
444.9,17-Jul-26 13:09:22,564.4,166.6,0.1367,120.3,0.256,0.5787,1.735,0,0,0,100,15.05,0.1986,403.9,200,1,0,0.2206,1,1,1,1,1,1,1,4,4,-1,[ OK ]
445.3,17-Jul-26 13:09:23,564.9,166.6,0.1368,120.1,0.2542,0.5793,1.728,0,0,0,100,15.05,0.1984,404,200,1,0,0.2232,1,1,1,1,1,1,1,4,4,-1,[ OK ]
445.8,17-Jul-26 13:09:23,565.3,166.6,0.137,119.4,0.2561,0.5789,1.732,0,0,0,100,15.05,0.199,404.1,200,1,0,0.2208,1,1,1,1,1,1,1,4,4,-1,[ OK ]
446.1,17-Jul-26 13:09:23,565.6,166.6,0.1366,120.7,0.2539,0.5794,1.728,0,0,0,100,15.05,0.1989,404.2,200,1,0,0.2158,1,1,1,1,1,1,1,4,4,-1,[ OK ]
446.5,17-Jul-26 13:09:24,566,166.6,0.1369,119.6,0.2553,0.579,1.731,0,0,0,100,15.05,0.1988,404.2,200,1,0,0.226,1,1,1,1,1,1,1,4,4,-1,[ OK ]
446.9,17-Jul-26 13:09:24,566.4,166.6,0.1369,119.8,0.2569,0.5795,1.726,0,0,0,100,15.05,0.1978,404,200,1,0,0.223,1,1,1,1,1,1,1,4,4,-1,[ OK ]
447.3,17-Jul-26 13:09:25,566.9,166.6,0.1369,119.6,0.256,0.5795,1.727,0,0,0,100,15.05,0.199,404.1,200,1,0,0.211,1,1,1,1,1,1,1,4,4,-1,[ OK ]
447.7,17-Jul-26 13:09:25,567.3,166.6,0.1366,120.3,0.2541,0.5787,1.735,0,0,0,100,15.05,0.1989,404.2,200,1,0,0.2182,1,1,1,1,1,1,1,4,4,-1,[ OK ]
448.2,17-Jul-26 13:09:26,567.7,166.6,0.1368,119.9,0.252,0.5795,1.726,0,0,0,100,15.05,0.1986,404.4,200,1,0,0.2211,1,1,1,1,1,1,1,4,4,-1,[ OK ]
448.6,17-Jul-26 13:09:26,568.1,166.6,0.1367,120,0.2527,0.579,1.732,0,0,0,100,15.05,0.1986,404,200,1,0,0.2185,1,1,1,1,1,1,1,4,4,-1,[ OK ]
449.0,17-Jul-26 13:09:26,568.5,166.6,0.1365,120.7,0.2514,0.5796,1.726,0,0,0,100,15.05,0.1981,403.9,200,1,0,0.2264,1,1,1,1,1,1,1,4,4,-1,[ OK ]
449.3,17-Jul-26 13:09:27,568.8,166.6,0.1365,120.6,0.2536,0.5792,1.73,0,0,0,100,15.05,0.1996,404.2,200,1,0,0.2157,1,1,1,1,1,1,1,4,4,-1,[ OK ]
449.7,17-Jul-26 13:09:27,569.3,166.6,0.137,119.3,0.2557,0.5795,1.725,0,0,0,100,15.05,0.1979,404,200,1,0,0.2337,1,1,1,1,1,1,1,4,4,-1,[ OK ]
450.1,17-Jul-26 13:09:28,569.7,166.6,0.1365,120.5,0.255,0.5796,1.725,0,0,0,100,15.05,0.1986,404,200,1,0,0.2144,1,1,1,1,1,1,1,4,4,-1,[ OK ]
450.6,17-Jul-26 13:09:28,570.1,166.6,0.137,119.2,0.2541,0.5794,1.727,0,0,0,100,15.05,0.1988,404.3,200,1,0,0.2233,1,1,1,1,1,1,1,4,4,-1,[ OK ]
451.0,17-Jul-26 13:09:28,570.5,166.6,0.1367,120,0.2561,0.5789,1.733,0,0,0,100,15.05,0.1979,404.3,200,1,0,0.2343,1,1,1,1,1,1,1,4,4,-1,[ OK ]
451.4,17-Jul-26 13:09:29,570.9,166.6,0.1367,120.1,0.2553,0.5796,1.724,0,0,0,100,15.05,0.1986,403.9,200,1,0,0.2131,1,1,1,1,1,1,1,4,4,-1,[ OK ]
451.7,17-Jul-26 13:09:29,571.3,166.6,0.1368,119.7,0.2575,0.5795,1.725,0,0,0,100,15.05,0.1995,404.2,200,1,0,0.2195,1,1,1,1,1,1,1,4,4,-1,[ OK ]
452.2,17-Jul-26 13:09:30,571.8,166.6,0.1367,120,0.255,0.5791,1.73,0,0,0,100,15.05,0.1991,404.2,200,1,0,0.2189,1,1,1,1,1,1,1,4,4,-1,[ OK ]
452.7,17-Jul-26 13:09:30,572.2,166.6,0.1368,119.9,0.2561,0.5795,1.726,0,0,0,100,15.05,0.1985,403.9,200,1,0,0.2248,1,1,1,1,1,1,1,4,4,-1,[ OK ]
453.1,17-Jul-26 13:09:30,572.6,166.6,0.1367,120.1,0.2552,0.5789,1.733,0,0,0,100,15.05,0.1995,404,200,1,0,0.2185,1,1,1,1,1,1,1,4,4,-1,[ OK ]
453.5,17-Jul-26 13:09:31,573,166.6,0.1368,119.8,0.2572,0.5794,1.727,0,0,0,100,15.05,0.1975,404.2,200,1,0,0.2276,1,1,1,1,1,1,1,4,4,-1,[ OK ]
453.9,17-Jul-26 13:09:31,573.4,166.6,0.1369,119.6,0.2562,0.5791,1.731,0,0,0,100,15.05,0.1986,404.3,200,1,0,0.2256,1,1,1,1,1,1,1,4,4,-1,[ OK ]
454.3,17-Jul-26 13:09:32,573.9,166.6,0.1367,120.1,0.2559,0.5793,1.729,0,0,0,100,15.05,0.199,404.3,200,1,0,0.2223,1,1,1,1,1,1,1,4,4,-1,[ OK ]
454.8,17-Jul-26 13:09:32,574.3,166.6,0.1367,120.2,0.2561,0.5788,1.735,0,0,0,100,15.05,0.1992,403.9,200,1,0,0.2226,1,1,1,1,1,1,1,4,4,-1,[ OK ]
455.2,17-Jul-26 13:09:33,574.7,166.6,0.1366,120.6,0.2557,0.5791,1.732,0,0,0,100,15.05,0.1994,403.9,200,1,0,0.2156,1,1,1,1,1,1,1,4,4,-1,[ OK ]
455.6,17-Jul-26 13:09:33,575.1,166.6,0.1369,119.8,0.2543,0.5793,1.729,0,0,0,100,15.05,0.1995,404.2,200,1,0,0.2212,1,1,1,1,1,1,1,4,4,-1,[ OK ]
456.0,17-Jul-26 13:09:33,575.5,166.6,0.1365,120.8,0.259,0.5795,1.727,0,0,0,100,15.05,0.1982,404.2,200,1,0,0.2187,1,1,1,1,1,1,1,4,4,-1,[ OK ]
456.4,17-Jul-26 13:09:34,576,166.6,0.1374,118.4,0.2554,0.5788,1.735,0,0,0,100,15.05,0.1987,403.9,200,1,0,0.2277,1,1,1,1,1,1,1,4,4,-1,[ OK ]
456.8,17-Jul-26 13:09:34,576.4,166.6,0.1368,120.1,0.257,0.5793,1.728,0,0,0,100,15.05,0.1985,404.2,200,1,0,0.2257,1,1,1,1,1,1,1,4,4,-1,[ OK ]
457.3,17-Jul-26 13:09:35,576.8,166.6,0.1366,120.6,0.2552,0.5797,1.724,0,0,0,100,15.05,0.1982,404,200,1,0,0.2373,1,1,1,1,1,1,1,4,4,-1,[ OK ]
457.7,17-Jul-26 13:09:35,577.2,166.6,0.1369,119.6,0.2529,0.5795,1.727,0,0,0,100,15.05,0.1985,404.3,200,1,0,0.2148,1,1,1,1,1,1,1,4,4,-1,[ OK ]
458.2,17-Jul-26 13:09:36,577.7,166.6,0.1367,120.2,0.2551,0.5791,1.732,0,0,0,100,15.05,0.1978,403.9,200,1,0,0.2367,1,1,1,1,1,1,1,4,4,-1,[ OK ]
458.6,17-Jul-26 13:09:36,578.2,166.6,0.1367,120.2,0.2587,0.5795,1.727,0,0,0,100,15.05,0.1985,404,200,1,0,0.2204,1,1,1,1,1,1,1,4,4,-1,[ OK ]
459.1,17-Jul-26 13:09:36,578.6,166.6,0.1365,120.5,0.2553,0.5792,1.731,0,0,0,100,15.05,0.1985,403.9,200,1,0,0.2266,1,1,1,1,1,1,1,4,4,-1,[ OK ]
459.5,17-Jul-26 13:09:37,579,166.6,0.1367,119.9,0.2559,0.579,1.732,0,0,0,100,15.05,0.1994,403.9,200,1,0,0.2225,1,1,1,1,1,1,1,4,4,-1,[ OK ]
459.9,17-Jul-26 13:09:37,579.4,166.6,0.1368,119.8,0.2577,0.5795,1.726,0,0,0,100,15.05,0.1993,404.1,200,1,0,0.2211,1,1,1,1,1,1,1,4,4,-1,[ OK ]
460.3,17-Jul-26 13:09:38,579.8,166.6,0.1369,119.5,0.2561,0.5795,1.727,0,0,0,100,15.05,0.1979,404,200,1,0,0.2182,1,1,1,1,1,1,1,4,4,-1,[ OK ]
460.7,17-Jul-26 13:09:38,580.3,166.6,0.1367,120.2,0.2594,0.5798,1.723,0,0,0,100,15.05,0.1993,404,200,1,0,0.2377,1,1,1,1,1,1,1,4,4,-1,[ OK ]
461.1,17-Jul-26 13:09:39,580.7,166.6,0.1365,120.6,0.2566,0.5789,1.734,0,0,0,100,15.05,0.1992,404.2,200,1,0,0.2184,1,1,1,1,1,1,1,4,4,-1,[ OK ]
461.6,17-Jul-26 13:09:39,581.1,166.6,0.1367,120.1,0.2538,0.5795,1.727,0,0,0,100,15.05,0.1993,403.9,200,1,0,0.2215,1,1,1,1,1,1,1,4,4,-1,[ OK ]
462.0,17-Jul-26 13:09:39,581.5,166.6,0.1369,119.7,0.2575,0.579,1.734,0,0,0,100,15.05,0.1991,404.2,200,1,0,0.2192,1,1,1,1,1,1,1,4,4,-1,[ OK ]
462.4,17-Jul-26 13:09:40,581.9,166.6,0.1367,120.2,0.2522,0.5794,1.729,0,0,0,100,15.05,0.1992,403.9,200,1,0,0.2185,1,1,1,1,1,1,1,4,4,-1,[ OK ]
462.8,17-Jul-26 13:09:40,582.4,166.6,0.1366,120.3,0.2557,0.5793,1.729,0,0,0,100,15.05,0.199,404.2,200,1,0,0.219,1,1,1,1,1,1,1,4,4,-1,[ OK ]
463.2,17-Jul-26 13:09:41,582.8,166.6,0.1369,119.7,0.2529,0.5796,1.725,0,0,0,100,15.05,0.1992,404,200,1,0,0.2289,1,1,1,1,1,1,1,4,4,-1,[ OK ]
463.7,17-Jul-26 13:09:41,583.2,166.6,0.1368,119.9,0.256,0.5796,1.726,0,0,0,100,15.05,0.1989,404.3,200,1,0,0.213,1,1,1,1,1,1,1,4,4,-1,[ OK ]
464.1,17-Jul-26 13:09:42,583.6,166.6,0.1366,120.4,0.2546,0.5792,1.73,0,0,0,100,15.05,0.1982,403.9,200,1,0,0.2349,1,1,1,1,1,1,1,4,4,-1,[ OK ]
464.5,17-Jul-26 13:09:42,584,166.6,0.1367,120.1,0.2585,0.5789,1.734,0,0,0,100,15.05,0.1979,404.1,200,1,0,0.229,1,1,1,1,1,1,1,4,4,-1,[ OK ]
464.9,17-Jul-26 13:09:42,584.5,166.6,0.1368,120,0.2551,0.579,1.732,0,0,0,100,15.05,0.1994,404,200,1,0,0.2218,1,1,1,1,1,1,1,4,4,-1,[ OK ]
465.3,17-Jul-26 13:09:43,584.9,166.6,0.1368,119.9,0.2581,0.5795,1.727,0,0,0,100,15.05,0.1988,404.1,200,1,0,0.2333,1,1,1,1,1,1,1,4,4,-1,[ OK ]
465.8,17-Jul-26 13:09:43,585.3,166.6,0.137,119.5,0.2564,0.5794,1.727,0,0,0,100,15.05,0.1983,404.2,200,1,0,0.2241,1,1,1,1,1,1,1,4,4,-1,[ OK ]
466.2,17-Jul-26 13:09:44,585.7,166.6,0.137,119.3,0.2588,0.5789,1.732,0,0,0,100,15.05,0.1985,404.2,200,1,0,0.2301,1,1,1,1,1,1,1,4,4,-1,[ OK ]
466.6,17-Jul-26 13:09:44,586.1,166.6,0.1368,119.9,0.2551,0.5795,1.726,0,0,0,100,15.05,0.1997,403.9,200,1,0,0.215,1,1,1,1,1,1,1,4,4,-1,[ OK ]
467.0,17-Jul-26 13:09:44,586.5,166.6,0.1368,119.9,0.2552,0.5794,1.726,0,0,0,100,15.05,0.1997,404.3,200,1,0,0.2202,1,1,1,1,1,1,1,4,4,-1,[ OK ]
467.4,17-Jul-26 13:09:45,587,166.6,0.137,119.5,0.2556,0.5788,1.734,0,0,0,100,15.05,0.1978,404,200,1,0,0.2083,1,1,1,1,1,1,1,4,4,-1,[ OK ]
467.9,17-Jul-26 13:09:45,587.4,166.6,0.1367,120.1,0.2505,0.5794,1.727,0,0,0,100,15.05,0.1979,404.2,200,1,0,0.2221,1,1,1,1,1,1,1,4,4,-1,[ OK ]
468.3,17-Jul-26 13:09:46,587.8,166.6,0.1367,120,0.2546,0.5788,1.735,0,0,0,100,15.05,0.1992,404,200,1,0,0.2241,1,1,1,1,1,1,1,4,4,-1,[ OK ]
468.7,17-Jul-26 13:09:46,588.2,166.6,0.1366,120.1,0.2556,0.579,1.733,0,0,0,100,15.05,0.1989,404,200,1,0,0.1899,1,1,1,1,1,1,1,4,4,-1,[ OK ]
469.1,17-Jul-26 13:09:47,588.6,166.6,0.1367,120,0.2526,0.5788,1.734,0,0,0,100,15.05,0.1987,403.9,200,1,0,0.2196,1,1,1,1,1,1,1,4,4,-1,[ OK ]
469.5,17-Jul-26 13:09:47,589.1,166.6,0.1366,120.4,0.256,0.5797,1.724,0,0,0,100,15.05,0.1986,403.9,200,1,0,0.2242,1,1,1,1,1,1,1,4,4,-1,[ OK ]
469.9,17-Jul-26 13:09:47,589.5,166.6,0.1367,120.1,0.2544,0.5796,1.725,0,0,0,100,15.05,0.1986,403.9,200,1,0,0.2233,1,1,1,1,1,1,1,4,4,-1,[ OK ]
470.4,17-Jul-26 13:09:48,589.9,166.6,0.1369,119.6,0.2529,0.5795,1.726,0,0,0,100,15.05,0.199,403.9,200,1,0,0.2222,1,1,1,1,1,1,1,4,4,-1,[ OK ]
470.8,17-Jul-26 13:09:48,590.3,166.6,0.1369,119.7,0.2551,0.5794,1.728,0,0,0,100,15.05,0.199,403.9,200,1,0,0.2218,1,1,1,1,1,1,1,4,4,-1,[ OK ]
471.2,17-Jul-26 13:09:49,590.7,166.6,0.1368,120,0.2557,0.5797,1.724,0,0,0,100,15.05,0.1983,404.2,200,1,0,0.2239,1,1,1,1,1,1,1,4,4,-1,[ OK ]
471.6,17-Jul-26 13:09:49,591.1,166.6,0.1368,119.8,0.2512,0.5794,1.729,0,0,0,100,15.05,0.1987,403.9,200,1,0,0.2416,1,1,1,1,1,1,1,4,4,-1,[ OK ]
472.0,17-Jul-26 13:09:49,591.6,166.6,0.1367,120.1,0.2542,0.5792,1.731,0,0,0,100,15.05,0.1989,403.9,200,1,0,0.2173,1,1,1,1,1,1,1,4,4,-1,[ OK ]
472.5,17-Jul-26 13:09:50,592,166.6,0.1367,120.1,0.2551,0.579,1.733,0,0,0,100,15.05,0.1997,403.9,200,1,0,0.2188,1,1,1,1,1,1,1,4,4,-1,[ OK ]
472.9,17-Jul-26 13:09:50,592.4,166.6,0.1368,119.8,0.2564,0.5792,1.731,0,0,0,100,15.05,0.1981,404.2,200,1,0,0.225,1,1,1,1,1,1,1,4,4,-1,[ OK ]
473.3,17-Jul-26 13:09:51,592.8,166.6,0.1368,120,0.2541,0.5795,1.728,0,0,0,100,15.05,0.1976,404,200,1,0,0.231,1,1,1,1,1,1,1,4,4,-1,[ OK ]
473.7,17-Jul-26 13:09:51,593.2,166.6,0.1368,120,0.2558,0.5788,1.735,0,0,0,100,15.05,0.1986,403.9,200,1,0,0.2131,1,1,1,1,1,1,1,4,4,-1,[ OK ]
474.1,17-Jul-26 13:09:52,593.7,166.6,0.1369,119.8,0.2515,0.5795,1.726,0,0,0,100,15.05,0.1989,403.9,200,1,0,0.2197,1,1,1,1,1,1,1,4,4,-1,[ OK ]
474.5,17-Jul-26 13:09:52,594.1,166.6,0.1368,120.2,0.2569,0.5788,1.734,0,0,0,100,15.05,0.1986,404.2,200,1,0,0.2174,1,1,1,1,1,1,1,4,4,-1,[ OK ]
475.0,17-Jul-26 13:09:52,594.5,166.6,0.1368,120.1,0.2584,0.5792,1.729,0,0,0,100,15.05,0.198,404.2,200,1,0,0.229,1,1,1,1,1,1,1,4,4,-1,[ OK ]
475.4,17-Jul-26 13:09:53,594.9,166.6,0.1367,120.4,0.2546,0.579,1.733,0,0,0,100,15.05,0.1981,403.9,200,1,0,0.2275,1,1,1,1,1,1,1,4,4,-1,[ OK ]
475.8,17-Jul-26 13:09:53,595.3,166.6,0.1368,120.1,0.2558,0.579,1.733,0,0,0,100,15.05,0.1996,404,200,1,0,0.2183,1,1,1,1,1,1,1,4,4,-1,[ OK ]
476.2,17-Jul-26 13:09:54,595.8,166.6,0.1369,119.8,0.2544,0.5796,1.726,0,0,0,100,15.05,0.1991,404.2,200,1,0,0.2152,1,1,1,1,1,1,1,4,4,-1,[ OK ]
476.6,17-Jul-26 13:09:54,596.2,166.6,0.1369,119.8,0.2546,0.5788,1.736,0,0,0,100,15.05,0.1982,404.2,200,1,0,0.2234,1,1,1,1,1,1,1,4,4,-1,[ OK ]
477.1,17-Jul-26 13:09:54,596.6,166.6,0.1367,120.3,0.2513,0.5791,1.734,0,0,0,100,15.05,0.1991,404.3,200,1,0,0.215,1,1,1,1,1,1,1,4,4,-1,[ OK ]
477.5,17-Jul-26 13:09:55,597,166.6,0.1368,120,0.2604,0.5788,1.736,0,0,0,100,15.05,0.1984,404,200,1,0,0.2273,1,1,1,1,1,1,1,4,4,-1,[ OK ]
477.9,17-Jul-26 13:09:55,597.4,166.6,0.1369,119.7,0.2564,0.5798,1.725,0,0,0,100,15.05,0.1999,404.2,200,1,0,0.2194,1,1,1,1,1,1,1,4,4,-1,[ OK ]
478.3,17-Jul-26 13:09:56,597.8,166.6,0.1369,119.9,0.2596,0.5793,1.731,0,0,0,100,15.05,0.1989,404.2,200,1,0,0.2238,1,1,1,1,1,1,1,4,4,-1,[ OK ]
478.7,17-Jul-26 13:09:56,598.3,166.6,0.1367,120.1,0.2552,0.5794,1.728,0,0,0,100,15.05,0.1993,404.3,200,1,0,0.2316,1,1,1,1,1,1,1,4,4,-1,[ OK ]
479.2,17-Jul-26 13:09:57,598.7,166.6,0.1368,120.1,0.2526,0.579,1.734,0,0,0,100,15.05,0.1984,403.7,200,1,0,0.2117,1,1,1,1,1,1,1,4,4,-1,[ OK ]
479.6,17-Jul-26 13:09:57,599.1,166.6,0.1368,120.1,0.2604,0.5794,1.729,0,0,0,100,15.05,0.1984,403.9,200,1,0,0.2288,1,1,1,1,1,1,1,4,4,-1,[ OK ]
480.0,17-Jul-26 13:09:57,599.5,166.6,0.1368,120,0.2572,0.5793,1.73,0,0,0,100,15.05,0.1993,403.9,200,1,0,0.23,1,1,1,1,1,1,1,4,4,-1,[ OK ]
480.4,17-Jul-26 13:09:58,599.9,166.6,0.1368,120.2,0.2553,0.5792,1.732,0,0,0,100,15.05,0.1992,404,200,1,0,0.2223,1,1,1,1,1,1,1,4,4,-1,[ OK ]
480.8,17-Jul-26 13:09:58,600.4,166.6,0.1369,120,0.2561,0.5797,1.727,0,0,0,100,15.05,0.1991,404.2,200,1,0,0.2201,1,1,1,1,1,1,1,4,4,-1,[ OK ]
481.2,17-Jul-26 13:09:59,600.8,166.6,0.1368,120.2,0.2568,0.5796,1.727,0,0,0,100,15.05,0.1986,404,200,1,0,0.2257,1,1,1,1,1,1,1,4,4,-1,[ OK ]
481.7,17-Jul-26 13:09:59,601.2,166.6,0.1369,119.8,0.2521,0.5789,1.735,0,0,0,100,15.05,0.1983,403.9,200,1,0,0.2134,1,1,1,1,1,1,1,4,4,-1,[ OK ]
482.1,17-Jul-26 13:10:00,601.6,166.6,0.1369,120,0.2566,0.5796,1.726,0,0,0,100,15.05,0.1981,404.2,200,1,0,0.2235,1,1,1,1,1,1,1,4,4,-1,[ OK ]
482.5,17-Jul-26 13:10:00,602,166.6,0.1368,120,0.2581,0.5795,1.727,0,0,0,100,15.05,0.1983,403.9,200,1,0,0.2158,1,1,1,1,1,1,1,4,4,-1,[ OK ]
482.9,17-Jul-26 13:10:00,602.5,166.6,0.1369,119.7,0.2553,0.5794,1.728,0,0,0,100,15.05,0.1989,404.2,200,1,0,0.2211,1,1,1,1,1,1,1,4,4,-1,[ OK ]
483.3,17-Jul-26 13:10:01,602.9,166.6,0.1368,120.1,0.257,0.5797,1.724,0,0,0,100,15.05,0.1994,404.1,200,1,0,0.2193,1,1,1,1,1,1,1,4,4,-1,[ OK ]
483.8,17-Jul-26 13:10:01,603.3,166.6,0.1368,120,0.2588,0.5789,1.733,0,0,0,100,15.05,0.1978,403.9,200,1,0,0.2265,1,1,1,1,1,1,1,4,4,-1,[ OK ]
484.2,17-Jul-26 13:10:02,603.7,166.6,0.137,119.4,0.2603,0.5788,1.735,0,0,0,100,15.05,0.1991,403.9,200,1,0,0.2204,1,1,1,1,1,1,1,4,4,-1,[ OK ]
484.6,17-Jul-26 13:10:02,604.1,166.6,0.1367,120.4,0.2559,0.5795,1.726,0,0,0,100,15.05,0.1995,403.9,200,1,0,0.2133,1,1,1,1,1,1,1,4,4,-1,[ OK ]
485.0,17-Jul-26 13:10:02,604.5,166.6,0.1367,120.4,0.2553,0.5796,1.725,0,0,0,100,15.05,0.199,404.2,200,1,0,0.2167,1,1,1,1,1,1,1,4,4,-1,[ OK ]
485.4,17-Jul-26 13:10:03,605,166.6,0.137,119.5,0.2553,0.579,1.731,0,0,0,100,15.05,0.1987,404.1,200,1,0,0.2134,1,1,1,1,1,1,1,4,4,-1,[ OK ]
485.8,17-Jul-26 13:10:03,605.4,166.6,0.1368,120.1,0.2559,0.5792,1.73,0,0,0,100,15.05,0.1977,403.9,200,1,0,0.2207,1,1,1,1,1,1,1,4,4,-1,[ OK ]
486.3,17-Jul-26 13:10:04,605.8,166.6,0.1368,120,0.2554,0.5788,1.735,0,0,0,100,15.05,0.1995,403.9,200,1,0,0.2093,1,1,1,1,1,1,1,4,4,-1,[ OK ]
486.7,17-Jul-26 13:10:04,606.2,166.6,0.1368,120,0.2544,0.5795,1.727,0,0,0,100,15.05,0.1989,403.9,200,1,0,0.2232,1,1,1,1,1,1,1,4,4,-1,[ OK ]
487.1,17-Jul-26 13:10:05,606.6,166.6,0.1367,120.2,0.2542,0.5795,1.727,0,0,0,100,15.05,0.1988,403.9,200,1,0,0.2233,1,1,1,1,1,1,1,4,4,-1,[ OK ]
487.5,17-Jul-26 13:10:05,607.1,166.6,0.1368,120,0.2565,0.5789,1.734,0,0,0,100,15.05,0.1992,403.9,200,1,0,0.2231,1,1,1,1,1,1,1,4,4,-1,[ OK ]
487.9,17-Jul-26 13:10:05,607.5,166.6,0.1369,119.6,0.2575,0.5792,1.731,0,0,0,100,15.05,0.1983,404.2,200,1,0,0.222,1,1,1,1,1,1,1,4,4,-1,[ OK ]
488.4,17-Jul-26 13:10:06,607.9,166.6,0.1368,120,0.258,0.5788,1.735,0,0,0,100,15.05,0.1989,404.2,200,1,0,0.2226,1,1,1,1,1,1,1,4,4,-1,[ OK ]
488.8,17-Jul-26 13:10:06,608.3,166.6,0.1367,120.1,0.2553,0.5797,1.725,0,0,0,100,15.05,0.1988,404.3,200,1,0,0.22,1,1,1,1,1,1,1,4,4,-1,[ OK ]
489.2,17-Jul-26 13:10:07,608.7,166.6,0.1367,120.3,0.2592,0.5789,1.732,0,0,0,100,15.05,0.1992,404,200,1,0,0.2235,1,1,1,1,1,1,1,4,4,-1,[ OK ]
489.6,17-Jul-26 13:10:07,609.2,166.6,0.1368,120,0.2587,0.5794,1.727,0,0,0,100,15.05,0.1989,404.2,200,1,0,0.229,1,1,1,1,1,1,1,4,4,-1,[ OK ]
490.0,17-Jul-26 13:10:07,609.6,166.6,0.1371,119.3,0.2548,0.5794,1.727,0,0,0,100,15.05,0.1998,404.1,200,1,0,0.2232,1,1,1,1,1,1,1,4,4,-1,[ OK ]
490.5,17-Jul-26 13:10:08,610,166.6,0.1368,120.1,0.2552,0.5792,1.729,0,0,0,100,15.05,0.1983,404.1,200,1,0,0.222,1,1,1,1,1,1,1,4,4,-1,[ OK ]
490.9,17-Jul-26 13:10:08,610.4,166.6,0.1368,120,0.2553,0.5789,1.733,0,0,0,100,15.05,0.1983,404.2,200,1,0,0.2228,1,1,1,1,1,1,1,4,4,-1,[ OK ]
491.4,17-Jul-26 13:10:09,610.9,166.6,0.1368,119.9,0.2544,0.5788,1.734,0,0,0,100,15.05,0.1993,404.2,200,1,0,0.2021,1,1,1,1,1,1,1,4,4,-1,[ OK ]
491.8,17-Jul-26 13:10:09,611.3,166.6,0.1367,120.2,0.2558,0.5795,1.726,0,0,0,100,15.05,0.199,404.1,200,1,0,0.2358,1,1,1,1,1,1,1,4,4,-1,[ OK ]
492.3,17-Jul-26 13:10:10,611.9,166.6,0.1369,119.7,0.2563,0.5797,1.725,0,0,0,100,15.05,0.1982,404.2,200,1,0,0.2282,1,1,1,1,1,1,1,4,4,-1,[ OK ]
492.8,17-Jul-26 13:10:10,612.3,166.6,0.1369,119.8,0.2544,0.5796,1.725,0,0,0,100,15.05,0.1991,404.3,200,1,0,0.2168,1,1,1,1,1,1,1,4,4,-1,[ OK ]
493.2,17-Jul-26 13:10:11,612.7,166.6,0.1368,120.1,0.2523,0.5795,1.726,0,0,0,100,15.05,0.1978,404.2,200,1,0,0.2262,1,1,1,1,1,1,1,4,4,-1,[ OK ]
493.6,17-Jul-26 13:10:11,613.1,166.6,0.1371,119.1,0.258,0.5795,1.727,0,0,0,100,15.05,0.199,404.2,200,1,0,0.2283,1,1,1,1,1,1,1,4,4,-1,[ OK ]
494.0,17-Jul-26 13:10:11,613.5,166.6,0.1367,120.3,0.2519,0.5795,1.726,0,0,0,100,15.05,0.1972,403.9,200,1,0,0.195,1,1,1,1,1,1,1,4,4,-1,[ OK ]
494.4,17-Jul-26 13:10:12,614,166.6,0.1371,119.4,0.2468,0.5791,1.731,0,0,0,100,15.05,0.1987,404,200,1,0,0.2222,1,1,1,1,1,1,1,4,4,-1,[ OK ]
494.8,17-Jul-26 13:10:12,614.4,166.6,0.1367,120.3,0.2588,0.5789,1.735,0,0,0,100,15.05,0.1994,404.2,200,1,0,0.222,1,1,1,1,1,1,1,4,4,-1,[ OK ]
495.3,17-Jul-26 13:10:13,614.8,166.6,0.1369,120,0.2502,0.5797,1.724,0,0,0,100,15.05,0.1982,404.1,200,1,0,0.2239,1,1,1,1,1,1,1,4,4,-1,[ OK ]
495.7,17-Jul-26 13:10:13,615.2,166.6,0.1366,120.5,0.2558,0.579,1.732,0,0,0,100,15.05,0.1986,404.2,200,1,0,0.2239,1,1,1,1,1,1,1,4,4,-1,[ OK ]
496.1,17-Jul-26 13:10:14,615.6,166.6,0.1369,119.8,0.2546,0.5789,1.735,0,0,0,100,15.05,0.1993,403.9,200,1,0,0.2215,1,1,1,1,1,1,1,4,4,-1,[ OK ]
496.5,17-Jul-26 13:10:14,616.1,166.6,0.137,119.5,0.2572,0.5796,1.726,0,0,0,100,15.05,0.1982,404,200,1,0,0.2237,1,1,1,1,1,1,1,4,4,-1,[ OK ]
496.9,17-Jul-26 13:10:14,616.5,166.6,0.1371,119.4,0.2585,0.5793,1.729,0,0,0,100,15.05,0.1992,404.3,200,1,0,0.2156,1,1,1,1,1,1,1,4,4,-1,[ OK ]
497.4,17-Jul-26 13:10:15,616.9,166.6,0.137,119.6,0.256,0.5792,1.73,0,0,0,100,15.05,0.1987,404.1,200,1,0,0.2304,1,1,1,1,1,1,1,4,4,-1,[ OK ]
497.8,17-Jul-26 13:10:15,617.3,166.6,0.137,119.7,0.2573,0.5789,1.733,0,0,0,100,15.05,0.1987,404.2,200,1,0,0.2347,1,1,1,1,1,1,1,4,4,-1,[ OK ]
498.2,17-Jul-26 13:10:16,617.7,166.6,0.1368,119.9,0.257,0.5796,1.726,0,0,0,100,15.05,0.1984,403.9,200,1,0,0.2282,1,1,1,1,1,1,1,4,4,-1,[ OK ]
498.6,17-Jul-26 13:10:16,618.2,166.6,0.1368,120.1,0.255,0.5798,1.723,0,0,0,100,15.05,0.1982,403.9,200,1,0,0.226,1,1,1,1,1,1,1,4,4,-1,[ OK ]
499.0,17-Jul-26 13:10:16,618.6,166.6,0.1366,120.6,0.255,0.579,1.732,0,0,0,100,15.05,0.1989,404.2,200,1,0,0.2268,1,1,1,1,1,1,1,4,4,-1,[ OK ]
499.5,17-Jul-26 13:10:17,619,166.6,0.1371,119.3,0.2541,0.5789,1.733,0,0,0,100,15.05,0.1991,404,200,1,0,0.2356,1,1,1,1,1,1,1,4,4,-1,[ OK ]
499.9,17-Jul-26 13:10:17,619.4,166.6,0.137,119.4,0.2584,0.5791,1.731,0,0,0,100,15.05,0.1979,403.9,200,1,0,0.2313,1,1,1,1,1,1,1,4,4,-1,[ OK ]
500.3,17-Jul-26 13:10:18,619.8,166.6,0.1368,120.1,0.2564,0.579,1.732,0,0,0,100,15.05,0.1982,404.2,200,1,0,0.2219,1,1,1,1,1,1,1,4,4,-1,[ OK ]
500.7,17-Jul-26 13:10:18,620.2,166.6,0.1368,120.1,0.2573,0.579,1.732,0,0,0,100,15.05,0.1978,403.9,200,1,0,0.2152,1,1,1,1,1,1,1,4,4,-1,[ OK ]
501.1,17-Jul-26 13:10:19,620.7,166.6,0.1368,120.1,0.2539,0.579,1.732,0,0,0,100,15.05,0.1986,404.2,200,1,0,0.2306,1,1,1,1,1,1,1,4,4,-1,[ OK ]
501.6,17-Jul-26 13:10:19,621.1,166.6,0.1368,120,0.2553,0.5791,1.73,0,0,0,100,15.05,0.1997,403.9,200,1,0,0.2183,1,1,1,1,1,1,1,4,4,-1,[ OK ]
502.1,17-Jul-26 13:10:19,621.6,166.6,0.1367,120.1,0.2562,0.5797,1.725,0,0,0,100,15.05,0.1986,404.2,200,1,0,0.2339,1,1,1,1,1,1,1,4,4,-1,[ OK ]
502.5,17-Jul-26 13:10:20,622,166.6,0.1369,119.7,0.2536,0.5791,1.732,0,0,0,100,15.05,0.1988,404.1,200,1,0,0.2272,1,1,1,1,1,1,1,4,4,-1,[ OK ]
502.9,17-Jul-26 13:10:20,622.4,166.6,0.1366,120.4,0.2573,0.579,1.732,0,0,0,100,15.05,0.1986,404,200,1,0,0.2256,1,1,1,1,1,1,1,4,4,-1,[ OK ]
503.3,17-Jul-26 13:10:21,622.9,166.6,0.1368,119.7,0.2584,0.5796,1.726,0,0,0,100,15.05,0.1986,404,200,1,0,0.1871,1,1,1,1,1,1,1,4,4,-1,[ OK ]
503.8,17-Jul-26 13:10:21,623.3,166.6,0.137,119.4,0.2572,0.5789,1.734,0,0,0,100,15.05,0.1985,404.1,200,1,0,0.2257,1,1,1,1,1,1,1,4,4,-1,[ OK ]
504.2,17-Jul-26 13:10:22,623.7,166.6,0.1369,119.8,0.2558,0.5795,1.728,0,0,0,100,15.05,0.1987,404,200,1,0,0.224,1,1,1,1,1,1,1,4,4,-1,[ OK ]
504.6,17-Jul-26 13:10:22,624.1,166.6,0.1368,119.9,0.2529,0.5789,1.735,0,0,0,100,15.05,0.1992,404.3,200,1,0,0.2202,1,1,1,1,1,1,1,4,4,-1,[ OK ]
505.0,17-Jul-26 13:10:22,624.5,166.6,0.1371,119.3,0.259,0.5789,1.734,0,0,0,100,15.05,0.1992,404.2,200,1,0,0.2284,1,1,1,1,1,1,1,4,4,-1,[ OK ]
505.4,17-Jul-26 13:10:23,625,166.6,0.1367,120.4,0.2543,0.5787,1.737,0,0,0,100,15.05,0.1986,404.2,200,1,0,0.2218,1,1,1,1,1,1,1,4,4,-1,[ OK ]
505.9,17-Jul-26 13:10:23,625.4,166.6,0.1368,120.1,0.2533,0.5795,1.728,0,0,0,100,15.05,0.1997,403.9,200,1,0,0.2206,1,1,1,1,1,1,1,4,4,-1,[ OK ]
506.4,17-Jul-26 13:10:24,625.9,166.6,0.1369,120,0.2581,0.5789,1.734,0,0,0,100,15.05,0.1989,404,200,1,0,0.2267,1,1,1,1,1,1,1,4,4,-1,[ OK ]
506.9,17-Jul-26 13:10:24,626.4,166.6,0.1369,120.1,0.256,0.5788,1.735,0,0,0,100,15.05,0.1993,404,200,1,0,0.2149,1,1,1,1,1,1,1,4,4,-1,[ OK ]
507.4,17-Jul-26 13:10:25,626.9,166.6,0.1367,120.3,0.2559,0.5796,1.726,0,0,0,100,15.05,0.1998,404,200,1,0,0.2182,1,1,1,1,1,1,1,4,4,-1,[ OK ]
507.9,17-Jul-26 13:10:25,627.5,166.6,0.1369,119.9,0.2584,0.5797,1.724,0,0,0,100,15.05,0.1992,404,200,1,0,0.2209,1,1,1,1,1,1,1,4,4,-1,[ OK ]
508.4,17-Jul-26 13:10:26,628,166.6,0.1372,119,0.256,0.5787,1.736,0,0,0,100,15.05,0.2005,403.9,200,1,0,0.2172,1,1,1,1,1,1,1,4,4,-1,[ OK ]
509.0,17-Jul-26 13:10:26,628.5,166.6,0.1368,119.9,0.2575,0.5798,1.725,0,0,0,100,15.05,0.1988,404.2,200,1,0,0.2209,1,1,1,1,1,1,1,4,4,-1,[ OK ]
509.4,17-Jul-26 13:10:27,628.9,166.6,0.1367,120.4,0.2592,0.5788,1.736,0,0,0,100,15.05,0.1995,404.2,200,1,0,0.228,1,1,1,1,1,1,1,4,4,-1,[ OK ]
510.0,17-Jul-26 13:10:27,629.5,166.6,0.1368,119.9,0.2584,0.5793,1.729,0,0,0,100,15.05,0.1996,404.2,200,1,0,0.2275,1,1,1,1,1,1,1,4,4,-1,[ OK ]
510.5,17-Jul-26 13:10:28,630.1,166.6,0.1367,120.5,0.2562,0.5795,1.728,0,0,0,100,15.05,0.1995,404.2,200,1,0,0.2158,1,1,1,1,1,1,1,4,4,-1,[ OK ]
510.9,17-Jul-26 13:10:28,630.5,166.6,0.1368,120.1,0.2536,0.5794,1.728,0,0,0,100,15.05,0.1983,403.9,200,1,0,0.2259,1,1,1,1,1,1,1,4,4,-1,[ OK ]
511.4,17-Jul-26 13:10:29,630.9,166.6,0.1369,119.9,0.2564,0.5793,1.73,0,0,0,100,15.05,0.2001,404.3,200,1,0,0.2255,1,1,1,1,1,1,1,4,4,-1,[ OK ]
511.9,17-Jul-26 13:10:29,631.4,166.6,0.1367,120.3,0.2561,0.579,1.733,0,0,0,100,15.05,0.1997,404.2,200,1,0,0.2215,1,1,1,1,1,1,1,4,4,-1,[ OK ]
512.4,17-Jul-26 13:10:30,631.9,166.6,0.1365,120.8,0.2611,0.5791,1.731,0,0,0,100,15.05,0.1986,403.9,200,1,0,0.2197,1,1,1,1,1,1,1,4,4,-1,[ OK ]
512.9,17-Jul-26 13:10:30,632.5,166.6,0.1369,119.8,0.2548,0.5796,1.724,0,0,0,100,15.05,0.199,404.2,200,1,0,0.2166,1,1,1,1,1,1,1,4,4,-1,[ OK ]
513.3,17-Jul-26 13:10:31,632.9,166.6,0.1369,119.7,0.2568,0.5789,1.733,0,0,0,100,15.05,0.1991,404.1,200,1,0,0.2122,1,1,1,1,1,1,1,4,4,-1,[ OK ]
513.8,17-Jul-26 13:10:31,633.3,166.6,0.1369,120,0.2564,0.5786,1.736,0,0,0,100,15.05,0.2001,404.1,200,1,0,0.221,1,1,1,1,1,1,1,4,4,-1,[ OK ]
514.2,17-Jul-26 13:10:32,633.7,166.6,0.1369,119.8,0.2577,0.5793,1.727,0,0,0,100,15.05,0.199,404.1,200,1,0,0.201,1,1,1,1,1,1,1,4,4,-1,[ OK ]
514.7,17-Jul-26 13:10:32,634.2,166.6,0.1369,120,0.2538,0.5795,1.725,0,0,0,100,15.05,0.1976,404.2,200,1,0,0.227,1,1,1,1,1,1,1,4,4,-1,[ OK ]
515.2,17-Jul-26 13:10:33,634.8,166.6,0.137,119.7,0.2561,0.5794,1.727,0,0,0,100,15.05,0.1986,404.2,200,1,0,0.2199,1,1,1,1,1,1,1,4,4,-1,[ OK ]
515.9,17-Jul-26 13:10:33,635.4,166.6,0.1369,119.9,0.2548,0.5794,1.727,0,0,0,100,15.05,0.1991,404.2,200,1,0,0.2148,1,1,1,1,1,1,1,4,4,-1,[ OK ]
516.3,17-Jul-26 13:10:34,635.8,166.6,0.1371,119.5,0.2567,0.5796,1.726,0,0,0,100,15.05,0.1994,404.2,200,1,0,0.2234,1,1,1,1,1,1,1,4,4,-1,[ OK ]
516.7,17-Jul-26 13:10:34,636.2,166.6,0.1368,120.1,0.2575,0.5795,1.726,0,0,0,100,15.05,0.1978,404,200,1,0,0.216,1,1,1,1,1,1,1,4,4,-1,[ OK ]
517.2,17-Jul-26 13:10:35,636.7,166.6,0.137,119.7,0.2448,0.5791,1.732,0,0,0,100,15.05,0.1984,404.2,200,1,0,0.2364,1,1,1,1,1,1,1,4,4,-1,[ OK ]
517.8,17-Jul-26 13:10:35,637.4,166.6,0.1369,120,0.2562,0.5791,1.733,0,0,0,100,15.05,0.1985,404.1,200,1,0,0.2296,1,1,1,1,1,1,1,4,4,-1,[ OK ]
518.5,17-Jul-26 13:10:36,638,166.6,0.137,119.9,0.2568,0.5794,1.729,0,0,0,100,15.05,0.1988,403.9,200,1,0,0.2322,1,1,1,1,1,1,1,4,4,-1,[ OK ]
519.0,17-Jul-26 13:10:36,638.5,166.6,0.1369,120,0.2575,0.579,1.734,0,0,0,100,15.05,0.1987,404,200,1,0,0.2279,1,1,1,1,1,1,1,4,4,-1,[ OK ]
519.4,17-Jul-26 13:10:37,638.9,166.6,0.1369,119.9,0.2561,0.5796,1.726,0,0,0,100,15.05,0.1984,404.2,200,1,0,0.213,1,1,1,1,1,1,1,4,4,-1,[ OK ]
519.9,17-Jul-26 13:10:37,639.4,166.6,0.1369,120,0.2579,0.579,1.734,0,0,0,100,15.05,0.1986,403.9,200,1,0,0.2358,1,1,1,1,1,1,1,4,4,-1,[ OK ]
520.4,17-Jul-26 13:10:38,640,166.6,0.137,119.7,0.2524,0.5795,1.728,0,0,0,100,15.05,0.199,403.9,200,1,0,0.2292,1,1,1,1,1,1,1,4,4,-1,[ OK ]
520.9,17-Jul-26 13:10:38,640.4,166.6,0.1369,120,0.2588,0.5796,1.727,0,0,0,100,15.05,0.1985,404.2,200,1,0,0.2279,1,1,1,1,1,1,1,4,4,-1,[ OK ]
521.3,17-Jul-26 13:10:39,640.8,166.6,0.1367,120.3,0.2559,0.5792,1.732,0,0,0,100,15.05,0.1994,403.9,200,1,0,0.217,1,1,1,1,1,1,1,4,4,-1,[ OK ]
521.7,17-Jul-26 13:10:39,641.2,166.6,0.1369,120,0.2581,0.5789,1.736,0,0,0,100,15.05,0.1989,403.9,200,1,0,0.2214,1,1,1,1,1,1,1,4,4,-1,[ OK ]
522.1,17-Jul-26 13:10:40,641.6,166.6,0.1369,120.1,0.2566,0.5796,1.728,0,0,0,100,15.05,0.1988,404,200,1,0,0.2233,1,1,1,1,1,1,1,4,4,-1,[ OK ]
522.5,17-Jul-26 13:10:40,642,166.6,0.1369,120.1,0.2563,0.579,1.734,0,0,0,100,15.05,0.1986,404.2,200,1,0,0.2268,1,1,1,1,1,1,1,4,4,-1,[ OK ]
522.9,17-Jul-26 13:10:40,642.5,166.6,0.1369,120,0.256,0.5798,1.725,0,0,0,100,15.05,0.1985,404.2,200,1,0,0.234,1,1,1,1,1,1,1,4,4,-1,[ OK ]
523.4,17-Jul-26 13:10:41,642.9,166.6,0.1367,120.6,0.257,0.5793,1.731,0,0,0,100,15.05,0.1992,404,200,1,0,0.2171,1,1,1,1,1,1,1,4,4,-1,[ OK ]
523.8,17-Jul-26 13:10:41,643.3,166.6,0.137,119.8,0.257,0.579,1.735,0,0,0,100,15.05,0.1986,404.2,200,1,0,0.2257,1,1,1,1,1,1,1,4,4,-1,[ OK ]
524.2,17-Jul-26 13:10:42,643.7,166.6,0.1369,120,0.2553,0.579,1.736,0,0,0,100,15.05,0.1995,404.2,200,1,0,0.2146,1,1,1,1,1,1,1,4,4,-1,[ OK ]
524.6,17-Jul-26 13:10:42,644.1,166.6,0.1369,120.1,0.2583,0.5793,1.732,0,0,0,100,15.05,0.1999,404.2,200,1,0,0.2209,1,1,1,1,1,1,1,4,4,-1,[ OK ]
525.0,17-Jul-26 13:10:42,644.6,166.6,0.1368,120.3,0.2558,0.5793,1.732,0,0,0,100,15.05,0.1993,404.2,200,1,0,0.2201,1,1,1,1,1,1,1,4,4,-1,[ OK ]
525.4,17-Jul-26 13:10:43,645,166.6,0.1371,119.4,0.2549,0.579,1.735,0,0,0,100,15.05,0.1988,403.9,200,1,0,0.2269,1,1,1,1,1,1,1,4,4,-1,[ OK ]
525.9,17-Jul-26 13:10:43,645.4,166.6,0.1371,119.4,0.2556,0.579,1.734,0,0,0,100,15.05,0.1986,403.9,200,1,0,0.2269,1,1,1,1,1,1,1,4,4,-1,[ OK ]
526.3,17-Jul-26 13:10:44,645.8,166.6,0.1369,120.1,0.2575,0.5789,1.735,0,0,0,100,15.05,0.1997,404.2,200,1,0,0.2104,1,1,1,1,1,1,1,4,4,-1,[ OK ]
526.7,17-Jul-26 13:10:44,646.2,166.6,0.137,119.8,0.2591,0.5789,1.736,0,0,0,100,15.05,0.1988,404,200,1,0,0.2281,1,1,1,1,1,1,1,4,4,-1,[ OK ]
527.1,17-Jul-26 13:10:45,646.7,166.6,0.1369,120,0.2569,0.5792,1.732,0,0,0,100,15.05,0.1992,404,200,1,0,0.2249,1,1,1,1,1,1,1,4,4,-1,[ OK ]
527.5,17-Jul-26 13:10:45,647.1,166.6,0.137,119.9,0.253,0.579,1.735,0,0,0,100,15.05,0.1977,404.2,200,1,0,0.2276,1,1,1,1,1,1,1,4,4,-1,[ OK ]
528.0,17-Jul-26 13:10:45,647.5,166.6,0.1369,120.1,0.2517,0.5798,1.725,0,0,0,100,15.05,0.2003,403.9,200,1,0,0.2272,1,1,1,1,1,1,1,4,4,-1,[ OK ]
528.5,17-Jul-26 13:10:46,648,166.6,0.1369,119.8,0.2579,0.5793,1.731,0,0,0,100,15.05,0.1987,403.8,200,1,0,0.2241,1,1,1,1,1,1,1,4,4,-1,[ OK ]
528.9,17-Jul-26 13:10:46,648.4,166.6,0.1367,120.6,0.2563,0.5795,1.728,0,0,0,100,15.05,0.199,404.2,200,1,0,0.2327,1,1,1,1,1,1,1,4,4,-1,[ OK ]
529.3,17-Jul-26 13:10:47,648.8,166.6,0.1371,119.4,0.2594,0.579,1.734,0,0,0,100,15.05,0.1992,403.9,200,1,0,0.2345,1,1,1,1,1,1,1,4,4,-1,[ OK ]
529.7,17-Jul-26 13:10:47,649.3,166.6,0.137,119.8,0.2554,0.5788,1.735,0,0,0,100,15.05,0.1989,403.9,200,1,0,0.2232,1,1,1,1,1,1,1,4,4,-1,[ OK ]
530.2,17-Jul-26 13:10:48,649.7,166.6,0.1368,120.2,0.2565,0.5788,1.735,0,0,0,100,15.05,0.2002,404.1,200,1,0,0.2158,1,1,1,1,1,1,1,4,4,-1,[ OK ]
530.6,17-Jul-26 13:10:48,650.1,166.6,0.1367,120.5,0.2534,0.5791,1.732,0,0,0,100,15.05,0.1991,404.2,200,1,0,0.1977,1,1,1,1,1,1,1,4,4,-1,[ OK ]
531.0,17-Jul-26 13:10:48,650.5,166.6,0.137,119.6,0.2567,0.5794,1.728,0,0,0,100,15.05,0.1989,404.2,200,1,0,0.2342,1,1,1,1,1,1,1,4,4,-1,[ OK ]
531.5,17-Jul-26 13:10:49,651,166.6,0.1369,119.9,0.257,0.5795,1.728,0,0,0,100,15.05,0.1989,403.9,200,1,0,0.2225,1,1,1,1,1,1,1,4,4,-1,[ OK ]
532.0,17-Jul-26 13:10:49,651.6,166.6,0.1367,120.6,0.2577,0.5789,1.736,0,0,0,100,15.05,0.2002,404,200,1,0,0.2251,1,1,1,1,1,1,1,4,4,-1,[ OK ]
532.6,17-Jul-26 13:10:50,652.1,166.6,0.1369,120.1,0.2573,0.5797,1.727,0,0,0,100,15.05,0.1995,404.1,200,1,0,0.2281,1,1,1,1,1,1,1,4,4,-1,[ OK ]
533.1,17-Jul-26 13:10:51,652.6,166.6,0.1369,119.9,0.2592,0.5791,1.733,0,0,0,100,15.05,0.1986,403.8,200,1,0,0.2138,1,1,1,1,1,1,1,4,4,-1,[ OK ]
533.5,17-Jul-26 13:10:51,653,166.6,0.137,119.8,0.2522,0.5791,1.733,0,0,0,100,15.05,0.199,404.2,200,1,0,0.2229,1,1,1,1,1,1,1,4,4,-1,[ OK ]
533.9,17-Jul-26 13:10:51,653.4,166.6,0.1369,120.1,0.26,0.5794,1.729,0,0,0,100,15.05,0.1992,403.9,200,1,0,0.2211,1,1,1,1,1,1,1,4,4,-1,[ OK ]
534.3,17-Jul-26 13:10:52,653.9,166.6,0.1371,119.7,0.2553,0.5796,1.726,0,0,0,100,15.05,0.1988,404.1,200,1,0,0.2257,1,1,1,1,1,1,1,4,4,-1,[ OK ]
534.8,17-Jul-26 13:10:52,654.3,166.6,0.1366,121,0.2564,0.579,1.733,0,0,0,100,15.05,0.2003,404.1,200,1,0,0.215,1,1,1,1,1,1,1,4,4,-1,[ OK ]
535.3,17-Jul-26 13:10:53,654.8,166.6,0.137,120,0.2649,0.5794,1.728,0,0,0,100,15.05,0.1996,404,200,1,0,0.2159,1,1,1,1,1,1,1,4,4,-1,[ OK ]
535.7,17-Jul-26 13:10:53,655.2,166.6,0.1369,120.1,0.2615,0.5792,1.731,0,0,0,100,15.05,0.1993,404.2,200,1,0,0.2264,1,1,1,1,1,1,1,4,4,-1,[ OK ]
536.2,17-Jul-26 13:10:54,655.7,166.6,0.1369,120.1,0.2578,0.5789,1.735,0,0,0,100,15.05,0.1993,404.2,200,1,0,0.2269,1,1,1,1,1,1,1,4,4,-1,[ OK ]
536.8,17-Jul-26 13:10:54,656.4,166.6,0.1368,120.4,0.2569,0.5788,1.736,0,0,0,100,15.05,0.1991,404.1,200,1,0,0.2252,1,1,1,1,1,1,1,4,4,-1,[ OK ]
537.3,17-Jul-26 13:10:55,656.9,166.6,0.1367,120.6,0.257,0.5797,1.724,0,0,0,100,15.05,0.1985,404,200,1,0,0.2227,1,1,1,1,1,1,1,4,4,-1,[ OK ]
537.8,17-Jul-26 13:10:55,657.3,166.6,0.1369,120,0.2562,0.5789,1.735,0,0,0,100,15.05,0.1993,404.1,200,1,0,0.212,1,1,1,1,1,1,1,4,4,-1,[ OK ]
538.3,17-Jul-26 13:10:56,657.8,166.6,0.137,119.8,0.2544,0.5795,1.728,0,0,0,100,15.05,0.1991,403.9,200,1,0,0.2243,1,1,1,1,1,1,1,4,4,-1,[ OK ]
538.7,17-Jul-26 13:10:56,658.2,166.6,0.1369,120.1,0.2542,0.5795,1.727,0,0,0,100,15.05,0.1998,403.8,200,1,0,0.2143,1,1,1,1,1,1,1,4,4,-1,[ OK ]
539.1,17-Jul-26 13:10:57,658.7,166.6,0.137,119.9,0.2571,0.5796,1.727,0,0,0,100,15.05,0.1985,403.9,200,1,0,0.2269,1,1,1,1,1,1,1,4,4,-1,[ OK ]
539.6,17-Jul-26 13:10:57,659.1,166.6,0.1368,120.2,0.2526,0.5793,1.729,0,0,0,100,15.05,0.1977,404.1,200,1,0,0.2391,1,1,1,1,1,1,1,4,4,-1,[ OK ]
540.0,17-Jul-26 13:10:57,659.5,166.6,0.1368,120.3,0.2515,0.5788,1.735,0,0,0,100,15.05,0.1981,404.2,200,1,0,0.2289,1,1,1,1,1,1,1,4,4,-1,[ OK ]
540.4,17-Jul-26 13:10:58,659.9,166.6,0.1369,120,0.2572,0.5797,1.725,0,0,0,100,15.05,0.1998,404.2,200,1,0,0.214,1,1,1,1,1,1,1,4,4,-1,[ OK ]
540.8,17-Jul-26 13:10:58,660.3,166.6,0.1369,119.9,0.2552,0.5789,1.734,0,0,0,100,15.05,0.1987,403.9,200,1,0,0.2143,1,1,1,1,1,1,1,4,4,-1,[ OK ]
541.2,17-Jul-26 13:10:59,660.8,166.6,0.1368,120,0.2554,0.5795,1.727,0,0,0,100,15.05,0.1986,403.9,200,1,0,0.2407,1,1,1,1,1,1,1,4,4,-1,[ OK ]
541.6,17-Jul-26 13:10:59,661.2,166.6,0.1369,119.8,0.2561,0.579,1.733,0,0,0,100,15.05,0.1978,404.2,200,1,0,0.2261,1,1,1,1,1,1,1,4,4,-1,[ OK ]
542.1,17-Jul-26 13:10:59,661.6,166.6,0.1367,120.2,0.2579,0.5795,1.727,0,0,0,100,15.05,0.199,404.2,200,1,0,0.2251,1,1,1,1,1,1,1,4,4,-1,[ OK ]
542.5,17-Jul-26 13:11:00,662,166.6,0.1369,119.8,0.2574,0.5791,1.732,0,0,0,100,15.05,0.1976,403.8,200,1,0,0.2226,1,1,1,1,1,1,1,4,4,-1,[ OK ]
542.9,17-Jul-26 13:11:00,662.4,166.6,0.1368,120,0.2544,0.579,1.733,0,0,0,100,15.05,0.198,404.2,200,1,0,0.2307,1,1,1,1,1,1,1,4,4,-1,[ OK ]
543.3,17-Jul-26 13:11:01,662.8,166.6,0.1368,120,0.256,0.5795,1.728,0,0,0,100,15.05,0.1997,403.8,200,1,0,0.2165,1,1,1,1,1,1,1,4,4,-1,[ OK ]
543.7,17-Jul-26 13:11:01,663.3,166.6,0.1369,119.7,0.2555,0.579,1.734,0,0,0,100,15.05,0.1986,404.2,200,1,0,0.2271,1,1,1,1,1,1,1,4,4,-1,[ OK ]
544.2,17-Jul-26 13:11:02,663.7,166.6,0.1368,120,0.2613,0.5795,1.727,0,0,0,100,15.05,0.1989,403.9,200,1,0,0.2222,1,1,1,1,1,1,1,4,4,-1,[ OK ]
544.6,17-Jul-26 13:11:02,664.1,166.6,0.1368,120,0.2587,0.5794,1.728,0,0,0,100,15.05,0.1983,404.2,200,1,0,0.2256,1,1,1,1,1,1,1,4,4,-1,[ OK ]
545.0,17-Jul-26 13:11:02,664.5,166.6,0.1368,120,0.2573,0.579,1.732,0,0,0,100,15.05,0.1987,404.1,200,1,0,0.2161,1,1,1,1,1,1,1,4,4,-1,[ OK ]
545.4,17-Jul-26 13:11:03,664.9,166.6,0.1369,119.7,0.2549,0.5794,1.728,0,0,0,100,15.05,0.1984,404.2,200,1,0,0.225,1,1,1,1,1,1,1,4,4,-1,[ OK ]
545.8,17-Jul-26 13:11:03,665.4,166.6,0.1367,120.1,0.255,0.5796,1.726,0,0,0,100,15.05,0.1996,403.7,200,1,0,0.2246,1,1,1,1,1,1,1,4,4,-1,[ OK ]
546.2,17-Jul-26 13:11:04,665.8,166.6,0.1368,120.1,0.2566,0.5795,1.727,0,0,0,100,15.05,0.1982,403.9,200,1,0,0.226,1,1,1,1,1,1,1,4,4,-1,[ OK ]
546.7,17-Jul-26 13:11:04,666.2,166.6,0.1368,120.2,0.2555,0.5796,1.727,0,0,0,100,15.05,0.2003,404.2,200,1,0,0.2205,1,1,1,1,1,1,1,4,4,-1,[ OK ]
547.1,17-Jul-26 13:11:05,666.6,166.6,0.1367,120.4,0.2571,0.5788,1.735,0,0,0,100,15.05,0.1986,403.9,200,1,0,0.228,1,1,1,1,1,1,1,4,4,-1,[ OK ]
547.5,17-Jul-26 13:11:05,667,166.6,0.1368,120,0.2563,0.5797,1.726,0,0,0,100,15.05,0.199,403.9,200,1,0,0.2221,1,1,1,1,1,1,1,4,4,-1,[ OK ]
547.9,17-Jul-26 13:11:05,667.5,166.6,0.1365,121,0.2528,0.5796,1.726,0,0,0,100,15.05,0.1997,404.2,200,1,0,0.2183,1,1,1,1,1,1,1,4,4,-1,[ OK ]
548.3,17-Jul-26 13:11:06,667.9,166.6,0.1369,119.9,0.2541,0.5796,1.727,0,0,0,100,15.05,0.1991,404,200,1,0,0.2394,1,1,1,1,1,1,1,4,4,-1,[ OK ]
548.8,17-Jul-26 13:11:06,668.3,166.6,0.1368,120.2,0.254,0.5797,1.726,0,0,0,100,15.05,0.1989,404.1,200,1,0,0.22,1,1,1,1,1,1,1,4,4,-1,[ OK ]
549.2,17-Jul-26 13:11:07,668.7,166.6,0.137,119.8,0.2567,0.5789,1.735,0,0,0,100,15.05,0.1992,403.8,200,1,0,0.2331,1,1,1,1,1,1,1,4,4,-1,[ OK ]
549.6,17-Jul-26 13:11:07,669.1,166.6,0.1368,120.4,0.2557,0.5789,1.736,0,0,0,100,15.05,0.199,404.1,200,1,0,0.2218,1,1,1,1,1,1,1,4,4,-1,[ OK ]
550.0,17-Jul-26 13:11:07,669.5,166.6,0.1369,120.1,0.2569,0.5797,1.726,0,0,0,100,15.05,0.1983,403.9,200,1,0,0.2262,1,1,1,1,1,1,1,4,4,-1,[ OK ]
550.4,17-Jul-26 13:11:08,670,166.6,0.1367,120.6,0.2565,0.5797,1.726,0,0,0,100,15.05,0.1987,404.2,200,1,0,0.2169,1,1,1,1,1,1,1,4,4,-1,[ OK ]
550.9,17-Jul-26 13:11:08,670.4,166.6,0.1368,120.4,0.253,0.5795,1.727,0,0,0,100,15.05,0.1996,404.2,200,1,0,0.2201,1,1,1,1,1,1,1,4,4,-1,[ OK ]
551.4,17-Jul-26 13:11:09,670.9,166.6,0.1371,119.7,0.2564,0.5797,1.725,0,0,0,100,15.05,0.1991,403.9,200,1,0,0.1948,1,1,1,1,1,1,1,4,4,-1,[ OK ]
551.8,17-Jul-26 13:11:09,671.3,166.6,0.137,119.9,0.2528,0.5795,1.727,0,0,0,100,15.05,0.199,403.8,200,1,0,0.2225,1,1,1,1,1,1,1,4,4,-1,[ OK ]
552.2,17-Jul-26 13:11:10,671.7,166.6,0.1367,120.7,0.2555,0.5797,1.725,0,0,0,100,15.05,0.1987,404.2,200,1,0,0.2265,1,1,1,1,1,1,1,4,4,-1,[ OK ]
552.6,17-Jul-26 13:11:10,672.2,166.6,0.137,119.8,0.2578,0.5798,1.724,0,0,0,100,15.05,0.2003,404.2,200,1,0,0.2089,1,1,1,1,1,1,1,4,4,-1,[ OK ]
553.0,17-Jul-26 13:11:10,672.6,166.6,0.1369,120.3,0.2565,0.5791,1.731,0,0,0,100,15.05,0.2002,404.3,200,1,0,0.2197,1,1,1,1,1,1,1,4,4,-1,[ OK ]
553.5,17-Jul-26 13:11:11,673,166.6,0.1368,120.4,0.2561,0.5797,1.725,0,0,0,100,15.05,0.1995,404.2,200,1,0,0.2143,1,1,1,1,1,1,1,4,4,-1,[ OK ]
553.9,17-Jul-26 13:11:11,673.4,166.6,0.1369,120,0.2543,0.5795,1.726,0,0,0,100,15.05,0.1986,404.1,200,1,0,0.2334,1,1,1,1,1,1,1,4,4,-1,[ OK ]
554.5,17-Jul-26 13:11:12,674,166.6,0.137,119.9,0.2526,0.5788,1.735,0,0,0,100,15.05,0.1991,404.2,200,1,0,0.2273,1,1,1,1,1,1,1,4,4,-1,[ OK ]
555.0,17-Jul-26 13:11:12,674.6,166.6,0.1368,120.4,0.2537,0.5796,1.726,0,0,0,100,15.05,0.2,404.2,200,1,0,0.2281,1,1,1,1,1,1,1,4,4,-1,[ OK ]
555.4,17-Jul-26 13:11:13,675,166.6,0.137,119.8,0.2504,0.5788,1.735,0,0,0,100,15.05,0.1995,404.1,200,1,0,0.2305,1,1,1,1,1,1,1,4,4,-1,[ OK ]
555.9,17-Jul-26 13:11:13,675.4,166.6,0.137,119.7,0.2582,0.5788,1.736,0,0,0,100,15.05,0.1998,404,200,1,0,0.2228,1,1,1,1,1,1,1,4,4,-1,[ OK ]
556.3,17-Jul-26 13:11:14,675.8,166.6,0.1368,120.3,0.2569,0.5788,1.736,0,0,0,100,15.05,0.2007,404.1,200,1,0,0.2216,1,1,1,1,1,1,1,4,4,-1,[ OK ]
556.7,17-Jul-26 13:11:14,676.2,166.6,0.1369,120,0.2564,0.5795,1.728,0,0,0,100,15.05,0.1989,404.1,200,1,0,0.2372,1,1,1,1,1,1,1,4,4,-1,[ OK ]
557.1,17-Jul-26 13:11:15,676.7,166.6,0.1369,119.9,0.2599,0.5797,1.727,0,0,0,100,15.05,0.1997,404,200,1,0,0.2262,1,1,1,1,1,1,1,4,4,-1,[ OK ]
557.5,17-Jul-26 13:11:15,677.1,166.6,0.1368,120,0.2569,0.5797,1.726,0,0,0,100,15.05,0.1994,404,200,1,0,0.226,1,1,1,1,1,1,1,4,4,-1,[ OK ]
557.9,17-Jul-26 13:11:15,677.5,166.6,0.1369,119.7,0.2566,0.5791,1.733,0,0,0,100,15.05,0.1995,403.9,200,1,0,0.2182,1,1,1,1,1,1,1,4,4,-1,[ OK ]
558.4,17-Jul-26 13:11:16,677.9,166.6,0.1369,119.7,0.2466,0.579,1.734,0,0,0,100,15.05,0.1995,403.9,200,1,0,0.226,1,1,1,1,1,1,1,4,4,-1,[ OK ]
558.8,17-Jul-26 13:11:16,678.3,166.6,0.1368,120.1,0.2564,0.5795,1.727,0,0,0,100,15.05,0.1995,404.1,200,1,0,0.2234,1,1,1,1,1,1,1,4,4,-1,[ OK ]
559.2,17-Jul-26 13:11:17,678.7,166.6,0.1371,119.2,0.2569,0.5794,1.728,0,0,0,100,15.05,0.1996,403.9,200,1,0,0.2201,1,1,1,1,1,1,1,4,4,-1,[ OK ]
559.6,17-Jul-26 13:11:17,679.2,166.6,0.1369,119.6,0.2556,0.5797,1.725,0,0,0,100,15.05,0.2006,404.2,200,1,0,0.219,1,1,1,1,1,1,1,4,4,-1,[ OK ]
560.0,17-Jul-26 13:11:17,679.6,166.6,0.1371,119.2,0.2584,0.5788,1.735,0,0,0,100,15.05,0.2004,404.2,200,1,0,0.2198,1,1,1,1,1,1,1,4,4,-1,[ OK ]
560.5,17-Jul-26 13:11:18,680,166.6,0.1368,120,0.2554,0.5789,1.733,0,0,0,100,15.05,0.1991,403.9,200,1,0,0.234,1,1,1,1,1,1,1,4,4,-1,[ OK ]
560.9,17-Jul-26 13:11:18,680.4,166.6,0.137,119.6,0.2569,0.5788,1.735,0,0,0,100,15.05,0.1994,403.9,200,1,0,0.2279,1,1,1,1,1,1,1,4,4,-1,[ OK ]
561.3,17-Jul-26 13:11:19,680.8,166.6,0.1369,119.8,0.257,0.5789,1.732,0,0,0,100,15.05,0.199,404,200,1,0,0.227,1,1,1,1,1,1,1,4,4,-1,[ OK ]
561.7,17-Jul-26 13:11:19,681.3,166.6,0.1368,120.1,0.2553,0.5798,1.722,0,0,0,100,15.05,0.1983,404,200,1,0,0.2304,1,1,1,1,1,1,1,4,4,-1,[ OK ]
562.1,17-Jul-26 13:11:20,681.7,166.6,0.1369,119.8,0.2554,0.5787,1.735,0,0,0,100,15.05,0.2001,404.1,200,1,0,0.2184,1,1,1,1,1,1,1,4,4,-1,[ OK ]
562.6,17-Jul-26 13:11:20,682.1,166.6,0.1367,120.2,0.2587,0.579,1.732,0,0,0,100,15.05,0.1993,403.9,200,1,0,0.2245,1,1,1,1,1,1,1,4,4,-1,[ OK ]
563.0,17-Jul-26 13:11:20,682.5,166.6,0.1367,120.2,0.2584,0.5788,1.735,0,0,0,100,15.05,0.1991,404.2,200,1,0,0.2056,1,1,1,1,1,1,1,4,4,-1,[ OK ]
563.4,17-Jul-26 13:11:21,682.9,166.6,0.1369,119.8,0.2569,0.5794,1.728,0,0,0,100,15.05,0.1997,403.9,200,1,0,0.2232,1,1,1,1,1,1,1,4,4,-1,[ OK ]
563.8,17-Jul-26 13:11:21,683.4,166.6,0.1372,119.2,0.2574,0.5796,1.725,0,0,0,100,15.05,0.1996,403.8,200,1,0,0.2288,1,1,1,1,1,1,1,4,4,-1,[ OK ]
564.2,17-Jul-26 13:11:22,683.8,166.6,0.1369,119.9,0.2571,0.5789,1.733,0,0,0,100,15.05,0.2002,404.2,200,1,0,0.2233,1,1,1,1,1,1,1,4,4,-1,[ OK ]
564.7,17-Jul-26 13:11:22,684.2,166.6,0.1367,120.4,0.2577,0.5794,1.728,0,0,0,100,15.05,0.1988,403.9,200,1,0,0.2311,1,1,1,1,1,1,1,4,4,-1,[ OK ]
565.1,17-Jul-26 13:11:22,684.6,166.6,0.1369,120,0.2561,0.579,1.732,0,0,0,100,15.05,0.1982,403.9,200,1,0,0.2289,1,1,1,1,1,1,1,4,4,-1,[ OK ]
565.5,17-Jul-26 13:11:23,685,166.6,0.137,119.9,0.2588,0.5796,1.726,0,0,0,100,15.05,0.1989,404.3,200,1,0,0.2305,1,1,1,1,1,1,1,4,4,-1,[ OK ]
565.9,17-Jul-26 13:11:23,685.5,166.6,0.1368,120.4,0.2561,0.5791,1.732,0,0,0,100,15.05,0.1986,403.8,200,1,0,0.2236,1,1,1,1,1,1,1,4,4,-1,[ OK ]
566.3,17-Jul-26 13:11:24,685.9,166.6,0.137,119.8,0.2647,0.5793,1.73,0,0,0,100,15.05,0.1995,403.9,200,1,0,0.2234,1,1,1,1,1,1,1,4,4,-1,[ OK ]
566.8,17-Jul-26 13:11:24,686.3,166.6,0.1371,119.5,0.2573,0.579,1.733,0,0,0,100,15.05,0.1993,404,200,1,0,0.2285,1,1,1,1,1,1,1,4,4,-1,[ OK ]
567.2,17-Jul-26 13:11:25,686.7,166.6,0.1369,120.2,0.2579,0.5792,1.731,0,0,0,100,15.05,0.1992,404.2,200,1,0,0.2348,1,1,1,1,1,1,1,4,4,-1,[ OK ]
567.6,17-Jul-26 13:11:25,687.1,166.6,0.1369,120.2,0.254,0.5794,1.729,0,0,0,100,15.05,0.1995,404.2,200,1,0,0.2386,1,1,1,1,1,1,1,4,4,-1,[ OK ]
568.0,17-Jul-26 13:11:25,687.5,166.6,0.1369,120.1,0.2568,0.5795,1.727,0,0,0,100,15.05,0.2004,404.2,200,1,0,0.2315,1,1,1,1,1,1,1,4,4,-1,[ OK ]
568.4,17-Jul-26 13:11:26,688,166.6,0.1369,120.2,0.2567,0.5791,1.731,0,0,0,100,15.05,0.1993,404,200,1,0,0.2288,1,1,1,1,1,1,1,4,4,-1,[ OK ]
568.8,17-Jul-26 13:11:26,688.3,166.6,0.137,119.9,0.2567,0.5793,1.729,0,0,0,100,15.05,0.1998,404.2,200,1,0,0.2231,1,1,1,1,1,1,1,4,4,-1,[ OK ]
569.3,17-Jul-26 13:11:27,688.8,166.6,0.1368,120.4,0.2584,0.5794,1.729,0,0,0,100,15.05,0.199,403.9,200,1,0,0.2266,1,1,1,1,1,1,1,4,4,-1,[ OK ]
569.9,17-Jul-26 13:11:27,689.4,166.6,0.1372,119.5,0.2524,0.5796,1.727,0,0,0,100,15.05,0.1987,404.1,200,1,0,0.2019,1,1,1,1,1,1,1,4,4,-1,[ OK ]
570.3,17-Jul-26 13:11:28,689.8,166.6,0.137,120,0.26,0.5789,1.735,0,0,0,100,15.05,0.1985,403.9,200,1,0,0.2231,1,1,1,1,1,1,1,4,4,-1,[ OK ]
570.7,17-Jul-26 13:11:28,690.3,166.6,0.1368,120.6,0.2613,0.5792,1.732,0,0,0,100,15.05,0.1999,404,200,1,0,0.231,1,1,1,1,1,1,1,4,4,-1,[ OK ]
571.1,17-Jul-26 13:11:29,690.7,166.6,0.1368,120.6,0.2572,0.579,1.734,0,0,0,100,15.05,0.1991,404.2,200,1,0,0.2218,1,1,1,1,1,1,1,4,4,-1,[ OK ]
571.6,17-Jul-26 13:11:29,691.1,166.6,0.1369,120.3,0.2571,0.5794,1.729,0,0,0,100,15.05,0.1991,404,200,1,0,0.23,1,1,1,1,1,1,1,4,4,-1,[ OK ]
572.0,17-Jul-26 13:11:29,691.5,166.6,0.137,120.1,0.2585,0.5794,1.73,0,0,0,100,15.05,0.1977,403.9,200,1,0,0.2258,1,1,1,1,1,1,1,4,4,-1,[ OK ]
572.4,17-Jul-26 13:11:30,691.9,166.6,0.1371,119.9,0.258,0.5795,1.728,0,0,0,100,15.05,0.2,404.2,200,1,0,0.2245,1,1,1,1,1,1,1,4,4,-1,[ OK ]
572.7,17-Jul-26 13:11:30,692.2,166.6,0.1371,119.8,0.2572,0.5791,1.733,0,0,0,100,15.05,0.1997,404.2,200,1,0,0.2229,1,1,1,1,1,1,1,4,4,-1,[ OK ]
573.1,17-Jul-26 13:11:31,692.7,166.6,0.1369,120.2,0.2568,0.5797,1.725,0,0,0,100,15.05,0.1993,403.9,200,1,0,0.2277,1,1,1,1,1,1,1,4,4,-1,[ OK ]
573.5,17-Jul-26 13:11:31,693.1,166.6,0.137,119.8,0.2601,0.5794,1.727,0,0,0,100,15.05,0.1983,404.2,200,1,0,0.228,1,1,1,1,1,1,1,4,4,-1,[ OK ]
574.0,17-Jul-26 13:11:31,693.5,166.6,0.1371,119.7,0.2549,0.579,1.732,0,0,0,100,15.05,0.1989,404.2,200,1,0,0.2302,1,1,1,1,1,1,1,4,4,-1,[ OK ]
574.4,17-Jul-26 13:11:32,693.9,166.6,0.1369,120.2,0.2582,0.5795,1.726,0,0,0,100,15.05,0.1992,404,200,1,0,0.224,1,1,1,1,1,1,1,4,4,-1,[ OK ]
574.8,17-Jul-26 13:11:32,694.3,166.6,0.137,119.8,0.2632,0.5796,1.725,0,0,0,100,15.05,0.1988,403.9,200,1,0,0.2309,1,1,1,1,1,1,1,4,4,-1,[ OK ]
575.2,17-Jul-26 13:11:33,694.8,166.6,0.1371,119.5,0.2601,0.5793,1.728,0,0,0,100,15.05,0.1994,404.1,200,1,0,0.2287,1,1,1,1,1,1,1,4,4,-1,[ OK ]
575.6,17-Jul-26 13:11:33,695.1,166.6,0.1369,120.1,0.2564,0.5794,1.729,0,0,0,100,15.05,0.1991,403.9,200,1,0,0.2277,1,1,1,1,1,1,1,4,4,-1,[ OK ]
576.0,17-Jul-26 13:11:33,695.5,166.6,0.137,119.9,0.2606,0.5792,1.73,0,0,0,100,15.05,0.1983,403.9,200,1,0,0.2327,1,1,1,1,1,1,1,4,4,-1,[ OK ]
576.4,17-Jul-26 13:11:34,695.9,166.6,0.1367,120.4,0.2576,0.5792,1.731,0,0,0,100,15.05,0.1996,404,200,1,0,0.2219,1,1,1,1,1,1,1,4,4,-1,[ OK ]
576.8,17-Jul-26 13:11:34,696.3,166.6,0.137,119.7,0.2568,0.5795,1.729,0,0,0,100,15.05,0.1996,404.2,200,1,0,0.2288,1,1,1,1,1,1,1,4,4,-1,[ OK ]
577.2,17-Jul-26 13:11:35,696.8,166.6,0.1369,120.3,0.2571,0.5787,1.737,0,0,0,100,15.05,0.1984,403.9,200,1,0,0.2175,1,1,1,1,1,1,1,4,4,-1,[ OK ]
577.7,17-Jul-26 13:11:35,697.2,166.6,0.1368,120.4,0.2552,0.5788,1.736,0,0,0,100,15.05,0.1997,404.1,200,1,0,0.2244,1,1,1,1,1,1,1,4,4,-1,[ OK ]
578.1,17-Jul-26 13:11:35,697.6,166.6,0.137,120.1,0.2585,0.5797,1.726,0,0,0,100,15.05,0.1992,404.1,200,1,0,0.2292,1,1,1,1,1,1,1,4,4,-1,[ OK ]
578.5,17-Jul-26 13:11:36,698,166.6,0.1371,119.6,0.2577,0.5796,1.727,0,0,0,100,15.05,0.1982,403.9,200,1,0,0.2331,1,1,1,1,1,1,1,4,4,-1,[ OK ]
578.9,17-Jul-26 13:11:36,698.4,166.6,0.1369,120.4,0.2536,0.5795,1.727,0,0,0,100,15.05,0.1991,404.1,200,1,0,0.2251,1,1,1,1,1,1,1,4,4,-1,[ OK ]
579.3,17-Jul-26 13:11:37,698.9,166.6,0.137,120,0.2561,0.5795,1.728,0,0,0,100,15.05,0.1995,404.2,200,1,0,0.224,1,1,1,1,1,1,1,4,4,-1,[ OK ]
579.7,17-Jul-26 13:11:37,699.3,166.6,0.137,120.1,0.254,0.5792,1.732,0,0,0,100,15.05,0.1989,404.1,200,1,0,0.2228,1,1,1,1,1,1,1,4,4,-1,[ OK ]
580.2,17-Jul-26 13:11:38,699.7,166.6,0.137,120.1,0.2587,0.5797,1.726,0,0,0,100,15.05,0.199,403.9,200,1,0,0.2208,1,1,1,1,1,1,1,4,4,-1,[ OK ]
580.6,17-Jul-26 13:11:38,700.1,166.6,0.137,120.1,0.2587,0.5787,1.737,0,0,0,100,15.05,0.199,404.2,200,1,0,0.23,1,1,1,1,1,1,1,4,4,-1,[ OK ]
581.0,17-Jul-26 13:11:38,700.5,166.6,0.1371,119.7,0.2558,0.5792,1.733,0,0,0,100,15.05,0.1985,403.9,200,1,0,0.2183,1,1,1,1,1,1,1,4,4,-1,[ OK ]
581.4,17-Jul-26 13:11:39,700.9,166.6,0.1371,119.8,0.2574,0.5796,1.727,0,0,0,100,15.05,0.1997,403.9,200,1,0,0.2124,1,1,1,1,1,1,1,4,4,-1,[ OK ]
581.8,17-Jul-26 13:11:39,701.4,166.6,0.1371,119.8,0.2552,0.5796,1.727,0,0,0,100,15.05,0.1987,403.9,200,1,0,0.222,1,1,1,1,1,1,1,4,4,-1,[ OK ]
582.2,17-Jul-26 13:11:40,701.8,166.6,0.1369,120.2,0.256,0.5789,1.735,0,0,0,100,15.05,0.1997,404.2,200,1,0,0.218,1,1,1,1,1,1,1,4,4,-1,[ OK ]
582.7,17-Jul-26 13:11:40,702.2,166.6,0.1368,120.5,0.254,0.579,1.735,0,0,0,100,15.05,0.1989,403.9,200,1,0,0.2256,1,1,1,1,1,1,1,4,4,-1,[ OK ]
583.1,17-Jul-26 13:11:41,702.6,166.6,0.1373,119.2,0.2563,0.5795,1.728,0,0,0,100,15.05,0.1996,404.1,200,1,0,0.2347,1,1,1,1,1,1,1,4,4,-1,[ OK ]
583.5,17-Jul-26 13:11:41,703,166.6,0.1371,120,0.2583,0.5795,1.728,0,0,0,100,15.05,0.2001,404.2,200,1,0,0.2222,1,1,1,1,1,1,1,4,4,-1,[ OK ]
583.9,17-Jul-26 13:11:41,703.5,166.6,0.1369,120.3,0.2564,0.5792,1.731,0,0,0,100,15.05,0.1986,404.1,200,1,0,0.2241,1,1,1,1,1,1,1,4,4,-1,[ OK ]
584.3,17-Jul-26 13:11:42,703.9,166.6,0.137,120.2,0.2582,0.5789,1.734,0,0,0,100,15.05,0.1993,404,200,1,0,0.2248,1,1,1,1,1,1,1,4,4,-1,[ OK ]
584.8,17-Jul-26 13:11:42,704.3,166.6,0.1371,119.7,0.26,0.5789,1.733,0,0,0,100,15.05,0.1992,403.9,200,1,0,0.2289,1,1,1,1,1,1,1,4,4,-1,[ OK ]
585.2,17-Jul-26 13:11:43,704.7,166.6,0.1369,120.6,0.2571,0.5794,1.728,0,0,0,100,15.05,0.1999,403.9,200,1,0,0.2239,1,1,1,1,1,1,1,4,4,-1,[ OK ]
585.6,17-Jul-26 13:11:43,705.1,166.6,0.1371,119.8,0.2536,0.579,1.732,0,0,0,100,15.05,0.1996,404,200,1,0,0.2254,1,1,1,1,1,1,1,4,4,-1,[ OK ]
586.0,17-Jul-26 13:11:43,705.5,166.6,0.137,120.1,0.2584,0.5798,1.723,0,0,0,100,15.05,0.1997,404.1,200,1,0,0.2227,1,1,1,1,1,1,1,4,4,-1,[ OK ]
586.4,17-Jul-26 13:11:44,706,166.6,0.1371,120,0.258,0.579,1.732,0,0,0,100,15.05,0.1989,404.2,200,1,0,0.2477,1,1,1,1,1,1,1,4,4,-1,[ OK ]
586.9,17-Jul-26 13:11:44,706.4,166.6,0.1372,119.8,0.2509,0.5789,1.732,0,0,0,100,15.05,0.1994,403.9,200,1,0,0.2306,1,1,1,1,1,1,1,4,4,-1,[ OK ]
587.3,17-Jul-26 13:11:45,706.8,166.6,0.1371,120,0.2572,0.5789,1.733,0,0,0,100,15.05,0.1987,403.9,200,1,0,0.2273,1,1,1,1,1,1,1,4,4,-1,[ OK ]
587.7,17-Jul-26 13:11:45,707.2,166.6,0.137,120.2,0.2579,0.5788,1.734,0,0,0,100,15.05,0.1992,404.2,200,1,0,0.2292,1,1,1,1,1,1,1,4,4,-1,[ OK ]
588.1,17-Jul-26 13:11:46,707.6,166.6,0.1371,119.7,0.2608,0.5795,1.725,0,0,0,100,15.05,0.1994,403.9,200,1,0,0.2303,1,1,1,1,1,1,1,4,4,-1,[ OK ]
588.5,17-Jul-26 13:11:46,708.1,166.6,0.1368,120.6,0.2605,0.579,1.732,0,0,0,100,15.05,0.1996,403.7,200,1,0,0.226,1,1,1,1,1,1,1,4,4,-1,[ OK ]
588.9,17-Jul-26 13:11:46,708.5,166.6,0.1371,119.7,0.2577,0.5794,1.728,0,0,0,100,15.05,0.1992,403.9,200,1,0,0.2289,1,1,1,1,1,1,1,4,4,-1,[ OK ]
589.4,17-Jul-26 13:11:47,708.9,166.6,0.1371,119.7,0.2569,0.5793,1.727,0,0,0,100,15.05,0.199,404.2,200,1,0,0.2275,1,1,1,1,1,1,1,4,4,-1,[ OK ]
589.8,17-Jul-26 13:11:47,709.3,166.6,0.137,119.9,0.2587,0.5795,1.726,0,0,0,100,15.05,0.1999,404.2,200,1,0,0.2263,1,1,1,1,1,1,1,4,4,-1,[ OK ]
590.2,17-Jul-26 13:11:48,709.7,166.6,0.1369,120.1,0.2607,0.5789,1.733,0,0,0,100,15.05,0.1996,403.9,200,1,0,0.2252,1,1,1,1,1,1,1,4,4,-1,[ OK ]
590.6,17-Jul-26 13:11:48,710.2,166.6,0.1368,120.4,0.2584,0.5791,1.73,0,0,0,100,15.05,0.1991,403.8,200,1,0,0.2327,1,1,1,1,1,1,1,4,4,-1,[ OK ]
591.0,17-Jul-26 13:11:48,710.6,166.6,0.137,119.9,0.2594,0.5786,1.736,0,0,0,100,15.05,0.1989,404.1,200,1,0,0.2155,1,1,1,1,1,1,1,4,4,-1,[ OK ]
591.5,17-Jul-26 13:11:49,711,166.6,0.137,120.1,0.2574,0.5795,1.727,0,0,0,100,15.05,0.1998,404.1,200,1,0,0.227,1,1,1,1,1,1,1,4,4,-1,[ OK ]
591.8,17-Jul-26 13:11:49,711.3,166.6,0.1372,119.6,0.2601,0.5797,1.725,0,0,0,100,15.05,0.1998,404.2,200,1,0,0.2246,1,1,1,1,1,1,1,4,4,-1,[ OK ]
592.2,17-Jul-26 13:11:50,711.7,166.6,0.1371,119.8,0.2591,0.5794,1.727,0,0,0,100,15.05,0.1989,404,200,1,0,0.2234,1,1,1,1,1,1,1,4,4,-1,[ OK ]
592.6,17-Jul-26 13:11:50,712.1,166.6,0.1372,119.5,0.2595,0.5797,1.724,0,0,0,100,15.05,0.199,403.9,200,1,0,0.2328,1,1,1,1,1,1,1,4,4,-1,[ OK ]
593.0,17-Jul-26 13:11:50,712.6,166.6,0.1372,119.5,0.2591,0.5788,1.735,0,0,0,100,15.05,0.2,403.9,200,1,0,0.2247,1,1,1,1,1,1,1,4,4,-1,[ OK ]
593.4,17-Jul-26 13:11:51,712.9,166.6,0.137,120.2,0.2584,0.5797,1.724,0,0,0,100,15.05,0.1995,404.2,200,1,0,0.2258,1,1,1,1,1,1,1,4,4,-1,[ OK ]
593.8,17-Jul-26 13:11:51,713.3,166.6,0.1368,120.4,0.2576,0.5798,1.724,0,0,0,100,15.05,0.1979,404.1,200,1,0,0.234,1,1,1,1,1,1,1,4,4,-1,[ OK ]
594.2,17-Jul-26 13:11:52,713.7,166.6,0.1371,119.9,0.2581,0.5788,1.735,0,0,0,100,15.05,0.1989,403.9,200,1,0,0.2272,1,1,1,1,1,1,1,4,4,-1,[ OK ]
594.6,17-Jul-26 13:11:52,714.1,166.6,0.137,120,0.2581,0.5794,1.728,0,0,0,100,15.05,0.1997,404.2,200,1,0,0.2206,1,1,1,1,1,1,1,4,4,-1,[ OK ]
595.0,17-Jul-26 13:11:52,714.6,166.6,0.137,120.1,0.2592,0.5789,1.733,0,0,0,100,15.05,0.1993,404.2,200,1,0,0.2261,1,1,1,1,1,1,1,4,4,-1,[ OK ]
595.5,17-Jul-26 13:11:53,715,166.6,0.1371,119.8,0.2565,0.5789,1.734,0,0,0,100,15.05,0.1986,404.2,200,1,0,0.2259,1,1,1,1,1,1,1,4,4,-1,[ OK ]
596.0,17-Jul-26 13:11:53,715.5,166.6,0.137,120.2,0.2608,0.5788,1.734,0,0,0,100,15.05,0.1986,404.2,200,1,0,0.2326,1,1,1,1,1,1,1,4,4,-1,[ OK ]
596.4,17-Jul-26 13:11:54,715.9,166.6,0.137,120.1,0.2595,0.5787,1.736,0,0,0,100,15.05,0.1983,404.1,200,1,0,0.2399,1,1,1,1,1,1,1,4,4,-1,[ OK ]
596.8,17-Jul-26 13:11:54,716.3,166.6,0.1368,120.5,0.2576,0.5797,1.725,0,0,0,100,15.05,0.1988,403.9,200,1,0,0.2319,1,1,1,1,1,1,1,4,4,-1,[ OK ]
597.2,17-Jul-26 13:11:55,716.8,166.6,0.1371,119.8,0.266,0.5791,1.732,0,0,0,100,15.05,0.198,403.9,200,1,0,0.2321,1,1,1,1,1,1,1,4,4,-1,[ OK ]
597.6,17-Jul-26 13:11:55,717.2,166.6,0.1371,119.9,0.2572,0.5789,1.735,0,0,0,100,15.05,0.1993,404.1,200,1,0,0.2005,1,1,1,1,1,1,1,4,4,-1,[ OK ]
598.1,17-Jul-26 13:11:55,717.6,166.6,0.137,120,0.2545,0.5788,1.735,0,0,0,100,15.05,0.199,404.1,200,1,0,0.236,1,1,1,1,1,1,1,4,4,-1,[ OK ]
598.5,17-Jul-26 13:11:56,718,166.6,0.1371,119.8,0.2596,0.5791,1.731,0,0,0,100,15.05,0.2006,404.2,200,1,0,0.2253,1,1,1,1,1,1,1,4,4,-1,[ OK ]
598.9,17-Jul-26 13:11:56,718.4,166.6,0.137,120,0.2589,0.5794,1.729,0,0,0,100,15.05,0.199,403.9,200,1,0,0.2319,1,1,1,1,1,1,1,4,4,-1,[ OK ]
599.3,17-Jul-26 13:11:57,718.8,166.6,0.1369,120.2,0.2614,0.5791,1.732,0,0,0,100,15.05,0.1989,404.2,200,1,0,0.2278,1,1,1,1,1,1,1,4,4,-1,[ OK ]
599.7,17-Jul-26 13:11:57,719.3,166.6,0.1372,119.5,0.2634,0.5796,1.726,0,0,0,100,15.05,0.2002,404,200,1,0,0.2193,1,1,1,1,1,1,1,4,4,-1,[ OK ]
600.2,17-Jul-26 13:11:58,719.7,166.6,0.1371,119.8,0.2577,0.5795,1.727,0,0,0,100,15.05,0.1992,403.8,200,1,0,0.2202,1,1,1,1,1,1,1,4,4,-1,[ OK ]
600.6,17-Jul-26 13:11:58,720.1,166.6,0.1369,120.2,0.2577,0.5789,1.735,0,0,0,100,15.05,0.1992,403.9,200,1,0,0.2315,1,1,1,1,1,1,1,4,4,-1,[ OK ]
601.0,17-Jul-26 13:11:58,720.5,166.6,0.137,119.9,0.258,0.5794,1.728,0,0,0,100,15.05,0.2005,403.9,200,1,0,0.2362,1,1,1,1,1,1,1,4,4,-1,[ OK ]
601.4,17-Jul-26 13:11:59,720.9,166.6,0.1368,120.4,0.2592,0.5797,1.724,0,0,0,100,15.05,0.2002,404.2,200,1,0,0.2242,1,1,1,1,1,1,1,4,4,-1,[ OK ]
601.8,17-Jul-26 13:11:59,721.4,166.6,0.1371,119.7,0.2579,0.5794,1.728,0,0,0,100,15.05,0.1995,403.8,200,1,0,0.2209,1,1,1,1,1,1,1,4,4,-1,[ OK ]
602.3,17-Jul-26 13:12:00,721.8,166.6,0.1369,120.2,0.2634,0.5794,1.728,0,0,0,100,15.05,0.1984,404.2,200,1,0,0.2282,1,1,1,1,1,1,1,4,4,-1,[ OK ]
602.7,17-Jul-26 13:12:00,722.2,166.6,0.137,120,0.2565,0.5797,1.725,0,0,0,100,15.05,0.2003,403.9,200,1,0,0.219,1,1,1,1,1,1,1,4,4,-1,[ OK ]
603.1,17-Jul-26 13:12:01,722.6,166.6,0.1372,119.6,0.256,0.5788,1.736,0,0,0,100,15.05,0.1995,404.2,200,1,0,0.2269,1,1,1,1,1,1,1,4,4,-1,[ OK ]
603.5,17-Jul-26 13:12:01,723,166.6,0.1371,119.8,0.2594,0.5793,1.729,0,0,0,100,15.05,0.1992,404,200,1,0,0.234,1,1,1,1,1,1,1,4,4,-1,[ OK ]
603.9,17-Jul-26 13:12:01,723.5,166.7,0.1372,119.7,0.2583,0.5793,1.729,0,0,0,100,15.05,0.1995,403.9,200,1,0,0.2272,1,1,1,1,1,1,1,4,4,-1,[ OK ]
604.3,17-Jul-26 13:12:02,723.9,166.7,0.137,120,0.2574,0.5797,1.724,0,0,0,100,15.05,0.1993,403.9,200,1,0,0.2317,1,1,1,1,1,1,1,4,4,-1,[ OK ]
604.8,17-Jul-26 13:12:02,724.3,166.7,0.1371,119.7,0.2605,0.579,1.733,0,0,0,100,15.05,0.199,404.1,200,1,0,0.2274,1,1,1,1,1,1,1,4,4,-1,[ OK ]
605.2,17-Jul-26 13:12:03,724.7,166.7,0.1369,120.1,0.2568,0.5795,1.726,0,0,0,100,15.05,0.1992,403.9,200,1,0,0.2269,1,1,1,1,1,1,1,4,4,-1,[ OK ]
605.6,17-Jul-26 13:12:03,725.1,166.7,0.1372,119.4,0.2618,0.579,1.732,0,0,0,100,15.05,0.1992,404.2,200,1,0,0.2318,1,1,1,1,1,1,1,4,4,-1,[ OK ]
606.0,17-Jul-26 13:12:03,725.5,166.7,0.1371,119.7,0.2583,0.5797,1.724,0,0,0,100,15.05,0.1992,404.2,200,1,0,0.226,1,1,1,1,1,1,1,4,4,-1,[ OK ]
606.4,17-Jul-26 13:12:04,726,166.7,0.1371,119.8,0.2604,0.5788,1.734,0,0,0,100,15.05,0.1997,404.1,200,1,0,0.2356,1,1,1,1,1,1,1,4,4,-1,[ OK ]
606.9,17-Jul-26 13:12:04,726.4,166.7,0.1368,120.4,0.2569,0.5793,1.729,0,0,0,100,15.05,0.1986,404.2,200,1,0,0.2274,1,1,1,1,1,1,1,4,4,-1,[ OK ]
607.3,17-Jul-26 13:12:05,726.8,166.7,0.1369,120.2,0.2565,0.5789,1.733,0,0,0,100,15.05,0.1982,404,200,1,0,0.2368,1,1,1,1,1,1,1,4,4,-1,[ OK ]
607.7,17-Jul-26 13:12:05,727.2,166.7,0.1369,120.2,0.2582,0.5795,1.727,0,0,0,100,15.05,0.1986,403.8,200,1,0,0.228,1,1,1,1,1,1,1,4,4,-1,[ OK ]
608.1,17-Jul-26 13:12:06,727.6,166.7,0.1369,120.1,0.26,0.5791,1.732,0,0,0,100,15.05,0.1982,404.2,200,1,0,0.2347,1,1,1,1,1,1,1,4,4,-1,[ OK ]
608.6,17-Jul-26 13:12:06,728.2,166.7,0.1369,120.1,0.2565,0.5788,1.735,0,0,0,100,15.05,0.1995,404,200,1,0,0.2213,1,1,1,1,1,1,1,4,4,-1,[ OK ]
609.0,17-Jul-26 13:12:06,728.6,166.7,0.1371,119.8,0.2595,0.5795,1.726,0,0,0,100,15.05,0.199,404.3,200,1,0,0.2283,1,1,1,1,1,1,1,4,4,-1,[ OK ]
609.5,17-Jul-26 13:12:07,729,166.7,0.137,119.9,0.2479,0.5793,1.729,0,0,0,100,15.05,0.1995,404.1,200,1,0,0.2305,1,1,1,1,1,1,1,4,4,-1,[ OK ]
609.9,17-Jul-26 13:12:07,729.4,166.7,0.1371,119.7,0.2592,0.5797,1.725,0,0,0,100,15.05,0.1993,403.8,200,1,0,0.2362,1,1,1,1,1,1,1,4,4,-1,[ OK ]
610.3,17-Jul-26 13:12:08,729.8,166.7,0.1371,119.7,0.2617,0.5796,1.727,0,0,0,100,15.05,0.1994,404.2,200,1,0,0.2344,1,1,1,1,1,1,1,4,4,-1,[ OK ]
610.7,17-Jul-26 13:12:08,730.3,166.7,0.1371,119.9,0.2605,0.5791,1.732,0,0,0,100,15.05,0.1987,404.1,200,1,0,0.2354,1,1,1,1,1,1,1,4,4,-1,[ OK ]
611.2,17-Jul-26 13:12:09,730.7,166.7,0.1368,120.5,0.2577,0.5795,1.726,0,0,0,100,15.05,0.2001,404.2,200,1,0,0.2255,1,1,1,1,1,1,1,4,4,-1,[ OK ]
611.7,17-Jul-26 13:12:09,731.2,166.7,0.1367,120.6,0.2559,0.5796,1.727,0,0,0,100,15.05,0.1996,403.9,200,1,0,0.2384,1,1,1,1,1,1,1,4,4,-1,[ OK ]
612.1,17-Jul-26 13:12:10,731.6,166.7,0.137,120,0.2582,0.5788,1.736,0,0,0,100,15.05,0.1998,403.9,200,1,0,0.2261,1,1,1,1,1,1,1,4,4,-1,[ OK ]
612.5,17-Jul-26 13:12:10,732,166.7,0.1372,119.5,0.2626,0.579,1.734,0,0,0,100,15.05,0.2,403.9,200,1,0,0.225,1,1,1,1,1,1,1,4,4,-1,[ OK ]
612.9,17-Jul-26 13:12:10,732.5,166.7,0.137,120.2,0.2601,0.5791,1.733,0,0,0,100,15.05,0.1984,404.1,200,1,0,0.2329,1,1,1,1,1,1,1,4,4,-1,[ OK ]
613.3,17-Jul-26 13:12:11,732.9,166.7,0.1368,120.6,0.2591,0.579,1.734,0,0,0,100,15.05,0.1995,404.1,200,1,0,0.2183,1,1,1,1,1,1,1,4,4,-1,[ OK ]
613.8,17-Jul-26 13:12:11,733.3,166.7,0.1371,119.8,0.2624,0.5793,1.73,0,0,0,100,15.05,0.1998,403.9,200,1,0,0.2335,1,1,1,1,1,1,1,4,4,-1,[ OK ]
614.2,17-Jul-26 13:12:12,733.7,166.7,0.1369,120.4,0.2562,0.5789,1.735,0,0,0,100,15.05,0.1986,403.9,200,1,0,0.2281,1,1,1,1,1,1,1,4,4,-1,[ OK ]
614.6,17-Jul-26 13:12:12,734.1,166.7,0.137,120.2,0.2618,0.5795,1.727,0,0,0,100,15.05,0.1989,403.8,200,1,0,0.2312,1,1,1,1,1,1,1,4,4,-1,[ OK ]
615.0,17-Jul-26 13:12:12,734.6,166.7,0.137,120.1,0.2568,0.5795,1.728,0,0,0,100,15.05,0.1993,403.9,200,1,0,0.2266,1,1,1,1,1,1,1,4,4,-1,[ OK ]
615.3,17-Jul-26 13:12:13,734.9,166.7,0.137,120.2,0.2585,0.5791,1.733,0,0,0,100,15.05,0.1981,404.2,200,1,0,0.2396,1,1,1,1,1,1,1,4,4,-1,[ OK ]
615.8,17-Jul-26 13:12:13,735.3,166.7,0.1371,120.1,0.2575,0.5796,1.727,0,0,0,100,15.05,0.1997,403.9,200,1,0,0.2276,1,1,1,1,1,1,1,4,4,-1,[ OK ]
616.2,17-Jul-26 13:12:14,735.7,166.7,0.1371,120.1,0.2601,0.5794,1.729,0,0,0,100,15.05,0.199,404.2,200,1,0,0.2173,1,1,1,1,1,1,1,4,4,-1,[ OK ]
616.6,17-Jul-26 13:12:14,736.1,166.7,0.1373,119.6,0.2618,0.5797,1.725,0,0,0,100,15.05,0.1977,404.1,200,1,0,0.2365,1,1,1,1,1,1,1,4,4,-1,[ OK ]
617.0,17-Jul-26 13:12:14,736.5,166.7,0.1371,120,0.2593,0.5796,1.726,0,0,0,100,15.05,0.1988,404.2,200,1,0,0.2357,1,1,1,1,1,1,1,4,4,-1,[ OK ]
617.4,17-Jul-26 13:12:15,737,166.7,0.137,120.3,0.262,0.5788,1.735,0,0,0,100,15.05,0.1989,403.9,200,1,0,0.2208,1,1,1,1,1,1,1,4,4,-1,[ OK ]
617.9,17-Jul-26 13:12:15,737.4,166.7,0.1371,120.1,0.2599,0.5797,1.726,0,0,0,100,15.05,0.1995,404.2,200,1,0,0.2302,1,1,1,1,1,1,1,4,4,-1,[ OK ]
618.3,17-Jul-26 13:12:16,737.8,166.7,0.1371,120.1,0.258,0.5795,1.728,0,0,0,100,15.05,0.2002,404.2,200,1,0,0.2388,1,1,1,1,1,1,1,4,4,-1,[ OK ]
618.7,17-Jul-26 13:12:16,738.2,166.7,0.1369,120.6,0.2582,0.5793,1.73,0,0,0,100,15.05,0.1995,404,200,1,0,0.234,1,1,1,1,1,1,1,4,4,-1,[ OK ]
619.1,17-Jul-26 13:12:17,738.6,166.7,0.1372,119.9,0.2597,0.5793,1.73,0,0,0,100,15.05,0.2003,404.1,200,1,0,0.2277,1,1,1,1,1,1,1,4,4,-1,[ OK ]
619.5,17-Jul-26 13:12:17,739.1,166.7,0.1371,120.1,0.2529,0.5796,1.725,0,0,0,100,15.05,0.2002,404.1,200,1,0,0.2317,1,1,1,1,1,1,1,4,4,-1,[ OK ]
619.9,17-Jul-26 13:12:17,739.5,166.7,0.1371,120.1,0.26,0.5797,1.724,0,0,0,100,15.05,0.1999,403.8,200,1,0,0.2361,1,1,1,1,1,1,1,4,4,-1,[ OK ]
620.4,17-Jul-26 13:12:18,739.9,166.7,0.137,120.2,0.2577,0.5787,1.737,0,0,0,100,15.05,0.1991,404.1,200,1,0,0.2396,1,1,1,1,1,1,1,4,4,-1,[ OK ]
620.8,17-Jul-26 13:12:18,740.3,166.7,0.1371,120.1,0.2604,0.5792,1.73,0,0,0,100,15.05,0.1992,403.8,200,1,0,0.2315,1,1,1,1,1,1,1,4,4,-1,[ OK ]
621.2,17-Jul-26 13:12:19,740.7,166.7,0.1371,119.9,0.2583,0.5795,1.726,0,0,0,100,15.05,0.1999,404.2,200,1,0,0.2255,1,1,1,1,1,1,1,4,4,-1,[ OK ]
621.6,17-Jul-26 13:12:19,741.2,166.7,0.1371,119.9,0.2602,0.5795,1.726,0,0,0,100,15.05,0.1993,404.2,200,1,0,0.2073,1,1,1,1,1,1,1,4,4,-1,[ OK ]
622.1,17-Jul-26 13:12:20,741.7,166.7,0.1371,120,0.2634,0.5789,1.733,0,0,0,100,15.05,0.1997,404.1,200,1,0,0.2332,1,1,1,1,1,1,1,4,4,-1,[ OK ]
622.7,17-Jul-26 13:12:20,742.2,166.7,0.137,120.2,0.2611,0.5787,1.736,0,0,0,100,15.05,0.1988,403.8,200,1,0,0.2287,1,1,1,1,1,1,1,4,4,-1,[ OK ]
623.1,17-Jul-26 13:12:21,742.6,166.7,0.1373,119.4,0.26,0.579,1.734,0,0,0,100,15.05,0.2001,404,200,1,0,0.2314,1,1,1,1,1,1,1,4,4,-1,[ OK ]
623.5,17-Jul-26 13:12:21,743,166.7,0.1375,119,0.2589,0.5795,1.727,0,0,0,100,15.05,0.1987,404.1,200,1,0,0.2396,1,1,1,1,1,1,1,4,4,-1,[ OK ]
623.9,17-Jul-26 13:12:21,743.4,166.7,0.1371,119.9,0.2611,0.5796,1.727,0,0,0,100,15.05,0.1994,404.2,200,1,0,0.2519,1,1,1,1,1,1,1,4,4,-1,[ OK ]
624.3,17-Jul-26 13:12:22,743.9,166.7,0.137,120.2,0.2548,0.5796,1.726,0,0,0,100,15.05,0.2001,404,200,1,0,0.2299,1,1,1,1,1,1,1,4,4,-1,[ OK ]
624.8,17-Jul-26 13:12:22,744.3,166.7,0.1369,120.5,0.2607,0.5797,1.725,0,0,0,100,15.05,0.2004,404.1,200,1,0,0.2345,1,1,1,1,1,1,1,4,4,-1,[ OK ]
625.2,17-Jul-26 13:12:23,744.7,166.7,0.1369,120.4,0.2576,0.5791,1.733,0,0,0,100,15.05,0.1992,404.2,200,1,0,0.2503,1,1,1,1,1,1,1,4,4,-1,[ OK ]
625.6,17-Jul-26 13:12:23,745.1,166.7,0.1371,120.1,0.2601,0.5798,1.725,0,0,0,100,15.05,0.1998,404.1,200,1,0,0.231,1,1,1,1,1,1,1,4,4,-1,[ OK ]
626.0,17-Jul-26 13:12:23,745.5,166.7,0.1369,120.5,0.2561,0.5796,1.727,0,0,0,100,15.05,0.1986,404.2,200,1,0,0.2295,1,1,1,1,1,1,1,4,4,-1,[ OK ]
626.4,17-Jul-26 13:12:24,746,166.7,0.1371,120.1,0.2626,0.5796,1.727,0,0,0,100,15.05,0.1999,404.2,200,1,0,0.2273,1,1,1,1,1,1,1,4,4,-1,[ OK ]
626.8,17-Jul-26 13:12:24,746.4,166.7,0.137,120.2,0.257,0.5795,1.726,0,0,0,100,15.05,0.1993,404,200,1,0,0.2301,1,1,1,1,1,1,1,4,4,-1,[ OK ]
627.3,17-Jul-26 13:12:25,746.8,166.7,0.1372,119.8,0.2603,0.5795,1.727,0,0,0,100,15.05,0.2004,403.9,200,1,0,0.2246,1,1,1,1,1,1,1,4,4,-1,[ OK ]
627.7,17-Jul-26 13:12:25,747.2,166.7,0.137,120.2,0.2595,0.5789,1.734,0,0,0,100,15.05,0.1993,404.1,200,1,0,0.2334,1,1,1,1,1,1,1,4,4,-1,[ OK ]
628.1,17-Jul-26 13:12:26,747.6,166.7,0.1371,120.1,0.2592,0.5797,1.724,0,0,0,100,15.05,0.2,403.9,200,1,0,0.2398,1,1,1,1,1,1,1,4,4,-1,[ OK ]
628.5,17-Jul-26 13:12:26,748.1,166.7,0.1369,120.6,0.2596,0.5795,1.726,0,0,0,100,15.05,0.1989,404,200,1,0,0.234,1,1,1,1,1,1,1,4,4,-1,[ OK ]
628.9,17-Jul-26 13:12:26,748.5,166.7,0.1369,120.4,0.2648,0.5795,1.726,0,0,0,100,15.05,0.1995,404,200,1,0,0.2522,1,1,1,1,1,1,1,4,4,-1,[ OK ]
629.4,17-Jul-26 13:12:27,748.9,166.7,0.1373,119.3,0.2576,0.5797,1.723,0,0,0,100,15.05,0.1999,404.2,200,1,0,0.2215,1,1,1,1,1,1,1,4,4,-1,[ OK ]
629.8,17-Jul-26 13:12:27,749.3,166.7,0.137,120.1,0.2584,0.5794,1.727,0,0,0,100,15.05,0.2003,404,200,1,0,0.2166,1,1,1,1,1,1,1,4,4,-1,[ OK ]
630.1,17-Jul-26 13:12:28,749.6,166.7,0.1372,119.7,0.26,0.5794,1.727,0,0,0,100,15.05,0.1989,403.9,200,1,0,0.2278,1,1,1,1,1,1,1,4,4,-1,[ OK ]
630.5,17-Jul-26 13:12:28,750,166.7,0.1371,119.9,0.2608,0.5789,1.734,0,0,0,100,15.05,0.1996,404.2,200,1,0,0.2324,1,1,1,1,1,1,1,4,4,-1,[ OK ]
630.9,17-Jul-26 13:12:28,750.5,166.7,0.137,120.1,0.2582,0.5786,1.737,0,0,0,100,15.05,0.1993,403.9,200,1,0,0.2322,1,1,1,1,1,1,1,4,4,-1,[ OK ]
631.3,17-Jul-26 13:12:29,750.9,166.7,0.1371,119.7,0.256,0.579,1.733,0,0,0,100,15.05,0.2001,404.2,200,1,0,0.2353,1,1,1,1,1,1,1,4,4,-1,[ OK ]
631.8,17-Jul-26 13:12:29,751.3,166.7,0.1371,119.8,0.2509,0.579,1.733,0,0,0,100,15.05,0.2006,404.2,200,1,0,0.2268,1,1,1,1,1,1,1,4,4,-1,[ OK ]
632.3,17-Jul-26 13:12:30,751.8,166.7,0.1371,119.8,0.2624,0.5795,1.725,0,0,0,100,15.05,0.1995,403.9,200,1,0,0.2346,1,1,1,1,1,1,1,4,4,-1,[ OK ]
632.7,17-Jul-26 13:12:30,752.2,166.7,0.1371,120,0.261,0.5787,1.735,0,0,0,100,15.05,0.2005,404,200,1,0,0.2219,1,1,1,1,1,1,1,4,4,-1,[ OK ]
633.2,17-Jul-26 13:12:31,752.8,166.7,0.1371,120,0.26,0.5793,1.728,0,0,0,100,15.05,0.2002,404,200,1,0,0.2296,1,1,1,1,1,1,1,4,4,-1,[ OK ]
633.8,17-Jul-26 13:12:31,753.3,166.7,0.1372,119.6,0.2602,0.5795,1.725,0,0,0,100,15.05,0.1993,404.2,200,1,0,0.2369,1,1,1,1,1,1,1,4,4,-1,[ OK ]
634.2,17-Jul-26 13:12:32,753.7,166.7,0.1372,119.5,0.2602,0.5794,1.727,0,0,0,100,15.05,0.1999,404.2,200,1,0,0.2348,1,1,1,1,1,1,1,4,4,-1,[ OK ]
634.6,17-Jul-26 13:12:32,754.1,166.7,0.137,120,0.2636,0.5788,1.733,0,0,0,100,15.05,0.1998,404.1,200,1,0,0.2271,1,1,1,1,1,1,1,4,4,-1,[ OK ]
635.0,17-Jul-26 13:12:32,754.5,166.7,0.1369,120.3,0.2606,0.5795,1.725,0,0,0,100,15.05,0.1989,404,200,1,0,0.2475,1,1,1,1,1,1,1,4,4,-1,[ OK ]
635.4,17-Jul-26 13:12:33,755,166.7,0.1371,119.9,0.2609,0.5793,1.727,0,0,0,100,15.05,0.1999,403.8,200,1,0,0.2298,1,1,1,1,1,1,1,4,4,-1,[ OK ]
635.8,17-Jul-26 13:12:33,755.4,166.7,0.1369,120.4,0.2626,0.5791,1.73,0,0,0,100,15.05,0.1999,404.2,200,1,0,0.2331,1,1,1,1,1,1,1,4,4,-1,[ OK ]
636.2,17-Jul-26 13:12:34,755.8,166.7,0.1374,119,0.264,0.5793,1.728,0,0,0,100,15.05,0.1993,404.2,200,1,0,0.242,1,1,1,1,1,1,1,4,4,-1,[ OK ]
636.7,17-Jul-26 13:12:34,756.2,166.7,0.1371,119.9,0.2636,0.5795,1.726,0,0,0,100,15.05,0.1996,404.2,200,1,0,0.2544,1,1,1,1,1,1,1,4,4,-1,[ OK ]
637.1,17-Jul-26 13:12:35,756.6,166.7,0.1373,119.4,0.2663,0.5788,1.734,0,0,0,100,15.05,0.199,403.8,200,1,0,0.239,1,1,1,1,1,1,1,4,4,-1,[ OK ]
637.6,17-Jul-26 13:12:35,757.1,166.7,0.137,120.1,0.2618,0.5794,1.727,0,0,0,100,15.05,0.1986,404.2,200,1,0,0.2391,1,1,1,1,1,1,1,4,4,-1,[ OK ]
638.1,17-Jul-26 13:12:36,757.7,166.7,0.1371,119.8,0.2631,0.5789,1.734,0,0,0,100,15.05,0.1997,403.9,200,1,0,0.2341,1,1,1,1,1,1,1,4,4,-1,[ OK ]
638.6,17-Jul-26 13:12:36,758.1,166.7,0.1371,119.7,0.26,0.5789,1.734,0,0,0,100,15.05,0.1998,403.8,200,1,0,0.233,1,1,1,1,1,1,1,4,4,-1,[ OK ]
639.0,17-Jul-26 13:12:36,758.5,166.7,0.1372,119.5,0.2626,0.5788,1.735,0,0,0,100,15.05,0.1999,404,200,1,0,0.2535,1,1,1,1,1,1,1,4,4,-1,[ OK ]
639.4,17-Jul-26 13:12:37,758.9,166.7,0.1371,119.9,0.2573,0.579,1.733,0,0,0,100,15.05,0.2,403.9,200,1,0,0.2313,1,1,1,1,1,1,1,4,4,-1,[ OK ]
639.8,17-Jul-26 13:12:37,759.3,166.7,0.1374,119.1,0.2624,0.5792,1.73,0,0,0,100,15.05,0.1997,403.8,200,1,0,0.225,1,1,1,1,1,1,1,4,4,-1,[ OK ]
640.2,17-Jul-26 13:12:38,759.8,166.7,0.137,120.2,0.2654,0.5787,1.736,0,0,0,100,15.05,0.2,403.9,200,1,0,0.237,1,1,1,1,1,1,1,4,4,-1,[ OK ]
640.6,17-Jul-26 13:12:38,760.2,166.7,0.1371,119.9,0.2599,0.5795,1.728,0,0,0,100,15.05,0.1995,404.1,200,1,0,0.2398,1,1,1,1,1,1,1,4,4,-1,[ OK ]
641.1,17-Jul-26 13:12:38,760.6,166.7,0.1371,119.9,0.2618,0.5796,1.726,0,0,0,100,15.05,0.2004,404.2,200,1,0,0.2321,1,1,1,1,1,1,1,4,4,-1,[ OK ]
641.5,17-Jul-26 13:12:39,761,166.7,0.137,120.3,0.2654,0.5789,1.734,0,0,0,100,15.05,0.2001,403.9,200,1,0,0.2326,1,1,1,1,1,1,1,4,4,-1,[ OK ]
641.9,17-Jul-26 13:12:39,761.4,166.7,0.1371,119.9,0.2626,0.5789,1.734,0,0,0,100,15.05,0.2004,404.2,200,1,0,0.2331,1,1,1,1,1,1,1,4,4,-1,[ OK ]
642.3,17-Jul-26 13:12:40,761.9,166.7,0.1373,119.5,0.2609,0.5792,1.73,0,0,0,100,15.05,0.1997,404.1,200,1,0,0.2369,1,1,1,1,1,1,1,4,4,-1,[ OK ]
642.7,17-Jul-26 13:12:40,762.3,166.7,0.1369,120.6,0.2624,0.5789,1.734,0,0,0,100,15.05,0.1998,404.3,200,1,0,0.2371,1,1,1,1,1,1,1,4,4,-1,[ OK ]
643.2,17-Jul-26 13:12:41,762.7,166.7,0.1371,120.1,0.2632,0.5795,1.726,0,0,0,100,15.05,0.1997,404.2,200,1,0,0.2527,1,1,1,1,1,1,1,4,4,-1,[ OK ]
643.6,17-Jul-26 13:12:41,763.1,166.7,0.1371,120.1,0.264,0.5788,1.735,0,0,0,100,15.05,0.1995,404.2,200,1,0,0.2441,1,1,1,1,1,1,1,4,4,-1,[ OK ]
644.0,17-Jul-26 13:12:41,763.5,166.7,0.1373,119.6,0.2645,0.579,1.731,0,0,0,100,15.05,0.2007,404,200,1,0,0.2401,1,1,1,1,1,1,1,4,4,-1,[ OK ]
644.4,17-Jul-26 13:12:42,763.9,166.7,0.137,120.3,0.2632,0.5789,1.732,0,0,0,100,15.05,0.2014,403.8,200,1,0,0.2301,1,1,1,1,1,1,1,4,4,-1,[ OK ]
644.8,17-Jul-26 13:12:42,764.4,166.7,0.1373,119.7,0.2642,0.5794,1.727,0,0,0,100,15.05,0.2002,403.9,200,1,0,0.2417,1,1,1,1,1,1,1,4,4,-1,[ OK ]
645.2,17-Jul-26 13:12:43,764.8,166.7,0.137,120.4,0.264,0.5788,1.733,0,0,0,100,15.05,0.1999,404.2,200,1,0,0.2424,1,1,1,1,1,1,1,4,4,-1,[ OK ]
645.7,17-Jul-26 13:12:43,765.2,166.7,0.1374,119.5,0.2641,0.5793,1.727,0,0,0,100,15.05,0.2001,404.2,200,1,0,0.2436,1,1,1,1,1,1,1,4,4,-1,[ OK ]
646.2,17-Jul-26 13:12:44,765.7,166.7,0.1371,120.1,0.2637,0.5787,1.734,0,0,0,100,15.05,0.2002,403.8,200,1,0,0.2374,1,1,1,1,1,1,1,4,4,-1,[ OK ]
646.6,17-Jul-26 13:12:44,766.1,166.7,0.1371,120.3,0.2646,0.5788,1.734,0,0,0,100,15.05,0.2006,404.2,200,1,0,0.2461,1,1,1,1,1,1,1,4,4,-1,[ OK ]
647.0,17-Jul-26 13:12:44,766.6,166.7,0.1374,119.6,0.2671,0.5791,1.73,0,0,0,100,15.05,0.201,404.1,200,1,0,0.2481,1,1,1,1,1,1,1,4,4,-1,[ OK ]
647.5,17-Jul-26 13:12:45,767,166.7,0.1373,119.8,0.2622,0.5788,1.735,0,0,0,100,15.05,0.2008,403.8,200,1,0,0.2453,1,1,1,1,1,1,1,4,4,-1,[ OK ]
647.9,17-Jul-26 13:12:45,767.4,166.7,0.1372,120,0.2649,0.5794,1.727,0,0,0,100,15.05,0.2006,404,200,1,0,0.2409,1,1,1,1,1,1,1,4,4,-1,[ OK ]
648.4,17-Jul-26 13:12:46,767.9,166.7,0.1372,119.9,0.2655,0.5794,1.727,0,0,0,100,15.05,0.1998,403.9,200,1,0,0.245,1,1,1,1,1,1,1,4,4,-1,[ OK ]
648.8,17-Jul-26 13:12:46,768.3,166.7,0.1373,119.7,0.265,0.579,1.732,0,0,0,100,15.05,0.2013,404,200,1,0,0.2399,1,1,1,1,1,1,1,4,4,-1,[ OK ]
649.2,17-Jul-26 13:12:47,768.8,166.7,0.1371,120.3,0.2644,0.5795,1.725,0,0,0,100,15.05,0.1999,404.1,200,1,0,0.2446,1,1,1,1,1,1,1,4,4,-1,[ OK ]
649.7,17-Jul-26 13:12:47,769.2,166.7,0.1371,120.2,0.2652,0.5793,1.728,0,0,0,100,15.05,0.201,404,200,1,0,0.2232,1,1,1,1,1,1,1,4,4,-1,[ OK ]
650.1,17-Jul-26 13:12:47,769.6,166.7,0.1377,118.8,0.2678,0.5792,1.73,0,0,0,100,15.05,0.1998,404.2,200,1,0,0.255,1,1,1,1,1,1,1,4,4,-1,[ OK ]
650.5,17-Jul-26 13:12:48,770,166.7,0.1378,118.7,0.2685,0.5794,1.727,0,0,0,100,15.05,0.2009,403.8,200,1,0,0.2413,1,1,1,1,1,1,1,4,4,-1,[ OK ]
651.0,17-Jul-26 13:12:48,770.5,166.7,0.1371,120.5,0.2642,0.5793,1.729,0,0,0,100,15.05,0.2001,403.9,200,1,0,0.2489,1,1,1,1,1,1,1,4,4,-1,[ OK ]
651.4,17-Jul-26 13:12:49,771,166.7,0.1371,120.4,0.2656,0.5788,1.736,0,0,0,100,15.05,0.1998,404.1,200,1,0,0.2205,1,1,1,1,1,1,1,4,4,-1,[ OK ]
651.9,17-Jul-26 13:12:49,771.5,166.7,0.1373,119.8,0.2665,0.579,1.734,0,0,0,100,15.05,0.201,404,200,1,0,0.2396,1,1,1,1,1,1,1,4,4,-1,[ OK ]
652.5,17-Jul-26 13:12:50,772,166.7,0.1373,119.8,0.2668,0.5792,1.731,0,0,0,100,15.05,0.1999,403.9,200,1,0,0.2633,1,1,1,1,1,1,1,4,4,-1,[ OK ]
652.9,17-Jul-26 13:12:50,772.4,166.7,0.1373,120,0.2636,0.5793,1.73,0,0,0,100,15.05,0.2003,404.2,200,1,0,0.2512,1,1,1,1,1,1,1,4,4,-1,[ OK ]
653.3,17-Jul-26 13:12:51,772.8,166.7,0.1373,119.9,0.2673,0.5789,1.734,0,0,0,100,15.05,0.2,403.9,200,1,0,0.253,1,1,1,1,1,1,1,4,4,-1,[ OK ]
653.8,17-Jul-26 13:12:51,773.3,166.7,0.1374,119.7,0.2672,0.5789,1.734,0,0,0,100,15.05,0.2008,403.9,200,1,0,0.2497,1,1,1,1,1,1,1,4,4,-1,[ OK ]
654.3,17-Jul-26 13:12:52,773.9,166.7,0.1373,120,0.2672,0.5797,1.724,0,0,0,100,15.05,0.2008,403.9,200,1,0,0.2461,1,1,1,1,1,1,1,4,4,-1,[ OK ]
654.8,17-Jul-26 13:12:52,774.3,166.7,0.1374,119.6,0.2667,0.5794,1.727,0,0,0,100,15.05,0.1988,403.9,200,1,0,0.2447,1,1,1,1,1,1,1,4,4,-1,[ OK ]
655.2,17-Jul-26 13:12:53,774.7,166.7,0.1372,120.2,0.2663,0.5789,1.733,0,0,0,100,15.05,0.1997,404.1,200,1,0,0.2482,1,1,1,1,1,1,1,4,4,-1,[ OK ]
655.6,17-Jul-26 13:12:53,775.1,166.7,0.1372,120.2,0.2663,0.5795,1.727,0,0,0,100,15.05,0.2006,403.9,200,1,0,0.24,1,1,1,1,1,1,1,4,4,-1,[ OK ]
656.0,17-Jul-26 13:12:53,775.5,166.7,0.1374,119.5,0.2685,0.5788,1.734,0,0,0,100,15.05,0.2008,404,200,1,0,0.2484,1,1,1,1,1,1,1,4,4,-1,[ OK ]
656.4,17-Jul-26 13:12:54,776,166.7,0.1372,120.1,0.266,0.5787,1.735,0,0,0,100,15.05,0.1996,404.2,200,1,0,0.2488,1,1,1,1,1,1,1,4,4,-1,[ OK ]
656.9,17-Jul-26 13:12:54,776.4,166.7,0.137,120.5,0.2662,0.5796,1.725,0,0,0,100,15.05,0.1995,403.9,200,1,0,0.2514,1,1,1,1,1,1,1,4,4,-1,[ OK ]
657.3,17-Jul-26 13:12:55,776.8,166.7,0.1372,120.2,0.2657,0.5788,1.734,0,0,0,100,15.05,0.2005,404.2,200,1,0,0.2448,1,1,1,1,1,1,1,4,4,-1,[ OK ]
657.7,17-Jul-26 13:12:55,777.2,166.7,0.1375,119.4,0.266,0.5788,1.734,0,0,0,100,15.05,0.2007,404.2,200,1,0,0.2463,1,1,1,1,1,1,1,4,4,-1,[ OK ]
658.1,17-Jul-26 13:12:56,777.6,166.7,0.1371,120.6,0.2679,0.5788,1.733,0,0,0,100,15.05,0.2008,404,200,1,0,0.2449,1,1,1,1,1,1,1,4,4,-1,[ OK ]
658.5,17-Jul-26 13:12:56,778.1,166.7,0.1374,119.8,0.2669,0.5789,1.733,0,0,0,100,15.05,0.1997,403.9,200,1,0,0.2504,1,1,1,1,1,1,1,4,4,-1,[ OK ]
659.0,17-Jul-26 13:12:56,778.5,166.7,0.1376,119.3,0.2668,0.5794,1.727,0,0,0,100,15.05,0.2011,404.3,200,1,0,0.2495,1,1,1,1,1,1,1,4,4,-1,[ OK ]
659.4,17-Jul-26 13:12:57,778.9,166.7,0.1373,120,0.2673,0.579,1.731,0,0,0,100,15.05,0.1997,403.9,200,1,0,0.2592,1,1,1,1,1,1,1,4,4,-1,[ OK ]
659.8,17-Jul-26 13:12:57,779.3,166.7,0.1375,119.5,0.2667,0.579,1.732,0,0,0,100,15.05,0.2005,403.9,200,1,0,0.2536,1,1,1,1,1,1,1,4,4,-1,[ OK ]
660.2,17-Jul-26 13:12:58,779.7,166.7,0.1375,119.6,0.2684,0.5795,1.726,0,0,0,100,15.05,0.2004,403.7,200,1,0,0.2395,1,1,1,1,1,1,1,4,4,-1,[ OK ]
660.6,17-Jul-26 13:12:58,780.2,166.7,0.1372,120.2,0.2685,0.5795,1.726,0,0,0,100,15.05,0.201,404.1,200,1,0,0.2452,1,1,1,1,1,1,1,4,4,-1,[ OK ]
661.1,17-Jul-26 13:12:58,780.6,166.7,0.1373,120.1,0.2669,0.5794,1.727,0,0,0,100,15.05,0.2004,403.9,200,1,0,0.2343,1,1,1,1,1,1,1,4,4,-1,[ OK ]
661.5,17-Jul-26 13:12:59,781,166.7,0.1374,119.6,0.2687,0.5791,1.732,0,0,0,100,15.05,0.2007,404,200,1,0,0.2494,1,1,1,1,1,1,1,4,4,-1,[ OK ]
661.9,17-Jul-26 13:12:59,781.4,166.7,0.1373,120.1,0.2663,0.5795,1.727,0,0,0,100,15.05,0.2008,404,200,1,0,0.2393,1,1,1,1,1,1,1,4,4,-1,[ OK ]
662.3,17-Jul-26 13:13:00,781.8,166.7,0.1374,119.9,0.268,0.5789,1.734,0,0,0,100,15.05,0.2021,404,200,1,0,0.2363,1,1,1,1,1,1,1,4,4,-1,[ OK ]
662.7,17-Jul-26 13:13:00,782.3,166.7,0.1373,120.3,0.2664,0.5793,1.73,0,0,0,100,15.05,0.2,404.2,200,1,0,0.2526,1,1,1,1,1,1,1,4,4,-1,[ OK ]
663.1,17-Jul-26 13:13:01,782.7,166.7,0.1375,119.8,0.2672,0.5791,1.732,0,0,0,100,15.05,0.1999,403.9,200,1,0,0.2549,1,1,1,1,1,1,1,4,4,-1,[ OK ]
663.6,17-Jul-26 13:13:01,783.1,166.7,0.1375,119.7,0.2716,0.5789,1.734,0,0,0,100,15.05,0.2009,404.2,200,1,0,0.2514,1,1,1,1,1,1,1,4,4,-1,[ OK ]
664.0,17-Jul-26 13:13:01,783.5,166.7,0.1373,120.1,0.2667,0.5787,1.736,0,0,0,100,15.05,0.2,404.2,200,1,0,0.2488,1,1,1,1,1,1,1,4,4,-1,[ OK ]
664.4,17-Jul-26 13:13:02,783.9,166.7,0.1375,119.7,0.2644,0.5795,1.727,0,0,0,100,15.05,0.2007,404.1,200,1,0,0.2535,1,1,1,1,1,1,1,4,4,-1,[ OK ]
664.8,17-Jul-26 13:13:02,784.3,166.7,0.1374,120,0.2652,0.5794,1.729,0,0,0,100,15.05,0.2005,404.1,200,1,0,0.244,1,1,1,1,1,1,1,4,4,-1,[ OK ]
665.2,17-Jul-26 13:13:03,784.8,166.7,0.1372,120.6,0.2675,0.5796,1.727,0,0,0,100,15.05,0.201,404,200,1,0,0.2516,1,1,1,1,1,1,1,4,4,-1,[ OK ]
665.7,17-Jul-26 13:13:03,785.2,166.7,0.1375,119.9,0.2697,0.5798,1.725,0,0,0,100,15.05,0.1993,403.9,200,1,0,0.2595,1,1,1,1,1,1,1,4,4,-1,[ OK ]
666.1,17-Jul-26 13:13:03,785.6,166.7,0.1374,120.1,0.2677,0.579,1.734,0,0,0,100,15.05,0.2013,403.8,200,1,0,0.2478,1,1,1,1,1,1,1,4,4,-1,[ OK ]
666.5,17-Jul-26 13:13:04,786,166.7,0.1374,119.9,0.2686,0.579,1.735,0,0,0,100,15.05,0.2006,403.9,200,1,0,0.2461,1,1,1,1,1,1,1,4,4,-1,[ OK ]
666.9,17-Jul-26 13:13:04,786.4,166.7,0.1374,120,0.2684,0.5792,1.733,0,0,0,100,15.05,0.2005,404.1,200,1,0,0.2448,1,1,1,1,1,1,1,4,4,-1,[ OK ]
667.3,17-Jul-26 13:13:05,786.9,166.7,0.1373,120.2,0.2683,0.5796,1.728,0,0,0,100,15.05,0.2004,403.8,200,1,0,0.2498,1,1,1,1,1,1,1,4,4,-1,[ OK ]
667.7,17-Jul-26 13:13:05,787.3,166.7,0.1373,120.2,0.2664,0.579,1.735,0,0,0,100,15.05,0.2017,404.1,200,1,0,0.2505,1,1,1,1,1,1,1,4,4,-1,[ OK ]
668.2,17-Jul-26 13:13:06,787.7,166.7,0.1375,119.8,0.267,0.5795,1.728,0,0,0,100,15.05,0.2001,404.2,200,1,0,0.2539,1,1,1,1,1,1,1,4,4,-1,[ OK ]
668.6,17-Jul-26 13:13:06,788.1,166.7,0.1374,120,0.2697,0.5797,1.726,0,0,0,100,15.05,0.2006,404.2,200,1,0,0.2524,1,1,1,1,1,1,1,4,4,-1,[ OK ]
668.9,17-Jul-26 13:13:06,788.4,166.7,0.1375,119.8,0.2636,0.5788,1.737,0,0,0,100,15.05,0.1998,404.2,200,1,0,0.2495,1,1,1,1,1,1,1,4,4,-1,[ OK ]
669.3,17-Jul-26 13:13:07,788.8,166.7,0.1376,119.4,0.2664,0.5792,1.732,0,0,0,100,15.05,0.2,404.2,200,1,0,0.2467,1,1,1,1,1,1,1,4,4,-1,[ OK ]
669.7,17-Jul-26 13:13:07,789.3,166.7,0.1376,119.4,0.2699,0.5791,1.734,0,0,0,100,15.05,0.201,403.9,200,1,0,0.2447,1,1,1,1,1,1,1,4,4,-1,[ OK ]
670.1,17-Jul-26 13:13:08,789.7,166.7,0.1374,120,0.2671,0.5796,1.727,0,0,0,100,15.05,0.201,404.2,200,1,0,0.2398,1,1,1,1,1,1,1,4,4,-1,[ OK ]
670.6,17-Jul-26 13:13:08,790.1,166.7,0.1372,120.4,0.2663,0.5791,1.733,0,0,0,100,15.05,0.1992,403.9,200,1,0,0.2475,1,1,1,1,1,1,1,4,4,-1,[ OK ]
671.1,17-Jul-26 13:13:09,790.6,166.7,0.1372,120.3,0.2696,0.579,1.734,0,0,0,100,15.05,0.1995,403.9,200,1,0,0.2335,1,1,1,1,1,1,1,4,4,-1,[ OK ]
671.5,17-Jul-26 13:13:09,791,166.7,0.1374,119.8,0.2661,0.5793,1.731,0,0,0,100,15.05,0.2007,404,200,1,0,0.2449,1,1,1,1,1,1,1,4,4,-1,[ OK ]
671.9,17-Jul-26 13:13:09,791.5,166.7,0.1371,120.6,0.2655,0.5795,1.729,0,0,0,100,15.05,0.2005,403.9,200,1,0,0.2449,1,1,1,1,1,1,1,4,4,-1,[ OK ]
672.4,17-Jul-26 13:13:10,791.9,166.7,0.1373,119.8,0.2662,0.579,1.735,0,0,0,100,15.05,0.201,404.2,200,1,0,0.2514,1,1,1,1,1,1,1,4,4,-1,[ OK ]
672.8,17-Jul-26 13:13:10,792.3,166.7,0.1373,119.9,0.2648,0.5799,1.724,0,0,0,100,15.05,0.2,404.2,200,1,0,0.2405,1,1,1,1,1,1,1,4,4,-1,[ OK ]
673.2,17-Jul-26 13:13:11,792.7,166.7,0.1372,120.1,0.2648,0.5789,1.736,0,0,0,100,15.05,0.2004,404.1,200,1,0,0.2424,1,1,1,1,1,1,1,4,4,-1,[ OK ]
673.6,17-Jul-26 13:13:11,793.1,166.7,0.1377,118.9,0.2624,0.579,1.736,0,0,0,100,15.05,0.1999,404.2,200,1,0,0.2516,1,1,1,1,1,1,1,4,4,-1,[ OK ]
674.0,17-Jul-26 13:13:11,793.6,166.7,0.1372,120.2,0.2642,0.5795,1.729,0,0,0,100,15.05,0.2005,404.2,200,1,0,0.2428,1,1,1,1,1,1,1,4,4,-1,[ OK ]
674.4,17-Jul-26 13:13:12,794,166.7,0.137,120.6,0.2644,0.5793,1.732,0,0,0,100,15.05,0.2007,403.9,200,1,0,0.2433,1,1,1,1,1,1,1,4,4,-1,[ OK ]
674.9,17-Jul-26 13:13:12,794.4,166.7,0.1374,119.8,0.2641,0.5798,1.726,0,0,0,100,15.05,0.2003,404.2,200,1,0,0.2481,1,1,1,1,1,1,1,4,4,-1,[ OK ]
675.3,17-Jul-26 13:13:13,794.8,166.7,0.1374,119.8,0.2646,0.5792,1.733,0,0,0,100,15.05,0.1994,404.1,200,1,0,0.2467,1,1,1,1,1,1,1,4,4,-1,[ OK ]
675.7,17-Jul-26 13:13:13,795.2,166.7,0.1373,120.1,0.2641,0.5798,1.725,0,0,0,100,15.05,0.1989,404,200,1,0,0.2532,1,1,1,1,1,1,1,4,4,-1,[ OK ]
676.1,17-Jul-26 13:13:14,795.7,166.7,0.1374,120,0.2663,0.5795,1.728,0,0,0,100,15.05,0.1989,403.8,200,1,0,0.2485,1,1,1,1,1,1,1,4,4,-1,[ OK ]
676.5,17-Jul-26 13:13:14,796.1,166.7,0.1374,119.9,0.2648,0.5791,1.732,0,0,0,100,15.05,0.2001,404.2,200,1,0,0.2418,1,1,1,1,1,1,1,4,4,-1,[ OK ]
677.0,17-Jul-26 13:13:14,796.5,166.7,0.1376,119.6,0.2665,0.5797,1.725,0,0,0,100,15.05,0.1999,404.1,200,1,0,0.2451,1,1,1,1,1,1,1,4,4,-1,[ OK ]
677.4,17-Jul-26 13:13:15,796.9,166.7,0.1372,120.6,0.2611,0.579,1.733,0,0,0,100,15.05,0.2009,403.8,200,1,0,0.2321,1,1,1,1,1,1,1,4,4,-1,[ OK ]
677.8,17-Jul-26 13:13:15,797.3,166.7,0.1375,119.9,0.2643,0.5795,1.728,0,0,0,100,15.05,0.2006,404,200,1,0,0.2471,1,1,1,1,1,1,1,4,4,-1,[ OK ]
678.2,17-Jul-26 13:13:16,797.7,166.7,0.1373,120.2,0.2656,0.5797,1.725,0,0,0,100,15.05,0.2003,403.9,200,1,0,0.2413,1,1,1,1,1,1,1,4,4,-1,[ OK ]
678.6,17-Jul-26 13:13:16,798.2,166.7,0.1375,119.8,0.2641,0.5794,1.727,0,0,0,100,15.05,0.1998,404.1,200,1,0,0.2513,1,1,1,1,1,1,1,4,4,-1,[ OK ]
679.1,17-Jul-26 13:13:16,798.6,166.7,0.1372,120.5,0.2621,0.579,1.733,0,0,0,100,15.05,0.2005,404,200,1,0,0.2414,1,1,1,1,1,1,1,4,4,-1,[ OK ]
679.5,17-Jul-26 13:13:17,799,166.7,0.1373,120.1,0.2638,0.579,1.734,0,0,0,100,15.05,0.2002,404.1,200,1,0,0.2482,1,1,1,1,1,1,1,4,4,-1,[ OK ]
679.9,17-Jul-26 13:13:17,799.4,166.7,0.1372,120.5,0.2634,0.5797,1.726,0,0,0,100,15.05,0.2008,404.2,200,1,0,0.2414,1,1,1,1,1,1,1,4,4,-1,[ OK ]
680.3,17-Jul-26 13:13:18,799.8,166.7,0.1375,119.9,0.2569,0.5797,1.725,0,0,0,100,15.05,0.1992,403.9,200,1,0,0.242,1,1,1,1,1,1,1,4,4,-1,[ OK ]
680.7,17-Jul-26 13:13:18,800.3,166.7,0.137,121.1,0.2675,0.5792,1.731,0,0,0,100,15.05,0.1986,403.9,200,1,0,0.2498,1,1,1,1,1,1,1,4,4,-1,[ OK ]
681.2,17-Jul-26 13:13:19,800.7,166.7,0.1372,120.5,0.2648,0.5795,1.728,0,0,0,100,15.05,0.2004,404.2,200,1,0,0.2564,1,1,1,1,1,1,1,4,4,-1,[ OK ]
681.7,17-Jul-26 13:13:19,801.2,166.7,0.1374,119.9,0.264,0.579,1.734,0,0,0,100,15.05,0.2002,403.9,200,1,0,0.2407,1,1,1,1,1,1,1,4,4,-1,[ OK ]
682.2,17-Jul-26 13:13:20,801.7,166.7,0.1375,119.7,0.264,0.5796,1.727,0,0,0,100,15.05,0.2005,404,200,1,0,0.2471,1,1,1,1,1,1,1,4,4,-1,[ OK ]
682.6,17-Jul-26 13:13:20,802.1,166.7,0.1369,121.3,0.2623,0.5792,1.731,0,0,0,100,15.05,0.201,404.2,200,1,0,0.2323,1,1,1,1,1,1,1,4,4,-1,[ OK ]
683.0,17-Jul-26 13:13:20,802.6,166.7,0.1374,120.1,0.2664,0.5795,1.727,0,0,0,100,15.05,0.2011,403.8,200,1,0,0.2436,1,1,1,1,1,1,1,4,4,-1,[ OK ]
683.6,17-Jul-26 13:13:21,803.1,166.7,0.1374,119.9,0.2663,0.5796,1.726,0,0,0,100,15.05,0.2002,404.2,200,1,0,0.244,1,1,1,1,1,1,1,4,4,-1,[ OK ]
684.1,17-Jul-26 13:13:22,803.6,166.7,0.1376,119.4,0.2659,0.5796,1.725,0,0,0,100,15.05,0.2004,404.1,200,1,0,0.2438,1,1,1,1,1,1,1,4,4,-1,[ OK ]
684.5,17-Jul-26 13:13:22,804,166.7,0.1371,120.7,0.2633,0.5791,1.73,0,0,0,100,15.05,0.2005,403.9,200,1,0,0.2401,1,1,1,1,1,1,1,4,4,-1,[ OK ]
684.9,17-Jul-26 13:13:22,804.4,166.7,0.1374,119.8,0.2657,0.5795,1.726,0,0,0,100,15.05,0.2013,403.9,200,1,0,0.2409,1,1,1,1,1,1,1,4,4,-1,[ OK ]
685.3,17-Jul-26 13:13:23,804.9,166.7,0.1373,120.1,0.2643,0.5788,1.734,0,0,0,100,15.05,0.2001,403.9,200,1,0,0.2469,1,1,1,1,1,1,1,4,4,-1,[ OK ]
685.7,17-Jul-26 13:13:23,805.3,166.7,0.1374,120,0.2617,0.5787,1.735,0,0,0,100,15.05,0.2,404,200,1,0,0.2502,1,1,1,1,1,1,1,4,4,-1,[ OK ]
686.2,17-Jul-26 13:13:24,805.7,166.7,0.1373,120.1,0.2643,0.5792,1.73,0,0,0,100,15.05,0.1991,403.9,200,1,0,0.2538,1,1,1,1,1,1,1,4,4,-1,[ OK ]
686.6,17-Jul-26 13:13:24,806.1,166.7,0.1374,120,0.2672,0.5789,1.733,0,0,0,100,15.05,0.2003,403.8,200,1,0,0.2466,1,1,1,1,1,1,1,4,4,-1,[ OK ]
687.0,17-Jul-26 13:13:24,806.5,166.7,0.1374,119.9,0.2665,0.5797,1.723,0,0,0,100,15.05,0.201,404.1,200,1,0,0.251,1,1,1,1,1,1,1,4,4,-1,[ OK ]
687.4,17-Jul-26 13:13:25,807,166.7,0.1373,120.2,0.2675,0.5788,1.733,0,0,0,100,15.05,0.2002,404,200,1,0,0.2486,1,1,1,1,1,1,1,4,4,-1,[ OK ]
687.8,17-Jul-26 13:13:25,807.4,166.7,0.1374,120,0.266,0.5794,1.726,0,0,0,100,15.05,0.204,403.9,200,1,0,0.2271,1,1,1,1,1,1,1,4,4,-1,[ OK ]
688.3,17-Jul-26 13:13:26,807.8,166.7,0.1375,119.8,0.2664,0.5789,1.733,0,0,0,100,15.05,0.2013,403.6,200,1,0,0.2381,1,1,1,1,1,1,1,4,4,-1,[ OK ]
688.7,17-Jul-26 13:13:26,808.2,166.7,0.1375,119.6,0.2711,0.5795,1.726,0,0,0,100,15.05,0.2008,404,200,1,0,0.2462,1,1,1,1,1,1,1,4,4,-1,[ OK ]
689.1,17-Jul-26 13:13:27,808.6,166.7,0.1376,119.7,0.2729,0.5789,1.733,0,0,0,100,15.05,0.2003,404.2,200,1,0,0.2476,1,1,1,1,1,1,1,4,4,-1,[ OK ]
689.5,17-Jul-26 13:13:27,809,166.7,0.1375,120,0.2648,0.579,1.732,0,0,0,100,15.05,0.2005,403.8,200,1,0,0.2294,1,1,1,1,1,1,1,4,4,-1,[ OK ]
689.9,17-Jul-26 13:13:27,809.5,166.7,0.1375,120,0.2678,0.579,1.732,0,0,0,100,15.05,0.1997,404.1,200,1,0,0.247,1,1,1,1,1,1,1,4,4,-1,[ OK ]
690.3,17-Jul-26 13:13:28,809.9,166.7,0.1377,119.5,0.2688,0.5797,1.724,0,0,0,100,15.05,0.2012,403.9,200,1,0,0.2482,1,1,1,1,1,1,1,4,4,-1,[ OK ]
690.8,17-Jul-26 13:13:28,810.3,166.7,0.1373,120.4,0.2731,0.5796,1.725,0,0,0,100,15.05,0.202,404.2,200,1,0,0.2507,1,1,1,1,1,1,1,4,4,-1,[ OK ]
691.2,17-Jul-26 13:13:29,810.7,166.7,0.1375,120,0.2696,0.5788,1.733,0,0,0,100,15.05,0.2,404.2,200,1,0,0.2539,1,1,1,1,1,1,1,4,4,-1,[ OK ]
691.7,17-Jul-26 13:13:29,811.2,166.7,0.1374,120.4,0.2701,0.5788,1.734,0,0,0,100,15.05,0.2006,403.9,200,1,0,0.2562,1,1,1,1,1,1,1,4,4,-1,[ OK ]
692.1,17-Jul-26 13:13:30,811.7,166.7,0.1375,120,0.2683,0.5794,1.726,0,0,0,100,15.05,0.2006,404,200,1,0,0.2535,1,1,1,1,1,1,1,4,4,-1,[ OK ]
692.5,17-Jul-26 13:13:30,812.1,166.7,0.1374,120.3,0.268,0.5789,1.732,0,0,0,100,15.05,0.2014,403.8,200,1,0,0.2572,1,1,1,1,1,1,1,4,4,-1,[ OK ]
692.9,17-Jul-26 13:13:30,812.5,166.7,0.1375,119.9,0.2709,0.5793,1.728,0,0,0,100,15.05,0.1999,404,200,1,0,0.26,1,1,1,1,1,1,1,4,4,-1,[ OK ]
693.4,17-Jul-26 13:13:31,812.9,166.7,0.1376,119.7,0.2678,0.5788,1.734,0,0,0,100,15.05,0.2014,404.2,200,1,0,0.2514,1,1,1,1,1,1,1,4,4,-1,[ OK ]
693.8,17-Jul-26 13:13:31,813.3,166.7,0.1378,119.4,0.2701,0.5796,1.726,0,0,0,100,15.05,0.2011,403.9,200,1,0,0.2669,1,1,1,1,1,1,1,4,4,-1,[ OK ]
694.2,17-Jul-26 13:13:32,813.7,166.7,0.1377,119.7,0.2706,0.5788,1.735,0,0,0,100,15.05,0.2012,403.9,200,1,0,0.2548,1,1,1,1,1,1,1,4,4,-1,[ OK ]
694.6,17-Jul-26 13:13:32,814.2,166.7,0.1375,120.2,0.2677,0.5794,1.727,0,0,0,100,15.05,0.2008,404.1,200,1,0,0.2545,1,1,1,1,1,1,1,4,4,-1,[ OK ]
695.0,17-Jul-26 13:13:32,814.6,166.7,0.1378,119.4,0.2707,0.5787,1.736,0,0,0,100,15.05,0.2011,404,200,1,0,0.2397,1,1,1,1,1,1,1,4,4,-1,[ OK ]
695.5,17-Jul-26 13:13:33,815,166.7,0.1377,119.7,0.2676,0.579,1.732,0,0,0,100,15.05,0.201,403.9,200,1,0,0.2545,1,1,1,1,1,1,1,4,4,-1,[ OK ]
695.9,17-Jul-26 13:13:33,815.4,166.7,0.1372,121.1,0.272,0.579,1.731,0,0,0,100,15.05,0.201,403.9,200,1,0,0.2508,1,1,1,1,1,1,1,4,4,-1,[ OK ]
696.4,17-Jul-26 13:13:34,815.9,166.7,0.1376,120,0.2696,0.5788,1.734,0,0,0,100,15.05,0.2017,404.2,200,1,0,0.2477,1,1,1,1,1,1,1,4,4,-1,[ OK ]
696.8,17-Jul-26 13:13:34,816.4,166.7,0.1379,119.1,0.2735,0.5796,1.726,0,0,0,100,15.05,0.2005,404.2,200,1,0,0.269,1,1,1,1,1,1,1,4,4,-1,[ OK ]
697.2,17-Jul-26 13:13:35,816.8,166.7,0.1374,120.4,0.2715,0.5789,1.734,0,0,0,100,15.05,0.2013,404,200,1,0,0.2532,1,1,1,1,1,1,1,4,4,-1,[ OK ]
697.7,17-Jul-26 13:13:35,817.2,166.7,0.1377,119.6,0.27,0.5795,1.726,0,0,0,100,15.05,0.2016,404.2,200,1,0,0.2559,1,1,1,1,1,1,1,4,4,-1,[ OK ]
698.1,17-Jul-26 13:13:36,817.6,166.7,0.1376,119.9,0.2622,0.5793,1.729,0,0,0,100,15.05,0.2009,403.8,200,1,0,0.2591,1,1,1,1,1,1,1,4,4,-1,[ OK ]
698.5,17-Jul-26 13:13:36,818,166.7,0.1374,120.4,0.2701,0.5796,1.725,0,0,0,100,15.05,0.2013,404.1,200,1,0,0.2619,1,1,1,1,1,1,1,4,4,-1,[ OK ]
698.9,17-Jul-26 13:13:36,818.5,166.7,0.1374,120.3,0.2708,0.5788,1.735,0,0,0,100,15.05,0.2009,404,200,1,0,0.2596,1,1,1,1,1,1,1,4,4,-1,[ OK ]
699.3,17-Jul-26 13:13:37,818.9,166.7,0.1377,119.7,0.2681,0.5794,1.726,0,0,0,100,15.05,0.2015,404.3,200,1,0,0.2477,1,1,1,1,1,1,1,4,4,-1,[ OK ]
699.8,17-Jul-26 13:13:37,819.3,166.7,0.1376,119.8,0.2687,0.579,1.731,0,0,0,100,15.05,0.2007,404.2,200,1,0,0.2418,1,1,1,1,1,1,1,4,4,-1,[ OK ]
700.2,17-Jul-26 13:13:38,819.7,166.7,0.1375,120.2,0.2717,0.5793,1.728,0,0,0,100,15.05,0.2012,404.2,200,1,0,0.2636,1,1,1,1,1,1,1,4,4,-1,[ OK ]
700.6,17-Jul-26 13:13:38,820.1,166.7,0.1377,119.7,0.2719,0.5787,1.735,0,0,0,100,15.05,0.2005,403.9,200,1,0,0.2667,1,1,1,1,1,1,1,4,4,-1,[ OK ]
701.1,17-Jul-26 13:13:39,820.7,166.7,0.1374,120.5,0.2703,0.5787,1.734,0,0,0,100,15.05,0.2001,404.2,200,1,0,0.2595,1,1,1,1,1,1,1,4,4,-1,[ OK ]
701.6,17-Jul-26 13:13:39,821.2,166.7,0.1375,120.2,0.2654,0.5796,1.724,0,0,0,100,15.05,0.2019,404.1,200,1,0,0.2651,1,1,1,1,1,1,1,4,4,-1,[ OK ]
702.1,17-Jul-26 13:13:39,821.6,166.7,0.1375,120,0.2671,0.5794,1.726,0,0,0,100,15.05,0.2001,404.2,200,1,0,0.2642,1,1,1,1,1,1,1,4,4,-1,[ OK ]
702.5,17-Jul-26 13:13:40,822,166.7,0.1378,119.4,0.2711,0.5788,1.734,0,0,0,100,15.05,0.2006,404.2,200,1,0,0.2518,1,1,1,1,1,1,1,4,4,-1,[ OK ]
702.9,17-Jul-26 13:13:40,822.4,166.7,0.1375,120.2,0.2743,0.5792,1.728,0,0,0,100,15.05,0.2009,404.2,200,1,0,0.2638,1,1,1,1,1,1,1,4,4,-1,[ OK ]
703.3,17-Jul-26 13:13:41,822.9,166.7,0.1373,120.6,0.2741,0.5789,1.733,0,0,0,100,15.05,0.2016,403.9,200,1,0,0.2563,1,1,1,1,1,1,1,4,4,-1,[ OK ]
703.8,17-Jul-26 13:13:41,823.4,166.7,0.1376,119.9,0.2742,0.5789,1.733,0,0,0,100,15.05,0.2007,404.1,200,1,0,0.2698,1,1,1,1,1,1,1,4,4,-1,[ OK ]
704.3,17-Jul-26 13:13:42,823.8,166.7,0.1377,119.7,0.2713,0.579,1.731,0,0,0,100,15.05,0.202,403.9,200,1,0,0.2622,1,1,1,1,1,1,1,4,4,-1,[ OK ]
704.8,17-Jul-26 13:13:42,824.3,166.7,0.1379,119.3,0.2735,0.5787,1.736,0,0,0,100,15.05,0.2012,404,200,1,0,0.2607,1,1,1,1,1,1,1,4,4,-1,[ OK ]
705.2,17-Jul-26 13:13:43,824.7,166.7,0.1378,119.8,0.2721,0.5789,1.733,0,0,0,100,15.05,0.2016,403.8,200,1,0,0.2614,1,1,1,1,1,1,1,4,4,-1,[ OK ]
705.6,17-Jul-26 13:13:43,825.2,166.7,0.1378,119.8,0.2726,0.5793,1.728,0,0,0,100,15.05,0.2013,403.9,200,1,0,0.2674,1,1,1,1,1,1,1,4,4,-1,[ OK ]
706.1,17-Jul-26 13:13:43,825.6,166.7,0.1378,119.7,0.2758,0.579,1.733,0,0,0,100,15.05,0.2029,403.9,200,1,0,0.2536,1,1,1,1,1,1,1,4,4,-1,[ OK ]
706.5,17-Jul-26 13:13:44,826,166.7,0.1376,120.3,0.2736,0.5792,1.729,0,0,0,100,15.05,0.2014,404.2,200,1,0,0.2615,1,1,1,1,1,1,1,4,4,-1,[ OK ]
706.9,17-Jul-26 13:13:44,826.4,166.7,0.1379,119.6,0.2741,0.5795,1.726,0,0,0,100,15.05,0.2014,403.8,200,1,0,0.2663,1,1,1,1,1,1,1,4,4,-1,[ OK ]
707.3,17-Jul-26 13:13:45,826.8,166.7,0.1376,120.4,0.2731,0.5789,1.732,0,0,0,100,15.05,0.2013,404.2,200,1,0,0.2495,1,1,1,1,1,1,1,4,4,-1,[ OK ]
707.7,17-Jul-26 13:13:45,827.3,166.7,0.138,119.3,0.2767,0.5794,1.727,0,0,0,100,15.05,0.2013,403.9,200,1,0,0.2551,1,1,1,1,1,1,1,4,4,-1,[ OK ]
708.1,17-Jul-26 13:13:46,827.7,166.7,0.1377,120,0.2749,0.5794,1.727,0,0,0,100,15.05,0.2005,404,200,1,0,0.2755,1,1,1,1,1,1,1,4,4,-1,[ OK ]
708.6,17-Jul-26 13:13:46,828.1,166.7,0.1381,119,0.2739,0.5796,1.725,0,0,0,100,15.05,0.2019,404,200,1,0,0.2576,1,1,1,1,1,1,1,4,4,-1,[ OK ]
709.0,17-Jul-26 13:13:46,828.5,166.7,0.1377,120.2,0.2723,0.5789,1.733,0,0,0,100,15.05,0.2016,403.8,200,1,0,0.265,1,1,1,1,1,1,1,4,4,-1,[ OK ]
709.4,17-Jul-26 13:13:47,828.9,166.7,0.1377,120.1,0.2726,0.5796,1.726,0,0,0,100,15.05,0.2018,403.8,200,1,0,0.258,1,1,1,1,1,1,1,4,4,-1,[ OK ]
709.8,17-Jul-26 13:13:47,829.3,166.7,0.1378,119.9,0.2667,0.5796,1.725,0,0,0,100,15.05,0.2017,404.2,200,1,0,0.2665,1,1,1,1,1,1,1,4,4,-1,[ OK ]
710.2,17-Jul-26 13:13:48,829.8,166.7,0.1376,120.3,0.2734,0.5787,1.736,0,0,0,100,15.05,0.2011,404.2,200,1,0,0.2679,1,1,1,1,1,1,1,4,4,-1,[ OK ]
710.7,17-Jul-26 13:13:48,830.2,166.7,0.1379,119.8,0.2768,0.5792,1.729,0,0,0,100,15.05,0.2019,404.2,200,1,0,0.2595,1,1,1,1,1,1,1,4,4,-1,[ OK ]
711.1,17-Jul-26 13:13:48,830.6,166.7,0.1378,119.9,0.2688,0.5788,1.733,0,0,0,100,15.05,0.2,403.8,200,1,0,0.2654,1,1,1,1,1,1,1,4,4,-1,[ OK ]
711.6,17-Jul-26 13:13:49,831.1,166.7,0.1379,119.7,0.2751,0.5794,1.727,0,0,0,100,15.05,0.2023,403.9,200,1,0,0.2735,1,1,1,1,1,1,1,4,4,-1,[ OK ]
712.0,17-Jul-26 13:13:49,831.5,166.7,0.1378,119.9,0.2727,0.5794,1.728,0,0,0,100,15.05,0.2024,403.9,200,1,0,0.2616,1,1,1,1,1,1,1,4,4,-1,[ OK ]
712.4,17-Jul-26 13:13:50,832,166.7,0.1378,120.1,0.2776,0.5794,1.727,0,0,0,100,15.05,0.201,403.8,200,1,0,0.2659,1,1,1,1,1,1,1,4,4,-1,[ OK ]
712.8,17-Jul-26 13:13:50,832.3,166.7,0.1379,119.9,0.2751,0.5789,1.732,0,0,0,100,15.05,0.2006,404.2,200,1,0,0.2685,1,1,1,1,1,1,1,4,4,-1,[ OK ]
713.3,17-Jul-26 13:13:51,832.8,166.7,0.1378,120,0.2712,0.5791,1.729,0,0,0,100,15.05,0.2008,403.9,200,1,0,0.2788,1,1,1,1,1,1,1,4,4,-1,[ OK ]
713.7,17-Jul-26 13:13:51,833.2,166.7,0.1378,120,0.2721,0.5796,1.724,0,0,0,100,15.05,0.2008,404,200,1,0,0.2759,1,1,1,1,1,1,1,4,4,-1,[ OK ]
714.1,17-Jul-26 13:13:52,833.6,166.7,0.1378,119.9,0.2728,0.5793,1.728,0,0,0,100,15.05,0.2019,404.2,200,1,0,0.2659,1,1,1,1,1,1,1,4,4,-1,[ OK ]
714.5,17-Jul-26 13:13:52,834.1,166.7,0.1378,119.8,0.2745,0.579,1.733,0,0,0,100,15.05,0.2018,403.9,200,1,0,0.2729,1,1,1,1,1,1,1,4,4,-1,[ OK ]
715.0,17-Jul-26 13:13:52,834.5,166.7,0.1381,118.9,0.2745,0.5797,1.726,0,0,0,100,15.05,0.2014,404,200,1,0,0.2572,1,1,1,1,1,1,1,4,4,-1,[ OK ]
715.4,17-Jul-26 13:13:53,834.9,166.7,0.1377,120.2,0.2747,0.5789,1.735,0,0,0,100,15.05,0.2021,403.9,200,1,0,0.259,1,1,1,1,1,1,1,4,4,-1,[ OK ]
715.8,17-Jul-26 13:13:53,835.3,166.7,0.1378,119.9,0.2725,0.5791,1.733,0,0,0,100,15.05,0.2014,403.9,200,1,0,0.2655,1,1,1,1,1,1,1,4,4,-1,[ OK ]
716.2,17-Jul-26 13:13:54,835.7,166.7,0.138,119.3,0.273,0.5797,1.726,0,0,0,100,15.05,0.2013,404.1,200,1,0,0.2488,1,1,1,1,1,1,1,4,4,-1,[ OK ]
716.6,17-Jul-26 13:13:54,836.1,166.7,0.1375,120.7,0.2699,0.5789,1.735,0,0,0,100,15.05,0.2011,403.8,200,1,0,0.2497,1,1,1,1,1,1,1,4,4,-1,[ OK ]
717.1,17-Jul-26 13:13:54,836.6,166.7,0.1377,120.2,0.2735,0.5797,1.726,0,0,0,100,15.05,0.2018,404.1,200,1,0,0.2749,1,1,1,1,1,1,1,4,4,-1,[ OK ]
717.5,17-Jul-26 13:13:55,837,166.7,0.1377,120.1,0.2616,0.5788,1.737,0,0,0,100,15.05,0.2016,404.1,200,1,0,0.2612,1,1,1,1,1,1,1,4,4,-1,[ OK ]
717.9,17-Jul-26 13:13:55,837.4,166.7,0.1378,119.9,0.2692,0.5791,1.733,0,0,0,100,15.05,0.2015,403.8,200,1,0,0.2609,1,1,1,1,1,1,1,4,4,-1,[ OK ]
718.3,17-Jul-26 13:13:56,837.8,166.7,0.1379,119.8,0.2744,0.5793,1.729,0,0,0,100,15.05,0.2013,403.7,200,1,0,0.2616,1,1,1,1,1,1,1,4,4,-1,[ OK ]
718.7,17-Jul-26 13:13:56,838.2,166.7,0.1378,120.1,0.2744,0.5789,1.733,0,0,0,100,15.05,0.2012,404.2,200,1,0,0.278,1,1,1,1,1,1,1,4,4,-1,[ OK ]
719.1,17-Jul-26 13:13:57,838.7,166.7,0.138,119.3,0.2745,0.5791,1.733,0,0,0,100,15.05,0.2003,403.8,200,1,0,0.2648,1,1,1,1,1,1,1,4,4,-1,[ OK ]
719.7,17-Jul-26 13:13:57,839.2,166.7,0.1377,120.1,0.2759,0.5796,1.727,0,0,0,100,15.05,0.2019,403.9,200,1,0,0.2475,1,1,1,1,1,1,1,4,4,-1,[ OK ]
720.1,17-Jul-26 13:13:58,839.6,166.7,0.1378,120,0.2744,0.5796,1.726,0,0,0,100,15.05,0.2014,403.8,200,1,0,0.2658,1,1,1,1,1,1,1,4,4,-1,[ OK ]
720.5,17-Jul-26 13:13:58,840,166.7,0.1377,120.2,0.2711,0.5788,1.736,0,0,0,100,15.05,0.2017,403.9,200,1,0,0.2611,1,1,1,1,1,1,1,4,4,-1,[ OK ]
720.9,17-Jul-26 13:13:58,840.4,166.7,0.1379,119.6,0.2715,0.5791,1.733,0,0,0,100,15.05,0.2008,404.2,200,1,0,0.2638,1,1,1,1,1,1,1,4,4,-1,[ OK ]
721.3,17-Jul-26 13:13:59,840.9,166.7,0.1378,119.9,0.2724,0.5794,1.729,0,0,0,100,15.05,0.2005,404.1,200,1,0,0.2628,1,1,1,1,1,1,1,4,4,-1,[ OK ]
721.8,17-Jul-26 13:13:59,841.3,166.7,0.1377,120.2,0.2719,0.5797,1.725,0,0,0,100,15.05,0.2022,403.8,200,1,0,0.251,1,1,1,1,1,1,1,4,4,-1,[ OK ]
722.2,17-Jul-26 13:14:00,841.7,166.7,0.1378,120.1,0.2743,0.579,1.733,0,0,0,100,15.05,0.2017,404,200,1,0,0.2743,1,1,1,1,1,1,1,4,4,-1,[ OK ]
722.6,17-Jul-26 13:14:00,842.1,166.7,0.1377,120.2,0.2727,0.5795,1.726,0,0,0,100,15.05,0.2014,404,200,1,0,0.2618,1,1,1,1,1,1,1,4,4,-1,[ OK ]
723.0,17-Jul-26 13:14:00,842.5,166.7,0.1377,120.2,0.2687,0.579,1.733,0,0,0,100,15.05,0.2013,403.8,200,1,0,0.2675,1,1,1,1,1,1,1,4,4,-1,[ OK ]
723.4,17-Jul-26 13:14:01,843,166.7,0.1378,120,0.2703,0.5789,1.734,0,0,0,100,15.05,0.2019,403.8,200,1,0,0.2549,1,1,1,1,1,1,1,4,4,-1,[ OK ]
723.9,17-Jul-26 13:14:01,843.4,166.7,0.1377,120.2,0.2743,0.5797,1.725,0,0,0,100,15.05,0.2011,404,200,1,0,0.2603,1,1,1,1,1,1,1,4,4,-1,[ OK ]
724.3,17-Jul-26 13:14:02,843.8,166.7,0.1377,120.2,0.2773,0.5794,1.727,0,0,0,100,15.05,0.2024,404.2,200,1,0,0.251,1,1,1,1,1,1,1,4,4,-1,[ OK ]
724.7,17-Jul-26 13:14:02,844.2,166.7,0.1377,120.2,0.2727,0.5789,1.733,0,0,0,100,15.05,0.2013,404,200,1,0,0.2608,1,1,1,1,1,1,1,4,4,-1,[ OK ]
725.1,17-Jul-26 13:14:03,844.6,166.7,0.1377,120.2,0.2727,0.5791,1.731,0,0,0,100,15.05,0.2016,404.2,200,1,0,0.259,1,1,1,1,1,1,1,4,4,-1,[ OK ]
725.5,17-Jul-26 13:14:03,845.1,166.7,0.1378,120,0.2734,0.5793,1.727,0,0,0,100,15.05,0.2012,403.9,200,1,0,0.2673,1,1,1,1,1,1,1,4,4,-1,[ OK ]
725.9,17-Jul-26 13:14:03,845.5,166.7,0.1378,120,0.2713,0.5793,1.728,0,0,0,100,15.05,0.2005,403.9,200,1,0,0.2634,1,1,1,1,1,1,1,4,4,-1,[ OK ]
726.3,17-Jul-26 13:14:04,845.9,166.7,0.1378,120,0.2713,0.5793,1.727,0,0,0,100,15.05,0.201,404.2,200,1,0,0.2589,1,1,1,1,1,1,1,4,4,-1,[ OK ]
726.8,17-Jul-26 13:14:04,846.3,166.7,0.1377,120.2,0.2735,0.5789,1.732,0,0,0,100,15.05,0.2003,403.9,200,1,0,0.2624,1,1,1,1,1,1,1,4,4,-1,[ OK ]
727.2,17-Jul-26 13:14:05,846.7,166.7,0.1376,120.4,0.2735,0.5794,1.727,0,0,0,100,15.05,0.2019,404.1,200,1,0,0.2613,1,1,1,1,1,1,1,4,4,-1,[ OK ]
727.6,17-Jul-26 13:14:05,847.1,166.7,0.1378,119.9,0.2714,0.5792,1.729,0,0,0,100,15.05,0.2016,404.1,200,1,0,0.2673,1,1,1,1,1,1,1,4,4,-1,[ OK ]
728.0,17-Jul-26 13:14:05,847.6,166.7,0.1377,120.3,0.2767,0.5794,1.727,0,0,0,100,15.05,0.2013,403.9,200,1,0,0.2685,1,1,1,1,1,1,1,4,4,-1,[ OK ]
728.5,17-Jul-26 13:14:06,848,166.7,0.1378,119.9,0.2715,0.5788,1.734,0,0,0,100,15.05,0.2018,403.9,200,1,0,0.2612,1,1,1,1,1,1,1,4,4,-1,[ OK ]
728.9,17-Jul-26 13:14:06,848.4,166.7,0.1377,120.1,0.2732,0.5795,1.726,0,0,0,100,15.05,0.2001,403.9,200,1,0,0.2709,1,1,1,1,1,1,1,4,4,-1,[ OK ]
729.3,17-Jul-26 13:14:07,848.8,166.7,0.1377,120.1,0.2737,0.5796,1.725,0,0,0,100,15.05,0.2011,404.1,200,1,0,0.2664,1,1,1,1,1,1,1,4,4,-1,[ OK ]
729.7,17-Jul-26 13:14:07,849.2,166.7,0.1378,119.9,0.273,0.5795,1.725,0,0,0,100,15.05,0.2012,404.2,200,1,0,0.2512,1,1,1,1,1,1,1,4,4,-1,[ OK ]
730.1,17-Jul-26 13:14:08,849.7,166.7,0.1376,120.5,0.2739,0.5795,1.725,0,0,0,100,15.05,0.2016,403.8,200,1,0,0.2708,1,1,1,1,1,1,1,4,4,-1,[ OK ]
730.7,17-Jul-26 13:14:08,850.2,166.7,0.1378,119.7,0.2728,0.5793,1.727,0,0,0,100,15.05,0.2012,403.8,200,1,0,0.2647,1,1,1,1,1,1,1,4,4,-1,[ OK ]
731.1,17-Jul-26 13:14:09,850.6,166.7,0.1376,120.3,0.2747,0.5791,1.729,0,0,0,100,15.05,0.2026,403.8,200,1,0,0.2577,1,1,1,1,1,1,1,4,4,-1,[ OK ]
731.4,17-Jul-26 13:14:09,850.9,166.7,0.1378,119.8,0.2708,0.5795,1.725,0,0,0,100,15.05,0.2009,403.9,200,1,0,0.2373,1,1,1,1,1,1,1,4,4,-1,[ OK ]
731.8,17-Jul-26 13:14:09,851.3,166.7,0.1378,119.9,0.2749,0.5795,1.725,0,0,0,100,15.05,0.2026,404.1,200,1,0,0.2593,1,1,1,1,1,1,1,4,4,-1,[ OK ]
732.2,17-Jul-26 13:14:10,851.8,166.7,0.1376,120.3,0.2733,0.5793,1.727,0,0,0,100,15.05,0.2013,403.8,200,1,0,0.2676,1,1,1,1,1,1,1,4,4,-1,[ OK ]
732.7,17-Jul-26 13:14:10,852.2,166.7,0.1378,119.8,0.2748,0.5793,1.727,0,0,0,100,15.05,0.2016,404.2,200,1,0,0.2649,1,1,1,1,1,1,1,4,4,-1,[ OK ]
733.1,17-Jul-26 13:14:11,852.6,166.7,0.1377,120.1,0.2753,0.5788,1.733,0,0,0,100,15.05,0.2016,403.9,200,1,0,0.2604,1,1,1,1,1,1,1,4,4,-1,[ OK ]
733.5,17-Jul-26 13:14:11,853,166.7,0.1377,120.1,0.2759,0.5793,1.727,0,0,0,100,15.05,0.2022,404,200,1,0,0.2613,1,1,1,1,1,1,1,4,4,-1,[ OK ]
733.9,17-Jul-26 13:14:11,853.4,166.7,0.1376,120.2,0.2718,0.579,1.731,0,0,0,100,15.05,0.2008,404,200,1,0,0.2491,1,1,1,1,1,1,1,4,4,-1,[ OK ]
734.3,17-Jul-26 13:14:12,853.9,166.7,0.1377,119.9,0.2783,0.5796,1.724,0,0,0,100,15.05,0.2023,404,200,1,0,0.2603,1,1,1,1,1,1,1,4,4,-1,[ OK ]
734.8,17-Jul-26 13:14:12,854.3,166.7,0.1375,120.5,0.2735,0.5788,1.734,0,0,0,100,15.05,0.2017,403.8,200,1,0,0.2604,1,1,1,1,1,1,1,4,4,-1,[ OK ]
735.2,17-Jul-26 13:14:13,854.7,166.7,0.1378,119.9,0.2731,0.5791,1.731,0,0,0,100,15.05,0.2002,403.9,200,1,0,0.2576,1,1,1,1,1,1,1,4,4,-1,[ OK ]
735.6,17-Jul-26 13:14:13,855.1,166.7,0.1378,119.9,0.2728,0.5789,1.733,0,0,0,100,15.05,0.202,404.1,200,1,0,0.2703,1,1,1,1,1,1,1,4,4,-1,[ OK ]
736.0,17-Jul-26 13:14:13,855.5,166.7,0.1378,119.9,0.26,0.5792,1.729,0,0,0,100,15.05,0.2013,403.9,200,1,0,0.2714,1,1,1,1,1,1,1,4,4,-1,[ OK ]
736.4,17-Jul-26 13:14:14,856,166.7,0.1378,119.9,0.2768,0.5795,1.726,0,0,0,100,15.05,0.2009,404.2,200,1,0,0.2696,1,1,1,1,1,1,1,4,4,-1,[ OK ]
736.9,17-Jul-26 13:14:14,856.5,166.7,0.1379,119.8,0.2711,0.5796,1.724,0,0,0,100,15.05,0.2016,403.9,200,1,0,0.2507,1,1,1,1,1,1,1,4,4,-1,[ OK ]
737.4,17-Jul-26 13:14:15,856.9,166.7,0.1378,120,0.2727,0.5792,1.729,0,0,0,100,15.05,0.2016,403.9,200,1,0,0.2626,1,1,1,1,1,1,1,4,4,-1,[ OK ]
737.8,17-Jul-26 13:14:15,857.3,166.7,0.1376,120.3,0.2712,0.5789,1.734,0,0,0,100,15.05,0.2016,404.2,200,1,0,0.2642,1,1,1,1,1,1,1,4,4,-1,[ OK ]
738.3,17-Jul-26 13:14:16,857.8,166.7,0.1379,119.5,0.2739,0.5788,1.735,0,0,0,100,15.05,0.2015,403.9,200,1,0,0.2656,1,1,1,1,1,1,1,4,4,-1,[ OK ]
738.8,17-Jul-26 13:14:16,858.4,166.7,0.1377,120.1,0.2713,0.5795,1.727,0,0,0,100,15.05,0.2016,403.8,200,1,0,0.2723,1,1,1,1,1,1,1,4,4,-1,[ OK ]
739.3,17-Jul-26 13:14:17,858.8,166.7,0.1378,119.9,0.2763,0.579,1.733,0,0,0,100,15.05,0.2012,404.1,200,1,0,0.262,1,1,1,1,1,1,1,4,4,-1,[ OK ]
739.7,17-Jul-26 13:14:17,859.2,166.7,0.1376,120.3,0.274,0.5791,1.732,0,0,0,100,15.05,0.2014,403.9,200,1,0,0.2639,1,1,1,1,1,1,1,4,4,-1,[ OK ]
740.1,17-Jul-26 13:14:18,859.6,166.7,0.1376,120.3,0.2731,0.5789,1.735,0,0,0,100,15.05,0.2018,403.9,200,1,0,0.2601,1,1,1,1,1,1,1,4,4,-1,[ OK ]
740.5,17-Jul-26 13:14:18,860,166.7,0.1379,119.8,0.2696,0.5789,1.735,0,0,0,100,15.05,0.2008,403.9,200,1,0,0.271,1,1,1,1,1,1,1,4,4,-1,[ OK ]
740.9,17-Jul-26 13:14:18,860.5,166.7,0.1381,119.3,0.2731,0.5795,1.728,0,0,0,100,15.05,0.2012,404.1,200,1,0,0.2497,1,1,1,1,1,1,1,4,4,-1,[ OK ]
741.4,17-Jul-26 13:14:19,861,166.7,0.138,119.5,0.2735,0.5789,1.735,0,0,0,100,15.05,0.2018,404.2,200,1,0,0.2662,1,1,1,1,1,1,1,4,4,-1,[ OK ]
741.9,17-Jul-26 13:14:19,861.4,166.7,0.1377,120.2,0.2736,0.5791,1.733,0,0,0,100,15.05,0.202,403.9,200,1,0,0.2594,1,1,1,1,1,1,1,4,4,-1,[ OK ]
742.3,17-Jul-26 13:14:20,861.8,166.7,0.1377,120.3,0.2728,0.5795,1.728,0,0,0,100,15.05,0.2011,404.2,200,1,0,0.2408,1,1,1,1,1,1,1,4,4,-1,[ OK ]
742.7,17-Jul-26 13:14:20,862.2,166.7,0.1379,119.7,0.2747,0.5789,1.736,0,0,0,100,15.05,0.2021,404.2,200,1,0,0.2601,1,1,1,1,1,1,1,4,4,-1,[ OK ]
743.1,17-Jul-26 13:14:21,862.7,166.7,0.1377,120.2,0.2734,0.5789,1.736,0,0,0,100,15.05,0.2018,404.2,200,1,0,0.2631,1,1,1,1,1,1,1,4,4,-1,[ OK ]
743.7,17-Jul-26 13:14:21,863.2,166.7,0.1379,119.7,0.2783,0.579,1.734,0,0,0,100,15.05,0.2011,404.2,200,1,0,0.2689,1,1,1,1,1,1,1,4,4,-1,[ OK ]
744.1,17-Jul-26 13:14:22,863.6,166.7,0.1377,120.1,0.2773,0.5794,1.729,0,0,0,100,15.05,0.2011,403.8,200,1,0,0.265,1,1,1,1,1,1,1,4,4,-1,[ OK ]
744.4,17-Jul-26 13:14:22,863.9,166.7,0.1378,119.9,0.2759,0.5788,1.736,0,0,0,100,15.05,0.2024,403.9,200,1,0,0.2606,1,1,1,1,1,1,1,4,4,-1,[ OK ]
744.8,17-Jul-26 13:14:22,864.3,166.7,0.138,119.4,0.2752,0.579,1.734,0,0,0,100,15.05,0.2015,404.2,200,1,0,0.2629,1,1,1,1,1,1,1,4,4,-1,[ OK ]
745.2,17-Jul-26 13:14:23,864.8,166.7,0.1378,119.9,0.2735,0.579,1.735,0,0,0,100,15.05,0.2013,404.1,200,1,0,0.2642,1,1,1,1,1,1,1,4,4,-1,[ OK ]
745.6,17-Jul-26 13:14:23,865.2,166.7,0.1377,120.2,0.2734,0.5789,1.735,0,0,0,100,15.05,0.2018,404.1,200,1,0,0.2644,1,1,1,1,1,1,1,4,4,-1,[ OK ]
746.1,17-Jul-26 13:14:23,865.6,166.7,0.1378,120,0.2768,0.5795,1.727,0,0,0,100,15.05,0.2012,404,200,1,0,0.2781,1,1,1,1,1,1,1,4,4,-1,[ OK ]
746.5,17-Jul-26 13:14:24,866,166.7,0.1375,120.8,0.2684,0.5788,1.737,0,0,0,100,15.05,0.2012,404.1,200,1,0,0.2582,1,1,1,1,1,1,1,4,4,-1,[ OK ]
746.9,17-Jul-26 13:14:24,866.4,166.7,0.1377,120.1,0.2743,0.5797,1.726,0,0,0,100,15.05,0.201,403.9,200,1,0,0.263,1,1,1,1,1,1,1,4,4,-1,[ OK ]
747.3,17-Jul-26 13:14:25,866.9,166.7,0.1382,119.1,0.2755,0.5797,1.726,0,0,0,100,15.05,0.2012,403.9,200,1,0,0.2663,1,1,1,1,1,1,1,4,4,-1,[ OK ]
747.7,17-Jul-26 13:14:25,867.3,166.7,0.1378,120,0.2783,0.5798,1.724,0,0,0,100,15.05,0.2012,404.2,200,1,0,0.2627,1,1,1,1,1,1,1,4,4,-1,[ OK ]
748.2,17-Jul-26 13:14:26,867.7,166.7,0.1379,119.9,0.2744,0.5789,1.734,0,0,0,100,15.05,0.2017,404.2,200,1,0,0.2665,1,1,1,1,1,1,1,4,4,-1,[ OK ]
748.6,17-Jul-26 13:14:26,868.1,166.7,0.138,119.7,0.2736,0.5791,1.733,0,0,0,100,15.05,0.202,403.8,200,1,0,0.2675,1,1,1,1,1,1,1,4,4,-1,[ OK ]
749.0,17-Jul-26 13:14:26,868.5,166.7,0.138,119.6,0.2711,0.5795,1.728,0,0,0,100,15.05,0.2013,403.8,200,1,0,0.2591,1,1,1,1,1,1,1,4,4,-1,[ OK ]
749.4,17-Jul-26 13:14:27,868.9,166.7,0.1378,120,0.2743,0.5796,1.726,0,0,0,100,15.05,0.2008,404.2,200,1,0,0.2636,1,1,1,1,1,1,1,4,4,-1,[ OK ]
749.8,17-Jul-26 13:14:27,869.4,166.7,0.1376,120.5,0.2729,0.5793,1.729,0,0,0,100,15.05,0.2024,404,200,1,0,0.2515,1,1,1,1,1,1,1,4,4,-1,[ OK ]
750.3,17-Jul-26 13:14:28,869.8,166.7,0.1378,120.1,0.2746,0.5798,1.724,0,0,0,100,15.05,0.2013,404.2,200,1,0,0.2666,1,1,1,1,1,1,1,4,4,-1,[ OK ]
750.7,17-Jul-26 13:14:28,870.2,166.7,0.1379,119.9,0.2723,0.579,1.733,0,0,0,100,15.05,0.2003,404.2,200,1,0,0.269,1,1,1,1,1,1,1,4,4,-1,[ OK ]
751.1,17-Jul-26 13:14:29,870.6,166.7,0.1377,120.2,0.2725,0.5797,1.725,0,0,0,100,15.05,0.2021,404.1,200,1,0,0.2535,1,1,1,1,1,1,1,4,4,-1,[ OK ]
751.5,17-Jul-26 13:14:29,871,166.7,0.1376,120.7,0.2717,0.5798,1.723,0,0,0,100,15.05,0.2009,404.1,200,1,0,0.2605,1,1,1,1,1,1,1,4,4,-1,[ OK ]
751.9,17-Jul-26 13:14:29,871.5,166.7,0.1379,119.6,0.271,0.579,1.734,0,0,0,100,15.05,0.201,404.1,200,1,0,0.2686,1,1,1,1,1,1,1,4,4,-1,[ OK ]
752.4,17-Jul-26 13:14:30,871.9,166.7,0.1377,120.2,0.2733,0.5791,1.733,0,0,0,100,15.05,0.2011,403.9,200,1,0,0.2618,1,1,1,1,1,1,1,4,4,-1,[ OK ]
752.8,17-Jul-26 13:14:30,872.3,166.7,0.1376,120.4,0.2745,0.5795,1.727,0,0,0,100,15.05,0.2008,403.9,200,1,0,0.262,1,1,1,1,1,1,1,4,4,-1,[ OK ]
753.2,17-Jul-26 13:14:31,872.7,166.7,0.1374,120.9,0.273,0.5788,1.735,0,0,0,100,15.05,0.2009,403.8,200,1,0,0.2591,1,1,1,1,1,1,1,4,4,-1,[ OK ]
753.6,17-Jul-26 13:14:31,873.1,166.7,0.1379,119.8,0.2726,0.5788,1.734,0,0,0,100,15.05,0.2019,404.1,200,1,0,0.2576,1,1,1,1,1,1,1,4,4,-1,[ OK ]
754.0,17-Jul-26 13:14:31,873.6,166.7,0.1378,120,0.2759,0.5788,1.734,0,0,0,100,15.05,0.2013,403.9,200,1,0,0.2474,1,1,1,1,1,1,1,4,4,-1,[ OK ]
754.5,17-Jul-26 13:14:32,874,166.7,0.1377,120.3,0.2735,0.5797,1.724,0,0,0,100,15.05,0.2013,403.9,200,1,0,0.263,1,1,1,1,1,1,1,4,4,-1,[ OK ]
754.9,17-Jul-26 13:14:32,874.4,166.7,0.1373,121.1,0.2694,0.5796,1.725,0,0,0,100,15.05,0.202,403.9,200,1,0,0.262,1,1,1,1,1,1,1,4,4,-1,[ OK ]
755.3,17-Jul-26 13:14:33,874.8,166.7,0.1377,120.1,0.2695,0.5795,1.727,0,0,0,100,15.05,0.2008,404.2,200,1,0,0.2679,1,1,1,1,1,1,1,4,4,-1,[ OK ]
755.7,17-Jul-26 13:14:33,875.2,166.7,0.138,119.6,0.2738,0.5795,1.727,0,0,0,100,15.05,0.2013,403.9,200,1,0,0.2619,1,1,1,1,1,1,1,4,4,-1,[ OK ]
756.1,17-Jul-26 13:14:34,875.7,166.7,0.1378,120.1,0.2692,0.5791,1.731,0,0,0,100,15.05,0.2023,403.8,200,1,0,0.2635,1,1,1,1,1,1,1,4,4,-1,[ OK ]
756.5,17-Jul-26 13:14:34,876.1,166.7,0.1378,120.1,0.273,0.5788,1.736,0,0,0,100,15.05,0.202,403.7,200,1,0,0.2602,1,1,1,1,1,1,1,4,4,-1,[ OK ]
757.0,17-Jul-26 13:14:34,876.5,166.7,0.1378,120.2,0.2726,0.5789,1.735,0,0,0,100,15.05,0.2011,404,200,1,0,0.2597,1,1,1,1,1,1,1,4,4,-1,[ OK ]
757.4,17-Jul-26 13:14:35,876.9,166.7,0.1378,120,0.2708,0.5798,1.724,0,0,0,100,15.05,0.2008,403.9,200,1,0,0.2671,1,1,1,1,1,1,1,4,4,-1,[ OK ]
757.8,17-Jul-26 13:14:35,877.3,166.7,0.1381,119.4,0.2779,0.579,1.734,0,0,0,100,15.05,0.202,404.2,200,1,0,0.2755,1,1,1,1,1,1,1,4,4,-1,[ OK ]
758.2,17-Jul-26 13:14:36,877.7,166.7,0.1376,120.6,0.2735,0.5791,1.733,0,0,0,100,15.05,0.2008,403.9,200,1,0,0.2616,1,1,1,1,1,1,1,4,4,-1,[ OK ]
758.6,17-Jul-26 13:14:36,878.2,166.7,0.1378,119.9,0.2724,0.5798,1.725,0,0,0,100,15.05,0.2017,403.8,200,1,0,0.2647,1,1,1,1,1,1,1,4,4,-1,[ OK ]
759.1,17-Jul-26 13:14:36,878.6,166.7,0.1378,119.9,0.2705,0.5789,1.736,0,0,0,100,15.05,0.2018,404.1,200,1,0,0.265,1,1,1,1,1,1,1,4,4,-1,[ OK ]
759.5,17-Jul-26 13:14:37,879,166.7,0.138,119.3,0.2718,0.5798,1.726,0,0,0,100,15.05,0.201,404.2,200,1,0,0.2598,1,1,1,1,1,1,1,4,4,-1,[ OK ]
759.9,17-Jul-26 13:14:37,879.4,166.7,0.1378,120.1,0.2711,0.5795,1.728,0,0,0,100,15.05,0.2012,404.2,200,1,0,0.259,1,1,1,1,1,1,1,4,4,-1,[ OK ]
760.3,17-Jul-26 13:14:38,879.8,166.7,0.1378,120.1,0.2749,0.5797,1.726,0,0,0,100,15.05,0.2013,403.9,200,1,0,0.2619,1,1,1,1,1,1,1,4,4,-1,[ OK ]
760.7,17-Jul-26 13:14:38,880.3,166.7,0.1378,120.1,0.2752,0.5796,1.727,0,0,0,100,15.05,0.2029,403.9,200,1,0,0.261,1,1,1,1,1,1,1,4,4,-1,[ OK ]
761.2,17-Jul-26 13:14:39,880.7,166.7,0.1381,119.4,0.2709,0.5791,1.733,0,0,0,100,15.05,0.2009,404.2,200,1,0,0.2676,1,1,1,1,1,1,1,4,4,-1,[ OK ]
761.6,17-Jul-26 13:14:39,881.1,166.7,0.1379,120,0.2732,0.5788,1.736,0,0,0,100,15.05,0.2016,404,200,1,0,0.2501,1,1,1,1,1,1,1,4,4,-1,[ OK ]
762.0,17-Jul-26 13:14:39,881.5,166.7,0.138,119.8,0.2723,0.5787,1.737,0,0,0,100,15.05,0.2013,403.8,200,1,0,0.2496,1,1,1,1,1,1,1,4,4,-1,[ OK ]
762.4,17-Jul-26 13:14:40,881.9,166.7,0.1379,119.9,0.2721,0.5791,1.732,0,0,0,100,15.05,0.2016,404.1,200,1,0,0.2606,1,1,1,1,1,1,1,4,4,-1,[ OK ]
762.8,17-Jul-26 13:14:40,882.4,166.7,0.1379,120.1,0.2735,0.5791,1.732,0,0,0,100,15.05,0.2009,403.8,200,1,0,0.2551,1,1,1,1,1,1,1,4,4,-1,[ OK ]
763.2,17-Jul-26 13:14:41,882.8,166.7,0.1378,120.3,0.2721,0.579,1.733,0,0,0,100,15.05,0.2017,403.8,200,1,0,0.2556,1,1,1,1,1,1,1,4,4,-1,[ OK ]
763.7,17-Jul-26 13:14:41,883.2,166.7,0.1379,120,0.27,0.579,1.733,0,0,0,100,15.05,0.2013,404.2,200,1,0,0.2434,1,1,1,1,1,1,1,4,4,-1,[ OK ]
764.1,17-Jul-26 13:14:42,883.6,166.7,0.1378,120.2,0.2744,0.5789,1.735,0,0,0,100,15.05,0.2002,403.9,200,1,0,0.2672,1,1,1,1,1,1,1,4,4,-1,[ OK ]
764.5,17-Jul-26 13:14:42,884,166.7,0.1379,120,0.2752,0.5797,1.726,0,0,0,100,15.05,0.2014,403.9,200,1,0,0.2617,1,1,1,1,1,1,1,4,4,-1,[ OK ]
764.9,17-Jul-26 13:14:42,884.4,166.7,0.1376,120.6,0.2735,0.5791,1.733,0,0,0,100,15.05,0.2017,404.1,200,1,0,0.2616,1,1,1,1,1,1,1,4,4,-1,[ OK ]
765.3,17-Jul-26 13:14:43,884.9,166.7,0.1381,119.4,0.2719,0.5792,1.73,0,0,0,100,15.05,0.202,403.8,200,1,0,0.2664,1,1,1,1,1,1,1,4,4,-1,[ OK ]
765.8,17-Jul-26 13:14:43,885.3,166.7,0.1379,120,0.2725,0.5794,1.727,0,0,0,100,15.05,0.2011,404.3,200,1,0,0.2583,1,1,1,1,1,1,1,4,4,-1,[ OK ]
766.2,17-Jul-26 13:14:44,885.7,166.7,0.1378,120.2,0.2741,0.5787,1.736,0,0,0,100,15.05,0.2016,403.9,200,1,0,0.2601,1,1,1,1,1,1,1,4,4,-1,[ OK ]
766.6,17-Jul-26 13:14:44,886.1,166.7,0.1378,120.1,0.2717,0.5789,1.733,0,0,0,100,15.05,0.2008,404.2,200,1,0,0.2664,1,1,1,1,1,1,1,4,4,-1,[ OK ]
767.0,17-Jul-26 13:14:44,886.5,166.7,0.138,119.4,0.2699,0.5797,1.725,0,0,0,100,15.05,0.2007,404.1,200,1,0,0.277,1,1,1,1,1,1,1,4,4,-1,[ OK ]
767.4,17-Jul-26 13:14:45,887,166.7,0.1377,120.3,0.2735,0.5796,1.725,0,0,0,100,15.05,0.201,404.2,200,1,0,0.265,1,1,1,1,1,1,1,4,4,-1,[ OK ]
767.9,17-Jul-26 13:14:45,887.4,166.7,0.1379,119.7,0.2754,0.579,1.732,0,0,0,100,15.05,0.2007,403.9,200,1,0,0.2705,1,1,1,1,1,1,1,4,4,-1,[ OK ]
768.3,17-Jul-26 13:14:46,887.8,166.7,0.1379,119.8,0.2724,0.5794,1.727,0,0,0,100,15.05,0.2014,404.1,200,1,0,0.2622,1,1,1,1,1,1,1,4,4,-1,[ OK ]
768.7,17-Jul-26 13:14:46,888.2,166.7,0.1381,119.4,0.2715,0.5788,1.734,0,0,0,100,15.05,0.2019,404,200,1,0,0.2629,1,1,1,1,1,1,1,4,4,-1,[ OK ]
769.1,17-Jul-26 13:14:47,888.6,166.7,0.1379,119.8,0.2734,0.5795,1.726,0,0,0,100,15.05,0.2011,403.9,200,1,0,0.269,1,1,1,1,1,1,1,4,4,-1,[ OK ]
769.5,17-Jul-26 13:14:47,889.1,166.7,0.1379,120,0.2724,0.579,1.732,0,0,0,100,15.05,0.2011,404,200,1,0,0.2632,1,1,1,1,1,1,1,4,4,-1,[ OK ]
769.9,17-Jul-26 13:14:47,889.5,166.7,0.1378,120.2,0.2776,0.5788,1.734,0,0,0,100,15.05,0.2013,404.2,200,1,0,0.2638,1,1,1,1,1,1,1,4,4,-1,[ OK ]
770.4,17-Jul-26 13:14:48,889.9,166.7,0.1376,120.8,0.2771,0.5791,1.73,0,0,0,100,15.05,0.2011,403.8,200,1,0,0.2679,1,1,1,1,1,1,1,4,4,-1,[ OK ]
770.8,17-Jul-26 13:14:48,890.3,166.7,0.1378,120.2,0.2761,0.5795,1.726,0,0,0,100,15.05,0.2,404.2,200,1,0,0.2751,1,1,1,1,1,1,1,4,4,-1,[ OK ]
771.2,17-Jul-26 13:14:49,890.7,166.7,0.1378,120,0.2722,0.579,1.732,0,0,0,100,15.05,0.2012,404,200,1,0,0.2562,1,1,1,1,1,1,1,4,4,-1,[ OK ]
771.6,17-Jul-26 13:14:49,891.1,166.7,0.1377,120.2,0.2708,0.5796,1.724,0,0,0,100,15.05,0.2013,404,200,1,0,0.2743,1,1,1,1,1,1,1,4,4,-1,[ OK ]
772.0,17-Jul-26 13:14:49,891.6,166.7,0.1378,120,0.2749,0.5793,1.727,0,0,0,100,15.05,0.2026,404,200,1,0,0.2625,1,1,1,1,1,1,1,4,4,-1,[ OK ]
772.5,17-Jul-26 13:14:50,892,166.7,0.1378,120.1,0.2729,0.5787,1.734,0,0,0,100,15.05,0.2011,404.1,200,1,0,0.2669,1,1,1,1,1,1,1,4,4,-1,[ OK ]
772.9,17-Jul-26 13:14:50,892.4,166.7,0.1376,120.5,0.2738,0.5789,1.732,0,0,0,100,15.05,0.2016,404.2,200,1,0,0.2609,1,1,1,1,1,1,1,4,4,-1,[ OK ]
773.3,17-Jul-26 13:14:51,892.8,166.7,0.1378,120,0.2757,0.5794,1.727,0,0,0,100,15.05,0.2015,404.1,200,1,0,0.2733,1,1,1,1,1,1,1,4,4,-1,[ OK ]
773.7,17-Jul-26 13:14:51,893.2,166.7,0.1378,120,0.274,0.5788,1.734,0,0,0,100,15.05,0.2018,403.9,200,1,0,0.2685,1,1,1,1,1,1,1,4,4,-1,[ OK ]
774.1,17-Jul-26 13:14:52,893.7,166.7,0.138,119.5,0.2742,0.5794,1.727,0,0,0,100,15.05,0.2016,403.8,200,1,0,0.2613,1,1,1,1,1,1,1,4,4,-1,[ OK ]
774.6,17-Jul-26 13:14:52,894.1,166.7,0.1379,119.8,0.2811,0.5796,1.726,0,0,0,100,15.05,0.2008,403.9,200,1,0,0.2764,1,1,1,1,1,1,1,4,4,-1,[ OK ]
775.0,17-Jul-26 13:14:52,894.5,166.7,0.1379,119.8,0.2703,0.5796,1.726,0,0,0,100,15.05,0.2015,403.9,200,1,0,0.257,1,1,1,1,1,1,1,4,4,-1,[ OK ]
775.4,17-Jul-26 13:14:53,894.9,166.7,0.1377,120.3,0.2744,0.5791,1.732,0,0,0,100,15.05,0.2006,403.9,200,1,0,0.2626,1,1,1,1,1,1,1,4,4,-1,[ OK ]
775.8,17-Jul-26 13:14:53,895.3,166.7,0.1376,120.3,0.274,0.579,1.732,0,0,0,100,15.05,0.2016,404.2,200,1,0,0.2606,1,1,1,1,1,1,1,4,4,-1,[ OK ]
776.2,17-Jul-26 13:14:54,895.7,166.7,0.1376,120.6,0.279,0.579,1.733,0,0,0,100,15.05,0.2013,403.9,200,1,0,0.2738,1,1,1,1,1,1,1,4,4,-1,[ OK ]
776.6,17-Jul-26 13:14:54,896.2,166.7,0.138,119.5,0.2708,0.5794,1.727,0,0,0,100,15.05,0.2021,403.9,200,1,0,0.2697,1,1,1,1,1,1,1,4,4,-1,[ OK ]
777.1,17-Jul-26 13:14:54,896.6,166.7,0.1379,119.7,0.2743,0.5789,1.733,0,0,0,100,15.05,0.2009,404,200,1,0,0.2695,1,1,1,1,1,1,1,4,4,-1,[ OK ]
777.5,17-Jul-26 13:14:55,897,166.7,0.1378,120,0.2737,0.579,1.732,0,0,0,100,15.05,0.2003,404.2,200,1,0,0.2692,1,1,1,1,1,1,1,4,4,-1,[ OK ]
777.9,17-Jul-26 13:14:55,897.4,166.7,0.1381,119.2,0.2699,0.579,1.732,0,0,0,100,15.05,0.2016,404,200,1,0,0.2785,1,1,1,1,1,1,1,4,4,-1,[ OK ]
778.3,17-Jul-26 13:14:56,897.8,166.7,0.1377,120.2,0.2738,0.5794,1.726,0,0,0,100,15.05,0.2016,403.8,200,1,0,0.2624,1,1,1,1,1,1,1,4,4,-1,[ OK ]
778.7,17-Jul-26 13:14:56,898.3,166.7,0.1382,119.1,0.2747,0.5794,1.726,0,0,0,100,15.05,0.2014,403.8,200,1,0,0.2584,1,1,1,1,1,1,1,4,4,-1,[ OK ]
779.1,17-Jul-26 13:14:57,898.7,166.7,0.138,119.6,0.2739,0.5796,1.723,0,0,0,100,15.05,0.2006,404.2,200,1,0,0.2663,1,1,1,1,1,1,1,4,4,-1,[ OK ]
779.6,17-Jul-26 13:14:57,899.1,166.7,0.1379,119.9,0.2767,0.5795,1.725,0,0,0,100,15.05,0.2012,404.2,200,1,0,0.264,1,1,1,1,1,1,1,4,4,-1,[ OK ]
780.0,17-Jul-26 13:14:57,899.5,166.7,0.138,119.5,0.2745,0.5788,1.734,0,0,0,100,15.05,0.2015,403.9,200,1,0,0.2696,1,1,1,1,1,1,1,4,4,-1,[ OK ]
780.4,17-Jul-26 13:14:58,899.9,166.7,0.1377,120.3,0.2747,0.5788,1.733,0,0,0,100,15.05,0.2018,404.2,200,1,0,0.2673,1,1,1,1,1,1,1,4,4,-1,[ OK ]
780.8,17-Jul-26 13:14:58,900.4,166.7,0.1378,120,0.2765,0.5795,1.725,0,0,0,100,15.05,0.2011,403.8,200,1,0,0.2674,1,1,1,1,1,1,1,4,4,-1,[ OK ]
781.2,17-Jul-26 13:14:59,900.8,166.7,0.1378,120.2,0.2752,0.5792,1.729,0,0,0,100,15.05,0.2017,403.8,200,1,0,0.2667,1,1,1,1,1,1,1,4,4,-1,[ OK ]
781.7,17-Jul-26 13:14:59,901.2,166.7,0.1379,119.9,0.2748,0.5793,1.727,0,0,0,100,15.05,0.202,404.1,200,1,0,0.2663,1,1,1,1,1,1,1,4,4,-1,[ OK ]
782.1,17-Jul-26 13:15:00,901.6,166.7,0.1378,120.1,0.2737,0.5787,1.734,0,0,0,100,15.05,0.2012,404,200,1,0,0.2664,1,1,1,1,1,1,1,4,4,-1,[ OK ]
782.5,17-Jul-26 13:15:00,902,166.7,0.1378,120.1,0.2783,0.5793,1.727,0,0,0,100,15.05,0.201,404,200,1,0,0.2673,1,1,1,1,1,1,1,4,4,-1,[ OK ]
782.9,17-Jul-26 13:15:00,902.4,166.7,0.1381,119.4,0.2712,0.5796,1.724,0,0,0,100,15.05,0.2007,404.2,200,1,0,0.2726,1,1,1,1,1,1,1,4,4,-1,[ OK ]
783.3,17-Jul-26 13:15:01,902.9,166.7,0.138,119.6,0.2728,0.5789,1.732,0,0,0,100,15.05,0.2013,403.8,200,1,0,0.2671,1,1,1,1,1,1,1,4,4,-1,[ OK ]
783.8,17-Jul-26 13:15:01,903.3,166.7,0.1375,121,0.2764,0.5793,1.727,0,0,0,100,15.05,0.2016,404.2,200,1,0,0.2641,1,1,1,1,1,1,1,4,4,-1,[ OK ]
784.2,17-Jul-26 13:15:02,903.7,166.7,0.1382,119.1,0.2738,0.5796,1.724,0,0,0,100,15.05,0.201,404,200,1,0,0.2723,1,1,1,1,1,1,1,4,4,-1,[ OK ]
784.6,17-Jul-26 13:15:02,904.1,166.7,0.1379,120,0.2753,0.5793,1.727,0,0,0,100,15.05,0.2015,404,200,1,0,0.2635,1,1,1,1,1,1,1,4,4,-1,[ OK ]
785.0,17-Jul-26 13:15:02,904.5,166.7,0.1379,120.1,0.2744,0.5795,1.726,0,0,0,100,15.05,0.2015,403.8,200,1,0,0.2769,1,1,1,1,1,1,1,4,4,-1,[ OK ]
785.4,17-Jul-26 13:15:03,905,166.7,0.1379,120.2,0.2743,0.5795,1.725,0,0,0,100,15.05,0.2016,404.2,200,1,0,0.2631,1,1,1,1,1,1,1,4,4,-1,[ OK ]
785.9,17-Jul-26 13:15:03,905.4,166.7,0.1379,120.2,0.2741,0.5793,1.727,0,0,0,100,15.05,0.2016,403.8,200,1,0,0.2669,1,1,1,1,1,1,1,4,4,-1,[ OK ]
786.3,17-Jul-26 13:15:04,905.8,166.7,0.138,120,0.2733,0.5794,1.726,0,0,0,100,15.05,0.2014,404.2,200,1,0,0.2688,1,1,1,1,1,1,1,4,4,-1,[ OK ]
786.7,17-Jul-26 13:15:04,906.2,166.7,0.1382,119.5,0.2732,0.5796,1.724,0,0,0,100,15.05,0.2008,404.2,200,1,0,0.2603,1,1,1,1,1,1,1,4,4,-1,[ OK ]
787.1,17-Jul-26 13:15:05,906.6,166.7,0.1379,120.2,0.2759,0.5787,1.734,0,0,0,100,15.05,0.2012,404.2,200,1,0,0.2632,1,1,1,1,1,1,1,4,4,-1,[ OK ]
787.5,17-Jul-26 13:15:05,907.1,166.7,0.1379,120.2,0.2747,0.5788,1.734,0,0,0,100,15.05,0.2017,404.1,200,1,0,0.2714,1,1,1,1,1,1,1,4,4,-1,[ OK ]
787.9,17-Jul-26 13:15:05,907.5,166.7,0.1379,120.1,0.2729,0.5796,1.725,0,0,0,100,15.05,0.2008,404,200,1,0,0.2657,1,1,1,1,1,1,1,4,4,-1,[ OK ]
788.4,17-Jul-26 13:15:06,907.9,166.7,0.1381,119.6,0.2744,0.5787,1.734,0,0,0,100,15.05,0.2012,404.1,200,1,0,0.2641,1,1,1,1,1,1,1,4,4,-1,[ OK ]
788.8,17-Jul-26 13:15:06,908.3,166.7,0.1379,120.2,0.2719,0.579,1.731,0,0,0,100,15.05,0.2019,403.9,200,1,0,0.2647,1,1,1,1,1,1,1,4,4,-1,[ OK ]
789.2,17-Jul-26 13:15:07,908.7,166.7,0.1382,119.3,0.2728,0.5786,1.735,0,0,0,100,15.05,0.2015,404.2,200,1,0,0.2633,1,1,1,1,1,1,1,4,4,-1,[ OK ]
789.6,17-Jul-26 13:15:07,909.2,166.7,0.1378,120.4,0.2775,0.5794,1.727,0,0,0,100,15.05,0.2016,403.8,200,1,0,0.2685,1,1,1,1,1,1,1,4,4,-1,[ OK ]
790.0,17-Jul-26 13:15:07,909.6,166.7,0.1378,120.3,0.2745,0.5795,1.725,0,0,0,100,15.05,0.2019,403.9,200,1,0,0.2623,1,1,1,1,1,1,1,4,4,-1,[ OK ]
790.5,17-Jul-26 13:15:08,910,166.7,0.1381,119.4,0.2757,0.5789,1.733,0,0,0,100,15.05,0.2002,404,200,1,0,0.2681,1,1,1,1,1,1,1,4,4,-1,[ OK ]
790.9,17-Jul-26 13:15:08,910.4,166.7,0.1378,120.3,0.2756,0.5795,1.726,0,0,0,100,15.05,0.2023,403.8,200,1,0,0.2647,1,1,1,1,1,1,1,4,4,-1,[ OK ]
791.3,17-Jul-26 13:15:09,910.8,166.7,0.138,119.9,0.2787,0.5789,1.732,0,0,0,100,15.05,0.2015,404,200,1,0,0.2624,1,1,1,1,1,1,1,4,4,-1,[ OK ]
791.7,17-Jul-26 13:15:09,911.2,166.7,0.1378,120.3,0.2751,0.5791,1.731,0,0,0,100,15.05,0.2013,403.9,200,1,0,0.2616,1,1,1,1,1,1,1,4,4,-1,[ OK ]
792.1,17-Jul-26 13:15:10,911.7,166.7,0.1378,120.4,0.2759,0.5788,1.735,0,0,0,100,15.05,0.2013,404.6,200,1,0,0.272,1,1,1,1,1,1,1,4,4,-1,[ OK ]
792.6,17-Jul-26 13:15:10,912.1,166.7,0.1379,119.9,0.2616,0.5796,1.725,0,0,0,100,15.05,0.2004,404.1,200,1,0,0.2648,1,1,1,1,1,1,1,4,4,-1,[ OK ]
793.0,17-Jul-26 13:15:10,912.5,166.7,0.138,119.8,0.2745,0.5788,1.734,0,0,0,100,15.05,0.201,403.8,200,1,0,0.2649,1,1,1,1,1,1,1,4,4,-1,[ OK ]
793.5,17-Jul-26 13:15:11,913,166.7,0.1378,120.2,0.274,0.5794,1.727,0,0,0,100,15.05,0.2017,404.1,200,1,0,0.2627,1,1,1,1,1,1,1,4,4,-1,[ OK ]
793.9,17-Jul-26 13:15:11,913.4,166.7,0.1379,120,0.2773,0.5794,1.727,0,0,0,100,15.05,0.2011,404.2,200,1,0,0.2679,1,1,1,1,1,1,1,4,4,-1,[ OK ]
794.4,17-Jul-26 13:15:12,914,166.7,0.1379,119.9,0.2726,0.579,1.731,0,0,0,100,15.05,0.2007,403.9,200,1,0,0.2686,1,1,1,1,1,1,1,4,4,-1,[ OK ]
794.9,17-Jul-26 13:15:12,914.4,166.7,0.1379,119.8,0.2776,0.5793,1.729,0,0,0,100,15.05,0.2013,403.8,200,1,0,0.2611,1,1,1,1,1,1,1,4,4,-1,[ OK ]
795.3,17-Jul-26 13:15:13,914.8,166.7,0.1378,120.1,0.2707,0.5793,1.728,0,0,0,100,15.05,0.2004,404,200,1,0,0.2729,1,1,1,1,1,1,1,4,4,-1,[ OK ]
795.7,17-Jul-26 13:15:13,915.2,166.7,0.138,119.7,0.2774,0.579,1.733,0,0,0,100,15.05,0.2016,403.9,200,1,0,0.246,1,1,1,1,1,1,1,4,4,-1,[ OK ]
796.1,17-Jul-26 13:15:14,915.6,166.7,0.138,119.8,0.276,0.579,1.733,0,0,0,100,15.05,0.2022,404.1,200,1,0,0.2796,1,1,1,1,1,1,1,4,4,-1,[ OK ]
796.6,17-Jul-26 13:15:14,916.2,166.7,0.1379,120.1,0.2713,0.5794,1.728,0,0,0,100,15.05,0.2013,403.8,200,1,0,0.2778,1,1,1,1,1,1,1,4,4,-1,[ OK ]
797.0,17-Jul-26 13:15:14,916.6,166.7,0.138,119.9,0.275,0.5795,1.727,0,0,0,100,15.05,0.2013,403.8,200,1,0,0.2757,1,1,1,1,1,1,1,4,4,-1,[ OK ]
797.5,17-Jul-26 13:15:15,917,166.7,0.1377,120.7,0.279,0.5794,1.728,0,0,0,100,15.05,0.2014,403.9,200,1,0,0.269,1,1,1,1,1,1,1,4,4,-1,[ OK ]
797.9,17-Jul-26 13:15:15,917.4,166.7,0.1378,120.3,0.2742,0.5789,1.734,0,0,0,100,15.05,0.2011,403.9,200,1,0,0.2652,1,1,1,1,1,1,1,4,4,-1,[ OK ]
798.3,17-Jul-26 13:15:16,917.8,166.7,0.1378,120.2,0.2748,0.5789,1.733,0,0,0,100,15.05,0.2018,403.9,200,1,0,0.2662,1,1,1,1,1,1,1,4,4,-1,[ OK ]
798.6,17-Jul-26 13:15:16,918.2,166.7,0.138,119.9,0.2757,0.5788,1.734,0,0,0,100,15.05,0.2013,403.8,200,1,0,0.2683,1,1,1,1,1,1,1,4,4,-1,[ OK ]
799.0,17-Jul-26 13:15:16,918.6,166.7,0.1379,120.1,0.2731,0.5789,1.732,0,0,0,100,15.05,0.2018,403.8,200,1,0,0.2595,1,1,1,1,1,1,1,4,4,-1,[ OK ]
799.5,17-Jul-26 13:15:17,919,166.7,0.1381,119.7,0.2746,0.5795,1.724,0,0,0,100,15.05,0.2043,404,200,1,0,0.2264,1,1,1,1,1,1,1,4,4,-1,[ OK ]
799.9,17-Jul-26 13:15:17,919.4,166.7,0.1379,120,0.2743,0.5792,1.729,0,0,0,100,15.05,0.2025,403.9,200,1,0,0.2605,1,1,1,1,1,1,1,4,4,-1,[ OK ]
800.3,17-Jul-26 13:15:18,919.8,166.7,0.138,119.7,0.2759,0.5794,1.727,0,0,0,100,15.05,0.2023,404.2,200,1,0,0.2647,1,1,1,1,1,1,1,4,4,-1,[ OK ]
800.7,17-Jul-26 13:15:18,920.2,166.7,0.1379,120.1,0.2713,0.5796,1.725,0,0,0,100,15.05,0.2012,403.9,200,1,0,0.2374,1,1,1,1,1,1,1,4,4,-1,[ OK ]
801.1,17-Jul-26 13:15:19,920.7,166.7,0.1378,120.3,0.2744,0.5789,1.733,0,0,0,100,15.05,0.2008,403.9,200,1,0,0.2657,1,1,1,1,1,1,1,4,4,-1,[ OK ]
801.6,17-Jul-26 13:15:19,921.1,166.7,0.1378,120.3,0.2754,0.5794,1.727,0,0,0,100,15.05,0.2009,404.1,200,1,0,0.2668,1,1,1,1,1,1,1,4,4,-1,[ OK ]
802.0,17-Jul-26 13:15:19,921.5,166.7,0.138,119.7,0.276,0.5788,1.735,0,0,0,100,15.05,0.2012,404,200,1,0,0.2656,1,1,1,1,1,1,1,4,4,-1,[ OK ]
802.4,17-Jul-26 13:15:20,921.9,166.7,0.1378,120.3,0.2744,0.5794,1.729,0,0,0,100,15.05,0.2009,403.8,200,1,0,0.2675,1,1,1,1,1,1,1,4,4,-1,[ OK ]
802.8,17-Jul-26 13:15:20,922.3,166.7,0.1379,120.2,0.2756,0.5791,1.732,0,0,0,100,15.05,0.2013,403.8,200,1,0,0.2764,1,1,1,1,1,1,1,4,4,-1,[ OK ]
803.2,17-Jul-26 13:15:21,922.8,166.7,0.138,119.7,0.2735,0.5797,1.726,0,0,0,100,15.05,0.2012,404.2,200,1,0,0.2707,1,1,1,1,1,1,1,4,4,-1,[ OK ]
803.7,17-Jul-26 13:15:21,923.2,166.7,0.138,119.9,0.2734,0.5792,1.731,0,0,0,100,15.05,0.2021,403.8,200,1,0,0.2623,1,1,1,1,1,1,1,4,4,-1,[ OK ]
804.1,17-Jul-26 13:15:22,923.6,166.7,0.1379,120.2,0.2768,0.5796,1.726,0,0,0,100,15.05,0.2029,403.8,200,1,0,0.2802,1,1,1,1,1,1,1,4,4,-1,[ OK ]
804.5,17-Jul-26 13:15:22,924,166.7,0.138,119.7,0.2742,0.5793,1.729,0,0,0,100,15.05,0.2008,404.1,200,1,0,0.2605,1,1,1,1,1,1,1,4,4,-1,[ OK ]
805.0,17-Jul-26 13:15:22,924.5,166.7,0.1378,120.2,0.2736,0.5786,1.738,0,0,0,100,15.05,0.2016,403.8,200,1,0,0.2644,1,1,1,1,1,1,1,4,4,-1,[ OK ]
805.4,17-Jul-26 13:15:23,925,166.7,0.1378,120.2,0.276,0.5791,1.732,0,0,0,100,15.05,0.2024,404.2,200,1,0,0.2655,1,1,1,1,1,1,1,4,4,-1,[ OK ]
805.9,17-Jul-26 13:15:23,925.4,166.7,0.1379,120.1,0.2728,0.5788,1.735,0,0,0,100,15.05,0.2014,403.8,200,1,0,0.2655,1,1,1,1,1,1,1,4,4,-1,[ OK ]
806.3,17-Jul-26 13:15:24,925.8,166.7,0.138,119.9,0.2747,0.5795,1.727,0,0,0,100,15.05,0.2014,404.1,200,1,0,0.2638,1,1,1,1,1,1,1,4,4,-1,[ OK ]
806.7,17-Jul-26 13:15:24,926.2,166.7,0.1379,120.1,0.2761,0.5788,1.735,0,0,0,100,15.05,0.2009,404.1,200,1,0,0.268,1,1,1,1,1,1,1,4,4,-1,[ OK ]
807.1,17-Jul-26 13:15:25,926.6,166.7,0.1378,120.2,0.2726,0.5797,1.726,0,0,0,100,15.05,0.2009,404.2,200,1,0,0.2615,1,1,1,1,1,1,1,4,4,-1,[ OK ]
807.5,17-Jul-26 13:15:25,927.1,166.7,0.1383,119.1,0.2758,0.5791,1.732,0,0,0,100,15.05,0.2024,404.1,200,1,0,0.2684,1,1,1,1,1,1,1,4,4,-1,[ OK ]
808.0,17-Jul-26 13:15:25,927.5,166.7,0.1379,120,0.2774,0.5797,1.725,0,0,0,100,15.05,0.2019,404.2,200,1,0,0.2686,1,1,1,1,1,1,1,4,4,-1,[ OK ]
808.4,17-Jul-26 13:15:26,927.9,166.7,0.138,119.9,0.2747,0.5798,1.724,0,0,0,100,15.05,0.2011,404,200,1,0,0.2707,1,1,1,1,1,1,1,4,4,-1,[ OK ]
808.8,17-Jul-26 13:15:26,928.3,166.7,0.1378,120.2,0.2737,0.5795,1.728,0,0,0,100,15.05,0.2019,404,200,1,0,0.2659,1,1,1,1,1,1,1,4,4,-1,[ OK ]
809.2,17-Jul-26 13:15:27,928.7,166.7,0.138,119.8,0.2758,0.5791,1.733,0,0,0,100,15.05,0.2004,404,200,1,0,0.2611,1,1,1,1,1,1,1,4,4,-1,[ OK ]
809.6,17-Jul-26 13:15:27,929.2,166.7,0.1377,120.5,0.2781,0.579,1.733,0,0,0,100,15.05,0.2009,403.9,200,1,0,0.2731,1,1,1,1,1,1,1,4,4,-1,[ OK ]
810.0,17-Jul-26 13:15:27,929.6,166.7,0.1381,119.5,0.2768,0.5795,1.727,0,0,0,100,15.05,0.2027,404.1,200,1,0,0.2614,1,1,1,1,1,1,1,4,4,-1,[ OK ]
810.5,17-Jul-26 13:15:28,930,166.7,0.1379,119.9,0.2697,0.5797,1.724,0,0,0,100,15.05,0.2017,404.1,200,1,0,0.2664,1,1,1,1,1,1,1,4,4,-1,[ OK ]
810.9,17-Jul-26 13:15:28,930.4,166.7,0.1378,120,0.2752,0.5796,1.726,0,0,0,100,15.05,0.2009,403.9,200,1,0,0.266,1,1,1,1,1,1,1,4,4,-1,[ OK ]
811.3,17-Jul-26 13:15:29,930.8,166.7,0.1378,120.2,0.275,0.5795,1.726,0,0,0,100,15.05,0.2005,404.2,200,1,0,0.2669,1,1,1,1,1,1,1,4,4,-1,[ OK ]
811.7,17-Jul-26 13:15:29,931.2,166.7,0.138,119.5,0.2733,0.5791,1.731,0,0,0,100,15.05,0.2008,404.1,200,1,0,0.2699,1,1,1,1,1,1,1,4,4,-1,[ OK ]
812.1,17-Jul-26 13:15:30,931.7,166.7,0.1378,120,0.2737,0.5795,1.726,0,0,0,100,15.05,0.2013,404,200,1,0,0.2679,1,1,1,1,1,1,1,4,4,-1,[ OK ]
812.5,17-Jul-26 13:15:30,932.1,166.7,0.1378,120,0.2764,0.5794,1.726,0,0,0,100,15.05,0.201,403.9,200,1,0,0.2641,1,1,1,1,1,1,1,4,4,-1,[ OK ]
813.0,17-Jul-26 13:15:30,932.5,166.7,0.1379,119.8,0.2772,0.5791,1.73,0,0,0,100,15.05,0.2007,403.9,200,1,0,0.263,1,1,1,1,1,1,1,4,4,-1,[ OK ]
813.4,17-Jul-26 13:15:31,932.9,166.7,0.1379,119.9,0.2704,0.5795,1.725,0,0,0,100,15.05,0.2015,403.9,200,1,0,0.2652,1,1,1,1,1,1,1,4,4,-1,[ OK ]
813.8,17-Jul-26 13:15:31,933.3,166.7,0.1378,120.1,0.2759,0.5794,1.725,0,0,0,100,15.05,0.2013,404.1,200,1,0,0.2646,1,1,1,1,1,1,1,4,4,-1,[ OK ]
814.2,17-Jul-26 13:15:32,933.8,166.7,0.1378,120.2,0.2744,0.5788,1.733,0,0,0,100,15.05,0.202,403.8,200,1,0,0.2706,1,1,1,1,1,1,1,4,4,-1,[ OK ]
814.6,17-Jul-26 13:15:32,934.2,166.7,0.1379,119.9,0.2768,0.579,1.731,0,0,0,100,15.05,0.2031,403.9,200,1,0,0.2604,1,1,1,1,1,1,1,4,4,-1,[ OK ]
815.1,17-Jul-26 13:15:33,934.6,166.7,0.1379,119.8,0.2773,0.5792,1.729,0,0,0,100,15.05,0.2016,404.2,200,1,0,0.2716,1,1,1,1,1,1,1,4,4,-1,[ OK ]
815.5,17-Jul-26 13:15:33,935,166.7,0.138,119.7,0.276,0.5791,1.73,0,0,0,100,15.05,0.2014,404.1,200,1,0,0.2698,1,1,1,1,1,1,1,4,4,-1,[ OK ]
816.0,17-Jul-26 13:15:33,935.5,166.7,0.1379,120,0.2712,0.5794,1.727,0,0,0,100,15.05,0.2016,403.8,200,1,0,0.2712,1,1,1,1,1,1,1,4,4,-1,[ OK ]
816.5,17-Jul-26 13:15:34,936.1,166.7,0.138,119.7,0.2769,0.5789,1.732,0,0,0,100,15.05,0.2023,403.9,200,1,0,0.2656,1,1,1,1,1,1,1,4,4,-1,[ OK ]
817.0,17-Jul-26 13:15:34,936.6,166.7,0.1379,120.1,0.2727,0.5789,1.731,0,0,0,100,15.05,0.2008,403.9,200,1,0,0.2659,1,1,1,1,1,1,1,4,4,-1,[ OK ]
817.5,17-Jul-26 13:15:35,937,166.7,0.1382,119.3,0.2753,0.579,1.731,0,0,0,100,15.05,0.2013,404.2,200,1,0,0.2683,1,1,1,1,1,1,1,4,4,-1,[ OK ]
817.9,17-Jul-26 13:15:35,937.4,166.7,0.1378,120.4,0.2742,0.5793,1.727,0,0,0,100,15.05,0.2019,403.9,200,1,0,0.2535,1,1,1,1,1,1,1,4,4,-1,[ OK ]
818.3,17-Jul-26 13:15:36,937.8,166.7,0.1382,119.3,0.2747,0.5789,1.733,0,0,0,100,15.05,0.2019,404.2,200,1,0,0.2801,1,1,1,1,1,1,1,4,4,-1,[ OK ]
818.7,17-Jul-26 13:15:36,938.3,166.7,0.1378,120.6,0.2799,0.5793,1.727,0,0,0,100,15.05,0.202,403.8,200,1,0,0.2719,1,1,1,1,1,1,1,4,4,-1,[ OK ]
819.1,17-Jul-26 13:15:37,938.7,166.7,0.1378,120.4,0.2733,0.5791,1.73,0,0,0,100,15.05,0.2011,403.9,200,1,0,0.2709,1,1,1,1,1,1,1,4,4,-1,[ OK ]
819.6,17-Jul-26 13:15:37,939.1,166.7,0.1382,119.3,0.275,0.5788,1.732,0,0,0,100,15.05,0.2009,404.2,200,1,0,0.276,1,1,1,1,1,1,1,4,4,-1,[ OK ]
820.0,17-Jul-26 13:15:37,939.5,166.7,0.1381,119.7,0.2767,0.5787,1.734,0,0,0,100,15.05,0.2015,403.9,200,1,0,0.2675,1,1,1,1,1,1,1,4,4,-1,[ OK ]
820.4,17-Jul-26 13:15:38,939.9,166.7,0.1378,120.4,0.2761,0.5793,1.727,0,0,0,100,15.05,0.2024,404,200,1,0,0.2575,1,1,1,1,1,1,1,4,4,-1,[ OK ]
820.8,17-Jul-26 13:15:38,940.3,166.7,0.1381,119.5,0.2776,0.5787,1.734,0,0,0,100,15.05,0.2018,404.2,200,1,0,0.2644,1,1,1,1,1,1,1,4,4,-1,[ OK ]
821.2,17-Jul-26 13:15:39,940.8,166.7,0.1379,120.1,0.2756,0.5789,1.732,0,0,0,100,15.05,0.2006,404.2,200,1,0,0.284,1,1,1,1,1,1,1,4,4,-1,[ OK ]
821.7,17-Jul-26 13:15:39,941.2,166.7,0.1378,120.3,0.2768,0.5789,1.732,0,0,0,100,15.05,0.2013,403.9,200,1,0,0.2489,1,1,1,1,1,1,1,4,4,-1,[ OK ]
822.1,17-Jul-26 13:15:40,941.6,166.7,0.138,119.9,0.2731,0.5789,1.732,0,0,0,100,15.05,0.2019,404.3,200,1,0,0.2638,1,1,1,1,1,1,1,4,4,-1,[ OK ]
822.5,17-Jul-26 13:15:40,942,166.7,0.1381,119.8,0.2774,0.5792,1.729,0,0,0,100,15.05,0.2004,404.2,200,1,0,0.2682,1,1,1,1,1,1,1,4,4,-1,[ OK ]
822.9,17-Jul-26 13:15:40,942.4,166.7,0.138,120.1,0.2726,0.5786,1.735,0,0,0,100,15.05,0.2013,404.2,200,1,0,0.2693,1,1,1,1,1,1,1,4,4,-1,[ OK ]
823.3,17-Jul-26 13:15:41,942.9,166.7,0.1382,119.3,0.2757,0.5791,1.73,0,0,0,100,15.05,0.2017,404.1,200,1,0,0.2664,1,1,1,1,1,1,1,4,4,-1,[ OK ]
823.8,17-Jul-26 13:15:41,943.3,166.7,0.1378,120.3,0.2838,0.5795,1.725,0,0,0,100,15.05,0.2024,403.9,200,1,0,0.2653,1,1,1,1,1,1,1,4,4,-1,[ OK ]
824.2,17-Jul-26 13:15:42,943.7,166.7,0.1379,120.2,0.2753,0.5787,1.735,0,0,0,100,15.05,0.2011,404.1,200,1,0,0.2745,1,1,1,1,1,1,1,4,4,-1,[ OK ]
824.6,17-Jul-26 13:15:42,944.1,166.7,0.1378,120.4,0.2758,0.5796,1.724,0,0,0,100,15.05,0.2024,404.2,200,1,0,0.2659,1,1,1,1,1,1,1,4,4,-1,[ OK ]
825.0,17-Jul-26 13:15:42,944.5,166.7,0.138,119.9,0.279,0.5795,1.726,0,0,0,100,15.05,0.2009,404,200,1,0,0.269,1,1,1,1,1,1,1,4,4,-1,[ OK ]
825.4,17-Jul-26 13:15:43,945,166.7,0.1377,120.7,0.2743,0.5787,1.735,0,0,0,100,15.05,0.2017,403.9,200,1,0,0.2546,1,1,1,1,1,1,1,4,4,-1,[ OK ]
825.8,17-Jul-26 13:15:43,945.4,166.7,0.138,120,0.2752,0.5789,1.734,0,0,0,100,15.05,0.2015,403.8,200,1,0,0.2652,1,1,1,1,1,1,1,4,4,-1,[ OK ]
826.3,17-Jul-26 13:15:44,945.8,166.7,0.138,120,0.2749,0.5796,1.725,0,0,0,100,15.05,0.2022,404.2,200,1,0,0.2635,1,1,1,1,1,1,1,4,4,-1,[ OK ]
826.7,17-Jul-26 13:15:44,946.2,166.7,0.138,119.9,0.2767,0.5792,1.73,0,0,0,100,15.05,0.2015,404.2,200,1,0,0.2578,1,1,1,1,1,1,1,4,4,-1,[ OK ]
827.1,17-Jul-26 13:15:45,946.6,166.7,0.1381,119.8,0.2762,0.5788,1.735,0,0,0,100,15.05,0.2015,403.9,200,1,0,0.2582,1,1,1,1,1,1,1,4,4,-1,[ OK ]
827.5,17-Jul-26 13:15:45,947.1,166.7,0.1379,120.1,0.2754,0.5787,1.735,0,0,0,100,15.05,0.2012,404.1,200,1,0,0.2829,1,1,1,1,1,1,1,4,4,-1,[ OK ]
827.9,17-Jul-26 13:15:45,947.5,166.7,0.1378,120.5,0.2743,0.5794,1.727,0,0,0,100,15.05,0.2005,403.8,200,1,0,0.2692,1,1,1,1,1,1,1,4,4,-1,[ OK ]
828.4,17-Jul-26 13:15:46,947.9,166.7,0.138,120,0.2741,0.5791,1.73,0,0,0,100,15.05,0.201,404.1,200,1,0,0.2671,1,1,1,1,1,1,1,4,4,-1,[ OK ]
828.8,17-Jul-26 13:15:46,948.3,166.7,0.138,120.1,0.2743,0.5792,1.73,0,0,0,100,15.05,0.2021,404,200,1,0,0.2755,1,1,1,1,1,1,1,4,4,-1,[ OK ]
829.2,17-Jul-26 13:15:47,948.7,166.7,0.138,120,0.2743,0.5787,1.736,0,0,0,100,15.05,0.2013,403.9,200,1,0,0.2676,1,1,1,1,1,1,1,4,4,-1,[ OK ]
829.6,17-Jul-26 13:15:47,949.1,166.7,0.138,119.9,0.2736,0.5795,1.727,0,0,0,100,15.05,0.2013,404.2,200,1,0,0.2664,1,1,1,1,1,1,1,4,4,-1,[ OK ]
830.0,17-Jul-26 13:15:47,949.6,166.7,0.138,119.8,0.2755,0.5794,1.729,0,0,0,100,15.05,0.2019,404.2,200,1,0,0.2743,1,1,1,1,1,1,1,4,4,-1,[ OK ]
830.4,17-Jul-26 13:15:48,950,166.7,0.1381,119.7,0.2756,0.579,1.733,0,0,0,100,15.05,0.2022,404,200,1,0,0.2669,1,1,1,1,1,1,1,4,4,-1,[ OK ]
830.9,17-Jul-26 13:15:48,950.4,166.7,0.1378,120.5,0.2758,0.5789,1.734,0,0,0,100,15.05,0.2021,403.8,200,1,0,0.2653,1,1,1,1,1,1,1,4,4,-1,[ OK ]
831.3,17-Jul-26 13:15:49,950.8,166.7,0.138,120,0.2743,0.579,1.733,0,0,0,100,15.05,0.2013,403.9,200,1,0,0.2744,1,1,1,1,1,1,1,4,4,-1,[ OK ]
831.7,17-Jul-26 13:15:49,951.2,166.7,0.1381,119.7,0.2729,0.5787,1.736,0,0,0,100,15.05,0.2027,404.2,200,1,0,0.2656,1,1,1,1,1,1,1,4,4,-1,[ OK ]
832.1,17-Jul-26 13:15:50,951.7,166.7,0.1381,119.7,0.2747,0.5794,1.728,0,0,0,100,15.05,0.2017,403.9,200,1,0,0.2722,1,1,1,1,1,1,1,4,4,-1,[ OK ]
832.5,17-Jul-26 13:15:50,952.1,166.7,0.1379,120.3,0.2713,0.5795,1.725,0,0,0,100,15.05,0.2013,403.9,200,1,0,0.264,1,1,1,1,1,1,1,4,4,-1,[ OK ]
833.0,17-Jul-26 13:15:50,952.5,166.7,0.1379,120.4,0.272,0.5788,1.734,0,0,0,100,15.05,0.2007,403.8,200,1,0,0.2709,1,1,1,1,1,1,1,4,4,-1,[ OK ]
833.4,17-Jul-26 13:15:51,952.9,166.7,0.138,120.1,0.2743,0.5794,1.727,0,0,0,100,15.05,0.2009,403.9,200,1,0,0.2738,1,1,1,1,1,1,1,4,4,-1,[ OK ]
833.8,17-Jul-26 13:15:51,953.3,166.7,0.138,119.8,0.2781,0.5795,1.727,0,0,0,100,15.05,0.202,404.2,200,1,0,0.2662,1,1,1,1,1,1,1,4,4,-1,[ OK ]
834.2,17-Jul-26 13:15:52,953.7,166.7,0.138,119.9,0.276,0.5795,1.727,0,0,0,100,15.05,0.2009,403.9,200,1,0,0.2627,1,1,1,1,1,1,1,4,4,-1,[ OK ]
834.6,17-Jul-26 13:15:52,954.2,166.7,0.138,119.9,0.2759,0.5789,1.734,0,0,0,100,15.05,0.2015,404.2,200,1,0,0.2711,1,1,1,1,1,1,1,4,4,-1,[ OK ]
835.1,17-Jul-26 13:15:52,954.6,166.7,0.1377,120.6,0.2746,0.5797,1.725,0,0,0,100,15.05,0.2021,404,200,1,0,0.2559,1,1,1,1,1,1,1,4,4,-1,[ OK ]
835.5,17-Jul-26 13:15:53,955,166.7,0.1377,120.5,0.2781,0.579,1.732,0,0,0,100,15.05,0.2023,403.9,200,1,0,0.271,1,1,1,1,1,1,1,4,4,-1,[ OK ]
835.9,17-Jul-26 13:15:53,955.4,166.7,0.1379,120,0.2729,0.579,1.732,0,0,0,100,15.05,0.2016,404,200,1,0,0.2697,1,1,1,1,1,1,1,4,4,-1,[ OK ]
836.3,17-Jul-26 13:15:54,955.8,166.7,0.1379,119.9,0.2724,0.579,1.732,0,0,0,100,15.05,0.201,404.2,200,1,0,0.2662,1,1,1,1,1,1,1,4,4,-1,[ OK ]
836.7,17-Jul-26 13:15:54,956.3,166.7,0.1379,120.1,0.2775,0.5793,1.728,0,0,0,100,15.05,0.2008,403.9,200,1,0,0.2657,1,1,1,1,1,1,1,4,4,-1,[ OK ]
837.2,17-Jul-26 13:15:55,956.7,166.7,0.1381,119.6,0.2759,0.5794,1.727,0,0,0,100,15.05,0.2023,404.2,200,1,0,0.2583,1,1,1,1,1,1,1,4,4,-1,[ OK ]
837.6,17-Jul-26 13:15:55,957.1,166.7,0.1379,120,0.2775,0.579,1.732,0,0,0,100,15.05,0.2013,404,200,1,0,0.266,1,1,1,1,1,1,1,4,4,-1,[ OK ]
838.0,17-Jul-26 13:15:55,957.5,166.7,0.1379,120.1,0.2775,0.5789,1.733,0,0,0,100,15.05,0.2022,404.1,200,1,0,0.26,1,1,1,1,1,1,1,4,4,-1,[ OK ]
838.4,17-Jul-26 13:15:56,957.9,166.7,0.138,119.8,0.273,0.5788,1.734,0,0,0,100,15.05,0.2015,404.3,200,1,0,0.267,1,1,1,1,1,1,1,4,4,-1,[ OK ]
838.8,17-Jul-26 13:15:56,958.3,166.7,0.1379,120.2,0.2752,0.5791,1.73,0,0,0,100,15.05,0.2003,403.8,200,1,0,0.2783,1,1,1,1,1,1,1,4,4,-1,[ OK ]
839.2,17-Jul-26 13:15:57,958.8,166.7,0.138,119.9,0.2755,0.5792,1.73,0,0,0,100,15.05,0.202,404.2,200,1,0,0.272,1,1,1,1,1,1,1,4,4,-1,[ OK ]
839.7,17-Jul-26 13:15:57,959.2,166.7,0.138,119.8,0.2769,0.5788,1.735,0,0,0,100,15.05,0.2009,404.1,200,1,0,0.2769,1,1,1,1,1,1,1,4,4,-1,[ OK ]
840.1,17-Jul-26 13:15:57,959.6,166.7,0.1379,120,0.2745,0.5795,1.727,0,0,0,100,15.05,0.2012,404.2,200,1,0,0.2685,1,1,1,1,1,1,1,4,4,-1,[ OK ]
840.5,17-Jul-26 13:15:58,960,166.7,0.1378,120.2,0.2772,0.5797,1.725,0,0,0,100,15.05,0.2019,403.9,200,1,0,0.2654,1,1,1,1,1,1,1,4,4,-1,[ OK ]
840.9,17-Jul-26 13:15:58,960.4,166.7,0.1377,120.5,0.2731,0.5792,1.731,0,0,0,100,15.05,0.202,403.8,200,1,0,0.2638,1,1,1,1,1,1,1,4,4,-1,[ OK ]
841.3,17-Jul-26 13:15:59,960.9,166.7,0.1378,120.2,0.2746,0.579,1.733,0,0,0,100,15.05,0.2021,403.8,200,1,0,0.2631,1,1,1,1,1,1,1,4,4,-1,[ OK ]
841.7,17-Jul-26 13:15:59,961.3,166.7,0.1378,120.2,0.2753,0.5794,1.729,0,0,0,100,15.05,0.2022,404.2,200,1,0,0.2546,1,1,1,1,1,1,1,4,4,-1,[ OK ]
842.2,17-Jul-26 13:16:00,961.7,166.7,0.138,119.7,0.2753,0.5796,1.726,0,0,0,100,15.05,0.202,403.9,200,1,0,0.2673,1,1,1,1,1,1,1,4,4,-1,[ OK ]
842.6,17-Jul-26 13:16:00,962.1,166.7,0.1379,120,0.2747,0.5789,1.735,0,0,0,100,15.05,0.201,404.1,200,1,0,0.2667,1,1,1,1,1,1,1,4,4,-1,[ OK ]
843.0,17-Jul-26 13:16:00,962.5,166.7,0.1377,120.4,0.2738,0.5797,1.726,0,0,0,100,15.05,0.2024,404.1,200,1,0,0.2604,1,1,1,1,1,1,1,4,4,-1,[ OK ]
843.4,17-Jul-26 13:16:01,962.9,166.7,0.1378,120.2,0.2719,0.5792,1.732,0,0,0,100,15.05,0.2023,403.9,200,1,0,0.2583,1,1,1,1,1,1,1,4,4,-1,[ OK ]
843.8,17-Jul-26 13:16:01,963.4,166.7,0.1379,120.1,0.2752,0.579,1.734,0,0,0,100,15.05,0.2028,403.9,200,1,0,0.2594,1,1,1,1,1,1,1,4,4,-1,[ OK ]
844.4,17-Jul-26 13:16:02,963.9,166.7,0.138,119.7,0.2739,0.5795,1.727,0,0,0,100,15.05,0.2014,403.9,200,1,0,0.2687,1,1,1,1,1,1,1,4,4,-1,[ OK ]
844.8,17-Jul-26 13:16:02,964.3,166.7,0.1379,120,0.2736,0.5795,1.727,0,0,0,100,15.05,0.202,403.9,200,1,0,0.2698,1,1,1,1,1,1,1,4,4,-1,[ OK ]
845.2,17-Jul-26 13:16:03,964.7,166.7,0.1379,120,0.2734,0.5788,1.735,0,0,0,100,15.05,0.2018,404.1,200,1,0,0.2512,1,1,1,1,1,1,1,4,4,-1,[ OK ]
845.6,17-Jul-26 13:16:03,965.1,166.7,0.1378,120.3,0.2727,0.5789,1.735,0,0,0,100,15.05,0.2018,403.9,200,1,0,0.2721,1,1,1,1,1,1,1,4,4,-1,[ OK ]
846.0,17-Jul-26 13:16:03,965.6,166.7,0.1378,120.2,0.2717,0.5793,1.73,0,0,0,100,15.05,0.2016,404.1,200,1,0,0.28,1,1,1,1,1,1,1,4,4,-1,[ OK ]
846.5,17-Jul-26 13:16:04,966,166.7,0.1379,120,0.2736,0.5794,1.729,0,0,0,100,15.05,0.2001,404.3,200,1,0,0.2685,1,1,1,1,1,1,1,4,4,-1,[ OK ]
846.9,17-Jul-26 13:16:04,966.4,166.7,0.138,120,0.2752,0.579,1.733,0,0,0,100,15.05,0.2022,404.2,200,1,0,0.2551,1,1,1,1,1,1,1,4,4,-1,[ OK ]
847.3,17-Jul-26 13:16:05,966.8,166.7,0.1382,119.4,0.2731,0.5794,1.729,0,0,0,100,15.05,0.2014,403.9,200,1,0,0.2687,1,1,1,1,1,1,1,4,4,-1,[ OK ]
847.7,17-Jul-26 13:16:05,967.2,166.7,0.1379,120.1,0.2774,0.5791,1.732,0,0,0,100,15.05,0.2024,404.1,200,1,0,0.2645,1,1,1,1,1,1,1,4,4,-1,[ OK ]
848.1,17-Jul-26 13:16:06,967.7,166.7,0.1379,120.2,0.2753,0.579,1.734,0,0,0,100,15.05,0.2024,404.2,200,1,0,0.2655,1,1,1,1,1,1,1,4,4,-1,[ OK ]
848.6,17-Jul-26 13:16:06,968.1,166.7,0.1381,119.7,0.2799,0.5791,1.733,0,0,0,100,15.05,0.2019,403.9,200,1,0,0.2639,1,1,1,1,1,1,1,4,4,-1,[ OK ]
849.0,17-Jul-26 13:16:06,968.5,166.7,0.1378,120.5,0.275,0.5789,1.735,0,0,0,100,15.05,0.2013,403.8,200,1,0,0.2584,1,1,1,1,1,1,1,4,4,-1,[ OK ]
849.4,17-Jul-26 13:16:07,968.9,166.7,0.1381,119.7,0.2761,0.579,1.735,0,0,0,100,15.05,0.2015,404.3,200,1,0,0.2763,1,1,1,1,1,1,1,4,4,-1,[ OK ]
849.8,17-Jul-26 13:16:07,969.3,166.7,0.1381,119.8,0.2728,0.5795,1.729,0,0,0,100,15.05,0.2009,404,200,1,0,0.2682,1,1,1,1,1,1,1,4,4,-1,[ OK ]
850.2,17-Jul-26 13:16:08,969.8,166.7,0.1378,120.4,0.2782,0.5798,1.726,0,0,0,100,15.05,0.202,403.8,200,1,0,0.2709,1,1,1,1,1,1,1,4,4,-1,[ OK ]
850.6,17-Jul-26 13:16:08,970.2,166.7,0.1379,120.1,0.2726,0.5793,1.731,0,0,0,100,15.05,0.2028,404.1,200,1,0,0.2592,1,1,1,1,1,1,1,4,4,-1,[ OK ]
851.1,17-Jul-26 13:16:08,970.6,166.7,0.138,119.9,0.2764,0.579,1.734,0,0,0,100,15.05,0.2019,404.1,200,1,0,0.2707,1,1,1,1,1,1,1,4,4,-1,[ OK ]
851.5,17-Jul-26 13:16:09,971,166.7,0.1381,119.6,0.2758,0.5792,1.731,0,0,0,100,15.05,0.2034,403.8,200,1,0,0.2609,1,1,1,1,1,1,1,4,4,-1,[ OK ]
851.9,17-Jul-26 13:16:09,971.4,166.7,0.1378,120.3,0.2716,0.5791,1.733,0,0,0,100,15.05,0.202,403.9,200,1,0,0.2661,1,1,1,1,1,1,1,4,4,-1,[ OK ]
852.3,17-Jul-26 13:16:10,971.8,166.7,0.1379,120.2,0.2784,0.5797,1.726,0,0,0,100,15.05,0.2013,403.9,200,1,0,0.2727,1,1,1,1,1,1,1,4,4,-1,[ OK ]
852.7,17-Jul-26 13:16:10,972.3,166.7,0.138,120,0.2666,0.5797,1.726,0,0,0,100,15.05,0.2012,404.1,200,1,0,0.2636,1,1,1,1,1,1,1,4,4,-1,[ OK ]
853.2,17-Jul-26 13:16:11,972.7,166.7,0.138,119.8,0.2762,0.579,1.734,0,0,0,100,15.05,0.2013,404.1,200,1,0,0.273,1,1,1,1,1,1,1,4,4,-1,[ OK ]
853.6,17-Jul-26 13:16:11,973.1,166.7,0.1378,120.4,0.2748,0.5795,1.726,0,0,0,100,15.05,0.2005,403.9,200,1,0,0.2764,1,1,1,1,1,1,1,4,4,-1,[ OK ]
854.0,17-Jul-26 13:16:11,973.5,166.7,0.1379,120.1,0.2719,0.579,1.733,0,0,0,100,15.05,0.2008,403.9,200,1,0,0.2685,1,1,1,1,1,1,1,4,4,-1,[ OK ]
854.5,17-Jul-26 13:16:12,974,166.7,0.1379,120.1,0.2704,0.579,1.734,0,0,0,100,15.05,0.2001,403.9,200,1,0,0.2689,1,1,1,1,1,1,1,4,4,-1,[ OK ]
854.9,17-Jul-26 13:16:12,974.5,166.7,0.138,119.9,0.2711,0.5795,1.727,0,0,0,100,15.05,0.2013,404,200,1,0,0.2666,1,1,1,1,1,1,1,4,4,-1,[ OK ]
855.3,17-Jul-26 13:16:13,974.9,166.7,0.138,120,0.2724,0.5791,1.732,0,0,0,100,15.05,0.201,403.9,200,1,0,0.2682,1,1,1,1,1,1,1,4,4,-1,[ OK ]
855.8,17-Jul-26 13:16:13,975.3,166.7,0.138,120,0.2744,0.579,1.734,0,0,0,100,15.05,0.2016,404.1,200,1,0,0.2678,1,1,1,1,1,1,1,4,4,-1,[ OK ]
856.2,17-Jul-26 13:16:14,975.7,166.7,0.138,120.1,0.274,0.5794,1.728,0,0,0,100,15.05,0.2006,403.9,200,1,0,0.2701,1,1,1,1,1,1,1,4,4,-1,[ OK ]
856.6,17-Jul-26 13:16:14,976.1,166.7,0.1379,120.3,0.2732,0.5795,1.727,0,0,0,100,15.05,0.2015,404,200,1,0,0.2736,1,1,1,1,1,1,1,4,4,-1,[ OK ]
856.9,17-Jul-26 13:16:14,976.4,166.7,0.138,119.9,0.2777,0.579,1.733,0,0,0,100,15.05,0.201,403.9,200,1,0,0.2846,1,1,1,1,1,1,1,4,4,-1,[ OK ]
857.3,17-Jul-26 13:16:15,976.9,166.7,0.1384,118.8,0.2759,0.5794,1.728,0,0,0,100,15.05,0.2012,404.1,200,1,0,0.264,1,1,1,1,1,1,1,4,4,-1,[ OK ]
857.8,17-Jul-26 13:16:15,977.3,166.7,0.1381,119.6,0.2754,0.5796,1.725,0,0,0,100,15.05,0.2015,403.9,200,1,0,0.2646,1,1,1,1,1,1,1,4,4,-1,[ OK ]
858.2,17-Jul-26 13:16:16,977.7,166.7,0.1379,120.1,0.2723,0.5788,1.734,0,0,0,100,15.05,0.2018,404.2,200,1,0,0.261,1,1,1,1,1,1,1,4,4,-1,[ OK ]
858.6,17-Jul-26 13:16:16,978.1,166.7,0.138,119.9,0.2769,0.5795,1.726,0,0,0,100,15.05,0.2019,404.2,200,1,0,0.2787,1,1,1,1,1,1,1,4,4,-1,[ OK ]
859.0,17-Jul-26 13:16:16,978.5,166.7,0.1379,120,0.2758,0.5794,1.727,0,0,0,100,15.05,0.2014,404.2,200,1,0,0.2642,1,1,1,1,1,1,1,4,4,-1,[ OK ]
859.4,17-Jul-26 13:16:17,979,166.7,0.1381,119.7,0.2762,0.5795,1.726,0,0,0,100,15.05,0.2021,404,200,1,0,0.2668,1,1,1,1,1,1,1,4,4,-1,[ OK ]
859.8,17-Jul-26 13:16:17,979.4,166.7,0.138,119.9,0.2739,0.5795,1.726,0,0,0,100,15.05,0.2002,404.1,200,1,0,0.2715,1,1,1,1,1,1,1,4,4,-1,[ OK ]
860.3,17-Jul-26 13:16:18,979.8,166.7,0.1381,119.5,0.2733,0.5789,1.732,0,0,0,100,15.05,0.2013,404,200,1,0,0.2688,1,1,1,1,1,1,1,4,4,-1,[ OK ]
860.7,17-Jul-26 13:16:18,980.2,166.7,0.1379,120.1,0.2728,0.579,1.732,0,0,0,100,15.05,0.2019,404.2,200,1,0,0.2627,1,1,1,1,1,1,1,4,4,-1,[ OK ]
861.1,17-Jul-26 13:16:19,980.6,166.7,0.138,119.9,0.2761,0.5789,1.733,0,0,0,100,15.05,0.2017,403.9,200,1,0,0.264,1,1,1,1,1,1,1,4,4,-1,[ OK ]
861.5,17-Jul-26 13:16:19,981.1,166.7,0.138,120,0.2726,0.5794,1.728,0,0,0,100,15.05,0.2009,404,200,1,0,0.276,1,1,1,1,1,1,1,4,4,-1,[ OK ]
861.9,17-Jul-26 13:16:19,981.5,166.7,0.138,120,0.2735,0.5795,1.726,0,0,0,100,15.05,0.2006,403.9,200,1,0,0.2633,1,1,1,1,1,1,1,4,4,-1,[ OK ]
862.4,17-Jul-26 13:16:20,981.9,166.7,0.138,119.7,0.2732,0.5789,1.734,0,0,0,100,15.05,0.2012,403.9,200,1,0,0.2675,1,1,1,1,1,1,1,4,4,-1,[ OK ]
862.8,17-Jul-26 13:16:20,982.3,166.7,0.1382,119.2,0.2722,0.5797,1.724,0,0,0,100,15.05,0.2009,404.2,200,1,0,0.2605,1,1,1,1,1,1,1,4,4,-1,[ OK ]
863.2,17-Jul-26 13:16:21,982.7,166.7,0.1381,119.7,0.2747,0.579,1.732,0,0,0,100,15.05,0.2016,404.2,200,1,0,0.2707,1,1,1,1,1,1,1,4,4,-1,[ OK ]
863.6,17-Jul-26 13:16:21,983.1,166.7,0.1381,119.7,0.2745,0.5795,1.727,0,0,0,100,15.05,0.2011,403.8,200,1,0,0.2674,1,1,1,1,1,1,1,4,4,-1,[ OK ]
864.0,17-Jul-26 13:16:21,983.6,166.7,0.138,120,0.2803,0.5793,1.728,0,0,0,100,15.05,0.2011,403.9,200,1,0,0.2753,1,1,1,1,1,1,1,4,4,-1,[ OK ]
864.4,17-Jul-26 13:16:22,984,166.7,0.138,119.9,0.2744,0.579,1.732,0,0,0,100,15.05,0.2025,404.2,200,1,0,0.2616,1,1,1,1,1,1,1,4,4,-1,[ OK ]
864.9,17-Jul-26 13:16:22,984.4,166.7,0.1381,119.6,0.271,0.5788,1.735,0,0,0,100,15.05,0.202,404,200,1,0,0.2681,1,1,1,1,1,1,1,4,4,-1,[ OK ]
865.3,17-Jul-26 13:16:23,984.8,166.7,0.138,119.9,0.2725,0.5795,1.726,0,0,0,100,15.05,0.201,404.2,200,1,0,0.2723,1,1,1,1,1,1,1,4,4,-1,[ OK ]
865.7,17-Jul-26 13:16:23,985.2,166.7,0.138,120,0.2735,0.579,1.733,0,0,0,100,15.05,0.2021,403.9,200,1,0,0.2615,1,1,1,1,1,1,1,4,4,-1,[ OK ]
866.1,17-Jul-26 13:16:24,985.6,166.7,0.1379,120.2,0.2745,0.5789,1.734,0,0,0,100,15.05,0.2006,404.1,200,1,0,0.2774,1,1,1,1,1,1,1,4,4,-1,[ OK ]
866.5,17-Jul-26 13:16:24,986.1,166.7,0.1378,120.4,0.275,0.5796,1.726,0,0,0,100,15.05,0.2014,403.9,200,1,0,0.2763,1,1,1,1,1,1,1,4,4,-1,[ OK ]
867.0,17-Jul-26 13:16:24,986.5,166.7,0.1381,119.8,0.2738,0.5795,1.727,0,0,0,100,15.05,0.2013,403.9,200,1,0,0.2691,1,1,1,1,1,1,1,4,4,-1,[ OK ]
867.4,17-Jul-26 13:16:25,986.9,166.7,0.1382,119.4,0.2744,0.5793,1.729,0,0,0,100,15.05,0.2025,404.2,200,1,0,0.2605,1,1,1,1,1,1,1,4,4,-1,[ OK ]
867.8,17-Jul-26 13:16:25,987.3,166.7,0.1379,120.2,0.2759,0.5795,1.726,0,0,0,100,15.05,0.2007,404.1,200,1,0,0.2702,1,1,1,1,1,1,1,4,4,-1,[ OK ]
868.2,17-Jul-26 13:16:26,987.7,166.7,0.1383,119,0.277,0.5789,1.734,0,0,0,100,15.05,0.2018,404.1,200,1,0,0.2687,1,1,1,1,1,1,1,4,4,-1,[ OK ]
868.6,17-Jul-26 13:16:26,988.2,166.7,0.1377,120.8,0.2719,0.5796,1.726,0,0,0,100,15.05,0.201,404.2,200,1,0,0.2702,1,1,1,1,1,1,1,4,4,-1,[ OK ]
869.1,17-Jul-26 13:16:26,988.6,166.7,0.1379,120.2,0.2775,0.5795,1.727,0,0,0,100,15.05,0.2018,404.2,200,1,0,0.2813,1,1,1,1,1,1,1,4,4,-1,[ OK ]
869.5,17-Jul-26 13:16:27,989,166.7,0.1381,119.7,0.2781,0.5794,1.729,0,0,0,100,15.05,0.2012,403.9,200,1,0,0.2653,1,1,1,1,1,1,1,4,4,-1,[ OK ]
870.0,17-Jul-26 13:16:27,989.5,166.7,0.1381,119.7,0.273,0.5789,1.733,0,0,0,100,15.05,0.202,404.1,200,1,0,0.2763,1,1,1,1,1,1,1,4,4,-1,[ OK ]
870.4,17-Jul-26 13:16:28,989.9,166.7,0.1378,120.5,0.2733,0.5796,1.724,0,0,0,100,15.05,0.2017,404.1,200,1,0,0.2753,1,1,1,1,1,1,1,4,4,-1,[ OK ]
870.8,17-Jul-26 13:16:28,990.4,166.7,0.138,120,0.2761,0.5793,1.729,0,0,0,100,15.05,0.2003,404,200,1,0,0.26,1,1,1,1,1,1,1,4,4,-1,[ OK ]
871.2,17-Jul-26 13:16:29,990.8,166.7,0.138,120,0.2746,0.5796,1.725,0,0,0,100,15.05,0.2026,404,200,1,0,0.2699,1,1,1,1,1,1,1,4,4,-1,[ OK ]
871.7,17-Jul-26 13:16:29,991.2,166.7,0.1381,119.7,0.2802,0.5787,1.735,0,0,0,100,15.05,0.2019,404.1,200,1,0,0.2676,1,1,1,1,1,1,1,4,4,-1,[ OK ]
872.1,17-Jul-26 13:16:30,991.6,166.7,0.1381,119.7,0.2769,0.5792,1.73,0,0,0,100,15.05,0.2027,404,200,1,0,0.2659,1,1,1,1,1,1,1,4,4,-1,[ OK ]
872.5,17-Jul-26 13:16:30,992,166.7,0.138,120,0.2759,0.5793,1.729,0,0,0,100,15.05,0.2009,403.9,200,1,0,0.2635,1,1,1,1,1,1,1,4,4,-1,[ OK ]
872.9,17-Jul-26 13:16:30,992.4,166.7,0.1381,119.9,0.2742,0.5791,1.732,0,0,0,100,15.05,0.2025,403.9,200,1,0,0.2619,1,1,1,1,1,1,1,4,4,-1,[ OK ]
873.3,17-Jul-26 13:16:31,992.9,166.7,0.1377,121,0.273,0.579,1.733,0,0,0,100,15.05,0.2005,403.8,200,1,0,0.2849,1,1,1,1,1,1,1,4,4,-1,[ OK ]
873.7,17-Jul-26 13:16:31,993.3,166.7,0.138,120,0.2788,0.5795,1.727,0,0,0,100,15.05,0.2017,404.2,200,1,0,0.2728,1,1,1,1,1,1,1,4,4,-1,[ OK ]
874.2,17-Jul-26 13:16:32,993.7,166.7,0.138,120.1,0.2776,0.579,1.732,0,0,0,100,15.05,0.2008,403.8,200,1,0,0.2709,1,1,1,1,1,1,1,4,4,-1,[ OK ]
874.6,17-Jul-26 13:16:32,994.1,166.7,0.138,119.8,0.2721,0.5795,1.727,0,0,0,100,15.05,0.2009,404.2,200,1,0,0.2667,1,1,1,1,1,1,1,4,4,-1,[ OK ]
875.0,17-Jul-26 13:16:32,994.5,166.7,0.1381,119.7,0.2788,0.5786,1.736,0,0,0,100,15.05,0.2018,403.9,200,1,0,0.2665,1,1,1,1,1,1,1,4,4,-1,[ OK ]
875.4,17-Jul-26 13:16:33,995,166.7,0.138,120.1,0.2759,0.5789,1.734,0,0,0,100,15.05,0.2024,403.8,200,1,0,0.2684,1,1,1,1,1,1,1,4,4,-1,[ OK ]
875.8,17-Jul-26 13:16:33,995.4,166.7,0.138,120.1,0.2719,0.5789,1.734,0,0,0,100,15.05,0.202,403.9,200,1,0,0.2649,1,1,1,1,1,1,1,4,4,-1,[ OK ]
876.3,17-Jul-26 13:16:34,995.8,166.7,0.138,120.1,0.2775,0.5794,1.728,0,0,0,100,15.05,0.2012,404.2,200,1,0,0.2763,1,1,1,1,1,1,1,4,4,-1,[ OK ]
876.7,17-Jul-26 13:16:34,996.2,166.7,0.1382,119.4,0.2727,0.5795,1.727,0,0,0,100,15.05,0.2017,403.9,200,1,0,0.2672,1,1,1,1,1,1,1,4,4,-1,[ OK ]
877.1,17-Jul-26 13:16:35,996.6,166.7,0.1376,121,0.2767,0.5795,1.725,0,0,0,100,15.05,0.2025,403.8,200,1,0,0.2578,1,1,1,1,1,1,1,4,4,-1,[ OK ]
877.5,17-Jul-26 13:16:35,997,166.7,0.138,119.9,0.2799,0.5789,1.733,0,0,0,100,15.05,0.2008,404.2,200,1,0,0.2773,1,1,1,1,1,1,1,4,4,-1,[ OK ]
877.9,17-Jul-26 13:16:35,997.5,166.7,0.138,119.8,0.2793,0.5794,1.728,0,0,0,100,15.05,0.2009,404.2,200,1,0,0.2739,1,1,1,1,1,1,1,4,4,-1,[ OK ]
878.4,17-Jul-26 13:16:36,997.9,166.7,0.1382,119.6,0.2752,0.5796,1.726,0,0,0,100,15.05,0.2015,404.1,200,1,0,0.2674,1,1,1,1,1,1,1,4,4,-1,[ OK ]
878.8,17-Jul-26 13:16:36,998.3,166.7,0.1379,120.3,0.2764,0.5795,1.726,0,0,0,100,15.05,0.2018,403.9,200,1,0,0.266,1,1,1,1,1,1,1,4,4,-1,[ OK ]
879.2,17-Jul-26 13:16:37,998.7,166.7,0.138,120.3,0.2767,0.579,1.732,0,0,0,100,15.05,0.2018,404.2,200,1,0,0.2676,1,1,1,1,1,1,1,4,4,-1,[ OK ]
879.6,17-Jul-26 13:16:37,999.1,166.7,0.1382,119.6,0.2756,0.5796,1.725,0,0,0,100,15.05,0.2011,403.9,200,1,0,0.255,1,1,1,1,1,1,1,4,4,-1,[ OK ]
880.0,17-Jul-26 13:16:37,999.6,166.7,0.138,120.1,0.2768,0.5794,1.727,0,0,0,100,15.05,0.2025,403.7,200,1,0,0.251,1,1,1,1,1,1,1,4,4,-1,[ OK ]
880.5,17-Jul-26 13:16:38,1000,166.7,0.138,120,0.2773,0.5792,1.73,0,0,0,100,15.05,0.2016,404.2,200,1,0,0.2695,1,1,1,1,1,1,1,4,4,-1,[ OK ]
880.9,17-Jul-26 13:16:38,1000,166.7,0.1379,120.3,0.2643,0.5795,1.727,0,0,0,100,15.05,0.2014,403.9,200,1,0,0.2725,1,1,1,1,1,1,1,4,4,-1,[ OK ]
881.3,17-Jul-26 13:16:39,1001,166.7,0.1385,118.7,0.2757,0.579,1.733,0,0,0,100,15.05,0.2019,403.9,200,1,0,0.2826,1,1,1,1,1,1,1,4,4,-1,[ OK ]
881.7,17-Jul-26 13:16:39,1001,166.7,0.1379,120.2,0.277,0.5789,1.735,0,0,0,100,15.05,0.2019,404.2,200,1,0,0.2654,1,1,1,1,1,1,1,4,4,-1,[ OK ]
882.1,17-Jul-26 13:16:40,1002,166.7,0.138,120.2,0.2764,0.5789,1.734,0,0,0,100,15.05,0.2013,403.9,200,1,0,0.2708,1,1,1,1,1,1,1,4,4,-1,[ OK ]
882.5,17-Jul-26 13:16:40,1002,166.7,0.1379,120.3,0.2759,0.5798,1.725,0,0,0,100,15.05,0.2021,404.1,200,1,0,0.2782,1,1,1,1,1,1,1,4,4,-1,[ OK ]
883.0,17-Jul-26 13:16:40,1002,166.7,0.1381,120,0.2805,0.5797,1.726,0,0,0,100,15.05,0.2029,404,200,1,0,0.2644,1,1,1,1,1,1,1,4,4,-1,[ OK ]
883.4,17-Jul-26 13:16:41,1003,166.7,0.138,119.9,0.2772,0.579,1.734,0,0,0,100,15.05,0.2012,403.9,200,1,0,0.2757,1,1,1,1,1,1,1,4,4,-1,[ OK ]
883.8,17-Jul-26 13:16:41,1003,166.7,0.138,120,0.2747,0.5794,1.729,0,0,0,100,15.05,0.202,403.9,200,1,0,0.2717,1,1,1,1,1,1,1,4,4,-1,[ OK ]
884.2,17-Jul-26 13:16:42,1004,166.7,0.1378,120.4,0.2776,0.5788,1.736,0,0,0,100,15.05,0.1997,403.8,200,1,0,0.2791,1,1,1,1,1,1,1,4,4,-1,[ OK ]
884.6,17-Jul-26 13:16:42,1004,166.7,0.1377,120.7,0.279,0.5795,1.728,0,0,0,100,15.05,0.2015,403.9,200,1,0,0.2744,1,1,1,1,1,1,1,4,4,-1,[ OK ]
885.1,17-Jul-26 13:16:42,1005,166.7,0.1379,120.1,0.2771,0.5795,1.727,0,0,0,100,15.05,0.2017,404.1,200,1,0,0.2825,1,1,1,1,1,1,1,4,4,-1,[ OK ]
885.5,17-Jul-26 13:16:43,1005,166.7,0.138,120.1,0.2687,0.5797,1.724,0,0,0,100,15.05,0.2016,404.2,200,1,0,0.266,1,1,1,1,1,1,1,4,4,-1,[ OK ]
885.9,17-Jul-26 13:16:43,1005,166.7,0.1378,120.5,0.2764,0.5788,1.735,0,0,0,100,15.05,0.2009,404.2,200,1,0,0.2695,1,1,1,1,1,1,1,4,4,-1,[ OK ]
886.3,17-Jul-26 13:16:44,1006,166.7,0.1381,119.8,0.278,0.5795,1.727,0,0,0,100,15.05,0.2013,404,200,1,0,0.2615,1,1,1,1,1,1,1,4,4,-1,[ OK ]
886.7,17-Jul-26 13:16:44,1006,166.7,0.1379,120.2,0.2728,0.5793,1.728,0,0,0,100,15.05,0.2018,403.9,200,1,0,0.282,1,1,1,1,1,1,1,4,4,-1,[ OK ]
887.2,17-Jul-26 13:16:45,1007,166.7,0.1381,119.8,0.2769,0.5791,1.731,0,0,0,100,15.05,0.2013,404.2,200,1,0,0.2736,1,1,1,1,1,1,1,4,4,-1,[ OK ]
887.6,17-Jul-26 13:16:45,1007,166.7,0.1378,120.4,0.2763,0.5789,1.733,0,0,0,100,15.05,0.202,404.1,200,1,0,0.2654,1,1,1,1,1,1,1,4,4,-1,[ OK ]
888.0,17-Jul-26 13:16:45,1008,166.7,0.138,120,0.276,0.5796,1.726,0,0,0,100,15.05,0.2008,404,200,1,0,0.2742,1,1,1,1,1,1,1,4,4,-1,[ OK ]
888.4,17-Jul-26 13:16:46,1008,166.7,0.138,119.9,0.2775,0.579,1.731,0,0,0,100,15.05,0.2032,403.9,200,1,0,0.2635,1,1,1,1,1,1,1,4,4,-1,[ OK ]
888.8,17-Jul-26 13:16:46,1008,166.7,0.138,120,0.2759,0.5794,1.727,0,0,0,100,15.05,0.2014,404,200,1,0,0.2712,1,1,1,1,1,1,1,4,4,-1,[ OK ]
889.3,17-Jul-26 13:16:47,1009,166.7,0.1381,119.9,0.276,0.5789,1.734,0,0,0,100,15.05,0.2032,404,200,1,0,0.2571,1,1,1,1,1,1,1,4,4,-1,[ OK ]
889.7,17-Jul-26 13:16:47,1009,166.7,0.1379,120.4,0.2774,0.5792,1.73,0,0,0,100,15.05,0.2019,404,200,1,0,0.2667,1,1,1,1,1,1,1,4,4,-1,[ OK ]
890.1,17-Jul-26 13:16:48,1010,166.7,0.1379,120.2,0.2745,0.5795,1.728,0,0,0,100,15.05,0.2013,404.1,200,1,0,0.2696,1,1,1,1,1,1,1,4,4,-1,[ OK ]
890.5,17-Jul-26 13:16:48,1010,166.7,0.1379,120.4,0.274,0.5794,1.729,0,0,0,100,15.05,0.2014,404.1,200,1,0,0.2672,1,1,1,1,1,1,1,4,4,-1,[ OK ]
890.9,17-Jul-26 13:16:48,1010,166.7,0.1382,119.4,0.2762,0.5789,1.734,0,0,0,100,15.05,0.2012,403.8,200,1,0,0.2769,1,1,1,1,1,1,1,4,4,-1,[ OK ]
891.4,17-Jul-26 13:16:49,1011,166.7,0.1381,119.9,0.2775,0.579,1.733,0,0,0,100,15.05,0.202,403.8,200,1,0,0.2661,1,1,1,1,1,1,1,4,4,-1,[ OK ]
891.8,17-Jul-26 13:16:49,1011,166.7,0.138,120,0.2753,0.5788,1.735,0,0,0,100,15.05,0.2018,403.9,200,1,0,0.2694,1,1,1,1,1,1,1,4,4,-1,[ OK ]
892.2,17-Jul-26 13:16:50,1012,166.7,0.138,120.2,0.2756,0.579,1.734,0,0,0,100,15.05,0.2018,403.9,200,1,0,0.2727,1,1,1,1,1,1,1,4,4,-1,[ OK ]
892.6,17-Jul-26 13:16:50,1012,166.7,0.138,120.1,0.2783,0.5791,1.732,0,0,0,100,15.05,0.2004,404,200,1,0,0.2871,1,1,1,1,1,1,1,4,4,-1,[ OK ]
893.0,17-Jul-26 13:16:50,1013,166.7,0.1381,120,0.276,0.5795,1.727,0,0,0,100,15.05,0.2023,404.1,200,1,0,0.2692,1,1,1,1,1,1,1,4,4,-1,[ OK ]
893.4,17-Jul-26 13:16:51,1013,166.7,0.138,120.2,0.2766,0.5797,1.726,0,0,0,100,15.05,0.2011,403.7,200,1,0,0.267,1,1,1,1,1,1,1,4,4,-1,[ OK ]
893.9,17-Jul-26 13:16:51,1013,166.7,0.1382,119.7,0.2772,0.5794,1.729,0,0,0,100,15.05,0.1998,404.1,200,1,0,0.2792,1,1,1,1,1,1,1,4,4,-1,[ OK ]
894.3,17-Jul-26 13:16:52,1014,166.7,0.1381,119.9,0.2756,0.5791,1.732,0,0,0,100,15.05,0.2024,403.8,200,1,0,0.2707,1,1,1,1,1,1,1,4,4,-1,[ OK ]
894.7,17-Jul-26 13:16:52,1014,166.7,0.138,120.1,0.2772,0.5797,1.726,0,0,0,100,15.05,0.2018,403.9,200,1,0,0.2636,1,1,1,1,1,1,1,4,4,-1,[ OK ]
895.1,17-Jul-26 13:16:53,1015,166.7,0.1381,120,0.2773,0.5791,1.732,0,0,0,100,15.05,0.2013,404,200,1,0,0.274,1,1,1,1,1,1,1,4,4,-1,[ OK ]
895.5,17-Jul-26 13:16:53,1015,166.7,0.138,120.4,0.2752,0.5795,1.728,0,0,0,100,15.05,0.2016,403.9,200,1,0,0.2722,1,1,1,1,1,1,1,4,4,-1,[ OK ]
896.0,17-Jul-26 13:16:53,1015,166.7,0.1382,119.9,0.2756,0.579,1.733,0,0,0,100,15.05,0.2014,403.8,200,1,0,0.2716,1,1,1,1,1,1,1,4,4,-1,[ OK ]
896.4,17-Jul-26 13:16:54,1016,166.7,0.1379,120.6,0.2759,0.579,1.733,0,0,0,100,15.05,0.2019,404.2,200,1,0,0.2739,1,1,1,1,1,1,1,4,4,-1,[ OK ]
896.8,17-Jul-26 13:16:54,1016,166.7,0.1382,119.7,0.2779,0.5794,1.728,0,0,0,100,15.05,0.202,404.2,200,1,0,0.272,1,1,1,1,1,1,1,4,4,-1,[ OK ]
897.2,17-Jul-26 13:16:55,1017,166.7,0.1382,119.7,0.2755,0.5794,1.728,0,0,0,100,15.05,0.2001,403.8,200,1,0,0.2849,1,1,1,1,1,1,1,4,4,-1,[ OK ]
897.6,17-Jul-26 13:16:55,1017,166.7,0.1381,120,0.2761,0.5796,1.726,0,0,0,100,15.05,0.2005,403.8,200,1,0,0.2732,1,1,1,1,1,1,1,4,4,-1,[ OK ]
898.1,17-Jul-26 13:16:55,1018,166.7,0.1381,120.1,0.274,0.5789,1.733,0,0,0,100,15.05,0.2015,404.1,200,1,0,0.2679,1,1,1,1,1,1,1,4,4,-1,[ OK ]
898.5,17-Jul-26 13:16:56,1018,166.7,0.1382,119.7,0.2766,0.5796,1.725,0,0,0,100,15.05,0.2016,404.1,200,1,0,0.267,1,1,1,1,1,1,1,4,4,-1,[ OK ]
898.9,17-Jul-26 13:16:56,1018,166.7,0.138,120.1,0.2768,0.5794,1.727,0,0,0,100,15.05,0.2008,404,200,1,0,0.2778,1,1,1,1,1,1,1,4,4,-1,[ OK ]
899.3,17-Jul-26 13:16:57,1019,166.7,0.1385,118.9,0.2781,0.5789,1.733,0,0,0,100,15.05,0.202,404.2,200,1,0,0.2721,1,1,1,1,1,1,1,4,4,-1,[ OK ]
899.8,17-Jul-26 13:16:57,1019,166.7,0.138,120.4,0.2738,0.5795,1.726,0,0,0,100,15.05,0.2015,404.1,200,1,0,0.2707,1,1,1,1,1,1,1,4,4,-1,[ OK ]
900.2,17-Jul-26 13:16:58,1020,166.7,0.1377,120.8,0.2752,0.5788,1.735,0,0,0,100,15.05,0.2013,403.8,200,1,0,0.2675,1,1,1,1,1,1,1,4,4,-1,[ OK ]
900.6,17-Jul-26 13:16:58,1020,166.7,0.1383,119.4,0.2774,0.5791,1.732,0,0,0,100,15.05,0.2016,404.2,200,1,0,0.2701,1,1,1,1,1,1,1,4,4,-1,[ OK ]
901.0,17-Jul-26 13:16:58,1021,166.7,0.1381,119.9,0.2754,0.5797,1.725,0,0,0,100,15.05,0.2027,404.1,200,1,0,0.2652,1,1,1,1,1,1,1,4,4,-1,[ OK ]
901.4,17-Jul-26 13:16:59,1021,166.7,0.1379,120.3,0.2762,0.5792,1.731,0,0,0,100,15.05,0.2003,403.8,200,1,0,0.2739,1,1,1,1,1,1,1,4,4,-1,[ OK ]
901.8,17-Jul-26 13:16:59,1021,166.7,0.1382,119.4,0.2729,0.5791,1.731,0,0,0,100,15.05,0.2022,404.2,200,1,0,0.2691,1,1,1,1,1,1,1,4,4,-1,[ OK ]
902.3,17-Jul-26 13:17:00,1022,166.7,0.138,120.2,0.2744,0.5794,1.728,0,0,0,100,15.05,0.2014,404.1,200,1,0,0.2709,1,1,1,1,1,1,1,4,4,-1,[ OK ]
902.7,17-Jul-26 13:17:00,1022,166.7,0.1381,120,0.2761,0.5795,1.727,0,0,0,100,15.05,0.2008,404,200,1,0,0.2762,1,1,1,1,1,1,1,4,4,-1,[ OK ]
903.1,17-Jul-26 13:17:01,1023,166.7,0.138,120.1,0.2773,0.5789,1.733,0,0,0,100,15.05,0.2024,403.8,200,1,0,0.2681,1,1,1,1,1,1,1,4,4,-1,[ OK ]
903.5,17-Jul-26 13:17:01,1023,166.7,0.1372,122.2,0.2768,0.5794,1.727,0,0,0,100,15.05,0.2019,404.1,200,1,0,0.2659,1,1,1,1,1,1,1,4,4,-1,[ OK ]
903.9,17-Jul-26 13:17:01,1023,166.7,0.1378,120.6,0.2737,0.5791,1.731,0,0,0,100,15.05,0.2012,403.9,200,1,0,0.2747,1,1,1,1,1,1,1,4,4,-1,[ OK ]
904.4,17-Jul-26 13:17:02,1024,166.7,0.1381,120,0.2763,0.5797,1.725,0,0,0,100,15.05,0.2021,403.8,200,1,0,0.2676,1,1,1,1,1,1,1,4,4,-1,[ OK ]
904.8,17-Jul-26 13:17:02,1024,166.7,0.138,120.3,0.2771,0.5791,1.73,0,0,0,100,15.05,0.2021,404,200,1,0,0.2678,1,1,1,1,1,1,1,4,4,-1,[ OK ]
905.2,17-Jul-26 13:17:03,1025,166.7,0.138,120.1,0.2768,0.5789,1.734,0,0,0,100,15.05,0.2011,404.1,200,1,0,0.2707,1,1,1,1,1,1,1,4,4,-1,[ OK ]
905.7,17-Jul-26 13:17:03,1025,166.7,0.1381,119.9,0.2775,0.5787,1.736,0,0,0,100,15.05,0.2011,404.2,200,1,0,0.2712,1,1,1,1,1,1,1,4,4,-1,[ OK ]
906.2,17-Jul-26 13:17:04,1026,166.7,0.1382,119.7,0.2744,0.5793,1.728,0,0,0,100,15.05,0.2023,404.1,200,1,0,0.262,1,1,1,1,1,1,1,4,4,-1,[ OK ]
906.6,17-Jul-26 13:17:04,1026,166.7,0.138,120.1,0.278,0.5788,1.734,0,0,0,100,15.05,0.2029,404,200,1,0,0.2654,1,1,1,1,1,1,1,4,4,-1,[ OK ]
907.0,17-Jul-26 13:17:04,1027,166.7,0.138,120.2,0.2764,0.5788,1.734,0,0,0,100,15.05,0.2022,404.3,200,1,0,0.2755,1,1,1,1,1,1,1,4,4,-1,[ OK ]
907.4,17-Jul-26 13:17:05,1027,166.7,0.1379,120.4,0.2752,0.5797,1.723,0,0,0,100,15.05,0.2016,403.9,200,1,0,0.2764,1,1,1,1,1,1,1,4,4,-1,[ OK ]
907.8,17-Jul-26 13:17:05,1027,166.7,0.1381,120,0.2773,0.5787,1.735,0,0,0,100,15.05,0.2022,404,200,1,0,0.2698,1,1,1,1,1,1,1,4,4,-1,[ OK ]
908.2,17-Jul-26 13:17:06,1028,166.7,0.1381,119.9,0.275,0.5796,1.725,0,0,0,100,15.05,0.2016,404,200,1,0,0.2727,1,1,1,1,1,1,1,4,4,-1,[ OK ]
908.7,17-Jul-26 13:17:06,1028,166.7,0.1383,119.4,0.2721,0.5797,1.723,0,0,0,100,15.05,0.2016,404.2,200,1,0,0.2747,1,1,1,1,1,1,1,4,4,-1,[ OK ]
909.1,17-Jul-26 13:17:07,1029,166.7,0.138,120.2,0.2764,0.5789,1.733,0,0,0,100,15.05,0.2023,403.9,200,1,0,0.2826,1,1,1,1,1,1,1,4,4,-1,[ OK ]
909.5,17-Jul-26 13:17:07,1029,166.7,0.1382,119.8,0.2743,0.5796,1.725,0,0,0,100,15.05,0.2016,404,200,1,0,0.265,1,1,1,1,1,1,1,4,4,-1,[ OK ]
909.9,17-Jul-26 13:17:07,1029,166.7,0.1383,119.4,0.279,0.579,1.731,0,0,0,100,15.05,0.2024,403.8,200,1,0,0.2658,1,1,1,1,1,1,1,4,4,-1,[ OK ]
910.4,17-Jul-26 13:17:08,1030,166.7,0.1379,120.6,0.2755,0.5793,1.727,0,0,0,100,15.05,0.2021,404.1,200,1,0,0.2736,1,1,1,1,1,1,1,4,4,-1,[ OK ]
910.8,17-Jul-26 13:17:08,1030,166.7,0.1382,119.6,0.2774,0.5788,1.734,0,0,0,100,15.05,0.2009,403.8,200,1,0,0.2739,1,1,1,1,1,1,1,4,4,-1,[ OK ]
911.2,17-Jul-26 13:17:09,1031,166.7,0.1381,119.9,0.2752,0.5795,1.724,0,0,0,100,15.05,0.201,403.8,200,1,0,0.2731,1,1,1,1,1,1,1,4,4,-1,[ OK ]
911.6,17-Jul-26 13:17:09,1031,166.7,0.1381,120,0.2772,0.5796,1.723,0,0,0,100,15.05,0.201,404.2,200,1,0,0.2651,1,1,1,1,1,1,1,4,4,-1,[ OK ]
912.0,17-Jul-26 13:17:09,1032,166.7,0.138,120.2,0.2703,0.5786,1.735,0,0,0,100,15.05,0.2018,404.1,200,1,0,0.2697,1,1,1,1,1,1,1,4,4,-1,[ OK ]
912.4,17-Jul-26 13:17:10,1032,166.7,0.1383,119.3,0.2679,0.5796,1.725,0,0,0,100,15.05,0.2024,404.2,200,1,0,0.2602,1,1,1,1,1,1,1,4,4,-1,[ OK ]
912.9,17-Jul-26 13:17:10,1032,166.7,0.1382,119.8,0.2798,0.5796,1.724,0,0,0,100,15.05,0.2021,403.8,200,1,0,0.2716,1,1,1,1,1,1,1,4,4,-1,[ OK ]
913.3,17-Jul-26 13:17:11,1033,166.7,0.1381,120,0.2775,0.5793,1.728,0,0,0,100,15.05,0.2016,403.9,200,1,0,0.2591,1,1,1,1,1,1,1,4,4,-1,[ OK ]
913.7,17-Jul-26 13:17:11,1033,166.7,0.1385,118.9,0.2782,0.5787,1.735,0,0,0,100,15.05,0.2011,404,200,1,0,0.2744,1,1,1,1,1,1,1,4,4,-1,[ OK ]
914.1,17-Jul-26 13:17:12,1034,166.7,0.1381,120,0.2751,0.5793,1.727,0,0,0,100,15.05,0.2013,403.9,200,1,0,0.2683,1,1,1,1,1,1,1,4,4,-1,[ OK ]
914.5,17-Jul-26 13:17:12,1034,166.7,0.138,119.9,0.2786,0.5788,1.733,0,0,0,100,15.05,0.2027,404.1,200,1,0,0.2643,1,1,1,1,1,1,1,4,4,-1,[ OK ]
915.0,17-Jul-26 13:17:12,1034,166.7,0.1378,120.6,0.2737,0.579,1.731,0,0,0,100,15.05,0.2017,404.2,200,1,0,0.2698,1,1,1,1,1,1,1,4,4,-1,[ OK ]
915.4,17-Jul-26 13:17:13,1035,166.7,0.138,120.2,0.276,0.5796,1.725,0,0,0,100,15.05,0.2015,403.9,200,1,0,0.2694,1,1,1,1,1,1,1,4,4,-1,[ OK ]
915.8,17-Jul-26 13:17:13,1035,166.7,0.1378,120.6,0.2773,0.5789,1.733,0,0,0,100,15.05,0.2023,403.9,200,1,0,0.2774,1,1,1,1,1,1,1,4,4,-1,[ OK ]
916.2,17-Jul-26 13:17:14,1036,166.7,0.138,120,0.2769,0.5794,1.727,0,0,0,100,15.05,0.2017,404.2,200,1,0,0.264,1,1,1,1,1,1,1,4,4,-1,[ OK ]
916.6,17-Jul-26 13:17:14,1036,166.7,0.1384,119.2,0.281,0.5794,1.727,0,0,0,100,15.05,0.2024,403.9,200,1,0,0.2675,1,1,1,1,1,1,1,4,4,-1,[ OK ]
917.1,17-Jul-26 13:17:14,1037,166.7,0.1384,119.2,0.279,0.5795,1.725,0,0,0,100,15.05,0.2026,404.2,200,1,0,0.262,1,1,1,1,1,1,1,4,4,-1,[ OK ]
917.5,17-Jul-26 13:17:15,1037,166.7,0.138,120.2,0.2785,0.5786,1.736,0,0,0,100,15.05,0.2018,404.2,200,1,0,0.2713,1,1,1,1,1,1,1,4,4,-1,[ OK ]
917.9,17-Jul-26 13:17:15,1037,166.7,0.1379,120.3,0.2775,0.5794,1.727,0,0,0,100,15.05,0.2024,403.9,200,1,0,0.267,1,1,1,1,1,1,1,4,4,-1,[ OK ]
918.3,17-Jul-26 13:17:16,1038,166.7,0.1382,119.6,0.278,0.5789,1.733,0,0,0,100,15.05,0.2021,404,200,1,0,0.2688,1,1,1,1,1,1,1,4,4,-1,[ OK ]
918.7,17-Jul-26 13:17:16,1038,166.7,0.1381,119.7,0.2784,0.5789,1.733,0,0,0,100,15.05,0.2018,404.1,200,1,0,0.2708,1,1,1,1,1,1,1,4,4,-1,[ OK ]
919.2,17-Jul-26 13:17:17,1039,166.7,0.1381,119.8,0.2751,0.5795,1.726,0,0,0,100,15.05,0.2008,404,200,1,0,0.2742,1,1,1,1,1,1,1,4,4,-1,[ OK ]
919.6,17-Jul-26 13:17:17,1039,166.7,0.1381,119.8,0.2763,0.5789,1.733,0,0,0,100,15.05,0.2016,404.4,200,1,0,0.2735,1,1,1,1,1,1,1,4,4,-1,[ OK ]
920.0,17-Jul-26 13:17:17,1040,166.7,0.1383,119.3,0.2747,0.5789,1.734,0,0,0,100,15.05,0.202,403.8,200,1,0,0.2737,1,1,1,1,1,1,1,4,4,-1,[ OK ]
920.4,17-Jul-26 13:17:18,1040,166.7,0.1379,120.4,0.2801,0.579,1.733,0,0,0,100,15.05,0.2007,403.8,200,1,0,0.2783,1,1,1,1,1,1,1,4,4,-1,[ OK ]
920.8,17-Jul-26 13:17:18,1040,166.7,0.1381,119.9,0.275,0.5797,1.725,0,0,0,100,15.05,0.2012,403.8,200,1,0,0.2707,1,1,1,1,1,1,1,4,4,-1,[ OK ]
921.3,17-Jul-26 13:17:19,1041,166.7,0.1381,120,0.2793,0.5788,1.735,0,0,0,100,15.05,0.2013,403.8,200,1,0,0.2705,1,1,1,1,1,1,1,4,4,-1,[ OK ]
921.7,17-Jul-26 13:17:19,1041,166.7,0.1381,120,0.2766,0.5794,1.727,0,0,0,100,15.05,0.2021,404,200,1,0,0.2648,1,1,1,1,1,1,1,4,4,-1,[ OK ]
922.1,17-Jul-26 13:17:20,1042,166.7,0.1379,120.4,0.2776,0.5791,1.732,0,0,0,100,15.05,0.2018,404,200,1,0,0.242,1,1,1,1,1,1,1,4,4,-1,[ OK ]
922.5,17-Jul-26 13:17:20,1042,166.7,0.1381,120,0.278,0.5791,1.732,0,0,0,100,15.05,0.2014,403.9,200,1,0,0.2718,1,1,1,1,1,1,1,4,4,-1,[ OK ]
922.9,17-Jul-26 13:17:20,1042,166.7,0.138,120.1,0.2783,0.5795,1.727,0,0,0,100,15.05,0.2004,404.2,200,1,0,0.2699,1,1,1,1,1,1,1,4,4,-1,[ OK ]
923.4,17-Jul-26 13:17:21,1043,166.7,0.1379,120.4,0.2712,0.5789,1.734,0,0,0,100,15.05,0.2026,404.2,200,1,0,0.2665,1,1,1,1,1,1,1,4,4,-1,[ OK ]
923.8,17-Jul-26 13:17:21,1043,166.7,0.138,120.2,0.2775,0.5795,1.727,0,0,0,100,15.05,0.2016,404,200,1,0,0.2684,1,1,1,1,1,1,1,4,4,-1,[ OK ]
924.2,17-Jul-26 13:17:22,1044,166.7,0.1382,119.7,0.279,0.5791,1.732,0,0,0,100,15.05,0.2017,403.8,200,1,0,0.2804,1,1,1,1,1,1,1,4,4,-1,[ OK ]
924.6,17-Jul-26 13:17:22,1044,166.7,0.1381,119.8,0.2765,0.5796,1.726,0,0,0,100,15.05,0.201,403.8,200,1,0,0.2723,1,1,1,1,1,1,1,4,4,-1,[ OK ]
925.0,17-Jul-26 13:17:22,1045,166.7,0.138,120.1,0.2766,0.5791,1.731,0,0,0,100,15.05,0.2012,404.1,200,1,0,0.2736,1,1,1,1,1,1,1,4,4,-1,[ OK ]
925.5,17-Jul-26 13:17:23,1045,166.7,0.1381,119.7,0.2735,0.5796,1.726,0,0,0,100,15.05,0.2021,404.2,200,1,0,0.2689,1,1,1,1,1,1,1,4,4,-1,[ OK ]
925.9,17-Jul-26 13:17:23,1045,166.7,0.1378,120.7,0.2775,0.5794,1.727,0,0,0,100,15.05,0.2014,404,200,1,0,0.2747,1,1,1,1,1,1,1,4,4,-1,[ OK ]
926.3,17-Jul-26 13:17:24,1046,166.7,0.1381,119.9,0.2697,0.5789,1.733,0,0,0,100,15.05,0.2009,404.1,200,1,0,0.2365,1,1,1,1,1,1,1,4,4,-1,[ OK ]
926.7,17-Jul-26 13:17:24,1046,166.7,0.1381,119.9,0.2752,0.5787,1.736,0,0,0,100,15.05,0.2015,403.8,200,1,0,0.2691,1,1,1,1,1,1,1,4,4,-1,[ OK ]
927.1,17-Jul-26 13:17:25,1047,166.7,0.1383,119.4,0.2777,0.5787,1.735,0,0,0,100,15.05,0.2007,403.9,200,1,0,0.2751,1,1,1,1,1,1,1,4,4,-1,[ OK ]
927.6,17-Jul-26 13:17:25,1047,166.7,0.1381,119.9,0.2766,0.5787,1.735,0,0,0,100,15.05,0.2013,404.1,200,1,0,0.2712,1,1,1,1,1,1,1,4,4,-1,[ OK ]
928.0,17-Jul-26 13:17:25,1047,166.7,0.1384,119.2,0.2768,0.5789,1.734,0,0,0,100,15.05,0.2016,404.2,200,1,0,0.2733,1,1,1,1,1,1,1,4,4,-1,[ OK ]
928.4,17-Jul-26 13:17:26,1048,166.7,0.138,120.3,0.275,0.579,1.733,0,0,0,100,15.05,0.2014,404.2,200,1,0,0.2781,1,1,1,1,1,1,1,4,4,-1,[ OK ]
928.8,17-Jul-26 13:17:26,1048,166.7,0.1381,120,0.2782,0.5796,1.726,0,0,0,100,15.05,0.2019,404.1,200,1,0,0.2678,1,1,1,1,1,1,1,4,4,-1,[ OK ]
929.2,17-Jul-26 13:17:27,1049,166.7,0.1382,119.7,0.2766,0.5792,1.73,0,0,0,100,15.05,0.2013,404,200,1,0,0.2762,1,1,1,1,1,1,1,4,4,-1,[ OK ]
929.6,17-Jul-26 13:17:27,1049,166.7,0.1378,120.7,0.276,0.5795,1.726,0,0,0,100,15.05,0.2004,403.8,200,1,0,0.2745,1,1,1,1,1,1,1,4,4,-1,[ OK ]
930.1,17-Jul-26 13:17:28,1050,166.7,0.1377,121.2,0.2751,0.5796,1.725,0,0,0,100,15.05,0.2012,403.8,200,1,0,0.2657,1,1,1,1,1,1,1,4,4,-1,[ OK ]
930.5,17-Jul-26 13:17:28,1050,166.7,0.138,120.2,0.2753,0.5793,1.729,0,0,0,100,15.05,0.2021,403.8,200,1,0,0.2787,1,1,1,1,1,1,1,4,4,-1,[ OK ]
930.9,17-Jul-26 13:17:28,1050,166.7,0.1382,119.6,0.2758,0.5795,1.727,0,0,0,100,15.05,0.2013,403.7,200,1,0,0.2787,1,1,1,1,1,1,1,4,4,-1,[ OK ]
931.3,17-Jul-26 13:17:29,1051,166.7,0.1381,120.1,0.2753,0.5794,1.727,0,0,0,100,15.05,0.201,403.8,200,1,0,0.2694,1,1,1,1,1,1,1,4,4,-1,[ OK ]
931.8,17-Jul-26 13:17:29,1051,166.7,0.1381,119.9,0.2811,0.579,1.732,0,0,0,100,15.05,0.2029,403.8,200,1,0,0.2613,1,1,1,1,1,1,1,4,4,-1,[ OK ]
932.2,17-Jul-26 13:17:30,1052,166.7,0.138,120.2,0.2758,0.5797,1.725,0,0,0,100,15.05,0.2004,403.9,200,1,0,0.2689,1,1,1,1,1,1,1,4,4,-1,[ OK ]
932.6,17-Jul-26 13:17:30,1052,166.7,0.1378,120.8,0.2782,0.5789,1.733,0,0,0,100,15.05,0.2013,404.1,200,1,0,0.2714,1,1,1,1,1,1,1,4,4,-1,[ OK ]
933.0,17-Jul-26 13:17:30,1053,166.7,0.1382,119.7,0.2751,0.5793,1.728,0,0,0,100,15.05,0.2014,404.1,200,1,0,0.2515,1,1,1,1,1,1,1,4,4,-1,[ OK ]
933.4,17-Jul-26 13:17:31,1053,166.7,0.1382,119.9,0.2745,0.5788,1.735,0,0,0,100,15.05,0.2018,404.2,200,1,0,0.2705,1,1,1,1,1,1,1,4,4,-1,[ OK ]
933.9,17-Jul-26 13:17:31,1053,166.7,0.1381,119.9,0.2766,0.5794,1.727,0,0,0,100,15.05,0.2018,403.8,200,1,0,0.2705,1,1,1,1,1,1,1,4,4,-1,[ OK ]
934.3,17-Jul-26 13:17:32,1054,166.7,0.1381,120.1,0.283,0.5795,1.727,0,0,0,100,15.05,0.2018,404.2,200,1,0,0.27,1,1,1,1,1,1,1,4,4,-1,[ OK ]
934.7,17-Jul-26 13:17:32,1054,166.7,0.1378,120.8,0.2735,0.579,1.733,0,0,0,100,15.05,0.2022,403.9,200,1,0,0.2622,1,1,1,1,1,1,1,4,4,-1,[ OK ]
935.1,17-Jul-26 13:17:33,1055,166.7,0.1381,119.9,0.2761,0.5789,1.733,0,0,0,100,15.05,0.2011,403.9,200,1,0,0.2654,1,1,1,1,1,1,1,4,4,-1,[ OK ]
935.5,17-Jul-26 13:17:33,1055,166.7,0.1381,119.9,0.276,0.5796,1.725,0,0,0,100,15.05,0.202,403.8,200,1,0,0.2702,1,1,1,1,1,1,1,4,4,-1,[ OK ]
936.0,17-Jul-26 13:17:33,1055,166.7,0.138,120.2,0.2767,0.579,1.732,0,0,0,100,15.05,0.202,404.1,200,1,0,0.2626,1,1,1,1,1,1,1,4,4,-1,[ OK ]
936.4,17-Jul-26 13:17:34,1056,166.7,0.1379,120.4,0.2746,0.5794,1.728,0,0,0,100,15.05,0.2012,403.9,200,1,0,0.278,1,1,1,1,1,1,1,4,4,-1,[ OK ]
936.8,17-Jul-26 13:17:34,1056,166.7,0.1382,119.7,0.2759,0.579,1.732,0,0,0,100,15.05,0.2019,404,200,1,0,0.2662,1,1,1,1,1,1,1,4,4,-1,[ OK ]
937.2,17-Jul-26 13:17:35,1057,166.7,0.138,120.2,0.2729,0.5788,1.735,0,0,0,100,15.05,0.2016,404.3,200,1,0,0.2685,1,1,1,1,1,1,1,4,4,-1,[ OK ]
937.6,17-Jul-26 13:17:35,1057,166.7,0.1381,119.8,0.2781,0.579,1.732,0,0,0,100,15.05,0.2013,403.8,200,1,0,0.2554,1,1,1,1,1,1,1,4,4,-1,[ OK ]
938.1,17-Jul-26 13:17:35,1058,166.7,0.1381,119.9,0.2772,0.5793,1.727,0,0,0,100,15.05,0.2018,404.2,200,1,0,0.2383,1,1,1,1,1,1,1,4,4,-1,[ OK ]
938.5,17-Jul-26 13:17:36,1058,166.7,0.1381,119.9,0.278,0.5788,1.734,0,0,0,100,15.05,0.2018,403.8,200,1,0,0.2726,1,1,1,1,1,1,1,4,4,-1,[ OK ]
938.9,17-Jul-26 13:17:36,1058,166.7,0.138,120.2,0.2765,0.5793,1.728,0,0,0,100,15.05,0.2016,403.9,200,1,0,0.278,1,1,1,1,1,1,1,4,4,-1,[ OK ]
939.3,17-Jul-26 13:17:37,1059,166.7,0.1381,119.9,0.2777,0.5791,1.73,0,0,0,100,15.05,0.2012,403.8,200,1,0,0.2726,1,1,1,1,1,1,1,4,4,-1,[ OK ]
939.7,17-Jul-26 13:17:37,1059,166.7,0.1381,120.1,0.2744,0.5789,1.734,0,0,0,100,15.05,0.2019,403.8,200,1,0,0.2894,1,1,1,1,1,1,1,4,4,-1,[ OK ]
940.2,17-Jul-26 13:17:38,1060,166.7,0.1382,119.8,0.2732,0.5794,1.728,0,0,0,100,15.05,0.2009,403.8,200,1,0,0.2767,1,1,1,1,1,1,1,4,4,-1,[ OK ]
940.6,17-Jul-26 13:17:38,1060,166.7,0.1382,119.8,0.2783,0.5788,1.734,0,0,0,100,15.05,0.2015,404.2,200,1,0,0.2657,1,1,1,1,1,1,1,4,4,-1,[ OK ]
941.0,17-Jul-26 13:17:38,1061,166.7,0.138,120.2,0.2812,0.579,1.732,0,0,0,100,15.05,0.202,404.1,200,1,0,0.2687,1,1,1,1,1,1,1,4,4,-1,[ OK ]
941.5,17-Jul-26 13:17:39,1061,166.7,0.1381,120.1,0.2776,0.5791,1.73,0,0,0,100,15.05,0.2021,403.7,200,1,0,0.2536,1,1,1,1,1,1,1,4,4,-1,[ OK ]
941.9,17-Jul-26 13:17:39,1061,166.7,0.1381,120.1,0.2775,0.579,1.732,0,0,0,100,15.05,0.2,404.2,200,1,0,0.2741,1,1,1,1,1,1,1,4,4,-1,[ OK ]
942.5,17-Jul-26 13:17:40,1062,166.7,0.1379,120.6,0.276,0.5795,1.727,0,0,0,100,15.05,0.2014,404.2,200,1,0,0.2743,1,1,1,1,1,1,1,4,4,-1,[ OK ]
942.9,17-Jul-26 13:17:40,1062,166.7,0.1383,119.7,0.2775,0.579,1.733,0,0,0,100,15.05,0.201,403.9,200,1,0,0.2673,1,1,1,1,1,1,1,4,4,-1,[ OK ]
943.3,17-Jul-26 13:17:41,1063,166.7,0.1381,120.2,0.2754,0.5791,1.732,0,0,0,100,15.05,0.2005,403.8,200,1,0,0.272,1,1,1,1,1,1,1,4,4,-1,[ OK ]
943.7,17-Jul-26 13:17:41,1063,166.7,0.1382,120.1,0.2791,0.5792,1.731,0,0,0,100,15.05,0.2007,404,200,1,0,0.2774,1,1,1,1,1,1,1,4,4,-1,[ OK ]
944.1,17-Jul-26 13:17:42,1064,166.7,0.1383,119.8,0.2772,0.5794,1.729,0,0,0,100,15.05,0.2023,404.3,200,1,0,0.2617,1,1,1,1,1,1,1,4,4,-1,[ OK ]
944.6,17-Jul-26 13:17:42,1064,166.7,0.1382,120.1,0.278,0.5798,1.725,0,0,0,100,15.05,0.2023,404.1,200,1,0,0.2683,1,1,1,1,1,1,1,4,4,-1,[ OK ]
945.0,17-Jul-26 13:17:42,1065,166.7,0.1381,120.3,0.2776,0.5792,1.731,0,0,0,100,15.05,0.2015,404.2,200,1,0,0.2751,1,1,1,1,1,1,1,4,4,-1,[ OK ]
945.4,17-Jul-26 13:17:43,1065,166.7,0.1381,120,0.2744,0.5791,1.731,0,0,0,100,15.05,0.2008,403.8,200,1,0,0.2683,1,1,1,1,1,1,1,4,4,-1,[ OK ]
945.8,17-Jul-26 13:17:43,1065,166.7,0.1381,120.1,0.2778,0.5796,1.726,0,0,0,100,15.05,0.2014,404.1,200,1,0,0.2462,1,1,1,1,1,1,1,4,4,-1,[ OK ]
946.2,17-Jul-26 13:17:44,1066,166.7,0.1382,119.9,0.2737,0.5795,1.727,0,0,0,100,15.05,0.2013,404,200,1,0,0.2717,1,1,1,1,1,1,1,4,4,-1,[ OK ]
946.7,17-Jul-26 13:17:44,1066,166.7,0.138,120.3,0.2783,0.5793,1.73,0,0,0,100,15.05,0.2019,403.9,200,1,0,0.2712,1,1,1,1,1,1,1,4,4,-1,[ OK ]
947.1,17-Jul-26 13:17:45,1067,166.7,0.138,120.4,0.2755,0.5795,1.728,0,0,0,100,15.05,0.201,403.9,200,1,0,0.2659,1,1,1,1,1,1,1,4,4,-1,[ OK ]
947.5,17-Jul-26 13:17:45,1067,166.7,0.1382,120,0.2779,0.5789,1.734,0,0,0,100,15.05,0.2,404.2,200,1,0,0.2806,1,1,1,1,1,1,1,4,4,-1,[ OK ]
947.9,17-Jul-26 13:17:45,1067,166.7,0.1381,120.3,0.2767,0.5795,1.728,0,0,0,100,15.05,0.2019,404.1,200,1,0,0.2705,1,1,1,1,1,1,1,4,4,-1,[ OK ]
948.3,17-Jul-26 13:17:46,1068,166.7,0.1381,120,0.2765,0.5795,1.727,0,0,0,100,15.05,0.201,404.1,200,1,0,0.2763,1,1,1,1,1,1,1,4,4,-1,[ OK ]
948.7,17-Jul-26 13:17:46,1068,166.7,0.1381,120.1,0.2774,0.5795,1.728,0,0,0,100,15.05,0.202,404.1,200,1,0,0.277,1,1,1,1,1,1,1,4,4,-1,[ OK ]
949.2,17-Jul-26 13:17:47,1069,166.7,0.1381,120.3,0.2778,0.5796,1.727,0,0,0,100,15.05,0.2019,403.9,200,1,0,0.2629,1,1,1,1,1,1,1,4,4,-1,[ OK ]
949.6,17-Jul-26 13:17:47,1069,166.7,0.1383,119.6,0.2778,0.579,1.733,0,0,0,100,15.05,0.2013,403.8,200,1,0,0.2778,1,1,1,1,1,1,1,4,4,-1,[ OK ]
950.0,17-Jul-26 13:17:47,1070,166.7,0.138,120.5,0.2775,0.5789,1.735,0,0,0,100,15.05,0.2015,404.1,200,1,0,0.2686,1,1,1,1,1,1,1,4,4,-1,[ OK ]
950.4,17-Jul-26 13:17:48,1070,166.7,0.1382,120,0.2759,0.5792,1.732,0,0,0,100,15.05,0.2017,404.1,200,1,0,0.272,1,1,1,1,1,1,1,4,4,-1,[ OK ]
950.8,17-Jul-26 13:17:48,1070,166.7,0.1383,119.8,0.2771,0.5798,1.724,0,0,0,100,15.05,0.2008,404.2,200,1,0,0.2804,1,1,1,1,1,1,1,4,4,-1,[ OK ]
951.3,17-Jul-26 13:17:49,1071,166.7,0.138,120.4,0.277,0.5795,1.727,0,0,0,100,15.05,0.2019,404,200,1,0,0.2661,1,1,1,1,1,1,1,4,4,-1,[ OK ]
951.7,17-Jul-26 13:17:49,1071,166.7,0.1381,120.2,0.2783,0.5797,1.724,0,0,0,100,15.05,0.2009,403.9,200,1,0,0.2838,1,1,1,1,1,1,1,4,4,-1,[ OK ]
952.1,17-Jul-26 13:17:50,1072,166.7,0.138,120.3,0.2759,0.579,1.733,0,0,0,100,15.05,0.203,403.8,200,1,0,0.2664,1,1,1,1,1,1,1,4,4,-1,[ OK ]
952.5,17-Jul-26 13:17:50,1072,166.7,0.1383,119.7,0.2787,0.5788,1.735,0,0,0,100,15.05,0.2017,404,200,1,0,0.2709,1,1,1,1,1,1,1,4,4,-1,[ OK ]
952.9,17-Jul-26 13:17:50,1072,166.7,0.1383,119.6,0.2751,0.5791,1.732,0,0,0,100,15.05,0.2008,403.9,200,1,0,0.2824,1,1,1,1,1,1,1,4,4,-1,[ OK ]
953.4,17-Jul-26 13:17:51,1073,166.7,0.1383,119.7,0.2793,0.5791,1.733,0,0,0,100,15.05,0.2017,404.1,200,1,0,0.271,1,1,1,1,1,1,1,4,4,-1,[ OK ]
953.8,17-Jul-26 13:17:51,1073,166.7,0.1384,119.6,0.2802,0.5795,1.727,0,0,0,100,15.05,0.2017,403.8,200,1,0,0.2711,1,1,1,1,1,1,1,4,4,-1,[ OK ]
954.2,17-Jul-26 13:17:52,1074,166.7,0.1384,119.4,0.2771,0.579,1.734,0,0,0,100,15.05,0.2006,404.2,200,1,0,0.273,1,1,1,1,1,1,1,4,4,-1,[ OK ]
954.6,17-Jul-26 13:17:52,1074,166.7,0.1379,120.6,0.2764,0.5788,1.735,0,0,0,100,15.05,0.2013,404.2,200,1,0,0.2664,1,1,1,1,1,1,1,4,4,-1,[ OK ]
955.1,17-Jul-26 13:17:52,1075,166.7,0.1383,119.6,0.2771,0.5788,1.735,0,0,0,100,15.05,0.2005,404,200,1,0,0.2775,1,1,1,1,1,1,1,4,4,-1,[ OK ]
955.5,17-Jul-26 13:17:53,1075,166.7,0.1382,119.8,0.2757,0.5788,1.736,0,0,0,100,15.05,0.202,404,200,1,0,0.2709,1,1,1,1,1,1,1,4,4,-1,[ OK ]
955.9,17-Jul-26 13:17:53,1075,166.7,0.1383,119.7,0.2744,0.5788,1.735,0,0,0,100,15.05,0.2012,403.9,200,1,0,0.2783,1,1,1,1,1,1,1,4,4,-1,[ OK ]
956.3,17-Jul-26 13:17:54,1076,166.7,0.1383,119.7,0.2757,0.5791,1.732,0,0,0,100,15.05,0.2024,403.9,200,1,0,0.2726,1,1,1,1,1,1,1,4,4,-1,[ OK ]
956.7,17-Jul-26 13:17:54,1076,166.7,0.1382,119.8,0.2793,0.5796,1.726,0,0,0,100,15.05,0.2012,404.2,200,1,0,0.2667,1,1,1,1,1,1,1,4,4,-1,[ OK ]
957.3,17-Jul-26 13:17:55,1077,166.7,0.1382,119.9,0.2776,0.5789,1.735,0,0,0,100,15.05,0.2012,403.8,200,1,0,0.2722,1,1,1,1,1,1,1,4,4,-1,[ OK ]
957.8,17-Jul-26 13:17:55,1077,166.7,0.138,120.2,0.2763,0.5791,1.732,0,0,0,100,15.05,0.2013,404.2,200,1,0,0.2566,1,1,1,1,1,1,1,4,4,-1,[ OK ]
958.2,17-Jul-26 13:17:56,1078,166.7,0.1382,119.9,0.2756,0.5794,1.728,0,0,0,100,15.05,0.2018,404.1,200,1,0,0.2639,1,1,1,1,1,1,1,4,4,-1,[ OK ]
958.6,17-Jul-26 13:17:56,1078,166.7,0.1381,120.1,0.2763,0.5797,1.725,0,0,0,100,15.05,0.2012,404.2,200,1,0,0.2707,1,1,1,1,1,1,1,4,4,-1,[ OK ]
959.0,17-Jul-26 13:17:56,1079,166.7,0.1381,120.1,0.278,0.5795,1.728,0,0,0,100,15.05,0.2007,404.1,200,1,0,0.2735,1,1,1,1,1,1,1,4,4,-1,[ OK ]
959.5,17-Jul-26 13:17:57,1079,166.7,0.1381,120.2,0.2767,0.5791,1.733,0,0,0,100,15.05,0.2013,403.8,200,1,0,0.2766,1,1,1,1,1,1,1,4,4,-1,[ OK ]
959.9,17-Jul-26 13:17:57,1079,166.7,0.1382,119.7,0.2789,0.5788,1.735,0,0,0,100,15.05,0.2022,404.2,200,1,0,0.2739,1,1,1,1,1,1,1,4,4,-1,[ OK ]
960.3,17-Jul-26 13:17:58,1080,166.7,0.1383,119.6,0.2764,0.5788,1.735,0,0,0,100,15.05,0.2018,404.1,200,1,0,0.2729,1,1,1,1,1,1,1,4,4,-1,[ OK ]
960.7,17-Jul-26 13:17:58,1080,166.7,0.138,120.2,0.2756,0.579,1.733,0,0,0,100,15.05,0.2018,404,200,1,0,0.2725,1,1,1,1,1,1,1,4,4,-1,[ OK ]
961.1,17-Jul-26 13:17:59,1081,166.7,0.1381,119.9,0.2778,0.5796,1.726,0,0,0,100,15.05,0.2015,403.8,200,1,0,0.2716,1,1,1,1,1,1,1,4,4,-1,[ OK ]
961.6,17-Jul-26 13:17:59,1081,166.7,0.1381,119.8,0.2754,0.5797,1.724,0,0,0,100,15.05,0.2017,403.7,200,1,0,0.2804,1,1,1,1,1,1,1,4,4,-1,[ OK ]
962.0,17-Jul-26 13:17:59,1082,166.7,0.1378,120.8,0.2795,0.5794,1.727,0,0,0,100,15.05,0.2012,403.8,200,1,0,0.2727,1,1,1,1,1,1,1,4,4,-1,[ OK ]
962.4,17-Jul-26 13:18:00,1082,166.7,0.1384,119.2,0.2769,0.5798,1.723,0,0,0,100,15.05,0.2019,403.8,200,1,0,0.2676,1,1,1,1,1,1,1,4,4,-1,[ OK ]
962.8,17-Jul-26 13:18:00,1082,166.7,0.1383,119.7,0.2775,0.5788,1.735,0,0,0,100,15.05,0.2013,404.1,200,1,0,0.2756,1,1,1,1,1,1,1,4,4,-1,[ OK ]
963.2,17-Jul-26 13:18:01,1083,166.7,0.1383,119.8,0.2775,0.5789,1.734,0,0,0,100,15.05,0.2019,404.2,200,1,0,0.2724,1,1,1,1,1,1,1,4,4,-1,[ OK ]
963.7,17-Jul-26 13:18:01,1083,166.7,0.1381,120.1,0.2758,0.5786,1.737,0,0,0,100,15.05,0.2007,404.2,200,1,0,0.2757,1,1,1,1,1,1,1,4,4,-1,[ OK ]
964.2,17-Jul-26 13:18:02,1084,166.8,0.1382,119.9,0.2705,0.5797,1.726,0,0,0,100,15.05,0.2019,403.9,200,1,0,0.2672,1,1,1,1,1,1,1,4,4,-1,[ OK ]
964.7,17-Jul-26 13:18:02,1084,166.8,0.1382,119.7,0.2721,0.5797,1.725,0,0,0,100,15.05,0.2013,404,200,1,0,0.26,1,1,1,1,1,1,1,4,4,-1,[ OK ]
965.1,17-Jul-26 13:18:03,1085,166.8,0.1381,120.1,0.2751,0.579,1.733,0,0,0,100,15.05,0.2013,404,200,1,0,0.2743,1,1,1,1,1,1,1,4,4,-1,[ OK ]
965.6,17-Jul-26 13:18:03,1085,166.8,0.138,120.4,0.2664,0.5795,1.728,0,0,0,100,15.05,0.2012,403.8,200,1,0,0.2705,1,1,1,1,1,1,1,4,4,-1,[ OK ]
966.1,17-Jul-26 13:18:04,1086,166.8,0.1383,119.7,0.2778,0.5791,1.733,0,0,0,100,15.05,0.1999,404.2,200,1,0,0.2764,1,1,1,1,1,1,1,4,4,-1,[ OK ]
966.6,17-Jul-26 13:18:04,1086,166.8,0.1382,119.8,0.277,0.5794,1.73,0,0,0,100,15.05,0.2024,404.2,200,1,0,0.2652,1,1,1,1,1,1,1,4,4,-1,[ OK ]
967.1,17-Jul-26 13:18:05,1087,166.8,0.1383,119.4,0.2783,0.5791,1.733,0,0,0,100,15.05,0.2021,404,200,1,0,0.2711,1,1,1,1,1,1,1,4,4,-1,[ OK ]
967.5,17-Jul-26 13:18:05,1087,166.8,0.1382,119.9,0.2783,0.5794,1.729,0,0,0,100,15.05,0.2024,404.2,200,1,0,0.2704,1,1,1,1,1,1,1,4,4,-1,[ OK ]
967.9,17-Jul-26 13:18:05,1087,166.8,0.1379,120.6,0.2767,0.5792,1.732,0,0,0,100,15.05,0.2014,404.1,200,1,0,0.269,1,1,1,1,1,1,1,4,4,-1,[ OK ]
968.5,17-Jul-26 13:18:06,1088,166.8,0.1381,120,0.2795,0.5791,1.733,0,0,0,100,15.05,0.2014,404.2,200,1,0,0.2729,1,1,1,1,1,1,1,4,4,-1,[ OK ]
968.9,17-Jul-26 13:18:06,1088,166.8,0.138,120.2,0.2793,0.579,1.734,0,0,0,100,15.05,0.202,403.8,200,1,0,0.2802,1,1,1,1,1,1,1,4,4,-1,[ OK ]
969.4,17-Jul-26 13:18:07,1089,166.8,0.1381,120.2,0.2768,0.5791,1.733,0,0,0,100,15.05,0.2012,404.2,200,1,0,0.2511,1,1,1,1,1,1,1,4,4,-1,[ OK ]
969.9,17-Jul-26 13:18:07,1089,166.8,0.1379,120.4,0.2721,0.5797,1.726,0,0,0,100,15.05,0.2014,403.8,200,1,0,0.2626,1,1,1,1,1,1,1,4,4,-1,[ OK ]
970.5,17-Jul-26 13:18:08,1090,166.8,0.1381,120,0.2763,0.579,1.734,0,0,0,100,15.05,0.2018,404,200,1,0,0.2747,1,1,1,1,1,1,1,4,4,-1,[ OK ]
970.9,17-Jul-26 13:18:08,1090,166.8,0.1381,119.9,0.2743,0.5791,1.732,0,0,0,100,15.05,0.2022,403.9,200,1,0,0.2664,1,1,1,1,1,1,1,4,4,-1,[ OK ]
971.3,17-Jul-26 13:18:09,1091,166.8,0.1381,119.8,0.2775,0.579,1.734,0,0,0,100,15.05,0.2021,404.2,200,1,0,0.2685,1,1,1,1,1,1,1,4,4,-1,[ OK ]
971.7,17-Jul-26 13:18:09,1091,166.8,0.1382,119.6,0.2792,0.5792,1.732,0,0,0,100,15.05,0.2018,404.1,200,1,0,0.2708,1,1,1,1,1,1,1,4,4,-1,[ OK ]
972.1,17-Jul-26 13:18:10,1092,166.8,0.1379,120.3,0.2747,0.5795,1.728,0,0,0,100,15.05,0.201,404,200,1,0,0.2758,1,1,1,1,1,1,1,4,4,-1,[ OK ]
972.6,17-Jul-26 13:18:10,1092,166.8,0.138,120,0.2799,0.579,1.734,0,0,0,100,15.05,0.2013,403.9,200,1,0,0.2735,1,1,1,1,1,1,1,4,4,-1,[ OK ]
973.0,17-Jul-26 13:18:10,1092,166.8,0.1381,119.9,0.2782,0.5799,1.724,0,0,0,100,15.05,0.2015,403.9,200,1,0,0.2772,1,1,1,1,1,1,1,4,4,-1,[ OK ]
973.4,17-Jul-26 13:18:11,1093,166.8,0.1382,119.7,0.2784,0.5793,1.731,0,0,0,100,15.05,0.202,404.2,200,1,0,0.2658,1,1,1,1,1,1,1,4,4,-1,[ OK ]
973.8,17-Jul-26 13:18:11,1093,166.8,0.138,120.2,0.2729,0.579,1.735,0,0,0,100,15.05,0.2015,403.8,200,1,0,0.2678,1,1,1,1,1,1,1,4,4,-1,[ OK ]
974.2,17-Jul-26 13:18:12,1094,166.8,0.1382,120,0.2756,0.5792,1.733,0,0,0,100,15.05,0.2028,403.9,200,1,0,0.27,1,1,1,1,1,1,1,4,4,-1,[ OK ]
974.7,17-Jul-26 13:18:12,1094,166.8,0.1382,120,0.2774,0.5791,1.734,0,0,0,100,15.05,0.2029,404,200,1,0,0.2707,1,1,1,1,1,1,1,4,4,-1,[ OK ]
975.1,17-Jul-26 13:18:13,1095,166.8,0.1384,119.4,0.276,0.5791,1.734,0,0,0,100,15.05,0.2013,404,200,1,0,0.2585,1,1,1,1,1,1,1,4,4,-1,[ OK ]
975.5,17-Jul-26 13:18:13,1095,166.8,0.1382,120,0.2766,0.5788,1.736,0,0,0,100,15.05,0.2021,403.9,200,1,0,0.271,1,1,1,1,1,1,1,4,4,-1,[ OK ]
975.9,17-Jul-26 13:18:13,1095,166.8,0.1382,120,0.2771,0.5798,1.724,0,0,0,100,15.05,0.2025,404.2,200,1,0,0.2672,1,1,1,1,1,1,1,4,4,-1,[ OK ]
976.3,17-Jul-26 13:18:14,1096,166.8,0.1383,119.7,0.2778,0.5798,1.725,0,0,0,100,15.05,0.2008,404,200,1,0,0.2824,1,1,1,1,1,1,1,4,4,-1,[ OK ]
976.7,17-Jul-26 13:18:14,1096,166.8,0.1381,120.1,0.2779,0.5795,1.727,0,0,0,100,15.05,0.2018,404.2,200,1,0,0.267,1,1,1,1,1,1,1,4,4,-1,[ OK ]
977.2,17-Jul-26 13:18:15,1097,166.8,0.1381,120,0.2753,0.5793,1.73,0,0,0,100,15.05,0.2008,403.9,200,1,0,0.2747,1,1,1,1,1,1,1,4,4,-1,[ OK ]
977.6,17-Jul-26 13:18:15,1097,166.8,0.138,120.1,0.276,0.5788,1.736,0,0,0,100,15.05,0.2023,404.2,200,1,0,0.2659,1,1,1,1,1,1,1,4,4,-1,[ OK ]
978.1,17-Jul-26 13:18:16,1098,166.8,0.138,120.3,0.2747,0.5789,1.735,0,0,0,100,15.05,0.2015,403.8,200,1,0,0.2491,1,1,1,1,1,1,1,4,4,-1,[ OK ]
978.6,17-Jul-26 13:18:16,1098,166.8,0.138,120.3,0.2776,0.5792,1.731,0,0,0,100,15.05,0.2013,403.8,200,1,0,0.273,1,1,1,1,1,1,1,4,4,-1,[ OK ]
979.0,17-Jul-26 13:18:16,1099,166.8,0.1381,119.9,0.2752,0.5796,1.726,0,0,0,100,15.05,0.2013,404,200,1,0,0.2704,1,1,1,1,1,1,1,4,4,-1,[ OK ]
979.5,17-Jul-26 13:18:17,1099,166.8,0.1381,119.9,0.2775,0.5796,1.726,0,0,0,100,15.05,0.2017,404.2,200,1,0,0.2767,1,1,1,1,1,1,1,4,4,-1,[ OK ]
979.9,17-Jul-26 13:18:17,1099,166.8,0.1379,120.2,0.28,0.5796,1.726,0,0,0,100,15.05,0.2014,404.1,200,1,0,0.2852,1,1,1,1,1,1,1,4,4,-1,[ OK ]
980.3,17-Jul-26 13:18:18,1100,166.8,0.138,120,0.2753,0.5795,1.727,0,0,0,100,15.05,0.2003,404.1,200,1,0,0.2911,1,1,1,1,1,1,1,4,4,-1,[ OK ]
980.7,17-Jul-26 13:18:18,1100,166.8,0.1381,119.7,0.2759,0.5789,1.734,0,0,0,100,15.05,0.2013,403.8,200,1,0,0.2734,1,1,1,1,1,1,1,4,4,-1,[ OK ]
981.2,17-Jul-26 13:18:19,1101,166.8,0.1383,119.4,0.279,0.5794,1.727,0,0,0,100,15.05,0.2009,403.9,200,1,0,0.2823,1,1,1,1,1,1,1,4,4,-1,[ OK ]
981.7,17-Jul-26 13:18:19,1101,166.8,0.1379,120.4,0.2757,0.579,1.733,0,0,0,100,15.05,0.201,403.8,200,1,0,0.2727,1,1,1,1,1,1,1,4,4,-1,[ OK ]
982.1,17-Jul-26 13:18:20,1102,166.8,0.1381,119.8,0.2773,0.5789,1.734,0,0,0,100,15.05,0.2017,403.9,200,1,0,0.2767,1,1,1,1,1,1,1,4,4,-1,[ OK ]
982.6,17-Jul-26 13:18:20,1102,166.8,0.1378,120.7,0.2747,0.5792,1.731,0,0,0,100,15.05,0.2015,403.9,200,1,0,0.2774,1,1,1,1,1,1,1,4,4,-1,[ OK ]
983.0,17-Jul-26 13:18:20,1103,166.8,0.138,120.2,0.2728,0.579,1.732,0,0,0,100,15.05,0.2011,403.9,200,1,0,0.2768,1,1,1,1,1,1,1,4,4,-1,[ OK ]
983.4,17-Jul-26 13:18:21,1103,166.8,0.1381,120.1,0.2764,0.5797,1.725,0,0,0,100,15.05,0.2012,404,200,1,0,0.2835,1,1,1,1,1,1,1,4,4,-1,[ OK ]
983.9,17-Jul-26 13:18:21,1103,166.8,0.1379,120.3,0.2759,0.5795,1.726,0,0,0,100,15.05,0.2019,403.8,200,1,0,0.2725,1,1,1,1,1,1,1,4,4,-1,[ OK ]
984.3,17-Jul-26 13:18:22,1104,166.8,0.1383,119.6,0.2768,0.5794,1.728,0,0,0,100,15.05,0.2013,404.1,200,1,0,0.2756,1,1,1,1,1,1,1,4,4,-1,[ OK ]
984.8,17-Jul-26 13:18:22,1104,166.8,0.138,120.2,0.2783,0.5791,1.731,0,0,0,100,15.05,0.202,403.8,200,1,0,0.2669,1,1,1,1,1,1,1,4,4,-1,[ OK ]
985.2,17-Jul-26 13:18:23,1105,166.8,0.138,120.3,0.2764,0.5792,1.731,0,0,0,100,15.05,0.2007,404.3,200,1,0,0.2839,1,1,1,1,1,1,1,4,4,-1,[ OK ]
985.6,17-Jul-26 13:18:23,1105,166.8,0.138,120.3,0.2798,0.579,1.733,0,0,0,100,15.05,0.2013,404,200,1,0,0.2693,1,1,1,1,1,1,1,4,4,-1,[ OK ]
986.1,17-Jul-26 13:18:23,1106,166.8,0.1381,120,0.2776,0.5797,1.726,0,0,0,100,15.05,0.2019,403.9,200,1,0,0.2766,1,1,1,1,1,1,1,4,4,-1,[ OK ]
986.5,17-Jul-26 13:18:24,1106,166.8,0.1381,120.2,0.2775,0.5794,1.729,0,0,0,100,15.05,0.2016,404,200,1,0,0.2706,1,1,1,1,1,1,1,4,4,-1,[ OK ]
986.9,17-Jul-26 13:18:24,1106,166.8,0.1382,120.1,0.2769,0.5796,1.727,0,0,0,100,15.05,0.2014,404.1,200,1,0,0.2746,1,1,1,1,1,1,1,4,4,-1,[ OK ]
987.3,17-Jul-26 13:18:25,1107,166.8,0.1382,119.9,0.2734,0.5796,1.728,0,0,0,100,15.05,0.2008,403.9,200,1,0,0.2752,1,1,1,1,1,1,1,4,4,-1,[ OK ]
987.7,17-Jul-26 13:18:25,1107,166.8,0.1384,119.6,0.2794,0.579,1.735,0,0,0,100,15.05,0.2008,404.1,200,1,0,0.2765,1,1,1,1,1,1,1,4,4,-1,[ OK ]
988.2,17-Jul-26 13:18:26,1108,166.8,0.138,120.3,0.2753,0.5792,1.733,0,0,0,100,15.05,0.2019,404.2,200,1,0,0.2619,1,1,1,1,1,1,1,4,4,-1,[ OK ]
988.6,17-Jul-26 13:18:26,1108,166.8,0.1382,119.9,0.2769,0.5792,1.733,0,0,0,100,15.05,0.2013,404.2,200,1,0,0.2758,1,1,1,1,1,1,1,4,4,-1,[ OK ]
989.0,17-Jul-26 13:18:26,1109,166.8,0.1381,120,0.277,0.5791,1.734,0,0,0,100,15.05,0.2014,404.1,200,1,0,0.2719,1,1,1,1,1,1,1,4,4,-1,[ OK ]
989.4,17-Jul-26 13:18:27,1109,166.8,0.1382,119.9,0.2775,0.5798,1.726,0,0,0,100,15.05,0.2019,403.9,200,1,0,0.267,1,1,1,1,1,1,1,4,4,-1,[ OK ]
989.8,17-Jul-26 13:18:27,1109,166.8,0.138,120.4,0.2759,0.5796,1.727,0,0,0,100,15.05,0.2013,403.9,200,1,0,0.2577,1,1,1,1,1,1,1,4,4,-1,[ OK ]
990.3,17-Jul-26 13:18:28,1110,166.8,0.1381,120.2,0.275,0.579,1.734,0,0,0,100,15.05,0.2012,404,200,1,0,0.2685,1,1,1,1,1,1,1,4,4,-1,[ OK ]
990.7,17-Jul-26 13:18:28,1110,166.8,0.138,120.2,0.2783,0.5796,1.726,0,0,0,100,15.05,0.2017,403.9,200,1,0,0.2702,1,1,1,1,1,1,1,4,4,-1,[ OK ]
991.2,17-Jul-26 13:18:29,1111,166.8,0.1379,120.6,0.2758,0.5792,1.731,0,0,0,100,15.05,0.2026,403.9,200,1,0,0.2712,1,1,1,1,1,1,1,4,4,-1,[ OK ]
991.6,17-Jul-26 13:18:29,1111,166.8,0.1382,119.9,0.277,0.5795,1.726,0,0,0,100,15.05,0.2019,404,200,1,0,0.2733,1,1,1,1,1,1,1,4,4,-1,[ OK ]
992.0,17-Jul-26 13:18:29,1112,166.8,0.1381,119.9,0.2775,0.579,1.733,0,0,0,100,15.05,0.2019,403.9,200,1,0,0.2716,1,1,1,1,1,1,1,4,4,-1,[ OK ]
992.5,17-Jul-26 13:18:30,1112,166.8,0.1383,119.4,0.2801,0.579,1.733,0,0,0,100,15.05,0.2017,403.9,200,1,0,0.2719,1,1,1,1,1,1,1,4,4,-1,[ OK ]
992.9,17-Jul-26 13:18:30,1112,166.8,0.1381,120,0.2782,0.579,1.733,0,0,0,100,15.05,0.2024,403.9,200,1,0,0.2666,1,1,1,1,1,1,1,4,4,-1,[ OK ]
993.3,17-Jul-26 13:18:31,1113,166.8,0.138,120.2,0.2757,0.5796,1.725,0,0,0,100,15.05,0.2019,403.8,200,1,0,0.2743,1,1,1,1,1,1,1,4,4,-1,[ OK ]
993.8,17-Jul-26 13:18:31,1113,166.8,0.1381,119.9,0.278,0.5785,1.738,0,0,0,100,15.05,0.2025,403.9,200,1,0,0.2726,1,1,1,1,1,1,1,4,4,-1,[ OK ]
994.2,17-Jul-26 13:18:32,1114,166.8,0.1381,120,0.2778,0.5797,1.725,0,0,0,100,15.05,0.2018,404.2,200,1,0,0.2732,1,1,1,1,1,1,1,4,4,-1,[ OK ]
994.8,17-Jul-26 13:18:32,1114,166.8,0.1382,119.8,0.2769,0.5797,1.725,0,0,0,100,15.05,0.2019,403.9,200,1,0,0.2737,1,1,1,1,1,1,1,4,4,-1,[ OK ]
995.3,17-Jul-26 13:18:33,1115,166.8,0.138,120.3,0.279,0.5796,1.726,0,0,0,100,15.05,0.2024,404.2,200,1,0,0.2691,1,1,1,1,1,1,1,4,4,-1,[ OK ]
995.8,17-Jul-26 13:18:33,1115,166.8,0.138,120.5,0.2778,0.579,1.733,0,0,0,100,15.05,0.2017,404,200,1,0,0.2835,1,1,1,1,1,1,1,4,4,-1,[ OK ]
996.3,17-Jul-26 13:18:34,1116,166.8,0.1382,120,0.2767,0.5794,1.727,0,0,0,100,15.05,0.2017,403.7,200,1,0,0.275,1,1,1,1,1,1,1,4,4,-1,[ OK ]
996.7,17-Jul-26 13:18:34,1116,166.8,0.1381,120,0.2753,0.5788,1.735,0,0,0,100,15.05,0.2013,404.2,200,1,0,0.272,1,1,1,1,1,1,1,4,4,-1,[ OK ]
997.2,17-Jul-26 13:18:35,1117,166.8,0.1382,119.7,0.2789,0.5797,1.726,0,0,0,100,15.05,0.2018,404.1,200,1,0,0.2831,1,1,1,1,1,1,1,4,4,-1,[ OK ]
997.7,17-Jul-26 13:18:35,1117,166.8,0.1379,120.6,0.278,0.5789,1.734,0,0,0,100,15.05,0.2022,404,200,1,0,0.2664,1,1,1,1,1,1,1,4,4,-1,[ OK ]
998.1,17-Jul-26 13:18:36,1118,166.8,0.138,120.4,0.2739,0.5792,1.731,0,0,0,100,15.05,0.2024,404.2,200,1,0,0.2727,1,1,1,1,1,1,1,4,4,-1,[ OK ]
998.5,17-Jul-26 13:18:36,1118,166.8,0.1381,120.1,0.2745,0.579,1.734,0,0,0,100,15.05,0.2008,404.2,200,1,0,0.2779,1,1,1,1,1,1,1,4,4,-1,[ OK ]
998.9,17-Jul-26 13:18:36,1118,166.8,0.138,120.4,0.2744,0.5789,1.734,0,0,0,100,15.05,0.2019,404.2,200,1,0,0.2678,1,1,1,1,1,1,1,4,4,-1,[ OK ]
999.4,17-Jul-26 13:18:37,1119,166.8,0.1381,120.2,0.277,0.5789,1.736,0,0,0,100,15.05,0.2026,403.8,200,1,0,0.2719,1,1,1,1,1,1,1,4,4,-1,[ OK ]
999.8,17-Jul-26 13:18:37,1119,166.8,0.1381,120.1,0.2787,0.5791,1.733,0,0,0,100,15.05,0.2029,404,200,1,0,0.2673,1,1,1,1,1,1,1,4,4,-1,[ OK ]
1000.2,17-Jul-26 13:18:38,1120,166.8,0.1382,120,0.2779,0.579,1.733,0,0,0,100,15.05,0.2016,404,200,1,0,0.2796,1,1,1,1,1,1,1,4,4,-1,[ OK ]
1000.6,17-Jul-26 13:18:38,1120,166.8,0.1381,120,0.2781,0.5788,1.735,0,0,0,100,15.05,0.2024,404,200,1,0,0.2669,1,1,1,1,1,1,1,4,4,-1,[ OK ]
1001.0,17-Jul-26 13:18:38,1121,166.8,0.1382,119.8,0.2779,0.5794,1.728,0,0,0,100,15.05,0.2018,403.8,200,1,0,0.2726,1,1,1,1,1,1,1,4,4,-1,[ OK ]
1001.5,17-Jul-26 13:18:39,1121,166.8,0.138,120.3,0.278,0.5793,1.728,0,0,0,100,15.05,0.2016,403.9,200,1,0,0.2662,1,1,1,1,1,1,1,4,4,-1,[ OK ]
1001.8,17-Jul-26 13:18:39,1121,166.8,0.1383,119.6,0.2775,0.5787,1.735,0,0,0,100,15.05,0.2024,404.1,200,1,0,0.273,1,1,1,1,1,1,1,4,4,-1,[ OK ]
1002.2,17-Jul-26 13:18:40,1122,166.8,0.138,120.3,0.279,0.5797,1.725,0,0,0,100,15.05,0.2022,404,200,1,0,0.2711,1,1,1,1,1,1,1,4,4,-1,[ OK ]
1002.6,17-Jul-26 13:18:40,1122,166.8,0.1382,119.8,0.2795,0.5791,1.732,0,0,0,100,15.05,0.2011,404.2,200,1,0,0.2464,1,1,1,1,1,1,1,4,4,-1,[ OK ]
1003.0,17-Jul-26 13:18:40,1123,166.8,0.1382,120,0.2773,0.5795,1.728,0,0,0,100,15.05,0.2013,404.2,200,1,0,0.2745,1,1,1,1,1,1,1,4,4,-1,[ OK ]
1003.5,17-Jul-26 13:18:41,1123,166.8,0.1379,120.6,0.2759,0.5791,1.733,0,0,0,100,15.05,0.2016,404.1,200,1,0,0.2718,1,1,1,1,1,1,1,4,4,-1,[ OK ]
1003.9,17-Jul-26 13:18:41,1123,166.8,0.1383,119.5,0.2783,0.579,1.735,0,0,0,100,15.05,0.2017,404.2,200,1,0,0.274,1,1,1,1,1,1,1,4,4,-1,[ OK ]
1004.3,17-Jul-26 13:18:42,1124,166.8,0.1386,118.7,0.2778,0.5795,1.728,0,0,0,100,15.05,0.2006,403.9,200,1,0,0.2701,1,1,1,1,1,1,1,4,4,-1,[ OK ]
1004.7,17-Jul-26 13:18:42,1124,166.8,0.1381,120.2,0.279,0.5791,1.733,0,0,0,100,15.05,0.2013,403.9,200,1,0,0.2714,1,1,1,1,1,1,1,4,4,-1,[ OK ]
1005.1,17-Jul-26 13:18:43,1125,166.8,0.1381,120,0.2759,0.579,1.735,0,0,0,100,15.05,0.201,404.2,200,1,0,0.2733,1,1,1,1,1,1,1,4,4,-1,[ OK ]
1005.6,17-Jul-26 13:18:43,1125,166.8,0.1382,119.7,0.2767,0.5796,1.727,0,0,0,100,15.05,0.2015,403.9,200,1,0,0.2774,1,1,1,1,1,1,1,4,4,-1,[ OK ]
1006.0,17-Jul-26 13:18:43,1125,166.8,0.1381,120,0.2758,0.5796,1.727,0,0,0,100,15.05,0.202,404,200,1,0,0.2783,1,1,1,1,1,1,1,4,4,-1,[ OK ]
1006.4,17-Jul-26 13:18:44,1126,166.8,0.1383,119.3,0.2764,0.5791,1.733,0,0,0,100,15.05,0.2017,403.8,200,1,0,0.2766,1,1,1,1,1,1,1,4,4,-1,[ OK ]
1006.8,17-Jul-26 13:18:44,1126,166.8,0.138,120.2,0.275,0.5791,1.733,0,0,0,100,15.05,0.2016,403.9,200,1,0,0.259,1,1,1,1,1,1,1,4,4,-1,[ OK ]
1007.2,17-Jul-26 13:18:45,1127,166.8,0.138,120,0.2741,0.5798,1.724,0,0,0,100,15.05,0.2021,403.8,200,1,0,0.2633,1,1,1,1,1,1,1,4,4,-1,[ OK ]
1007.6,17-Jul-26 13:18:45,1127,166.8,0.1382,119.7,0.2792,0.5789,1.735,0,0,0,100,15.05,0.2019,404.1,200,1,0,0.2643,1,1,1,1,1,1,1,4,4,-1,[ OK ]
1008.1,17-Jul-26 13:18:45,1128,166.8,0.1379,120.3,0.2787,0.5795,1.727,0,0,0,100,15.05,0.2,404.1,200,1,0,0.2752,1,1,1,1,1,1,1,4,4,-1,[ OK ]
1008.5,17-Jul-26 13:18:46,1128,166.8,0.1377,120.9,0.2803,0.579,1.734,0,0,0,100,15.05,0.2013,404.2,200,1,0,0.2725,1,1,1,1,1,1,1,4,4,-1,[ OK ]
1008.9,17-Jul-26 13:18:46,1128,166.8,0.1381,119.7,0.2805,0.5797,1.725,0,0,0,100,15.05,0.2017,404,200,1,0,0.2782,1,1,1,1,1,1,1,4,4,-1,[ OK ]
1009.3,17-Jul-26 13:18:47,1129,166.8,0.1381,119.8,0.2806,0.5795,1.727,0,0,0,100,15.05,0.2017,404,200,1,0,0.2672,1,1,1,1,1,1,1,4,4,-1,[ OK ]
1009.7,17-Jul-26 13:18:47,1129,166.8,0.1381,120.1,0.2772,0.5796,1.726,0,0,0,100,15.05,0.2018,404,200,1,0,0.2767,1,1,1,1,1,1,1,4,4,-1,[ OK ]
1010.2,17-Jul-26 13:18:48,1130,166.8,0.1381,120,0.279,0.5796,1.726,0,0,0,100,15.05,0.2019,404,200,1,0,0.2797,1,1,1,1,1,1,1,4,4,-1,[ OK ]
1010.6,17-Jul-26 13:18:48,1130,166.8,0.1382,119.7,0.2797,0.5791,1.732,0,0,0,100,15.05,0.2024,403.9,200,1,0,0.273,1,1,1,1,1,1,1,4,4,-1,[ OK ]
1011.0,17-Jul-26 13:18:48,1131,166.8,0.1383,119.3,0.2798,0.5796,1.726,0,0,0,100,15.05,0.2018,403.9,200,1,0,0.2696,1,1,1,1,1,1,1,4,4,-1,[ OK ]
1011.4,17-Jul-26 13:18:49,1131,166.8,0.1381,119.9,0.2805,0.5789,1.733,0,0,0,100,15.05,0.2009,404.1,200,1,0,0.275,1,1,1,1,1,1,1,4,4,-1,[ OK ]
1011.8,17-Jul-26 13:18:49,1131,166.8,0.138,120.2,0.2759,0.5789,1.734,0,0,0,100,15.05,0.2019,403.9,200,1,0,0.281,1,1,1,1,1,1,1,4,4,-1,[ OK ]
1012.3,17-Jul-26 13:18:50,1132,166.8,0.1381,119.8,0.2827,0.579,1.734,0,0,0,100,15.05,0.2019,403.9,200,1,0,0.2693,1,1,1,1,1,1,1,4,4,-1,[ OK ]
1012.7,17-Jul-26 13:18:50,1132,166.8,0.1382,119.8,0.2752,0.5789,1.736,0,0,0,100,15.05,0.2016,404.1,200,1,0,0.2626,1,1,1,1,1,1,1,4,4,-1,[ OK ]
1013.1,17-Jul-26 13:18:51,1133,166.8,0.1382,119.7,0.2744,0.5791,1.733,0,0,0,100,15.05,0.2011,404.1,200,1,0,0.2772,1,1,1,1,1,1,1,4,4,-1,[ OK ]
1013.5,17-Jul-26 13:18:51,1133,166.8,0.1382,119.7,0.2788,0.5789,1.736,0,0,0,100,15.05,0.2019,404.2,200,1,0,0.2688,1,1,1,1,1,1,1,4,4,-1,[ OK ]
1014.0,17-Jul-26 13:18:51,1133,166.8,0.1383,119.6,0.2745,0.5796,1.728,0,0,0,100,15.05,0.2024,404.1,200,1,0,0.2673,1,1,1,1,1,1,1,4,4,-1,[ OK ]
1014.4,17-Jul-26 13:18:52,1134,166.8,0.1383,119.7,0.2782,0.5796,1.728,0,0,0,100,15.05,0.2028,404.2,200,1,0,0.2704,1,1,1,1,1,1,1,4,4,-1,[ OK ]
1014.8,17-Jul-26 13:18:52,1134,166.8,0.1382,119.7,0.2837,0.5798,1.725,0,0,0,100,15.05,0.2026,404.1,200,1,0,0.2723,1,1,1,1,1,1,1,4,4,-1,[ OK ]
1015.2,17-Jul-26 13:18:53,1135,166.8,0.1381,120,0.2788,0.5798,1.725,0,0,0,100,15.05,0.2019,403.8,200,1,0,0.2758,1,1,1,1,1,1,1,4,4,-1,[ OK ]
1015.6,17-Jul-26 13:18:53,1135,166.8,0.1381,120.2,0.274,0.5788,1.736,0,0,0,100,15.05,0.2028,404,200,1,0,0.3012,1,1,1,1,1,1,1,4,4,-1,[ OK ]
1016.1,17-Jul-26 13:18:53,1136,166.8,0.1382,119.8,0.2766,0.5796,1.727,0,0,0,100,15.05,0.2024,404.2,200,1,0,0.2699,1,1,1,1,1,1,1,4,4,-1,[ OK ]
1016.5,17-Jul-26 13:18:54,1136,166.8,0.1382,119.8,0.2771,0.5795,1.728,0,0,0,100,15.05,0.202,404.2,200,1,0,0.2708,1,1,1,1,1,1,1,4,4,-1,[ OK ]
1016.9,17-Jul-26 13:18:54,1136,166.8,0.1383,119.6,0.2753,0.5794,1.729,0,0,0,100,15.05,0.2012,403.9,200,1,0,0.2776,1,1,1,1,1,1,1,4,4,-1,[ OK ]
1017.3,17-Jul-26 13:18:55,1137,166.8,0.1381,120.1,0.2792,0.5796,1.727,0,0,0,100,15.05,0.2024,403.9,200,1,0,0.2715,1,1,1,1,1,1,1,4,4,-1,[ OK ]
1017.7,17-Jul-26 13:18:55,1137,166.8,0.1381,120.2,0.2765,0.5788,1.736,0,0,0,100,15.05,0.2016,404,200,1,0,0.2768,1,1,1,1,1,1,1,4,4,-1,[ OK ]
1018.1,17-Jul-26 13:18:55,1138,166.8,0.1383,119.8,0.2766,0.5791,1.733,0,0,0,100,15.05,0.2023,404.1,200,1,0,0.2701,1,1,1,1,1,1,1,4,4,-1,[ OK ]
1018.5,17-Jul-26 13:18:56,1138,166.8,0.1382,119.9,0.2744,0.5791,1.732,0,0,0,100,15.05,0.2017,404,200,1,0,0.2775,1,1,1,1,1,1,1,4,4,-1,[ OK ]
1018.9,17-Jul-26 13:18:56,1138,166.8,0.1383,119.7,0.2778,0.5796,1.726,0,0,0,100,15.05,0.2024,403.9,200,1,0,0.2788,1,1,1,1,1,1,1,4,4,-1,[ OK ]
1019.3,17-Jul-26 13:18:57,1139,166.8,0.1383,119.8,0.279,0.5796,1.726,0,0,0,100,15.05,0.201,404,200,1,0,0.2754,1,1,1,1,1,1,1,4,4,-1,[ OK ]
1019.7,17-Jul-26 13:18:57,1139,166.8,0.1381,120.1,0.279,0.5793,1.73,0,0,0,100,15.05,0.2023,403.9,200,1,0,0.2752,1,1,1,1,1,1,1,4,4,-1,[ OK ]
1020.2,17-Jul-26 13:18:58,1140,166.8,0.1381,120.1,0.2786,0.579,1.734,0,0,0,100,15.05,0.2019,403.8,200,1,0,0.2765,1,1,1,1,1,1,1,4,4,-1,[ OK ]
1020.6,17-Jul-26 13:18:58,1140,166.8,0.1381,120,0.2773,0.5788,1.736,0,0,0,100,15.05,0.2028,404,200,1,0,0.2687,1,1,1,1,1,1,1,4,4,-1,[ OK ]
1021.0,17-Jul-26 13:18:58,1141,166.8,0.1381,120.1,0.2769,0.5794,1.728,0,0,0,100,15.05,0.2021,404,200,1,0,0.2733,1,1,1,1,1,1,1,4,4,-1,[ OK ]
1021.4,17-Jul-26 13:18:59,1141,166.8,0.1382,119.9,0.2814,0.5789,1.734,0,0,0,100,15.05,0.2005,403.8,200,1,0,0.2768,1,1,1,1,1,1,1,4,4,-1,[ OK ]
1021.8,17-Jul-26 13:18:59,1141,166.8,0.1381,119.9,0.276,0.5789,1.735,0,0,0,100,15.05,0.2011,403.9,200,1,0,0.2711,1,1,1,1,1,1,1,4,4,-1,[ OK ]
1022.2,17-Jul-26 13:19:00,1142,166.8,0.1383,119.4,0.2779,0.5789,1.734,0,0,0,100,15.05,0.2026,403.8,200,1,0,0.2715,1,1,1,1,1,1,1,4,4,-1,[ OK ]
1022.7,17-Jul-26 13:19:00,1142,166.8,0.1381,120.1,0.2798,0.5795,1.727,0,0,0,100,15.05,0.2009,404.2,200,1,0,0.2718,1,1,1,1,1,1,1,4,4,-1,[ OK ]
1023.1,17-Jul-26 13:19:01,1143,166.8,0.1382,119.9,0.2783,0.5787,1.736,0,0,0,100,15.05,0.202,404.1,200,1,0,0.2706,1,1,1,1,1,1,1,4,4,-1,[ OK ]
1023.5,17-Jul-26 13:19:01,1143,166.8,0.1382,119.9,0.2777,0.5788,1.736,0,0,0,100,15.05,0.2013,403.8,200,1,0,0.2701,1,1,1,1,1,1,1,4,4,-1,[ OK ]
1023.9,17-Jul-26 13:19:01,1143,166.8,0.138,120.3,0.2781,0.5796,1.726,0,0,0,100,15.05,0.2017,404.1,200,1,0,0.27,1,1,1,1,1,1,1,4,4,-1,[ OK ]
1024.3,17-Jul-26 13:19:02,1144,166.8,0.1382,119.7,0.2775,0.5795,1.728,0,0,0,100,15.05,0.2016,403.8,200,1,0,0.275,1,1,1,1,1,1,1,4,4,-1,[ OK ]
1024.8,17-Jul-26 13:19:02,1144,166.8,0.1382,119.8,0.2769,0.5791,1.732,0,0,0,100,15.05,0.2015,403.8,200,1,0,0.2686,1,1,1,1,1,1,1,4,4,-1,[ OK ]
1025.2,17-Jul-26 13:19:03,1145,166.8,0.1381,120.2,0.2778,0.5789,1.734,0,0,0,100,15.05,0.2013,404.2,200,1,0,0.2713,1,1,1,1,1,1,1,4,4,-1,[ OK ]
1025.7,17-Jul-26 13:19:03,1145,166.8,0.1382,119.8,0.2747,0.5794,1.728,0,0,0,100,15.05,0.2002,403.9,200,1,0,0.28,1,1,1,1,1,1,1,4,4,-1,[ OK ]
1026.2,17-Jul-26 13:19:04,1146,166.8,0.1383,119.8,0.2902,0.5797,1.725,0,0,0,100,15.05,0.2015,404.1,200,1,0,0.2734,1,1,1,1,1,1,1,4,4,-1,[ OK ]
1026.7,17-Jul-26 13:19:04,1146,166.8,0.1384,119.6,0.2746,0.5796,1.726,0,0,0,100,15.05,0.2014,403.9,200,1,0,0.2722,1,1,1,1,1,1,1,4,4,-1,[ OK ]
1027.2,17-Jul-26 13:19:05,1147,166.8,0.1382,120.1,0.2766,0.5789,1.735,0,0,0,100,15.05,0.2029,404.2,200,1,0,0.2644,1,1,1,1,1,1,1,4,4,-1,[ OK ]
1027.6,17-Jul-26 13:19:05,1147,166.8,0.1383,119.9,0.2773,0.5791,1.732,0,0,0,100,15.05,0.2018,404.1,200,1,0,0.2806,1,1,1,1,1,1,1,4,4,-1,[ OK ]
1028.0,17-Jul-26 13:19:05,1148,166.8,0.1383,120,0.2789,0.5796,1.726,0,0,0,100,15.05,0.2019,403.8,200,1,0,0.2757,1,1,1,1,1,1,1,4,4,-1,[ OK ]
1028.4,17-Jul-26 13:19:06,1148,166.8,0.1382,120.2,0.2902,0.5792,1.731,0,0,0,100,15.05,0.2006,403.8,200,1,0,0.2825,1,1,1,1,1,1,1,4,4,-1,[ OK ]
1028.7,17-Jul-26 13:19:06,1148,166.8,0.1382,120.1,0.2775,0.5795,1.728,0,0,0,100,15.05,0.2019,404.2,200,1,0,0.2827,1,1,1,1,1,1,1,4,4,-1,[ OK ]
1029.2,17-Jul-26 13:19:07,1149,166.8,0.1383,120,0.2776,0.5796,1.726,0,0,0,100,15.05,0.2015,404.2,200,1,0,0.2723,1,1,1,1,1,1,1,4,4,-1,[ OK ]
1029.6,17-Jul-26 13:19:07,1149,166.8,0.1382,120.3,0.2822,0.5791,1.732,0,0,0,100,15.05,0.2019,403.9,200,1,0,0.2759,1,1,1,1,1,1,1,4,4,-1,[ OK ]
1030.0,17-Jul-26 13:19:07,1150,166.8,0.1383,120.2,0.2782,0.5793,1.728,0,0,0,100,15.05,0.2013,403.9,200,1,0,0.2817,1,1,1,1,1,1,1,4,4,-1,[ OK ]
1030.4,17-Jul-26 13:19:08,1150,166.8,0.1387,118.9,0.2815,0.5796,1.725,0,0,0,100,15.05,0.2021,403.8,200,1,0,0.2697,1,1,1,1,1,1,1,4,4,-1,[ OK ]
1030.7,17-Jul-26 13:19:08,1150,166.8,0.1382,120.3,0.2818,0.5789,1.733,0,0,0,100,15.05,0.2008,404.1,200,1,0,0.2775,1,1,1,1,1,1,1,4,4,-1,[ OK ]
1031.2,17-Jul-26 13:19:09,1151,166.8,0.1382,120.3,0.2792,0.5789,1.734,0,0,0,100,15.05,0.2013,404.1,200,1,0,0.2746,1,1,1,1,1,1,1,4,4,-1,[ OK ]
1031.6,17-Jul-26 13:19:09,1151,166.8,0.1384,119.9,0.2786,0.5795,1.727,0,0,0,100,15.05,0.2012,403.8,200,1,0,0.278,1,1,1,1,1,1,1,4,4,-1,[ OK ]
1032.0,17-Jul-26 13:19:09,1152,166.8,0.1383,120,0.2793,0.5791,1.732,0,0,0,100,15.05,0.2016,403.8,200,1,0,0.2834,1,1,1,1,1,1,1,4,4,-1,[ OK ]
1032.4,17-Jul-26 13:19:10,1152,166.8,0.1385,119.4,0.2802,0.5795,1.727,0,0,0,100,15.05,0.2011,404.1,200,1,0,0.2685,1,1,1,1,1,1,1,4,4,-1,[ OK ]
1032.9,17-Jul-26 13:19:10,1152,166.8,0.1382,120.2,0.2777,0.5793,1.729,0,0,0,100,15.05,0.2023,404.1,200,1,0,0.2788,1,1,1,1,1,1,1,4,4,-1,[ OK ]
1033.3,17-Jul-26 13:19:11,1153,166.8,0.1383,119.9,0.2822,0.5789,1.734,0,0,0,100,15.05,0.2015,403.9,200,1,0,0.2769,1,1,1,1,1,1,1,4,4,-1,[ OK ]
1033.7,17-Jul-26 13:19:11,1153,166.8,0.1383,120,0.2808,0.579,1.734,0,0,0,100,15.05,0.2013,404,200,1,0,0.2705,1,1,1,1,1,1,1,4,4,-1,[ OK ]
1034.1,17-Jul-26 13:19:12,1154,166.8,0.1381,120.4,0.2735,0.5795,1.727,0,0,0,100,15.05,0.2015,404,200,1,0,0.2819,1,1,1,1,1,1,1,4,4,-1,[ OK ]
1034.5,17-Jul-26 13:19:12,1154,166.8,0.138,120.6,0.2778,0.5791,1.733,0,0,0,100,15.05,0.2018,403.9,200,1,0,0.2933,1,1,1,1,1,1,1,4,4,-1,[ OK ]
1035.0,17-Jul-26 13:19:12,1154,166.8,0.138,120.5,0.2788,0.579,1.734,0,0,0,100,15.05,0.2007,403.8,200,1,0,0.2686,1,1,1,1,1,1,1,4,4,-1,[ OK ]
1035.4,17-Jul-26 13:19:13,1155,166.8,0.1384,119.5,0.2775,0.5797,1.726,0,0,0,100,15.05,0.2027,404.2,200,1,0,0.273,1,1,1,1,1,1,1,4,4,-1,[ OK ]
1035.8,17-Jul-26 13:19:13,1155,166.8,0.1383,119.9,0.2772,0.5796,1.726,0,0,0,100,15.05,0.202,404.2,200,1,0,0.2802,1,1,1,1,1,1,1,4,4,-1,[ OK ]
1036.2,17-Jul-26 13:19:14,1156,166.8,0.1382,119.9,0.2778,0.5791,1.733,0,0,0,100,15.05,0.202,404.1,200,1,0,0.2783,1,1,1,1,1,1,1,4,4,-1,[ OK ]
1036.6,17-Jul-26 13:19:14,1156,166.8,0.1382,120.1,0.2791,0.5798,1.725,0,0,0,100,15.05,0.202,404,200,1,0,0.2732,1,1,1,1,1,1,1,4,4,-1,[ OK ]
1037.1,17-Jul-26 13:19:14,1157,166.8,0.1384,119.6,0.2776,0.5791,1.734,0,0,0,100,15.05,0.2011,403.9,200,1,0,0.2735,1,1,1,1,1,1,1,4,4,-1,[ OK ]
1037.5,17-Jul-26 13:19:15,1157,166.8,0.1384,119.8,0.2782,0.5799,1.724,0,0,0,100,15.05,0.2023,403.9,200,1,0,0.2789,1,1,1,1,1,1,1,4,4,-1,[ OK ]
1037.9,17-Jul-26 13:19:15,1157,166.8,0.1383,120,0.283,0.5799,1.724,0,0,0,100,15.05,0.2021,403.8,200,1,0,0.2715,1,1,1,1,1,1,1,4,4,-1,[ OK ]
1038.3,17-Jul-26 13:19:16,1158,166.8,0.1383,120,0.2806,0.5791,1.732,0,0,0,100,15.05,0.2024,403.8,200,1,0,0.2696,1,1,1,1,1,1,1,4,4,-1,[ OK ]
1038.7,17-Jul-26 13:19:16,1158,166.8,0.1383,119.9,0.2801,0.5789,1.736,0,0,0,100,15.05,0.2021,404.1,200,1,0,0.2772,1,1,1,1,1,1,1,4,4,-1,[ OK ]
1039.2,17-Jul-26 13:19:17,1159,166.8,0.1383,119.9,0.2783,0.5792,1.732,0,0,0,100,15.05,0.2019,404,200,1,0,0.2827,1,1,1,1,1,1,1,4,4,-1,[ OK ]
1039.6,17-Jul-26 13:19:17,1159,166.8,0.1384,119.7,0.2761,0.579,1.735,0,0,0,100,15.05,0.2013,404.2,200,1,0,0.2787,1,1,1,1,1,1,1,4,4,-1,[ OK ]
1040.0,17-Jul-26 13:19:17,1160,166.8,0.1382,120.1,0.2798,0.5793,1.731,0,0,0,100,15.05,0.2019,404,200,1,0,0.2817,1,1,1,1,1,1,1,4,4,-1,[ OK ]
1040.4,17-Jul-26 13:19:18,1160,166.8,0.1381,120.5,0.2759,0.5793,1.732,0,0,0,100,15.05,0.2019,403.8,200,1,0,0.2722,1,1,1,1,1,1,1,4,4,-1,[ OK ]
1040.8,17-Jul-26 13:19:18,1160,166.8,0.1383,119.7,0.2795,0.5798,1.725,0,0,0,100,15.05,0.2015,403.9,200,1,0,0.2829,1,1,1,1,1,1,1,4,4,-1,[ OK ]
1041.2,17-Jul-26 13:19:19,1161,166.8,0.1381,120.3,0.2745,0.5792,1.733,0,0,0,100,15.05,0.2008,403.9,200,1,0,0.27,1,1,1,1,1,1,1,4,4,-1,[ OK ]
1041.7,17-Jul-26 13:19:19,1161,166.8,0.1382,120.1,0.2778,0.5797,1.726,0,0,0,100,15.05,0.2021,403.9,200,1,0,0.2787,1,1,1,1,1,1,1,4,4,-1,[ OK ]
1042.0,17-Jul-26 13:19:19,1162,166.8,0.1383,119.8,0.2775,0.5797,1.727,0,0,0,100,15.05,0.2022,404.1,200,1,0,0.2789,1,1,1,1,1,1,1,4,4,-1,[ OK ]
1042.4,17-Jul-26 13:19:20,1162,166.8,0.1383,119.8,0.2779,0.5796,1.727,0,0,0,100,15.05,0.2014,403.8,200,1,0,0.2804,1,1,1,1,1,1,1,4,4,-1,[ OK ]
1042.8,17-Jul-26 13:19:20,1162,166.8,0.1385,119.4,0.281,0.5796,1.728,0,0,0,100,15.05,0.2025,404,200,1,0,0.2704,1,1,1,1,1,1,1,4,4,-1,[ OK ]
1043.3,17-Jul-26 13:19:21,1163,166.8,0.1381,120.3,0.2743,0.5791,1.733,0,0,0,100,15.05,0.2016,404.2,200,1,0,0.2794,1,1,1,1,1,1,1,4,4,-1,[ OK ]
1043.7,17-Jul-26 13:19:21,1163,166.8,0.1384,119.6,0.2806,0.5798,1.725,0,0,0,100,15.05,0.203,403.8,200,1,0,0.2682,1,1,1,1,1,1,1,4,4,-1,[ OK ]
1044.1,17-Jul-26 13:19:22,1164,166.8,0.1382,120.1,0.278,0.5794,1.729,0,0,0,100,15.05,0.2022,403.9,200,1,0,0.263,1,1,1,1,1,1,1,4,4,-1,[ OK ]
1044.5,17-Jul-26 13:19:22,1164,166.8,0.1379,120.7,0.2774,0.5796,1.725,0,0,0,100,15.05,0.2017,404,200,1,0,0.2727,1,1,1,1,1,1,1,4,4,-1,[ OK ]
1044.9,17-Jul-26 13:19:22,1164,166.8,0.1383,119.8,0.2714,0.579,1.733,0,0,0,100,15.05,0.2031,404.1,200,1,0,0.276,1,1,1,1,1,1,1,4,4,-1,[ OK ]
1045.3,17-Jul-26 13:19:23,1165,166.8,0.1382,120,0.2814,0.5792,1.731,0,0,0,100,15.05,0.2027,403.9,200,1,0,0.2711,1,1,1,1,1,1,1,4,4,-1,[ OK ]
1045.8,17-Jul-26 13:19:23,1165,166.8,0.1382,120.1,0.2744,0.5796,1.725,0,0,0,100,15.05,0.2012,404.2,200,1,0,0.2775,1,1,1,1,1,1,1,4,4,-1,[ OK ]
1046.2,17-Jul-26 13:19:24,1166,166.8,0.1383,119.9,0.2799,0.5794,1.728,0,0,0,100,15.05,0.2008,404.1,200,1,0,0.2792,1,1,1,1,1,1,1,4,4,-1,[ OK ]
1046.6,17-Jul-26 13:19:24,1166,166.8,0.1382,119.9,0.2812,0.5791,1.732,0,0,0,100,15.05,0.2012,404.2,200,1,0,0.278,1,1,1,1,1,1,1,4,4,-1,[ OK ]
1047.0,17-Jul-26 13:19:24,1167,166.8,0.1381,120.3,0.2782,0.5798,1.724,0,0,0,100,15.05,0.202,404.2,200,1,0,0.2737,1,1,1,1,1,1,1,4,4,-1,[ OK ]
1047.4,17-Jul-26 13:19:25,1167,166.8,0.1382,120.2,0.2792,0.5797,1.726,0,0,0,100,15.05,0.201,404,200,1,0,0.2795,1,1,1,1,1,1,1,4,4,-1,[ OK ]
1047.9,17-Jul-26 13:19:25,1167,166.8,0.1381,120.2,0.2786,0.5797,1.725,0,0,0,100,15.05,0.2017,404.2,200,1,0,0.2739,1,1,1,1,1,1,1,4,4,-1,[ OK ]
1048.3,17-Jul-26 13:19:26,1168,166.8,0.1382,120,0.2806,0.5792,1.732,0,0,0,100,15.05,0.202,404,200,1,0,0.276,1,1,1,1,1,1,1,4,4,-1,[ OK ]
1048.7,17-Jul-26 13:19:26,1168,166.8,0.138,120.5,0.2699,0.5794,1.729,0,0,0,100,15.05,0.202,404.1,200,1,0,0.2658,1,1,1,1,1,1,1,4,4,-1,[ OK ]
1049.1,17-Jul-26 13:19:27,1169,166.8,0.1383,120,0.2805,0.5797,1.725,0,0,0,100,15.05,0.2025,403.9,200,1,0,0.2662,1,1,1,1,1,1,1,4,4,-1,[ OK ]
1049.5,17-Jul-26 13:19:27,1169,166.8,0.1382,120,0.2822,0.5791,1.731,0,0,0,100,15.05,0.2018,403.8,200,1,0,0.2718,1,1,1,1,1,1,1,4,4,-1,[ OK ]
1050.0,17-Jul-26 13:19:27,1169,166.8,0.1386,119,0.277,0.579,1.733,0,0,0,100,15.05,0.2016,404.2,200,1,0,0.2735,1,1,1,1,1,1,1,4,4,-1,[ OK ]
1050.4,17-Jul-26 13:19:28,1170,166.8,0.1382,120.2,0.2784,0.5793,1.73,0,0,0,100,15.05,0.2014,404.1,200,1,0,0.2763,1,1,1,1,1,1,1,4,4,-1,[ OK ]
1050.8,17-Jul-26 13:19:28,1170,166.8,0.1381,120.2,0.2835,0.5797,1.725,0,0,0,100,15.05,0.2026,403.8,200,1,0,0.2693,1,1,1,1,1,1,1,4,4,-1,[ OK ]
1051.2,17-Jul-26 13:19:29,1171,166.8,0.1383,119.9,0.2781,0.579,1.733,0,0,0,100,15.05,0.2005,404.1,200,1,0,0.2917,1,1,1,1,1,1,1,4,4,-1,[ OK ]
1051.6,17-Jul-26 13:19:29,1171,166.8,0.1382,120,0.2786,0.579,1.733,0,0,0,100,15.05,0.2024,403.8,200,1,0,0.2743,1,1,1,1,1,1,1,4,4,-1,[ OK ]
1052.2,17-Jul-26 13:19:30,1172,166.8,0.1383,119.7,0.2775,0.5789,1.733,0,0,0,100,15.05,0.2001,404,200,1,0,0.2787,1,1,1,1,1,1,1,4,4,-1,[ OK ]
1052.6,17-Jul-26 13:19:30,1172,166.8,0.1384,119.5,0.2784,0.5788,1.735,0,0,0,100,15.05,0.2012,404.1,200,1,0,0.3066,1,1,1,1,1,1,1,4,4,-1,[ OK ]
1053.0,17-Jul-26 13:19:30,1173,166.8,0.1381,120.2,0.2742,0.579,1.733,0,0,0,100,15.05,0.2027,404,200,1,0,0.2794,1,1,1,1,1,1,1,4,4,-1,[ OK ]
1053.4,17-Jul-26 13:19:31,1173,166.8,0.1382,120.1,0.2783,0.5795,1.727,0,0,0,100,15.05,0.2026,403.9,200,1,0,0.2636,1,1,1,1,1,1,1,4,4,-1,[ OK ]
1054.0,17-Jul-26 13:19:31,1173,166.8,0.1383,119.8,0.278,0.579,1.733,0,0,0,100,15.05,0.2008,404.2,200,1,0,0.2801,1,1,1,1,1,1,1,4,4,-1,[ OK ]
1054.4,17-Jul-26 13:19:32,1174,166.8,0.1383,119.8,0.2785,0.5789,1.734,0,0,0,100,15.05,0.2021,404,200,1,0,0.2843,1,1,1,1,1,1,1,4,4,-1,[ OK ]
1054.8,17-Jul-26 13:19:32,1174,166.8,0.1383,119.9,0.2776,0.579,1.732,0,0,0,100,15.05,0.202,403.8,200,1,0,0.2742,1,1,1,1,1,1,1,4,4,-1,[ OK ]
1055.2,17-Jul-26 13:19:33,1175,166.8,0.1386,119.1,0.2784,0.579,1.732,0,0,0,100,15.05,0.2013,404.1,200,1,0,0.2749,1,1,1,1,1,1,1,4,4,-1,[ OK ]
1055.6,17-Jul-26 13:19:33,1175,166.8,0.1382,120.1,0.2902,0.5795,1.727,0,0,0,100,15.05,0.202,403.9,200,1,0,0.2693,1,1,1,1,1,1,1,4,4,-1,[ OK ]
1056.1,17-Jul-26 13:19:33,1176,166.8,0.1382,120.2,0.2751,0.5796,1.726,0,0,0,100,15.05,0.2023,403.9,200,1,0,0.2704,1,1,1,1,1,1,1,4,4,-1,[ OK ]
1056.5,17-Jul-26 13:19:34,1176,166.8,0.1381,120.4,0.2781,0.5791,1.732,0,0,0,100,15.05,0.2027,403.8,200,1,0,0.2693,1,1,1,1,1,1,1,4,4,-1,[ OK ]
1056.9,17-Jul-26 13:19:34,1176,166.8,0.1381,120.4,0.2751,0.5798,1.723,0,0,0,100,15.05,0.2022,404,200,1,0,0.274,1,1,1,1,1,1,1,4,4,-1,[ OK ]
1057.3,17-Jul-26 13:19:35,1177,166.8,0.1382,120.2,0.2822,0.5791,1.731,0,0,0,100,15.05,0.2022,404.1,200,1,0,0.2755,1,1,1,1,1,1,1,4,4,-1,[ OK ]
1057.7,17-Jul-26 13:19:35,1177,166.8,0.1382,120.2,0.2743,0.5795,1.726,0,0,0,100,15.05,0.2021,404,200,1,0,0.2364,1,1,1,1,1,1,1,4,4,-1,[ OK ]
1058.1,17-Jul-26 13:19:36,1178,166.8,0.1383,120,0.2747,0.5796,1.726,0,0,0,100,15.05,0.2015,403.8,200,1,0,0.2673,1,1,1,1,1,1,1,4,4,-1,[ OK ]
1058.6,17-Jul-26 13:19:36,1178,166.8,0.1382,120.2,0.2804,0.5788,1.734,0,0,0,100,15.05,0.2019,404.1,200,1,0,0.2737,1,1,1,1,1,1,1,4,4,-1,[ OK ]
1059.0,17-Jul-26 13:19:36,1179,166.8,0.1386,119,0.2779,0.5795,1.726,0,0,0,100,15.05,0.2014,404,200,1,0,0.2739,1,1,1,1,1,1,1,4,4,-1,[ OK ]
1059.4,17-Jul-26 13:19:37,1179,166.8,0.1385,119.4,0.2806,0.5791,1.731,0,0,0,100,15.05,0.2018,404.1,200,1,0,0.2712,1,1,1,1,1,1,1,4,4,-1,[ OK ]
1059.8,17-Jul-26 13:19:37,1179,166.8,0.1384,119.7,0.279,0.5797,1.725,0,0,0,100,15.05,0.2011,404.2,200,1,0,0.2917,1,1,1,1,1,1,1,4,4,-1,[ OK ]
1060.2,17-Jul-26 13:19:38,1180,166.8,0.1383,120,0.2775,0.5789,1.735,0,0,0,100,15.05,0.2015,404.2,200,1,0,0.2796,1,1,1,1,1,1,1,4,4,-1,[ OK ]
1060.7,17-Jul-26 13:19:38,1180,166.8,0.1383,120.1,0.2748,0.5791,1.733,0,0,0,100,15.05,0.2008,404.1,200,1,0,0.2783,1,1,1,1,1,1,1,4,4,-1,[ OK ]
1061.1,17-Jul-26 13:19:39,1181,166.8,0.1382,120.1,0.2783,0.5795,1.728,0,0,0,100,15.05,0.2008,404,200,1,0,0.2824,1,1,1,1,1,1,1,4,4,-1,[ OK ]
1061.5,17-Jul-26 13:19:39,1181,166.8,0.1381,120.5,0.2814,0.5786,1.738,0,0,0,100,15.05,0.2029,404,200,1,0,0.267,1,1,1,1,1,1,1,4,4,-1,[ OK ]
1061.9,17-Jul-26 13:19:39,1181,166.8,0.1382,120.2,0.2781,0.5797,1.725,0,0,0,100,15.05,0.2024,404.2,200,1,0,0.2739,1,1,1,1,1,1,1,4,4,-1,[ OK ]
1062.3,17-Jul-26 13:19:40,1182,166.8,0.1383,120.1,0.2806,0.5797,1.725,0,0,0,100,15.05,0.2023,404.1,200,1,0,0.2775,1,1,1,1,1,1,1,4,4,-1,[ OK ]
1062.8,17-Jul-26 13:19:40,1182,166.8,0.1383,120.1,0.2756,0.5795,1.727,0,0,0,100,15.05,0.2013,404.1,200,1,0,0.2712,1,1,1,1,1,1,1,4,4,-1,[ OK ]
1063.2,17-Jul-26 13:19:41,1183,166.8,0.138,120.7,0.2775,0.5789,1.733,0,0,0,100,15.05,0.2024,403.9,200,1,0,0.2715,1,1,1,1,1,1,1,4,4,-1,[ OK ]
1063.6,17-Jul-26 13:19:41,1183,166.8,0.1382,120.3,0.2783,0.5788,1.736,0,0,0,100,15.05,0.2012,404.2,200,1,0,0.2763,1,1,1,1,1,1,1,4,4,-1,[ OK ]
1064.0,17-Jul-26 13:19:41,1184,166.8,0.1383,120.1,0.2731,0.5788,1.735,0,0,0,100,15.05,0.2024,403.9,200,1,0,0.264,1,1,1,1,1,1,1,4,4,-1,[ OK ]
1064.4,17-Jul-26 13:19:42,1184,166.8,0.1381,120.5,0.2735,0.5795,1.726,0,0,0,100,15.05,0.2013,403.8,200,1,0,0.2755,1,1,1,1,1,1,1,4,4,-1,[ OK ]
1064.9,17-Jul-26 13:19:42,1184,166.8,0.1382,120.3,0.2783,0.5796,1.725,0,0,0,100,15.05,0.2019,404.2,200,1,0,0.2649,1,1,1,1,1,1,1,4,4,-1,[ OK ]
1065.3,17-Jul-26 13:19:43,1185,166.8,0.1383,120,0.2772,0.5796,1.724,0,0,0,100,15.05,0.2014,403.9,200,1,0,0.2773,1,1,1,1,1,1,1,4,4,-1,[ OK ]
1065.7,17-Jul-26 13:19:43,1185,166.8,0.1383,120.1,0.2757,0.5789,1.733,0,0,0,100,15.05,0.2009,403.8,200,1,0,0.2786,1,1,1,1,1,1,1,4,4,-1,[ OK ]
1066.1,17-Jul-26 13:19:44,1186,166.8,0.1383,119.9,0.2803,0.5796,1.724,0,0,0,100,15.05,0.2008,403.9,200,1,0,0.2747,1,1,1,1,1,1,1,4,4,-1,[ OK ]
1066.6,17-Jul-26 13:19:44,1186,166.8,0.1383,119.9,0.2781,0.5795,1.726,0,0,0,100,15.05,0.2019,404.1,200,1,0,0.2825,1,1,1,1,1,1,1,4,4,-1,[ OK ]
1067.0,17-Jul-26 13:19:44,1186,166.8,0.1383,120.1,0.2775,0.5792,1.73,0,0,0,100,15.05,0.202,403.9,200,1,0,0.2768,1,1,1,1,1,1,1,4,4,-1,[ OK ]
1067.4,17-Jul-26 13:19:45,1187,166.8,0.1383,120,0.2749,0.5789,1.734,0,0,0,100,15.05,0.202,403.8,200,1,0,0.2773,1,1,1,1,1,1,1,4,4,-1,[ OK ]
1067.8,17-Jul-26 13:19:45,1187,166.8,0.1383,120,0.2781,0.5794,1.729,0,0,0,100,15.05,0.201,403.9,200,1,0,0.2882,1,1,1,1,1,1,1,4,4,-1,[ OK ]
1068.2,17-Jul-26 13:19:46,1188,166.8,0.1385,119.6,0.2752,0.5795,1.728,0,0,0,100,15.05,0.2009,403.8,200,1,0,0.2794,1,1,1,1,1,1,1,4,4,-1,[ OK ]
1068.7,17-Jul-26 13:19:46,1188,166.8,0.1423,120.3,0.2902,0.5796,1.726,0,0,0,100,15.05,0.203,403.8,200,1,0,0.3005,1,1,1,1,1,1,1,4,4,-1,[ OK ]
1069.1,17-Jul-26 13:19:47,1189,166.8,0.143,122.2,0.2902,0.5792,1.73,0,0,0,100,15.05,0.2029,403.9,200,1,0,0.3011,1,1,1,1,1,1,1,4,4,-1,[ OK ]
1069.6,17-Jul-26 13:19:47,1189,166.8,0.1444,122.2,0.2902,0.5794,1.728,0,0,0,100,15.05,0.204,404.1,200,1,0,0.3011,1,1,1,1,1,1,1,4,4,-1,[ OK ]
1070.1,17-Jul-26 13:19:48,1190,166.8,0.1456,122.8,0.2929,0.579,1.733,0,0,0,100,15.05,0.2036,403.9,200,1,0,0.2984,1,1,1,1,1,1,1,4,4,-1,[ OK ]
1070.6,17-Jul-26 13:19:48,1190,166.8,0.1462,124.4,0.2947,0.5796,1.726,0,0,0,100,15.05,0.2035,404.3,200,1,0,0.3154,1,1,1,1,1,1,1,4,4,-1,[ OK ]
1071.3,17-Jul-26 13:19:49,1191,166.8,0.1471,125.3,0.2988,0.5789,1.735,0,0,0,100,15.05,0.2053,403.9,200,1,0,0.3093,1,1,1,1,1,1,1,4,4,-1,[ OK ]
1071.8,17-Jul-26 13:19:49,1191,166.8,0.1479,125.6,0.2994,0.5795,1.728,0,0,0,100,15.05,0.2049,403.9,200,1,0,0.3125,1,1,1,1,1,1,1,4,4,-1,[ OK ]
1072.3,17-Jul-26 13:19:50,1192,166.8,0.1482,126.8,0.3002,0.5797,1.727,0,0,0,100,15.05,0.2054,403.9,200,1,0,0.317,1,1,1,1,1,1,1,4,4,-1,[ OK ]
1072.9,17-Jul-26 13:19:50,1192,166.8,0.1491,126.5,0.3019,0.5795,1.728,0,0,0,100,15.05,0.2054,404.3,200,1,0,0.3139,1,1,1,1,1,1,1,4,4,-1,[ OK ]
1073.4,17-Jul-26 13:19:51,1193,166.8,0.1493,127.5,0.3,0.5792,1.732,0,0,0,100,15.05,0.2049,404.2,200,1,0,0.3288,1,1,1,1,1,1,1,4,4,-1,[ OK ]
1074.0,17-Jul-26 13:19:51,1193,166.8,0.1496,128.1,0.3048,0.5794,1.729,0,0,0,100,15.05,0.2049,404.2,200,1,0,0.3216,1,1,1,1,1,1,1,4,4,-1,[ OK ]
1074.5,17-Jul-26 13:19:52,1194,166.8,0.1501,128,0.3021,0.5789,1.735,0,0,0,100,15.05,0.205,404,200,1,0,0.327,1,1,1,1,1,1,1,4,4,-1,[ OK ]
1075.0,17-Jul-26 13:19:52,1195,166.8,0.1502,128.9,0.3076,0.5791,1.733,0,0,0,100,15.05,0.2038,404.2,200,1,0,0.3251,1,1,1,1,1,1,1,4,4,-1,[ OK ]
1075.5,17-Jul-26 13:19:53,1195,166.8,0.1509,127.9,0.3055,0.5796,1.727,0,0,0,100,15.05,0.2051,404.1,200,1,0,0.3277,1,1,1,1,1,1,1,4,4,-1,[ OK ]
1076.1,17-Jul-26 13:19:53,1196,166.8,0.151,128.3,0.3015,0.5793,1.73,0,0,0,100,15.05,0.2057,404,200,1,0,0.3216,1,1,1,1,1,1,1,4,4,-1,[ OK ]
1076.6,17-Jul-26 13:19:54,1196,166.8,0.151,128.9,0.306,0.5792,1.73,0,0,0,100,15.05,0.2063,404,200,1,0,0.3244,1,1,1,1,1,1,1,4,4,-1,[ OK ]
1077.0,17-Jul-26 13:19:54,1197,166.8,0.151,129.4,0.3064,0.5791,1.731,0,0,0,100,15.05,0.2051,403.9,200,1,0,0.3274,1,1,1,1,1,1,1,4,4,-1,[ OK ]
1077.4,17-Jul-26 13:19:55,1197,166.8,0.1512,129.1,0.2998,0.5795,1.727,0,0,0,100,15.05,0.2056,403.8,200,1,0,0.3262,1,1,1,1,1,1,1,4,4,-1,[ OK ]
1077.8,17-Jul-26 13:19:55,1197,166.8,0.1509,130.4,0.3068,0.5798,1.724,0,0,0,100,15.05,0.2043,404.1,200,1,0,0.3262,1,1,1,1,1,1,1,4,4,-1,[ OK ]
1078.3,17-Jul-26 13:19:56,1198,166.8,0.151,130.4,0.3045,0.5797,1.725,0,0,0,100,15.05,0.2052,403.9,200,1,0,0.3278,1,1,1,1,1,1,1,4,4,-1,[ OK ]
1078.7,17-Jul-26 13:19:56,1198,166.8,0.1511,130.4,0.307,0.5796,1.726,0,0,0,100,15.05,0.2051,404.3,200,1,0,0.3306,1,1,1,1,1,1,1,4,4,-1,[ OK ]
1079.2,17-Jul-26 13:19:57,1199,166.8,0.1517,129.2,0.3052,0.579,1.734,0,0,0,100,15.05,0.206,404.1,200,1,0,0.3268,1,1,1,1,1,1,1,4,4,-1,[ OK ]
1079.6,17-Jul-26 13:19:57,1199,166.8,0.1517,129.2,0.3055,0.5796,1.727,0,0,0,100,15.05,0.2047,404.1,200,1,0,0.3364,1,1,1,1,1,1,1,4,4,-1,[ OK ]
1080.0,17-Jul-26 13:19:57,1200,166.8,0.1514,130.4,0.3054,0.5791,1.733,0,0,0,100,15.05,0.2059,403.9,200,1,0,0.32,1,1,1,1,1,1,1,4,4,-1,[ OK ]
1080.5,17-Jul-26 13:19:58,1200,166.8,0.1514,130.4,0.3062,0.5796,1.727,0,0,0,100,15.05,0.2053,404.2,200,1,0,0.3316,1,1,1,1,1,1,1,4,4,-1,[ OK ]
1080.9,17-Jul-26 13:19:58,1200,166.8,0.1514,130.4,0.3064,0.5797,1.726,0,0,0,100,15.05,0.204,404.1,200,1,0,0.3324,1,1,1,1,1,1,1,4,4,-1,[ OK ]
1081.3,17-Jul-26 13:19:59,1201,166.8,0.1514,130.4,0.3069,0.5793,1.73,0,0,0,100,15.05,0.205,403.9,200,1,0,0.3285,1,1,1,1,1,1,1,4,4,-1,[ OK ]
1081.7,17-Jul-26 13:19:59,1201,166.8,0.152,128.9,0.3056,0.579,1.734,0,0,0,100,15.05,0.2055,404.1,200,1,0,0.3385,1,1,1,1,1,1,1,4,4,-1,[ OK ]
1082.1,17-Jul-26 13:20:00,1202,166.8,0.1514,130.4,0.3029,0.5789,1.735,0,0,0,100,15.05,0.2053,404.2,200,1,0,0.3327,1,1,1,1,1,1,1,4,4,-1,[ OK ]
1082.6,17-Jul-26 13:20:00,1202,166.8,0.1514,130.4,0.3024,0.5795,1.728,0,0,0,100,15.05,0.2051,403.9,200,1,0,0.3318,1,1,1,1,1,1,1,4,4,-1,[ OK ]
1083.0,17-Jul-26 13:20:00,1203,166.8,0.1518,129.3,0.305,0.579,1.734,0,0,0,100,15.05,0.2051,404.1,200,1,0,0.3242,1,1,1,1,1,1,1,4,4,-1,[ OK ]
1083.4,17-Jul-26 13:20:01,1203,166.8,0.1514,130.4,0.305,0.5791,1.733,0,0,0,100,15.05,0.2046,403.9,200,1,0,0.3367,1,1,1,1,1,1,1,4,4,-1,[ OK ]
1083.8,17-Jul-26 13:20:01,1203,166.8,0.1514,130.4,0.3073,0.5789,1.735,0,0,0,100,15.05,0.2055,404.1,200,1,0,0.3265,1,1,1,1,1,1,1,4,4,-1,[ OK ]
1084.2,17-Jul-26 13:20:02,1204,166.8,0.1513,130.7,0.3039,0.5788,1.736,0,0,0,100,15.05,0.205,403.8,200,1,0,0.3263,1,1,1,1,1,1,1,4,4,-1,[ OK ]
1084.7,17-Jul-26 13:20:02,1204,166.8,0.1515,130.4,0.3049,0.5788,1.736,0,0,0,100,15.05,0.2046,404.3,200,1,0,0.3304,1,1,1,1,1,1,1,4,4,-1,[ OK ]
1085.1,17-Jul-26 13:20:03,1205,166.8,0.1515,130.4,0.3068,0.5792,1.732,0,0,0,100,15.05,0.2068,404.1,200,1,0,0.3264,1,1,1,1,1,1,1,4,4,-1,[ OK ]
1085.5,17-Jul-26 13:20:03,1205,166.8,0.1515,130.4,0.3105,0.5796,1.727,0,0,0,100,15.05,0.2046,404,200,1,0,0.3287,1,1,1,1,1,1,1,4,4,-1,[ OK ]
1085.9,17-Jul-26 13:20:03,1205,166.8,0.1515,130.4,0.3063,0.5797,1.726,0,0,0,100,15.05,0.2059,403.9,200,1,0,0.3253,1,1,1,1,1,1,1,4,4,-1,[ OK ]
1086.3,17-Jul-26 13:20:04,1206,166.8,0.1515,130.4,0.3068,0.579,1.733,0,0,0,100,15.05,0.2053,404.1,200,1,0,0.3295,1,1,1,1,1,1,1,4,4,-1,[ OK ]
1086.8,17-Jul-26 13:20:04,1206,166.8,0.1515,130.4,0.308,0.5794,1.728,0,0,0,100,15.05,0.2055,403.9,200,1,0,0.3285,1,1,1,1,1,1,1,4,4,-1,[ OK ]
1087.2,17-Jul-26 13:20:05,1207,166.8,0.1515,130.4,0.306,0.5794,1.727,0,0,0,100,15.05,0.2048,403.8,200,1,0,0.3358,1,1,1,1,1,1,1,4,4,-1,[ OK ]
1087.7,17-Jul-26 13:20:05,1207,166.8,0.1518,129.6,0.3077,0.5794,1.728,0,0,0,100,15.05,0.2058,404.2,200,1,0,0.3293,1,1,1,1,1,1,1,4,4,-1,[ OK ]
1088.1,17-Jul-26 13:20:06,1208,166.8,0.1519,129.4,0.307,0.5793,1.729,0,0,0,100,15.05,0.2051,404.1,200,1,0,0.3342,1,1,1,1,1,1,1,4,4,-1,[ OK ]
1088.6,17-Jul-26 13:20:06,1208,166.8,0.1515,130.4,0.3119,0.5794,1.729,0,0,0,100,15.05,0.2056,403.8,200,1,0,0.331,1,1,1,1,1,1,1,4,4,-1,[ OK ]
1089.0,17-Jul-26 13:20:06,1208,166.8,0.152,129.2,0.3085,0.5799,1.723,0,0,0,100,15.05,0.2054,404,200,1,0,0.3297,1,1,1,1,1,1,1,4,4,-1,[ OK ]
1089.4,17-Jul-26 13:20:07,1209,166.8,0.1515,130.4,0.3066,0.5799,1.723,0,0,0,100,15.05,0.2054,404.2,200,1,0,0.3283,1,1,1,1,1,1,1,4,4,-1,[ OK ]
1089.8,17-Jul-26 13:20:07,1209,166.8,0.1521,128.9,0.3088,0.5796,1.727,0,0,0,100,15.05,0.2055,404,200,1,0,0.3354,1,1,1,1,1,1,1,4,4,-1,[ OK ]
1090.2,17-Jul-26 13:20:08,1210,166.8,0.1516,130.4,0.3059,0.5795,1.728,0,0,0,100,15.05,0.2057,403.9,200,1,0,0.3194,1,1,1,1,1,1,1,4,4,-1,[ OK ]
1090.7,17-Jul-26 13:20:08,1210,166.8,0.1516,130.4,0.3078,0.5792,1.731,0,0,0,100,15.05,0.2059,404.1,200,1,0,0.33,1,1,1,1,1,1,1,4,4,-1,[ OK ]
1091.1,17-Jul-26 13:20:08,1211,166.8,0.1519,129.6,0.3056,0.5797,1.725,0,0,0,100,15.05,0.2052,403.8,200,1,0,0.3326,1,1,1,1,1,1,1,4,4,-1,[ OK ]
1091.5,17-Jul-26 13:20:09,1211,166.8,0.1516,130.4,0.3092,0.5788,1.736,0,0,0,100,15.05,0.2054,404.2,200,1,0,0.3311,1,1,1,1,1,1,1,4,4,-1,[ OK ]
1091.9,17-Jul-26 13:20:09,1211,166.8,0.1522,129,0.3075,0.5794,1.729,0,0,0,100,15.05,0.2067,404.1,200,1,0,0.3386,1,1,1,1,1,1,1,4,4,-1,[ OK ]
1092.3,17-Jul-26 13:20:10,1212,166.8,0.1516,130.4,0.309,0.5794,1.728,0,0,0,100,15.05,0.2048,403.9,200,1,0,0.3326,1,1,1,1,1,1,1,4,4,-1,[ OK ]
1092.8,17-Jul-26 13:20:10,1212,166.8,0.1522,128.9,0.3064,0.579,1.733,0,0,0,100,15.05,0.2057,404.1,200,1,0,0.3395,1,1,1,1,1,1,1,4,4,-1,[ OK ]
1093.2,17-Jul-26 13:20:11,1213,166.8,0.1516,130.4,0.3061,0.5795,1.728,0,0,0,100,15.05,0.2062,404.1,200,1,0,0.3383,1,1,1,1,1,1,1,4,4,-1,[ OK ]
1093.6,17-Jul-26 13:20:11,1213,166.8,0.1516,130.4,0.3081,0.58,1.722,0,0,0,100,15.05,0.2055,403.8,200,1,0,0.3225,1,1,1,1,1,1,1,4,4,-1,[ OK ]
1094.0,17-Jul-26 13:20:11,1214,166.8,0.1516,130.4,0.3062,0.5794,1.729,0,0,0,100,15.05,0.2062,404.1,200,1,0,0.3298,1,1,1,1,1,1,1,4,4,-1,[ OK ]
1094.4,17-Jul-26 13:20:12,1214,166.8,0.1516,130.4,0.3152,0.5796,1.726,0,0,0,100,15.05,0.2052,403.9,200,1,0,0.3337,1,1,1,1,1,1,1,4,4,-1,[ OK ]
1094.9,17-Jul-26 13:20:12,1214,166.8,0.1521,129.2,0.308,0.579,1.734,0,0,0,100,15.05,0.206,404.1,200,1,0,0.3321,1,1,1,1,1,1,1,4,4,-1,[ OK ]
1095.3,17-Jul-26 13:20:13,1215,166.8,0.1522,129.3,0.3138,0.579,1.733,0,0,0,100,15.05,0.2064,403.9,200,1,0,0.3302,1,1,1,1,1,1,1,4,4,-1,[ OK ]
1095.7,17-Jul-26 13:20:13,1215,166.8,0.1518,130.4,0.3092,0.5792,1.731,0,0,0,100,15.05,0.2057,403.9,200,1,0,0.328,1,1,1,1,1,1,1,4,4,-1,[ OK ]
1096.1,17-Jul-26 13:20:14,1216,166.8,0.1523,129.3,0.3004,0.579,1.733,0,0,0,100,15.05,0.2056,404,200,1,0,0.3394,1,1,1,1,1,1,1,4,4,-1,[ OK ]
1096.5,17-Jul-26 13:20:14,1216,166.8,0.1518,130.4,0.3097,0.5795,1.728,0,0,0,100,15.05,0.2052,404.1,200,1,0,0.3358,1,1,1,1,1,1,1,4,4,-1,[ OK ]
1097.0,17-Jul-26 13:20:14,1216,166.8,0.1518,130.4,0.3092,0.5794,1.728,0,0,0,100,15.05,0.2059,404.2,200,1,0,0.3208,1,1,1,1,1,1,1,4,4,-1,[ OK ]
1097.4,17-Jul-26 13:20:15,1217,166.8,0.1517,130.4,0.3085,0.5795,1.728,0,0,0,100,15.05,0.2062,404.1,200,1,0,0.3276,1,1,1,1,1,1,1,4,4,-1,[ OK ]
1097.8,17-Jul-26 13:20:15,1217,166.8,0.1517,130.4,0.3058,0.5788,1.736,0,0,0,100,15.05,0.2055,404.2,200,1,0,0.3355,1,1,1,1,1,1,1,4,4,-1,[ OK ]
1098.2,17-Jul-26 13:20:16,1218,166.8,0.1517,130.4,0.306,0.5798,1.724,0,0,0,100,15.05,0.2051,404.1,200,1,0,0.3298,1,1,1,1,1,1,1,4,4,-1,[ OK ]
1098.6,17-Jul-26 13:20:16,1218,166.8,0.1519,129.9,0.3084,0.5796,1.726,0,0,0,100,15.05,0.2053,404.1,200,1,0,0.3328,1,1,1,1,1,1,1,4,4,-1,[ OK ]
1099.1,17-Jul-26 13:20:16,1219,166.8,0.1518,130.4,0.3018,0.5789,1.735,0,0,0,100,15.05,0.2056,404,200,1,0,0.3309,1,1,1,1,1,1,1,4,4,-1,[ OK ]
1099.5,17-Jul-26 13:20:17,1219,166.8,0.1518,130.4,0.3068,0.5793,1.73,0,0,0,100,15.05,0.2057,404,200,1,0,0.3295,1,1,1,1,1,1,1,4,4,-1,[ OK ]
1099.9,17-Jul-26 13:20:17,1219,166.8,0.1521,129.4,0.3061,0.5796,1.727,0,0,0,100,15.05,0.2055,403.9,200,1,0,0.3198,1,1,1,1,1,1,1,4,4,-1,[ OK ]
1100.3,17-Jul-26 13:20:18,1220,166.8,0.1518,130.4,0.3062,0.5797,1.725,0,0,0,100,15.05,0.204,403.9,200,1,0,0.3178,1,1,1,1,1,1,1,4,4,-1,[ OK ]
1100.7,17-Jul-26 13:20:18,1220,166.8,0.1518,130.4,0.3059,0.5797,1.726,0,0,0,100,15.05,0.2061,404.1,200,1,0,0.3298,1,1,1,1,1,1,1,4,4,-1,[ OK ]
1101.2,17-Jul-26 13:20:19,1221,166.8,0.1521,129.5,0.3108,0.5791,1.734,0,0,0,100,15.05,0.2054,404.1,200,1,0,0.3262,1,1,1,1,1,1,1,4,4,-1,[ OK ]
1101.6,17-Jul-26 13:20:19,1221,166.8,0.1516,130.7,0.3062,0.5796,1.728,0,0,0,100,15.05,0.2054,404.2,200,1,0,0.3356,1,1,1,1,1,1,1,4,4,-1,[ OK ]
1102.0,17-Jul-26 13:20:19,1222,166.8,0.1521,129.2,0.3107,0.5798,1.725,0,0,0,100,15.05,0.2059,404.1,200,1,0,0.3357,1,1,1,1,1,1,1,4,4,-1,[ OK ]
1102.5,17-Jul-26 13:20:20,1222,166.8,0.1517,130.4,0.3072,0.5788,1.735,0,0,0,100,15.05,0.2047,403.8,200,1,0,0.3339,1,1,1,1,1,1,1,4,4,-1,[ OK ]
1103.0,17-Jul-26 13:20:20,1222,166.8,0.1516,130.4,0.3093,0.5796,1.727,0,0,0,100,15.05,0.2056,404.1,200,1,0,0.3312,1,1,1,1,1,1,1,4,4,-1,[ OK ]
1103.4,17-Jul-26 13:20:21,1223,166.8,0.1517,130.4,0.3075,0.5796,1.726,0,0,0,100,15.05,0.2046,403.8,200,1,0,0.3429,1,1,1,1,1,1,1,4,4,-1,[ OK ]
1103.8,17-Jul-26 13:20:21,1223,166.8,0.1522,128.9,0.3067,0.5794,1.728,0,0,0,100,15.05,0.2051,403.8,200,1,0,0.3283,1,1,1,1,1,1,1,4,4,-1,[ OK ]
1104.2,17-Jul-26 13:20:22,1224,166.8,0.1517,130.4,0.3063,0.5788,1.736,0,0,0,100,15.05,0.204,403.8,200,1,0,0.3401,1,1,1,1,1,1,1,4,4,-1,[ OK ]
1104.6,17-Jul-26 13:20:22,1224,166.8,0.1517,130.4,0.307,0.5791,1.733,0,0,0,100,15.05,0.2061,403.8,200,1,0,0.3213,1,1,1,1,1,1,1,4,4,-1,[ OK ]
1105.0,17-Jul-26 13:20:22,1225,166.8,0.1517,130.4,0.307,0.5796,1.727,0,0,0,100,15.05,0.2057,403.7,200,1,0,0.3279,1,1,1,1,1,1,1,4,4,-1,[ OK ]
1105.5,17-Jul-26 13:20:23,1225,166.8,0.1517,130.4,0.3076,0.5796,1.726,0,0,0,100,15.05,0.2068,403.9,200,1,0,0.3197,1,1,1,1,1,1,1,4,4,-1,[ OK ]
1105.9,17-Jul-26 13:20:23,1225,166.8,0.1517,130.4,0.3092,0.5789,1.734,0,0,0,100,15.05,0.2059,403.8,200,1,0,0.33,1,1,1,1,1,1,1,4,4,-1,[ OK ]
1106.3,17-Jul-26 13:20:24,1226,166.8,0.1517,130.4,0.3069,0.5789,1.734,0,0,0,100,15.05,0.2054,404.2,200,1,0,0.3308,1,1,1,1,1,1,1,4,4,-1,[ OK ]
1106.7,17-Jul-26 13:20:24,1226,166.8,0.1521,129.2,0.3086,0.5795,1.727,0,0,0,100,15.05,0.2047,404.1,200,1,0,0.3379,1,1,1,1,1,1,1,4,4,-1,[ OK ]
1107.1,17-Jul-26 13:20:25,1227,166.8,0.1517,130.4,0.3062,0.5797,1.725,0,0,0,100,15.05,0.2058,404.2,200,1,0,0.3309,1,1,1,1,1,1,1,4,4,-1,[ OK ]
1107.6,17-Jul-26 13:20:25,1227,166.8,0.1521,129.3,0.306,0.579,1.734,0,0,0,100,15.05,0.2053,404.1,200,1,0,0.3375,1,1,1,1,1,1,1,4,4,-1,[ OK ]
1108.0,17-Jul-26 13:20:25,1228,166.8,0.1521,129.4,0.3066,0.5791,1.732,0,0,0,100,15.05,0.2054,403.9,200,1,0,0.3323,1,1,1,1,1,1,1,4,4,-1,[ OK ]
1108.4,17-Jul-26 13:20:26,1228,166.8,0.1521,129.1,0.3089,0.579,1.734,0,0,0,100,15.05,0.2056,404.1,200,1,0,0.33,1,1,1,1,1,1,1,4,4,-1,[ OK ]
1108.8,17-Jul-26 13:20:26,1228,166.8,0.1516,130.4,0.3058,0.5791,1.733,0,0,0,100,15.05,0.2057,404.2,200,1,0,0.3145,1,1,1,1,1,1,1,4,4,-1,[ OK ]
1109.3,17-Jul-26 13:20:27,1229,166.8,0.152,129.4,0.3066,0.5796,1.727,0,0,0,100,15.05,0.2056,404.2,200,1,0,0.3394,1,1,1,1,1,1,1,4,4,-1,[ OK ]
1109.7,17-Jul-26 13:20:27,1229,166.8,0.1516,130.4,0.3059,0.5796,1.727,0,0,0,100,15.05,0.2062,404.3,200,1,0,0.3298,1,1,1,1,1,1,1,4,4,-1,[ OK ]
1110.1,17-Jul-26 13:20:28,1230,166.8,0.1516,130.4,0.3066,0.5795,1.728,0,0,0,100,15.05,0.2058,404.2,200,1,0,0.3309,1,1,1,1,1,1,1,4,4,-1,[ OK ]
1110.5,17-Jul-26 13:20:28,1230,166.8,0.1521,129.2,0.3169,0.5791,1.733,0,0,0,100,15.05,0.2065,404.2,200,1,0,0.3289,1,1,1,1,1,1,1,4,4,-1,[ OK ]
1110.9,17-Jul-26 13:20:28,1230,166.8,0.1517,130.4,0.3072,0.5796,1.727,0,0,0,100,15.05,0.2051,403.9,200,1,0,0.3359,1,1,1,1,1,1,1,4,4,-1,[ OK ]
1111.4,17-Jul-26 13:20:29,1231,166.8,0.1521,129.2,0.3077,0.5791,1.732,0,0,0,100,15.05,0.2062,403.8,200,1,0,0.3326,1,1,1,1,1,1,1,4,4,-1,[ OK ]
1111.8,17-Jul-26 13:20:29,1231,166.8,0.1522,129,0.3078,0.5798,1.725,0,0,0,100,15.05,0.2056,403.8,200,1,0,0.3369,1,1,1,1,1,1,1,4,4,-1,[ OK ]
1112.2,17-Jul-26 13:20:30,1232,166.8,0.1517,130.4,0.3081,0.5792,1.731,0,0,0,100,15.05,0.206,404.1,200,1,0,0.3283,1,1,1,1,1,1,1,4,4,-1,[ OK ]
1112.6,17-Jul-26 13:20:30,1232,166.8,0.1516,130.4,0.3092,0.5789,1.735,0,0,0,100,15.05,0.2053,404,200,1,0,0.3289,1,1,1,1,1,1,1,4,4,-1,[ OK ]
1113.0,17-Jul-26 13:20:30,1233,166.8,0.1521,129.2,0.303,0.579,1.734,0,0,0,100,15.05,0.2058,404,200,1,0,0.3316,1,1,1,1,1,1,1,4,4,-1,[ OK ]
1113.4,17-Jul-26 13:20:31,1233,166.8,0.1516,130.4,0.3109,0.579,1.734,0,0,0,100,15.05,0.2067,404,200,1,0,0.3315,1,1,1,1,1,1,1,4,4,-1,[ OK ]
1113.9,17-Jul-26 13:20:31,1233,166.8,0.1517,130.4,0.3043,0.5795,1.729,0,0,0,100,15.05,0.2062,404.2,200,1,0,0.3295,1,1,1,1,1,1,1,4,4,-1,[ OK ]
1114.2,17-Jul-26 13:20:32,1234,166.8,0.1518,130.4,0.3084,0.5791,1.734,0,0,0,100,15.05,0.2058,403.8,200,1,0,0.331,1,1,1,1,1,1,1,4,4,-1,[ OK ]
1114.6,17-Jul-26 13:20:32,1234,166.8,0.1518,130.4,0.31,0.5791,1.733,0,0,0,100,15.05,0.2051,404.1,200,1,0,0.3414,1,1,1,1,1,1,1,4,4,-1,[ OK ]
1115.0,17-Jul-26 13:20:32,1235,166.8,0.1518,130.4,0.3064,0.579,1.735,0,0,0,100,15.05,0.2055,404.1,200,1,0,0.3297,1,1,1,1,1,1,1,4,4,-1,[ OK ]
1115.5,17-Jul-26 13:20:33,1235,166.8,0.1518,130.4,0.3114,0.5792,1.733,0,0,0,100,15.05,0.2061,403.9,200,1,0,0.3281,1,1,1,1,1,1,1,4,4,-1,[ OK ]
1115.9,17-Jul-26 13:20:33,1235,166.8,0.1522,129.4,0.3033,0.5796,1.726,0,0,0,100,15.05,0.205,403.9,200,1,0,0.3387,1,1,1,1,1,1,1,4,4,-1,[ OK ]
1116.3,17-Jul-26 13:20:34,1236,166.8,0.1518,130.4,0.308,0.5791,1.733,0,0,0,100,15.05,0.2062,404,200,1,0,0.319,1,1,1,1,1,1,1,4,4,-1,[ OK ]
1116.7,17-Jul-26 13:20:34,1236,166.8,0.1517,130.4,0.3062,0.5795,1.728,0,0,0,100,15.05,0.2063,404.1,200,1,0,0.3261,1,1,1,1,1,1,1,4,4,-1,[ OK ]
1117.1,17-Jul-26 13:20:35,1237,166.8,0.1517,130.4,0.3089,0.579,1.733,0,0,0,100,15.05,0.2045,404.2,200,1,0,0.332,1,1,1,1,1,1,1,4,4,-1,[ OK ]
1117.6,17-Jul-26 13:20:35,1237,166.8,0.1517,130.4,0.3067,0.5793,1.731,0,0,0,100,15.05,0.2056,404.1,200,1,0,0.3282,1,1,1,1,1,1,1,4,4,-1,[ OK ]
1118.0,17-Jul-26 13:20:35,1237,166.8,0.1521,129.4,0.3061,0.5797,1.725,0,0,0,100,15.05,0.2066,404.2,200,1,0,0.3309,1,1,1,1,1,1,1,4,4,-1,[ OK ]
1118.4,17-Jul-26 13:20:36,1238,166.8,0.1517,130.4,0.3069,0.5796,1.726,0,0,0,100,15.05,0.2062,403.8,200,1,0,0.3317,1,1,1,1,1,1,1,4,4,-1,[ OK ]
1118.8,17-Jul-26 13:20:36,1238,166.8,0.1521,129.4,0.3059,0.5795,1.728,0,0,0,100,15.05,0.2053,403.8,200,1,0,0.3378,1,1,1,1,1,1,1,4,4,-1,[ OK ]
1119.2,17-Jul-26 13:20:37,1239,166.8,0.1517,130.4,0.3045,0.5795,1.728,0,0,0,100,15.05,0.2046,403.9,200,1,0,0.3287,1,1,1,1,1,1,1,4,4,-1,[ OK ]
1119.7,17-Jul-26 13:20:37,1239,166.8,0.1521,129.2,0.3056,0.579,1.734,0,0,0,100,15.05,0.2056,404.2,200,1,0,0.3289,1,1,1,1,1,1,1,4,4,-1,[ OK ]
1120.1,17-Jul-26 13:20:37,1240,166.8,0.1522,129,0.3028,0.579,1.734,0,0,0,100,15.05,0.2055,404,200,1,0,0.3313,1,1,1,1,1,1,1,4,4,-1,[ OK ]
1120.5,17-Jul-26 13:20:38,1240,166.8,0.1517,130.4,0.3093,0.5796,1.727,0,0,0,100,15.05,0.2045,403.8,200,1,0,0.323,1,1,1,1,1,1,1,4,4,-1,[ OK ]
1120.9,17-Jul-26 13:20:38,1240,166.8,0.1517,130.4,0.306,0.5794,1.73,0,0,0,100,15.05,0.2048,404.2,200,1,0,0.3274,1,1,1,1,1,1,1,4,4,-1,[ OK ]
1121.3,17-Jul-26 13:20:39,1241,166.8,0.1517,130.4,0.3054,0.5797,1.727,0,0,0,100,15.05,0.2062,403.8,200,1,0,0.3154,1,1,1,1,1,1,1,4,4,-1,[ OK ]
1121.7,17-Jul-26 13:20:39,1241,166.8,0.1523,128.9,0.3086,0.5791,1.734,0,0,0,100,15.05,0.2051,403.9,200,1,0,0.3306,1,1,1,1,1,1,1,4,4,-1,[ OK ]
1122.2,17-Jul-26 13:20:40,1242,166.8,0.1517,130.4,0.3069,0.5797,1.727,0,0,0,100,15.05,0.2056,404.2,200,1,0,0.3252,1,1,1,1,1,1,1,4,4,-1,[ OK ]
1122.6,17-Jul-26 13:20:40,1242,166.8,0.1516,130.4,0.3133,0.5795,1.729,0,0,0,100,15.05,0.2055,403.8,200,1,0,0.3308,1,1,1,1,1,1,1,4,4,-1,[ OK ]
1123.0,17-Jul-26 13:20:40,1243,166.8,0.1517,130.4,0.3064,0.579,1.735,0,0,0,100,15.05,0.2052,403.9,200,1,0,0.3311,1,1,1,1,1,1,1,4,4,-1,[ OK ]
1123.4,17-Jul-26 13:20:41,1243,166.8,0.1517,130.4,0.3074,0.5794,1.729,0,0,0,100,15.05,0.2056,404.1,200,1,0,0.3299,1,1,1,1,1,1,1,4,4,-1,[ OK ]
1123.9,17-Jul-26 13:20:41,1243,166.8,0.1517,130.4,0.3047,0.5799,1.724,0,0,0,100,15.05,0.2057,403.8,200,1,0,0.3283,1,1,1,1,1,1,1,4,4,-1,[ OK ]
1124.3,17-Jul-26 13:20:42,1244,166.8,0.1521,129.4,0.3052,0.5795,1.728,0,0,0,100,15.05,0.2059,403.8,200,1,0,0.3347,1,1,1,1,1,1,1,4,4,-1,[ OK ]
1124.7,17-Jul-26 13:20:42,1244,166.8,0.1523,129.1,0.3064,0.5796,1.727,0,0,0,100,15.05,0.2057,403.8,200,1,0,0.3312,1,1,1,1,1,1,1,4,4,-1,[ OK ]
1125.1,17-Jul-26 13:20:43,1245,166.8,0.1518,130.4,0.3072,0.5796,1.727,0,0,0,100,15.05,0.2052,404.1,200,1,0,0.3365,1,1,1,1,1,1,1,4,4,-1,[ OK ]
1125.5,17-Jul-26 13:20:43,1245,166.8,0.1518,130.4,0.3041,0.5791,1.734,0,0,0,100,15.05,0.2053,404.1,200,1,0,0.3293,1,1,1,1,1,1,1,4,4,-1,[ OK ]
1126.0,17-Jul-26 13:20:43,1245,166.8,0.1517,130.4,0.3053,0.579,1.734,0,0,0,100,15.05,0.2062,404.2,200,1,0,0.3248,1,1,1,1,1,1,1,4,4,-1,[ OK ]
1126.4,17-Jul-26 13:20:44,1246,166.8,0.1517,130.4,0.3056,0.5792,1.732,0,0,0,100,15.05,0.2061,403.9,200,1,0,0.3218,1,1,1,1,1,1,1,4,4,-1,[ OK ]
1126.8,17-Jul-26 13:20:44,1246,166.8,0.1517,130.4,0.3063,0.5792,1.731,0,0,0,100,15.05,0.2059,404,200,1,0,0.3271,1,1,1,1,1,1,1,4,4,-1,[ OK ]
1127.2,17-Jul-26 13:20:45,1247,166.8,0.1518,130.4,0.31,0.579,1.734,0,0,0,100,15.05,0.2064,404.1,200,1,0,0.3266,1,1,1,1,1,1,1,4,4,-1,[ OK ]
1127.6,17-Jul-26 13:20:45,1247,166.8,0.1518,130.4,0.3111,0.5797,1.725,0,0,0,100,15.05,0.206,404.2,200,1,0,0.3318,1,1,1,1,1,1,1,4,4,-1,[ OK ]
1128.1,17-Jul-26 13:20:45,1248,166.8,0.1518,130.4,0.3028,0.5795,1.728,0,0,0,100,15.05,0.2053,403.8,200,1,0,0.337,1,1,1,1,1,1,1,4,4,-1,[ OK ]
1128.5,17-Jul-26 13:20:46,1248,166.8,0.1518,130.4,0.3061,0.579,1.735,0,0,0,100,15.05,0.2052,404.1,200,1,0,0.3243,1,1,1,1,1,1,1,4,4,-1,[ OK ]
1128.9,17-Jul-26 13:20:46,1248,166.8,0.1517,130.4,0.3061,0.5798,1.725,0,0,0,100,15.05,0.2055,404.2,200,1,0,0.3298,1,1,1,1,1,1,1,4,4,-1,[ OK ]
1129.3,17-Jul-26 13:20:47,1249,166.8,0.1517,130.4,0.3093,0.579,1.734,0,0,0,100,15.05,0.2058,403.8,200,1,0,0.3353,1,1,1,1,1,1,1,4,4,-1,[ OK ]
1129.7,17-Jul-26 13:20:47,1249,166.8,0.1518,130.4,0.3094,0.5798,1.726,0,0,0,100,15.05,0.2061,404.1,200,1,0,0.3231,1,1,1,1,1,1,1,4,4,-1,[ OK ]
1130.3,17-Jul-26 13:20:48,1250,166.8,0.1517,130.4,0.3099,0.5796,1.728,0,0,0,100,15.05,0.2053,404.2,200,1,0,0.3258,1,1,1,1,1,1,1,4,4,-1,[ OK ]
1130.8,17-Jul-26 13:20:48,1250,166.8,0.1517,130.4,0.3085,0.5795,1.729,0,0,0,100,15.05,0.2069,403.9,200,1,0,0.3285,1,1,1,1,1,1,1,4,4,-1,[ OK ]
1131.2,17-Jul-26 13:20:49,1251,166.8,0.1517,130.4,0.3043,0.5791,1.733,0,0,0,100,15.05,0.2049,403.9,200,1,0,0.331,1,1,1,1,1,1,1,4,4,-1,[ OK ]
1131.5,17-Jul-26 13:20:49,1251,166.8,0.1521,129.3,0.308,0.5796,1.727,0,0,0,100,15.05,0.2056,403.8,200,1,0,0.3333,1,1,1,1,1,1,1,4,4,-1,[ OK ]
1132.0,17-Jul-26 13:20:49,1252,166.8,0.1517,130.4,0.2952,0.5795,1.727,0,0,0,100,15.05,0.2052,403.9,200,1,0,0.3197,1,1,1,1,1,1,1,4,4,-1,[ OK ]
1132.6,17-Jul-26 13:20:50,1252,166.8,0.1521,129.3,0.3015,0.5794,1.728,0,0,0,100,15.05,0.2055,404.2,200,1,0,0.3288,1,1,1,1,1,1,1,4,4,-1,[ OK ]
1133.1,17-Jul-26 13:20:51,1253,166.8,0.1517,130.4,0.3084,0.5793,1.729,0,0,0,100,15.05,0.2054,403.9,200,1,0,0.3239,1,1,1,1,1,1,1,4,4,-1,[ OK ]
1133.6,17-Jul-26 13:20:51,1253,166.8,0.1517,130.4,0.3092,0.5795,1.726,0,0,0,100,15.05,0.2042,403.8,200,1,0,0.3295,1,1,1,1,1,1,1,4,4,-1,[ OK ]
1134.2,17-Jul-26 13:20:52,1254,166.8,0.1517,130.4,0.3029,0.579,1.733,0,0,0,100,15.05,0.2052,404.1,200,1,0,0.3219,1,1,1,1,1,1,1,4,4,-1,[ OK ]
1135.2,17-Jul-26 13:20:53,1255,166.8,0.1517,130.4,0.3085,0.5791,1.731,0,0,0,100,15.05,0.2054,404.1,200,1,0,0.3246,1,1,1,1,1,1,1,4,4,-1,[ OK ]
1135.7,17-Jul-26 13:20:53,1255,166.8,0.1517,130.4,0.3045,0.5796,1.725,0,0,0,100,15.05,0.2049,403.8,200,1,0,0.3233,1,1,1,1,1,1,1,4,4,-1,[ OK ]
1136.2,17-Jul-26 13:20:54,1256,166.8,0.1517,130.4,0.3032,0.5789,1.733,0,0,0,100,15.05,0.2053,404.1,200,1,0,0.3169,1,1,1,1,1,1,1,4,4,-1,[ OK ]
1136.7,17-Jul-26 13:20:54,1256,166.8,0.1517,130.4,0.3041,0.5789,1.734,0,0,0,100,15.05,0.2039,404.1,200,1,0,0.325,1,1,1,1,1,1,1,4,4,-1,[ OK ]
1137.3,17-Jul-26 13:20:55,1257,166.8,0.1517,130.4,0.3078,0.5794,1.727,0,0,0,100,15.05,0.2052,404,200,1,0,0.3254,1,1,1,1,1,1,1,4,4,-1,[ OK ]
1137.8,17-Jul-26 13:20:55,1257,166.8,0.1516,130.4,0.2985,0.5793,1.727,0,0,0,100,15.05,0.2059,403.9,200,1,0,0.3204,1,1,1,1,1,1,1,4,4,-1,[ OK ]
1138.3,17-Jul-26 13:20:56,1258,166.8,0.152,129.1,0.3044,0.5794,1.727,0,0,0,100,15.05,0.2049,403.8,200,1,0,0.3323,1,1,1,1,1,1,1,4,4,-1,[ OK ]
1138.9,17-Jul-26 13:20:56,1258,166.8,0.1521,128.9,0.3047,0.5795,1.726,0,0,0,100,15.05,0.2038,403.9,200,1,0,0.3307,1,1,1,1,1,1,1,4,4,-1,[ OK ]
1139.5,17-Jul-26 13:20:57,1259,166.8,0.1515,130.4,0.306,0.5795,1.725,0,0,0,100,15.05,0.204,403.9,200,1,0,0.3249,1,1,1,1,1,1,1,4,4,-1,[ OK ]
1140.0,17-Jul-26 13:20:57,1259,166.8,0.1518,129.4,0.3025,0.5793,1.726,0,0,0,100,15.05,0.205,403.8,200,1,0,0.3147,1,1,1,1,1,1,1,4,4,-1,[ OK ]
1140.5,17-Jul-26 13:20:58,1260,166.8,0.1515,130.4,0.3064,0.5789,1.732,0,0,0,100,15.05,0.2051,403.8,200,1,0,0.3217,1,1,1,1,1,1,1,4,4,-1,[ OK ]
1141.0,17-Jul-26 13:20:58,1261,166.8,0.1519,129.3,0.2996,0.5789,1.733,0,0,0,100,15.05,0.2051,403.9,200,1,0,0.3248,1,1,1,1,1,1,1,4,4,-1,[ OK ]
1141.5,17-Jul-26 13:20:59,1261,166.8,0.1515,130.4,0.3015,0.5793,1.728,0,0,0,100,15.05,0.2053,403.8,200,1,0,0.3207,1,1,1,1,1,1,1,4,4,-1,[ OK ]
1142.1,17-Jul-26 13:20:59,1262,166.8,0.1515,130.4,0.3035,0.5796,1.725,0,0,0,100,15.05,0.2055,403.8,200,1,0,0.3198,1,1,1,1,1,1,1,4,4,-1,[ OK ]
1142.6,17-Jul-26 13:21:00,1262,166.8,0.1515,130.4,0.3026,0.5789,1.734,0,0,0,100,15.05,0.2039,403.9,200,1,0,0.3255,1,1,1,1,1,1,1,4,4,-1,[ OK ]
1143.2,17-Jul-26 13:21:01,1263,166.8,0.1515,130.4,0.3003,0.579,1.732,0,0,0,100,15.05,0.2049,403.9,200,1,0,0.3216,1,1,1,1,1,1,1,4,4,-1,[ OK ]
1143.7,17-Jul-26 13:21:01,1263,166.8,0.1521,129,0.3059,0.5795,1.727,0,0,0,100,15.05,0.2046,403.8,200,1,0,0.3364,1,1,1,1,1,1,1,4,4,-1,[ OK ]
1144.1,17-Jul-26 13:21:02,1264,166.8,0.1516,130.4,0.3065,0.5791,1.731,0,0,0,100,15.05,0.2051,404,200,1,0,0.3253,1,1,1,1,1,1,1,4,4,-1,[ OK ]
1144.6,17-Jul-26 13:21:02,1264,166.8,0.1516,130.4,0.3017,0.5791,1.732,0,0,0,100,15.05,0.2046,403.8,200,1,0,0.3208,1,1,1,1,1,1,1,4,4,-1,[ OK ]
1145.1,17-Jul-26 13:21:03,1265,166.8,0.1517,130.4,0.3045,0.5796,1.726,0,0,0,100,15.05,0.2051,404,200,1,0,0.3215,1,1,1,1,1,1,1,4,4,-1,[ OK ]
1145.6,17-Jul-26 13:21:03,1265,166.8,0.1517,130.4,0.3038,0.5788,1.735,0,0,0,100,15.05,0.2049,404.2,200,1,0,0.3315,1,1,1,1,1,1,1,4,4,-1,[ OK ]
1146.2,17-Jul-26 13:21:04,1266,166.8,0.1517,130.4,0.3046,0.5797,1.725,0,0,0,100,15.05,0.2051,404.1,200,1,0,0.3329,1,1,1,1,1,1,1,4,4,-1,[ OK ]
1146.8,17-Jul-26 13:21:04,1266,166.8,0.1517,130.4,0.3043,0.5794,1.727,0,0,0,100,15.05,0.2038,403.8,200,1,0,0.3249,1,1,1,1,1,1,1,4,4,-1,[ OK ]
1147.3,17-Jul-26 13:21:05,1267,166.8,0.1517,130.4,0.3085,0.5792,1.73,0,0,0,100,15.05,0.2056,404,200,1,0,0.2954,1,1,1,1,1,1,1,4,4,-1,[ OK ]
1147.8,17-Jul-26 13:21:05,1267,166.8,0.1523,128.9,0.3038,0.5796,1.727,0,0,0,100,15.05,0.2047,404.2,200,1,0,0.3311,1,1,1,1,1,1,1,4,4,-1,[ OK ]
1148.2,17-Jul-26 13:21:06,1268,166.8,0.1522,129,0.3018,0.579,1.733,0,0,0,100,15.05,0.2045,404.2,200,1,0,0.3282,1,1,1,1,1,1,1,4,4,-1,[ OK ]
1148.7,17-Jul-26 13:21:06,1268,166.8,0.1516,130.5,0.3037,0.5789,1.735,0,0,0,100,15.05,0.2036,403.9,200,1,0,0.3323,1,1,1,1,1,1,1,4,4,-1,[ OK ]
1149.2,17-Jul-26 13:21:07,1269,166.8,0.1516,130.4,0.3052,0.5792,1.731,0,0,0,100,15.05,0.2054,404.1,200,1,0,0.323,1,1,1,1,1,1,1,4,4,-1,[ OK ]
1149.7,17-Jul-26 13:21:07,1269,166.8,0.1516,130.4,0.3051,0.5791,1.732,0,0,0,100,15.05,0.2049,404.2,200,1,0,0.3236,1,1,1,1,1,1,1,4,4,-1,[ OK ]
1150.1,17-Jul-26 13:21:08,1270,166.8,0.1516,130.4,0.3044,0.5796,1.727,0,0,0,100,15.05,0.2041,403.8,200,1,0,0.327,1,1,1,1,1,1,1,4,4,-1,[ OK ]
1150.5,17-Jul-26 13:21:08,1270,166.8,0.1521,129.3,0.3011,0.5797,1.726,0,0,0,100,15.05,0.204,403.8,200,1,0,0.3219,1,1,1,1,1,1,1,4,4,-1,[ OK ]
1151.0,17-Jul-26 13:21:08,1270,166.8,0.152,129.3,0.3033,0.5796,1.727,0,0,0,100,15.05,0.2049,404.1,200,1,0,0.3218,1,1,1,1,1,1,1,4,4,-1,[ OK ]
1151.4,17-Jul-26 13:21:09,1271,166.8,0.1517,130.4,0.3034,0.5792,1.731,0,0,0,100,15.05,0.2059,404.2,200,1,0,0.313,1,1,1,1,1,1,1,4,4,-1,[ OK ]
1151.8,17-Jul-26 13:21:09,1271,166.8,0.1521,129.4,0.3061,0.5795,1.727,0,0,0,100,15.05,0.2055,404.2,200,1,0,0.3258,1,1,1,1,1,1,1,4,4,-1,[ OK ]
1152.2,17-Jul-26 13:21:10,1272,166.8,0.1517,130.4,0.3036,0.5795,1.727,0,0,0,100,15.05,0.2056,404.2,200,1,0,0.319,1,1,1,1,1,1,1,4,4,-1,[ OK ]
1152.6,17-Jul-26 13:21:10,1272,166.8,0.1521,129.3,0.2934,0.5789,1.734,0,0,0,100,15.05,0.2052,404.1,200,1,0,0.3226,1,1,1,1,1,1,1,4,4,-1,[ OK ]
1153.0,17-Jul-26 13:21:10,1273,166.8,0.1517,130.4,0.3044,0.5797,1.725,0,0,0,100,15.05,0.2045,404.1,200,1,0,0.3284,1,1,1,1,1,1,1,4,4,-1,[ OK ]
1153.5,17-Jul-26 13:21:11,1273,166.8,0.1517,130.4,0.306,0.5796,1.725,0,0,0,100,15.05,0.2043,404.1,200,1,0,0.3226,1,1,1,1,1,1,1,4,4,-1,[ OK ]
1153.9,17-Jul-26 13:21:11,1273,166.8,0.1517,130.4,0.3017,0.5794,1.727,0,0,0,100,15.05,0.2041,404,200,1,0,0.332,1,1,1,1,1,1,1,4,4,-1,[ OK ]
1154.3,17-Jul-26 13:21:12,1274,166.8,0.1517,130.4,0.3066,0.5794,1.727,0,0,0,100,15.05,0.206,404.2,200,1,0,0.3265,1,1,1,1,1,1,1,4,4,-1,[ OK ]
1154.7,17-Jul-26 13:21:12,1274,166.8,0.1517,130.4,0.3021,0.5794,1.727,0,0,0,100,15.05,0.2056,404.2,200,1,0,0.3152,1,1,1,1,1,1,1,4,4,-1,[ OK ]
1155.1,17-Jul-26 13:21:13,1275,166.8,0.1522,129.2,0.306,0.5794,1.727,0,0,0,100,15.05,0.2051,404.2,200,1,0,0.3248,1,1,1,1,1,1,1,4,4,-1,[ OK ]
1155.6,17-Jul-26 13:21:13,1275,166.8,0.1518,130.4,0.3038,0.5797,1.724,0,0,0,100,15.05,0.2049,404.1,200,1,0,0.3283,1,1,1,1,1,1,1,4,4,-1,[ OK ]
1156.0,17-Jul-26 13:21:13,1276,166.8,0.1516,130.6,0.3046,0.5789,1.733,0,0,0,100,15.05,0.2055,403.9,200,1,0,0.3262,1,1,1,1,1,1,1,4,4,-1,[ OK ]
1156.4,17-Jul-26 13:21:14,1276,166.8,0.152,129.4,0.306,0.5792,1.73,0,0,0,100,15.05,0.2047,404.1,200,1,0,0.3211,1,1,1,1,1,1,1,4,4,-1,[ OK ]
1156.8,17-Jul-26 13:21:14,1276,166.8,0.1517,130.4,0.3028,0.579,1.732,0,0,0,100,15.05,0.2051,403.9,200,1,0,0.3249,1,1,1,1,1,1,1,4,4,-1,[ OK ]
1157.3,17-Jul-26 13:21:15,1277,166.8,0.1516,130.4,0.3054,0.5796,1.726,0,0,0,100,15.05,0.2046,404.2,200,1,0,0.3232,1,1,1,1,1,1,1,4,4,-1,[ OK ]
1157.7,17-Jul-26 13:21:15,1277,166.8,0.1521,129.3,0.303,0.5787,1.736,0,0,0,100,15.05,0.2051,404.1,200,1,0,0.3262,1,1,1,1,1,1,1,4,4,-1,[ OK ]
1158.1,17-Jul-26 13:21:16,1278,166.8,0.1516,130.4,0.3019,0.5794,1.728,0,0,0,100,15.05,0.2041,404,200,1,0,0.3299,1,1,1,1,1,1,1,4,4,-1,[ OK ]
1158.5,17-Jul-26 13:21:16,1278,166.8,0.1522,128.9,0.3005,0.5788,1.735,0,0,0,100,15.05,0.2051,404.1,200,1,0,0.3069,1,1,1,1,1,1,1,4,4,-1,[ OK ]
1158.9,17-Jul-26 13:21:16,1278,166.8,0.152,129.4,0.302,0.5791,1.733,0,0,0,100,15.05,0.2061,404,200,1,0,0.3265,1,1,1,1,1,1,1,4,4,-1,[ OK ]
1159.3,17-Jul-26 13:21:17,1279,166.8,0.152,129.3,0.3028,0.5796,1.726,0,0,0,100,15.05,0.2051,403.9,200,1,0,0.3248,1,1,1,1,1,1,1,4,4,-1,[ OK ]
1159.8,17-Jul-26 13:21:17,1279,166.8,0.1516,130.4,0.3006,0.5797,1.726,0,0,0,100,15.05,0.2043,403.9,200,1,0,0.3266,1,1,1,1,1,1,1,4,4,-1,[ OK ]
1160.2,17-Jul-26 13:21:18,1280,166.8,0.1516,130.4,0.3032,0.5789,1.735,0,0,0,100,15.05,0.205,404.1,200,1,0,0.3249,1,1,1,1,1,1,1,4,4,-1,[ OK ]
1160.6,17-Jul-26 13:21:18,1280,166.8,0.1516,130.4,0.303,0.5795,1.728,0,0,0,100,15.05,0.2057,404.2,200,1,0,0.3211,1,1,1,1,1,1,1,4,4,-1,[ OK ]
1161.0,17-Jul-26 13:21:18,1281,166.8,0.1516,130.4,0.3025,0.5792,1.731,0,0,0,100,15.05,0.2054,404.1,200,1,0,0.3114,1,1,1,1,1,1,1,4,4,-1,[ OK ]
1161.5,17-Jul-26 13:21:19,1281,166.8,0.1521,129.3,0.3041,0.5793,1.73,0,0,0,100,15.05,0.2046,403.8,200,1,0,0.3311,1,1,1,1,1,1,1,4,4,-1,[ OK ]
1161.9,17-Jul-26 13:21:19,1281,166.8,0.1516,130.4,0.3052,0.579,1.734,0,0,0,100,15.05,0.2046,403.9,200,1,0,0.3289,1,1,1,1,1,1,1,4,4,-1,[ OK ]
1162.3,17-Jul-26 13:21:20,1282,166.8,0.1517,130.4,0.3014,0.5788,1.736,0,0,0,100,15.05,0.2051,404.1,200,1,0,0.3269,1,1,1,1,1,1,1,4,4,-1,[ OK ]
1162.7,17-Jul-26 13:21:20,1282,166.8,0.1517,130.4,0.3028,0.5788,1.735,0,0,0,100,15.05,0.2047,404.1,200,1,0,0.3255,1,1,1,1,1,1,1,4,4,-1,[ OK ]
1163.1,17-Jul-26 13:21:21,1283,166.8,0.1517,130.4,0.3045,0.5789,1.734,0,0,0,100,15.05,0.2055,403.8,200,1,0,0.3251,1,1,1,1,1,1,1,4,4,-1,[ OK ]
1163.6,17-Jul-26 13:21:21,1283,166.8,0.1517,130.4,0.3049,0.5787,1.736,0,0,0,100,15.05,0.2049,403.8,200,1,0,0.3238,1,1,1,1,1,1,1,4,4,-1,[ OK ]
1164.0,17-Jul-26 13:21:21,1283,166.8,0.1521,129.4,0.3029,0.579,1.733,0,0,0,100,15.05,0.2047,404.2,200,1,0,0.3299,1,1,1,1,1,1,1,4,4,-1,[ OK ]
1164.4,17-Jul-26 13:21:22,1284,166.8,0.1517,130.4,0.305,0.5796,1.727,0,0,0,100,15.05,0.2055,404.1,200,1,0,0.3218,1,1,1,1,1,1,1,4,4,-1,[ OK ]
1164.8,17-Jul-26 13:21:22,1284,166.8,0.1517,130.4,0.3032,0.5789,1.734,0,0,0,100,15.05,0.2046,403.8,200,1,0,0.3259,1,1,1,1,1,1,1,4,4,-1,[ OK ]
1165.2,17-Jul-26 13:21:23,1285,166.8,0.1517,130.4,0.3007,0.5792,1.731,0,0,0,100,15.05,0.2056,403.9,200,1,0,0.3238,1,1,1,1,1,1,1,4,4,-1,[ OK ]
1165.7,17-Jul-26 13:21:23,1285,166.8,0.1517,130.4,0.3061,0.5795,1.728,0,0,0,100,15.05,0.205,404.1,200,1,0,0.3253,1,1,1,1,1,1,1,4,4,-1,[ OK ]
1166.1,17-Jul-26 13:21:24,1286,166.8,0.1516,130.4,0.3051,0.5794,1.728,0,0,0,100,15.05,0.2037,404.1,200,1,0,0.327,1,1,1,1,1,1,1,4,4,-1,[ OK ]
1166.5,17-Jul-26 13:21:24,1286,166.8,0.1521,129.2,0.3036,0.5795,1.727,0,0,0,100,15.05,0.2056,403.8,200,1,0,0.325,1,1,1,1,1,1,1,4,4,-1,[ OK ]
1166.9,17-Jul-26 13:21:24,1286,166.8,0.1517,130.4,0.3039,0.579,1.732,0,0,0,100,15.05,0.2051,404.2,200,1,0,0.3274,1,1,1,1,1,1,1,4,4,-1,[ OK ]
1167.3,17-Jul-26 13:21:25,1287,166.8,0.1522,129.1,0.3021,0.5791,1.731,0,0,0,100,15.05,0.205,403.8,200,1,0,0.3221,1,1,1,1,1,1,1,4,4,-1,[ OK ]
1167.8,17-Jul-26 13:21:25,1287,166.8,0.1517,130.4,0.3082,0.5791,1.732,0,0,0,100,15.05,0.2051,404.1,200,1,0,0.3254,1,1,1,1,1,1,1,4,4,-1,[ OK ]
1168.2,17-Jul-26 13:21:26,1288,166.8,0.1516,130.5,0.3033,0.5789,1.735,0,0,0,100,15.05,0.2043,403.8,200,1,0,0.322,1,1,1,1,1,1,1,4,4,-1,[ OK ]
1168.6,17-Jul-26 13:21:26,1288,166.8,0.1516,130.4,0.3034,0.5794,1.729,0,0,0,100,15.05,0.2063,404,200,1,0,0.3228,1,1,1,1,1,1,1,4,4,-1,[ OK ]
1169.0,17-Jul-26 13:21:26,1289,166.8,0.1516,130.4,0.3023,0.5794,1.729,0,0,0,100,15.05,0.2052,404.1,200,1,0,0.3225,1,1,1,1,1,1,1,4,4,-1,[ OK ]
1169.4,17-Jul-26 13:21:27,1289,166.8,0.152,129.2,0.3035,0.5791,1.733,0,0,0,100,15.05,0.2048,404.1,200,1,0,0.3221,1,1,1,1,1,1,1,4,4,-1,[ OK ]
1169.9,17-Jul-26 13:21:27,1289,166.8,0.1521,129.2,0.3051,0.5797,1.726,0,0,0,100,15.05,0.2059,403.9,200,1,0,0.3288,1,1,1,1,1,1,1,4,4,-1,[ OK ]
1170.3,17-Jul-26 13:21:28,1290,166.8,0.1522,128.9,0.307,0.5794,1.729,0,0,0,100,15.05,0.2059,403.9,200,1,0,0.3295,1,1,1,1,1,1,1,4,4,-1,[ OK ]
1170.7,17-Jul-26 13:21:28,1290,166.8,0.1516,130.4,0.3069,0.5789,1.734,0,0,0,100,15.05,0.2051,404.1,200,1,0,0.3243,1,1,1,1,1,1,1,4,4,-1,[ OK ]
1171.2,17-Jul-26 13:21:29,1291,166.8,0.1516,130.4,0.3034,0.5788,1.736,0,0,0,100,15.05,0.2054,403.9,200,1,0,0.3289,1,1,1,1,1,1,1,4,4,-1,[ OK ]
1171.6,17-Jul-26 13:21:29,1291,166.8,0.152,129.4,0.3045,0.5796,1.727,0,0,0,100,15.05,0.2051,404.2,200,1,0,0.3347,1,1,1,1,1,1,1,4,4,-1,[ OK ]
1172.1,17-Jul-26 13:21:30,1292,166.8,0.1516,130.4,0.2991,0.5788,1.735,0,0,0,100,15.05,0.2048,404,200,1,0,0.3328,1,1,1,1,1,1,1,4,4,-1,[ OK ]
1172.5,17-Jul-26 13:21:30,1292,166.8,0.1516,130.4,0.3032,0.5795,1.728,0,0,0,100,15.05,0.2036,404.2,200,1,0,0.3305,1,1,1,1,1,1,1,4,4,-1,[ OK ]
1172.9,17-Jul-26 13:21:30,1292,166.8,0.1516,130.4,0.3029,0.5792,1.731,0,0,0,100,15.05,0.2042,403.9,200,1,0,0.3259,1,1,1,1,1,1,1,4,4,-1,[ OK ]
1173.3,17-Jul-26 13:21:31,1293,166.8,0.1517,130.4,0.309,0.5795,1.728,0,0,0,100,15.05,0.2056,403.8,200,1,0,0.33,1,1,1,1,1,1,1,4,4,-1,[ OK ]
1173.8,17-Jul-26 13:21:31,1293,166.8,0.1517,130.4,0.307,0.5795,1.728,0,0,0,100,15.05,0.2043,403.9,200,1,0,0.3289,1,1,1,1,1,1,1,4,4,-1,[ OK ]
1174.2,17-Jul-26 13:21:32,1294,166.8,0.1517,130.4,0.304,0.5794,1.729,0,0,0,100,15.05,0.2053,404.2,200,1,0,0.3275,1,1,1,1,1,1,1,4,4,-1,[ OK ]
1174.6,17-Jul-26 13:21:32,1294,166.8,0.1518,130.4,0.3032,0.5795,1.727,0,0,0,100,15.05,0.2051,403.7,200,1,0,0.3228,1,1,1,1,1,1,1,4,4,-1,[ OK ]
1175.0,17-Jul-26 13:21:32,1295,166.8,0.1524,128.8,0.3059,0.5789,1.734,0,0,0,100,15.05,0.2054,404,200,1,0,0.3263,1,1,1,1,1,1,1,4,4,-1,[ OK ]
1175.4,17-Jul-26 13:21:33,1295,166.8,0.1518,130.4,0.3062,0.5791,1.732,0,0,0,100,15.05,0.2057,403.8,200,1,0,0.3213,1,1,1,1,1,1,1,4,4,-1,[ OK ]
1175.8,17-Jul-26 13:21:33,1295,166.8,0.1518,130.4,0.3025,0.579,1.733,0,0,0,100,15.05,0.2056,404.1,200,1,0,0.3218,1,1,1,1,1,1,1,4,4,-1,[ OK ]
1176.3,17-Jul-26 13:21:34,1296,166.8,0.1518,130.4,0.3054,0.5794,1.729,0,0,0,100,15.05,0.2054,403.9,200,1,0,0.3253,1,1,1,1,1,1,1,4,4,-1,[ OK ]
1176.7,17-Jul-26 13:21:34,1296,166.8,0.1518,130.4,0.3016,0.5791,1.732,0,0,0,100,15.05,0.2061,403.9,200,1,0,0.3204,1,1,1,1,1,1,1,4,4,-1,[ OK ]
1177.1,17-Jul-26 13:21:35,1297,166.8,0.1523,129.1,0.3024,0.5791,1.731,0,0,0,100,15.05,0.2051,404.2,200,1,0,0.3346,1,1,1,1,1,1,1,4,4,-1,[ OK ]
1177.6,17-Jul-26 13:21:35,1297,166.8,0.1518,130.4,0.3069,0.5798,1.723,0,0,0,100,15.05,0.2051,404.2,200,1,0,0.3324,1,1,1,1,1,1,1,4,4,-1,[ OK ]
1178.2,17-Jul-26 13:21:36,1298,166.8,0.1518,130.4,0.3047,0.579,1.732,0,0,0,100,15.05,0.2054,404.1,200,1,0,0.3259,1,1,1,1,1,1,1,4,4,-1,[ OK ]
1178.6,17-Jul-26 13:21:36,1298,166.8,0.1518,130.4,0.3056,0.5787,1.736,0,0,0,100,15.05,0.2043,403.8,200,1,0,0.3078,1,1,1,1,1,1,1,4,4,-1,[ OK ]
1179.0,17-Jul-26 13:21:36,1299,166.8,0.1518,130.4,0.3025,0.5794,1.727,0,0,0,100,15.05,0.2051,404.1,200,1,0,0.3252,1,1,1,1,1,1,1,4,4,-1,[ OK ]
1179.4,17-Jul-26 13:21:37,1299,166.8,0.1518,130.4,0.3045,0.5796,1.725,0,0,0,100,15.05,0.204,403.8,200,1,0,0.3351,1,1,1,1,1,1,1,4,4,-1,[ OK ]
1179.8,17-Jul-26 13:21:37,1299,166.8,0.1518,130.4,0.2996,0.579,1.732,0,0,0,100,15.05,0.2049,404.1,200,1,0,0.3116,1,1,1,1,1,1,1,4,4,-1,[ OK ]
1180.3,17-Jul-26 13:21:38,1300,166.8,0.1517,130.4,0.3039,0.5789,1.734,0,0,0,100,15.05,0.2047,404.1,200,1,0,0.3271,1,1,1,1,1,1,1,4,4,-1,[ OK ]
1180.7,17-Jul-26 13:21:38,1300,166.8,0.1521,129.3,0.3019,0.5796,1.726,0,0,0,100,15.05,0.2054,404,200,1,0,0.3206,1,1,1,1,1,1,1,4,4,-1,[ OK ]
1181.1,17-Jul-26 13:21:39,1301,166.8,0.1518,130.4,0.3052,0.5795,1.726,0,0,0,100,15.05,0.2049,403.8,200,1,0,0.3229,1,1,1,1,1,1,1,4,4,-1,[ OK ]
1181.5,17-Jul-26 13:21:39,1301,166.8,0.1522,129.1,0.3046,0.5796,1.726,0,0,0,100,15.05,0.2051,404,200,1,0,0.3291,1,1,1,1,1,1,1,4,4,-1,[ OK ]
1181.9,17-Jul-26 13:21:39,1301,166.8,0.1522,129.2,0.3036,0.5789,1.734,0,0,0,100,15.05,0.2054,403.8,200,1,0,0.3308,1,1,1,1,1,1,1,4,4,-1,[ OK ]
1182.3,17-Jul-26 13:21:40,1302,166.8,0.1517,130.4,0.3029,0.5791,1.731,0,0,0,100,15.05,0.2047,403.9,200,1,0,0.3215,1,1,1,1,1,1,1,4,4,-1,[ OK ]
1182.8,17-Jul-26 13:21:40,1302,166.8,0.1517,130.4,0.3068,0.5791,1.731,0,0,0,100,15.05,0.2054,404.2,200,1,0,0.3189,1,1,1,1,1,1,1,4,4,-1,[ OK ]
1183.2,17-Jul-26 13:21:41,1303,166.8,0.1516,130.4,0.3078,0.5795,1.727,0,0,0,100,15.05,0.205,404,200,1,0,0.3239,1,1,1,1,1,1,1,4,4,-1,[ OK ]
1183.6,17-Jul-26 13:21:41,1303,166.8,0.1517,130.4,0.3037,0.5794,1.728,0,0,0,100,15.05,0.2041,403.8,200,1,0,0.3226,1,1,1,1,1,1,1,4,4,-1,[ OK ]
1184.0,17-Jul-26 13:21:41,1304,166.8,0.1517,130.4,0.3072,0.5797,1.724,0,0,0,100,15.05,0.2062,404.1,200,1,0,0.3212,1,1,1,1,1,1,1,4,4,-1,[ OK ]
1184.5,17-Jul-26 13:21:42,1304,166.8,0.1517,130.4,0.3033,0.5788,1.734,0,0,0,100,15.05,0.2051,404.1,200,1,0,0.3196,1,1,1,1,1,1,1,4,4,-1,[ OK ]
1184.9,17-Jul-26 13:21:42,1304,166.8,0.1517,130.4,0.3036,0.5791,1.731,0,0,0,100,15.05,0.2056,404.1,200,1,0,0.3207,1,1,1,1,1,1,1,4,4,-1,[ OK ]
1185.3,17-Jul-26 13:21:43,1305,166.8,0.1517,130.4,0.3067,0.5794,1.728,0,0,0,100,15.05,0.205,404.2,200,1,0,0.3276,1,1,1,1,1,1,1,4,4,-1,[ OK ]
1185.7,17-Jul-26 13:21:43,1305,166.8,0.1522,129.1,0.3053,0.579,1.732,0,0,0,100,15.05,0.204,403.9,200,1,0,0.3282,1,1,1,1,1,1,1,4,4,-1,[ OK ]
1186.2,17-Jul-26 13:21:44,1306,166.8,0.1517,130.4,0.3032,0.5789,1.732,0,0,0,100,15.05,0.2048,403.8,200,1,0,0.322,1,1,1,1,1,1,1,4,4,-1,[ OK ]
1186.6,17-Jul-26 13:21:44,1306,166.8,0.1517,130.4,0.3048,0.5796,1.725,0,0,0,100,15.05,0.206,403.9,200,1,0,0.3276,1,1,1,1,1,1,1,4,4,-1,[ OK ]
1187.0,17-Jul-26 13:21:44,1307,166.8,0.1517,130.4,0.3042,0.5788,1.735,0,0,0,100,15.05,0.2062,403.8,200,1,0,0.3243,1,1,1,1,1,1,1,4,4,-1,[ OK ]
1187.4,17-Jul-26 13:21:45,1307,166.8,0.1517,130.4,0.3057,0.5797,1.724,0,0,0,100,15.05,0.2046,404.2,200,1,0,0.324,1,1,1,1,1,1,1,4,4,-1,[ OK ]
1187.8,17-Jul-26 13:21:45,1307,166.8,0.1518,130.4,0.305,0.5795,1.726,0,0,0,100,15.05,0.2052,404.2,200,1,0,0.3259,1,1,1,1,1,1,1,4,4,-1,[ OK ]
1188.2,17-Jul-26 13:21:46,1308,166.8,0.1521,129.4,0.3029,0.5794,1.727,0,0,0,100,15.05,0.2055,404,200,1,0,0.3329,1,1,1,1,1,1,1,4,4,-1,[ OK ]
1188.7,17-Jul-26 13:21:46,1308,166.8,0.1522,129.1,0.3028,0.5789,1.732,0,0,0,100,15.05,0.2051,404,200,1,0,0.3277,1,1,1,1,1,1,1,4,4,-1,[ OK ]
1189.1,17-Jul-26 13:21:47,1309,166.8,0.1517,130.4,0.3028,0.5788,1.733,0,0,0,100,15.05,0.2046,403.9,200,1,0,0.3323,1,1,1,1,1,1,1,4,4,-1,[ OK ]
1189.5,17-Jul-26 13:21:47,1309,166.8,0.1517,130.4,0.3077,0.5795,1.726,0,0,0,100,15.05,0.2045,404.2,200,1,0,0.3315,1,1,1,1,1,1,1,4,4,-1,[ OK ]
1189.9,17-Jul-26 13:21:47,1309,166.8,0.1517,130.4,0.3037,0.5797,1.724,0,0,0,100,15.05,0.2046,404.2,200,1,0,0.327,1,1,1,1,1,1,1,4,4,-1,[ OK ]
1190.3,17-Jul-26 13:21:48,1310,166.8,0.1517,130.4,0.3025,0.5791,1.73,0,0,0,100,15.05,0.2047,404.1,200,1,0,0.3278,1,1,1,1,1,1,1,4,4,-1,[ OK ]
1190.8,17-Jul-26 13:21:48,1310,166.8,0.1521,129.4,0.3024,0.5789,1.734,0,0,0,100,15.05,0.2059,403.7,200,1,0,0.3235,1,1,1,1,1,1,1,4,4,-1,[ OK ]
1191.1,17-Jul-26 13:21:49,1311,166.8,0.152,129.7,0.3038,0.5795,1.727,0,0,0,100,15.05,0.2052,403.8,200,1,0,0.3333,1,1,1,1,1,1,1,4,4,-1,[ OK ]
1191.5,17-Jul-26 13:21:49,1311,166.8,0.1521,129.3,0.2992,0.579,1.733,0,0,0,100,15.05,0.2042,403.8,200,1,0,0.3284,1,1,1,1,1,1,1,4,4,-1,[ OK ]
1191.9,17-Jul-26 13:21:49,1311,166.8,0.1517,130.4,0.3032,0.5789,1.734,0,0,0,100,15.05,0.2063,403.9,200,1,0,0.3216,1,1,1,1,1,1,1,4,4,-1,[ OK ]
1192.3,17-Jul-26 13:21:50,1312,166.8,0.1522,129.2,0.3038,0.5792,1.731,0,0,0,100,15.05,0.2051,404.2,200,1,0,0.3215,1,1,1,1,1,1,1,4,4,-1,[ OK ]
1192.8,17-Jul-26 13:21:50,1312,166.8,0.1518,130.4,0.3057,0.5789,1.734,0,0,0,100,15.05,0.2048,404.3,200,1,0,0.3309,1,1,1,1,1,1,1,4,4,-1,[ OK ]
1193.2,17-Jul-26 13:21:51,1313,166.8,0.1518,130.4,0.3085,0.5796,1.726,0,0,0,100,15.05,0.205,404.1,200,1,0,0.3233,1,1,1,1,1,1,1,4,4,-1,[ OK ]
1193.6,17-Jul-26 13:21:51,1313,166.8,0.1519,130.4,0.3055,0.5797,1.726,0,0,0,100,15.05,0.205,403.8,200,1,0,0.3243,1,1,1,1,1,1,1,4,4,-1,[ OK ]
1193.9,17-Jul-26 13:21:51,1313,166.8,0.1519,130.4,0.3021,0.5789,1.735,0,0,0,100,15.05,0.2051,403.9,200,1,0,0.3309,1,1,1,1,1,1,1,4,4,-1,[ OK ]
1194.3,17-Jul-26 13:21:52,1314,166.8,0.1519,130.4,0.3046,0.5796,1.727,0,0,0,100,15.05,0.2042,404.1,200,1,0,0.323,1,1,1,1,1,1,1,4,4,-1,[ OK ]
1194.8,17-Jul-26 13:21:52,1314,166.8,0.1519,130.4,0.3029,0.5798,1.724,0,0,0,100,15.05,0.2051,403.8,200,1,0,0.3238,1,1,1,1,1,1,1,4,4,-1,[ OK ]
1195.2,17-Jul-26 13:21:53,1315,166.8,0.1523,129.3,0.3044,0.5795,1.728,0,0,0,100,15.05,0.2055,403.8,200,1,0,0.3217,1,1,1,1,1,1,1,4,4,-1,[ OK ]
1195.6,17-Jul-26 13:21:53,1315,166.8,0.1518,130.4,0.3026,0.5792,1.731,0,0,0,100,15.05,0.2056,403.9,200,1,0,0.325,1,1,1,1,1,1,1,4,4,-1,[ OK ]
1196.0,17-Jul-26 13:21:53,1316,166.8,0.1518,130.4,0.2986,0.5789,1.734,0,0,0,100,15.05,0.2054,403.9,200,1,0,0.3262,1,1,1,1,1,1,1,4,4,-1,[ OK ]
1196.4,17-Jul-26 13:21:54,1316,166.8,0.1519,130.4,0.305,0.5794,1.727,0,0,0,100,15.05,0.2043,404.2,200,1,0,0.3263,1,1,1,1,1,1,1,4,4,-1,[ OK ]
1196.9,17-Jul-26 13:21:54,1316,166.8,0.1519,130.4,0.305,0.5789,1.733,0,0,0,100,15.05,0.2063,404.3,200,1,0,0.3184,1,1,1,1,1,1,1,4,4,-1,[ OK ]
1197.4,17-Jul-26 13:21:55,1317,166.8,0.1519,130.4,0.3085,0.5794,1.727,0,0,0,100,15.05,0.2061,403.9,200,1,0,0.3144,1,1,1,1,1,1,1,4,4,-1,[ OK ]
1197.8,17-Jul-26 13:21:55,1317,166.8,0.1523,129.4,0.3043,0.5797,1.725,0,0,0,100,15.05,0.2052,404.2,200,1,0,0.325,1,1,1,1,1,1,1,4,4,-1,[ OK ]
1198.3,17-Jul-26 13:21:56,1318,166.8,0.1523,129.3,0.3061,0.5795,1.727,0,0,0,100,15.05,0.2051,404.1,200,1,0,0.323,1,1,1,1,1,1,1,4,4,-1,[ OK ]
1198.8,17-Jul-26 13:21:56,1318,166.8,0.1519,130.4,0.3086,0.5796,1.726,0,0,0,100,15.05,0.2055,403.9,200,1,0,0.3233,1,1,1,1,1,1,1,4,4,-1,[ OK ]
1199.2,17-Jul-26 13:21:57,1319,166.8,0.1519,130.4,0.306,0.5797,1.725,0,0,0,100,15.05,0.2056,404.1,200,1,0,0.3253,1,1,1,1,1,1,1,4,4,-1,[ OK ]
1199.6,17-Jul-26 13:21:57,1319,166.8,0.1518,130.4,0.3028,0.5792,1.731,0,0,0,100,15.05,0.2049,403.8,200,1,0,0.3233,1,1,1,1,1,1,1,4,4,-1,[ OK ]
1200.0,17-Jul-26 13:21:57,1320,166.8,0.1518,130.4,0.3025,0.5794,1.729,0,0,0,100,15.05,0.2056,404.1,200,1,0,0.3299,1,1,1,1,1,1,1,4,4,-1,[ OK ]
1200.5,17-Jul-26 13:21:58,1320,166.8,0.1518,130.4,0.3005,0.5788,1.736,0,0,0,100,15.05,0.2046,404.1,200,1,0,0.3234,1,1,1,1,1,1,1,4,4,-1,[ OK ]
1200.9,17-Jul-26 13:21:58,1320,166.8,0.1518,130.4,0.3052,0.579,1.735,0,0,0,100,15.05,0.2046,404.1,200,1,0,0.3231,1,1,1,1,1,1,1,4,4,-1,[ OK ]
1201.3,17-Jul-26 13:21:59,1321,166.8,0.1524,128.9,0.3059,0.5798,1.723,0,0,0,100,15.05,0.2055,404.1,200,1,0,0.3227,1,1,1,1,1,1,1,4,4,-1,[ OK ]
1201.7,17-Jul-26 13:21:59,1321,166.8,0.1518,130.4,0.3039,0.5796,1.727,0,0,0,100,15.05,0.2052,404,200,1,0,0.3232,1,1,1,1,1,1,1,4,4,-1,[ OK ]
1202.1,17-Jul-26 13:22:00,1322,166.8,0.1524,128.9,0.3044,0.5792,1.731,0,0,0,100,15.05,0.2051,404,200,1,0,0.3262,1,1,1,1,1,1,1,4,4,-1,[ OK ]
1202.5,17-Jul-26 13:22:00,1322,166.8,0.1522,129.3,0.3047,0.5796,1.726,0,0,0,100,15.05,0.2051,403.8,200,1,0,0.3306,1,1,1,1,1,1,1,4,4,-1,[ OK ]
1202.9,17-Jul-26 13:22:00,1322,166.8,0.1518,130.4,0.3044,0.5795,1.727,0,0,0,100,15.05,0.2049,404.1,200,1,0,0.3223,1,1,1,1,1,1,1,4,4,-1,[ OK ]
1203.3,17-Jul-26 13:22:01,1323,166.8,0.1521,129.9,0.3028,0.5792,1.731,0,0,0,100,15.05,0.2055,403.8,200,1,0,0.3236,1,1,1,1,1,1,1,4,4,-1,[ OK ]
1203.7,17-Jul-26 13:22:01,1323,166.8,0.1525,128.9,0.3076,0.5798,1.724,0,0,0,100,15.05,0.2051,403.8,200,1,0,0.3297,1,1,1,1,1,1,1,4,4,-1,[ OK ]
1204.0,17-Jul-26 13:22:01,1324,166.8,0.1523,129.3,0.2994,0.5793,1.73,0,0,0,100,15.05,0.2053,403.7,200,1,0,0.3196,1,1,1,1,1,1,1,4,4,-1,[ OK ]
1204.4,17-Jul-26 13:22:02,1324,166.8,0.1518,130.4,0.3077,0.579,1.734,0,0,0,100,15.05,0.2048,404.1,200,1,0,0.3211,1,1,1,1,1,1,1,4,4,-1,[ OK ]
1204.9,17-Jul-26 13:22:02,1324,166.8,0.1522,129.3,0.3031,0.5791,1.731,0,0,0,100,15.05,0.2048,404.2,200,1,0,0.3285,1,1,1,1,1,1,1,4,4,-1,[ OK ]
1205.3,17-Jul-26 13:22:03,1325,166.8,0.1518,130.4,0.3054,0.5795,1.727,0,0,0,100,15.05,0.205,404,200,1,0,0.3241,1,1,1,1,1,1,1,4,4,-1,[ OK ]
1205.7,17-Jul-26 13:22:03,1325,166.8,0.1522,129.3,0.3005,0.5796,1.726,0,0,0,100,15.05,0.2046,403.8,200,1,0,0.3247,1,1,1,1,1,1,1,4,4,-1,[ OK ]
1206.1,17-Jul-26 13:22:04,1326,166.8,0.1524,128.8,0.3081,0.5796,1.726,0,0,0,100,15.05,0.2054,403.8,200,1,0,0.3274,1,1,1,1,1,1,1,4,4,-1,[ OK ]
1206.5,17-Jul-26 13:22:04,1326,166.8,0.1524,128.8,0.3062,0.5787,1.735,0,0,0,100,15.05,0.2041,404.2,200,1,0,0.3329,1,1,1,1,1,1,1,4,4,-1,[ OK ]
1207.0,17-Jul-26 13:22:04,1326,166.8,0.1521,129.6,0.3068,0.579,1.731,0,0,0,100,15.05,0.2048,403.8,200,1,0,0.3274,1,1,1,1,1,1,1,4,4,-1,[ OK ]
1207.4,17-Jul-26 13:22:05,1327,166.8,0.1518,130.4,0.3077,0.5795,1.726,0,0,0,100,15.05,0.2051,404.1,200,1,0,0.3282,1,1,1,1,1,1,1,4,4,-1,[ OK ]
1207.8,17-Jul-26 13:22:05,1327,166.8,0.1518,130.4,0.3062,0.579,1.732,0,0,0,100,15.05,0.2049,403.8,200,1,0,0.328,1,1,1,1,1,1,1,4,4,-1,[ OK ]
1208.2,17-Jul-26 13:22:06,1328,166.8,0.1518,130.4,0.3047,0.5795,1.727,0,0,0,100,15.05,0.206,403.8,200,1,0,0.3166,1,1,1,1,1,1,1,4,4,-1,[ OK ]
1208.6,17-Jul-26 13:22:06,1328,166.8,0.1521,129.6,0.305,0.5794,1.727,0,0,0,100,15.05,0.2043,403.8,200,1,0,0.3255,1,1,1,1,1,1,1,4,4,-1,[ OK ]
1209.1,17-Jul-26 13:22:06,1329,166.8,0.1518,130.4,0.3029,0.5795,1.726,0,0,0,100,15.05,0.2038,404.2,200,1,0,0.328,1,1,1,1,1,1,1,4,4,-1,[ OK ]
1209.5,17-Jul-26 13:22:07,1329,166.8,0.1524,128.9,0.3064,0.5789,1.734,0,0,0,100,15.05,0.2061,404.1,200,1,0,0.325,1,1,1,1,1,1,1,4,4,-1,[ OK ]
1209.9,17-Jul-26 13:22:07,1329,166.8,0.1518,130.4,0.3065,0.5788,1.735,0,0,0,100,15.05,0.2048,403.8,200,1,0,0.3297,1,1,1,1,1,1,1,4,4,-1,[ OK ]
1210.3,17-Jul-26 13:22:08,1330,166.8,0.1518,130.4,0.3039,0.5788,1.735,0,0,0,100,15.05,0.2055,403.8,200,1,0,0.3261,1,1,1,1,1,1,1,4,4,-1,[ OK ]
1210.7,17-Jul-26 13:22:08,1330,166.8,0.1519,130.4,0.3074,0.579,1.733,0,0,0,100,15.05,0.2046,403.8,200,1,0,0.3368,1,1,1,1,1,1,1,4,4,-1,[ OK ]
1211.3,17-Jul-26 13:22:09,1331,166.8,0.1518,130.4,0.3043,0.5795,1.728,0,0,0,100,15.05,0.2059,404.1,200,1,0,0.32,1,1,1,1,1,1,1,4,4,-1,[ OK ]
1211.7,17-Jul-26 13:22:09,1331,166.8,0.1518,130.4,0.3045,0.5796,1.726,0,0,0,100,15.05,0.2056,404.2,200,1,0,0.3245,1,1,1,1,1,1,1,4,4,-1,[ OK ]
1212.1,17-Jul-26 13:22:10,1332,166.8,0.1522,129.2,0.3075,0.579,1.734,0,0,0,100,15.05,0.2054,404.2,200,1,0,0.3252,1,1,1,1,1,1,1,4,4,-1,[ OK ]
1212.5,17-Jul-26 13:22:10,1332,166.8,0.1518,130.4,0.3063,0.579,1.733,0,0,0,100,15.05,0.2046,403.9,200,1,0,0.3332,1,1,1,1,1,1,1,4,4,-1,[ OK ]
1213.0,17-Jul-26 13:22:10,1332,166.8,0.1518,130.4,0.3044,0.5788,1.736,0,0,0,100,15.05,0.205,404.2,200,1,0,0.3223,1,1,1,1,1,1,1,4,4,-1,[ OK ]
1213.5,17-Jul-26 13:22:11,1333,166.8,0.1518,130.4,0.3055,0.5791,1.734,0,0,0,100,15.05,0.2047,404.1,200,1,0,0.3283,1,1,1,1,1,1,1,4,4,-1,[ OK ]
1214.0,17-Jul-26 13:22:11,1334,166.8,0.1518,130.4,0.3036,0.5798,1.725,0,0,0,100,15.05,0.2054,404.1,200,1,0,0.3232,1,1,1,1,1,1,1,4,4,-1,[ OK ]
1214.5,17-Jul-26 13:22:12,1334,166.8,0.1518,130.4,0.3043,0.5792,1.732,0,0,0,100,15.05,0.2053,404.1,200,1,0,0.3227,1,1,1,1,1,1,1,4,4,-1,[ OK ]
1214.9,17-Jul-26 13:22:12,1334,166.8,0.1517,130.4,0.3009,0.5789,1.735,0,0,0,100,15.05,0.2057,404.1,200,1,0,0.3261,1,1,1,1,1,1,1,4,4,-1,[ OK ]
1215.4,17-Jul-26 13:22:13,1335,166.8,0.1523,128.9,0.3026,0.5789,1.734,0,0,0,100,15.05,0.2047,404.1,200,1,0,0.332,1,1,1,1,1,1,1,4,4,-1,[ OK ]
1215.8,17-Jul-26 13:22:13,1335,166.8,0.1517,130.4,0.3047,0.5796,1.726,0,0,0,100,15.05,0.2049,403.8,200,1,0,0.3247,1,1,1,1,1,1,1,4,4,-1,[ OK ]
1216.2,17-Jul-26 13:22:14,1336,166.8,0.1523,129,0.3063,0.5795,1.728,0,0,0,100,15.05,0.2061,403.8,200,1,0,0.328,1,1,1,1,1,1,1,4,4,-1,[ OK ]
1216.6,17-Jul-26 13:22:14,1336,166.8,0.1518,130.4,0.3055,0.5791,1.733,0,0,0,100,15.05,0.2034,403.8,200,1,0,0.326,1,1,1,1,1,1,1,4,4,-1,[ OK ]
1217.0,17-Jul-26 13:22:14,1337,166.8,0.1518,130.4,0.3037,0.5796,1.727,0,0,0,100,15.05,0.2047,404,200,1,0,0.3258,1,1,1,1,1,1,1,4,4,-1,[ OK ]
1217.5,17-Jul-26 13:22:15,1337,166.8,0.1521,129.4,0.3051,0.5789,1.735,0,0,0,100,15.05,0.2057,403.8,200,1,0,0.3247,1,1,1,1,1,1,1,4,4,-1,[ OK ]
1217.9,17-Jul-26 13:22:15,1337,166.8,0.1518,130.4,0.3015,0.5791,1.732,0,0,0,100,15.05,0.2046,404,200,1,0,0.321,1,1,1,1,1,1,1,4,4,-1,[ OK ]
1218.3,17-Jul-26 13:22:16,1338,166.8,0.1518,130.4,0.3016,0.5797,1.725,0,0,0,100,15.05,0.2056,404.1,200,1,0,0.3197,1,1,1,1,1,1,1,4,4,-1,[ OK ]
1218.7,17-Jul-26 13:22:16,1338,166.8,0.1522,129.4,0.3021,0.5796,1.726,0,0,0,100,15.05,0.2048,403.8,200,1,0,0.3275,1,1,1,1,1,1,1,4,4,-1,[ OK ]
1219.1,17-Jul-26 13:22:17,1339,166.8,0.1518,130.4,0.3031,0.579,1.733,0,0,0,100,15.05,0.2059,404.2,200,1,0,0.3182,1,1,1,1,1,1,1,4,4,-1,[ OK ]
1219.6,17-Jul-26 13:22:17,1339,166.8,0.1518,130.4,0.3049,0.579,1.732,0,0,0,100,15.05,0.204,403.9,200,1,0,0.3243,1,1,1,1,1,1,1,4,4,-1,[ OK ]
1220.0,17-Jul-26 13:22:17,1339,166.8,0.1518,130.4,0.3017,0.5791,1.731,0,0,0,100,15.05,0.2049,404.2,200,1,0,0.3267,1,1,1,1,1,1,1,4,4,-1,[ OK ]
1220.5,17-Jul-26 13:22:18,1340,166.8,0.1518,130.4,0.3041,0.579,1.733,0,0,0,100,15.05,0.2046,403.9,200,1,0,0.3252,1,1,1,1,1,1,1,4,4,-1,[ OK ]
1221.0,17-Jul-26 13:22:18,1341,166.8,0.1518,130.4,0.3033,0.5798,1.724,0,0,0,100,15.05,0.205,403.9,200,1,0,0.3364,1,1,1,1,1,1,1,4,4,-1,[ OK ]
1221.5,17-Jul-26 13:22:19,1341,166.8,0.1518,130.4,0.302,0.5798,1.725,0,0,0,100,15.05,0.2049,404,200,1,0,0.3207,1,1,1,1,1,1,1,4,4,-1,[ OK ]
1222.1,17-Jul-26 13:22:19,1342,166.8,0.1518,130.4,0.3031,0.5796,1.727,0,0,0,100,15.05,0.2051,403.8,200,1,0,0.3227,1,1,1,1,1,1,1,4,4,-1,[ OK ]
1222.5,17-Jul-26 13:22:20,1342,166.8,0.1518,130.4,0.3026,0.5797,1.725,0,0,0,100,15.05,0.2053,404.1,200,1,0,0.318,1,1,1,1,1,1,1,4,4,-1,[ OK ]
1222.9,17-Jul-26 13:22:20,1342,166.8,0.1518,130.4,0.3064,0.5795,1.726,0,0,0,100,15.05,0.2049,404.2,200,1,0,0.3146,1,1,1,1,1,1,1,4,4,-1,[ OK ]
1223.3,17-Jul-26 13:22:21,1343,166.8,0.1517,130.4,0.3052,0.5793,1.729,0,0,0,100,15.05,0.2035,403.8,200,1,0,0.3245,1,1,1,1,1,1,1,4,4,-1,[ OK ]
1223.7,17-Jul-26 13:22:21,1343,166.8,0.1518,130.4,0.3028,0.5789,1.734,0,0,0,100,15.05,0.2048,404,200,1,0,0.3213,1,1,1,1,1,1,1,4,4,-1,[ OK ]
1224.2,17-Jul-26 13:22:22,1344,166.8,0.1522,129.4,0.3052,0.579,1.734,0,0,0,100,15.05,0.2046,403.9,200,1,0,0.3256,1,1,1,1,1,1,1,4,4,-1,[ OK ]
1224.6,17-Jul-26 13:22:22,1344,166.8,0.1523,128.9,0.3038,0.579,1.735,0,0,0,100,15.05,0.2053,403.9,200,1,0,0.3308,1,1,1,1,1,1,1,4,4,-1,[ OK ]
1225.0,17-Jul-26 13:22:22,1345,166.8,0.1518,130.4,0.3026,0.5791,1.733,0,0,0,100,15.05,0.2047,403.8,200,1,0,0.3282,1,1,1,1,1,1,1,4,4,-1,[ OK ]
1225.4,17-Jul-26 13:22:23,1345,166.8,0.1517,130.8,0.306,0.5796,1.727,0,0,0,100,15.05,0.2052,403.9,200,1,0,0.3222,1,1,1,1,1,1,1,4,4,-1,[ OK ]
1225.8,17-Jul-26 13:22:23,1345,166.8,0.1518,130.4,0.3044,0.5791,1.732,0,0,0,100,15.05,0.2051,403.9,200,1,0,0.3206,1,1,1,1,1,1,1,4,4,-1,[ OK ]
1226.4,17-Jul-26 13:22:24,1346,166.8,0.1518,130.4,0.3044,0.5788,1.735,0,0,0,100,15.05,0.2051,403.8,200,1,0,0.3227,1,1,1,1,1,1,1,4,4,-1,[ OK ]
1226.8,17-Jul-26 13:22:24,1346,166.8,0.1524,128.9,0.3018,0.5791,1.733,0,0,0,100,15.05,0.2047,404.1,200,1,0,0.3257,1,1,1,1,1,1,1,4,4,-1,[ OK ]
1227.2,17-Jul-26 13:22:25,1347,166.8,0.1519,130.4,0.3048,0.5796,1.726,0,0,0,100,15.05,0.2051,404.1,200,1,0,0.3347,1,1,1,1,1,1,1,4,4,-1,[ OK ]
1227.6,17-Jul-26 13:22:25,1347,166.8,0.1519,130.4,0.3022,0.5793,1.73,0,0,0,100,15.05,0.205,403.8,200,1,0,0.3208,1,1,1,1,1,1,1,4,4,-1,[ OK ]
1228.1,17-Jul-26 13:22:25,1348,166.8,0.1519,130.4,0.3024,0.5796,1.727,0,0,0,100,15.05,0.2032,404.2,200,1,0,0.3308,1,1,1,1,1,1,1,4,4,-1,[ OK ]
1228.5,17-Jul-26 13:22:26,1348,166.8,0.1518,130.4,0.3022,0.5795,1.727,0,0,0,100,15.05,0.2042,403.9,200,1,0,0.3392,1,1,1,1,1,1,1,4,4,-1,[ OK ]
1228.9,17-Jul-26 13:22:26,1348,166.8,0.1518,130.4,0.3007,0.5792,1.731,0,0,0,100,15.05,0.2048,404,200,1,0,0.3236,1,1,1,1,1,1,1,4,4,-1,[ OK ]
1229.3,17-Jul-26 13:22:27,1349,166.8,0.1526,128.3,0.3038,0.5796,1.726,0,0,0,100,15.05,0.2056,403.9,200,1,0,0.3263,1,1,1,1,1,1,1,4,4,-1,[ OK ]
1229.8,17-Jul-26 13:22:27,1349,166.8,0.1523,129.3,0.3042,0.5796,1.726,0,0,0,100,15.05,0.2048,403.8,200,1,0,0.3293,1,1,1,1,1,1,1,4,4,-1,[ OK ]
1230.4,17-Jul-26 13:22:28,1350,166.8,0.1523,129.2,0.3035,0.5791,1.732,0,0,0,100,15.05,0.2057,403.9,200,1,0,0.3207,1,1,1,1,1,1,1,4,4,-1,[ OK ]
1230.9,17-Jul-26 13:22:28,1350,166.8,0.1519,130.4,0.3048,0.5791,1.732,0,0,0,100,15.05,0.2049,403.9,200,1,0,0.3161,1,1,1,1,1,1,1,4,4,-1,[ OK ]
1231.3,17-Jul-26 13:22:29,1351,166.8,0.1518,130.4,0.2998,0.5792,1.731,0,0,0,100,15.05,0.2055,404,200,1,0,0.3271,1,1,1,1,1,1,1,4,4,-1,[ OK ]
1231.7,17-Jul-26 13:22:29,1351,166.8,0.1519,130.4,0.3109,0.5795,1.728,0,0,0,100,15.05,0.2045,403.9,200,1,0,0.3193,1,1,1,1,1,1,1,4,4,-1,[ OK ]
1232.2,17-Jul-26 13:22:30,1352,166.8,0.1518,130.4,0.3025,0.5796,1.726,0,0,0,100,15.05,0.2041,403.9,200,1,0,0.3207,1,1,1,1,1,1,1,4,4,-1,[ OK ]
1232.6,17-Jul-26 13:22:30,1352,166.8,0.1518,130.4,0.2994,0.579,1.734,0,0,0,100,15.05,0.2046,404.2,200,1,0,0.3184,1,1,1,1,1,1,1,4,4,-1,[ OK ]
1233.0,17-Jul-26 13:22:30,1353,166.8,0.1518,130.4,0.305,0.5797,1.725,0,0,0,100,15.05,0.2049,403.8,200,1,0,0.3324,1,1,1,1,1,1,1,4,4,-1,[ OK ]
1233.4,17-Jul-26 13:22:31,1353,166.8,0.1518,130.4,0.3002,0.5797,1.725,0,0,0,100,15.05,0.2048,403.8,200,1,0,0.3365,1,1,1,1,1,1,1,4,4,-1,[ OK ]
1233.8,17-Jul-26 13:22:31,1353,166.8,0.1518,130.4,0.3028,0.579,1.733,0,0,0,100,15.05,0.2041,404.2,200,1,0,0.3247,1,1,1,1,1,1,1,4,4,-1,[ OK ]
1234.3,17-Jul-26 13:22:32,1354,166.8,0.1518,130.4,0.3065,0.579,1.735,0,0,0,100,15.05,0.205,403.9,200,1,0,0.3143,1,1,1,1,1,1,1,4,4,-1,[ OK ]
1234.7,17-Jul-26 13:22:32,1354,166.8,0.1517,130.4,0.3063,0.5793,1.732,0,0,0,100,15.05,0.2044,404,200,1,0,0.3251,1,1,1,1,1,1,1,4,4,-1,[ OK ]
1235.1,17-Jul-26 13:22:33,1355,166.8,0.1521,129.4,0.3,0.579,1.734,0,0,0,100,15.05,0.2037,404.1,200,1,0,0.3237,1,1,1,1,1,1,1,4,4,-1,[ OK ]
1235.5,17-Jul-26 13:22:33,1355,166.8,0.1517,130.4,0.2989,0.5798,1.726,0,0,0,100,15.05,0.2043,403.9,200,1,0,0.3219,1,1,1,1,1,1,1,4,4,-1,[ OK ]
1235.9,17-Jul-26 13:22:33,1355,166.8,0.1517,130.4,0.3028,0.5796,1.727,0,0,0,100,15.05,0.2049,404.2,200,1,0,0.3245,1,1,1,1,1,1,1,4,4,-1,[ OK ]
1236.3,17-Jul-26 13:22:34,1356,166.8,0.1521,129.4,0.3038,0.5792,1.732,0,0,0,100,15.05,0.2054,404.1,200,1,0,0.3247,1,1,1,1,1,1,1,4,4,-1,[ OK ]
1236.8,17-Jul-26 13:22:34,1356,166.8,0.1522,129.2,0.3033,0.5789,1.735,0,0,0,100,15.05,0.2049,404,200,1,0,0.3067,1,1,1,1,1,1,1,4,4,-1,[ OK ]
1237.2,17-Jul-26 13:22:35,1357,166.8,0.1518,130.4,0.3025,0.5795,1.728,0,0,0,100,15.05,0.205,403.8,200,1,0,0.3213,1,1,1,1,1,1,1,4,4,-1,[ OK ]
1237.6,17-Jul-26 13:22:35,1357,166.8,0.1519,130.4,0.3025,0.5791,1.733,0,0,0,100,15.05,0.2056,404.2,200,1,0,0.3192,1,1,1,1,1,1,1,4,4,-1,[ OK ]
1237.9,17-Jul-26 13:22:35,1357,166.8,0.1519,130.4,0.3024,0.5791,1.733,0,0,0,100,15.05,0.2038,404.1,200,1,0,0.3162,1,1,1,1,1,1,1,4,4,-1,[ OK ]
1238.4,17-Jul-26 13:22:36,1358,166.8,0.1518,130.4,0.3005,0.579,1.735,0,0,0,100,15.05,0.2057,404.1,200,1,0,0.3134,1,1,1,1,1,1,1,4,4,-1,[ OK ]
1238.9,17-Jul-26 13:22:36,1358,166.8,0.1522,129.4,0.3001,0.5796,1.728,0,0,0,100,15.05,0.2046,403.8,200,1,0,0.3286,1,1,1,1,1,1,1,4,4,-1,[ OK ]
1239.3,17-Jul-26 13:22:37,1359,166.8,0.1518,130.4,0.3026,0.5796,1.727,0,0,0,100,15.05,0.2049,404.2,200,1,0,0.3216,1,1,1,1,1,1,1,4,4,-1,[ OK ]
1239.7,17-Jul-26 13:22:37,1359,166.8,0.1517,130.4,0.3008,0.5792,1.733,0,0,0,100,15.05,0.2042,404.2,200,1,0,0.3242,1,1,1,1,1,1,1,4,4,-1,[ OK ]
1240.1,17-Jul-26 13:22:38,1360,166.8,0.1521,129.4,0.301,0.5792,1.733,0,0,0,100,15.05,0.2045,404.2,200,1,0,0.3211,1,1,1,1,1,1,1,4,4,-1,[ OK ]
1240.6,17-Jul-26 13:22:38,1360,166.8,0.1517,130.4,0.3019,0.5791,1.734,0,0,0,100,15.05,0.2038,404.1,200,1,0,0.3247,1,1,1,1,1,1,1,4,4,-1,[ OK ]
1241.0,17-Jul-26 13:22:38,1360,166.8,0.1517,130.4,0.3023,0.5799,1.724,0,0,0,100,15.05,0.2041,403.8,200,1,0,0.3206,1,1,1,1,1,1,1,4,4,-1,[ OK ]
1241.4,17-Jul-26 13:22:39,1361,166.8,0.1517,130.4,0.2961,0.5798,1.725,0,0,0,100,15.05,0.2046,404.1,200,1,0,0.3211,1,1,1,1,1,1,1,4,4,-1,[ OK ]
1241.8,17-Jul-26 13:22:39,1361,166.8,0.1517,130.4,0.3016,0.5789,1.735,0,0,0,100,15.05,0.2046,403.8,200,1,0,0.3208,1,1,1,1,1,1,1,4,4,-1,[ OK ]
1242.2,17-Jul-26 13:22:40,1362,166.8,0.1517,130.4,0.3049,0.5795,1.728,0,0,0,100,15.05,0.2051,404.1,200,1,0,0.3183,1,1,1,1,1,1,1,4,4,-1,[ OK ]
1242.7,17-Jul-26 13:22:40,1362,166.8,0.1517,130.4,0.3045,0.5797,1.726,0,0,0,100,15.05,0.2042,404.1,200,1,0,0.322,1,1,1,1,1,1,1,4,4,-1,[ OK ]
1243.1,17-Jul-26 13:22:40,1363,166.8,0.1517,130.4,0.3024,0.579,1.734,0,0,0,100,15.05,0.2045,404.1,200,1,0,0.3264,1,1,1,1,1,1,1,4,4,-1,[ OK ]
1243.5,17-Jul-26 13:22:41,1363,166.8,0.1517,130.4,0.302,0.5798,1.725,0,0,0,100,15.05,0.204,403.8,200,1,0,0.3047,1,1,1,1,1,1,1,4,4,-1,[ OK ]
1243.9,17-Jul-26 13:22:41,1363,166.8,0.152,129.4,0.3028,0.579,1.733,0,0,0,100,15.05,0.205,403.9,200,1,0,0.3228,1,1,1,1,1,1,1,4,4,-1,[ OK ]
1244.3,17-Jul-26 13:22:42,1364,166.8,0.1516,130.4,0.3051,0.579,1.734,0,0,0,100,15.05,0.2046,404.2,200,1,0,0.3246,1,1,1,1,1,1,1,4,4,-1,[ OK ]
1244.7,17-Jul-26 13:22:42,1364,166.8,0.152,129.3,0.3025,0.5796,1.726,0,0,0,100,15.05,0.2047,403.8,200,1,0,0.3421,1,1,1,1,1,1,1,4,4,-1,[ OK ]
1245.2,17-Jul-26 13:22:43,1365,166.8,0.1516,130.4,0.3025,0.5796,1.726,0,0,0,100,15.05,0.2045,404.2,200,1,0,0.3373,1,1,1,1,1,1,1,4,4,-1,[ OK ]
1245.6,17-Jul-26 13:22:43,1365,166.8,0.152,129.4,0.3045,0.5794,1.727,0,0,0,100,15.05,0.2058,404.1,200,1,0,0.3243,1,1,1,1,1,1,1,4,4,-1,[ OK ]
1246.0,17-Jul-26 13:22:43,1366,166.8,0.1516,130.4,0.3028,0.5788,1.736,0,0,0,100,15.05,0.2046,404,200,1,0,0.3246,1,1,1,1,1,1,1,4,4,-1,[ OK ]
1246.4,17-Jul-26 13:22:44,1366,166.8,0.152,129.4,0.3017,0.5797,1.725,0,0,0,100,15.05,0.2056,404,200,1,0,0.3261,1,1,1,1,1,1,1,4,4,-1,[ OK ]
1246.8,17-Jul-26 13:22:44,1366,166.8,0.1516,130.4,0.3028,0.5791,1.732,0,0,0,100,15.05,0.2046,403.8,200,1,0,0.3208,1,1,1,1,1,1,1,4,4,-1,[ OK ]
1247.3,17-Jul-26 13:22:45,1367,166.8,0.1517,130.4,0.3005,0.579,1.733,0,0,0,100,15.05,0.205,404.1,200,1,0,0.3144,1,1,1,1,1,1,1,4,4,-1,[ OK ]
1247.7,17-Jul-26 13:22:45,1367,166.8,0.1516,130.4,0.2998,0.5788,1.736,0,0,0,100,15.05,0.2053,404.2,200,1,0,0.3213,1,1,1,1,1,1,1,4,4,-1,[ OK ]
1248.1,17-Jul-26 13:22:46,1368,166.8,0.1516,130.4,0.3017,0.5791,1.732,0,0,0,100,15.05,0.205,403.7,200,1,0,0.3135,1,1,1,1,1,1,1,4,4,-1,[ OK ]
1248.5,17-Jul-26 13:22:46,1368,166.8,0.1521,129.1,0.2974,0.5795,1.728,0,0,0,100,15.05,0.2062,404.1,200,1,0,0.3175,1,1,1,1,1,1,1,4,4,-1,[ OK ]
1248.9,17-Jul-26 13:22:46,1368,166.8,0.1517,130.4,0.3062,0.5791,1.733,0,0,0,100,15.05,0.2046,403.8,200,1,0,0.3255,1,1,1,1,1,1,1,4,4,-1,[ OK ]
1249.4,17-Jul-26 13:22:47,1369,166.8,0.1517,130.4,0.3035,0.5791,1.733,0,0,0,100,15.05,0.2035,404,200,1,0,0.3221,1,1,1,1,1,1,1,4,4,-1,[ OK ]
1249.8,17-Jul-26 13:22:47,1369,166.8,0.1521,129.3,0.3017,0.5796,1.727,0,0,0,100,15.05,0.2051,403.9,200,1,0,0.3273,1,1,1,1,1,1,1,4,4,-1,[ OK ]
1250.2,17-Jul-26 13:22:48,1370,166.8,0.1517,130.4,0.3025,0.5789,1.735,0,0,0,100,15.05,0.2045,404.1,200,1,0,0.3227,1,1,1,1,1,1,1,4,4,-1,[ OK ]
1250.6,17-Jul-26 13:22:48,1370,166.8,0.1522,129.2,0.3001,0.5796,1.728,0,0,0,100,15.05,0.2052,403.8,200,1,0,0.3333,1,1,1,1,1,1,1,4,4,-1,[ OK ]
1251.1,17-Jul-26 13:22:48,1371,166.8,0.1518,130.4,0.3021,0.5793,1.731,0,0,0,100,15.05,0.2045,404,200,1,0,0.3284,1,1,1,1,1,1,1,4,4,-1,[ OK ]
1251.5,17-Jul-26 13:22:49,1371,166.8,0.1517,130.4,0.3019,0.5797,1.727,0,0,0,100,15.05,0.2056,403.8,200,1,0,0.3356,1,1,1,1,1,1,1,4,4,-1,[ OK ]
1251.9,17-Jul-26 13:22:49,1371,166.8,0.1521,129.3,0.3025,0.5796,1.727,0,0,0,100,15.05,0.204,403.7,200,1,0,0.3264,1,1,1,1,1,1,1,4,4,-1,[ OK ]
1252.3,17-Jul-26 13:22:50,1372,166.8,0.1523,128.9,0.2991,0.5791,1.734,0,0,0,100,15.05,0.2045,404,200,1,0,0.3275,1,1,1,1,1,1,1,4,4,-1,[ OK ]
1252.7,17-Jul-26 13:22:50,1372,166.8,0.1517,130.4,0.3025,0.5796,1.727,0,0,0,100,15.05,0.2053,404.1,200,1,0,0.3222,1,1,1,1,1,1,1,4,4,-1,[ OK ]
1253.2,17-Jul-26 13:22:51,1373,166.8,0.1517,130.4,0.2905,0.5792,1.732,0,0,0,100,15.05,0.2043,403.8,200,1,0,0.3206,1,1,1,1,1,1,1,4,4,-1,[ OK ]
1253.6,17-Jul-26 13:22:51,1373,166.8,0.1517,130.4,0.3025,0.5796,1.727,0,0,0,100,15.05,0.2052,403.9,200,1,0,0.3188,1,1,1,1,1,1,1,4,4,-1,[ OK ]
1254.1,17-Jul-26 13:22:52,1374,166.8,0.1518,130.4,0.3014,0.5788,1.736,0,0,0,100,15.05,0.2036,403.8,200,1,0,0.332,1,1,1,1,1,1,1,4,4,-1,[ OK ]
1254.6,17-Jul-26 13:22:52,1374,166.8,0.1518,130.4,0.3021,0.579,1.734,0,0,0,100,15.05,0.2038,404,200,1,0,0.3245,1,1,1,1,1,1,1,4,4,-1,[ OK ]
1255.0,17-Jul-26 13:22:52,1375,166.8,0.1523,129,0.3044,0.5791,1.734,0,0,0,100,15.05,0.2045,403.9,200,1,0,0.3213,1,1,1,1,1,1,1,4,4,-1,[ OK ]
1255.5,17-Jul-26 13:22:53,1375,166.8,0.1518,130.4,0.2983,0.5795,1.729,0,0,0,100,15.05,0.2049,403.9,200,1,0,0.3269,1,1,1,1,1,1,1,4,4,-1,[ OK ]
1255.9,17-Jul-26 13:22:53,1375,166.8,0.1518,130.4,0.3014,0.5792,1.733,0,0,0,100,15.05,0.2047,403.8,200,1,0,0.3231,1,1,1,1,1,1,1,4,4,-1,[ OK ]
1256.3,17-Jul-26 13:22:54,1376,166.8,0.1518,130.4,0.3001,0.5789,1.737,0,0,0,100,15.05,0.2049,404,200,1,0,0.3227,1,1,1,1,1,1,1,4,4,-1,[ OK ]
1256.7,17-Jul-26 13:22:54,1376,166.8,0.1518,130.4,0.3041,0.579,1.736,0,0,0,100,15.05,0.2048,403.8,200,1,0,0.3221,1,1,1,1,1,1,1,4,4,-1,[ OK ]
1257.2,17-Jul-26 13:22:55,1377,166.8,0.1518,130.4,0.3046,0.5791,1.734,0,0,0,100,15.05,0.2051,403.8,200,1,0,0.312,1,1,1,1,1,1,1,4,4,-1,[ OK ]
1257.6,17-Jul-26 13:22:55,1377,166.8,0.1517,130.4,0.3043,0.5792,1.733,0,0,0,100,15.05,0.2048,403.9,200,1,0,0.3253,1,1,1,1,1,1,1,4,4,-1,[ OK ]
1258.0,17-Jul-26 13:22:55,1378,166.8,0.1517,130.4,0.3049,0.5798,1.726,0,0,0,100,15.05,0.2047,404.1,200,1,0,0.3256,1,1,1,1,1,1,1,4,4,-1,[ OK ]
1258.4,17-Jul-26 13:22:56,1378,166.8,0.1522,129.2,0.3021,0.5798,1.725,0,0,0,100,15.05,0.2051,404.1,200,1,0,0.3221,1,1,1,1,1,1,1,4,4,-1,[ OK ]
1258.8,17-Jul-26 13:22:56,1378,166.8,0.1522,129.1,0.3013,0.5798,1.725,0,0,0,100,15.05,0.2046,404.1,200,1,0,0.3273,1,1,1,1,1,1,1,4,4,-1,[ OK ]
1259.2,17-Jul-26 13:22:57,1379,166.8,0.1517,130.4,0.3033,0.579,1.733,0,0,0,100,15.05,0.2046,404.1,200,1,0,0.3221,1,1,1,1,1,1,1,4,4,-1,[ OK ]
1259.7,17-Jul-26 13:22:57,1379,166.8,0.152,129.6,0.3023,0.5792,1.731,0,0,0,100,15.05,0.2041,404.1,200,1,0,0.3225,1,1,1,1,1,1,1,4,4,-1,[ OK ]
1260.1,17-Jul-26 13:22:58,1380,166.8,0.1521,129.3,0.3034,0.5795,1.727,0,0,0,100,15.05,0.205,404,200,1,0,0.3254,1,1,1,1,1,1,1,4,4,-1,[ OK ]
1260.5,17-Jul-26 13:22:58,1380,166.8,0.1521,129.3,0.3032,0.5789,1.734,0,0,0,100,15.05,0.2051,403.9,200,1,0,0.323,1,1,1,1,1,1,1,4,4,-1,[ OK ]
1260.9,17-Jul-26 13:22:58,1380,166.8,0.1517,130.4,0.3034,0.5797,1.725,0,0,0,100,15.05,0.2045,403.9,200,1,0,0.3144,1,1,1,1,1,1,1,4,4,-1,[ OK ]
1261.3,17-Jul-26 13:22:59,1381,166.8,0.1522,129.2,0.3006,0.5796,1.728,0,0,0,100,15.05,0.205,403.9,200,1,0,0.3232,1,1,1,1,1,1,1,4,4,-1,[ OK ]
1261.8,17-Jul-26 13:22:59,1381,166.8,0.1518,130.4,0.3043,0.5791,1.734,0,0,0,100,15.05,0.2041,404,200,1,0,0.3252,1,1,1,1,1,1,1,4,4,-1,[ OK ]
1262.2,17-Jul-26 13:23:00,1382,166.8,0.1522,129.2,0.2986,0.5797,1.727,0,0,0,100,15.05,0.2051,404,200,1,0,0.3222,1,1,1,1,1,1,1,4,4,-1,[ OK ]
1262.6,17-Jul-26 13:23:00,1382,166.8,0.1517,130.4,0.303,0.5789,1.736,0,0,0,100,15.05,0.2032,404.2,200,1,0,0.3203,1,1,1,1,1,1,1,4,4,-1,[ OK ]
1263.0,17-Jul-26 13:23:00,1383,166.8,0.1517,130.4,0.3037,0.579,1.736,0,0,0,100,15.05,0.2056,404,200,1,0,0.321,1,1,1,1,1,1,1,4,4,-1,[ OK ]
1263.4,17-Jul-26 13:23:01,1383,166.8,0.1517,130.4,0.3052,0.5794,1.731,0,0,0,100,15.05,0.2049,403.9,200,1,0,0.3109,1,1,1,1,1,1,1,4,4,-1,[ OK ]
1263.9,17-Jul-26 13:23:01,1383,166.8,0.1517,130.4,0.3031,0.579,1.735,0,0,0,100,15.05,0.2059,403.9,200,1,0,0.3268,1,1,1,1,1,1,1,4,4,-1,[ OK ]
1264.3,17-Jul-26 13:23:02,1384,166.8,0.1516,130.4,0.3012,0.5792,1.733,0,0,0,100,15.05,0.2053,404.2,200,1,0,0.3203,1,1,1,1,1,1,1,4,4,-1,[ OK ]
1264.7,17-Jul-26 13:23:02,1384,166.8,0.1524,128.3,0.3052,0.579,1.734,0,0,0,100,15.05,0.204,404.2,200,1,0,0.3258,1,1,1,1,1,1,1,4,4,-1,[ OK ]
1265.1,17-Jul-26 13:23:03,1385,166.8,0.1516,130.4,0.3018,0.5793,1.732,0,0,0,100,15.05,0.204,403.8,200,1,0,0.3291,1,1,1,1,1,1,1,4,4,-1,[ OK ]
1265.6,17-Jul-26 13:23:03,1385,166.8,0.1516,130.4,0.2966,0.5798,1.725,0,0,0,100,15.05,0.2047,404.2,200,1,0,0.3227,1,1,1,1,1,1,1,4,4,-1,[ OK ]
1266.0,17-Jul-26 13:23:03,1385,166.8,0.1521,129.2,0.3052,0.5798,1.726,0,0,0,100,15.05,0.2045,403.9,200,1,0,0.3259,1,1,1,1,1,1,1,4,4,-1,[ OK ]
1266.4,17-Jul-26 13:23:04,1386,166.8,0.1516,130.4,0.3016,0.579,1.734,0,0,0,100,15.05,0.2049,403.9,200,1,0,0.3209,1,1,1,1,1,1,1,4,4,-1,[ OK ]
1266.8,17-Jul-26 13:23:04,1386,166.8,0.1517,130.4,0.3032,0.5797,1.727,0,0,0,100,15.05,0.2032,403.8,200,1,0,0.3235,1,1,1,1,1,1,1,4,4,-1,[ OK ]
1267.2,17-Jul-26 13:23:05,1387,166.8,0.1517,130.4,0.3047,0.5789,1.736,0,0,0,100,15.05,0.2044,404,200,1,0,0.3244,1,1,1,1,1,1,1,4,4,-1,[ OK ]
1267.7,17-Jul-26 13:23:05,1387,166.8,0.1521,129.3,0.3012,0.5795,1.729,0,0,0,100,15.05,0.2052,403.8,200,1,0,0.3261,1,1,1,1,1,1,1,4,4,-1,[ OK ]
1268.2,17-Jul-26 13:23:06,1388,166.8,0.1517,130.4,0.3041,0.5798,1.725,0,0,0,100,15.05,0.2057,404.2,200,1,0,0.322,1,1,1,1,1,1,1,4,4,-1,[ OK ]
1268.6,17-Jul-26 13:23:06,1388,166.8,0.1522,129,0.3005,0.5797,1.726,0,0,0,100,15.05,0.2048,404.2,200,1,0,0.3258,1,1,1,1,1,1,1,4,4,-1,[ OK ]
1269.0,17-Jul-26 13:23:06,1389,166.8,0.1522,129.2,0.3021,0.579,1.734,0,0,0,100,15.05,0.205,403.8,200,1,0,0.2944,1,1,1,1,1,1,1,4,4,-1,[ OK ]
1269.4,17-Jul-26 13:23:07,1389,166.8,0.152,129.6,0.3027,0.5796,1.726,0,0,0,100,15.05,0.2049,404.1,200,1,0,0.3181,1,1,1,1,1,1,1,4,4,-1,[ OK ]
1269.8,17-Jul-26 13:23:07,1389,166.8,0.1517,130.4,0.3031,0.5795,1.727,0,0,0,100,15.05,0.2055,404.3,200,1,0,0.3198,1,1,1,1,1,1,1,4,4,-1,[ OK ]
1270.3,17-Jul-26 13:23:08,1390,166.8,0.1518,130.4,0.3041,0.5789,1.735,0,0,0,100,15.05,0.205,404.1,200,1,0,0.3179,1,1,1,1,1,1,1,4,4,-1,[ OK ]
1270.7,17-Jul-26 13:23:08,1390,166.8,0.1518,130.4,0.3014,0.5796,1.727,0,0,0,100,15.05,0.2043,403.8,200,1,0,0.3205,1,1,1,1,1,1,1,4,4,-1,[ OK ]
1271.1,17-Jul-26 13:23:09,1391,166.8,0.1518,130.4,0.2965,0.5797,1.726,0,0,0,100,15.05,0.2054,404,200,1,0,0.3243,1,1,1,1,1,1,1,4,4,-1,[ OK ]
1271.5,17-Jul-26 13:23:09,1391,166.8,0.1517,130.4,0.3017,0.5796,1.727,0,0,0,100,15.05,0.204,404.1,200,1,0,0.3243,1,1,1,1,1,1,1,4,4,-1,[ OK ]
1272.0,17-Jul-26 13:23:09,1391,166.8,0.1522,129.2,0.3043,0.5788,1.736,0,0,0,100,15.05,0.2057,404.1,200,1,0,0.3249,1,1,1,1,1,1,1,4,4,-1,[ OK ]
1272.4,17-Jul-26 13:23:10,1392,166.8,0.1518,130.4,0.3011,0.579,1.733,0,0,0,100,15.05,0.2046,403.8,200,1,0,0.3246,1,1,1,1,1,1,1,4,4,-1,[ OK ]
1272.8,17-Jul-26 13:23:10,1392,166.8,0.1522,129.3,0.3054,0.5792,1.731,0,0,0,100,15.05,0.2049,404,200,1,0,0.3178,1,1,1,1,1,1,1,4,4,-1,[ OK ]
1273.2,17-Jul-26 13:23:11,1393,166.8,0.1517,130.4,0.3027,0.5798,1.724,0,0,0,100,15.05,0.204,404.2,200,1,0,0.3222,1,1,1,1,1,1,1,4,4,-1,[ OK ]
1273.6,17-Jul-26 13:23:11,1393,166.8,0.1517,130.4,0.3046,0.5792,1.73,0,0,0,100,15.05,0.2048,404.2,200,1,0,0.3273,1,1,1,1,1,1,1,4,4,-1,[ OK ]
1274.1,17-Jul-26 13:23:11,1394,166.8,0.1522,129.1,0.3009,0.5797,1.726,0,0,0,100,15.05,0.2047,404,200,1,0,0.3267,1,1,1,1,1,1,1,4,4,-1,[ OK ]
1274.5,17-Jul-26 13:23:12,1394,166.8,0.1518,130.4,0.3011,0.5794,1.73,0,0,0,100,15.05,0.2046,404,200,1,0,0.3208,1,1,1,1,1,1,1,4,4,-1,[ OK ]
1274.8,17-Jul-26 13:23:12,1394,166.8,0.1522,129.3,0.3028,0.5799,1.723,0,0,0,100,15.05,0.2054,403.8,200,1,0,0.3219,1,1,1,1,1,1,1,4,4,-1,[ OK ]
1275.2,17-Jul-26 13:23:13,1395,166.8,0.1523,128.9,0.3052,0.5791,1.732,0,0,0,100,15.05,0.2054,404,200,1,0,0.3217,1,1,1,1,1,1,1,4,4,-1,[ OK ]
1275.6,17-Jul-26 13:23:13,1395,166.8,0.1522,129.2,0.3038,0.579,1.733,0,0,0,100,15.05,0.2051,404.1,200,1,0,0.323,1,1,1,1,1,1,1,4,4,-1,[ OK ]
1276.0,17-Jul-26 13:23:13,1396,166.8,0.1518,130.4,0.3002,0.5796,1.727,0,0,0,100,15.05,0.2036,404.1,200,1,0,0.3246,1,1,1,1,1,1,1,4,4,-1,[ OK ]
1276.5,17-Jul-26 13:23:14,1396,166.8,0.1522,129.4,0.3014,0.5796,1.727,0,0,0,100,15.05,0.2052,404,200,1,0,0.3252,1,1,1,1,1,1,1,4,4,-1,[ OK ]
1276.9,17-Jul-26 13:23:14,1396,166.8,0.1518,130.4,0.3016,0.5795,1.729,0,0,0,100,15.05,0.2048,404,200,1,0,0.3206,1,1,1,1,1,1,1,4,4,-1,[ OK ]
1277.3,17-Jul-26 13:23:15,1397,166.8,0.1517,130.4,0.3036,0.5791,1.734,0,0,0,100,15.05,0.2041,404.2,200,1,0,0.3188,1,1,1,1,1,1,1,4,4,-1,[ OK ]
1277.7,17-Jul-26 13:23:15,1397,166.8,0.1517,130.4,0.2994,0.5799,1.725,0,0,0,100,15.05,0.2048,403.7,200,1,0,0.3184,1,1,1,1,1,1,1,4,4,-1,[ OK ]
1278.1,17-Jul-26 13:23:16,1398,166.8,0.1517,130.4,0.3002,0.5799,1.724,0,0,0,100,15.05,0.2059,404,200,1,0,0.3064,1,1,1,1,1,1,1,4,4,-1,[ OK ]
1278.6,17-Jul-26 13:23:16,1398,166.8,0.1517,130.4,0.303,0.5789,1.736,0,0,0,100,15.05,0.2048,404.1,200,1,0,0.3163,1,1,1,1,1,1,1,4,4,-1,[ OK ]
1279.0,17-Jul-26 13:23:16,1399,166.8,0.1517,130.4,0.3038,0.5789,1.735,0,0,0,100,15.05,0.2045,403.8,200,1,0,0.3171,1,1,1,1,1,1,1,4,4,-1,[ OK ]
1279.4,17-Jul-26 13:23:17,1399,166.8,0.1517,130.4,0.3002,0.5792,1.731,0,0,0,100,15.05,0.2035,404.1,200,1,0,0.3185,1,1,1,1,1,1,1,4,4,-1,[ OK ]
1279.8,17-Jul-26 13:23:17,1399,166.8,0.1517,130.4,0.3028,0.579,1.733,0,0,0,100,15.05,0.2051,404.2,200,1,0,0.319,1,1,1,1,1,1,1,4,4,-1,[ OK ]
1280.3,17-Jul-26 13:23:18,1400,166.8,0.1518,130.4,0.3026,0.579,1.733,0,0,0,100,15.05,0.2059,403.8,200,1,0,0.32,1,1,1,1,1,1,1,4,4,-1,[ OK ]
1280.7,17-Jul-26 13:23:18,1400,166.8,0.1522,129.1,0.3021,0.5795,1.728,0,0,0,100,15.05,0.2053,404,200,1,0,0.3169,1,1,1,1,1,1,1,4,4,-1,[ OK ]
1281.1,17-Jul-26 13:23:19,1401,166.8,0.1517,130.4,0.2993,0.5792,1.732,0,0,0,100,15.05,0.2046,403.8,200,1,0,0.3034,1,1,1,1,1,1,1,4,4,-1,[ OK ]
1281.6,17-Jul-26 13:23:19,1401,166.8,0.1518,130.4,0.3045,0.5792,1.731,0,0,0,100,15.05,0.2045,403.8,200,1,0,0.3183,1,1,1,1,1,1,1,4,4,-1,[ OK ]
1282.0,17-Jul-26 13:23:19,1402,166.8,0.1523,129.1,0.3028,0.5789,1.735,0,0,0,100,15.05,0.2048,403.8,200,1,0,0.314,1,1,1,1,1,1,1,4,4,-1,[ OK ]
1282.5,17-Jul-26 13:23:20,1402,166.8,0.1521,129.5,0.2994,0.5792,1.732,0,0,0,100,15.05,0.2041,403.8,200,1,0,0.3249,1,1,1,1,1,1,1,4,4,-1,[ OK ]
1282.9,17-Jul-26 13:23:20,1402,166.8,0.1521,129.4,0.2994,0.5793,1.731,0,0,0,100,15.05,0.2052,404.2,200,1,0,0.3287,1,1,1,1,1,1,1,4,4,-1,[ OK ]
1283.3,17-Jul-26 13:23:21,1403,166.8,0.1522,129.2,0.3013,0.5793,1.73,0,0,0,100,15.05,0.2047,404.1,200,1,0,0.3187,1,1,1,1,1,1,1,4,4,-1,[ OK ]
1283.7,17-Jul-26 13:23:21,1403,166.8,0.1517,130.4,0.2942,0.5791,1.732,0,0,0,100,15.05,0.2054,404.3,200,1,0,0.325,1,1,1,1,1,1,1,4,4,-1,[ OK ]
1284.1,17-Jul-26 13:23:22,1404,166.8,0.1518,130.4,0.3018,0.5787,1.737,0,0,0,100,15.05,0.205,404,200,1,0,0.3233,1,1,1,1,1,1,1,4,4,-1,[ OK ]
1284.5,17-Jul-26 13:23:22,1404,166.8,0.1523,129.1,0.3028,0.5791,1.732,0,0,0,100,15.05,0.2046,404.1,200,1,0,0.3255,1,1,1,1,1,1,1,4,4,-1,[ OK ]
1285.0,17-Jul-26 13:23:22,1404,166.8,0.1523,129.1,0.3028,0.5794,1.728,0,0,0,100,15.05,0.2055,404.1,200,1,0,0.3254,1,1,1,1,1,1,1,4,4,-1,[ OK ]
1285.5,17-Jul-26 13:23:23,1405,166.8,0.1517,130.4,0.3032,0.5792,1.732,0,0,0,100,15.05,0.2038,404.1,200,1,0,0.3254,1,1,1,1,1,1,1,4,4,-1,[ OK ]
1286.0,17-Jul-26 13:23:23,1406,166.8,0.1517,130.4,0.3023,0.5796,1.727,0,0,0,100,15.05,0.2041,403.7,200,1,0,0.3244,1,1,1,1,1,1,1,4,4,-1,[ OK ]
1286.4,17-Jul-26 13:23:24,1406,166.8,0.1517,130.4,0.3045,0.5797,1.724,0,0,0,100,15.05,0.204,404.2,200,1,0,0.3237,1,1,1,1,1,1,1,4,4,-1,[ OK ]
1286.9,17-Jul-26 13:23:24,1406,166.8,0.1522,129.3,0.303,0.5795,1.727,0,0,0,100,15.05,0.2052,404.1,200,1,0,0.3223,1,1,1,1,1,1,1,4,4,-1,[ OK ]
1287.3,17-Jul-26 13:23:25,1407,166.8,0.1518,130.4,0.2997,0.5796,1.727,0,0,0,100,15.05,0.205,404.2,200,1,0,0.3173,1,1,1,1,1,1,1,4,4,-1,[ OK ]
1287.7,17-Jul-26 13:23:25,1407,166.8,0.1518,130.4,0.3028,0.5795,1.728,0,0,0,100,15.05,0.2036,403.8,200,1,0,0.3223,1,1,1,1,1,1,1,4,4,-1,[ OK ]
1288.1,17-Jul-26 13:23:26,1408,166.8,0.1518,130.4,0.3019,0.5791,1.733,0,0,0,100,15.05,0.2048,403.9,200,1,0,0.3197,1,1,1,1,1,1,1,4,4,-1,[ OK ]
1288.5,17-Jul-26 13:23:26,1408,166.8,0.1517,130.4,0.3045,0.5798,1.724,0,0,0,100,15.05,0.2046,403.9,200,1,0,0.3128,1,1,1,1,1,1,1,4,4,-1,[ OK ]
1289.0,17-Jul-26 13:23:26,1408,166.8,0.1517,130.4,0.3015,0.5789,1.734,0,0,0,100,15.05,0.2044,404.2,200,1,0,0.3242,1,1,1,1,1,1,1,4,4,-1,[ OK ]
1289.4,17-Jul-26 13:23:27,1409,166.8,0.1521,129.2,0.3016,0.5789,1.734,0,0,0,100,15.05,0.2047,404.1,200,1,0,0.3271,1,1,1,1,1,1,1,4,4,-1,[ OK ]
1289.8,17-Jul-26 13:23:27,1409,166.8,0.1522,129.2,0.3064,0.5789,1.733,0,0,0,100,15.05,0.2049,403.9,200,1,0,0.3227,1,1,1,1,1,1,1,4,4,-1,[ OK ]
1290.1,17-Jul-26 13:23:28,1410,166.8,0.1521,129.4,0.306,0.5796,1.727,0,0,0,100,15.05,0.2048,404.1,200,1,0,0.3258,1,1,1,1,1,1,1,4,4,-1,[ OK ]
1290.6,17-Jul-26 13:23:28,1410,166.8,0.1517,130.4,0.3021,0.5796,1.725,0,0,0,100,15.05,0.2039,403.8,200,1,0,0.3201,1,1,1,1,1,1,1,4,4,-1,[ OK ]
1291.0,17-Jul-26 13:23:28,1410,166.8,0.1521,129.2,0.3003,0.5797,1.725,0,0,0,100,15.05,0.2045,403.8,200,1,0,0.3171,1,1,1,1,1,1,1,4,4,-1,[ OK ]
1291.4,17-Jul-26 13:23:29,1411,166.8,0.1517,130.4,0.2909,0.579,1.733,0,0,0,100,15.05,0.2054,404.1,200,1,0,0.3255,1,1,1,1,1,1,1,4,4,-1,[ OK ]
1291.8,17-Jul-26 13:23:29,1411,166.8,0.1521,129.3,0.3022,0.5791,1.732,0,0,0,100,15.05,0.2044,404.1,200,1,0,0.3242,1,1,1,1,1,1,1,4,4,-1,[ OK ]
1292.2,17-Jul-26 13:23:30,1412,166.8,0.1517,130.4,0.3008,0.5796,1.725,0,0,0,100,15.05,0.204,403.9,200,1,0,0.3198,1,1,1,1,1,1,1,4,4,-1,[ OK ]
1292.7,17-Jul-26 13:23:30,1412,166.8,0.152,129.5,0.3014,0.5795,1.727,0,0,0,100,15.05,0.2051,404,200,1,0,0.3109,1,1,1,1,1,1,1,4,4,-1,[ OK ]
1293.2,17-Jul-26 13:23:31,1413,166.8,0.1517,130.4,0.2973,0.5791,1.732,0,0,0,100,15.05,0.2043,404.2,200,1,0,0.321,1,1,1,1,1,1,1,4,4,-1,[ OK ]
1293.6,17-Jul-26 13:23:31,1413,166.8,0.1517,130.4,0.2999,0.5794,1.728,0,0,0,100,15.05,0.2045,403.9,200,1,0,0.3242,1,1,1,1,1,1,1,4,4,-1,[ OK ]
1294.0,17-Jul-26 13:23:31,1414,166.8,0.1524,128.8,0.3025,0.5791,1.732,0,0,0,100,15.05,0.205,404.2,200,1,0,0.319,1,1,1,1,1,1,1,4,4,-1,[ OK ]
1294.4,17-Jul-26 13:23:32,1414,166.8,0.1517,130.4,0.303,0.579,1.732,0,0,0,100,15.05,0.2039,404.1,200,1,0,0.3241,1,1,1,1,1,1,1,4,4,-1,[ OK ]
1294.8,17-Jul-26 13:23:32,1414,166.8,0.1523,129,0.2989,0.5791,1.731,0,0,0,100,15.05,0.204,404.2,200,1,0,0.3154,1,1,1,1,1,1,1,4,4,-1,[ OK ]
1295.3,17-Jul-26 13:23:33,1415,166.8,0.1518,130.4,0.3021,0.579,1.733,0,0,0,100,15.05,0.2045,404.1,200,1,0,0.314,1,1,1,1,1,1,1,4,4,-1,[ OK ]
1295.7,17-Jul-26 13:23:33,1415,166.8,0.1517,130.4,0.2965,0.5793,1.728,0,0,0,100,15.05,0.2051,404.2,200,1,0,0.3188,1,1,1,1,1,1,1,4,4,-1,[ OK ]
1296.1,17-Jul-26 13:23:34,1416,166.8,0.1518,130.4,0.3005,0.5796,1.726,0,0,0,100,15.05,0.2051,404.1,200,1,0,0.3193,1,1,1,1,1,1,1,4,4,-1,[ OK ]
1296.5,17-Jul-26 13:23:34,1416,166.8,0.1518,130.4,0.2981,0.5792,1.731,0,0,0,100,15.05,0.2048,404.1,200,1,0,0.3149,1,1,1,1,1,1,1,4,4,-1,[ OK ]
1297.0,17-Jul-26 13:23:34,1416,166.8,0.1518,130.4,0.303,0.5798,1.725,0,0,0,100,15.05,0.2035,403.7,200,1,0,0.3231,1,1,1,1,1,1,1,4,4,-1,[ OK ]
1297.4,17-Jul-26 13:23:35,1417,166.8,0.1518,130.5,0.3015,0.5796,1.726,0,0,0,100,15.05,0.2046,403.8,200,1,0,0.3239,1,1,1,1,1,1,1,4,4,-1,[ OK ]
1297.8,17-Jul-26 13:23:35,1417,166.8,0.1518,130.4,0.299,0.579,1.734,0,0,0,100,15.05,0.2042,403.8,200,1,0,0.322,1,1,1,1,1,1,1,4,4,-1,[ OK ]
1298.2,17-Jul-26 13:23:36,1418,166.8,0.1522,129.3,0.3028,0.5796,1.726,0,0,0,100,15.05,0.2046,404.1,200,1,0,0.3136,1,1,1,1,1,1,1,4,4,-1,[ OK ]
1298.6,17-Jul-26 13:23:36,1418,166.8,0.1518,130.4,0.3046,0.5792,1.731,0,0,0,100,15.05,0.2037,403.8,200,1,0,0.3239,1,1,1,1,1,1,1,4,4,-1,[ OK ]
1299.1,17-Jul-26 13:23:36,1419,166.8,0.1518,130.4,0.3009,0.579,1.733,0,0,0,100,15.05,0.2049,403.9,200,1,0,0.3196,1,1,1,1,1,1,1,4,4,-1,[ OK ]
1299.5,17-Jul-26 13:23:37,1419,166.8,0.1518,130.4,0.3002,0.5798,1.724,0,0,0,100,15.05,0.2043,404,200,1,0,0.3154,1,1,1,1,1,1,1,4,4,-1,[ OK ]
1299.9,17-Jul-26 13:23:37,1419,166.8,0.1518,130.4,0.2998,0.5794,1.729,0,0,0,100,15.05,0.2045,404.2,200,1,0,0.3123,1,1,1,1,1,1,1,4,4,-1,[ OK ]
1300.3,17-Jul-26 13:23:38,1420,166.8,0.1519,129.9,0.3007,0.5796,1.726,0,0,0,100,15.05,0.204,404.2,200,1,0,0.3298,1,1,1,1,1,1,1,4,4,-1,[ OK ]
1300.7,17-Jul-26 13:23:38,1420,166.8,0.1518,130.4,0.2977,0.5791,1.732,0,0,0,100,15.05,0.205,403.9,200,1,0,0.3136,1,1,1,1,1,1,1,4,4,-1,[ OK ]
1301.2,17-Jul-26 13:23:39,1421,166.8,0.1521,129.3,0.2982,0.5793,1.73,0,0,0,100,15.05,0.2042,403.9,200,1,0,0.3234,1,1,1,1,1,1,1,4,4,-1,[ OK ]
1301.6,17-Jul-26 13:23:39,1421,166.8,0.1517,130.4,0.2992,0.5794,1.727,0,0,0,100,15.05,0.2047,403.9,200,1,0,0.3216,1,1,1,1,1,1,1,4,4,-1,[ OK ]
1302.0,17-Jul-26 13:23:39,1422,166.8,0.1517,130.4,0.3009,0.5796,1.726,0,0,0,100,15.05,0.2051,403.8,200,1,0,0.3221,1,1,1,1,1,1,1,4,4,-1,[ OK ]
1302.4,17-Jul-26 13:23:40,1422,166.8,0.1521,129.3,0.3024,0.5795,1.727,0,0,0,100,15.05,0.204,403.9,200,1,0,0.3166,1,1,1,1,1,1,1,4,4,-1,[ OK ]
1302.8,17-Jul-26 13:23:40,1422,166.8,0.1517,130.4,0.3037,0.5798,1.724,0,0,0,100,15.05,0.2044,403.8,200,1,0,0.3161,1,1,1,1,1,1,1,4,4,-1,[ OK ]
1303.2,17-Jul-26 13:23:41,1423,166.8,0.1521,129.3,0.3003,0.5788,1.736,0,0,0,100,15.05,0.2047,403.8,200,1,0,0.324,1,1,1,1,1,1,1,4,4,-1,[ OK ]
1303.7,17-Jul-26 13:23:41,1423,166.8,0.1518,130.4,0.3036,0.579,1.733,0,0,0,100,15.05,0.204,404.2,200,1,0,0.3194,1,1,1,1,1,1,1,4,4,-1,[ OK ]
1304.1,17-Jul-26 13:23:42,1424,166.8,0.1518,130.4,0.2996,0.5791,1.732,0,0,0,100,15.05,0.2035,403.8,200,1,0,0.3224,1,1,1,1,1,1,1,4,4,-1,[ OK ]
1304.5,17-Jul-26 13:23:42,1424,166.8,0.1518,130.4,0.2962,0.5791,1.733,0,0,0,100,15.05,0.2045,404.1,200,1,0,0.31,1,1,1,1,1,1,1,4,4,-1,[ OK ]
1304.9,17-Jul-26 13:23:42,1424,166.8,0.1518,130.4,0.2989,0.5791,1.733,0,0,0,100,15.05,0.2059,403.9,200,1,0,0.3045,1,1,1,1,1,1,1,4,4,-1,[ OK ]
1305.4,17-Jul-26 13:23:43,1425,166.8,0.1518,130.4,0.3025,0.5791,1.732,0,0,0,100,15.05,0.2039,404.2,200,1,0,0.3286,1,1,1,1,1,1,1,4,4,-1,[ OK ]
1305.9,17-Jul-26 13:23:43,1425,166.8,0.1517,130.4,0.2955,0.5796,1.727,0,0,0,100,15.05,0.2046,404.2,200,1,0,0.3179,1,1,1,1,1,1,1,4,4,-1,[ OK ]
1306.3,17-Jul-26 13:23:44,1426,166.8,0.1518,130.4,0.3085,0.5788,1.736,0,0,0,100,15.05,0.2042,404.2,200,1,0,0.3183,1,1,1,1,1,1,1,4,4,-1,[ OK ]
1306.7,17-Jul-26 13:23:44,1426,166.8,0.1518,130.4,0.3019,0.5797,1.726,0,0,0,100,15.05,0.2043,403.8,200,1,0,0.3214,1,1,1,1,1,1,1,4,4,-1,[ OK ]
1307.1,17-Jul-26 13:23:45,1427,166.8,0.1522,129.4,0.3008,0.5791,1.733,0,0,0,100,15.05,0.2042,404.1,200,1,0,0.3215,1,1,1,1,1,1,1,4,4,-1,[ OK ]
1307.6,17-Jul-26 13:23:45,1427,166.8,0.1523,129,0.3022,0.5791,1.733,0,0,0,100,15.05,0.2037,404.2,200,1,0,0.3253,1,1,1,1,1,1,1,4,4,-1,[ OK ]
1308.0,17-Jul-26 13:23:45,1427,166.8,0.1518,130.4,0.3034,0.5789,1.735,0,0,0,100,15.05,0.2052,404,200,1,0,0.3179,1,1,1,1,1,1,1,4,4,-1,[ OK ]
1308.4,17-Jul-26 13:23:46,1428,166.8,0.1517,130.4,0.3019,0.5796,1.728,0,0,0,100,15.05,0.2041,403.9,200,1,0,0.3203,1,1,1,1,1,1,1,4,4,-1,[ OK ]
1308.8,17-Jul-26 13:23:46,1428,166.8,0.1517,130.4,0.3036,0.5797,1.726,0,0,0,100,15.05,0.2039,403.9,200,1,0,0.3267,1,1,1,1,1,1,1,4,4,-1,[ OK ]
1309.2,17-Jul-26 13:23:47,1429,166.8,0.1522,129.1,0.2983,0.579,1.734,0,0,0,100,15.05,0.2048,403.8,200,1,0,0.3348,1,1,1,1,1,1,1,4,4,-1,[ OK ]
1309.7,17-Jul-26 13:23:47,1429,166.8,0.1518,130.4,0.3024,0.5791,1.732,0,0,0,100,15.05,0.2035,403.8,200,1,0,0.321,1,1,1,1,1,1,1,4,4,-1,[ OK ]
1310.1,17-Jul-26 13:23:48,1430,166.8,0.1518,130.4,0.3044,0.579,1.734,0,0,0,100,15.05,0.2051,403.8,200,1,0,0.3194,1,1,1,1,1,1,1,4,4,-1,[ OK ]
1310.5,17-Jul-26 13:23:48,1430,166.8,0.1518,130.4,0.3045,0.5791,1.733,0,0,0,100,15.05,0.2042,403.8,200,1,0,0.3214,1,1,1,1,1,1,1,4,4,-1,[ OK ]
1310.9,17-Jul-26 13:23:48,1430,166.8,0.1517,130.6,0.3055,0.5795,1.728,0,0,0,100,15.05,0.2047,404.1,200,1,0,0.3225,1,1,1,1,1,1,1,4,4,-1,[ OK ]
1311.3,17-Jul-26 13:23:49,1431,166.8,0.1522,129.1,0.3006,0.5792,1.731,0,0,0,100,15.05,0.2044,404.1,200,1,0,0.3337,1,1,1,1,1,1,1,4,4,-1,[ OK ]
1311.8,17-Jul-26 13:23:49,1431,166.8,0.1517,130.4,0.3006,0.5794,1.729,0,0,0,100,15.05,0.204,403.8,200,1,0,0.3211,1,1,1,1,1,1,1,4,4,-1,[ OK ]
1312.2,17-Jul-26 13:23:50,1432,166.8,0.1518,130.4,0.3038,0.5791,1.732,0,0,0,100,15.05,0.2043,403.8,200,1,0,0.3246,1,1,1,1,1,1,1,4,4,-1,[ OK ]
1312.6,17-Jul-26 13:23:50,1432,166.8,0.1518,130.4,0.3028,0.5797,1.726,0,0,0,100,15.05,0.2051,403.9,200,1,0,0.3193,1,1,1,1,1,1,1,4,4,-1,[ OK ]
1313.0,17-Jul-26 13:23:50,1433,166.8,0.1518,130.4,0.2998,0.5798,1.724,0,0,0,100,15.05,0.2055,404.1,200,1,0,0.3087,1,1,1,1,1,1,1,4,4,-1,[ OK ]
1313.4,17-Jul-26 13:23:51,1433,166.8,0.1517,130.4,0.2971,0.5795,1.727,0,0,0,100,15.05,0.2056,403.9,200,1,0,0.3166,1,1,1,1,1,1,1,4,4,-1,[ OK ]
1314.0,17-Jul-26 13:23:51,1433,166.8,0.1522,129.2,0.3017,0.5791,1.732,0,0,0,100,15.05,0.2036,404.2,200,1,0,0.3256,1,1,1,1,1,1,1,4,4,-1,[ OK ]
1314.4,17-Jul-26 13:23:52,1434,166.8,0.1517,130.4,0.3021,0.5797,1.726,0,0,0,100,15.05,0.1997,404.1,200,1,0,0.3383,1,1,1,1,1,1,1,4,4,-1,[ OK ]
1314.8,17-Jul-26 13:23:52,1434,166.8,0.1521,129.4,0.3031,0.5788,1.736,0,0,0,100,15.05,0.2052,403.8,200,1,0,0.3149,1,1,1,1,1,1,1,4,4,-1,[ OK ]
1315.2,17-Jul-26 13:23:53,1435,166.8,0.1518,130.4,0.3025,0.5796,1.727,0,0,0,100,15.05,0.205,404.1,200,1,0,0.3203,1,1,1,1,1,1,1,4,4,-1,[ OK ]
1315.7,17-Jul-26 13:23:53,1435,166.8,0.1518,130.4,0.3006,0.5799,1.724,0,0,0,100,15.05,0.2049,403.9,200,1,0,0.3134,1,1,1,1,1,1,1,4,4,-1,[ OK ]
1316.1,17-Jul-26 13:23:53,1436,166.8,0.1518,130.4,0.2983,0.579,1.736,0,0,0,100,15.05,0.2044,403.8,200,1,0,0.3193,1,1,1,1,1,1,1,4,4,-1,[ OK ]
1316.5,17-Jul-26 13:23:54,1436,166.8,0.1518,130.4,0.2983,0.5792,1.733,0,0,0,100,15.05,0.2055,404.1,200,1,0,0.3166,1,1,1,1,1,1,1,4,4,-1,[ OK ]
1317.0,17-Jul-26 13:23:54,1437,166.8,0.1518,130.4,0.3083,0.5796,1.728,0,0,0,100,15.05,0.205,403.8,200,1,0,0.3173,1,1,1,1,1,1,1,4,4,-1,[ OK ]
1317.4,17-Jul-26 13:23:55,1437,166.8,0.1518,130.4,0.3043,0.5792,1.734,0,0,0,100,15.05,0.204,404.2,200,1,0,0.3208,1,1,1,1,1,1,1,4,4,-1,[ OK ]
1317.9,17-Jul-26 13:23:55,1437,166.8,0.1518,130.4,0.2998,0.5797,1.728,0,0,0,100,15.05,0.2048,404.1,200,1,0,0.3183,1,1,1,1,1,1,1,4,4,-1,[ OK ]
1318.4,17-Jul-26 13:23:56,1438,166.8,0.1518,130.4,0.3,0.5789,1.736,0,0,0,100,15.05,0.204,404.2,200,1,0,0.3225,1,1,1,1,1,1,1,4,4,-1,[ OK ]
1318.8,17-Jul-26 13:23:56,1438,166.8,0.1518,130.4,0.3014,0.5795,1.729,0,0,0,100,15.05,0.2039,403.9,200,1,0,0.314,1,1,1,1,1,1,1,4,4,-1,[ OK ]
1319.2,17-Jul-26 13:23:57,1439,166.8,0.1523,128.9,0.3009,0.5796,1.728,0,0,0,100,15.05,0.2043,404.1,200,1,0,0.3318,1,1,1,1,1,1,1,4,4,-1,[ OK ]
1319.6,17-Jul-26 13:23:57,1439,166.8,0.1521,129.4,0.3009,0.5792,1.732,0,0,0,100,15.05,0.2049,404,200,1,0,0.3199,1,1,1,1,1,1,1,4,4,-1,[ OK ]
1320.1,17-Jul-26 13:23:57,1440,166.8,0.1518,130.4,0.2998,0.5793,1.732,0,0,0,100,15.05,0.2045,403.9,200,1,0,0.3248,1,1,1,1,1,1,1,4,4,-1,[ OK ]
1320.5,17-Jul-26 13:23:58,1440,166.8,0.1522,129.3,0.2966,0.5799,1.724,0,0,0,100,15.05,0.2041,403.8,200,1,0,0.3163,1,1,1,1,1,1,1,4,4,-1,[ OK ]
1320.9,17-Jul-26 13:23:58,1440,166.8,0.1522,129.4,0.3009,0.5796,1.727,0,0,0,100,15.05,0.2043,404.3,200,1,0,0.3316,1,1,1,1,1,1,1,4,4,-1,[ OK ]
1321.3,17-Jul-26 13:23:59,1441,166.8,0.1521,129.4,0.3034,0.5789,1.734,0,0,0,100,15.05,0.2038,404.2,200,1,0,0.3247,1,1,1,1,1,1,1,4,4,-1,[ OK ]
1321.7,17-Jul-26 13:23:59,1441,166.8,0.1522,129.3,0.3001,0.5795,1.727,0,0,0,100,15.05,0.2043,404.1,200,1,0,0.3228,1,1,1,1,1,1,1,4,4,-1,[ OK ]
1322.2,17-Jul-26 13:24:00,1442,166.8,0.1517,130.4,0.3001,0.5796,1.726,0,0,0,100,15.05,0.2043,404,200,1,0,0.3254,1,1,1,1,1,1,1,4,4,-1,[ OK ]
1322.6,17-Jul-26 13:24:00,1442,166.8,0.1522,129.2,0.3023,0.5798,1.724,0,0,0,100,15.05,0.205,404,200,1,0,0.3178,1,1,1,1,1,1,1,4,4,-1,[ OK ]
1323.1,17-Jul-26 13:24:01,1443,166.8,0.1522,129.3,0.3013,0.5795,1.727,0,0,0,100,15.05,0.2048,404.1,200,1,0,0.3203,1,1,1,1,1,1,1,4,4,-1,[ OK ]
1323.6,17-Jul-26 13:24:01,1443,166.8,0.1518,130.4,0.3036,0.5796,1.725,0,0,0,100,15.05,0.2049,403.8,200,1,0,0.3164,1,1,1,1,1,1,1,4,4,-1,[ OK ]
1324.0,17-Jul-26 13:24:01,1444,166.9,0.1518,130.4,0.3011,0.5796,1.726,0,0,0,100,15.05,0.2047,404.1,200,1,0,0.3221,1,1,1,1,1,1,1,4,4,-1,[ OK ]
1324.5,17-Jul-26 13:24:02,1444,166.9,0.1521,129.5,0.3009,0.5796,1.727,0,0,0,100,15.05,0.2046,404.1,200,1,0,0.322,1,1,1,1,1,1,1,4,4,-1,[ OK ]
1324.9,17-Jul-26 13:24:02,1444,166.9,0.1522,129.3,0.2991,0.5797,1.726,0,0,0,100,15.05,0.2036,403.8,200,1,0,0.323,1,1,1,1,1,1,1,4,4,-1,[ OK ]
1325.3,17-Jul-26 13:24:03,1445,166.9,0.1521,129.4,0.3014,0.5797,1.725,0,0,0,100,15.05,0.2045,404.2,200,1,0,0.3033,1,1,1,1,1,1,1,4,4,-1,[ OK ]
1325.7,17-Jul-26 13:24:03,1445,166.9,0.1517,130.4,0.3039,0.5796,1.726,0,0,0,100,15.05,0.205,403.9,200,1,0,0.3275,1,1,1,1,1,1,1,4,4,-1,[ OK ]
1326.2,17-Jul-26 13:24:04,1446,166.9,0.1522,129.1,0.3017,0.5794,1.729,0,0,0,100,15.05,0.2043,403.9,200,1,0,0.3331,1,1,1,1,1,1,1,4,4,-1,[ OK ]
1327.2,17-Jul-26 13:24:05,1447,166.9,0.1523,128.9,0.3028,0.579,1.734,0,0,0,100,15.05,0.2046,404.2,200,1,0,0.3203,1,1,1,1,1,1,1,4,4,-1,[ OK ]
1327.9,17-Jul-26 13:24:05,1447,166.9,0.1517,130.4,0.3011,0.5797,1.726,0,0,0,100,15.05,0.205,403.8,200,1,0,0.316,1,1,1,1,1,1,1,4,4,-1,[ OK ]
1328.4,17-Jul-26 13:24:06,1448,166.9,0.1521,129.4,0.3027,0.5795,1.729,0,0,0,100,15.05,0.2051,403.8,200,1,0,0.3196,1,1,1,1,1,1,1,4,4,-1,[ OK ]
1328.9,17-Jul-26 13:24:06,1448,166.9,0.1518,130.4,0.2999,0.5797,1.726,0,0,0,100,15.05,0.2043,404.1,200,1,0,0.3209,1,1,1,1,1,1,1,4,4,-1,[ OK ]
1329.3,17-Jul-26 13:24:07,1449,166.9,0.1518,130.4,0.3002,0.579,1.734,0,0,0,100,15.05,0.2046,403.8,200,1,0,0.323,1,1,1,1,1,1,1,4,4,-1,[ OK ]
1329.7,17-Jul-26 13:24:07,1449,166.9,0.1518,130.4,0.3061,0.579,1.734,0,0,0,100,15.05,0.204,403.9,200,1,0,0.319,1,1,1,1,1,1,1,4,4,-1,[ OK ]
1330.1,17-Jul-26 13:24:08,1450,166.9,0.1518,130.4,0.3052,0.5795,1.728,0,0,0,100,15.05,0.2046,404.1,200,1,0,0.318,1,1,1,1,1,1,1,4,4,-1,[ OK ]
1330.5,17-Jul-26 13:24:08,1450,166.9,0.1522,129.4,0.2981,0.5796,1.726,0,0,0,100,15.05,0.2042,403.8,200,1,0,0.3238,1,1,1,1,1,1,1,4,4,-1,[ OK ]
1331.0,17-Jul-26 13:24:08,1450,166.9,0.1518,130.4,0.3019,0.5797,1.726,0,0,0,100,15.05,0.2048,404.1,200,1,0,0.3185,1,1,1,1,1,1,1,4,4,-1,[ OK ]
1331.4,17-Jul-26 13:24:09,1451,166.9,0.1524,128.9,0.3033,0.5796,1.727,0,0,0,100,15.05,0.2046,404.1,200,1,0,0.3324,1,1,1,1,1,1,1,4,4,-1,[ OK ]
1331.8,17-Jul-26 13:24:09,1451,166.9,0.1524,129,0.3051,0.5797,1.727,0,0,0,100,15.05,0.2046,404.1,200,1,0,0.3236,1,1,1,1,1,1,1,4,4,-1,[ OK ]
1332.2,17-Jul-26 13:24:10,1452,166.9,0.1518,130.4,0.3009,0.5794,1.73,0,0,0,100,15.05,0.2034,404.1,200,1,0,0.322,1,1,1,1,1,1,1,4,4,-1,[ OK ]
1332.6,17-Jul-26 13:24:10,1452,166.9,0.1518,130.4,0.2994,0.5796,1.727,0,0,0,100,15.05,0.2047,404.2,200,1,0,0.3215,1,1,1,1,1,1,1,4,4,-1,[ OK ]
1333.0,17-Jul-26 13:24:10,1453,166.9,0.1522,129.4,0.297,0.5797,1.725,0,0,0,100,15.05,0.2045,404,200,1,0,0.3144,1,1,1,1,1,1,1,4,4,-1,[ OK ]
1333.5,17-Jul-26 13:24:11,1453,166.9,0.1518,130.4,0.2959,0.5789,1.735,0,0,0,100,15.05,0.2055,403.8,200,1,0,0.3216,1,1,1,1,1,1,1,4,4,-1,[ OK ]
1333.9,17-Jul-26 13:24:11,1453,166.9,0.1523,129.3,0.2998,0.5792,1.733,0,0,0,100,15.05,0.2045,404.1,200,1,0,0.3208,1,1,1,1,1,1,1,4,4,-1,[ OK ]
1334.3,17-Jul-26 13:24:12,1454,166.9,0.1519,130.4,0.3014,0.5797,1.726,0,0,0,100,15.05,0.2044,404,200,1,0,0.3147,1,1,1,1,1,1,1,4,4,-1,[ OK ]
1334.7,17-Jul-26 13:24:12,1454,166.9,0.1518,130.4,0.3016,0.5789,1.735,0,0,0,100,15.05,0.2039,404.1,200,1,0,0.3316,1,1,1,1,1,1,1,4,4,-1,[ OK ]
1335.2,17-Jul-26 13:24:13,1455,166.9,0.1524,128.8,0.3022,0.5796,1.727,0,0,0,100,15.05,0.205,403.8,200,1,0,0.3251,1,1,1,1,1,1,1,4,4,-1,[ OK ]
1335.6,17-Jul-26 13:24:13,1455,166.9,0.1518,130.4,0.3025,0.579,1.734,0,0,0,100,15.05,0.2053,403.9,200,1,0,0.307,1,1,1,1,1,1,1,4,4,-1,[ OK ]
1336.0,17-Jul-26 13:24:13,1456,166.9,0.1518,130.4,0.2998,0.5792,1.732,0,0,0,100,15.05,0.2037,404.1,200,1,0,0.323,1,1,1,1,1,1,1,4,4,-1,[ OK ]
1336.4,17-Jul-26 13:24:14,1456,166.9,0.1518,130.4,0.2988,0.5798,1.725,0,0,0,100,15.05,0.2039,404.3,200,1,0,0.3205,1,1,1,1,1,1,1,4,4,-1,[ OK ]
1336.8,17-Jul-26 13:24:14,1456,166.9,0.1522,129.3,0.2982,0.5788,1.736,0,0,0,100,15.05,0.2047,404.1,200,1,0,0.3237,1,1,1,1,1,1,1,4,4,-1,[ OK ]
1337.3,17-Jul-26 13:24:15,1457,166.9,0.1518,130.4,0.3041,0.5791,1.731,0,0,0,100,15.05,0.205,404.1,200,1,0,0.3182,1,1,1,1,1,1,1,4,4,-1,[ OK ]
1337.7,17-Jul-26 13:24:15,1457,166.9,0.1518,130.4,0.3056,0.5797,1.724,0,0,0,100,15.05,0.2043,403.7,200,1,0,0.323,1,1,1,1,1,1,1,4,4,-1,[ OK ]
1338.1,17-Jul-26 13:24:16,1458,166.9,0.1521,129.3,0.2969,0.5791,1.731,0,0,0,100,15.05,0.2048,404,200,1,0,0.2965,1,1,1,1,1,1,1,4,4,-1,[ OK ]
1338.5,17-Jul-26 13:24:16,1458,166.9,0.1517,130.4,0.2994,0.579,1.733,0,0,0,100,15.05,0.2046,404,200,1,0,0.3176,1,1,1,1,1,1,1,4,4,-1,[ OK ]
1338.9,17-Jul-26 13:24:16,1458,166.9,0.1521,129.4,0.2982,0.5794,1.728,0,0,0,100,15.05,0.2039,404,200,1,0,0.3196,1,1,1,1,1,1,1,4,4,-1,[ OK ]
1339.4,17-Jul-26 13:24:17,1459,166.9,0.1518,130.4,0.2999,0.5798,1.724,0,0,0,100,15.05,0.2046,403.8,200,1,0,0.3173,1,1,1,1,1,1,1,4,4,-1,[ OK ]
1339.8,17-Jul-26 13:24:17,1459,166.9,0.1518,130.4,0.3005,0.5791,1.731,0,0,0,100,15.05,0.2045,404.2,200,1,0,0.3218,1,1,1,1,1,1,1,4,4,-1,[ OK ]
1340.2,17-Jul-26 13:24:18,1460,166.9,0.1518,130.4,0.2967,0.5797,1.725,0,0,0,100,15.05,0.2042,404.2,200,1,0,0.3198,1,1,1,1,1,1,1,4,4,-1,[ OK ]
1340.6,17-Jul-26 13:24:18,1460,166.9,0.1518,130.4,0.3031,0.5794,1.729,0,0,0,100,15.05,0.2046,404.2,200,1,0,0.3199,1,1,1,1,1,1,1,4,4,-1,[ OK ]
1341.0,17-Jul-26 13:24:18,1461,166.9,0.1522,129.3,0.3044,0.5789,1.734,0,0,0,100,15.05,0.2044,403.8,200,1,0,0.3286,1,1,1,1,1,1,1,4,4,-1,[ OK ]
1341.5,17-Jul-26 13:24:19,1461,166.9,0.1521,129.4,0.2957,0.5795,1.727,0,0,0,100,15.05,0.2039,404,200,1,0,0.318,1,1,1,1,1,1,1,4,4,-1,[ OK ]
1341.9,17-Jul-26 13:24:19,1461,166.9,0.1518,130.4,0.3028,0.5791,1.732,0,0,0,100,15.05,0.2045,403.7,200,1,0,0.3213,1,1,1,1,1,1,1,4,4,-1,[ OK ]
1342.3,17-Jul-26 13:24:20,1462,166.9,0.1518,130.4,0.3023,0.5796,1.725,0,0,0,100,15.05,0.2033,404.1,200,1,0,0.3269,1,1,1,1,1,1,1,4,4,-1,[ OK ]
1342.7,17-Jul-26 13:24:20,1462,166.9,0.1518,130.4,0.3084,0.579,1.733,0,0,0,100,15.05,0.2046,404.1,200,1,0,0.3226,1,1,1,1,1,1,1,4,4,-1,[ OK ]
1343.1,17-Jul-26 13:24:21,1463,166.9,0.1517,130.4,0.3025,0.5797,1.725,0,0,0,100,15.05,0.2045,404.1,200,1,0,0.2956,1,1,1,1,1,1,1,4,4,-1,[ OK ]
1343.7,17-Jul-26 13:24:21,1463,166.9,0.1522,129.2,0.3005,0.579,1.732,0,0,0,100,15.05,0.2046,403.8,200,1,0,0.3303,1,1,1,1,1,1,1,4,4,-1,[ OK ]
1344.1,17-Jul-26 13:24:22,1464,166.9,0.1517,130.4,0.2969,0.579,1.732,0,0,0,100,15.05,0.2056,403.8,200,1,0,0.3197,1,1,1,1,1,1,1,4,4,-1,[ OK ]
1344.5,17-Jul-26 13:24:22,1464,166.9,0.1517,130.4,0.302,0.5791,1.732,0,0,0,100,15.05,0.2051,403.7,200,1,0,0.3105,1,1,1,1,1,1,1,4,4,-1,[ OK ]
1344.9,17-Jul-26 13:24:22,1464,166.9,0.1518,130.4,0.3032,0.5795,1.728,0,0,0,100,15.05,0.2054,403.8,200,1,0,0.3197,1,1,1,1,1,1,1,4,4,-1,[ OK ]
1345.3,17-Jul-26 13:24:23,1465,166.9,0.1523,129.1,0.304,0.5791,1.732,0,0,0,100,15.05,0.2045,404.2,200,1,0,0.3218,1,1,1,1,1,1,1,4,4,-1,[ OK ]
1345.8,17-Jul-26 13:24:23,1465,166.9,0.1517,130.4,0.3006,0.5799,1.724,0,0,0,100,15.05,0.2046,403.8,200,1,0,0.3178,1,1,1,1,1,1,1,4,4,-1,[ OK ]
1346.2,17-Jul-26 13:24:24,1466,166.9,0.1517,130.4,0.2999,0.5798,1.725,0,0,0,100,15.05,0.2048,404.1,200,1,0,0.311,1,1,1,1,1,1,1,4,4,-1,[ OK ]
1346.6,17-Jul-26 13:24:24,1466,166.9,0.1518,130.4,0.2993,0.5792,1.731,0,0,0,100,15.05,0.2048,404.1,200,1,0,0.3114,1,1,1,1,1,1,1,4,4,-1,[ OK ]
1347.0,17-Jul-26 13:24:24,1467,166.9,0.1518,130.4,0.298,0.5794,1.729,0,0,0,100,15.05,0.204,403.8,200,1,0,0.3282,1,1,1,1,1,1,1,4,4,-1,[ OK ]
1347.4,17-Jul-26 13:24:25,1467,166.9,0.1518,130.4,0.2927,0.5789,1.735,0,0,0,100,15.05,0.2047,404,200,1,0,0.3166,1,1,1,1,1,1,1,4,4,-1,[ OK ]
1347.9,17-Jul-26 13:24:25,1467,166.9,0.1521,129.5,0.3009,0.5794,1.73,0,0,0,100,15.05,0.2044,403.9,200,1,0,0.3197,1,1,1,1,1,1,1,4,4,-1,[ OK ]
1348.3,17-Jul-26 13:24:26,1468,166.9,0.1517,130.4,0.3006,0.5798,1.724,0,0,0,100,15.05,0.2038,403.9,200,1,0,0.324,1,1,1,1,1,1,1,4,4,-1,[ OK ]
1348.7,17-Jul-26 13:24:26,1468,166.9,0.1518,130.4,0.3043,0.5797,1.725,0,0,0,100,15.05,0.2042,404.2,200,1,0,0.3182,1,1,1,1,1,1,1,4,4,-1,[ OK ]
1349.1,17-Jul-26 13:24:27,1469,166.9,0.1523,129,0.3028,0.5791,1.731,0,0,0,100,15.05,0.2046,404,200,1,0,0.3218,1,1,1,1,1,1,1,4,4,-1,[ OK ]
1349.5,17-Jul-26 13:24:27,1469,166.9,0.1518,130.4,0.3048,0.579,1.733,0,0,0,100,15.05,0.2051,404.1,200,1,0,0.3117,1,1,1,1,1,1,1,4,4,-1,[ OK ]
1350.0,17-Jul-26 13:24:27,1469,166.9,0.1522,129.3,0.2982,0.5794,1.729,0,0,0,100,15.05,0.2041,403.8,200,1,0,0.3303,1,1,1,1,1,1,1,4,4,-1,[ OK ]
1350.4,17-Jul-26 13:24:28,1470,166.9,0.1518,130.4,0.3014,0.5791,1.732,0,0,0,100,15.05,0.2042,404.1,200,1,0,0.3121,1,1,1,1,1,1,1,4,4,-1,[ OK ]
1350.8,17-Jul-26 13:24:28,1470,166.9,0.1518,130.4,0.3046,0.5791,1.732,0,0,0,100,15.05,0.2038,403.8,200,1,0,0.3205,1,1,1,1,1,1,1,4,4,-1,[ OK ]
1351.2,17-Jul-26 13:24:29,1471,166.9,0.1522,129.3,0.2998,0.5794,1.729,0,0,0,100,15.05,0.2054,404.2,200,1,0,0.3191,1,1,1,1,1,1,1,4,4,-1,[ OK ]
1351.6,17-Jul-26 13:24:29,1471,166.9,0.1518,130.4,0.3021,0.5792,1.731,0,0,0,100,15.05,0.2049,404.2,200,1,0,0.318,1,1,1,1,1,1,1,4,4,-1,[ OK ]
1352.1,17-Jul-26 13:24:29,1472,166.9,0.1517,130.4,0.3006,0.5789,1.734,0,0,0,100,15.05,0.2032,403.8,200,1,0,0.3319,1,1,1,1,1,1,1,4,4,-1,[ OK ]
1352.5,17-Jul-26 13:24:30,1472,166.9,0.1517,130.4,0.3019,0.5796,1.725,0,0,0,100,15.05,0.2044,403.8,200,1,0,0.3209,1,1,1,1,1,1,1,4,4,-1,[ OK ]
1352.9,17-Jul-26 13:24:30,1472,166.9,0.1516,130.5,0.3031,0.5789,1.734,0,0,0,100,15.05,0.2045,403.8,200,1,0,0.3206,1,1,1,1,1,1,1,4,4,-1,[ OK ]
1353.3,17-Jul-26 13:24:31,1473,166.9,0.1522,129.2,0.3034,0.5789,1.733,0,0,0,100,15.05,0.2043,404.1,200,1,0,0.3246,1,1,1,1,1,1,1,4,4,-1,[ OK ]
1353.7,17-Jul-26 13:24:31,1473,166.9,0.1517,130.4,0.3009,0.5789,1.734,0,0,0,100,15.05,0.2042,403.8,200,1,0,0.3225,1,1,1,1,1,1,1,4,4,-1,[ OK ]
1354.2,17-Jul-26 13:24:32,1474,166.9,0.1517,130.4,0.3003,0.5795,1.727,0,0,0,100,15.05,0.2054,404,200,1,0,0.3177,1,1,1,1,1,1,1,4,4,-1,[ OK ]
1354.6,17-Jul-26 13:24:32,1474,166.9,0.1517,130.4,0.3025,0.579,1.734,0,0,0,100,15.05,0.204,404.2,200,1,0,0.3214,1,1,1,1,1,1,1,4,4,-1,[ OK ]
1355.0,17-Jul-26 13:24:32,1475,166.9,0.1521,129.4,0.3009,0.5791,1.732,0,0,0,100,15.05,0.2034,404,200,1,0,0.3245,1,1,1,1,1,1,1,4,4,-1,[ OK ]
1355.4,17-Jul-26 13:24:33,1475,166.9,0.1522,129.2,0.3028,0.5791,1.732,0,0,0,100,15.05,0.2045,403.8,200,1,0,0.3169,1,1,1,1,1,1,1,4,4,-1,[ OK ]
1355.8,17-Jul-26 13:24:33,1475,166.9,0.1523,128.9,0.3041,0.5792,1.732,0,0,0,100,15.05,0.2043,404.1,200,1,0,0.3237,1,1,1,1,1,1,1,4,4,-1,[ OK ]
1356.3,17-Jul-26 13:24:34,1476,166.9,0.1517,130.4,0.3028,0.5798,1.724,0,0,0,100,15.05,0.2049,404.2,200,1,0,0.3158,1,1,1,1,1,1,1,4,4,-1,[ OK ]
1356.7,17-Jul-26 13:24:34,1476,166.9,0.1521,129.2,0.2979,0.5799,1.723,0,0,0,100,15.05,0.2047,403.9,200,1,0,0.3262,1,1,1,1,1,1,1,4,4,-1,[ OK ]
1357.1,17-Jul-26 13:24:35,1477,166.9,0.1523,129,0.3007,0.579,1.733,0,0,0,100,15.05,0.2039,403.9,200,1,0,0.3234,1,1,1,1,1,1,1,4,4,-1,[ OK ]
1357.5,17-Jul-26 13:24:35,1477,166.9,0.1518,130.4,0.3036,0.5786,1.737,0,0,0,100,15.05,0.2042,403.9,200,1,0,0.3274,1,1,1,1,1,1,1,4,4,-1,[ OK ]
1357.9,17-Jul-26 13:24:35,1477,166.9,0.1518,130.4,0.3029,0.579,1.732,0,0,0,100,15.05,0.2043,404.2,200,1,0,0.3225,1,1,1,1,1,1,1,4,4,-1,[ OK ]
1358.4,17-Jul-26 13:24:36,1478,166.9,0.1518,130.4,0.3045,0.5789,1.733,0,0,0,100,15.05,0.2055,403.9,200,1,0,0.3205,1,1,1,1,1,1,1,4,4,-1,[ OK ]
1358.8,17-Jul-26 13:24:36,1478,166.9,0.1518,130.4,0.3009,0.5797,1.725,0,0,0,100,15.05,0.204,403.8,200,1,0,0.323,1,1,1,1,1,1,1,4,4,-1,[ OK ]
1359.2,17-Jul-26 13:24:37,1479,166.9,0.1518,130.4,0.3008,0.5789,1.734,0,0,0,100,15.05,0.2048,404.1,200,1,0,0.33,1,1,1,1,1,1,1,4,4,-1,[ OK ]
1359.6,17-Jul-26 13:24:37,1479,166.9,0.1518,130.4,0.3059,0.5789,1.734,0,0,0,100,15.05,0.2047,404.1,200,1,0,0.3231,1,1,1,1,1,1,1,4,4,-1,[ OK ]
1360.0,17-Jul-26 13:24:37,1480,166.9,0.1517,130.4,0.3009,0.5796,1.727,0,0,0,100,15.05,0.2047,404,200,1,0,0.3237,1,1,1,1,1,1,1,4,4,-1,[ OK ]
1360.5,17-Jul-26 13:24:38,1480,166.9,0.1521,129.3,0.3027,0.5789,1.735,0,0,0,100,15.05,0.2047,403.9,200,1,0,0.3173,1,1,1,1,1,1,1,4,4,-1,[ OK ]
1360.9,17-Jul-26 13:24:38,1480,166.9,0.1517,130.4,0.2982,0.5791,1.733,0,0,0,100,15.05,0.2052,403.9,200,1,0,0.3171,1,1,1,1,1,1,1,4,4,-1,[ OK ]
1361.3,17-Jul-26 13:24:39,1481,166.9,0.1517,130.4,0.3028,0.5795,1.727,0,0,0,100,15.05,0.2048,403.8,200,1,0,0.3181,1,1,1,1,1,1,1,4,4,-1,[ OK ]
1361.7,17-Jul-26 13:24:39,1481,166.9,0.1521,129.3,0.3003,0.5789,1.735,0,0,0,100,15.05,0.2052,403.9,200,1,0,0.3166,1,1,1,1,1,1,1,4,4,-1,[ OK ]
1362.2,17-Jul-26 13:24:40,1482,166.9,0.1521,129.4,0.3025,0.579,1.734,0,0,0,100,15.05,0.2043,404.1,200,1,0,0.3146,1,1,1,1,1,1,1,4,4,-1,[ OK ]
1362.6,17-Jul-26 13:24:40,1482,166.9,0.1517,130.4,0.2998,0.5797,1.726,0,0,0,100,15.05,0.2051,404.2,200,1,0,0.3178,1,1,1,1,1,1,1,4,4,-1,[ OK ]
1363.0,17-Jul-26 13:24:40,1483,166.9,0.1517,130.4,0.3031,0.5796,1.727,0,0,0,100,15.05,0.2036,404,200,1,0,0.317,1,1,1,1,1,1,1,4,4,-1,[ OK ]
1363.4,17-Jul-26 13:24:41,1483,166.9,0.1521,129.2,0.3035,0.5796,1.727,0,0,0,100,15.05,0.2042,403.8,200,1,0,0.3258,1,1,1,1,1,1,1,4,4,-1,[ OK ]
1363.8,17-Jul-26 13:24:41,1483,166.9,0.1517,130.4,0.3021,0.5789,1.736,0,0,0,100,15.05,0.2038,404.1,200,1,0,0.3241,1,1,1,1,1,1,1,4,4,-1,[ OK ]
1364.2,17-Jul-26 13:24:42,1484,166.9,0.1521,129.4,0.3036,0.5793,1.731,0,0,0,100,15.05,0.2049,404.2,200,1,0,0.326,1,1,1,1,1,1,1,4,4,-1,[ OK ]
1364.7,17-Jul-26 13:24:42,1484,166.9,0.1517,130.4,0.3071,0.5796,1.727,0,0,0,100,15.05,0.2049,404,200,1,0,0.3164,1,1,1,1,1,1,1,4,4,-1,[ OK ]
1365.1,17-Jul-26 13:24:43,1485,166.9,0.1522,129.3,0.3036,0.5799,1.724,0,0,0,100,15.05,0.205,404.1,200,1,0,0.3236,1,1,1,1,1,1,1,4,4,-1,[ OK ]
1365.5,17-Jul-26 13:24:43,1485,166.9,0.1518,130.4,0.3028,0.5791,1.732,0,0,0,100,15.05,0.2043,404,200,1,0,0.3184,1,1,1,1,1,1,1,4,4,-1,[ OK ]
1365.9,17-Jul-26 13:24:43,1485,166.9,0.1517,130.4,0.3037,0.5794,1.729,0,0,0,100,15.05,0.204,404.2,200,1,0,0.3205,1,1,1,1,1,1,1,4,4,-1,[ OK ]
1366.3,17-Jul-26 13:24:44,1486,166.9,0.1518,130.4,0.305,0.5795,1.728,0,0,0,100,15.05,0.2033,403.9,200,1,0,0.3235,1,1,1,1,1,1,1,4,4,-1,[ OK ]
1366.8,17-Jul-26 13:24:44,1486,166.9,0.1518,130.4,0.3008,0.5796,1.726,0,0,0,100,15.05,0.2047,404,200,1,0,0.318,1,1,1,1,1,1,1,4,4,-1,[ OK ]
1367.2,17-Jul-26 13:24:45,1487,166.9,0.1523,129,0.3005,0.579,1.733,0,0,0,100,15.05,0.2042,404.1,200,1,0,0.3258,1,1,1,1,1,1,1,4,4,-1,[ OK ]
1367.6,17-Jul-26 13:24:45,1487,166.9,0.1518,130.4,0.301,0.579,1.733,0,0,0,100,15.05,0.2043,404.2,200,1,0,0.3215,1,1,1,1,1,1,1,4,4,-1,[ OK ]
1368.0,17-Jul-26 13:24:45,1488,166.9,0.1518,130.4,0.3023,0.5789,1.735,0,0,0,100,15.05,0.2038,403.8,200,1,0,0.33,1,1,1,1,1,1,1,4,4,-1,[ OK ]
1368.4,17-Jul-26 13:24:46,1488,166.9,0.1518,130.4,0.3026,0.5787,1.737,0,0,0,100,15.05,0.2045,403.9,200,1,0,0.3212,1,1,1,1,1,1,1,4,4,-1,[ OK ]
1368.9,17-Jul-26 13:24:46,1488,166.9,0.1518,130.4,0.3017,0.5794,1.729,0,0,0,100,15.05,0.2049,404,200,1,0,0.3189,1,1,1,1,1,1,1,4,4,-1,[ OK ]
1369.3,17-Jul-26 13:24:47,1489,166.9,0.1524,128.8,0.3039,0.5789,1.735,0,0,0,100,15.05,0.2045,404.1,200,1,0,0.3178,1,1,1,1,1,1,1,4,4,-1,[ OK ]
1369.7,17-Jul-26 13:24:47,1489,166.9,0.1518,130.4,0.2987,0.579,1.733,0,0,0,100,15.05,0.2047,404.1,200,1,0,0.3157,1,1,1,1,1,1,1,4,4,-1,[ OK ]
1370.1,17-Jul-26 13:24:48,1490,166.9,0.1523,128.8,0.3014,0.5789,1.734,0,0,0,100,15.05,0.2049,404,200,1,0,0.3191,1,1,1,1,1,1,1,4,4,-1,[ OK ]
1370.5,17-Jul-26 13:24:48,1490,166.9,0.1521,129.2,0.3059,0.5795,1.728,0,0,0,100,15.05,0.2046,404.1,200,1,0,0.3249,1,1,1,1,1,1,1,4,4,-1,[ OK ]
1371.0,17-Jul-26 13:24:48,1490,166.9,0.1518,130.4,0.2975,0.5788,1.736,0,0,0,100,15.05,0.2057,403.9,200,1,0,0.3172,1,1,1,1,1,1,1,4,4,-1,[ OK ]
1371.4,17-Jul-26 13:24:49,1491,166.9,0.1517,130.4,0.2998,0.579,1.734,0,0,0,100,15.05,0.2042,403.7,200,1,0,0.3231,1,1,1,1,1,1,1,4,4,-1,[ OK ]
1371.8,17-Jul-26 13:24:49,1491,166.9,0.1517,130.4,0.3048,0.5789,1.735,0,0,0,100,15.05,0.2049,404.2,200,1,0,0.3109,1,1,1,1,1,1,1,4,4,-1,[ OK ]
1372.2,17-Jul-26 13:24:50,1492,166.9,0.1517,130.4,0.3005,0.5795,1.729,0,0,0,100,15.05,0.2049,403.9,200,1,0,0.32,1,1,1,1,1,1,1,4,4,-1,[ OK ]
1372.6,17-Jul-26 13:24:50,1492,166.9,0.1517,130.4,0.2993,0.5796,1.728,0,0,0,100,15.05,0.2043,403.9,200,1,0,0.3194,1,1,1,1,1,1,1,4,4,-1,[ OK ]
1373.1,17-Jul-26 13:24:51,1493,166.9,0.1523,128.9,0.3028,0.5789,1.736,0,0,0,100,15.05,0.204,404.2,200,1,0,0.3237,1,1,1,1,1,1,1,4,4,-1,[ OK ]
1373.5,17-Jul-26 13:24:51,1493,166.9,0.1518,130.4,0.2996,0.5792,1.733,0,0,0,100,15.05,0.2051,404,200,1,0,0.3208,1,1,1,1,1,1,1,4,4,-1,[ OK ]
1373.9,17-Jul-26 13:24:51,1493,166.9,0.1518,130.4,0.3012,0.5792,1.732,0,0,0,100,15.05,0.2049,404.1,200,1,0,0.3211,1,1,1,1,1,1,1,4,4,-1,[ OK ]
1374.2,17-Jul-26 13:24:52,1494,166.9,0.1522,129.4,0.3001,0.5796,1.728,0,0,0,100,15.05,0.2039,404,200,1,0,0.3244,1,1,1,1,1,1,1,4,4,-1,[ OK ]
1374.6,17-Jul-26 13:24:52,1494,166.9,0.1518,130.4,0.3086,0.5791,1.733,0,0,0,100,15.05,0.2045,403.8,200,1,0,0.3234,1,1,1,1,1,1,1,4,4,-1,[ OK ]
1375.1,17-Jul-26 13:24:52,1495,166.9,0.1522,129.3,0.3044,0.579,1.734,0,0,0,100,15.05,0.204,404.1,200,1,0,0.3236,1,1,1,1,1,1,1,4,4,-1,[ OK ]
1375.5,17-Jul-26 13:24:53,1495,166.9,0.1518,130.4,0.2981,0.5796,1.727,0,0,0,100,15.05,0.2046,403.8,200,1,0,0.32,1,1,1,1,1,1,1,4,4,-1,[ OK ]
1375.9,17-Jul-26 13:24:53,1495,166.9,0.1522,129.1,0.3022,0.579,1.735,0,0,0,100,15.05,0.2042,403.8,200,1,0,0.33,1,1,1,1,1,1,1,4,4,-1,[ OK ]
1376.3,17-Jul-26 13:24:54,1496,166.9,0.1523,128.9,0.3035,0.5792,1.732,0,0,0,100,15.05,0.2051,403.9,200,1,0,0.3222,1,1,1,1,1,1,1,4,4,-1,[ OK ]
1376.7,17-Jul-26 13:24:54,1496,166.9,0.1517,130.4,0.3038,0.579,1.734,0,0,0,100,15.05,0.2046,403.8,200,1,0,0.3178,1,1,1,1,1,1,1,4,4,-1,[ OK ]
1377.2,17-Jul-26 13:24:55,1497,166.9,0.1526,128.4,0.2989,0.58,1.723,0,0,0,100,15.05,0.2038,403.8,200,1,0,0.3182,1,1,1,1,1,1,1,4,4,-1,[ OK ]
1377.6,17-Jul-26 13:24:55,1497,166.9,0.1522,129.1,0.3021,0.5791,1.733,0,0,0,100,15.05,0.2048,403.8,200,1,0,0.3259,1,1,1,1,1,1,1,4,4,-1,[ OK ]
1378.0,17-Jul-26 13:24:55,1498,166.9,0.1518,130.4,0.2983,0.5797,1.726,0,0,0,100,15.05,0.2045,404,200,1,0,0.3178,1,1,1,1,1,1,1,4,4,-1,[ OK ]
1378.5,17-Jul-26 13:24:56,1498,166.9,0.1517,130.4,0.299,0.5789,1.736,0,0,0,100,15.05,0.2043,404,200,1,0,0.317,1,1,1,1,1,1,1,4,4,-1,[ OK ]
1379.0,17-Jul-26 13:24:56,1498,166.9,0.1522,129.3,0.3004,0.5793,1.731,0,0,0,100,15.05,0.2056,404.2,200,1,0,0.321,1,1,1,1,1,1,1,4,4,-1,[ OK ]
1379.4,17-Jul-26 13:24:57,1499,166.9,0.1518,130.4,0.2977,0.5794,1.73,0,0,0,100,15.05,0.2046,403.9,200,1,0,0.3183,1,1,1,1,1,1,1,4,4,-1,[ OK ]
1379.8,17-Jul-26 13:24:57,1499,166.9,0.1517,130.4,0.3029,0.5793,1.732,0,0,0,100,15.05,0.2035,403.9,200,1,0,0.3152,1,1,1,1,1,1,1,4,4,-1,[ OK ]
1380.2,17-Jul-26 13:24:58,1500,166.9,0.1517,130.4,0.2996,0.579,1.735,0,0,0,100,15.05,0.2033,404.2,200,1,0,0.3253,1,1,1,1,1,1,1,4,4,-1,[ OK ]
1380.6,17-Jul-26 13:24:58,1500,166.9,0.1517,130.4,0.3003,0.5795,1.729,0,0,0,100,15.05,0.2043,404.2,200,1,0,0.3203,1,1,1,1,1,1,1,4,4,-1,[ OK ]
1381.1,17-Jul-26 13:24:59,1501,166.9,0.1518,130.4,0.2935,0.5797,1.727,0,0,0,100,15.05,0.2046,403.8,200,1,0,0.3228,1,1,1,1,1,1,1,4,4,-1,[ OK ]
1381.7,17-Jul-26 13:24:59,1501,166.9,0.1517,130.4,0.2965,0.5797,1.726,0,0,0,100,15.05,0.2045,403.8,200,1,0,0.3139,1,1,1,1,1,1,1,4,4,-1,[ OK ]
1382.1,17-Jul-26 13:25:00,1502,166.9,0.1517,130.4,0.3001,0.5798,1.725,0,0,0,100,15.05,0.2043,404,200,1,0,0.3257,1,1,1,1,1,1,1,4,4,-1,[ OK ]
1382.5,17-Jul-26 13:25:00,1502,166.9,0.1521,129.2,0.3044,0.5797,1.726,0,0,0,100,15.05,0.2053,403.8,200,1,0,0.3107,1,1,1,1,1,1,1,4,4,-1,[ OK ]
1382.9,17-Jul-26 13:25:00,1502,166.9,0.1517,130.4,0.3025,0.5791,1.734,0,0,0,100,15.05,0.2046,403.9,200,1,0,0.3149,1,1,1,1,1,1,1,4,4,-1,[ OK ]
1383.4,17-Jul-26 13:25:01,1503,166.9,0.1517,130.4,0.3005,0.5796,1.727,0,0,0,100,15.05,0.2046,404.2,200,1,0,0.321,1,1,1,1,1,1,1,4,4,-1,[ OK ]
1383.8,17-Jul-26 13:25:01,1503,166.9,0.1521,129.3,0.3011,0.5792,1.733,0,0,0,100,15.05,0.2032,404.1,200,1,0,0.327,1,1,1,1,1,1,1,4,4,-1,[ OK ]
1384.2,17-Jul-26 13:25:02,1504,166.9,0.1522,129,0.3002,0.5792,1.733,0,0,0,100,15.05,0.2048,404.1,200,1,0,0.3197,1,1,1,1,1,1,1,4,4,-1,[ OK ]
1384.6,17-Jul-26 13:25:02,1504,166.9,0.1517,130.4,0.3008,0.579,1.735,0,0,0,100,15.05,0.2041,403.8,200,1,0,0.3246,1,1,1,1,1,1,1,4,4,-1,[ OK ]
1385.0,17-Jul-26 13:25:02,1505,166.9,0.1516,130.8,0.2921,0.5792,1.733,0,0,0,100,15.05,0.2051,403.7,200,1,0,0.3239,1,1,1,1,1,1,1,4,4,-1,[ OK ]
1385.5,17-Jul-26 13:25:03,1505,166.9,0.1523,129,0.3027,0.5795,1.729,0,0,0,100,15.05,0.2048,404.1,200,1,0,0.3187,1,1,1,1,1,1,1,4,4,-1,[ OK ]
1385.9,17-Jul-26 13:25:03,1505,166.9,0.1523,129.1,0.3021,0.5797,1.726,0,0,0,100,15.05,0.2046,403.9,200,1,0,0.3232,1,1,1,1,1,1,1,4,4,-1,[ OK ]
1386.3,17-Jul-26 13:25:04,1506,166.9,0.1523,129,0.3026,0.5798,1.725,0,0,0,100,15.05,0.2025,403.9,200,1,0,0.3231,1,1,1,1,1,1,1,4,4,-1,[ OK ]
1386.7,17-Jul-26 13:25:04,1506,166.9,0.1518,130.4,0.3014,0.5795,1.727,0,0,0,100,15.05,0.204,404.1,200,1,0,0.297,1,1,1,1,1,1,1,4,4,-1,[ OK ]
1387.1,17-Jul-26 13:25:05,1507,166.9,0.1518,130.4,0.3031,0.5789,1.734,0,0,0,100,15.05,0.2043,403.9,200,1,0,0.3201,1,1,1,1,1,1,1,4,4,-1,[ OK ]
1387.5,17-Jul-26 13:25:05,1507,166.9,0.1518,130.4,0.3028,0.5794,1.729,0,0,0,100,15.05,0.2045,404.1,200,1,0,0.3191,1,1,1,1,1,1,1,4,4,-1,[ OK ]
1387.9,17-Jul-26 13:25:05,1507,166.9,0.1517,130.4,0.3003,0.5791,1.732,0,0,0,100,15.05,0.2051,403.9,200,1,0,0.3157,1,1,1,1,1,1,1,4,4,-1,[ OK ]
1388.2,17-Jul-26 13:25:06,1508,166.9,0.1524,128.8,0.2996,0.5792,1.731,0,0,0,100,15.05,0.2056,404,200,1,0,0.3192,1,1,1,1,1,1,1,4,4,-1,[ OK ]
1388.6,17-Jul-26 13:25:06,1508,166.9,0.1518,130.4,0.3061,0.5789,1.735,0,0,0,100,15.05,0.2045,404.1,200,1,0,0.3218,1,1,1,1,1,1,1,4,4,-1,[ OK ]
1389.0,17-Jul-26 13:25:06,1509,166.9,0.1518,130.4,0.3027,0.5791,1.733,0,0,0,100,15.05,0.205,404.1,200,1,0,0.3146,1,1,1,1,1,1,1,4,4,-1,[ OK ]
1389.5,17-Jul-26 13:25:07,1509,166.9,0.1518,130.4,0.2943,0.5796,1.727,0,0,0,100,15.05,0.2046,404.1,200,1,0,0.3185,1,1,1,1,1,1,1,4,4,-1,[ OK ]
1389.9,17-Jul-26 13:25:07,1509,166.9,0.1522,129.1,0.3037,0.5792,1.731,0,0,0,100,15.05,0.2051,403.9,200,1,0,0.3213,1,1,1,1,1,1,1,4,4,-1,[ OK ]
1390.3,17-Jul-26 13:25:08,1510,166.9,0.1517,130.4,0.2999,0.579,1.734,0,0,0,100,15.05,0.2057,404.1,200,1,0,0.3232,1,1,1,1,1,1,1,4,4,-1,[ OK ]
1390.7,17-Jul-26 13:25:08,1510,166.9,0.1517,130.4,0.2986,0.579,1.734,0,0,0,100,15.05,0.2036,403.9,200,1,0,0.3209,1,1,1,1,1,1,1,4,4,-1,[ OK ]
1391.2,17-Jul-26 13:25:09,1511,166.9,0.1517,130.4,0.2999,0.5796,1.727,0,0,0,100,15.05,0.2035,403.8,200,1,0,0.3224,1,1,1,1,1,1,1,4,4,-1,[ OK ]
1391.7,17-Jul-26 13:25:09,1511,166.9,0.1522,129.1,0.299,0.5792,1.731,0,0,0,100,15.05,0.2051,403.8,200,1,0,0.3179,1,1,1,1,1,1,1,4,4,-1,[ OK ]
1392.1,17-Jul-26 13:25:10,1512,166.9,0.1521,129.3,0.3018,0.5792,1.731,0,0,0,100,15.05,0.2038,404.2,200,1,0,0.3202,1,1,1,1,1,1,1,4,4,-1,[ OK ]
1392.5,17-Jul-26 13:25:10,1512,166.9,0.1523,128.9,0.3028,0.5797,1.726,0,0,0,100,15.05,0.2051,403.8,200,1,0,0.3225,1,1,1,1,1,1,1,4,4,-1,[ OK ]
1392.9,17-Jul-26 13:25:10,1512,166.9,0.1523,129.1,0.3017,0.5796,1.726,0,0,0,100,15.05,0.2044,403.9,200,1,0,0.325,1,1,1,1,1,1,1,4,4,-1,[ OK ]
1393.3,17-Jul-26 13:25:11,1513,166.9,0.1519,130.4,0.3041,0.579,1.733,0,0,0,100,15.05,0.2049,404.1,200,1,0,0.3191,1,1,1,1,1,1,1,4,4,-1,[ OK ]
1393.8,17-Jul-26 13:25:11,1513,166.9,0.1518,130.4,0.3001,0.5789,1.735,0,0,0,100,15.05,0.2051,403.8,200,1,0,0.3047,1,1,1,1,1,1,1,4,4,-1,[ OK ]
1394.2,17-Jul-26 13:25:12,1514,166.9,0.1523,129.1,0.3047,0.5797,1.725,0,0,0,100,15.05,0.204,404,200,1,0,0.3256,1,1,1,1,1,1,1,4,4,-1,[ OK ]
1394.6,17-Jul-26 13:25:12,1514,166.9,0.1518,130.4,0.3025,0.5795,1.727,0,0,0,100,15.05,0.2041,404.2,200,1,0,0.3201,1,1,1,1,1,1,1,4,4,-1,[ OK ]
1395.0,17-Jul-26 13:25:12,1515,166.9,0.1518,130.4,0.3011,0.5788,1.735,0,0,0,100,15.05,0.2047,404.1,200,1,0,0.3125,1,1,1,1,1,1,1,4,4,-1,[ OK ]
1395.5,17-Jul-26 13:25:13,1515,166.9,0.1518,130.4,0.2986,0.5789,1.734,0,0,0,100,15.05,0.204,403.8,200,1,0,0.3236,1,1,1,1,1,1,1,4,4,-1,[ OK ]
1396.0,17-Jul-26 13:25:13,1515,166.9,0.1522,129.1,0.3015,0.5794,1.728,0,0,0,100,15.05,0.204,404.1,200,1,0,0.3256,1,1,1,1,1,1,1,4,4,-1,[ OK ]
1396.4,17-Jul-26 13:25:14,1516,166.9,0.1522,129.2,0.3037,0.5797,1.725,0,0,0,100,15.05,0.2047,404,200,1,0,0.3215,1,1,1,1,1,1,1,4,4,-1,[ OK ]
1396.8,17-Jul-26 13:25:14,1516,166.9,0.1518,130.4,0.3022,0.579,1.734,0,0,0,100,15.05,0.2051,404.1,200,1,0,0.3198,1,1,1,1,1,1,1,4,4,-1,[ OK ]
1397.2,17-Jul-26 13:25:15,1517,166.9,0.1522,129.3,0.3002,0.5792,1.731,0,0,0,100,15.05,0.2046,404,200,1,0,0.3239,1,1,1,1,1,1,1,4,4,-1,[ OK ]
1397.6,17-Jul-26 13:25:15,1517,166.9,0.1523,129,0.3001,0.5795,1.728,0,0,0,100,15.05,0.2046,404.1,200,1,0,0.3218,1,1,1,1,1,1,1,4,4,-1,[ OK ]
1398.1,17-Jul-26 13:25:15,1518,166.9,0.1518,130.4,0.3013,0.579,1.734,0,0,0,100,15.05,0.2039,404.2,200,1,0,0.3159,1,1,1,1,1,1,1,4,4,-1,[ OK ]
1398.5,17-Jul-26 13:25:16,1518,166.9,0.1517,130.4,0.3013,0.5795,1.728,0,0,0,100,15.05,0.2049,403.9,200,1,0,0.3233,1,1,1,1,1,1,1,4,4,-1,[ OK ]
1399.4,17-Jul-26 13:25:17,1519,166.9,0.1522,129.1,0.3006,0.5792,1.732,0,0,0,100,15.05,0.2046,404.1,200,1,0,0.3243,1,1,1,1,1,1,1,4,4,-1,[ OK ]
1400.2,17-Jul-26 13:25:18,1520,166.9,0.1517,130.4,0.3028,0.5795,1.728,0,0,0,100,15.05,0.2053,403.8,200,1,0,0.3169,1,1,1,1,1,1,1,4,4,-1,[ OK ]
1400.8,17-Jul-26 13:25:18,1520,166.9,0.1522,129.1,0.3014,0.5791,1.733,0,0,0,100,15.05,0.2048,403.9,200,1,0,0.3194,1,1,1,1,1,1,1,4,4,-1,[ OK ]
1401.2,17-Jul-26 13:25:19,1521,166.9,0.1517,130.4,0.2956,0.5791,1.733,0,0,0,100,15.05,0.2052,404,200,1,0,0.3188,1,1,1,1,1,1,1,4,4,-1,[ OK ]
1401.6,17-Jul-26 13:25:19,1521,166.9,0.1518,130.4,0.3053,0.5797,1.727,0,0,0,100,15.05,0.2043,403.9,200,1,0,0.3145,1,1,1,1,1,1,1,4,4,-1,[ OK ]
1402.0,17-Jul-26 13:25:19,1522,166.9,0.1518,130.4,0.3057,0.5791,1.732,0,0,0,100,15.05,0.2048,404,200,1,0,0.3231,1,1,1,1,1,1,1,4,4,-1,[ OK ]
1402.4,17-Jul-26 13:25:20,1522,166.9,0.1517,130.4,0.2992,0.5794,1.728,0,0,0,100,15.05,0.2045,403.8,200,1,0,0.3238,1,1,1,1,1,1,1,4,4,-1,[ OK ]
1402.9,17-Jul-26 13:25:20,1522,166.9,0.1517,130.4,0.3024,0.5789,1.735,0,0,0,100,15.05,0.2035,404.1,200,1,0,0.3228,1,1,1,1,1,1,1,4,4,-1,[ OK ]
1403.3,17-Jul-26 13:25:21,1523,166.9,0.1521,129.4,0.2966,0.5797,1.726,0,0,0,100,15.05,0.2043,403.8,200,1,0,0.3225,1,1,1,1,1,1,1,4,4,-1,[ OK ]
1403.8,17-Jul-26 13:25:21,1523,166.9,0.1521,129.2,0.3005,0.5797,1.727,0,0,0,100,15.05,0.2051,404,200,1,0,0.3176,1,1,1,1,1,1,1,4,4,-1,[ OK ]
1404.2,17-Jul-26 13:25:22,1524,166.9,0.1517,130.4,0.2997,0.5797,1.727,0,0,0,100,15.05,0.2042,403.9,200,1,0,0.3164,1,1,1,1,1,1,1,4,4,-1,[ OK ]
1404.7,17-Jul-26 13:25:22,1524,166.9,0.1517,130.4,0.2981,0.5792,1.733,0,0,0,100,15.05,0.2046,404.1,200,1,0,0.3172,1,1,1,1,1,1,1,4,4,-1,[ OK ]
1405.1,17-Jul-26 13:25:22,1525,166.9,0.1517,130.4,0.3,0.5797,1.726,0,0,0,100,15.05,0.204,404,200,1,0,0.3181,1,1,1,1,1,1,1,4,4,-1,[ OK ]
1405.5,17-Jul-26 13:25:23,1525,166.9,0.1521,129.4,0.2996,0.5796,1.727,0,0,0,100,15.05,0.2043,403.8,200,1,0,0.3052,1,1,1,1,1,1,1,4,4,-1,[ OK ]
1405.9,17-Jul-26 13:25:23,1525,166.9,0.1522,129.3,0.3034,0.5795,1.728,0,0,0,100,15.05,0.2052,404.2,200,1,0,0.3212,1,1,1,1,1,1,1,4,4,-1,[ OK ]
1406.3,17-Jul-26 13:25:24,1526,166.9,0.1518,130.4,0.3003,0.579,1.734,0,0,0,100,15.05,0.2051,403.8,200,1,0,0.3206,1,1,1,1,1,1,1,4,4,-1,[ OK ]
1406.7,17-Jul-26 13:25:24,1526,166.9,0.1518,130.4,0.3011,0.579,1.735,0,0,0,100,15.05,0.204,404.1,200,1,0,0.3207,1,1,1,1,1,1,1,4,4,-1,[ OK ]
1407.2,17-Jul-26 13:25:25,1527,166.9,0.1527,128,0.3029,0.5797,1.726,0,0,0,100,15.05,0.2046,404,200,1,0,0.322,1,1,1,1,1,1,1,4,4,-1,[ OK ]
1407.6,17-Jul-26 13:25:25,1527,166.9,0.1518,130.4,0.2974,0.5797,1.726,0,0,0,100,15.05,0.2043,404.2,200,1,0,0.3092,1,1,1,1,1,1,1,4,4,-1,[ OK ]
1408.0,17-Jul-26 13:25:25,1528,166.9,0.1518,130.4,0.3026,0.5795,1.729,0,0,0,100,15.05,0.2046,404.2,200,1,0,0.3158,1,1,1,1,1,1,1,4,4,-1,[ OK ]
1408.5,17-Jul-26 13:25:26,1528,166.9,0.1518,130.4,0.2971,0.5789,1.736,0,0,0,100,15.05,0.2045,403.8,200,1,0,0.3226,1,1,1,1,1,1,1,4,4,-1,[ OK ]
1408.9,17-Jul-26 13:25:26,1528,166.9,0.1518,130.4,0.3058,0.5798,1.726,0,0,0,100,15.05,0.2051,404.1,200,1,0,0.3156,1,1,1,1,1,1,1,4,4,-1,[ OK ]
1409.4,17-Jul-26 13:25:27,1529,166.9,0.1517,130.4,0.301,0.5792,1.733,0,0,0,100,15.05,0.2041,403.9,200,1,0,0.3194,1,1,1,1,1,1,1,4,4,-1,[ OK ]
1409.8,17-Jul-26 13:25:27,1529,166.9,0.1524,128.7,0.2994,0.5791,1.735,0,0,0,100,15.05,0.204,404.2,200,1,0,0.3228,1,1,1,1,1,1,1,4,4,-1,[ OK ]
1410.2,17-Jul-26 13:25:28,1530,166.9,0.1518,130.4,0.3031,0.5797,1.728,0,0,0,100,15.05,0.204,403.8,200,1,0,0.3256,1,1,1,1,1,1,1,4,4,-1,[ OK ]
1410.6,17-Jul-26 13:25:28,1530,166.9,0.1517,130.4,0.2998,0.5792,1.734,0,0,0,100,15.05,0.2034,404,200,1,0,0.3143,1,1,1,1,1,1,1,4,4,-1,[ OK ]
1411.1,17-Jul-26 13:25:28,1531,166.9,0.1523,128.9,0.3024,0.5793,1.732,0,0,0,100,15.05,0.2045,404.2,200,1,0,0.3267,1,1,1,1,1,1,1,4,4,-1,[ OK ]
1411.5,17-Jul-26 13:25:29,1531,166.9,0.1517,130.4,0.3001,0.5796,1.728,0,0,0,100,15.05,0.2046,404,200,1,0,0.3102,1,1,1,1,1,1,1,4,4,-1,[ OK ]
1411.9,17-Jul-26 13:25:29,1531,166.9,0.1517,130.4,0.2997,0.5792,1.732,0,0,0,100,15.05,0.2027,403.9,200,1,0,0.3262,1,1,1,1,1,1,1,4,4,-1,[ OK ]
1412.3,17-Jul-26 13:25:30,1532,166.9,0.1517,130.4,0.3,0.5798,1.725,0,0,0,100,15.05,0.2043,403.8,200,1,0,0.3167,1,1,1,1,1,1,1,4,4,-1,[ OK ]
1412.7,17-Jul-26 13:25:30,1532,166.9,0.1523,129.2,0.2996,0.5797,1.727,0,0,0,100,15.05,0.2042,403.9,200,1,0,0.3225,1,1,1,1,1,1,1,4,4,-1,[ OK ]
1413.2,17-Jul-26 13:25:31,1533,166.9,0.1518,130.4,0.3001,0.5792,1.732,0,0,0,100,15.05,0.2041,404,200,1,0,0.3143,1,1,1,1,1,1,1,4,4,-1,[ OK ]
1413.6,17-Jul-26 13:25:31,1533,166.9,0.1519,130.4,0.2967,0.5793,1.731,0,0,0,100,15.05,0.205,403.8,200,1,0,0.3251,1,1,1,1,1,1,1,4,4,-1,[ OK ]
1414.1,17-Jul-26 13:25:32,1534,166.9,0.1518,130.4,0.2998,0.5795,1.728,0,0,0,100,15.05,0.203,404.1,200,1,0,0.3225,1,1,1,1,1,1,1,4,4,-1,[ OK ]
1414.5,17-Jul-26 13:25:32,1534,166.9,0.1518,130.4,0.3005,0.5791,1.733,0,0,0,100,15.05,0.2048,404.1,200,1,0,0.3185,1,1,1,1,1,1,1,4,4,-1,[ OK ]
1414.9,17-Jul-26 13:25:32,1534,166.9,0.1523,129.2,0.2902,0.5796,1.726,0,0,0,100,15.05,0.2047,403.8,200,1,0,0.3194,1,1,1,1,1,1,1,4,4,-1,[ OK ]
1415.4,17-Jul-26 13:25:33,1535,166.9,0.1519,130.4,0.3025,0.5796,1.727,0,0,0,100,15.05,0.2036,404.1,200,1,0,0.3233,1,1,1,1,1,1,1,4,4,-1,[ OK ]
1415.8,17-Jul-26 13:25:33,1535,166.9,0.1519,130.4,0.3,0.579,1.733,0,0,0,100,15.05,0.204,404,200,1,0,0.3107,1,1,1,1,1,1,1,4,4,-1,[ OK ]
1416.2,17-Jul-26 13:25:34,1536,166.9,0.1519,130.4,0.2997,0.5792,1.731,0,0,0,100,15.05,0.2053,404.1,200,1,0,0.3151,1,1,1,1,1,1,1,4,4,-1,[ OK ]
1416.6,17-Jul-26 13:25:34,1536,166.9,0.1522,129.4,0.2987,0.5796,1.727,0,0,0,100,15.05,0.2046,403.9,200,1,0,0.3179,1,1,1,1,1,1,1,4,4,-1,[ OK ]
1417.0,17-Jul-26 13:25:34,1537,166.9,0.1519,130.4,0.3016,0.5794,1.73,0,0,0,100,15.05,0.2035,404,200,1,0,0.3193,1,1,1,1,1,1,1,4,4,-1,[ OK ]
1417.4,17-Jul-26 13:25:35,1537,166.9,0.1519,130.4,0.3011,0.5791,1.733,0,0,0,100,15.05,0.2042,403.9,200,1,0,0.322,1,1,1,1,1,1,1,4,4,-1,[ OK ]
1417.9,17-Jul-26 13:25:35,1537,166.9,0.1519,130.4,0.2985,0.5797,1.726,0,0,0,100,15.05,0.2041,404.2,200,1,0,0.3251,1,1,1,1,1,1,1,4,4,-1,[ OK ]
1418.3,17-Jul-26 13:25:36,1538,166.9,0.1519,130.4,0.3015,0.5797,1.725,0,0,0,100,15.05,0.2042,404.1,200,1,0,0.323,1,1,1,1,1,1,1,4,4,-1,[ OK ]
1418.7,17-Jul-26 13:25:36,1538,166.9,0.1519,130.4,0.3036,0.5789,1.734,0,0,0,100,15.05,0.2038,403.9,200,1,0,0.3172,1,1,1,1,1,1,1,4,4,-1,[ OK ]
1419.1,17-Jul-26 13:25:37,1539,166.9,0.1518,130.4,0.3021,0.5791,1.733,0,0,0,100,15.05,0.2058,403.8,200,1,0,0.3187,1,1,1,1,1,1,1,4,4,-1,[ OK ]
1419.6,17-Jul-26 13:25:37,1539,166.9,0.1523,129.3,0.3046,0.5794,1.729,0,0,0,100,15.05,0.2055,404.2,200,1,0,0.3026,1,1,1,1,1,1,1,4,4,-1,[ OK ]
1420.0,17-Jul-26 13:25:37,1539,166.9,0.1523,129.3,0.298,0.5792,1.731,0,0,0,100,15.05,0.2036,404.1,200,1,0,0.3297,1,1,1,1,1,1,1,4,4,-1,[ OK ]
1420.4,17-Jul-26 13:25:38,1540,166.9,0.1519,130.4,0.291,0.5789,1.735,0,0,0,100,15.05,0.2049,404.1,200,1,0,0.3202,1,1,1,1,1,1,1,4,4,-1,[ OK ]
1420.8,17-Jul-26 13:25:38,1540,166.9,0.1518,130.4,0.3015,0.579,1.735,0,0,0,100,15.05,0.204,404.1,200,1,0,0.3264,1,1,1,1,1,1,1,4,4,-1,[ OK ]
1421.2,17-Jul-26 13:25:39,1541,166.9,0.1523,129.1,0.298,0.5797,1.727,0,0,0,100,15.05,0.2059,404.1,200,1,0,0.322,1,1,1,1,1,1,1,4,4,-1,[ OK ]
1421.8,17-Jul-26 13:25:39,1541,166.9,0.1523,129.2,0.3013,0.5794,1.73,0,0,0,100,15.05,0.2057,403.8,200,1,0,0.3142,1,1,1,1,1,1,1,4,4,-1,[ OK ]
1422.3,17-Jul-26 13:25:40,1542,166.9,0.1523,129.3,0.3044,0.5795,1.729,0,0,0,100,15.05,0.2051,404,200,1,0,0.3229,1,1,1,1,1,1,1,4,4,-1,[ OK ]
1422.7,17-Jul-26 13:25:40,1542,166.9,0.1519,130.4,0.2987,0.5798,1.725,0,0,0,100,15.05,0.2041,404.2,200,1,0,0.3197,1,1,1,1,1,1,1,4,4,-1,[ OK ]
1423.1,17-Jul-26 13:25:41,1543,166.9,0.1519,130.4,0.2969,0.5796,1.727,0,0,0,100,15.05,0.2045,404,200,1,0,0.3128,1,1,1,1,1,1,1,4,4,-1,[ OK ]
1423.5,17-Jul-26 13:25:41,1543,166.9,0.1519,130.4,0.2981,0.5797,1.725,0,0,0,100,15.05,0.2048,404,200,1,0,0.3172,1,1,1,1,1,1,1,4,4,-1,[ OK ]
1423.9,17-Jul-26 13:25:41,1543,166.9,0.1519,130.4,0.3028,0.5793,1.73,0,0,0,100,15.05,0.2039,403.9,200,1,0,0.3196,1,1,1,1,1,1,1,4,4,-1,[ OK ]
1424.4,17-Jul-26 13:25:42,1544,166.9,0.1519,130.4,0.3011,0.5793,1.73,0,0,0,100,15.05,0.2045,404.2,200,1,0,0.3123,1,1,1,1,1,1,1,4,4,-1,[ OK ]
1424.8,17-Jul-26 13:25:42,1544,166.9,0.1523,129.1,0.3025,0.5793,1.73,0,0,0,100,15.05,0.205,403.8,200,1,0,0.3245,1,1,1,1,1,1,1,4,4,-1,[ OK ]
1425.2,17-Jul-26 13:25:43,1545,166.9,0.1518,130.4,0.3005,0.5791,1.733,0,0,0,100,15.05,0.2046,404.2,200,1,0,0.3212,1,1,1,1,1,1,1,4,4,-1,[ OK ]
1425.6,17-Jul-26 13:25:43,1545,166.9,0.1522,129.4,0.3018,0.5796,1.726,0,0,0,100,15.05,0.2036,404,200,1,0,0.3198,1,1,1,1,1,1,1,4,4,-1,[ OK ]
1426.0,17-Jul-26 13:25:43,1546,166.9,0.1518,130.4,0.2992,0.5791,1.732,0,0,0,100,15.05,0.204,403.8,200,1,0,0.3139,1,1,1,1,1,1,1,4,4,-1,[ OK ]
1426.5,17-Jul-26 13:25:44,1546,166.9,0.1519,130.4,0.2981,0.579,1.734,0,0,0,100,15.05,0.2046,403.8,200,1,0,0.3208,1,1,1,1,1,1,1,4,4,-1,[ OK ]
1426.9,17-Jul-26 13:25:44,1546,166.9,0.1523,129.3,0.3013,0.5791,1.733,0,0,0,100,15.05,0.2054,403.9,200,1,0,0.3234,1,1,1,1,1,1,1,4,4,-1,[ OK ]
1427.3,17-Jul-26 13:25:45,1547,166.9,0.1522,129.4,0.3037,0.5792,1.731,0,0,0,100,15.05,0.2045,404.2,200,1,0,0.3105,1,1,1,1,1,1,1,4,4,-1,[ OK ]
1427.7,17-Jul-26 13:25:45,1547,166.9,0.1519,130.4,0.3014,0.5796,1.727,0,0,0,100,15.05,0.2042,403.9,200,1,0,0.3256,1,1,1,1,1,1,1,4,4,-1,[ OK ]
1428.2,17-Jul-26 13:25:46,1548,166.9,0.1519,130.4,0.3041,0.5796,1.727,0,0,0,100,15.05,0.2046,403.7,200,1,0,0.3232,1,1,1,1,1,1,1,4,4,-1,[ OK ]
1428.6,17-Jul-26 13:25:46,1548,166.9,0.152,130.4,0.3029,0.5794,1.729,0,0,0,100,15.05,0.2048,403.8,200,1,0,0.3246,1,1,1,1,1,1,1,4,4,-1,[ OK ]
1429.0,17-Jul-26 13:25:46,1549,166.9,0.152,130.4,0.3037,0.5796,1.728,0,0,0,100,15.05,0.206,403.8,200,1,0,0.317,1,1,1,1,1,1,1,4,4,-1,[ OK ]
1429.4,17-Jul-26 13:25:47,1549,166.9,0.152,130.4,0.2978,0.5797,1.727,0,0,0,100,15.05,0.2043,403.9,200,1,0,0.3272,1,1,1,1,1,1,1,4,4,-1,[ OK ]
1429.8,17-Jul-26 13:25:47,1549,166.9,0.152,130.4,0.3052,0.5799,1.725,0,0,0,100,15.05,0.2046,404.2,200,1,0,0.3338,1,1,1,1,1,1,1,4,4,-1,[ OK ]
1430.3,17-Jul-26 13:25:48,1550,166.9,0.152,130.4,0.3001,0.5792,1.733,0,0,0,100,15.05,0.2037,403.8,200,1,0,0.3274,1,1,1,1,1,1,1,4,4,-1,[ OK ]
1430.7,17-Jul-26 13:25:48,1550,166.9,0.1519,130.4,0.3012,0.5792,1.733,0,0,0,100,15.05,0.2051,404.1,200,1,0,0.3124,1,1,1,1,1,1,1,4,4,-1,[ OK ]
1431.1,17-Jul-26 13:25:49,1551,166.9,0.1521,129.9,0.3014,0.5793,1.732,0,0,0,100,15.05,0.2051,404.1,200,1,0,0.3225,1,1,1,1,1,1,1,4,4,-1,[ OK ]
1431.5,17-Jul-26 13:25:49,1551,166.9,0.1524,129.1,0.3011,0.5792,1.733,0,0,0,100,15.05,0.2051,404,200,1,0,0.3269,1,1,1,1,1,1,1,4,4,-1,[ OK ]
1431.9,17-Jul-26 13:25:49,1551,166.9,0.1524,129.3,0.303,0.5795,1.729,0,0,0,100,15.05,0.2052,404.2,200,1,0,0.3215,1,1,1,1,1,1,1,4,4,-1,[ OK ]
1432.3,17-Jul-26 13:25:50,1552,166.9,0.1519,130.4,0.3022,0.579,1.735,0,0,0,100,15.05,0.2044,404,200,1,0,0.3277,1,1,1,1,1,1,1,4,4,-1,[ OK ]
1432.8,17-Jul-26 13:25:50,1552,166.9,0.1519,130.4,0.2942,0.5797,1.727,0,0,0,100,15.05,0.2062,403.8,200,1,0,0.3127,1,1,1,1,1,1,1,4,4,-1,[ OK ]
1433.2,17-Jul-26 13:25:51,1553,166.9,0.1523,129.2,0.3028,0.5797,1.727,0,0,0,100,15.05,0.2048,403.9,200,1,0,0.3235,1,1,1,1,1,1,1,4,4,-1,[ OK ]
1433.6,17-Jul-26 13:25:51,1553,166.9,0.1524,129,0.3019,0.5797,1.727,0,0,0,100,15.05,0.2051,404,200,1,0,0.3239,1,1,1,1,1,1,1,4,4,-1,[ OK ]
1434.0,17-Jul-26 13:25:51,1554,166.9,0.1519,130.4,0.3017,0.5795,1.73,0,0,0,100,15.05,0.2048,404.1,200,1,0,0.3184,1,1,1,1,1,1,1,4,4,-1,[ OK ]
1434.4,17-Jul-26 13:25:52,1554,166.9,0.1523,129.2,0.3032,0.579,1.735,0,0,0,100,15.05,0.2042,404.2,200,1,0,0.32,1,1,1,1,1,1,1,4,4,-1,[ OK ]
1434.9,17-Jul-26 13:25:52,1554,166.9,0.1518,130.4,0.2998,0.5798,1.726,0,0,0,100,15.05,0.2049,404.2,200,1,0,0.3198,1,1,1,1,1,1,1,4,4,-1,[ OK ]
1435.3,17-Jul-26 13:25:53,1555,166.9,0.1518,130.4,0.301,0.5792,1.732,0,0,0,100,15.05,0.2037,403.8,200,1,0,0.3241,1,1,1,1,1,1,1,4,4,-1,[ OK ]
1435.7,17-Jul-26 13:25:53,1555,166.9,0.1518,130.4,0.3062,0.5797,1.727,0,0,0,100,15.05,0.2045,403.7,200,1,0,0.318,1,1,1,1,1,1,1,4,4,-1,[ OK ]
1436.2,17-Jul-26 13:25:54,1556,166.9,0.1524,129,0.2994,0.5789,1.737,0,0,0,100,15.05,0.2038,403.9,200,1,0,0.3255,1,1,1,1,1,1,1,4,4,-1,[ OK ]
1436.7,17-Jul-26 13:25:54,1556,166.9,0.1522,129.4,0.3001,0.5791,1.736,0,0,0,100,15.05,0.2036,404.2,200,1,0,0.3209,1,1,1,1,1,1,1,4,4,-1,[ OK ]
1437.1,17-Jul-26 13:25:55,1557,166.9,0.1518,130.4,0.3005,0.5798,1.728,0,0,0,100,15.05,0.2041,404.1,200,1,0,0.3232,1,1,1,1,1,1,1,4,4,-1,[ OK ]
1437.5,17-Jul-26 13:25:55,1557,166.9,0.1518,130.4,0.2971,0.5797,1.727,0,0,0,100,15.05,0.2039,403.8,200,1,0,0.3101,1,1,1,1,1,1,1,4,4,-1,[ OK ]
1437.9,17-Jul-26 13:25:55,1557,166.9,0.1518,130.4,0.2994,0.58,1.724,0,0,0,100,15.05,0.2042,403.9,200,1,0,0.3147,1,1,1,1,1,1,1,4,4,-1,[ OK ]
1438.3,17-Jul-26 13:25:56,1558,166.9,0.1522,129.4,0.2991,0.5791,1.735,0,0,0,100,15.05,0.2045,404.1,200,1,0,0.3207,1,1,1,1,1,1,1,4,4,-1,[ OK ]
1438.8,17-Jul-26 13:25:56,1558,166.9,0.1523,129.1,0.3026,0.5799,1.726,0,0,0,100,15.05,0.2051,404,200,1,0,0.3183,1,1,1,1,1,1,1,4,4,-1,[ OK ]
1439.2,17-Jul-26 13:25:57,1559,166.9,0.1518,130.4,0.3068,0.5793,1.732,0,0,0,100,15.05,0.2045,404,200,1,0,0.3159,1,1,1,1,1,1,1,4,4,-1,[ OK ]
1439.6,17-Jul-26 13:25:57,1559,166.9,0.1523,129.1,0.3032,0.5791,1.735,0,0,0,100,15.05,0.2042,403.8,200,1,0,0.3168,1,1,1,1,1,1,1,4,4,-1,[ OK ]
1440.0,17-Jul-26 13:25:57,1560,166.9,0.1518,130.4,0.2963,0.5797,1.728,0,0,0,100,15.05,0.2046,403.8,200,1,0,0.3145,1,1,1,1,1,1,1,4,4,-1,[ OK ]
1440.5,17-Jul-26 13:25:58,1560,166.9,0.1518,130.4,0.2976,0.5798,1.726,0,0,0,100,15.05,0.2034,403.8,200,1,0,0.3157,1,1,1,1,1,1,1,4,4,-1,[ OK ]
1440.9,17-Jul-26 13:25:58,1560,166.9,0.1518,130.5,0.2957,0.5791,1.734,0,0,0,100,15.05,0.2042,404,200,1,0,0.3132,1,1,1,1,1,1,1,4,4,-1,[ OK ]
1441.4,17-Jul-26 13:25:59,1561,166.9,0.1518,130.4,0.3028,0.5797,1.727,0,0,0,100,15.05,0.2042,404.1,200,1,0,0.3227,1,1,1,1,1,1,1,4,4,-1,[ OK ]
1441.8,17-Jul-26 13:25:59,1561,166.9,0.1518,130.4,0.2991,0.5792,1.733,0,0,0,100,15.05,0.2044,404.2,200,1,0,0.3184,1,1,1,1,1,1,1,4,4,-1,[ OK ]
1442.2,17-Jul-26 13:26:00,1562,166.9,0.1518,130.4,0.302,0.5799,1.726,0,0,0,100,15.05,0.2037,404.2,200,1,0,0.3203,1,1,1,1,1,1,1,4,4,-1,[ OK ]
1442.6,17-Jul-26 13:26:00,1562,166.9,0.1518,130.4,0.3038,0.5798,1.726,0,0,0,100,15.05,0.2047,404.1,200,1,0,0.324,1,1,1,1,1,1,1,4,4,-1,[ OK ]
1443.1,17-Jul-26 13:26:00,1563,166.9,0.1519,130.4,0.3016,0.5796,1.727,0,0,0,100,15.05,0.2039,404.2,200,1,0,0.3216,1,1,1,1,1,1,1,4,4,-1,[ OK ]
1443.5,17-Jul-26 13:26:01,1563,166.9,0.1523,129.4,0.2958,0.5798,1.725,0,0,0,100,15.05,0.204,404.1,200,1,0,0.3227,1,1,1,1,1,1,1,4,4,-1,[ OK ]
1443.9,17-Jul-26 13:26:01,1563,166.9,0.1523,129.2,0.2957,0.5796,1.727,0,0,0,100,15.05,0.2039,404.1,200,1,0,0.3239,1,1,1,1,1,1,1,4,4,-1,[ OK ]
1444.3,17-Jul-26 13:26:02,1564,166.9,0.1522,129.4,0.3003,0.5792,1.732,0,0,0,100,15.05,0.2031,404,200,1,0,0.3259,1,1,1,1,1,1,1,4,4,-1,[ OK ]
1444.7,17-Jul-26 13:26:02,1564,166.9,0.1519,130.4,0.3022,0.5799,1.724,0,0,0,100,15.05,0.204,403.8,200,1,0,0.3209,1,1,1,1,1,1,1,4,4,-1,[ OK ]
1445.2,17-Jul-26 13:26:03,1565,166.9,0.1519,130.4,0.2989,0.5792,1.731,0,0,0,100,15.05,0.2041,403.8,200,1,0,0.3192,1,1,1,1,1,1,1,4,4,-1,[ OK ]
1445.6,17-Jul-26 13:26:03,1565,166.9,0.1522,129.3,0.2985,0.5796,1.727,0,0,0,100,15.05,0.2055,403.8,200,1,0,0.3177,1,1,1,1,1,1,1,4,4,-1,[ OK ]
1446.0,17-Jul-26 13:26:03,1566,166.9,0.1523,129,0.3059,0.5792,1.732,0,0,0,100,15.05,0.2038,404.1,200,1,0,0.3265,1,1,1,1,1,1,1,4,4,-1,[ OK ]
1446.4,17-Jul-26 13:26:04,1566,166.9,0.1522,129.3,0.3001,0.5799,1.724,0,0,0,100,15.05,0.2043,404.2,200,1,0,0.3149,1,1,1,1,1,1,1,4,4,-1,[ OK ]
1446.8,17-Jul-26 13:26:04,1566,166.9,0.1517,130.4,0.2998,0.5796,1.727,0,0,0,100,15.05,0.2043,404.2,200,1,0,0.324,1,1,1,1,1,1,1,4,4,-1,[ OK ]
1447.3,17-Jul-26 13:26:05,1567,166.9,0.1523,129.2,0.2999,0.5797,1.726,0,0,0,100,15.05,0.204,403.9,200,1,0,0.3256,1,1,1,1,1,1,1,4,4,-1,[ OK ]
1447.7,17-Jul-26 13:26:05,1567,166.9,0.1519,130.4,0.3014,0.5798,1.724,0,0,0,100,15.05,0.2045,404.1,200,1,0,0.3174,1,1,1,1,1,1,1,4,4,-1,[ OK ]
1448.1,17-Jul-26 13:26:06,1568,166.9,0.1523,129.2,0.303,0.5788,1.735,0,0,0,100,15.05,0.2047,404.2,200,1,0,0.3219,1,1,1,1,1,1,1,4,4,-1,[ OK ]
1448.5,17-Jul-26 13:26:06,1568,166.9,0.1519,130.4,0.2983,0.5794,1.727,0,0,0,100,15.05,0.2055,404.1,200,1,0,0.3152,1,1,1,1,1,1,1,4,4,-1,[ OK ]
1448.9,17-Jul-26 13:26:06,1568,166.9,0.1519,130.4,0.2988,0.5794,1.728,0,0,0,100,15.05,0.2042,404.1,200,1,0,0.3162,1,1,1,1,1,1,1,4,4,-1,[ OK ]
1449.4,17-Jul-26 13:26:07,1569,166.9,0.1519,130.4,0.2998,0.5787,1.735,0,0,0,100,15.05,0.2046,403.9,200,1,0,0.3117,1,1,1,1,1,1,1,4,4,-1,[ OK ]
1449.8,17-Jul-26 13:26:07,1569,166.9,0.1519,130.4,0.2992,0.579,1.732,0,0,0,100,15.05,0.204,403.8,200,1,0,0.3187,1,1,1,1,1,1,1,4,4,-1,[ OK ]
1450.2,17-Jul-26 13:26:08,1570,166.9,0.1519,130.4,0.2965,0.5789,1.732,0,0,0,100,15.05,0.2042,404.1,200,1,0,0.3254,1,1,1,1,1,1,1,4,4,-1,[ OK ]
1450.6,17-Jul-26 13:26:08,1570,166.9,0.1518,130.4,0.3023,0.5797,1.724,0,0,0,100,15.05,0.2035,403.9,200,1,0,0.3167,1,1,1,1,1,1,1,4,4,-1,[ OK ]
1451.2,17-Jul-26 13:26:09,1571,166.9,0.1523,129.1,0.3015,0.5796,1.724,0,0,0,100,15.05,0.2044,404.2,200,1,0,0.3284,1,1,1,1,1,1,1,4,4,-1,[ OK ]
1451.6,17-Jul-26 13:26:09,1571,166.9,0.1525,128.7,0.2989,0.5794,1.726,0,0,0,100,15.05,0.2028,403.8,200,1,0,0.3282,1,1,1,1,1,1,1,4,4,-1,[ OK ]
1452.0,17-Jul-26 13:26:09,1572,166.9,0.1518,130.4,0.2995,0.5797,1.723,0,0,0,100,15.05,0.2035,404,200,1,0,0.3167,1,1,1,1,1,1,1,4,4,-1,[ OK ]
1452.4,17-Jul-26 13:26:10,1572,166.9,0.1518,130.4,0.2985,0.5797,1.724,0,0,0,100,15.05,0.2046,403.8,200,1,0,0.3138,1,1,1,1,1,1,1,4,4,-1,[ OK ]
1452.8,17-Jul-26 13:26:10,1572,166.9,0.1517,130.4,0.2962,0.5788,1.735,0,0,0,100,15.05,0.204,404.2,200,1,0,0.3146,1,1,1,1,1,1,1,4,4,-1,[ OK ]
1453.3,17-Jul-26 13:26:11,1573,166.9,0.1521,129.3,0.2997,0.5795,1.727,0,0,0,100,15.05,0.2043,403.8,200,1,0,0.3378,1,1,1,1,1,1,1,4,4,-1,[ OK ]
1453.7,17-Jul-26 13:26:11,1573,166.9,0.1517,130.4,0.3002,0.579,1.733,0,0,0,100,15.05,0.2043,404.2,200,1,0,0.3238,1,1,1,1,1,1,1,4,4,-1,[ OK ]
1454.1,17-Jul-26 13:26:12,1574,166.9,0.1524,128.9,0.3001,0.5791,1.732,0,0,0,100,15.05,0.2043,403.8,200,1,0,0.3188,1,1,1,1,1,1,1,4,4,-1,[ OK ]
1454.5,17-Jul-26 13:26:12,1574,166.9,0.1519,130.4,0.3001,0.5789,1.734,0,0,0,100,15.05,0.2035,404,200,1,0,0.328,1,1,1,1,1,1,1,4,4,-1,[ OK ]
1454.9,17-Jul-26 13:26:12,1574,166.9,0.1519,130.4,0.2996,0.5795,1.727,0,0,0,100,15.05,0.2035,404.1,200,1,0,0.3244,1,1,1,1,1,1,1,4,4,-1,[ OK ]
1455.4,17-Jul-26 13:26:13,1575,166.9,0.1523,129.2,0.2997,0.5791,1.732,0,0,0,100,15.05,0.2043,403.8,200,1,0,0.3214,1,1,1,1,1,1,1,4,4,-1,[ OK ]
1455.8,17-Jul-26 13:26:13,1575,166.9,0.1519,130.4,0.3009,0.5796,1.726,0,0,0,100,15.05,0.2036,404.1,200,1,0,0.3191,1,1,1,1,1,1,1,4,4,-1,[ OK ]
1456.2,17-Jul-26 13:26:14,1576,166.9,0.1522,129.3,0.3004,0.5789,1.734,0,0,0,100,15.05,0.2045,404.1,200,1,0,0.3317,1,1,1,1,1,1,1,4,4,-1,[ OK ]
1456.6,17-Jul-26 13:26:14,1576,166.9,0.1518,130.4,0.2998,0.5791,1.733,0,0,0,100,15.05,0.2046,404.1,200,1,0,0.3175,1,1,1,1,1,1,1,4,4,-1,[ OK ]
1457.0,17-Jul-26 13:26:14,1577,166.9,0.1519,130.4,0.3011,0.5799,1.723,0,0,0,100,15.05,0.2034,404.1,200,1,0,0.3218,1,1,1,1,1,1,1,4,4,-1,[ OK ]
1457.5,17-Jul-26 13:26:15,1577,166.9,0.1523,129.4,0.3009,0.5796,1.727,0,0,0,100,15.05,0.2048,403.8,200,1,0,0.3147,1,1,1,1,1,1,1,4,4,-1,[ OK ]
1457.9,17-Jul-26 13:26:15,1577,166.9,0.1518,130.4,0.3002,0.5791,1.734,0,0,0,100,15.05,0.2042,404.2,200,1,0,0.3194,1,1,1,1,1,1,1,4,4,-1,[ OK ]
1458.3,17-Jul-26 13:26:16,1578,166.9,0.1519,130.4,0.3054,0.5796,1.727,0,0,0,100,15.05,0.2043,403.8,200,1,0,0.3135,1,1,1,1,1,1,1,4,4,-1,[ OK ]
1458.7,17-Jul-26 13:26:16,1578,166.9,0.1518,130.5,0.2994,0.5791,1.733,0,0,0,100,15.05,0.2043,403.8,200,1,0,0.3209,1,1,1,1,1,1,1,4,4,-1,[ OK ]
1459.1,17-Jul-26 13:26:17,1579,166.9,0.1519,130.4,0.3013,0.5798,1.725,0,0,0,100,15.05,0.2052,403.8,200,1,0,0.3148,1,1,1,1,1,1,1,4,4,-1,[ OK ]
1459.5,17-Jul-26 13:26:17,1579,166.9,0.1523,129.1,0.3023,0.5792,1.733,0,0,0,100,15.05,0.205,404.1,200,1,0,0.32,1,1,1,1,1,1,1,4,4,-1,[ OK ]
1459.9,17-Jul-26 13:26:17,1579,166.9,0.1523,129.2,0.3008,0.5791,1.733,0,0,0,100,15.05,0.2048,403.6,200,1,0,0.3191,1,1,1,1,1,1,1,4,4,-1,[ OK ]
1460.3,17-Jul-26 13:26:18,1580,166.9,0.1523,129.3,0.3013,0.5789,1.735,0,0,0,100,15.05,0.2049,404,200,1,0,0.3256,1,1,1,1,1,1,1,4,4,-1,[ OK ]
1460.7,17-Jul-26 13:26:18,1580,166.9,0.1519,130.4,0.2986,0.579,1.734,0,0,0,100,15.05,0.2041,404,200,1,0,0.3192,1,1,1,1,1,1,1,4,4,-1,[ OK ]
1461.1,17-Jul-26 13:26:18,1581,166.9,0.1517,130.8,0.2987,0.5798,1.725,0,0,0,100,15.05,0.204,403.9,200,1,0,0.3125,1,1,1,1,1,1,1,4,4,-1,[ OK ]
1461.5,17-Jul-26 13:26:19,1581,166.9,0.1519,130.4,0.3013,0.579,1.735,0,0,0,100,15.05,0.2044,404,200,1,0,0.3094,1,1,1,1,1,1,1,4,4,-1,[ OK ]
1461.9,17-Jul-26 13:26:19,1581,166.9,0.1523,129.5,0.2999,0.5794,1.73,0,0,0,100,15.05,0.205,403.8,200,1,0,0.318,1,1,1,1,1,1,1,4,4,-1,[ OK ]
1462.3,17-Jul-26 13:26:20,1582,166.9,0.1523,129.3,0.2985,0.5791,1.734,0,0,0,100,15.05,0.205,403.8,200,1,0,0.3188,1,1,1,1,1,1,1,4,4,-1,[ OK ]
1462.8,17-Jul-26 13:26:20,1582,166.9,0.1519,130.4,0.301,0.5798,1.726,0,0,0,100,15.05,0.2043,403.8,200,1,0,0.3194,1,1,1,1,1,1,1,4,4,-1,[ OK ]
1463.2,17-Jul-26 13:26:21,1583,166.9,0.1524,129.1,0.3017,0.5795,1.729,0,0,0,100,15.05,0.204,404.2,200,1,0,0.3291,1,1,1,1,1,1,1,4,4,-1,[ OK ]
1463.7,17-Jul-26 13:26:21,1583,166.9,0.1519,130.4,0.3012,0.5796,1.727,0,0,0,100,15.05,0.205,403.9,200,1,0,0.3225,1,1,1,1,1,1,1,4,4,-1,[ OK ]
1464.1,17-Jul-26 13:26:21,1584,166.9,0.1524,128.9,0.3013,0.579,1.735,0,0,0,100,15.05,0.2045,403.8,200,1,0,0.3231,1,1,1,1,1,1,1,4,4,-1,[ OK ]
1464.5,17-Jul-26 13:26:22,1584,166.9,0.1518,130.4,0.301,0.5791,1.734,0,0,0,100,15.05,0.2043,404.1,200,1,0,0.3181,1,1,1,1,1,1,1,4,4,-1,[ OK ]
1464.9,17-Jul-26 13:26:22,1584,166.9,0.1521,129.6,0.3006,0.5796,1.727,0,0,0,100,15.05,0.2043,403.8,200,1,0,0.3183,1,1,1,1,1,1,1,4,4,-1,[ OK ]
1465.3,17-Jul-26 13:26:23,1585,166.9,0.1518,130.4,0.3017,0.5796,1.727,0,0,0,100,15.05,0.2031,404,200,1,0,0.321,1,1,1,1,1,1,1,4,4,-1,[ OK ]
1465.8,17-Jul-26 13:26:23,1585,166.9,0.1523,129.2,0.2996,0.579,1.733,0,0,0,100,15.05,0.2043,403.8,200,1,0,0.3221,1,1,1,1,1,1,1,4,4,-1,[ OK ]
1466.2,17-Jul-26 13:26:24,1586,166.9,0.1522,129.4,0.301,0.579,1.733,0,0,0,100,15.05,0.2039,404.2,200,1,0,0.3163,1,1,1,1,1,1,1,4,4,-1,[ OK ]
1466.6,17-Jul-26 13:26:24,1586,166.9,0.1524,129,0.301,0.5795,1.729,0,0,0,100,15.05,0.2054,403.8,200,1,0,0.3282,1,1,1,1,1,1,1,4,4,-1,[ OK ]
1467.0,17-Jul-26 13:26:24,1587,166.9,0.1518,130.4,0.2997,0.5792,1.732,0,0,0,100,15.05,0.2041,404.2,200,1,0,0.3244,1,1,1,1,1,1,1,4,4,-1,[ OK ]
1467.4,17-Jul-26 13:26:25,1587,166.9,0.1518,130.4,0.3013,0.58,1.724,0,0,0,100,15.05,0.2049,403.8,200,1,0,0.3236,1,1,1,1,1,1,1,4,4,-1,[ OK ]
1467.9,17-Jul-26 13:26:25,1587,166.9,0.1519,130.4,0.3057,0.5791,1.734,0,0,0,100,15.05,0.203,404,200,1,0,0.3171,1,1,1,1,1,1,1,4,4,-1,[ OK ]
1468.3,17-Jul-26 13:26:26,1588,166.9,0.1519,130.4,0.3013,0.5792,1.732,0,0,0,100,15.05,0.2046,403.8,200,1,0,0.3185,1,1,1,1,1,1,1,4,4,-1,[ OK ]
1468.7,17-Jul-26 13:26:26,1588,166.9,0.1519,130.4,0.3008,0.5792,1.731,0,0,0,100,15.05,0.2047,404.1,200,1,0,0.3173,1,1,1,1,1,1,1,4,4,-1,[ OK ]
1469.1,17-Jul-26 13:26:27,1589,166.9,0.152,130.4,0.3017,0.5789,1.736,0,0,0,100,15.05,0.204,403.8,200,1,0,0.3193,1,1,1,1,1,1,1,4,4,-1,[ OK ]
1469.5,17-Jul-26 13:26:27,1589,166.9,0.152,130.4,0.2997,0.579,1.735,0,0,0,100,15.05,0.2043,403.8,200,1,0,0.3167,1,1,1,1,1,1,1,4,4,-1,[ OK ]
1470.0,17-Jul-26 13:26:27,1589,166.9,0.152,130.4,0.3051,0.5796,1.728,0,0,0,100,15.05,0.2046,403.9,200,1,0,0.3103,1,1,1,1,1,1,1,4,4,-1,[ OK ]
1470.4,17-Jul-26 13:26:28,1590,166.9,0.1524,129.2,0.301,0.5792,1.733,0,0,0,100,15.05,0.2047,404,200,1,0,0.3209,1,1,1,1,1,1,1,4,4,-1,[ OK ]
1470.8,17-Jul-26 13:26:28,1590,166.9,0.1519,130.4,0.3012,0.5798,1.726,0,0,0,100,15.05,0.2042,403.8,200,1,0,0.3124,1,1,1,1,1,1,1,4,4,-1,[ OK ]
1471.2,17-Jul-26 13:26:29,1591,166.9,0.152,130.4,0.2985,0.5799,1.725,0,0,0,100,15.05,0.2051,404.1,200,1,0,0.3143,1,1,1,1,1,1,1,4,4,-1,[ OK ]
1471.6,17-Jul-26 13:26:29,1591,166.9,0.152,130.4,0.2959,0.5791,1.734,0,0,0,100,15.05,0.2036,403.8,200,1,0,0.3224,1,1,1,1,1,1,1,4,4,-1,[ OK ]
1472.1,17-Jul-26 13:26:29,1592,166.9,0.152,130.4,0.3015,0.5795,1.729,0,0,0,100,15.05,0.2036,404,200,1,0,0.324,1,1,1,1,1,1,1,4,4,-1,[ OK ]
1472.5,17-Jul-26 13:26:30,1592,166.9,0.1519,130.4,0.2997,0.5797,1.727,0,0,0,100,15.05,0.2039,403.9,200,1,0,0.319,1,1,1,1,1,1,1,4,4,-1,[ OK ]
1472.9,17-Jul-26 13:26:30,1592,166.9,0.1524,129.1,0.3005,0.5793,1.732,0,0,0,100,15.05,0.2046,404.2,200,1,0,0.3277,1,1,1,1,1,1,1,4,4,-1,[ OK ]
1473.4,17-Jul-26 13:26:31,1593,166.9,0.1519,130.5,0.2985,0.5792,1.733,0,0,0,100,15.05,0.2054,404.1,200,1,0,0.3129,1,1,1,1,1,1,1,4,4,-1,[ OK ]
1473.8,17-Jul-26 13:26:31,1593,166.9,0.1519,130.4,0.3046,0.5793,1.731,0,0,0,100,15.05,0.2034,403.9,200,1,0,0.3189,1,1,1,1,1,1,1,4,4,-1,[ OK ]
1474.3,17-Jul-26 13:26:32,1594,166.9,0.1524,129.3,0.306,0.5789,1.736,0,0,0,100,15.05,0.2042,404.1,200,1,0,0.3215,1,1,1,1,1,1,1,4,4,-1,[ OK ]
1474.7,17-Jul-26 13:26:32,1594,166.9,0.1519,130.4,0.3004,0.5798,1.725,0,0,0,100,15.05,0.2046,404.1,200,1,0,0.318,1,1,1,1,1,1,1,4,4,-1,[ OK ]
1475.1,17-Jul-26 13:26:33,1595,166.9,0.1519,130.4,0.3,0.5797,1.726,0,0,0,100,15.05,0.2037,403.9,200,1,0,0.3302,1,1,1,1,1,1,1,4,4,-1,[ OK ]
1475.6,17-Jul-26 13:26:33,1595,166.9,0.1519,130.4,0.3025,0.579,1.735,0,0,0,100,15.05,0.2045,404.1,200,1,0,0.3102,1,1,1,1,1,1,1,4,4,-1,[ OK ]
1476.2,17-Jul-26 13:26:34,1596,166.9,0.1523,129.4,0.2971,0.5797,1.726,0,0,0,100,15.05,0.2037,403.8,200,1,0,0.3199,1,1,1,1,1,1,1,4,4,-1,[ OK ]
1476.6,17-Jul-26 13:26:34,1596,166.9,0.1519,130.4,0.3021,0.5795,1.729,0,0,0,100,15.05,0.2043,404.1,200,1,0,0.3165,1,1,1,1,1,1,1,4,4,-1,[ OK ]
1477.0,17-Jul-26 13:26:34,1596,166.9,0.1526,128.3,0.3004,0.5795,1.728,0,0,0,100,15.05,0.204,404.1,200,1,0,0.3196,1,1,1,1,1,1,1,4,4,-1,[ OK ]
1477.4,17-Jul-26 13:26:35,1597,166.9,0.1518,130.4,0.2962,0.5796,1.727,0,0,0,100,15.05,0.2039,404.1,200,1,0,0.3173,1,1,1,1,1,1,1,4,4,-1,[ OK ]
1477.8,17-Jul-26 13:26:35,1597,166.9,0.1518,130.4,0.2954,0.5797,1.725,0,0,0,100,15.05,0.2054,404.1,200,1,0,0.3121,1,1,1,1,1,1,1,4,4,-1,[ OK ]
1478.2,17-Jul-26 13:26:36,1598,166.9,0.1518,130.4,0.3036,0.5796,1.727,0,0,0,100,15.05,0.204,403.8,200,1,0,0.3139,1,1,1,1,1,1,1,4,4,-1,[ OK ]
1478.8,17-Jul-26 13:26:36,1598,166.9,0.1522,129.3,0.2975,0.5791,1.732,0,0,0,100,15.05,0.2031,404.1,200,1,0,0.3223,1,1,1,1,1,1,1,4,4,-1,[ OK ]
1479.3,17-Jul-26 13:26:37,1599,166.9,0.1517,130.4,0.3004,0.5797,1.726,0,0,0,100,15.05,0.2031,404.1,200,1,0,0.3176,1,1,1,1,1,1,1,4,4,-1,[ OK ]
1479.7,17-Jul-26 13:26:37,1599,166.9,0.1522,129,0.3005,0.579,1.734,0,0,0,100,15.05,0.2041,404.2,200,1,0,0.3206,1,1,1,1,1,1,1,4,4,-1,[ OK ]
1480.1,17-Jul-26 13:26:38,1600,166.9,0.1517,130.4,0.3008,0.579,1.734,0,0,0,100,15.05,0.2037,403.8,200,1,0,0.3084,1,1,1,1,1,1,1,4,4,-1,[ OK ]
1480.6,17-Jul-26 13:26:38,1600,166.9,0.1517,130.4,0.3036,0.5797,1.725,0,0,0,100,15.05,0.2047,404,200,1,0,0.2951,1,1,1,1,1,1,1,4,4,-1,[ OK ]
1481.0,17-Jul-26 13:26:38,1600,166.9,0.1522,129.2,0.2996,0.5797,1.726,0,0,0,100,15.05,0.2037,403.9,200,1,0,0.3217,1,1,1,1,1,1,1,4,4,-1,[ OK ]
1481.4,17-Jul-26 13:26:39,1601,166.9,0.1517,130.4,0.2972,0.5792,1.732,0,0,0,100,15.05,0.2049,404.1,200,1,0,0.3162,1,1,1,1,1,1,1,4,4,-1,[ OK ]
1481.8,17-Jul-26 13:26:39,1601,166.9,0.1518,130.4,0.3043,0.5797,1.725,0,0,0,100,15.05,0.204,403.8,200,1,0,0.3185,1,1,1,1,1,1,1,4,4,-1,[ OK ]
1482.3,17-Jul-26 13:26:40,1602,166.9,0.1518,130.4,0.2982,0.5798,1.725,0,0,0,100,15.05,0.2045,404.1,200,1,0,0.3216,1,1,1,1,1,1,1,4,4,-1,[ OK ]
1482.8,17-Jul-26 13:26:40,1602,166.9,0.1519,130.4,0.3006,0.5796,1.727,0,0,0,100,15.05,0.204,403.9,200,1,0,0.323,1,1,1,1,1,1,1,4,4,-1,[ OK ]
1483.2,17-Jul-26 13:26:41,1603,166.9,0.1519,130.4,0.2982,0.579,1.733,0,0,0,100,15.05,0.2046,403.8,200,1,0,0.3227,1,1,1,1,1,1,1,4,4,-1,[ OK ]
1483.6,17-Jul-26 13:26:41,1603,166.9,0.152,130.4,0.2993,0.579,1.735,0,0,0,100,15.05,0.2052,403.8,200,1,0,0.3165,1,1,1,1,1,1,1,4,4,-1,[ OK ]
1484.0,17-Jul-26 13:26:41,1604,166.9,0.1523,129.4,0.2982,0.5791,1.733,0,0,0,100,15.05,0.2036,404,200,1,0,0.3221,1,1,1,1,1,1,1,4,4,-1,[ OK ]
1484.4,17-Jul-26 13:26:42,1604,166.9,0.1519,130.4,0.2972,0.5788,1.736,0,0,0,100,15.05,0.2032,403.9,200,1,0,0.3219,1,1,1,1,1,1,1,4,4,-1,[ OK ]
1484.8,17-Jul-26 13:26:42,1604,166.9,0.152,130.4,0.2974,0.5794,1.73,0,0,0,100,15.05,0.2046,404.2,200,1,0,0.3091,1,1,1,1,1,1,1,4,4,-1,[ OK ]
1485.3,17-Jul-26 13:26:43,1605,166.9,0.152,130.4,0.3041,0.5791,1.732,0,0,0,100,15.05,0.2037,403.9,200,1,0,0.3163,1,1,1,1,1,1,1,4,4,-1,[ OK ]
1485.7,17-Jul-26 13:26:43,1605,166.9,0.152,130.4,0.2977,0.5797,1.725,0,0,0,100,15.05,0.2042,404.2,200,1,0,0.3252,1,1,1,1,1,1,1,4,4,-1,[ OK ]
1486.1,17-Jul-26 13:26:44,1606,166.9,0.1524,129.4,0.2983,0.5796,1.725,0,0,0,100,15.05,0.205,404.2,200,1,0,0.319,1,1,1,1,1,1,1,4,4,-1,[ OK ]
1486.5,17-Jul-26 13:26:44,1606,166.9,0.1524,129.2,0.2986,0.579,1.734,0,0,0,100,15.05,0.2044,404.2,200,1,0,0.3202,1,1,1,1,1,1,1,4,4,-1,[ OK ]
1487.0,17-Jul-26 13:26:44,1606,166.9,0.1519,130.4,0.299,0.5797,1.725,0,0,0,100,15.05,0.2044,403.8,200,1,0,0.3184,1,1,1,1,1,1,1,4,4,-1,[ OK ]
1487.4,17-Jul-26 13:26:45,1607,166.9,0.1519,130.4,0.2991,0.579,1.734,0,0,0,100,15.05,0.2047,403.9,200,1,0,0.3184,1,1,1,1,1,1,1,4,4,-1,[ OK ]
1487.8,17-Jul-26 13:26:45,1607,166.9,0.1519,130.4,0.304,0.5797,1.725,0,0,0,100,15.05,0.2037,403.8,200,1,0,0.3202,1,1,1,1,1,1,1,4,4,-1,[ OK ]
1488.2,17-Jul-26 13:26:46,1608,166.9,0.1519,130.4,0.2995,0.5794,1.729,0,0,0,100,15.05,0.2039,403.9,200,1,0,0.323,1,1,1,1,1,1,1,4,4,-1,[ OK ]
1488.6,17-Jul-26 13:26:46,1608,166.9,0.1519,130.4,0.2954,0.579,1.734,0,0,0,100,15.05,0.2036,404,200,1,0,0.318,1,1,1,1,1,1,1,4,4,-1,[ OK ]
1489.1,17-Jul-26 13:26:46,1609,166.9,0.1524,129.2,0.3007,0.5795,1.728,0,0,0,100,15.05,0.204,403.8,200,1,0,0.3211,1,1,1,1,1,1,1,4,4,-1,[ OK ]
1489.5,17-Jul-26 13:26:47,1609,166.9,0.1519,130.4,0.3016,0.5796,1.727,0,0,0,100,15.05,0.2027,404.2,200,1,0,0.3228,1,1,1,1,1,1,1,4,4,-1,[ OK ]
1489.9,17-Jul-26 13:26:47,1609,166.9,0.152,130.4,0.3025,0.5791,1.734,0,0,0,100,15.05,0.2052,403.9,200,1,0,0.3181,1,1,1,1,1,1,1,4,4,-1,[ OK ]
1490.3,17-Jul-26 13:26:48,1610,166.9,0.152,130.4,0.3,0.5796,1.728,0,0,0,100,15.05,0.2025,404,200,1,0,0.3295,1,1,1,1,1,1,1,4,4,-1,[ OK ]
1490.7,17-Jul-26 13:26:48,1610,166.9,0.152,130.4,0.297,0.5792,1.733,0,0,0,100,15.05,0.2047,403.8,200,1,0,0.3106,1,1,1,1,1,1,1,4,4,-1,[ OK ]
1491.1,17-Jul-26 13:26:49,1611,166.9,0.152,130.4,0.3021,0.5799,1.724,0,0,0,100,15.05,0.204,404.1,200,1,0,0.3255,1,1,1,1,1,1,1,4,4,-1,[ OK ]
1491.6,17-Jul-26 13:26:49,1611,166.9,0.152,130.4,0.303,0.5792,1.732,0,0,0,100,15.05,0.2037,404.1,200,1,0,0.3185,1,1,1,1,1,1,1,4,4,-1,[ OK ]
1492.0,17-Jul-26 13:26:49,1611,166.9,0.152,130.4,0.2994,0.5793,1.731,0,0,0,100,15.05,0.2045,403.8,200,1,0,0.3111,1,1,1,1,1,1,1,4,4,-1,[ OK ]
1492.4,17-Jul-26 13:26:50,1612,166.9,0.152,130.4,0.2972,0.5795,1.728,0,0,0,100,15.05,0.204,404,200,1,0,0.3122,1,1,1,1,1,1,1,4,4,-1,[ OK ]
1492.8,17-Jul-26 13:26:50,1612,166.9,0.1524,129,0.2982,0.5792,1.732,0,0,0,100,15.05,0.2038,404.2,200,1,0,0.3211,1,1,1,1,1,1,1,4,4,-1,[ OK ]
1493.2,17-Jul-26 13:26:51,1613,166.9,0.1519,130.4,0.2973,0.5795,1.728,0,0,0,100,15.05,0.2036,404,200,1,0,0.3229,1,1,1,1,1,1,1,4,4,-1,[ OK ]
1493.7,17-Jul-26 13:26:51,1613,166.9,0.1519,130.4,0.3003,0.5797,1.726,0,0,0,100,15.05,0.2042,404.2,200,1,0,0.3198,1,1,1,1,1,1,1,4,4,-1,[ OK ]
1494.1,17-Jul-26 13:26:52,1614,166.9,0.1519,130.4,0.2993,0.5795,1.727,0,0,0,100,15.05,0.204,404.2,200,1,0,0.3281,1,1,1,1,1,1,1,4,4,-1,[ OK ]
1494.5,17-Jul-26 13:26:52,1614,166.9,0.1519,130.4,0.2991,0.5792,1.73,0,0,0,100,15.05,0.2046,404.1,200,1,0,0.3099,1,1,1,1,1,1,1,4,4,-1,[ OK ]
1494.9,17-Jul-26 13:26:52,1614,166.9,0.1519,130.4,0.2984,0.5794,1.728,0,0,0,100,15.05,0.2042,404.2,200,1,0,0.3202,1,1,1,1,1,1,1,4,4,-1,[ OK ]
1495.3,17-Jul-26 13:26:53,1615,166.9,0.152,130.4,0.2999,0.5796,1.726,0,0,0,100,15.05,0.2047,404.1,200,1,0,0.3208,1,1,1,1,1,1,1,4,4,-1,[ OK ]
1495.8,17-Jul-26 13:26:53,1615,166.9,0.152,130.4,0.2998,0.5797,1.726,0,0,0,100,15.05,0.2054,404.1,200,1,0,0.3166,1,1,1,1,1,1,1,4,4,-1,[ OK ]
1496.2,17-Jul-26 13:26:54,1616,166.9,0.1519,130.4,0.2978,0.5788,1.737,0,0,0,100,15.05,0.2049,404.1,200,1,0,0.3137,1,1,1,1,1,1,1,4,4,-1,[ OK ]
1496.5,17-Jul-26 13:26:54,1616,166.9,0.152,130.4,0.3005,0.5796,1.729,0,0,0,100,15.05,0.2049,404.2,200,1,0,0.3207,1,1,1,1,1,1,1,4,4,-1,[ OK ]
1496.9,17-Jul-26 13:26:54,1616,166.9,0.1519,130.4,0.2999,0.5797,1.727,0,0,0,100,15.05,0.2045,404.1,200,1,0,0.3155,1,1,1,1,1,1,1,4,4,-1,[ OK ]
1497.3,17-Jul-26 13:26:55,1617,166.9,0.152,130.4,0.3005,0.5798,1.725,0,0,0,100,15.05,0.2034,404,200,1,0,0.3225,1,1,1,1,1,1,1,4,4,-1,[ OK ]
1497.8,17-Jul-26 13:26:55,1617,166.9,0.152,130.4,0.3034,0.5796,1.728,0,0,0,100,15.05,0.2038,403.9,200,1,0,0.3198,1,1,1,1,1,1,1,4,4,-1,[ OK ]
1498.2,17-Jul-26 13:26:56,1618,166.9,0.1524,129.3,0.3008,0.5797,1.727,0,0,0,100,15.05,0.2035,404.1,200,1,0,0.3233,1,1,1,1,1,1,1,4,4,-1,[ OK ]
1498.6,17-Jul-26 13:26:56,1618,166.9,0.152,130.4,0.3028,0.5797,1.728,0,0,0,100,15.05,0.2043,404.1,200,1,0,0.311,1,1,1,1,1,1,1,4,4,-1,[ OK ]
1499.0,17-Jul-26 13:26:56,1619,166.9,0.1519,130.4,0.2961,0.5792,1.733,0,0,0,100,15.05,0.2041,404,200,1,0,0.3178,1,1,1,1,1,1,1,4,4,-1,[ OK ]
1499.4,17-Jul-26 13:26:57,1619,166.9,0.1525,128.9,0.2961,0.5791,1.734,0,0,0,100,15.05,0.2045,404,200,1,0,0.3188,1,1,1,1,1,1,1,4,4,-1,[ OK ]
1499.9,17-Jul-26 13:26:57,1619,166.9,0.1519,130.4,0.3029,0.5797,1.728,0,0,0,100,15.05,0.2047,404.1,200,1,0,0.3205,1,1,1,1,1,1,1,4,4,-1,[ OK ]
1500.3,17-Jul-26 13:26:58,1620,166.9,0.1519,130.4,0.2969,0.5793,1.732,0,0,0,100,15.05,0.2044,404,200,1,0,0.3081,1,1,1,1,1,1,1,4,4,-1,[ OK ]
1500.7,17-Jul-26 13:26:58,1620,166.9,0.1519,130.4,0.2985,0.5798,1.725,0,0,0,100,15.05,0.2041,404.1,200,1,0,0.3106,1,1,1,1,1,1,1,4,4,-1,[ OK ]
1501.1,17-Jul-26 13:26:59,1621,166.9,0.1519,130.4,0.2997,0.579,1.735,0,0,0,100,15.05,0.2047,404.1,200,1,0,0.3088,1,1,1,1,1,1,1,4,4,-1,[ OK ]
1501.5,17-Jul-26 13:26:59,1621,166.9,0.1525,128.7,0.2972,0.5797,1.727,0,0,0,100,15.05,0.2038,403.8,200,1,0,0.3214,1,1,1,1,1,1,1,4,4,-1,[ OK ]
1502.1,17-Jul-26 13:26:59,1622,166.9,0.1519,130.4,0.3035,0.5796,1.728,0,0,0,100,15.05,0.2044,403.8,200,1,0,0.3236,1,1,1,1,1,1,1,4,4,-1,[ OK ]
1502.5,17-Jul-26 13:27:00,1622,166.9,0.1519,130.4,0.3012,0.5797,1.726,0,0,0,100,15.05,0.2047,404,200,1,0,0.3157,1,1,1,1,1,1,1,4,4,-1,[ OK ]
1502.9,17-Jul-26 13:27:00,1622,166.9,0.1519,130.4,0.2978,0.5795,1.728,0,0,0,100,15.05,0.2047,404.1,200,1,0,0.3193,1,1,1,1,1,1,1,4,4,-1,[ OK ]
1503.3,17-Jul-26 13:27:01,1623,166.9,0.1526,128.8,0.2994,0.5796,1.726,0,0,0,100,15.05,0.2035,404,200,1,0,0.3242,1,1,1,1,1,1,1,4,4,-1,[ OK ]
1503.7,17-Jul-26 13:27:01,1623,166.9,0.152,130.4,0.3,0.5791,1.733,0,0,0,100,15.05,0.2046,404.1,200,1,0,0.3217,1,1,1,1,1,1,1,4,4,-1,[ OK ]
1504.2,17-Jul-26 13:27:02,1624,166.9,0.1524,129.2,0.301,0.5788,1.736,0,0,0,100,15.05,0.2034,404.2,200,1,0,0.3249,1,1,1,1,1,1,1,4,4,-1,[ OK ]
1504.6,17-Jul-26 13:27:02,1624,166.9,0.152,130.4,0.3044,0.5796,1.727,0,0,0,100,15.05,0.2042,404.2,200,1,0,0.319,1,1,1,1,1,1,1,4,4,-1,[ OK ]
1505.0,17-Jul-26 13:27:02,1625,166.9,0.152,130.4,0.3005,0.5797,1.726,0,0,0,100,15.05,0.2047,404.1,200,1,0,0.3171,1,1,1,1,1,1,1,4,4,-1,[ OK ]
1505.4,17-Jul-26 13:27:03,1625,166.9,0.1519,130.4,0.2965,0.5789,1.735,0,0,0,100,15.05,0.2051,404,200,1,0,0.3315,1,1,1,1,1,1,1,4,4,-1,[ OK ]
1505.8,17-Jul-26 13:27:03,1625,166.9,0.1524,129.2,0.2981,0.579,1.735,0,0,0,100,15.05,0.2051,403.9,200,1,0,0.3233,1,1,1,1,1,1,1,4,4,-1,[ OK ]
1506.3,17-Jul-26 13:27:04,1626,166.9,0.1519,130.4,0.3005,0.5789,1.736,0,0,0,100,15.05,0.2035,404.1,200,1,0,0.3173,1,1,1,1,1,1,1,4,4,-1,[ OK ]
1506.7,17-Jul-26 13:27:04,1626,166.9,0.1519,130.4,0.2984,0.5797,1.727,0,0,0,100,15.05,0.2036,403.8,200,1,0,0.2984,1,1,1,1,1,1,1,4,4,-1,[ OK ]
1507.1,17-Jul-26 13:27:05,1627,166.9,0.1524,129.2,0.3006,0.5794,1.729,0,0,0,100,15.05,0.2039,403.8,200,1,0,0.3272,1,1,1,1,1,1,1,4,4,-1,[ OK ]
1507.5,17-Jul-26 13:27:05,1627,166.9,0.1524,129,0.3013,0.5798,1.724,0,0,0,100,15.05,0.2046,404.1,200,1,0,0.3181,1,1,1,1,1,1,1,4,4,-1,[ OK ]
1507.9,17-Jul-26 13:27:05,1627,166.9,0.1519,130.4,0.3011,0.5798,1.724,0,0,0,100,15.05,0.2038,404.1,200,1,0,0.3173,1,1,1,1,1,1,1,4,4,-1,[ OK ]
1508.4,17-Jul-26 13:27:06,1628,166.9,0.1523,129.2,0.3011,0.5789,1.735,0,0,0,100,15.05,0.2035,404.1,200,1,0,0.326,1,1,1,1,1,1,1,4,4,-1,[ OK ]
1508.8,17-Jul-26 13:27:06,1628,166.9,0.1519,130.4,0.3023,0.5796,1.727,0,0,0,100,15.05,0.2046,404,200,1,0,0.3093,1,1,1,1,1,1,1,4,4,-1,[ OK ]
1509.2,17-Jul-26 13:27:07,1629,166.9,0.1524,128.9,0.2991,0.579,1.735,0,0,0,100,15.05,0.2044,404.1,200,1,0,0.319,1,1,1,1,1,1,1,4,4,-1,[ OK ]
1509.6,17-Jul-26 13:27:07,1629,166.9,0.1523,129.4,0.2973,0.5797,1.727,0,0,0,100,15.05,0.2051,404.2,200,1,0,0.3148,1,1,1,1,1,1,1,4,4,-1,[ OK ]
1510.0,17-Jul-26 13:27:07,1630,166.9,0.1524,128.9,0.3009,0.5789,1.735,0,0,0,100,15.05,0.2037,404.1,200,1,0,0.3181,1,1,1,1,1,1,1,4,4,-1,[ OK ]
1510.5,17-Jul-26 13:27:08,1630,166.9,0.1523,129.1,0.3003,0.5791,1.733,0,0,0,100,15.05,0.204,404,200,1,0,0.3209,1,1,1,1,1,1,1,4,4,-1,[ OK ]
1510.9,17-Jul-26 13:27:08,1630,166.9,0.1522,129.3,0.3013,0.579,1.735,0,0,0,100,15.05,0.2047,403.8,200,1,0,0.3179,1,1,1,1,1,1,1,4,4,-1,[ OK ]
1511.3,17-Jul-26 13:27:09,1631,166.9,0.1522,129.3,0.2982,0.5798,1.725,0,0,0,100,15.05,0.2031,404.1,200,1,0,0.3247,1,1,1,1,1,1,1,4,4,-1,[ OK ]
1511.7,17-Jul-26 13:27:09,1631,166.9,0.1522,129.4,0.3013,0.5791,1.735,0,0,0,100,15.05,0.2029,403.8,200,1,0,0.3206,1,1,1,1,1,1,1,4,4,-1,[ OK ]
1512.1,17-Jul-26 13:27:10,1632,166.9,0.1518,130.4,0.2995,0.5791,1.735,0,0,0,100,15.05,0.2037,404,200,1,0,0.3133,1,1,1,1,1,1,1,4,4,-1,[ OK ]
1512.6,17-Jul-26 13:27:10,1632,166.9,0.1518,130.4,0.299,0.579,1.736,0,0,0,100,15.05,0.2037,403.8,200,1,0,0.3185,1,1,1,1,1,1,1,4,4,-1,[ OK ]
1513.0,17-Jul-26 13:27:10,1632,166.9,0.1518,130.4,0.2993,0.5791,1.735,0,0,0,100,15.05,0.204,404.1,200,1,0,0.3159,1,1,1,1,1,1,1,4,4,-1,[ OK ]
1513.4,17-Jul-26 13:27:11,1633,166.9,0.1524,128.9,0.3031,0.5792,1.733,0,0,0,100,15.05,0.2033,403.9,200,1,0,0.3233,1,1,1,1,1,1,1,4,4,-1,[ OK ]
1513.8,17-Jul-26 13:27:11,1633,166.9,0.1518,130.4,0.3015,0.5793,1.733,0,0,0,100,15.05,0.2046,403.8,200,1,0,0.3165,1,1,1,1,1,1,1,4,4,-1,[ OK ]
1514.2,17-Jul-26 13:27:12,1634,166.9,0.1518,130.4,0.3007,0.5798,1.726,0,0,0,100,15.05,0.2047,403.9,200,1,0,0.3172,1,1,1,1,1,1,1,4,4,-1,[ OK ]
1514.7,17-Jul-26 13:27:12,1634,166.9,0.1521,129.5,0.2968,0.5791,1.734,0,0,0,100,15.05,0.2038,404.1,200,1,0,0.3218,1,1,1,1,1,1,1,4,4,-1,[ OK ]
1515.1,17-Jul-26 13:27:12,1635,166.9,0.1518,130.4,0.2953,0.5797,1.727,0,0,0,100,15.05,0.203,403.9,200,1,0,0.3171,1,1,1,1,1,1,1,4,4,-1,[ OK ]
1515.5,17-Jul-26 13:27:13,1635,166.9,0.1518,130.4,0.2982,0.579,1.735,0,0,0,100,15.05,0.204,404,200,1,0,0.3134,1,1,1,1,1,1,1,4,4,-1,[ OK ]
1515.9,17-Jul-26 13:27:13,1635,166.9,0.1517,130.4,0.2977,0.579,1.735,0,0,0,100,15.05,0.2039,404.2,200,1,0,0.3216,1,1,1,1,1,1,1,4,4,-1,[ OK ]
1516.3,17-Jul-26 13:27:14,1636,166.9,0.1517,130.4,0.2983,0.5791,1.734,0,0,0,100,15.05,0.2051,404.1,200,1,0,0.3156,1,1,1,1,1,1,1,4,4,-1,[ OK ]
1516.8,17-Jul-26 13:27:14,1636,166.9,0.1518,130.4,0.2961,0.5798,1.727,0,0,0,100,15.05,0.2036,403.7,200,1,0,0.3142,1,1,1,1,1,1,1,4,4,-1,[ OK ]
1517.2,17-Jul-26 13:27:15,1637,166.9,0.1519,130.4,0.2997,0.5789,1.736,0,0,0,100,15.05,0.2048,403.8,200,1,0,0.3178,1,1,1,1,1,1,1,4,4,-1,[ OK ]
1517.7,17-Jul-26 13:27:15,1637,166.9,0.1519,130.4,0.3044,0.5791,1.734,0,0,0,100,15.05,0.2038,403.7,200,1,0,0.3285,1,1,1,1,1,1,1,4,4,-1,[ OK ]
1518.1,17-Jul-26 13:27:16,1638,166.9,0.1519,130.4,0.3028,0.5796,1.727,0,0,0,100,15.05,0.2034,404.1,200,1,0,0.3164,1,1,1,1,1,1,1,4,4,-1,[ OK ]
1518.6,17-Jul-26 13:27:16,1638,166.9,0.1519,130.4,0.2902,0.5798,1.725,0,0,0,100,15.05,0.2041,403.8,200,1,0,0.3165,1,1,1,1,1,1,1,4,4,-1,[ OK ]
1519.0,17-Jul-26 13:27:16,1638,166.9,0.1518,130.4,0.3001,0.5798,1.725,0,0,0,100,15.05,0.2039,403.8,200,1,0,0.3216,1,1,1,1,1,1,1,4,4,-1,[ OK ]
1519.4,17-Jul-26 13:27:17,1639,166.9,0.1519,130.4,0.2963,0.5789,1.736,0,0,0,100,15.05,0.2038,403.9,200,1,0,0.3151,1,1,1,1,1,1,1,4,4,-1,[ OK ]
1519.8,17-Jul-26 13:27:17,1639,166.9,0.1518,130.4,0.2987,0.5798,1.725,0,0,0,100,15.05,0.2038,404.1,200,1,0,0.3144,1,1,1,1,1,1,1,4,4,-1,[ OK ]
1520.2,17-Jul-26 13:27:18,1640,166.9,0.1524,129.1,0.3003,0.5791,1.733,0,0,0,100,15.05,0.2047,404,200,1,0,0.3284,1,1,1,1,1,1,1,4,4,-1,[ OK ]
1520.6,17-Jul-26 13:27:18,1640,166.9,0.1522,129.4,0.296,0.5795,1.728,0,0,0,100,15.05,0.2031,403.8,200,1,0,0.3224,1,1,1,1,1,1,1,4,4,-1,[ OK ]
1521.1,17-Jul-26 13:27:18,1641,166.9,0.1523,129.2,0.2971,0.5793,1.731,0,0,0,100,15.05,0.204,404.2,200,1,0,0.3153,1,1,1,1,1,1,1,4,4,-1,[ OK ]
1521.6,17-Jul-26 13:27:19,1641,166.9,0.1518,130.4,0.2969,0.5792,1.733,0,0,0,100,15.05,0.204,404.1,200,1,0,0.3193,1,1,1,1,1,1,1,4,4,-1,[ OK ]
1522.0,17-Jul-26 13:27:19,1642,166.9,0.1518,130.4,0.294,0.5799,1.724,0,0,0,100,15.05,0.2045,403.8,200,1,0,0.3229,1,1,1,1,1,1,1,4,4,-1,[ OK ]
1522.4,17-Jul-26 13:27:20,1642,166.9,0.1519,130.4,0.3014,0.5792,1.734,0,0,0,100,15.05,0.2035,403.9,200,1,0,0.3248,1,1,1,1,1,1,1,4,4,-1,[ OK ]
1522.9,17-Jul-26 13:27:20,1642,166.9,0.1518,130.4,0.2977,0.5796,1.728,0,0,0,100,15.05,0.203,403.8,200,1,0,0.3228,1,1,1,1,1,1,1,4,4,-1,[ OK ]
1523.3,17-Jul-26 13:27:21,1643,166.9,0.1518,130.4,0.3016,0.5793,1.732,0,0,0,100,15.05,0.2043,403.8,200,1,0,0.3095,1,1,1,1,1,1,1,4,4,-1,[ OK ]
1523.7,17-Jul-26 13:27:21,1643,166.9,0.1518,130.4,0.2991,0.5788,1.738,0,0,0,100,15.05,0.2046,403.8,200,1,0,0.3152,1,1,1,1,1,1,1,4,4,-1,[ OK ]
1524.1,17-Jul-26 13:27:22,1644,166.9,0.1523,129.1,0.2963,0.5793,1.732,0,0,0,100,15.05,0.2043,403.7,200,1,0,0.3168,1,1,1,1,1,1,1,4,4,-1,[ OK ]
1524.5,17-Jul-26 13:27:22,1644,166.9,0.1518,130.4,0.2996,0.5791,1.733,0,0,0,100,15.05,0.2036,404.1,200,1,0,0.3172,1,1,1,1,1,1,1,4,4,-1,[ OK ]
1525.0,17-Jul-26 13:27:22,1644,166.9,0.1518,130.4,0.3028,0.5797,1.727,0,0,0,100,15.05,0.2042,403.9,200,1,0,0.3106,1,1,1,1,1,1,1,4,4,-1,[ OK ]
1525.4,17-Jul-26 13:27:23,1645,166.9,0.1518,130.4,0.3028,0.5792,1.734,0,0,0,100,15.05,0.204,403.9,200,1,0,0.3234,1,1,1,1,1,1,1,4,4,-1,[ OK ]
1525.8,17-Jul-26 13:27:23,1645,166.9,0.1518,130.4,0.3036,0.5797,1.728,0,0,0,100,15.05,0.2042,403.8,200,1,0,0.3205,1,1,1,1,1,1,1,4,4,-1,[ OK ]
1526.2,17-Jul-26 13:27:24,1646,166.9,0.1519,130.4,0.2984,0.5792,1.733,0,0,0,100,15.05,0.2043,404.3,200,1,0,0.3191,1,1,1,1,1,1,1,4,4,-1,[ OK ]
1526.6,17-Jul-26 13:27:24,1646,166.9,0.1523,129.2,0.2997,0.5797,1.728,0,0,0,100,15.05,0.2049,404.2,200,1,0,0.3201,1,1,1,1,1,1,1,4,4,-1,[ OK ]
1527.1,17-Jul-26 13:27:24,1647,166.9,0.152,130.4,0.3005,0.5792,1.733,0,0,0,100,15.05,0.2055,403.8,200,1,0,0.326,1,1,1,1,1,1,1,4,4,-1,[ OK ]
1527.5,17-Jul-26 13:27:25,1647,166.9,0.1523,129.4,0.3029,0.5798,1.726,0,0,0,100,15.05,0.2043,403.8,200,1,0,0.3191,1,1,1,1,1,1,1,4,4,-1,[ OK ]
1527.9,17-Jul-26 13:27:25,1647,166.9,0.1519,130.4,0.2981,0.5794,1.731,0,0,0,100,15.05,0.2048,403.8,200,1,0,0.3101,1,1,1,1,1,1,1,4,4,-1,[ OK ]
1528.3,17-Jul-26 13:27:26,1648,166.9,0.1519,130.4,0.2998,0.5796,1.728,0,0,0,100,15.05,0.2037,403.8,200,1,0,0.3166,1,1,1,1,1,1,1,4,4,-1,[ OK ]
1528.8,17-Jul-26 13:27:26,1648,166.9,0.1518,130.6,0.3018,0.579,1.735,0,0,0,100,15.05,0.2047,404,200,1,0,0.3209,1,1,1,1,1,1,1,4,4,-1,[ OK ]
1529.2,17-Jul-26 13:27:27,1649,166.9,0.1519,130.4,0.3013,0.5791,1.733,0,0,0,100,15.05,0.2042,404.1,200,1,0,0.3189,1,1,1,1,1,1,1,4,4,-1,[ OK ]
1529.6,17-Jul-26 13:27:27,1649,166.9,0.1518,130.4,0.3008,0.5791,1.733,0,0,0,100,15.05,0.2041,404.1,200,1,0,0.3154,1,1,1,1,1,1,1,4,4,-1,[ OK ]
1530.0,17-Jul-26 13:27:27,1650,166.9,0.1518,130.4,0.2967,0.5795,1.729,0,0,0,100,15.05,0.2049,404,200,1,0,0.3156,1,1,1,1,1,1,1,4,4,-1,[ OK ]
1530.4,17-Jul-26 13:27:28,1650,166.9,0.1518,130.4,0.2976,0.5797,1.727,0,0,0,100,15.05,0.205,404.1,200,1,0,0.3,1,1,1,1,1,1,1,4,4,-1,[ OK ]
1530.8,17-Jul-26 13:27:28,1650,166.9,0.1518,130.4,0.2989,0.5798,1.726,0,0,0,100,15.05,0.2036,404.1,200,1,0,0.3241,1,1,1,1,1,1,1,4,4,-1,[ OK ]
1531.3,17-Jul-26 13:27:29,1651,166.9,0.1523,129,0.2994,0.5795,1.729,0,0,0,100,15.05,0.2043,404.1,200,1,0,0.3216,1,1,1,1,1,1,1,4,4,-1,[ OK ]
1531.7,17-Jul-26 13:27:29,1651,166.9,0.1523,129,0.3003,0.5797,1.728,0,0,0,100,15.05,0.2039,404.1,200,1,0,0.3182,1,1,1,1,1,1,1,4,4,-1,[ OK ]
1532.1,17-Jul-26 13:27:30,1652,166.9,0.1517,130.4,0.2997,0.5796,1.727,0,0,0,100,15.05,0.2053,404,200,1,0,0.3126,1,1,1,1,1,1,1,4,4,-1,[ OK ]
1532.5,17-Jul-26 13:27:30,1652,166.9,0.1517,130.4,0.3013,0.5795,1.729,0,0,0,100,15.05,0.2043,404.1,200,1,0,0.3181,1,1,1,1,1,1,1,4,4,-1,[ OK ]
1532.9,17-Jul-26 13:27:30,1652,166.9,0.1522,129.1,0.2983,0.5791,1.733,0,0,0,100,15.05,0.2048,403.9,200,1,0,0.2944,1,1,1,1,1,1,1,4,4,-1,[ OK ]
1533.4,17-Jul-26 13:27:31,1653,166.9,0.1518,130.4,0.2993,0.5791,1.732,0,0,0,100,15.05,0.2034,403.9,200,1,0,0.318,1,1,1,1,1,1,1,4,4,-1,[ OK ]
1533.8,17-Jul-26 13:27:31,1653,166.9,0.1523,129.1,0.2959,0.5796,1.727,0,0,0,100,15.05,0.2045,404.2,200,1,0,0.3141,1,1,1,1,1,1,1,4,4,-1,[ OK ]
1534.3,17-Jul-26 13:27:32,1654,166.9,0.1518,130.4,0.3016,0.5795,1.728,0,0,0,100,15.05,0.2051,403.9,200,1,0,0.3136,1,1,1,1,1,1,1,4,4,-1,[ OK ]
1534.8,17-Jul-26 13:27:32,1654,166.9,0.1518,130.4,0.2986,0.5795,1.728,0,0,0,100,15.05,0.2047,403.8,200,1,0,0.3205,1,1,1,1,1,1,1,4,4,-1,[ OK ]
1535.3,17-Jul-26 13:27:33,1655,166.9,0.1523,129,0.2992,0.579,1.734,0,0,0,100,15.05,0.2037,403.8,200,1,0,0.3207,1,1,1,1,1,1,1,4,4,-1,[ OK ]
1535.8,17-Jul-26 13:27:33,1655,166.9,0.1524,128.9,0.2989,0.5795,1.727,0,0,0,100,15.05,0.2048,404.1,200,1,0,0.3167,1,1,1,1,1,1,1,4,4,-1,[ OK ]
1536.2,17-Jul-26 13:27:34,1656,166.9,0.1519,130.4,0.2902,0.5797,1.726,0,0,0,100,15.05,0.2046,403.9,200,1,0,0.3139,1,1,1,1,1,1,1,4,4,-1,[ OK ]
1536.7,17-Jul-26 13:27:34,1656,166.9,0.1523,129.3,0.2983,0.5793,1.731,0,0,0,100,15.05,0.2051,403.8,200,1,0,0.3158,1,1,1,1,1,1,1,4,4,-1,[ OK ]
1537.1,17-Jul-26 13:27:35,1657,166.9,0.1519,130.4,0.2976,0.579,1.734,0,0,0,100,15.05,0.2038,403.9,200,1,0,0.3023,1,1,1,1,1,1,1,4,4,-1,[ OK ]
1537.6,17-Jul-26 13:27:35,1657,166.9,0.1519,130.4,0.2996,0.5797,1.726,0,0,0,100,15.05,0.2036,404.1,200,1,0,0.3168,1,1,1,1,1,1,1,4,4,-1,[ OK ]
1538.0,17-Jul-26 13:27:35,1657,166.9,0.1523,129.3,0.2975,0.5796,1.726,0,0,0,100,15.05,0.2027,403.8,200,1,0,0.3149,1,1,1,1,1,1,1,4,4,-1,[ OK ]
1538.4,17-Jul-26 13:27:36,1658,166.9,0.1519,130.4,0.2956,0.5793,1.731,0,0,0,100,15.05,0.2039,404.2,200,1,0,0.3201,1,1,1,1,1,1,1,4,4,-1,[ OK ]
1538.8,17-Jul-26 13:27:36,1658,166.9,0.1519,130.4,0.2947,0.5797,1.727,0,0,0,100,15.05,0.2045,404.1,200,1,0,0.3142,1,1,1,1,1,1,1,4,4,-1,[ OK ]
1539.2,17-Jul-26 13:27:37,1659,166.9,0.1518,130.4,0.2986,0.5796,1.728,0,0,0,100,15.05,0.2035,404,200,1,0,0.3166,1,1,1,1,1,1,1,4,4,-1,[ OK ]
1539.6,17-Jul-26 13:27:37,1659,166.9,0.1519,130.4,0.3001,0.579,1.735,0,0,0,100,15.05,0.204,404.2,200,1,0,0.3191,1,1,1,1,1,1,1,4,4,-1,[ OK ]
1540.0,17-Jul-26 13:27:37,1659,166.9,0.1519,130.4,0.301,0.5794,1.731,0,0,0,100,15.05,0.2033,403.8,200,1,0,0.3163,1,1,1,1,1,1,1,4,4,-1,[ OK ]
1540.4,17-Jul-26 13:27:38,1660,166.9,0.152,130.4,0.2966,0.5797,1.727,0,0,0,100,15.05,0.2052,404.2,200,1,0,0.3048,1,1,1,1,1,1,1,4,4,-1,[ OK ]
1540.8,17-Jul-26 13:27:38,1660,166.9,0.1519,130.4,0.2952,0.5791,1.735,0,0,0,100,15.05,0.204,403.8,200,1,0,0.3209,1,1,1,1,1,1,1,4,4,-1,[ OK ]
1541.2,17-Jul-26 13:27:39,1661,166.9,0.1519,130.4,0.3001,0.5799,1.726,0,0,0,100,15.05,0.2042,404,200,1,0,0.3239,1,1,1,1,1,1,1,4,4,-1,[ OK ]
1541.7,17-Jul-26 13:27:39,1661,166.9,0.1519,130.4,0.3013,0.5795,1.731,0,0,0,100,15.05,0.203,403.9,200,1,0,0.3211,1,1,1,1,1,1,1,4,4,-1,[ OK ]
1542.1,17-Jul-26 13:27:39,1662,166.9,0.1519,130.4,0.2981,0.5798,1.727,0,0,0,100,15.05,0.2042,404.1,200,1,0,0.3238,1,1,1,1,1,1,1,4,4,-1,[ OK ]
1542.5,17-Jul-26 13:27:40,1662,166.9,0.1519,130.4,0.3013,0.5793,1.734,0,0,0,100,15.05,0.2056,403.8,200,1,0,0.3145,1,1,1,1,1,1,1,4,4,-1,[ OK ]
1542.9,17-Jul-26 13:27:40,1662,166.9,0.1518,130.4,0.3006,0.5794,1.732,0,0,0,100,15.05,0.2051,404.1,200,1,0,0.3145,1,1,1,1,1,1,1,4,4,-1,[ OK ]
1543.3,17-Jul-26 13:27:41,1663,166.9,0.1522,129.4,0.3021,0.5798,1.727,0,0,0,100,15.05,0.2048,403.8,200,1,0,0.3183,1,1,1,1,1,1,1,4,4,-1,[ OK ]
1543.8,17-Jul-26 13:27:41,1663,166.9,0.1518,130.4,0.2998,0.5793,1.734,0,0,0,100,15.05,0.2044,403.8,200,1,0,0.315,1,1,1,1,1,1,1,4,4,-1,[ OK ]
1544.2,17-Jul-26 13:27:42,1664,166.9,0.1518,130.4,0.2982,0.5797,1.729,0,0,0,100,15.05,0.2032,403.9,200,1,0,0.3206,1,1,1,1,1,1,1,4,4,-1,[ OK ]
1544.6,17-Jul-26 13:27:42,1664,166.9,0.1519,130.4,0.2982,0.5792,1.734,0,0,0,100,15.05,0.2041,404.1,200,1,0,0.3172,1,1,1,1,1,1,1,4,4,-1,[ OK ]
1545.0,17-Jul-26 13:27:42,1665,166.9,0.1518,130.4,0.3058,0.5798,1.727,0,0,0,100,15.05,0.2046,404.2,200,1,0,0.3174,1,1,1,1,1,1,1,4,4,-1,[ OK ]
1545.5,17-Jul-26 13:27:43,1665,166.9,0.1518,130.4,0.2981,0.5797,1.729,0,0,0,100,15.05,0.2042,404.2,200,1,0,0.3176,1,1,1,1,1,1,1,4,4,-1,[ OK ]
1545.9,17-Jul-26 13:27:43,1665,166.9,0.1519,130.4,0.299,0.5794,1.731,0,0,0,100,15.05,0.205,404.2,200,1,0,0.3141,1,1,1,1,1,1,1,4,4,-1,[ OK ]
1546.3,17-Jul-26 13:27:44,1666,166.9,0.1524,128.9,0.2982,0.5789,1.736,0,0,0,100,15.05,0.2035,404.2,200,1,0,0.322,1,1,1,1,1,1,1,4,4,-1,[ OK ]
1546.7,17-Jul-26 13:27:44,1666,166.9,0.1518,130.4,0.2949,0.5797,1.728,0,0,0,100,15.05,0.203,403.9,200,1,0,0.3266,1,1,1,1,1,1,1,4,4,-1,[ OK ]
1547.1,17-Jul-26 13:27:45,1667,166.9,0.1518,130.4,0.2973,0.5797,1.727,0,0,0,100,15.05,0.2036,404,200,1,0,0.3134,1,1,1,1,1,1,1,4,4,-1,[ OK ]
1547.6,17-Jul-26 13:27:45,1667,166.9,0.1518,130.4,0.2997,0.5797,1.726,0,0,0,100,15.05,0.2044,404.2,200,1,0,0.3188,1,1,1,1,1,1,1,4,4,-1,[ OK ]
1548.0,17-Jul-26 13:27:45,1667,166.9,0.1522,129.4,0.2984,0.5798,1.726,0,0,0,100,15.05,0.2039,404.2,200,1,0,0.321,1,1,1,1,1,1,1,4,4,-1,[ OK ]
1548.4,17-Jul-26 13:27:46,1668,166.9,0.1518,130.4,0.2992,0.5797,1.727,0,0,0,100,15.05,0.2043,403.9,200,1,0,0.3182,1,1,1,1,1,1,1,4,4,-1,[ OK ]
1548.8,17-Jul-26 13:27:46,1668,166.9,0.1519,130.4,0.2994,0.5793,1.732,0,0,0,100,15.05,0.2046,403.8,200,1,0,0.3101,1,1,1,1,1,1,1,4,4,-1,[ OK ]
1549.2,17-Jul-26 13:27:47,1669,166.9,0.1518,130.4,0.2994,0.5793,1.731,0,0,0,100,15.05,0.204,404,200,1,0,0.3153,1,1,1,1,1,1,1,4,4,-1,[ OK ]
1549.6,17-Jul-26 13:27:47,1669,166.9,0.1518,130.4,0.2988,0.5797,1.726,0,0,0,100,15.05,0.204,403.9,200,1,0,0.3148,1,1,1,1,1,1,1,4,4,-1,[ OK ]
1550.1,17-Jul-26 13:27:47,1670,166.9,0.1518,130.4,0.2986,0.5798,1.725,0,0,0,100,15.05,0.2044,403.9,200,1,0,0.3166,1,1,1,1,1,1,1,4,4,-1,[ OK ]
1550.5,17-Jul-26 13:27:48,1670,166.9,0.1523,129.3,0.2995,0.579,1.734,0,0,0,100,15.05,0.2048,403.8,200,1,0,0.3228,1,1,1,1,1,1,1,4,4,-1,[ OK ]
1550.9,17-Jul-26 13:27:48,1670,166.9,0.1519,130.4,0.3005,0.5791,1.733,0,0,0,100,15.05,0.2035,403.9,200,1,0,0.3135,1,1,1,1,1,1,1,4,4,-1,[ OK ]
1551.3,17-Jul-26 13:27:49,1671,166.9,0.152,130.4,0.2996,0.5795,1.727,0,0,0,100,15.05,0.204,404,200,1,0,0.3209,1,1,1,1,1,1,1,4,4,-1,[ OK ]
1551.7,17-Jul-26 13:27:49,1671,166.9,0.1519,130.4,0.3002,0.5796,1.726,0,0,0,100,15.05,0.2052,404,200,1,0,0.319,1,1,1,1,1,1,1,4,4,-1,[ OK ]
1552.2,17-Jul-26 13:27:50,1672,166.9,0.1524,129.4,0.2992,0.5796,1.727,0,0,0,100,15.05,0.2044,403.9,200,1,0,0.3093,1,1,1,1,1,1,1,4,4,-1,[ OK ]
1552.6,17-Jul-26 13:27:50,1672,166.9,0.152,130.4,0.3015,0.5792,1.731,0,0,0,100,15.05,0.2032,404,200,1,0,0.3148,1,1,1,1,1,1,1,4,4,-1,[ OK ]
1553.0,17-Jul-26 13:27:50,1673,166.9,0.1519,130.4,0.2981,0.5798,1.724,0,0,0,100,15.05,0.2038,403.9,200,1,0,0.3202,1,1,1,1,1,1,1,4,4,-1,[ OK ]
1553.4,17-Jul-26 13:27:51,1673,166.9,0.1524,129,0.3001,0.5793,1.73,0,0,0,100,15.05,0.2049,404.2,200,1,0,0.3233,1,1,1,1,1,1,1,4,4,-1,[ OK ]
1553.8,17-Jul-26 13:27:51,1673,166.9,0.152,130.4,0.2964,0.5797,1.727,0,0,0,100,15.05,0.203,403.8,200,1,0,0.3207,1,1,1,1,1,1,1,4,4,-1,[ OK ]
1554.3,17-Jul-26 13:27:52,1674,166.9,0.152,130.4,0.2981,0.5789,1.735,0,0,0,100,15.05,0.2035,404,200,1,0,0.299,1,1,1,1,1,1,1,4,4,-1,[ OK ]
1554.7,17-Jul-26 13:27:52,1674,166.9,0.1519,130.4,0.2991,0.5793,1.731,0,0,0,100,15.05,0.2046,403.9,200,1,0,0.3103,1,1,1,1,1,1,1,4,4,-1,[ OK ]
1555.1,17-Jul-26 13:27:53,1675,166.9,0.1525,128.9,0.2994,0.5791,1.734,0,0,0,100,15.05,0.2042,403.8,200,1,0,0.3326,1,1,1,1,1,1,1,4,4,-1,[ OK ]
1555.5,17-Jul-26 13:27:53,1675,166.9,0.1526,128.7,0.2993,0.5797,1.727,0,0,0,100,15.05,0.2045,404.2,200,1,0,0.3106,1,1,1,1,1,1,1,4,4,-1,[ OK ]
1555.9,17-Jul-26 13:27:53,1675,166.9,0.1519,130.4,0.3003,0.5792,1.733,0,0,0,100,15.05,0.2045,404.2,200,1,0,0.3169,1,1,1,1,1,1,1,4,4,-1,[ OK ]
1556.4,17-Jul-26 13:27:54,1676,166.9,0.1519,130.4,0.2975,0.5789,1.737,0,0,0,100,15.05,0.204,404.1,200,1,0,0.3257,1,1,1,1,1,1,1,4,4,-1,[ OK ]
1556.8,17-Jul-26 13:27:54,1676,166.9,0.1519,130.4,0.2997,0.5799,1.726,0,0,0,100,15.05,0.2051,403.8,200,1,0,0.3123,1,1,1,1,1,1,1,4,4,-1,[ OK ]
1557.2,17-Jul-26 13:27:55,1677,166.9,0.1519,130.4,0.2994,0.58,1.724,0,0,0,100,15.05,0.2046,404,200,1,0,0.3174,1,1,1,1,1,1,1,4,4,-1,[ OK ]
1557.6,17-Jul-26 13:27:55,1677,166.9,0.152,130.4,0.2929,0.5791,1.734,0,0,0,100,15.05,0.205,403.8,200,1,0,0.3068,1,1,1,1,1,1,1,4,4,-1,[ OK ]
1558.0,17-Jul-26 13:27:55,1678,166.9,0.152,130.4,0.2974,0.5792,1.733,0,0,0,100,15.05,0.2042,403.9,200,1,0,0.3194,1,1,1,1,1,1,1,4,4,-1,[ OK ]
1558.6,17-Jul-26 13:27:56,1678,166.9,0.1523,129.6,0.3,0.5798,1.726,0,0,0,100,15.05,0.204,404.2,200,1,0,0.3214,1,1,1,1,1,1,1,4,4,-1,[ OK ]
1559.0,17-Jul-26 13:27:56,1678,166.9,0.1521,130.4,0.3023,0.5792,1.733,0,0,0,100,15.05,0.2052,404.1,200,1,0,0.3137,1,1,1,1,1,1,1,4,4,-1,[ OK ]
1559.4,17-Jul-26 13:27:57,1679,166.9,0.1521,130.4,0.3023,0.5795,1.729,0,0,0,100,15.05,0.2041,404.2,200,1,0,0.3046,1,1,1,1,1,1,1,4,4,-1,[ OK ]
1559.8,17-Jul-26 13:27:57,1679,166.9,0.152,130.4,0.3008,0.5796,1.729,0,0,0,100,15.05,0.2043,404,200,1,0,0.3239,1,1,1,1,1,1,1,4,4,-1,[ OK ]
1560.2,17-Jul-26 13:27:58,1680,166.9,0.1525,129.2,0.2974,0.5791,1.734,0,0,0,100,15.05,0.2046,403.8,200,1,0,0.3192,1,1,1,1,1,1,1,4,4,-1,[ OK ]
1560.7,17-Jul-26 13:27:58,1680,166.9,0.1521,130.4,0.3035,0.5798,1.727,0,0,0,100,15.05,0.2043,404.2,200,1,0,0.2981,1,1,1,1,1,1,1,4,4,-1,[ OK ]
1561.1,17-Jul-26 13:27:59,1681,166.9,0.1524,129.4,0.2991,0.5799,1.725,0,0,0,100,15.05,0.2038,404.2,200,1,0,0.3221,1,1,1,1,1,1,1,4,4,-1,[ OK ]
1561.5,17-Jul-26 13:27:59,1681,166.9,0.152,130.4,0.2988,0.5798,1.726,0,0,0,100,15.05,0.2039,403.9,200,1,0,0.3212,1,1,1,1,1,1,1,4,4,-1,[ OK ]
1561.9,17-Jul-26 13:27:59,1681,166.9,0.1524,129.3,0.2958,0.5792,1.734,0,0,0,100,15.05,0.2043,404,200,1,0,0.324,1,1,1,1,1,1,1,4,4,-1,[ OK ]
1562.3,17-Jul-26 13:28:00,1682,166.9,0.1523,129.5,0.3007,0.5791,1.735,0,0,0,100,15.05,0.2046,404,200,1,0,0.3201,1,1,1,1,1,1,1,4,4,-1,[ OK ]
1562.8,17-Jul-26 13:28:00,1682,166.9,0.152,130.4,0.3004,0.5793,1.733,0,0,0,100,15.05,0.2043,404,200,1,0,0.2998,1,1,1,1,1,1,1,4,4,-1,[ OK ]
1563.3,17-Jul-26 13:28:01,1683,166.9,0.152,130.4,0.2997,0.5792,1.733,0,0,0,100,15.05,0.2044,404.2,200,1,0,0.3081,1,1,1,1,1,1,1,4,4,-1,[ OK ]
1563.7,17-Jul-26 13:28:01,1683,166.9,0.152,130.4,0.2982,0.5792,1.734,0,0,0,100,15.05,0.2046,404.2,200,1,0,0.3206,1,1,1,1,1,1,1,4,4,-1,[ OK ]
1564.1,17-Jul-26 13:28:02,1684,166.9,0.1524,129.1,0.2953,0.5792,1.734,0,0,0,100,15.05,0.2047,404.1,200,1,0,0.3148,1,1,1,1,1,1,1,4,4,-1,[ OK ]
1564.5,17-Jul-26 13:28:02,1684,166.9,0.1519,130.4,0.2991,0.5794,1.732,0,0,0,100,15.05,0.2049,403.8,200,1,0,0.3098,1,1,1,1,1,1,1,4,4,-1,[ OK ]
1565.1,17-Jul-26 13:28:02,1685,166.9,0.1525,128.8,0.3011,0.5801,1.723,0,0,0,100,15.05,0.2046,403.9,200,1,0,0.3198,1,1,1,1,1,1,1,4,4,-1,[ OK ]
1565.6,17-Jul-26 13:28:03,1685,166.9,0.1519,130.4,0.3001,0.5792,1.734,0,0,0,100,15.05,0.2033,404,200,1,0,0.3218,1,1,1,1,1,1,1,4,4,-1,[ OK ]
1566.0,17-Jul-26 13:28:03,1686,166.9,0.1519,130.4,0.3009,0.5799,1.726,0,0,0,100,15.05,0.2042,403.8,200,1,0,0.3225,1,1,1,1,1,1,1,4,4,-1,[ OK ]
1566.4,17-Jul-26 13:28:04,1686,166.9,0.1523,129.5,0.2973,0.58,1.725,0,0,0,100,15.05,0.205,403.9,200,1,0,0.3125,1,1,1,1,1,1,1,4,4,-1,[ OK ]
1566.8,17-Jul-26 13:28:04,1686,166.9,0.152,130.4,0.299,0.5791,1.735,0,0,0,100,15.05,0.2046,404,200,1,0,0.318,1,1,1,1,1,1,1,4,4,-1,[ OK ]
1567.3,17-Jul-26 13:28:05,1687,166.9,0.152,130.4,0.3014,0.5797,1.728,0,0,0,100,15.05,0.2051,403.8,200,1,0,0.3075,1,1,1,1,1,1,1,4,4,-1,[ OK ]
1567.7,17-Jul-26 13:28:05,1687,166.9,0.1521,130.4,0.3022,0.5791,1.735,0,0,0,100,15.05,0.2046,403.9,200,1,0,0.3194,1,1,1,1,1,1,1,4,4,-1,[ OK ]
1568.1,17-Jul-26 13:28:06,1688,166.9,0.1524,129.4,0.2915,0.5799,1.725,0,0,0,100,15.05,0.2046,403.8,200,1,0,0.3161,1,1,1,1,1,1,1,4,4,-1,[ OK ]
1568.5,17-Jul-26 13:28:06,1688,166.9,0.152,130.4,0.2991,0.5793,1.732,0,0,0,100,15.05,0.2042,404.1,200,1,0,0.3157,1,1,1,1,1,1,1,4,4,-1,[ OK ]
1568.9,17-Jul-26 13:28:06,1688,166.9,0.1525,128.9,0.3023,0.5798,1.727,0,0,0,100,15.05,0.2051,403.8,200,1,0,0.3227,1,1,1,1,1,1,1,4,4,-1,[ OK ]
1569.4,17-Jul-26 13:28:07,1689,166.9,0.1519,130.4,0.3013,0.5798,1.727,0,0,0,100,15.05,0.2046,403.9,200,1,0,0.3154,1,1,1,1,1,1,1,4,4,-1,[ OK ]
1569.8,17-Jul-26 13:28:07,1689,166.9,0.1519,130.4,0.2973,0.5797,1.728,0,0,0,100,15.05,0.2043,403.7,200,1,0,0.3147,1,1,1,1,1,1,1,4,4,-1,[ OK ]
1570.2,17-Jul-26 13:28:08,1690,166.9,0.1519,130.4,0.2987,0.5798,1.727,0,0,0,100,15.05,0.2044,403.8,200,1,0,0.3123,1,1,1,1,1,1,1,4,4,-1,[ OK ]
1570.6,17-Jul-26 13:28:08,1690,166.9,0.152,130.4,0.2999,0.5796,1.73,0,0,0,100,15.05,0.2048,404.1,200,1,0,0.3179,1,1,1,1,1,1,1,4,4,-1,[ OK ]
1571.0,17-Jul-26 13:28:08,1691,166.9,0.1523,129.5,0.3004,0.5795,1.73,0,0,0,100,15.05,0.2046,404.1,200,1,0,0.3173,1,1,1,1,1,1,1,4,4,-1,[ OK ]
1571.5,17-Jul-26 13:28:09,1691,166.9,0.152,130.4,0.2988,0.58,1.725,0,0,0,100,15.05,0.2036,403.8,200,1,0,0.3183,1,1,1,1,1,1,1,4,4,-1,[ OK ]
1571.9,17-Jul-26 13:28:09,1691,166.9,0.152,130.4,0.2993,0.58,1.725,0,0,0,100,15.05,0.2037,404.1,200,1,0,0.3268,1,1,1,1,1,1,1,4,4,-1,[ OK ]
1572.3,17-Jul-26 13:28:10,1692,166.9,0.1525,129.2,0.303,0.5794,1.733,0,0,0,100,15.05,0.2048,404.1,200,1,0,0.3394,1,1,1,1,1,1,1,4,4,-1,[ OK ]
1572.7,17-Jul-26 13:28:10,1692,166.9,0.1526,129.1,0.3002,0.5796,1.729,0,0,0,100,15.05,0.2042,403.8,200,1,0,0.3229,1,1,1,1,1,1,1,4,4,-1,[ OK ]
1573.1,17-Jul-26 13:28:11,1693,166.9,0.1525,129.3,0.3005,0.5799,1.726,0,0,0,100,15.05,0.2045,404,200,1,0,0.3264,1,1,1,1,1,1,1,4,4,-1,[ OK ]
1573.6,17-Jul-26 13:28:11,1693,166.9,0.152,130.4,0.2996,0.5797,1.728,0,0,0,100,15.05,0.2021,403.9,200,1,0,0.3291,1,1,1,1,1,1,1,4,4,-1,[ OK ]
1574.0,17-Jul-26 13:28:11,1693,166.9,0.152,130.4,0.2965,0.5799,1.726,0,0,0,100,15.05,0.2052,404.1,200,1,0,0.3137,1,1,1,1,1,1,1,4,4,-1,[ OK ]
1574.4,17-Jul-26 13:28:12,1694,166.9,0.152,130.4,0.3035,0.5798,1.727,0,0,0,100,15.05,0.2045,403.8,200,1,0,0.3117,1,1,1,1,1,1,1,4,4,-1,[ OK ]
1574.8,17-Jul-26 13:28:12,1694,166.9,0.1525,129.1,0.2997,0.5802,1.722,0,0,0,100,15.05,0.2041,404.1,200,1,0,0.3031,1,1,1,1,1,1,1,4,4,-1,[ OK ]
1575.2,17-Jul-26 13:28:13,1695,166.9,0.152,130.4,0.2996,0.5797,1.728,0,0,0,100,15.05,0.2048,403.9,200,1,0,0.3138,1,1,1,1,1,1,1,4,4,-1,[ OK ]
1575.7,17-Jul-26 13:28:13,1695,166.9,0.152,130.4,0.299,0.5799,1.727,0,0,0,100,15.05,0.2037,403.9,200,1,0,0.3101,1,1,1,1,1,1,1,4,4,-1,[ OK ]
1576.1,17-Jul-26 13:28:14,1696,166.9,0.1525,128.8,0.299,0.5792,1.734,0,0,0,100,15.05,0.2041,404,200,1,0,0.3197,1,1,1,1,1,1,1,4,4,-1,[ OK ]
1576.5,17-Jul-26 13:28:14,1696,166.9,0.1519,130.4,0.3028,0.5793,1.733,0,0,0,100,15.05,0.2039,404,200,1,0,0.3208,1,1,1,1,1,1,1,4,4,-1,[ OK ]
1576.9,17-Jul-26 13:28:14,1696,166.9,0.1524,129.1,0.3057,0.5798,1.728,0,0,0,100,15.05,0.205,404.2,200,1,0,0.3163,1,1,1,1,1,1,1,4,4,-1,[ OK ]
1577.3,17-Jul-26 13:28:15,1697,166.9,0.1519,130.4,0.3011,0.58,1.725,0,0,0,100,15.05,0.2036,403.9,200,1,0,0.3166,1,1,1,1,1,1,1,4,4,-1,[ OK ]
1577.8,17-Jul-26 13:28:15,1697,166.9,0.1524,129.3,0.2977,0.5794,1.732,0,0,0,100,15.05,0.2046,403.8,200,1,0,0.3161,1,1,1,1,1,1,1,4,4,-1,[ OK ]
1578.2,17-Jul-26 13:28:16,1698,166.9,0.1519,130.4,0.3014,0.5799,1.726,0,0,0,100,15.05,0.2043,403.8,200,1,0,0.3103,1,1,1,1,1,1,1,4,4,-1,[ OK ]
1578.6,17-Jul-26 13:28:16,1698,166.9,0.152,130.4,0.3008,0.5796,1.728,0,0,0,100,15.05,0.2041,403.8,200,1,0,0.3156,1,1,1,1,1,1,1,4,4,-1,[ OK ]
1579.0,17-Jul-26 13:28:16,1699,166.9,0.1524,129.2,0.2993,0.5798,1.726,0,0,0,100,15.05,0.2046,404.1,200,1,0,0.3169,1,1,1,1,1,1,1,4,4,-1,[ OK ]
1579.4,17-Jul-26 13:28:17,1699,166.9,0.152,130.4,0.3028,0.5798,1.726,0,0,0,100,15.05,0.2043,404.2,200,1,0,0.3273,1,1,1,1,1,1,1,4,4,-1,[ OK ]
1579.9,17-Jul-26 13:28:17,1699,166.9,0.1521,130.4,0.3019,0.5798,1.727,0,0,0,100,15.05,0.2038,403.9,200,1,0,0.3188,1,1,1,1,1,1,1,4,4,-1,[ OK ]
1580.3,17-Jul-26 13:28:18,1700,166.9,0.1521,130.4,0.2965,0.5796,1.729,0,0,0,100,15.05,0.204,404,200,1,0,0.312,1,1,1,1,1,1,1,4,4,-1,[ OK ]
1580.7,17-Jul-26 13:28:18,1700,166.9,0.152,130.4,0.2982,0.5797,1.727,0,0,0,100,15.05,0.204,404.1,200,1,0,0.3234,1,1,1,1,1,1,1,4,4,-1,[ OK ]
1581.1,17-Jul-26 13:28:19,1701,166.9,0.1524,129.4,0.2961,0.5798,1.726,0,0,0,100,15.05,0.2043,403.8,200,1,0,0.3241,1,1,1,1,1,1,1,4,4,-1,[ OK ]
1581.5,17-Jul-26 13:28:19,1701,166.9,0.1523,129.5,0.2953,0.5791,1.734,0,0,0,100,15.05,0.2054,403.8,200,1,0,0.3182,1,1,1,1,1,1,1,4,4,-1,[ OK ]
1581.9,17-Jul-26 13:28:19,1701,166.9,0.1525,129.2,0.2998,0.5792,1.733,0,0,0,100,15.05,0.2038,403.9,200,1,0,0.3209,1,1,1,1,1,1,1,4,4,-1,[ OK ]
1582.3,17-Jul-26 13:28:20,1702,166.9,0.1525,129.2,0.2988,0.5791,1.733,0,0,0,100,15.05,0.2035,404.3,200,1,0,0.3146,1,1,1,1,1,1,1,4,4,-1,[ OK ]
1582.7,17-Jul-26 13:28:20,1702,166.9,0.1524,129.4,0.2973,0.5796,1.727,0,0,0,100,15.05,0.2047,404.1,200,1,0,0.3105,1,1,1,1,1,1,1,4,4,-1,[ OK ]
1583.1,17-Jul-26 13:28:21,1703,166.9,0.152,130.4,0.3017,0.5791,1.733,0,0,0,100,15.05,0.2051,404,200,1,0,0.3086,1,1,1,1,1,1,1,4,4,-1,[ OK ]
1583.5,17-Jul-26 13:28:21,1703,166.9,0.152,130.4,0.3028,0.5798,1.724,0,0,0,100,15.05,0.2049,404.2,200,1,0,0.3157,1,1,1,1,1,1,1,4,4,-1,[ OK ]
1584.0,17-Jul-26 13:28:21,1703,166.9,0.152,130.4,0.3002,0.5796,1.727,0,0,0,100,15.05,0.2044,403.9,200,1,0,0.3179,1,1,1,1,1,1,1,4,4,-1,[ OK ]
1584.4,17-Jul-26 13:28:22,1704,166.9,0.1524,129.4,0.2989,0.5796,1.726,0,0,0,100,15.05,0.204,404.1,200,1,0,0.3103,1,1,1,1,1,1,1,4,4,-1,[ OK ]
1584.8,17-Jul-26 13:28:22,1704,166.9,0.1524,129.3,0.3006,0.5795,1.727,0,0,0,100,15.05,0.2042,403.8,200,1,0,0.313,1,1,1,1,1,1,1,4,4,-1,[ OK ]
1585.2,17-Jul-26 13:28:23,1705,166.9,0.1519,130.4,0.3023,0.5797,1.726,0,0,0,100,15.05,0.2047,403.9,200,1,0,0.3159,1,1,1,1,1,1,1,4,4,-1,[ OK ]
1585.6,17-Jul-26 13:28:23,1705,166.9,0.152,130.4,0.299,0.5794,1.73,0,0,0,100,15.05,0.2049,403.9,200,1,0,0.3189,1,1,1,1,1,1,1,4,4,-1,[ OK ]
1586.1,17-Jul-26 13:28:23,1706,166.9,0.1519,130.4,0.2989,0.5791,1.734,0,0,0,100,15.05,0.2035,404.1,200,1,0,0.321,1,1,1,1,1,1,1,4,4,-1,[ OK ]
1586.5,17-Jul-26 13:28:24,1706,166.9,0.152,130.4,0.2991,0.579,1.735,0,0,0,100,15.05,0.2039,403.8,200,1,0,0.3214,1,1,1,1,1,1,1,4,4,-1,[ OK ]
1586.9,17-Jul-26 13:28:24,1706,166.9,0.1524,129.2,0.2997,0.5792,1.733,0,0,0,100,15.05,0.2044,404,200,1,0,0.3014,1,1,1,1,1,1,1,4,4,-1,[ OK ]
1587.3,17-Jul-26 13:28:25,1707,166.9,0.1519,130.4,0.3021,0.5798,1.726,0,0,0,100,15.05,0.2046,404.1,200,1,0,0.3185,1,1,1,1,1,1,1,4,4,-1,[ OK ]
1587.7,17-Jul-26 13:28:25,1707,166.9,0.1519,130.4,0.2992,0.5795,1.73,0,0,0,100,15.05,0.2034,404.2,200,1,0,0.3209,1,1,1,1,1,1,1,4,4,-1,[ OK ]
1588.2,17-Jul-26 13:28:26,1708,166.9,0.1523,129.4,0.3014,0.5792,1.733,0,0,0,100,15.05,0.2048,403.8,200,1,0,0.3185,1,1,1,1,1,1,1,4,4,-1,[ OK ]
1588.6,17-Jul-26 13:28:26,1708,166.9,0.152,130.4,0.3014,0.5797,1.727,0,0,0,100,15.05,0.2044,403.9,200,1,0,0.311,1,1,1,1,1,1,1,4,4,-1,[ OK ]
1589.0,17-Jul-26 13:28:26,1709,166.9,0.1521,130.4,0.2996,0.5797,1.727,0,0,0,100,15.05,0.2041,404.2,200,1,0,0.3226,1,1,1,1,1,1,1,4,4,-1,[ OK ]
1589.4,17-Jul-26 13:28:27,1709,166.9,0.1525,129.3,0.2984,0.5798,1.726,0,0,0,100,15.05,0.2033,404.1,200,1,0,0.3273,1,1,1,1,1,1,1,4,4,-1,[ OK ]
1589.8,17-Jul-26 13:28:27,1709,166.9,0.1521,130.4,0.2995,0.5796,1.728,0,0,0,100,15.05,0.2034,404.1,200,1,0,0.3193,1,1,1,1,1,1,1,4,4,-1,[ OK ]
1590.3,17-Jul-26 13:28:28,1710,166.9,0.152,130.8,0.2991,0.5794,1.731,0,0,0,100,15.05,0.2042,403.9,200,1,0,0.3138,1,1,1,1,1,1,1,4,4,-1,[ OK ]
1590.7,17-Jul-26 13:28:28,1710,166.9,0.1521,130.4,0.3028,0.5797,1.726,0,0,0,100,15.05,0.2042,404.1,200,1,0,0.3171,1,1,1,1,1,1,1,4,4,-1,[ OK ]
1591.1,17-Jul-26 13:28:29,1711,166.9,0.1521,130.4,0.2974,0.5797,1.727,0,0,0,100,15.05,0.2041,404,200,1,0,0.3129,1,1,1,1,1,1,1,4,4,-1,[ OK ]
1591.5,17-Jul-26 13:28:29,1711,166.9,0.1524,129.3,0.2932,0.5791,1.734,0,0,0,100,15.05,0.2045,403.8,200,1,0,0.3141,1,1,1,1,1,1,1,4,4,-1,[ OK ]
1591.9,17-Jul-26 13:28:29,1711,166.9,0.152,130.4,0.2987,0.5791,1.734,0,0,0,100,15.05,0.2038,403.8,200,1,0,0.3216,1,1,1,1,1,1,1,4,4,-1,[ OK ]
1592.4,17-Jul-26 13:28:30,1712,166.9,0.152,130.4,0.3022,0.5795,1.729,0,0,0,100,15.05,0.2038,404,200,1,0,0.3172,1,1,1,1,1,1,1,4,4,-1,[ OK ]
1592.8,17-Jul-26 13:28:30,1712,166.9,0.152,130.4,0.2977,0.5791,1.733,0,0,0,100,15.05,0.204,403.9,200,1,0,0.312,1,1,1,1,1,1,1,4,4,-1,[ OK ]
1593.2,17-Jul-26 13:28:31,1713,166.9,0.1525,129,0.3041,0.5791,1.734,0,0,0,100,15.05,0.2045,403.7,200,1,0,0.3159,1,1,1,1,1,1,1,4,4,-1,[ OK ]
1593.6,17-Jul-26 13:28:31,1713,166.9,0.1524,129.4,0.2989,0.5795,1.729,0,0,0,100,15.05,0.2047,403.9,200,1,0,0.3172,1,1,1,1,1,1,1,4,4,-1,[ OK ]
1594.0,17-Jul-26 13:28:31,1714,166.9,0.152,130.4,0.3031,0.5799,1.725,0,0,0,100,15.05,0.205,404.1,200,1,0,0.3161,1,1,1,1,1,1,1,4,4,-1,[ OK ]
1594.4,17-Jul-26 13:28:32,1714,166.9,0.1525,129.2,0.3,0.5793,1.732,0,0,0,100,15.05,0.204,403.9,200,1,0,0.2992,1,1,1,1,1,1,1,4,4,-1,[ OK ]
1594.9,17-Jul-26 13:28:32,1714,166.9,0.1524,129.4,0.2963,0.5793,1.732,0,0,0,100,15.05,0.2048,404.1,200,1,0,0.3336,1,1,1,1,1,1,1,4,4,-1,[ OK ]
1595.3,17-Jul-26 13:28:33,1715,166.9,0.1524,129.3,0.2982,0.5792,1.734,0,0,0,100,15.05,0.2046,403.8,200,1,0,0.3188,1,1,1,1,1,1,1,4,4,-1,[ OK ]
1595.6,17-Jul-26 13:28:33,1715,166.9,0.152,130.4,0.2967,0.5793,1.732,0,0,0,100,15.05,0.2046,403.9,200,1,0,0.3174,1,1,1,1,1,1,1,4,4,-1,[ OK ]
1596.0,17-Jul-26 13:28:33,1716,166.9,0.152,130.4,0.2967,0.5794,1.731,0,0,0,100,15.05,0.2039,404.2,200,1,0,0.3191,1,1,1,1,1,1,1,4,4,-1,[ OK ]
1596.5,17-Jul-26 13:28:34,1716,166.9,0.152,130.4,0.2972,0.5791,1.734,0,0,0,100,15.05,0.2042,403.9,200,1,0,0.3171,1,1,1,1,1,1,1,4,4,-1,[ OK ]
1596.9,17-Jul-26 13:28:34,1716,166.9,0.1525,129,0.2984,0.5797,1.727,0,0,0,100,15.05,0.205,404.2,200,1,0,0.3189,1,1,1,1,1,1,1,4,4,-1,[ OK ]
1597.3,17-Jul-26 13:28:35,1717,166.9,0.1519,130.4,0.3005,0.5794,1.731,0,0,0,100,15.05,0.2046,403.8,200,1,0,0.3156,1,1,1,1,1,1,1,4,4,-1,[ OK ]
1597.7,17-Jul-26 13:28:35,1717,166.9,0.1519,130.4,0.2995,0.5791,1.735,0,0,0,100,15.05,0.2046,404,200,1,0,0.3188,1,1,1,1,1,1,1,4,4,-1,[ OK ]
1598.1,17-Jul-26 13:28:36,1718,166.9,0.152,130.4,0.2996,0.5798,1.727,0,0,0,100,15.05,0.2045,403.8,200,1,0,0.2956,1,1,1,1,1,1,1,4,4,-1,[ OK ]
1598.5,17-Jul-26 13:28:36,1718,166.9,0.152,130.4,0.3025,0.5792,1.734,0,0,0,100,15.05,0.2046,404.2,200,1,0,0.3035,1,1,1,1,1,1,1,4,4,-1,[ OK ]
1599.0,17-Jul-26 13:28:36,1718,166.9,0.1524,129.3,0.2991,0.5798,1.727,0,0,0,100,15.05,0.2034,403.8,200,1,0,0.3278,1,1,1,1,1,1,1,4,4,-1,[ OK ]
1599.4,17-Jul-26 13:28:37,1719,166.9,0.1519,130.4,0.2993,0.5799,1.726,0,0,0,100,15.05,0.2039,404.1,200,1,0,0.3175,1,1,1,1,1,1,1,4,4,-1,[ OK ]
1599.9,17-Jul-26 13:28:37,1719,166.9,0.1519,130.4,0.3002,0.5793,1.732,0,0,0,100,15.05,0.2053,404.1,200,1,0,0.317,1,1,1,1,1,1,1,4,4,-1,[ OK ]
1600.3,17-Jul-26 13:28:38,1720,166.9,0.1519,130.4,0.2984,0.5792,1.734,0,0,0,100,15.05,0.2046,403.8,200,1,0,0.3253,1,1,1,1,1,1,1,4,4,-1,[ OK ]
1600.8,17-Jul-26 13:28:38,1720,166.9,0.1519,130.4,0.3023,0.5793,1.732,0,0,0,100,15.05,0.2041,404.2,200,1,0,0.3179,1,1,1,1,1,1,1,4,4,-1,[ OK ]
1601.2,17-Jul-26 13:28:39,1721,166.9,0.1519,130.4,0.3025,0.5793,1.732,0,0,0,100,15.05,0.2042,404,200,1,0,0.3146,1,1,1,1,1,1,1,4,4,-1,[ OK ]
1601.6,17-Jul-26 13:28:39,1721,166.9,0.1519,130.4,0.2998,0.579,1.735,0,0,0,100,15.05,0.2057,404.1,200,1,0,0.3156,1,1,1,1,1,1,1,4,4,-1,[ OK ]
1602.0,17-Jul-26 13:28:39,1722,166.9,0.1523,129.4,0.2987,0.5798,1.726,0,0,0,100,15.05,0.2051,404.2,200,1,0,0.2964,1,1,1,1,1,1,1,4,4,-1,[ OK ]
1602.4,17-Jul-26 13:28:40,1722,166.9,0.1524,129.2,0.2987,0.5799,1.726,0,0,0,100,15.05,0.2049,404,200,1,0,0.3169,1,1,1,1,1,1,1,4,4,-1,[ OK ]
1602.9,17-Jul-26 13:28:40,1722,166.9,0.1525,128.9,0.3049,0.5794,1.732,0,0,0,100,15.05,0.2042,403.9,200,1,0,0.3197,1,1,1,1,1,1,1,4,4,-1,[ OK ]
1603.3,17-Jul-26 13:28:41,1723,166.9,0.152,130.4,0.3015,0.5797,1.728,0,0,0,100,15.05,0.2051,403.8,200,1,0,0.3205,1,1,1,1,1,1,1,4,4,-1,[ OK ]
1603.7,17-Jul-26 13:28:41,1723,166.9,0.1524,129.4,0.3011,0.5798,1.727,0,0,0,100,15.05,0.2042,403.8,200,1,0,0.3193,1,1,1,1,1,1,1,4,4,-1,[ OK ]
1604.1,17-Jul-26 13:28:42,1724,166.9,0.1521,130.4,0.2965,0.579,1.736,0,0,0,100,15.05,0.2048,404.1,200,1,0,0.3192,1,1,1,1,1,1,1,4,4,-1,[ OK ]
1604.5,17-Jul-26 13:28:42,1724,166.9,0.1521,130.4,0.2961,0.5799,1.726,0,0,0,100,15.05,0.2042,403.9,200,1,0,0.3115,1,1,1,1,1,1,1,4,4,-1,[ OK ]
1605.0,17-Jul-26 13:28:42,1724,166.9,0.1521,130.4,0.3032,0.5796,1.73,0,0,0,100,15.05,0.2032,404.2,200,1,0,0.3285,1,1,1,1,1,1,1,4,4,-1,[ OK ]
1605.4,17-Jul-26 13:28:43,1725,166.9,0.1521,130.4,0.3036,0.5791,1.735,0,0,0,100,15.05,0.2044,404.1,200,1,0,0.322,1,1,1,1,1,1,1,4,4,-1,[ OK ]
1605.8,17-Jul-26 13:28:43,1725,166.9,0.1527,128.8,0.299,0.5797,1.727,0,0,0,100,15.05,0.2049,404.2,200,1,0,0.3132,1,1,1,1,1,1,1,4,4,-1,[ OK ]
1606.2,17-Jul-26 13:28:44,1726,166.9,0.1525,129.4,0.2989,0.5797,1.726,0,0,0,100,15.05,0.2051,404,200,1,0,0.3153,1,1,1,1,1,1,1,4,4,-1,[ OK ]
1606.6,17-Jul-26 13:28:44,1726,166.9,0.152,130.6,0.2974,0.5796,1.728,0,0,0,100,15.05,0.2046,403.8,200,1,0,0.3178,1,1,1,1,1,1,1,4,4,-1,[ OK ]
1607.1,17-Jul-26 13:28:44,1727,166.9,0.152,130.4,0.2984,0.579,1.735,0,0,0,100,15.05,0.2048,404,200,1,0,0.3161,1,1,1,1,1,1,1,4,4,-1,[ OK ]
1607.5,17-Jul-26 13:28:45,1727,166.9,0.152,130.4,0.3013,0.5793,1.732,0,0,0,100,15.05,0.2044,403.8,200,1,0,0.3146,1,1,1,1,1,1,1,4,4,-1,[ OK ]
1607.9,17-Jul-26 13:28:45,1727,166.9,0.1525,129.2,0.2997,0.5792,1.733,0,0,0,100,15.05,0.2049,404,200,1,0,0.3145,1,1,1,1,1,1,1,4,4,-1,[ OK ]
1608.3,17-Jul-26 13:28:46,1728,166.9,0.152,130.4,0.3009,0.5798,1.728,0,0,0,100,15.05,0.2056,404.2,200,1,0,0.314,1,1,1,1,1,1,1,4,4,-1,[ OK ]
1608.7,17-Jul-26 13:28:46,1728,166.9,0.1525,129.1,0.3005,0.5792,1.734,0,0,0,100,15.05,0.2051,404.1,200,1,0,0.3184,1,1,1,1,1,1,1,4,4,-1,[ OK ]
1609.2,17-Jul-26 13:28:47,1729,166.9,0.1525,129.3,0.3028,0.58,1.725,0,0,0,100,15.05,0.2041,404.1,200,1,0,0.3172,1,1,1,1,1,1,1,4,4,-1,[ OK ]
1609.6,17-Jul-26 13:28:47,1729,166.9,0.1521,130.4,0.2994,0.5797,1.729,0,0,0,100,15.05,0.205,404.1,200,1,0,0.3196,1,1,1,1,1,1,1,4,4,-1,[ OK ]
1610.0,17-Jul-26 13:28:47,1730,166.9,0.1525,129.4,0.2981,0.5792,1.735,0,0,0,100,15.05,0.2047,404.2,200,1,0,0.3146,1,1,1,1,1,1,1,4,4,-1,[ OK ]
1610.4,17-Jul-26 13:28:48,1730,166.9,0.1525,129.3,0.2993,0.5792,1.734,0,0,0,100,15.05,0.2048,403.8,200,1,0,0.3206,1,1,1,1,1,1,1,4,4,-1,[ OK ]
1610.8,17-Jul-26 13:28:48,1730,166.9,0.1526,129.2,0.2999,0.5799,1.726,0,0,0,100,15.05,0.2046,403.9,200,1,0,0.3197,1,1,1,1,1,1,1,4,4,-1,[ OK ]
1611.3,17-Jul-26 13:28:49,1731,166.9,0.1521,130.4,0.2987,0.5801,1.724,0,0,0,100,15.05,0.2048,404,200,1,0,0.3125,1,1,1,1,1,1,1,4,4,-1,[ OK ]
1611.7,17-Jul-26 13:28:49,1731,166.9,0.1521,130.4,0.3003,0.5797,1.729,0,0,0,100,15.05,0.2038,404.1,200,1,0,0.3202,1,1,1,1,1,1,1,4,4,-1,[ OK ]
1612.1,17-Jul-26 13:28:50,1732,166.9,0.152,130.4,0.2981,0.5795,1.731,0,0,0,100,15.05,0.2049,404.1,200,1,0,0.316,1,1,1,1,1,1,1,4,4,-1,[ OK ]
1612.5,17-Jul-26 13:28:50,1732,166.9,0.152,130.4,0.2999,0.5794,1.732,0,0,0,100,15.05,0.2041,404,200,1,0,0.3109,1,1,1,1,1,1,1,4,4,-1,[ OK ]
1612.9,17-Jul-26 13:28:50,1732,166.9,0.1525,129.1,0.2966,0.5795,1.73,0,0,0,100,15.05,0.2034,404.2,200,1,0,0.3267,1,1,1,1,1,1,1,4,4,-1,[ OK ]
1613.4,17-Jul-26 13:28:51,1733,166.9,0.152,130.4,0.2953,0.5798,1.727,0,0,0,100,15.05,0.2046,403.8,200,1,0,0.3255,1,1,1,1,1,1,1,4,4,-1,[ OK ]
1613.8,17-Jul-26 13:28:51,1733,166.9,0.152,130.4,0.2976,0.5794,1.731,0,0,0,100,15.05,0.2048,403.9,200,1,0,0.3206,1,1,1,1,1,1,1,4,4,-1,[ OK ]
1614.2,17-Jul-26 13:28:52,1734,166.9,0.152,130.4,0.2994,0.5793,1.732,0,0,0,100,15.05,0.2037,403.7,200,1,0,0.3202,1,1,1,1,1,1,1,4,4,-1,[ OK ]
1614.6,17-Jul-26 13:28:52,1734,166.9,0.152,130.4,0.3025,0.58,1.725,0,0,0,100,15.05,0.2032,403.8,200,1,0,0.3128,1,1,1,1,1,1,1,4,4,-1,[ OK ]
1615.0,17-Jul-26 13:28:52,1735,166.9,0.1524,129.4,0.2988,0.5797,1.728,0,0,0,100,15.05,0.2052,404,200,1,0,0.3046,1,1,1,1,1,1,1,4,4,-1,[ OK ]
1615.5,17-Jul-26 13:28:53,1735,166.9,0.152,130.4,0.2902,0.5792,1.734,0,0,0,100,15.05,0.2046,404.1,200,1,0,0.3103,1,1,1,1,1,1,1,4,4,-1,[ OK ]
1615.9,17-Jul-26 13:28:53,1735,166.9,0.152,130.4,0.2982,0.579,1.736,0,0,0,100,15.05,0.2044,404,200,1,0,0.3184,1,1,1,1,1,1,1,4,4,-1,[ OK ]
1616.3,17-Jul-26 13:28:54,1736,166.9,0.152,130.4,0.2902,0.5798,1.727,0,0,0,100,15.05,0.2036,403.9,200,1,0,0.3142,1,1,1,1,1,1,1,4,4,-1,[ OK ]
1616.7,17-Jul-26 13:28:54,1736,166.9,0.1518,130.8,0.3011,0.5798,1.727,0,0,0,100,15.05,0.2043,404.1,200,1,0,0.3054,1,1,1,1,1,1,1,4,4,-1,[ OK ]
1617.1,17-Jul-26 13:28:55,1737,166.9,0.1525,129.3,0.2998,0.5792,1.735,0,0,0,100,15.05,0.2036,404.2,200,1,0,0.3194,1,1,1,1,1,1,1,4,4,-1,[ OK ]
1617.6,17-Jul-26 13:28:55,1737,166.9,0.1521,130.4,0.2973,0.58,1.725,0,0,0,100,15.05,0.2041,404,200,1,0,0.3153,1,1,1,1,1,1,1,4,4,-1,[ OK ]
1618.0,17-Jul-26 13:28:55,1737,166.9,0.152,130.4,0.2988,0.5799,1.725,0,0,0,100,15.05,0.204,403.9,200,1,0,0.3332,1,1,1,1,1,1,1,4,4,-1,[ OK ]
1618.4,17-Jul-26 13:28:56,1738,166.9,0.1525,129.3,0.2974,0.5794,1.731,0,0,0,100,15.05,0.2049,404,200,1,0,0.3169,1,1,1,1,1,1,1,4,4,-1,[ OK ]
1618.8,17-Jul-26 13:28:56,1738,166.9,0.1525,129.3,0.3001,0.5793,1.733,0,0,0,100,15.05,0.2047,404.2,200,1,0,0.3178,1,1,1,1,1,1,1,4,4,-1,[ OK ]
1619.2,17-Jul-26 13:28:57,1739,166.9,0.1526,128.9,0.2981,0.5798,1.726,0,0,0,100,15.05,0.2047,404.1,200,1,0,0.3095,1,1,1,1,1,1,1,4,4,-1,[ OK ]
1619.6,17-Jul-26 13:28:57,1739,166.9,0.152,130.4,0.2997,0.5797,1.728,0,0,0,100,15.05,0.204,404.1,200,1,0,0.3133,1,1,1,1,1,1,1,4,4,-1,[ OK ]
1620.1,17-Jul-26 13:28:57,1740,166.9,0.152,130.4,0.2997,0.5798,1.727,0,0,0,100,15.05,0.204,404.1,200,1,0,0.3086,1,1,1,1,1,1,1,4,4,-1,[ OK ]
1620.5,17-Jul-26 13:28:58,1740,166.9,0.152,130.4,0.297,0.5798,1.727,0,0,0,100,15.05,0.2039,404.1,200,1,0,0.3217,1,1,1,1,1,1,1,4,4,-1,[ OK ]
1620.9,17-Jul-26 13:28:58,1740,166.9,0.1525,129.2,0.2982,0.5792,1.734,0,0,0,100,15.05,0.2039,404.1,200,1,0,0.321,1,1,1,1,1,1,1,4,4,-1,[ OK ]
1621.3,17-Jul-26 13:28:59,1741,166.9,0.1525,129.2,0.2981,0.5792,1.735,0,0,0,100,15.05,0.2042,404.1,200,1,0,0.3187,1,1,1,1,1,1,1,4,4,-1,[ OK ]
1621.7,17-Jul-26 13:28:59,1741,166.9,0.152,130.4,0.2982,0.5801,1.724,0,0,0,100,15.05,0.2042,404,200,1,0,0.315,1,1,1,1,1,1,1,4,4,-1,[ OK ]
1622.2,17-Jul-26 13:29:00,1742,166.9,0.1524,129.3,0.2946,0.5792,1.733,0,0,0,100,15.05,0.204,404.1,200,1,0,0.3211,1,1,1,1,1,1,1,4,4,-1,[ OK ]
1622.6,17-Jul-26 13:29:00,1742,166.9,0.152,130.4,0.3014,0.58,1.724,0,0,0,100,15.05,0.2048,404.1,200,1,0,0.3147,1,1,1,1,1,1,1,4,4,-1,[ OK ]
1623.0,17-Jul-26 13:29:00,1743,166.9,0.152,130.4,0.3003,0.5792,1.733,0,0,0,100,15.05,0.2037,403.9,200,1,0,0.3235,1,1,1,1,1,1,1,4,4,-1,[ OK ]
1623.4,17-Jul-26 13:29:01,1743,166.9,0.1525,129.1,0.2982,0.5792,1.734,0,0,0,100,15.05,0.2043,403.8,200,1,0,0.3199,1,1,1,1,1,1,1,4,4,-1,[ OK ]
1623.8,17-Jul-26 13:29:01,1743,166.9,0.152,130.4,0.2981,0.5794,1.731,0,0,0,100,15.05,0.2041,404,200,1,0,0.3167,1,1,1,1,1,1,1,4,4,-1,[ OK ]
1624.3,17-Jul-26 13:29:02,1744,166.9,0.1525,129.3,0.3004,0.5799,1.726,0,0,0,100,15.05,0.2047,404.2,200,1,0,0.319,1,1,1,1,1,1,1,4,4,-1,[ OK ]
1624.7,17-Jul-26 13:29:02,1744,166.9,0.1521,130.4,0.2999,0.5799,1.726,0,0,0,100,15.05,0.2046,403.9,200,1,0,0.3231,1,1,1,1,1,1,1,4,4,-1,[ OK ]
1625.1,17-Jul-26 13:29:03,1745,166.9,0.1521,130.4,0.3,0.5798,1.726,0,0,0,100,15.05,0.2042,404,200,1,0,0.3218,1,1,1,1,1,1,1,4,4,-1,[ OK ]
1625.5,17-Jul-26 13:29:03,1745,166.9,0.1521,130.4,0.3056,0.5794,1.731,0,0,0,100,15.05,0.2046,403.7,200,1,0,0.3109,1,1,1,1,1,1,1,4,4,-1,[ OK ]
1625.9,17-Jul-26 13:29:03,1745,166.9,0.1526,129.2,0.2996,0.5793,1.731,0,0,0,100,15.05,0.2043,403.8,200,1,0,0.3181,1,1,1,1,1,1,1,4,4,-1,[ OK ]
1626.4,17-Jul-26 13:29:04,1746,166.9,0.1526,129.2,0.3028,0.5792,1.733,0,0,0,100,15.05,0.2046,403.9,200,1,0,0.3253,1,1,1,1,1,1,1,4,4,-1,[ OK ]
1626.8,17-Jul-26 13:29:04,1746,166.9,0.1521,130.4,0.3021,0.5794,1.73,0,0,0,100,15.05,0.2043,403.8,200,1,0,0.3151,1,1,1,1,1,1,1,4,4,-1,[ OK ]
1627.2,17-Jul-26 13:29:05,1747,166.9,0.152,130.4,0.2978,0.5791,1.734,0,0,0,100,15.05,0.2035,403.9,200,1,0,0.3191,1,1,1,1,1,1,1,4,4,-1,[ OK ]
1627.6,17-Jul-26 13:29:05,1747,166.9,0.1524,129.3,0.2979,0.5797,1.727,0,0,0,100,15.05,0.2039,404.1,200,1,0,0.3174,1,1,1,1,1,1,1,4,4,-1,[ OK ]
1628.0,17-Jul-26 13:29:05,1748,166.9,0.1524,129.3,0.3002,0.5797,1.727,0,0,0,100,15.05,0.204,404.1,200,1,0,0.318,1,1,1,1,1,1,1,4,4,-1,[ OK ]
1628.5,17-Jul-26 13:29:06,1748,166.9,0.1525,129.2,0.2983,0.5793,1.732,0,0,0,100,15.05,0.2031,403.8,200,1,0,0.3287,1,1,1,1,1,1,1,4,4,-1,[ OK ]
1628.9,17-Jul-26 13:29:06,1748,166.9,0.1525,129.1,0.2978,0.5798,1.726,0,0,0,100,15.05,0.2039,403.8,200,1,0,0.3286,1,1,1,1,1,1,1,4,4,-1,[ OK ]
1629.3,17-Jul-26 13:29:07,1749,166.9,0.1526,129.1,0.2991,0.5793,1.733,0,0,0,100,15.05,0.2049,403.9,200,1,0,0.3183,1,1,1,1,1,1,1,4,4,-1,[ OK ]
1629.7,17-Jul-26 13:29:07,1749,166.9,0.1526,129.3,0.3008,0.5797,1.728,0,0,0,100,15.05,0.2048,404.1,200,1,0,0.3162,1,1,1,1,1,1,1,4,4,-1,[ OK ]
1630.2,17-Jul-26 13:29:08,1750,166.9,0.1526,129.1,0.2969,0.5793,1.733,0,0,0,100,15.05,0.205,403.8,200,1,0,0.316,1,1,1,1,1,1,1,4,4,-1,[ OK ]
1630.6,17-Jul-26 13:29:08,1750,166.9,0.1521,130.4,0.2982,0.5798,1.727,0,0,0,100,15.05,0.204,403.9,200,1,0,0.3085,1,1,1,1,1,1,1,4,4,-1,[ OK ]
1631.0,17-Jul-26 13:29:08,1750,166.9,0.1526,129.1,0.3026,0.5799,1.726,0,0,0,100,15.05,0.2031,403.9,200,1,0,0.3019,1,1,1,1,1,1,1,4,4,-1,[ OK ]
1631.4,17-Jul-26 13:29:09,1751,166.9,0.152,130.4,0.2962,0.5797,1.728,0,0,0,100,15.05,0.2046,404,200,1,0,0.3172,1,1,1,1,1,1,1,4,4,-1,[ OK ]
1631.8,17-Jul-26 13:29:09,1751,166.9,0.152,130.4,0.302,0.5794,1.732,0,0,0,100,15.05,0.2034,404,200,1,0,0.3151,1,1,1,1,1,1,1,4,4,-1,[ OK ]
1632.3,17-Jul-26 13:29:10,1752,166.9,0.1526,128.8,0.2959,0.5795,1.73,0,0,0,100,15.05,0.2043,403.9,200,1,0,0.3256,1,1,1,1,1,1,1,4,4,-1,[ OK ]
1632.7,17-Jul-26 13:29:10,1752,166.9,0.152,130.4,0.2964,0.5793,1.733,0,0,0,100,15.05,0.2041,403.8,200,1,0,0.314,1,1,1,1,1,1,1,4,4,-1,[ OK ]
1633.1,17-Jul-26 13:29:11,1753,166.9,0.1518,130.9,0.3015,0.5796,1.731,0,0,0,100,15.05,0.2036,403.8,200,1,0,0.3241,1,1,1,1,1,1,1,4,4,-1,[ OK ]
1633.5,17-Jul-26 13:29:11,1753,166.9,0.152,130.4,0.3027,0.5791,1.735,0,0,0,100,15.05,0.2042,404,200,1,0,0.3117,1,1,1,1,1,1,1,4,4,-1,[ OK ]
1634.0,17-Jul-26 13:29:11,1754,166.9,0.1524,129.3,0.299,0.5793,1.733,0,0,0,100,15.05,0.2041,404.1,200,1,0,0.3162,1,1,1,1,1,1,1,4,4,-1,[ OK ]
1634.5,17-Jul-26 13:29:12,1754,166.9,0.152,130.4,0.2973,0.5797,1.728,0,0,0,100,15.05,0.2045,404.1,200,1,0,0.3087,1,1,1,1,1,1,1,4,4,-1,[ OK ]
1635.0,17-Jul-26 13:29:12,1754,166.9,0.152,130.4,0.3023,0.5793,1.733,0,0,0,100,15.05,0.2036,403.8,200,1,0,0.3182,1,1,1,1,1,1,1,4,4,-1,[ OK ]
1635.4,17-Jul-26 13:29:13,1755,166.9,0.152,130.4,0.2984,0.5794,1.732,0,0,0,100,15.05,0.2042,404.1,200,1,0,0.3291,1,1,1,1,1,1,1,4,4,-1,[ OK ]
1635.8,17-Jul-26 13:29:13,1755,166.9,0.1525,129,0.2997,0.5793,1.734,0,0,0,100,15.05,0.2034,404.1,200,1,0,0.3209,1,1,1,1,1,1,1,4,4,-1,[ OK ]
1636.2,17-Jul-26 13:29:14,1756,166.9,0.1526,129,0.2989,0.5798,1.727,0,0,0,100,15.05,0.2041,403.8,200,1,0,0.3203,1,1,1,1,1,1,1,4,4,-1,[ OK ]
1636.6,17-Jul-26 13:29:14,1756,166.9,0.152,130.4,0.2985,0.5799,1.726,0,0,0,100,15.05,0.2034,403.8,200,1,0,0.3224,1,1,1,1,1,1,1,4,4,-1,[ OK ]
1637.1,17-Jul-26 13:29:15,1757,166.9,0.152,130.4,0.2961,0.5793,1.733,0,0,0,100,15.05,0.2039,403.9,200,1,0,0.3215,1,1,1,1,1,1,1,4,4,-1,[ OK ]
1637.5,17-Jul-26 13:29:15,1757,166.9,0.152,130.4,0.2997,0.5797,1.727,0,0,0,100,15.05,0.2041,404,200,1,0,0.3122,1,1,1,1,1,1,1,4,4,-1,[ OK ]
1638.0,17-Jul-26 13:29:15,1758,166.9,0.1525,129.3,0.3007,0.5798,1.727,0,0,0,100,15.05,0.2048,404.2,200,1,0,0.3134,1,1,1,1,1,1,1,4,4,-1,[ OK ]
1638.4,17-Jul-26 13:29:16,1758,166.9,0.1521,130.4,0.3013,0.5798,1.727,0,0,0,100,15.05,0.2042,403.8,200,1,0,0.3164,1,1,1,1,1,1,1,4,4,-1,[ OK ]
1638.9,17-Jul-26 13:29:16,1758,166.9,0.152,130.4,0.3028,0.5791,1.736,0,0,0,100,15.05,0.2036,404,200,1,0,0.3162,1,1,1,1,1,1,1,4,4,-1,[ OK ]
1639.3,17-Jul-26 13:29:17,1759,166.9,0.1524,129.3,0.2982,0.5798,1.726,0,0,0,100,15.05,0.204,404,200,1,0,0.3114,1,1,1,1,1,1,1,4,4,-1,[ OK ]
1639.7,17-Jul-26 13:29:17,1759,166.9,0.1524,129.4,0.3027,0.5791,1.734,0,0,0,100,15.05,0.2037,404.1,200,1,0,0.3196,1,1,1,1,1,1,1,4,4,-1,[ OK ]
1640.1,17-Jul-26 13:29:18,1760,166.9,0.1521,130.4,0.2996,0.5792,1.732,0,0,0,100,15.05,0.2052,404,200,1,0,0.3097,1,1,1,1,1,1,1,4,4,-1,[ OK ]
1640.5,17-Jul-26 13:29:18,1760,166.9,0.152,130.4,0.2993,0.579,1.735,0,0,0,100,15.05,0.2038,403.8,200,1,0,0.3226,1,1,1,1,1,1,1,4,4,-1,[ OK ]
1640.9,17-Jul-26 13:29:18,1760,166.9,0.152,130.4,0.2949,0.5798,1.725,0,0,0,100,15.05,0.2048,403.9,200,1,0,0.3148,1,1,1,1,1,1,1,4,4,-1,[ OK ]
1641.4,17-Jul-26 13:29:19,1761,166.9,0.152,130.4,0.2987,0.5793,1.731,0,0,0,100,15.05,0.2045,404.2,200,1,0,0.3212,1,1,1,1,1,1,1,4,4,-1,[ OK ]
1641.8,17-Jul-26 13:29:19,1761,166.9,0.152,130.4,0.2997,0.5792,1.732,0,0,0,100,15.05,0.2041,403.8,200,1,0,0.3099,1,1,1,1,1,1,1,4,4,-1,[ OK ]
1642.2,17-Jul-26 13:29:20,1762,166.9,0.1524,129.4,0.2907,0.5798,1.727,0,0,0,100,15.05,0.2041,404.1,200,1,0,0.3172,1,1,1,1,1,1,1,4,4,-1,[ OK ]
1642.6,17-Jul-26 13:29:20,1762,166.9,0.1526,128.9,0.2992,0.5799,1.725,0,0,0,100,15.05,0.2043,403.9,200,1,0,0.3192,1,1,1,1,1,1,1,4,4,-1,[ OK ]
1643.0,17-Jul-26 13:29:20,1763,166.9,0.1524,129.3,0.3005,0.5794,1.731,0,0,0,100,15.05,0.2046,403.8,200,1,0,0.3193,1,1,1,1,1,1,1,4,4,-1,[ OK ]
1643.5,17-Jul-26 13:29:21,1763,166.9,0.152,130.4,0.297,0.5796,1.729,0,0,0,100,15.05,0.2041,403.9,200,1,0,0.3051,1,1,1,1,1,1,1,4,4,-1,[ OK ]
1643.9,17-Jul-26 13:29:21,1763,166.9,0.152,130.4,0.2953,0.5798,1.726,0,0,0,100,15.05,0.2043,403.8,200,1,0,0.3089,1,1,1,1,1,1,1,4,4,-1,[ OK ]
1644.3,17-Jul-26 13:29:22,1764,166.9,0.1519,130.4,0.2962,0.5791,1.735,0,0,0,100,15.05,0.2039,403.8,200,1,0,0.3059,1,1,1,1,1,1,1,4,4,-1,[ OK ]
1644.7,17-Jul-26 13:29:22,1764,166.9,0.152,130.4,0.2968,0.5798,1.727,0,0,0,100,15.05,0.2037,404.1,200,1,0,0.3165,1,1,1,1,1,1,1,4,4,-1,[ OK ]
1645.1,17-Jul-26 13:29:23,1765,166.9,0.1519,130.4,0.2987,0.5791,1.735,0,0,0,100,15.05,0.203,403.8,200,1,0,0.3191,1,1,1,1,1,1,1,4,4,-1,[ OK ]
1645.6,17-Jul-26 13:29:23,1765,166.9,0.1519,130.4,0.2974,0.5793,1.732,0,0,0,100,15.05,0.2045,404.1,200,1,0,0.3065,1,1,1,1,1,1,1,4,4,-1,[ OK ]
1646.0,17-Jul-26 13:29:23,1765,166.9,0.1524,129.4,0.3015,0.5798,1.727,0,0,0,100,15.05,0.2041,403.8,200,1,0,0.3166,1,1,1,1,1,1,1,4,4,-1,[ OK ]
1646.4,17-Jul-26 13:29:24,1766,166.9,0.1525,128.9,0.3013,0.5799,1.727,0,0,0,100,15.05,0.2041,404.1,200,1,0,0.3171,1,1,1,1,1,1,1,4,4,-1,[ OK ]
1646.8,17-Jul-26 13:29:24,1766,166.9,0.152,130.4,0.3013,0.5793,1.734,0,0,0,100,15.05,0.204,404.1,200,1,0,0.3164,1,1,1,1,1,1,1,4,4,-1,[ OK ]
1647.3,17-Jul-26 13:29:25,1767,166.9,0.1526,129,0.2979,0.5797,1.729,0,0,0,100,15.05,0.2041,404.1,200,1,0,0.3197,1,1,1,1,1,1,1,4,4,-1,[ OK ]
1647.7,17-Jul-26 13:29:25,1767,166.9,0.1524,129.4,0.2922,0.5796,1.731,0,0,0,100,15.05,0.204,404.1,200,1,0,0.3234,1,1,1,1,1,1,1,4,4,-1,[ OK ]
1648.1,17-Jul-26 13:29:26,1768,166.9,0.152,130.4,0.2995,0.5799,1.727,0,0,0,100,15.05,0.2029,404.1,200,1,0,0.3206,1,1,1,1,1,1,1,4,4,-1,[ OK ]
1648.5,17-Jul-26 13:29:26,1768,166.9,0.152,130.4,0.3007,0.5792,1.735,0,0,0,100,15.05,0.2043,403.8,200,1,0,0.3183,1,1,1,1,1,1,1,4,4,-1,[ OK ]
1648.9,17-Jul-26 13:29:26,1768,166.9,0.1524,129.3,0.3014,0.5797,1.728,0,0,0,100,15.05,0.2046,403.8,200,1,0,0.3147,1,1,1,1,1,1,1,4,4,-1,[ OK ]
1649.3,17-Jul-26 13:29:27,1769,166.9,0.152,130.4,0.2943,0.5799,1.726,0,0,0,100,15.05,0.2048,404.2,200,1,0,0.3162,1,1,1,1,1,1,1,4,4,-1,[ OK ]
1649.8,17-Jul-26 13:29:27,1769,166.9,0.1525,129,0.2967,0.5794,1.731,0,0,0,100,15.05,0.2041,404.1,200,1,0,0.3101,1,1,1,1,1,1,1,4,4,-1,[ OK ]
1650.2,17-Jul-26 13:29:28,1770,166.9,0.1524,129.3,0.2966,0.5793,1.733,0,0,0,100,15.05,0.2043,403.8,200,1,0,0.3174,1,1,1,1,1,1,1,4,4,-1,[ OK ]
1650.6,17-Jul-26 13:29:28,1770,166.9,0.1521,130.4,0.3005,0.5798,1.726,0,0,0,100,15.05,0.2039,404.2,200,1,0,0.3267,1,1,1,1,1,1,1,4,4,-1,[ OK ]
1651.0,17-Jul-26 13:29:28,1771,166.9,0.1521,130.4,0.2969,0.5799,1.725,0,0,0,100,15.05,0.2046,404.1,200,1,0,0.321,1,1,1,1,1,1,1,4,4,-1,[ OK ]
1651.4,17-Jul-26 13:29:29,1771,166.9,0.1521,130.4,0.2953,0.5792,1.733,0,0,0,100,15.05,0.2045,404.1,200,1,0,0.3187,1,1,1,1,1,1,1,4,4,-1,[ OK ]
1651.9,17-Jul-26 13:29:29,1771,166.9,0.1521,130.4,0.3003,0.5798,1.725,0,0,0,100,15.05,0.2059,404.1,200,1,0,0.3107,1,1,1,1,1,1,1,4,4,-1,[ OK ]
1652.3,17-Jul-26 13:29:30,1772,166.9,0.1521,130.4,0.3001,0.5798,1.724,0,0,0,100,15.05,0.2046,403.8,200,1,0,0.3156,1,1,1,1,1,1,1,4,4,-1,[ OK ]
1652.7,17-Jul-26 13:29:30,1772,166.9,0.1521,130.4,0.2984,0.5795,1.729,0,0,0,100,15.05,0.2044,403.9,200,1,0,0.3176,1,1,1,1,1,1,1,4,4,-1,[ OK ]
1653.2,17-Jul-26 13:29:31,1773,166.9,0.1521,130.4,0.2969,0.5793,1.732,0,0,0,100,15.05,0.2043,403.9,200,1,0,0.3239,1,1,1,1,1,1,1,4,4,-1,[ OK ]
1653.8,17-Jul-26 13:29:31,1773,166.9,0.152,130.4,0.3008,0.5794,1.731,0,0,0,100,15.05,0.2038,404,200,1,0,0.321,1,1,1,1,1,1,1,4,4,-1,[ OK ]
1654.2,17-Jul-26 13:29:32,1774,166.9,0.1521,130.4,0.3027,0.579,1.735,0,0,0,100,15.05,0.2038,403.9,200,1,0,0.3189,1,1,1,1,1,1,1,4,4,-1,[ OK ]
1654.6,17-Jul-26 13:29:32,1774,166.9,0.1521,130.4,0.3011,0.5797,1.727,0,0,0,100,15.05,0.2038,404.1,200,1,0,0.3209,1,1,1,1,1,1,1,4,4,-1,[ OK ]
1655.0,17-Jul-26 13:29:32,1775,166.9,0.1526,129.2,0.3028,0.5798,1.727,0,0,0,100,15.05,0.203,404,200,1,0,0.3157,1,1,1,1,1,1,1,4,4,-1,[ OK ]
1655.4,17-Jul-26 13:29:33,1775,166.9,0.152,130.4,0.3014,0.5792,1.734,0,0,0,100,15.05,0.2048,404.1,200,1,0,0.3149,1,1,1,1,1,1,1,4,4,-1,[ OK ]
1655.9,17-Jul-26 13:29:33,1775,166.9,0.1521,130.4,0.2995,0.5793,1.734,0,0,0,100,15.05,0.2047,404.1,200,1,0,0.3189,1,1,1,1,1,1,1,4,4,-1,[ OK ]
1656.3,17-Jul-26 13:29:34,1776,166.9,0.1521,130.4,0.3022,0.5793,1.734,0,0,0,100,15.05,0.2041,403.8,200,1,0,0.3216,1,1,1,1,1,1,1,4,4,-1,[ OK ]
1656.7,17-Jul-26 13:29:34,1776,166.9,0.1525,129.4,0.2989,0.58,1.724,0,0,0,100,15.05,0.2043,403.8,200,1,0,0.324,1,1,1,1,1,1,1,4,4,-1,[ OK ]
1657.1,17-Jul-26 13:29:35,1777,166.9,0.1521,130.4,0.299,0.58,1.724,0,0,0,100,15.05,0.2042,404.1,200,1,0,0.3173,1,1,1,1,1,1,1,4,4,-1,[ OK ]
1657.5,17-Jul-26 13:29:35,1777,166.9,0.1526,128.9,0.2969,0.5798,1.726,0,0,0,100,15.05,0.2053,404,200,1,0,0.3231,1,1,1,1,1,1,1,4,4,-1,[ OK ]
1657.9,17-Jul-26 13:29:35,1777,166.9,0.1521,130.4,0.3022,0.5795,1.73,0,0,0,100,15.05,0.2043,404.1,200,1,0,0.3154,1,1,1,1,1,1,1,4,4,-1,[ OK ]
1658.4,17-Jul-26 13:29:36,1778,166.9,0.1521,130.4,0.2978,0.5798,1.725,0,0,0,100,15.05,0.2041,403.8,200,1,0,0.3143,1,1,1,1,1,1,1,4,4,-1,[ OK ]
1658.9,17-Jul-26 13:29:36,1778,166.9,0.1521,130.4,0.3004,0.58,1.724,0,0,0,100,15.05,0.2042,404,200,1,0,0.3224,1,1,1,1,1,1,1,4,4,-1,[ OK ]
1659.4,17-Jul-26 13:29:37,1779,166.9,0.1525,129.2,0.298,0.5791,1.734,0,0,0,100,15.05,0.2048,404.1,200,1,0,0.3075,1,1,1,1,1,1,1,4,4,-1,[ OK ]
1659.9,17-Jul-26 13:29:37,1779,166.9,0.1521,130.4,0.2992,0.5798,1.726,0,0,0,100,15.05,0.2043,403.9,200,1,0,0.3179,1,1,1,1,1,1,1,4,4,-1,[ OK ]
1660.3,17-Jul-26 13:29:38,1780,166.9,0.1522,130.4,0.3028,0.5792,1.733,0,0,0,100,15.05,0.2046,403.9,200,1,0,0.3128,1,1,1,1,1,1,1,4,4,-1,[ OK ]
1660.8,17-Jul-26 13:29:38,1780,166.9,0.1526,129.4,0.2995,0.5797,1.727,0,0,0,100,15.05,0.2048,404.1,200,1,0,0.3185,1,1,1,1,1,1,1,4,4,-1,[ OK ]
1661.2,17-Jul-26 13:29:39,1781,166.9,0.1526,129.2,0.2963,0.5791,1.734,0,0,0,100,15.05,0.2046,404.1,200,1,0,0.3203,1,1,1,1,1,1,1,4,4,-1,[ OK ]
1661.6,17-Jul-26 13:29:39,1781,166.9,0.1526,129.3,0.2994,0.5797,1.727,0,0,0,100,15.05,0.2047,404.2,200,1,0,0.3209,1,1,1,1,1,1,1,4,4,-1,[ OK ]
1662.0,17-Jul-26 13:29:39,1782,166.9,0.1521,130.4,0.2997,0.5794,1.731,0,0,0,100,15.05,0.205,403.8,200,1,0,0.3164,1,1,1,1,1,1,1,4,4,-1,[ OK ]
1662.5,17-Jul-26 13:29:40,1782,166.9,0.1521,130.4,0.2997,0.5796,1.729,0,0,0,100,15.05,0.204,403.9,200,1,0,0.3163,1,1,1,1,1,1,1,4,4,-1,[ OK ]
1662.9,17-Jul-26 13:29:40,1782,166.9,0.1521,130.4,0.2998,0.58,1.724,0,0,0,100,15.05,0.2042,403.8,200,1,0,0.3166,1,1,1,1,1,1,1,4,4,-1,[ OK ]
1663.3,17-Jul-26 13:29:41,1783,166.9,0.1525,129.3,0.2998,0.5799,1.725,0,0,0,100,15.05,0.2049,403.8,200,1,0,0.318,1,1,1,1,1,1,1,4,4,-1,[ OK ]
1663.7,17-Jul-26 13:29:41,1783,166.9,0.152,130.4,0.2999,0.5797,1.727,0,0,0,100,15.05,0.2045,404,200,1,0,0.3139,1,1,1,1,1,1,1,4,4,-1,[ OK ]
1664.1,17-Jul-26 13:29:42,1784,166.9,0.1525,129.2,0.2988,0.5798,1.726,0,0,0,100,15.05,0.2032,403.8,200,1,0,0.3255,1,1,1,1,1,1,1,4,4,-1,[ OK ]
1664.6,17-Jul-26 13:29:42,1784,166.9,0.152,130.4,0.2982,0.5791,1.734,0,0,0,100,15.05,0.2039,404.2,200,1,0,0.3194,1,1,1,1,1,1,1,4,4,-1,[ OK ]
1665.0,17-Jul-26 13:29:42,1784,166.9,0.1521,130.4,0.2987,0.5791,1.735,0,0,0,100,15.05,0.2051,403.8,200,1,0,0.313,1,1,1,1,1,1,1,4,4,-1,[ OK ]
1665.4,17-Jul-26 13:29:43,1785,166.9,0.152,130.4,0.3045,0.5793,1.733,0,0,0,100,15.05,0.2048,404,200,1,0,0.3097,1,1,1,1,1,1,1,4,4,-1,[ OK ]
1665.8,17-Jul-26 13:29:43,1785,166.9,0.1525,129.3,0.2993,0.5797,1.727,0,0,0,100,15.05,0.2049,403.8,200,1,0,0.3175,1,1,1,1,1,1,1,4,4,-1,[ OK ]
1666.3,17-Jul-26 13:29:44,1786,166.9,0.1521,130.4,0.3012,0.5791,1.734,0,0,0,100,15.05,0.2041,404.1,200,1,0,0.3259,1,1,1,1,1,1,1,4,4,-1,[ OK ]
1666.8,17-Jul-26 13:29:44,1786,166.9,0.1521,130.4,0.2974,0.5791,1.734,0,0,0,100,15.05,0.204,404.1,200,1,0,0.3157,1,1,1,1,1,1,1,4,4,-1,[ OK ]
1667.2,17-Jul-26 13:29:45,1787,166.9,0.1521,130.4,0.2978,0.579,1.736,0,0,0,100,15.05,0.2045,404,200,1,0,0.3248,1,1,1,1,1,1,1,4,4,-1,[ OK ]
1667.6,17-Jul-26 13:29:45,1787,166.9,0.1526,129,0.3005,0.5791,1.734,0,0,0,100,15.05,0.2049,403.8,200,1,0,0.3198,1,1,1,1,1,1,1,4,4,-1,[ OK ]
1668.0,17-Jul-26 13:29:45,1788,166.9,0.1521,130.4,0.3,0.5791,1.735,0,0,0,100,15.05,0.204,403.8,200,1,0,0.3231,1,1,1,1,1,1,1,4,4,-1,[ OK ]
1668.4,17-Jul-26 13:29:46,1788,166.9,0.1521,130.4,0.3024,0.5794,1.731,0,0,0,100,15.05,0.2056,404.1,200,1,0,0.3153,1,1,1,1,1,1,1,4,4,-1,[ OK ]
1668.9,17-Jul-26 13:29:46,1788,166.9,0.1526,128.9,0.2997,0.5799,1.725,0,0,0,100,15.05,0.2045,403.8,200,1,0,0.322,1,1,1,1,1,1,1,4,4,-1,[ OK ]
1669.3,17-Jul-26 13:29:47,1789,166.9,0.1524,129.4,0.2986,0.579,1.735,0,0,0,100,15.05,0.2048,404.1,200,1,0,0.3175,1,1,1,1,1,1,1,4,4,-1,[ OK ]
1669.7,17-Jul-26 13:29:47,1789,166.9,0.152,130.4,0.3004,0.5799,1.725,0,0,0,100,15.05,0.2044,404.1,200,1,0,0.3096,1,1,1,1,1,1,1,4,4,-1,[ OK ]
1670.1,17-Jul-26 13:29:48,1790,166.9,0.1525,129.3,0.2997,0.5795,1.73,0,0,0,100,15.05,0.2049,404.1,200,1,0,0.3125,1,1,1,1,1,1,1,4,4,-1,[ OK ]
1670.5,17-Jul-26 13:29:48,1790,166.9,0.1521,130.4,0.3067,0.5791,1.735,0,0,0,100,15.05,0.2046,404.1,200,1,0,0.3215,1,1,1,1,1,1,1,4,4,-1,[ OK ]
1671.0,17-Jul-26 13:29:48,1790,166.9,0.1527,128.8,0.3022,0.5798,1.727,0,0,0,100,15.05,0.2046,403.8,200,1,0,0.326,1,1,1,1,1,1,1,4,4,-1,[ OK ]
1671.4,17-Jul-26 13:29:49,1791,166.9,0.152,130.4,0.2989,0.5792,1.734,0,0,0,100,15.05,0.2052,404.2,200,1,0,0.3124,1,1,1,1,1,1,1,4,4,-1,[ OK ]
1671.8,17-Jul-26 13:29:49,1791,166.9,0.1521,130.4,0.2925,0.5797,1.727,0,0,0,100,15.05,0.2047,403.8,200,1,0,0.3251,1,1,1,1,1,1,1,4,4,-1,[ OK ]
1672.2,17-Jul-26 13:29:50,1792,166.9,0.1521,130.4,0.2997,0.5799,1.725,0,0,0,100,15.05,0.2046,404.1,200,1,0,0.3109,1,1,1,1,1,1,1,4,4,-1,[ OK ]
1672.6,17-Jul-26 13:29:50,1792,166.9,0.1526,129.3,0.2994,0.5793,1.733,0,0,0,100,15.05,0.204,404.2,200,1,0,0.3228,1,1,1,1,1,1,1,4,4,-1,[ OK ]
1673.1,17-Jul-26 13:29:50,1793,166.9,0.1522,130.4,0.2994,0.5794,1.731,0,0,0,100,15.05,0.2053,404,200,1,0,0.3146,1,1,1,1,1,1,1,4,4,-1,[ OK ]
1673.5,17-Jul-26 13:29:51,1793,166.9,0.1522,130.4,0.3016,0.5793,1.732,0,0,0,100,15.05,0.2035,403.8,200,1,0,0.3205,1,1,1,1,1,1,1,4,4,-1,[ OK ]
1673.9,17-Jul-26 13:29:51,1793,166.9,0.1522,130.4,0.3014,0.5793,1.732,0,0,0,100,15.05,0.2045,404,200,1,0,0.3258,1,1,1,1,1,1,1,4,4,-1,[ OK ]
1674.3,17-Jul-26 13:29:52,1794,166.9,0.1522,130.4,0.2994,0.5792,1.733,0,0,0,100,15.05,0.2042,403.8,200,1,0,0.3143,1,1,1,1,1,1,1,4,4,-1,[ OK ]
1674.7,17-Jul-26 13:29:52,1794,166.9,0.1522,130.4,0.2977,0.5791,1.734,0,0,0,100,15.05,0.2048,403.8,200,1,0,0.3154,1,1,1,1,1,1,1,4,4,-1,[ OK ]
1675.2,17-Jul-26 13:29:53,1795,166.9,0.1522,130.4,0.2987,0.58,1.725,0,0,0,100,15.05,0.2036,403.9,200,1,0,0.324,1,1,1,1,1,1,1,4,4,-1,[ OK ]
1675.6,17-Jul-26 13:29:53,1795,166.9,0.1521,130.4,0.2988,0.58,1.725,0,0,0,100,15.05,0.2048,404.1,200,1,0,0.3176,1,1,1,1,1,1,1,4,4,-1,[ OK ]
1676.0,17-Jul-26 13:29:53,1796,166.9,0.1521,130.4,0.2981,0.5798,1.727,0,0,0,100,15.05,0.2051,403.8,200,1,0,0.314,1,1,1,1,1,1,1,4,4,-1,[ OK ]
1676.4,17-Jul-26 13:29:54,1796,166.9,0.1527,128.9,0.2951,0.5799,1.726,0,0,0,100,15.05,0.2044,404,200,1,0,0.3216,1,1,1,1,1,1,1,4,4,-1,[ OK ]
1676.8,17-Jul-26 13:29:54,1796,166.9,0.1525,129.3,0.2992,0.5794,1.732,0,0,0,100,15.05,0.2043,404.2,200,1,0,0.2999,1,1,1,1,1,1,1,4,4,-1,[ OK ]
1677.3,17-Jul-26 13:29:55,1797,166.9,0.1521,130.4,0.3038,0.5791,1.735,0,0,0,100,15.05,0.204,404.1,200,1,0,0.3196,1,1,1,1,1,1,1,4,4,-1,[ OK ]
1677.7,17-Jul-26 13:29:55,1797,166.9,0.1525,129.3,0.2991,0.5795,1.731,0,0,0,100,15.05,0.2042,404,200,1,0,0.324,1,1,1,1,1,1,1,4,4,-1,[ OK ]
1678.1,17-Jul-26 13:29:56,1798,166.9,0.1521,130.4,0.301,0.5793,1.733,0,0,0,100,15.05,0.204,404,200,1,0,0.3259,1,1,1,1,1,1,1,4,4,-1,[ OK ]
1678.5,17-Jul-26 13:29:56,1798,166.9,0.1521,130.4,0.3013,0.5799,1.726,0,0,0,100,15.05,0.2044,404.1,200,1,0,0.313,1,1,1,1,1,1,1,4,4,-1,[ OK ]
1678.9,17-Jul-26 13:29:56,1798,166.9,0.1521,130.4,0.3005,0.5794,1.732,0,0,0,100,15.05,0.2041,403.9,200,1,0,0.3167,1,1,1,1,1,1,1,4,4,-1,[ OK ]
1679.4,17-Jul-26 13:29:57,1799,166.9,0.1521,130.4,0.3017,0.5797,1.728,0,0,0,100,15.05,0.2039,403.8,200,1,0,0.3249,1,1,1,1,1,1,1,4,4,-1,[ OK ]
1679.8,17-Jul-26 13:29:57,1799,166.9,0.1526,129.2,0.3001,0.5798,1.726,0,0,0,100,15.05,0.2042,403.8,200,1,0,0.3187,1,1,1,1,1,1,1,4,4,-1,[ OK ]
1680.2,17-Jul-26 13:29:58,1800,166.9,0.1526,129.3,0.3057,0.579,1.736,0,0,0,100,15.05,0.204,404.1,200,1,0,0.3191,1,1,1,1,1,1,1,4,4,-1,[ OK ]
1680.6,17-Jul-26 13:29:58,1800,166.9,0.1525,129.3,0.2995,0.5799,1.725,0,0,0,100,15.05,0.2047,403.9,200,1,0,0.3171,1,1,1,1,1,1,1,4,4,-1,[ OK ]
1681.0,17-Jul-26 13:29:58,1801,166.9,0.1521,130.4,0.3008,0.5794,1.731,0,0,0,100,15.05,0.2039,404.2,200,1,0,0.3132,1,1,1,1,1,1,1,4,4,-1,[ OK ]
1681.5,17-Jul-26 13:29:59,1801,166.9,0.1521,130.4,0.3023,0.579,1.735,0,0,0,100,15.05,0.2046,403.9,200,1,0,0.319,1,1,1,1,1,1,1,4,4,-1,[ OK ]
1681.9,17-Jul-26 13:29:59,1801,166.9,0.1526,129.2,0.2969,0.579,1.735,0,0,0,100,15.05,0.2053,404.2,200,1,0,0.3164,1,1,1,1,1,1,1,4,4,-1,[ OK ]
1682.3,17-Jul-26 13:30:00,1802,166.9,0.1521,130.4,0.2966,0.5799,1.726,0,0,0,100,15.05,0.2038,403.9,200,1,0,0.3201,1,1,1,1,1,1,1,4,4,-1,[ OK ]
1682.7,17-Jul-26 13:30:00,1802,166.9,0.1526,129.4,0.2992,0.5796,1.729,0,0,0,100,15.05,0.2044,404.2,200,1,0,0.317,1,1,1,1,1,1,1,4,4,-1,[ OK ]
1683.1,17-Jul-26 13:30:01,1803,166.9,0.1525,129.5,0.2998,0.5795,1.731,0,0,0,100,15.05,0.204,403.9,200,1,0,0.3198,1,1,1,1,1,1,1,4,4,-1,[ OK ]
1683.6,17-Jul-26 13:30:01,1803,166.9,0.1526,129.3,0.2985,0.58,1.725,0,0,0,100,15.05,0.2039,403.9,200,1,0,0.3203,1,1,1,1,1,1,1,4,4,-1,[ OK ]
1684.0,17-Jul-26 13:30:01,1803,167,0.1522,130.4,0.2951,0.5793,1.733,0,0,0,100,15.05,0.2052,403.9,200,1,0,0.312,1,1,1,1,1,1,1,4,4,-1,[ OK ]
1684.4,17-Jul-26 13:30:02,1804,167,0.1522,130.4,0.3014,0.5794,1.732,0,0,0,100,15.05,0.2063,403.8,200,1,0,0.3149,1,1,1,1,1,1,1,4,4,-1,[ OK ]
1684.8,17-Jul-26 13:30:02,1804,167,0.1523,130.4,0.3036,0.5799,1.726,0,0,0,100,15.05,0.204,404.1,200,1,0,0.3184,1,1,1,1,1,1,1,4,4,-1,[ OK ]
1685.2,17-Jul-26 13:30:03,1805,167,0.1522,130.5,0.3004,0.5792,1.733,0,0,0,100,15.05,0.2043,403.8,200,1,0,0.3094,1,1,1,1,1,1,1,4,4,-1,[ OK ]
1685.7,17-Jul-26 13:30:03,1805,167,0.1522,130.4,0.3005,0.5792,1.734,0,0,0,100,15.05,0.2049,404.2,200,1,0,0.3179,1,1,1,1,1,1,1,4,4,-1,[ OK ]
1686.1,17-Jul-26 13:30:04,1806,167,0.1522,130.4,0.3017,0.5798,1.726,0,0,0,100,15.05,0.205,404.2,200,1,0,0.314,1,1,1,1,1,1,1,4,4,-1,[ OK ]
1686.5,17-Jul-26 13:30:04,1806,167,0.1526,129.3,0.3005,0.5795,1.731,0,0,0,100,15.05,0.205,404.2,200,1,0,0.3164,1,1,1,1,1,1,1,4,4,-1,[ OK ]
1686.9,17-Jul-26 13:30:04,1806,167,0.1527,128.9,0.2992,0.5793,1.733,0,0,0,100,15.05,0.2044,404.2,200,1,0,0.3078,1,1,1,1,1,1,1,4,4,-1,[ OK ]
1687.3,17-Jul-26 13:30:05,1807,167,0.1521,130.4,0.2994,0.5794,1.731,0,0,0,100,15.05,0.2049,403.8,200,1,0,0.3171,1,1,1,1,1,1,1,4,4,-1,[ OK ]
1687.8,17-Jul-26 13:30:05,1807,167,0.1525,129.4,0.3022,0.5796,1.728,0,0,0,100,15.05,0.2042,403.7,200,1,0,0.3166,1,1,1,1,1,1,1,4,4,-1,[ OK ]
1688.2,17-Jul-26 13:30:06,1808,167,0.1522,130.4,0.2908,0.5798,1.726,0,0,0,100,15.05,0.2046,404.1,200,1,0,0.3224,1,1,1,1,1,1,1,4,4,-1,[ OK ]
1688.6,17-Jul-26 13:30:06,1808,167,0.1528,128.7,0.2989,0.5797,1.726,0,0,0,100,15.05,0.2051,403.9,200,1,0,0.3225,1,1,1,1,1,1,1,4,4,-1,[ OK ]
1689.0,17-Jul-26 13:30:06,1809,167,0.1525,129.2,0.302,0.5792,1.732,0,0,0,100,15.05,0.2043,403.9,200,1,0,0.3118,1,1,1,1,1,1,1,4,4,-1,[ OK ]
1689.4,17-Jul-26 13:30:07,1809,167,0.1527,128.9,0.2998,0.5795,1.729,0,0,0,100,15.05,0.2046,403.8,200,1,0,0.3173,1,1,1,1,1,1,1,4,4,-1,[ OK ]
1689.9,17-Jul-26 13:30:07,1809,167,0.1521,130.4,0.3008,0.579,1.736,0,0,0,100,15.05,0.2039,404.1,200,1,0,0.3151,1,1,1,1,1,1,1,4,4,-1,[ OK ]
1690.3,17-Jul-26 13:30:08,1810,167,0.1521,130.4,0.2966,0.5797,1.727,0,0,0,100,15.05,0.205,404,200,1,0,0.3106,1,1,1,1,1,1,1,4,4,-1,[ OK ]
1690.7,17-Jul-26 13:30:08,1810,167,0.1522,130.4,0.2998,0.5794,1.731,0,0,0,100,15.05,0.205,404.1,200,1,0,0.317,1,1,1,1,1,1,1,4,4,-1,[ OK ]
1691.1,17-Jul-26 13:30:09,1811,167,0.1522,130.4,0.3005,0.5798,1.726,0,0,0,100,15.05,0.2052,404,200,1,0,0.3132,1,1,1,1,1,1,1,4,4,-1,[ OK ]
1691.5,17-Jul-26 13:30:09,1811,167,0.1522,130.4,0.2989,0.5791,1.735,0,0,0,100,15.05,0.2047,404.1,200,1,0,0.3198,1,1,1,1,1,1,1,4,4,-1,[ OK ]
1692.0,17-Jul-26 13:30:09,1811,167,0.1526,129.4,0.3,0.5794,1.732,0,0,0,100,15.05,0.2052,403.9,200,1,0,0.3151,1,1,1,1,1,1,1,4,4,-1,[ OK ]
1692.4,17-Jul-26 13:30:10,1812,167,0.1522,130.4,0.2913,0.5798,1.728,0,0,0,100,15.05,0.2056,403.9,200,1,0,0.3212,1,1,1,1,1,1,1,4,4,-1,[ OK ]
1692.8,17-Jul-26 13:30:10,1812,167,0.1521,130.4,0.3014,0.5793,1.733,0,0,0,100,15.05,0.2045,403.8,200,1,0,0.3142,1,1,1,1,1,1,1,4,4,-1,[ OK ]
1693.2,17-Jul-26 13:30:11,1813,167,0.1527,129.1,0.2997,0.5793,1.734,0,0,0,100,15.05,0.2045,403.8,200,1,0,0.3231,1,1,1,1,1,1,1,4,4,-1,[ OK ]
1693.7,17-Jul-26 13:30:11,1813,167,0.1522,130.4,0.3028,0.5794,1.733,0,0,0,100,15.05,0.204,403.7,200,1,0,0.3128,1,1,1,1,1,1,1,4,4,-1,[ OK ]
1694.1,17-Jul-26 13:30:12,1814,167,0.1528,128.9,0.2963,0.5791,1.736,0,0,0,100,15.05,0.2057,403.8,200,1,0,0.3178,1,1,1,1,1,1,1,4,4,-1,[ OK ]
1694.6,17-Jul-26 13:30:12,1814,167,0.1521,130.5,0.3018,0.5791,1.736,0,0,0,100,15.05,0.2037,404.2,200,1,0,0.3223,1,1,1,1,1,1,1,4,4,-1,[ OK ]
1695.0,17-Jul-26 13:30:12,1815,167,0.1526,129.3,0.3036,0.5793,1.734,0,0,0,100,15.05,0.204,404.1,200,1,0,0.3225,1,1,1,1,1,1,1,4,4,-1,[ OK ]
1695.4,17-Jul-26 13:30:13,1815,167,0.1522,130.4,0.3021,0.5798,1.728,0,0,0,100,15.05,0.2046,403.8,200,1,0,0.3155,1,1,1,1,1,1,1,4,4,-1,[ OK ]
1695.9,17-Jul-26 13:30:13,1815,167,0.1522,130.4,0.2997,0.5793,1.734,0,0,0,100,15.05,0.2048,403.8,200,1,0,0.3167,1,1,1,1,1,1,1,4,4,-1,[ OK ]
1696.4,17-Jul-26 13:30:14,1816,167,0.1522,130.4,0.3018,0.5794,1.733,0,0,0,100,15.05,0.2045,403.9,200,1,0,0.3231,1,1,1,1,1,1,1,4,4,-1,[ OK ]
1696.8,17-Jul-26 13:30:14,1816,167,0.1522,130.4,0.3027,0.5795,1.732,0,0,0,100,15.05,0.2043,404,200,1,0,0.3271,1,1,1,1,1,1,1,4,4,-1,[ OK ]
1697.2,17-Jul-26 13:30:15,1817,167,0.1522,130.4,0.3034,0.5796,1.73,0,0,0,100,15.05,0.2048,403.8,200,1,0,0.3361,1,1,1,1,1,1,1,4,4,-1,[ OK ]
1697.6,17-Jul-26 13:30:15,1817,167,0.1527,129.3,0.3029,0.58,1.726,0,0,0,100,15.05,0.2042,403.8,200,1,0,0.327,1,1,1,1,1,1,1,4,4,-1,[ OK ]
1698.1,17-Jul-26 13:30:15,1818,167,0.1523,130.4,0.3025,0.58,1.725,0,0,0,100,15.05,0.2048,404.1,200,1,0,0.3228,1,1,1,1,1,1,1,4,4,-1,[ OK ]
1698.5,17-Jul-26 13:30:16,1818,167,0.1527,129,0.3028,0.5792,1.735,0,0,0,100,15.05,0.2047,404.2,200,1,0,0.3285,1,1,1,1,1,1,1,4,4,-1,[ OK ]
1698.9,17-Jul-26 13:30:16,1818,167,0.1523,130.4,0.3068,0.5793,1.734,0,0,0,100,15.05,0.2043,403.8,200,1,0,0.3333,1,1,1,1,1,1,1,4,4,-1,[ OK ]
1699.3,17-Jul-26 13:30:17,1819,167,0.1523,130.4,0.3025,0.5794,1.732,0,0,0,100,15.05,0.2048,403.8,200,1,0,0.3239,1,1,1,1,1,1,1,4,4,-1,[ OK ]
1699.8,17-Jul-26 13:30:17,1819,167,0.1523,130.4,0.3015,0.5794,1.732,0,0,0,100,15.05,0.205,404.1,200,1,0,0.3229,1,1,1,1,1,1,1,4,4,-1,[ OK ]
1700.3,17-Jul-26 13:30:18,1820,167,0.1523,130.4,0.3043,0.5798,1.728,0,0,0,100,15.05,0.2048,403.9,200,1,0,0.3235,1,1,1,1,1,1,1,4,4,-1,[ OK ]
1700.7,17-Jul-26 13:30:18,1820,167,0.1523,130.4,0.3033,0.5792,1.733,0,0,0,100,15.05,0.2046,404,200,1,0,0.3246,1,1,1,1,1,1,1,4,4,-1,[ OK ]
1701.1,17-Jul-26 13:30:19,1821,167,0.1523,130.4,0.3041,0.5791,1.735,0,0,0,100,15.05,0.2042,404.1,200,1,0,0.3258,1,1,1,1,1,1,1,4,4,-1,[ OK ]
1701.5,17-Jul-26 13:30:19,1821,167,0.1523,130.4,0.3066,0.5792,1.735,0,0,0,100,15.05,0.2052,403.9,200,1,0,0.3239,1,1,1,1,1,1,1,4,4,-1,[ OK ]
1702.0,17-Jul-26 13:30:19,1821,167,0.1523,130.4,0.3019,0.5799,1.726,0,0,0,100,15.05,0.2033,404.1,200,1,0,0.3275,1,1,1,1,1,1,1,4,4,-1,[ OK ]
1702.4,17-Jul-26 13:30:20,1822,167,0.1524,130.4,0.304,0.58,1.725,0,0,0,100,15.05,0.2056,403.9,200,1,0,0.3237,1,1,1,1,1,1,1,4,4,-1,[ OK ]
1702.8,17-Jul-26 13:30:20,1822,167,0.1524,130.4,0.3057,0.5796,1.73,0,0,0,100,15.05,0.2051,403.8,200,1,0,0.3218,1,1,1,1,1,1,1,4,4,-1,[ OK ]
1703.2,17-Jul-26 13:30:21,1823,167,0.1523,130.4,0.2981,0.5795,1.732,0,0,0,100,15.05,0.2049,404.1,200,1,0,0.311,1,1,1,1,1,1,1,4,4,-1,[ OK ]
1703.6,17-Jul-26 13:30:21,1823,167,0.1524,130.4,0.3021,0.5794,1.733,0,0,0,100,15.05,0.2049,404.2,200,1,0,0.31,1,1,1,1,1,1,1,4,4,-1,[ OK ]
1704.0,17-Jul-26 13:30:21,1824,167,0.1524,130.4,0.3017,0.5798,1.727,0,0,0,100,15.05,0.2043,404,200,1,0,0.3187,1,1,1,1,1,1,1,4,4,-1,[ OK ]
1704.5,17-Jul-26 13:30:22,1824,167,0.1523,130.4,0.301,0.5798,1.726,0,0,0,100,15.05,0.2037,404.1,200,1,0,0.3196,1,1,1,1,1,1,1,4,4,-1,[ OK ]
1704.9,17-Jul-26 13:30:22,1824,167,0.1523,130.4,0.2998,0.5792,1.733,0,0,0,100,15.05,0.2044,404,200,1,0,0.3297,1,1,1,1,1,1,1,4,4,-1,[ OK ]
1705.3,17-Jul-26 13:30:23,1825,167,0.1529,128.6,0.2998,0.5798,1.727,0,0,0,100,15.05,0.2043,403.8,200,1,0,0.3181,1,1,1,1,1,1,1,4,4,-1,[ OK ]
1705.7,17-Jul-26 13:30:23,1825,167,0.1527,129.3,0.2992,0.5794,1.731,0,0,0,100,15.05,0.204,404,200,1,0,0.3209,1,1,1,1,1,1,1,4,4,-1,[ OK ]
1706.2,17-Jul-26 13:30:24,1826,167,0.1527,129.3,0.299,0.5791,1.734,0,0,0,100,15.05,0.2043,403.8,200,1,0,0.3114,1,1,1,1,1,1,1,4,4,-1,[ OK ]
1706.7,17-Jul-26 13:30:24,1826,167,0.1523,130.4,0.2977,0.5793,1.732,0,0,0,100,15.05,0.205,403.9,200,1,0,0.3153,1,1,1,1,1,1,1,4,4,-1,[ OK ]
1707.1,17-Jul-26 13:30:25,1827,167,0.1527,129.3,0.2989,0.5793,1.732,0,0,0,100,15.05,0.2049,404.1,200,1,0,0.3141,1,1,1,1,1,1,1,4,4,-1,[ OK ]
1707.5,17-Jul-26 13:30:25,1827,167,0.1526,129.3,0.2981,0.5799,1.726,0,0,0,100,15.05,0.2042,404,200,1,0,0.3222,1,1,1,1,1,1,1,4,4,-1,[ OK ]
1707.9,17-Jul-26 13:30:25,1827,167,0.1526,129.3,0.2988,0.5793,1.733,0,0,0,100,15.05,0.2042,403.8,200,1,0,0.3205,1,1,1,1,1,1,1,4,4,-1,[ OK ]
1708.3,17-Jul-26 13:30:26,1828,167,0.1522,130.4,0.2999,0.58,1.724,0,0,0,100,15.05,0.2038,404.1,200,1,0,0.3182,1,1,1,1,1,1,1,4,4,-1,[ OK ]
1708.8,17-Jul-26 13:30:26,1828,167,0.1522,130.4,0.3029,0.5798,1.727,0,0,0,100,15.05,0.2027,404.1,200,1,0,0.3228,1,1,1,1,1,1,1,4,4,-1,[ OK ]
1709.2,17-Jul-26 13:30:27,1829,167,0.1522,130.4,0.2997,0.5801,1.725,0,0,0,100,15.05,0.2035,404,200,1,0,0.3273,1,1,1,1,1,1,1,4,4,-1,[ OK ]
1709.6,17-Jul-26 13:30:27,1829,167,0.1522,130.4,0.3004,0.5798,1.726,0,0,0,100,15.05,0.2046,404.1,200,1,0,0.3248,1,1,1,1,1,1,1,4,4,-1,[ OK ]
1710.0,17-Jul-26 13:30:27,1830,167,0.1527,129,0.3008,0.5792,1.734,0,0,0,100,15.05,0.2048,403.8,200,1,0,0.3208,1,1,1,1,1,1,1,4,4,-1,[ OK ]
1710.4,17-Jul-26 13:30:28,1830,167,0.1522,130.5,0.2974,0.5797,1.728,0,0,0,100,15.05,0.2046,403.8,200,1,0,0.3209,1,1,1,1,1,1,1,4,4,-1,[ OK ]
1710.9,17-Jul-26 13:30:28,1830,167,0.1527,129.2,0.298,0.5799,1.726,0,0,0,100,15.05,0.2046,404.2,200,1,0,0.3184,1,1,1,1,1,1,1,4,4,-1,[ OK ]
1711.3,17-Jul-26 13:30:29,1831,167,0.1528,128.9,0.2987,0.5797,1.729,0,0,0,100,15.05,0.2035,404,200,1,0,0.3235,1,1,1,1,1,1,1,4,4,-1,[ OK ]
1711.7,17-Jul-26 13:30:29,1831,167,0.1527,129.1,0.2965,0.5793,1.734,0,0,0,100,15.05,0.2041,403.9,200,1,0,0.3247,1,1,1,1,1,1,1,4,4,-1,[ OK ]
1712.1,17-Jul-26 13:30:30,1832,167,0.1522,130.4,0.2976,0.5798,1.728,0,0,0,100,15.05,0.2039,404.1,200,1,0,0.3183,1,1,1,1,1,1,1,4,4,-1,[ OK ]
1712.6,17-Jul-26 13:30:30,1832,167,0.1522,130.4,0.3004,0.5794,1.734,0,0,0,100,15.05,0.2041,403.9,200,1,0,0.3117,1,1,1,1,1,1,1,4,4,-1,[ OK ]
1713.0,17-Jul-26 13:30:30,1832,167,0.1523,130.4,0.2983,0.58,1.727,0,0,0,100,15.05,0.2027,404,200,1,0,0.3201,1,1,1,1,1,1,1,4,4,-1,[ OK ]
1713.4,17-Jul-26 13:30:31,1833,167,0.1523,130.4,0.3009,0.5801,1.725,0,0,0,100,15.05,0.2048,404.2,200,1,0,0.3141,1,1,1,1,1,1,1,4,4,-1,[ OK ]
1713.8,17-Jul-26 13:30:31,1833,167,0.1522,130.4,0.2976,0.58,1.726,0,0,0,100,15.05,0.2051,403.8,200,1,0,0.3114,1,1,1,1,1,1,1,4,4,-1,[ OK ]
1714.2,17-Jul-26 13:30:32,1834,167,0.1523,130.4,0.2985,0.5801,1.725,0,0,0,100,15.05,0.204,404.1,200,1,0,0.3151,1,1,1,1,1,1,1,4,4,-1,[ OK ]
1714.6,17-Jul-26 13:30:32,1834,167,0.1528,129,0.2958,0.5799,1.727,0,0,0,100,15.05,0.2033,404.2,200,1,0,0.3194,1,1,1,1,1,1,1,4,4,-1,[ OK ]
1715.1,17-Jul-26 13:30:32,1835,167,0.1527,129.3,0.299,0.5795,1.732,0,0,0,100,15.05,0.2042,403.8,200,1,0,0.3311,1,1,1,1,1,1,1,4,4,-1,[ OK ]
1715.5,17-Jul-26 13:30:33,1835,167,0.1523,130.4,0.2961,0.5794,1.733,0,0,0,100,15.05,0.2045,404.1,200,1,0,0.3129,1,1,1,1,1,1,1,4,4,-1,[ OK ]
1715.9,17-Jul-26 13:30:33,1835,167,0.1529,128.8,0.2959,0.5794,1.733,0,0,0,100,15.05,0.2041,404,200,1,0,0.3181,1,1,1,1,1,1,1,4,4,-1,[ OK ]
1716.3,17-Jul-26 13:30:34,1836,167,0.1523,130.4,0.2983,0.5791,1.736,0,0,0,100,15.05,0.2034,404.1,200,1,0,0.3184,1,1,1,1,1,1,1,4,4,-1,[ OK ]
1716.7,17-Jul-26 13:30:34,1836,167,0.1522,130.4,0.2947,0.5799,1.727,0,0,0,100,15.05,0.2054,403.9,200,1,0,0.3123,1,1,1,1,1,1,1,4,4,-1,[ OK ]
1717.2,17-Jul-26 13:30:35,1837,167,0.1523,130.4,0.2964,0.5793,1.733,0,0,0,100,15.05,0.2045,403.9,200,1,0,0.3149,1,1,1,1,1,1,1,4,4,-1,[ OK ]
1717.6,17-Jul-26 13:30:35,1837,167,0.1522,130.4,0.2975,0.5793,1.734,0,0,0,100,15.05,0.2032,403.9,200,1,0,0.2998,1,1,1,1,1,1,1,4,4,-1,[ OK ]
1718.0,17-Jul-26 13:30:35,1838,167,0.1522,130.4,0.2961,0.5793,1.735,0,0,0,100,15.05,0.2046,403.8,200,1,0,0.3159,1,1,1,1,1,1,1,4,4,-1,[ OK ]
1718.4,17-Jul-26 13:30:36,1838,167,0.1522,130.4,0.2993,0.5793,1.734,0,0,0,100,15.05,0.2058,404.1,200,1,0,0.3152,1,1,1,1,1,1,1,4,4,-1,[ OK ]
1718.8,17-Jul-26 13:30:36,1838,167,0.1522,130.4,0.2993,0.5797,1.729,0,0,0,100,15.05,0.2056,403.7,200,1,0,0.3177,1,1,1,1,1,1,1,4,4,-1,[ OK ]
1719.2,17-Jul-26 13:30:37,1839,167,0.1521,130.4,0.2951,0.5795,1.731,0,0,0,100,15.05,0.2042,404.1,200,1,0,0.3079,1,1,1,1,1,1,1,4,4,-1,[ OK ]
1719.6,17-Jul-26 13:30:37,1839,167,0.1521,130.4,0.298,0.5798,1.728,0,0,0,100,15.05,0.2037,404.1,200,1,0,0.3068,1,1,1,1,1,1,1,4,4,-1,[ OK ]
1720.0,17-Jul-26 13:30:37,1840,167,0.1521,130.4,0.2963,0.5793,1.735,0,0,0,100,15.05,0.2043,403.8,200,1,0,0.311,1,1,1,1,1,1,1,4,4,-1,[ OK ]
1720.4,17-Jul-26 13:30:38,1840,167,0.1521,130.4,0.2981,0.5793,1.735,0,0,0,100,15.05,0.2043,404.2,200,1,0,0.3113,1,1,1,1,1,1,1,4,4,-1,[ OK ]
1720.8,17-Jul-26 13:30:38,1840,167,0.1528,128.6,0.2975,0.5797,1.73,0,0,0,100,15.05,0.2045,404.1,200,1,0,0.2956,1,1,1,1,1,1,1,4,4,-1,[ OK ]
1721.3,17-Jul-26 13:30:39,1841,167,0.1522,130.4,0.2987,0.5799,1.728,0,0,0,100,15.05,0.2037,403.9,200,1,0,0.2983,1,1,1,1,1,1,1,4,4,-1,[ OK ]
1721.7,17-Jul-26 13:30:39,1841,167,0.1526,129.3,0.2957,0.5793,1.735,0,0,0,100,15.05,0.2055,403.8,200,1,0,0.3128,1,1,1,1,1,1,1,4,4,-1,[ OK ]
1722.1,17-Jul-26 13:30:40,1842,167,0.1522,130.4,0.297,0.5797,1.73,0,0,0,100,15.05,0.2025,404.1,200,1,0,0.3153,1,1,1,1,1,1,1,4,4,-1,[ OK ]
1722.5,17-Jul-26 13:30:40,1842,167,0.1521,130.4,0.2993,0.58,1.727,0,0,0,100,15.05,0.2041,404.1,200,1,0,0.3129,1,1,1,1,1,1,1,4,4,-1,[ OK ]
1723.0,17-Jul-26 13:30:40,1842,167,0.1521,130.4,0.2967,0.5794,1.733,0,0,0,100,15.05,0.2047,403.9,200,1,0,0.3153,1,1,1,1,1,1,1,4,4,-1,[ OK ]
1723.4,17-Jul-26 13:30:41,1843,167,0.1525,129.3,0.2975,0.5799,1.728,0,0,0,100,15.05,0.2046,404.2,200,1,0,0.3131,1,1,1,1,1,1,1,4,4,-1,[ OK ]
1723.8,17-Jul-26 13:30:41,1843,167,0.1522,130.4,0.2968,0.5792,1.735,0,0,0,100,15.05,0.2045,404,200,1,0,0.3044,1,1,1,1,1,1,1,4,4,-1,[ OK ]
1724.2,17-Jul-26 13:30:42,1844,167,0.1523,130.4,0.2972,0.58,1.726,0,0,0,100,15.05,0.2046,404,200,1,0,0.3101,1,1,1,1,1,1,1,4,4,-1,[ OK ]
1724.6,17-Jul-26 13:30:42,1844,167,0.1523,130.4,0.2958,0.5794,1.732,0,0,0,100,15.05,0.2051,404.2,200,1,0,0.3072,1,1,1,1,1,1,1,4,4,-1,[ OK ]
1725.0,17-Jul-26 13:30:42,1845,167,0.1523,130.4,0.2966,0.5795,1.731,0,0,0,100,15.05,0.205,404,200,1,0,0.3129,1,1,1,1,1,1,1,4,4,-1,[ OK ]
1725.5,17-Jul-26 13:30:43,1845,167,0.1523,130.4,0.2958,0.5798,1.727,0,0,0,100,15.05,0.2036,404.1,200,1,0,0.3098,1,1,1,1,1,1,1,4,4,-1,[ OK ]
1725.9,17-Jul-26 13:30:43,1845,167,0.1523,130.4,0.3026,0.5795,1.731,0,0,0,100,15.05,0.2046,404,200,1,0,0.3174,1,1,1,1,1,1,1,4,4,-1,[ OK ]
1726.3,17-Jul-26 13:30:44,1846,167,0.1528,129.1,0.2989,0.5793,1.734,0,0,0,100,15.05,0.2041,403.9,200,1,0,0.2976,1,1,1,1,1,1,1,4,4,-1,[ OK ]
1726.6,17-Jul-26 13:30:44,1846,167,0.1526,129.4,0.2966,0.5798,1.727,0,0,0,100,15.05,0.2051,403.8,200,1,0,0.3227,1,1,1,1,1,1,1,4,4,-1,[ OK ]
1727.0,17-Jul-26 13:30:44,1847,167,0.1522,130.4,0.2999,0.5797,1.728,0,0,0,100,15.05,0.2043,403.9,200,1,0,0.3027,1,1,1,1,1,1,1,4,4,-1,[ OK ]
1727.5,17-Jul-26 13:30:45,1847,167,0.1522,130.4,0.2971,0.5799,1.725,0,0,0,100,15.05,0.2046,403.9,200,1,0,0.3155,1,1,1,1,1,1,1,4,4,-1,[ OK ]
1728.0,17-Jul-26 13:30:45,1848,167,0.1522,130.4,0.2957,0.5799,1.726,0,0,0,100,15.05,0.2038,403.8,200,1,0,0.3062,1,1,1,1,1,1,1,4,4,-1,[ OK ]
1728.4,17-Jul-26 13:30:46,1848,167,0.1522,130.4,0.3004,0.5798,1.727,0,0,0,100,15.05,0.2043,403.8,200,1,0,0.3142,1,1,1,1,1,1,1,4,4,-1,[ OK ]
1728.8,17-Jul-26 13:30:46,1848,167,0.1525,129.4,0.3014,0.5793,1.733,0,0,0,100,15.05,0.2042,403.8,200,1,0,0.3159,1,1,1,1,1,1,1,4,4,-1,[ OK ]
1729.3,17-Jul-26 13:30:47,1849,167,0.1526,129.3,0.2986,0.5799,1.727,0,0,0,100,15.05,0.2049,403.8,200,1,0,0.3209,1,1,1,1,1,1,1,4,4,-1,[ OK ]
1729.7,17-Jul-26 13:30:47,1849,167,0.1521,130.4,0.2988,0.5793,1.733,0,0,0,100,15.05,0.2035,403.8,200,1,0,0.3116,1,1,1,1,1,1,1,4,4,-1,[ OK ]
1730.1,17-Jul-26 13:30:48,1850,167,0.1522,130.4,0.2981,0.5793,1.733,0,0,0,100,15.05,0.2036,403.8,200,1,0,0.315,1,1,1,1,1,1,1,4,4,-1,[ OK ]
1730.5,17-Jul-26 13:30:48,1850,167,0.1522,130.4,0.294,0.5795,1.732,0,0,0,100,15.05,0.2043,403.8,200,1,0,0.3196,1,1,1,1,1,1,1,4,4,-1,[ OK ]
1730.9,17-Jul-26 13:30:48,1850,167,0.1522,130.4,0.2976,0.5799,1.727,0,0,0,100,15.05,0.2041,404.2,200,1,0,0.3196,1,1,1,1,1,1,1,4,4,-1,[ OK ]
1731.4,17-Jul-26 13:30:49,1851,167,0.1522,130.4,0.2935,0.5798,1.728,0,0,0,100,15.05,0.2051,404,200,1,0,0.3116,1,1,1,1,1,1,1,4,4,-1,[ OK ]
1731.8,17-Jul-26 13:30:49,1851,167,0.1522,130.4,0.2983,0.5798,1.728,0,0,0,100,15.05,0.2046,404,200,1,0,0.3101,1,1,1,1,1,1,1,4,4,-1,[ OK ]
1732.2,17-Jul-26 13:30:50,1852,167,0.1522,130.4,0.2965,0.5794,1.733,0,0,0,100,15.05,0.2046,404.1,200,1,0,0.31,1,1,1,1,1,1,1,4,4,-1,[ OK ]
1732.6,17-Jul-26 13:30:50,1852,167,0.1522,130.4,0.2967,0.5796,1.73,0,0,0,100,15.05,0.2047,404.1,200,1,0,0.3075,1,1,1,1,1,1,1,4,4,-1,[ OK ]
1733.0,17-Jul-26 13:30:50,1853,167,0.1522,130.4,0.296,0.5793,1.734,0,0,0,100,15.05,0.2045,404.1,200,1,0,0.3118,1,1,1,1,1,1,1,4,4,-1,[ OK ]
1733.5,17-Jul-26 13:30:51,1853,167,0.1529,128.6,0.2986,0.5793,1.735,0,0,0,100,15.05,0.204,404,200,1,0,0.3245,1,1,1,1,1,1,1,4,4,-1,[ OK ]
1733.9,17-Jul-26 13:30:51,1853,167,0.1526,129.2,0.2943,0.5799,1.726,0,0,0,100,15.05,0.2043,404.2,200,1,0,0.3132,1,1,1,1,1,1,1,4,4,-1,[ OK ]
1734.3,17-Jul-26 13:30:52,1854,167,0.1522,130.4,0.2982,0.5798,1.727,0,0,0,100,15.05,0.2045,404.1,200,1,0,0.3123,1,1,1,1,1,1,1,4,4,-1,[ OK ]
1734.7,17-Jul-26 13:30:52,1854,167,0.1525,129.4,0.2983,0.5791,1.736,0,0,0,100,15.05,0.2046,403.9,200,1,0,0.3228,1,1,1,1,1,1,1,4,4,-1,[ OK ]
1735.1,17-Jul-26 13:30:53,1855,167,0.1526,129.2,0.2996,0.5795,1.731,0,0,0,100,15.05,0.2045,404,200,1,0,0.3151,1,1,1,1,1,1,1,4,4,-1,[ OK ]
1735.6,17-Jul-26 13:30:53,1855,167,0.1521,130.4,0.2946,0.5798,1.726,0,0,0,100,15.05,0.2045,404,200,1,0,0.2966,1,1,1,1,1,1,1,4,4,-1,[ OK ]
1736.0,17-Jul-26 13:30:53,1855,167,0.1525,129.3,0.2978,0.5793,1.732,0,0,0,100,15.05,0.2043,403.9,200,1,0,0.3159,1,1,1,1,1,1,1,4,4,-1,[ OK ]
1736.4,17-Jul-26 13:30:54,1856,167,0.1521,130.4,0.2973,0.5796,1.728,0,0,0,100,15.05,0.2038,404,200,1,0,0.3162,1,1,1,1,1,1,1,4,4,-1,[ OK ]
1736.8,17-Jul-26 13:30:54,1856,167,0.1521,130.4,0.2973,0.5799,1.725,0,0,0,100,15.05,0.2045,404,200,1,0,0.3116,1,1,1,1,1,1,1,4,4,-1,[ OK ]
1737.2,17-Jul-26 13:30:55,1857,167,0.1521,130.4,0.2982,0.5792,1.733,0,0,0,100,15.05,0.2032,404.1,200,1,0,0.3187,1,1,1,1,1,1,1,4,4,-1,[ OK ]
1737.7,17-Jul-26 13:30:55,1857,167,0.1524,129.3,0.2989,0.5793,1.732,0,0,0,100,15.05,0.2037,403.9,200,1,0,0.3111,1,1,1,1,1,1,1,4,4,-1,[ OK ]
1738.1,17-Jul-26 13:30:56,1858,167,0.152,130.4,0.2968,0.5798,1.727,0,0,0,100,15.05,0.2045,403.8,200,1,0,0.3238,1,1,1,1,1,1,1,4,4,-1,[ OK ]
1738.5,17-Jul-26 13:30:56,1858,167,0.1523,129.6,0.2994,0.5794,1.731,0,0,0,100,15.05,0.2041,403.9,200,1,0,0.3101,1,1,1,1,1,1,1,4,4,-1,[ OK ]
1738.9,17-Jul-26 13:30:56,1858,167,0.1525,129,0.2978,0.5797,1.728,0,0,0,100,15.05,0.204,403.8,200,1,0,0.3134,1,1,1,1,1,1,1,4,4,-1,[ OK ]
1739.3,17-Jul-26 13:30:57,1859,167,0.1528,128.4,0.2998,0.5799,1.726,0,0,0,100,15.05,0.204,404.1,200,1,0,0.3018,1,1,1,1,1,1,1,4,4,-1,[ OK ]
1739.8,17-Jul-26 13:30:57,1859,167,0.1521,130.4,0.2981,0.5797,1.728,0,0,0,100,15.05,0.2051,404,200,1,0,0.312,1,1,1,1,1,1,1,4,4,-1,[ OK ]
1740.2,17-Jul-26 13:30:58,1860,167,0.1525,129.4,0.3019,0.5793,1.734,0,0,0,100,15.05,0.2038,403.8,200,1,0,0.3212,1,1,1,1,1,1,1,4,4,-1,[ OK ]
1740.6,17-Jul-26 13:30:58,1860,167,0.1521,130.4,0.2937,0.579,1.737,0,0,0,100,15.05,0.2041,403.9,200,1,0,0.3067,1,1,1,1,1,1,1,4,4,-1,[ OK ]
1741.0,17-Jul-26 13:30:58,1861,167,0.1521,130.4,0.2979,0.5792,1.735,0,0,0,100,15.05,0.204,403.8,200,1,0,0.2971,1,1,1,1,1,1,1,4,4,-1,[ OK ]
1741.4,17-Jul-26 13:30:59,1861,167,0.1522,130.4,0.2996,0.5798,1.727,0,0,0,100,15.05,0.2049,404.2,200,1,0,0.3109,1,1,1,1,1,1,1,4,4,-1,[ OK ]
1741.9,17-Jul-26 13:30:59,1861,167,0.1521,130.4,0.2953,0.58,1.726,0,0,0,100,15.05,0.2039,404,200,1,0,0.3164,1,1,1,1,1,1,1,4,4,-1,[ OK ]
1742.3,17-Jul-26 13:31:00,1862,167,0.1525,129.3,0.2986,0.58,1.725,0,0,0,100,15.05,0.2035,404.1,200,1,0,0.3174,1,1,1,1,1,1,1,4,4,-1,[ OK ]
1742.7,17-Jul-26 13:31:00,1862,167,0.1526,129,0.3026,0.5798,1.729,0,0,0,100,15.05,0.2029,403.8,200,1,0,0.3091,1,1,1,1,1,1,1,4,4,-1,[ OK ]
1743.1,17-Jul-26 13:31:01,1863,167,0.1527,128.9,0.2965,0.5798,1.729,0,0,0,100,15.05,0.2043,403.9,200,1,0,0.3111,1,1,1,1,1,1,1,4,4,-1,[ OK ]
1743.5,17-Jul-26 13:31:01,1863,167,0.1521,130.4,0.2992,0.5799,1.728,0,0,0,100,15.05,0.2043,404.1,200,1,0,0.3205,1,1,1,1,1,1,1,4,4,-1,[ OK ]
1743.9,17-Jul-26 13:31:01,1863,167,0.1521,130.4,0.2971,0.58,1.727,0,0,0,100,15.05,0.2036,403.8,200,1,0,0.3148,1,1,1,1,1,1,1,4,4,-1,[ OK ]
1744.4,17-Jul-26 13:31:02,1864,167,0.1521,130.5,0.2971,0.5796,1.731,0,0,0,100,15.05,0.2043,404.2,200,1,0,0.3201,1,1,1,1,1,1,1,4,4,-1,[ OK ]
1744.8,17-Jul-26 13:31:02,1864,167,0.1527,129,0.2994,0.58,1.727,0,0,0,100,15.05,0.2048,403.8,200,1,0,0.3199,1,1,1,1,1,1,1,4,4,-1,[ OK ]
1745.2,17-Jul-26 13:31:03,1865,167,0.1522,130.4,0.2999,0.5793,1.734,0,0,0,100,15.05,0.2032,404.2,200,1,0,0.3277,1,1,1,1,1,1,1,4,4,-1,[ OK ]
1745.6,17-Jul-26 13:31:03,1865,167,0.1522,130.4,0.2983,0.5796,1.731,0,0,0,100,15.05,0.2045,403.9,200,1,0,0.3189,1,1,1,1,1,1,1,4,4,-1,[ OK ]
1746.0,17-Jul-26 13:31:03,1866,167,0.1525,129.3,0.2959,0.5794,1.732,0,0,0,100,15.05,0.2044,404,200,1,0,0.3119,1,1,1,1,1,1,1,4,4,-1,[ OK ]
1746.5,17-Jul-26 13:31:04,1866,167,0.1521,130.4,0.2981,0.5793,1.734,0,0,0,100,15.05,0.2051,403.8,200,1,0,0.3175,1,1,1,1,1,1,1,4,4,-1,[ OK ]
1746.9,17-Jul-26 13:31:04,1866,167,0.1525,129.2,0.2961,0.5793,1.733,0,0,0,100,15.05,0.2043,403.8,200,1,0,0.3125,1,1,1,1,1,1,1,4,4,-1,[ OK ]
1747.3,17-Jul-26 13:31:05,1867,167,0.1527,128.8,0.3023,0.5794,1.733,0,0,0,100,15.05,0.203,404.2,200,1,0,0.3279,1,1,1,1,1,1,1,4,4,-1,[ OK ]
1747.7,17-Jul-26 13:31:05,1867,167,0.1526,129.3,0.299,0.5799,1.727,0,0,0,100,15.05,0.2045,404.2,200,1,0,0.3158,1,1,1,1,1,1,1,4,4,-1,[ OK ]
1748.2,17-Jul-26 13:31:06,1868,167,0.1522,130.4,0.2969,0.58,1.726,0,0,0,100,15.05,0.2041,404.1,200,1,0,0.3154,1,1,1,1,1,1,1,4,4,-1,[ OK ]
1748.6,17-Jul-26 13:31:06,1868,167,0.1522,130.4,0.2961,0.5799,1.728,0,0,0,100,15.05,0.2047,403.8,200,1,0,0.3077,1,1,1,1,1,1,1,4,4,-1,[ OK ]
1749.0,17-Jul-26 13:31:06,1869,167,0.1522,130.4,0.2982,0.5799,1.728,0,0,0,100,15.05,0.2048,404,200,1,0,0.3094,1,1,1,1,1,1,1,4,4,-1,[ OK ]
1749.4,17-Jul-26 13:31:07,1869,167,0.1526,129.3,0.2999,0.5794,1.733,0,0,0,100,15.05,0.2055,404.1,200,1,0,0.2921,1,1,1,1,1,1,1,4,4,-1,[ OK ]
1749.8,17-Jul-26 13:31:07,1869,167,0.1526,129.4,0.2968,0.5793,1.735,0,0,0,100,15.05,0.2051,404.2,200,1,0,0.318,1,1,1,1,1,1,1,4,4,-1,[ OK ]
1750.3,17-Jul-26 13:31:08,1870,167,0.1522,130.4,0.3017,0.5798,1.728,0,0,0,100,15.05,0.2058,403.8,200,1,0,0.3073,1,1,1,1,1,1,1,4,4,-1,[ OK ]
1750.7,17-Jul-26 13:31:08,1870,167,0.1522,130.4,0.2992,0.5796,1.732,0,0,0,100,15.05,0.2053,404,200,1,0,0.3086,1,1,1,1,1,1,1,4,4,-1,[ OK ]
1751.1,17-Jul-26 13:31:09,1871,167,0.1522,130.4,0.3023,0.579,1.738,0,0,0,100,15.05,0.2046,404,200,1,0,0.3157,1,1,1,1,1,1,1,4,4,-1,[ OK ]
1751.5,17-Jul-26 13:31:09,1871,167,0.1526,129.3,0.299,0.5794,1.733,0,0,0,100,15.05,0.2052,403.9,200,1,0,0.3151,1,1,1,1,1,1,1,4,4,-1,[ OK ]
1751.9,17-Jul-26 13:31:09,1871,167,0.1521,130.4,0.2966,0.58,1.726,0,0,0,100,15.05,0.2048,404.2,200,1,0,0.3134,1,1,1,1,1,1,1,4,4,-1,[ OK ]
1752.4,17-Jul-26 13:31:10,1872,167,0.1521,130.4,0.2975,0.5796,1.732,0,0,0,100,15.05,0.2055,404,200,1,0,0.31,1,1,1,1,1,1,1,4,4,-1,[ OK ]
1752.8,17-Jul-26 13:31:10,1872,167,0.1522,130.4,0.2976,0.5793,1.736,0,0,0,100,15.05,0.205,404.1,200,1,0,0.3089,1,1,1,1,1,1,1,4,4,-1,[ OK ]
1753.2,17-Jul-26 13:31:11,1873,167,0.1521,130.4,0.2981,0.5795,1.733,0,0,0,100,15.05,0.206,404.1,200,1,0,0.3008,1,1,1,1,1,1,1,4,4,-1,[ OK ]
1753.7,17-Jul-26 13:31:11,1873,167,0.1525,129.6,0.2941,0.5792,1.736,0,0,0,100,15.05,0.2043,404.1,200,1,0,0.3145,1,1,1,1,1,1,1,4,4,-1,[ OK ]
1754.2,17-Jul-26 13:31:12,1874,167,0.1522,130.4,0.2978,0.5793,1.736,0,0,0,100,15.05,0.2046,403.8,200,1,0,0.3156,1,1,1,1,1,1,1,4,4,-1,[ OK ]
1754.7,17-Jul-26 13:31:12,1874,167,0.1528,128.8,0.2966,0.5802,1.724,0,0,0,100,15.05,0.2048,404.1,200,1,0,0.3137,1,1,1,1,1,1,1,4,4,-1,[ OK ]
1755.1,17-Jul-26 13:31:13,1875,167,0.1521,130.4,0.3008,0.5799,1.727,0,0,0,100,15.05,0.2046,403.6,200,1,0,0.3038,1,1,1,1,1,1,1,4,4,-1,[ OK ]
1755.5,17-Jul-26 13:31:13,1875,167,0.1521,130.4,0.2971,0.58,1.726,0,0,0,100,15.05,0.2057,404,200,1,0,0.2967,1,1,1,1,1,1,1,4,4,-1,[ OK ]
1755.9,17-Jul-26 13:31:13,1875,167,0.1526,129.1,0.2962,0.58,1.725,0,0,0,100,15.05,0.2055,404,200,1,0,0.3144,1,1,1,1,1,1,1,4,4,-1,[ OK ]
1756.3,17-Jul-26 13:31:14,1876,167,0.1526,129.2,0.2945,0.5793,1.734,0,0,0,100,15.05,0.2067,404,200,1,0,0.3073,1,1,1,1,1,1,1,4,4,-1,[ OK ]
1756.6,17-Jul-26 13:31:14,1876,167,0.1522,130.4,0.2941,0.5794,1.732,0,0,0,100,15.05,0.2064,403.8,200,1,0,0.3007,1,1,1,1,1,1,1,4,4,-1,[ OK ]
1757.2,17-Jul-26 13:31:15,1877,167,0.1527,129.1,0.2974,0.5799,1.727,0,0,0,100,15.05,0.2053,403.8,200,1,0,0.3084,1,1,1,1,1,1,1,4,4,-1,[ OK ]
1757.6,17-Jul-26 13:31:15,1877,167,0.1527,129,0.2994,0.5801,1.724,0,0,0,100,15.05,0.2054,404,200,1,0,0.3139,1,1,1,1,1,1,1,4,4,-1,[ OK ]
1758.0,17-Jul-26 13:31:15,1878,167,0.1521,130.4,0.2967,0.5796,1.73,0,0,0,100,15.05,0.2056,404.1,200,1,0,0.2977,1,1,1,1,1,1,1,4,4,-1,[ OK ]
1758.4,17-Jul-26 13:31:16,1878,167,0.1526,129.3,0.2989,0.5795,1.731,0,0,0,100,15.05,0.2049,404.1,200,1,0,0.2966,1,1,1,1,1,1,1,4,4,-1,[ OK ]
1758.9,17-Jul-26 13:31:16,1878,167,0.1525,129.3,0.297,0.5793,1.733,0,0,0,100,15.05,0.2041,403.8,200,1,0,0.3124,1,1,1,1,1,1,1,4,4,-1,[ OK ]
1759.3,17-Jul-26 13:31:17,1879,167,0.1522,130.4,0.2945,0.5798,1.727,0,0,0,100,15.05,0.205,403.8,200,1,0,0.3125,1,1,1,1,1,1,1,4,4,-1,[ OK ]
1759.7,17-Jul-26 13:31:17,1879,167,0.1522,130.4,0.2994,0.5798,1.727,0,0,0,100,15.05,0.2054,403.8,200,1,0,0.3017,1,1,1,1,1,1,1,4,4,-1,[ OK ]
1760.1,17-Jul-26 13:31:18,1880,167,0.1522,130.4,0.3013,0.5794,1.732,0,0,0,100,15.05,0.2046,404,200,1,0,0.3136,1,1,1,1,1,1,1,4,4,-1,[ OK ]
1760.5,17-Jul-26 13:31:18,1880,167,0.1526,129.4,0.2973,0.5791,1.735,0,0,0,100,15.05,0.2053,403.8,200,1,0,0.3075,1,1,1,1,1,1,1,4,4,-1,[ OK ]
1761.0,17-Jul-26 13:31:18,1880,167,0.1527,129,0.2997,0.5793,1.733,0,0,0,100,15.05,0.2046,403.9,200,1,0,0.321,1,1,1,1,1,1,1,4,4,-1,[ OK ]
1761.4,17-Jul-26 13:31:19,1881,167,0.1522,130.4,0.2986,0.5798,1.728,0,0,0,100,15.05,0.2045,404.1,200,1,0,0.2955,1,1,1,1,1,1,1,4,4,-1,[ OK ]
1761.8,17-Jul-26 13:31:19,1881,167,0.1527,129.2,0.2981,0.5799,1.726,0,0,0,100,15.05,0.2056,404.1,200,1,0,0.3129,1,1,1,1,1,1,1,4,4,-1,[ OK ]
1762.2,17-Jul-26 13:31:20,1882,167,0.1523,130.4,0.295,0.5793,1.734,0,0,0,100,15.05,0.2046,403.8,200,1,0,0.3036,1,1,1,1,1,1,1,4,4,-1,[ OK ]
1762.7,17-Jul-26 13:31:20,1882,167,0.1523,130.4,0.2981,0.5793,1.734,0,0,0,100,15.05,0.2053,403.8,200,1,0,0.3005,1,1,1,1,1,1,1,4,4,-1,[ OK ]
1763.2,17-Jul-26 13:31:21,1883,167,0.1523,130.4,0.2959,0.5801,1.726,0,0,0,100,15.05,0.2058,404.1,200,1,0,0.3038,1,1,1,1,1,1,1,4,4,-1,[ OK ]
1763.6,17-Jul-26 13:31:21,1883,167,0.1523,130.4,0.2977,0.5796,1.731,0,0,0,100,15.05,0.2044,404.2,200,1,0,0.31,1,1,1,1,1,1,1,4,4,-1,[ OK ]
1764.1,17-Jul-26 13:31:22,1884,167,0.1522,130.4,0.2956,0.5801,1.724,0,0,0,100,15.05,0.2044,404,200,1,0,0.3143,1,1,1,1,1,1,1,4,4,-1,[ OK ]
1764.6,17-Jul-26 13:31:22,1884,167,0.1522,130.4,0.2984,0.58,1.725,0,0,0,100,15.05,0.2052,403.8,200,1,0,0.31,1,1,1,1,1,1,1,4,4,-1,[ OK ]
1765.0,17-Jul-26 13:31:22,1885,167,0.1522,130.4,0.3005,0.58,1.726,0,0,0,100,15.05,0.2058,404,200,1,0,0.3087,1,1,1,1,1,1,1,4,4,-1,[ OK ]
1765.6,17-Jul-26 13:31:23,1885,167,0.1525,129.4,0.2997,0.5793,1.734,0,0,0,100,15.05,0.2056,404,200,1,0,0.3124,1,1,1,1,1,1,1,4,4,-1,[ OK ]
1766.0,17-Jul-26 13:31:23,1885,167,0.1522,130.4,0.2941,0.5794,1.733,0,0,0,100,15.05,0.204,404.2,200,1,0,0.3138,1,1,1,1,1,1,1,4,4,-1,[ OK ]
1766.5,17-Jul-26 13:31:24,1886,167,0.1522,130.4,0.2984,0.5797,1.73,0,0,0,100,15.05,0.2053,404,200,1,0,0.313,1,1,1,1,1,1,1,4,4,-1,[ OK ]
1766.9,17-Jul-26 13:31:24,1886,167,0.1522,130.4,0.2975,0.5793,1.736,0,0,0,100,15.05,0.2044,404.1,200,1,0,0.3155,1,1,1,1,1,1,1,4,4,-1,[ OK ]
1767.3,17-Jul-26 13:31:25,1887,167,0.1523,130.4,0.3033,0.5799,1.729,0,0,0,100,15.05,0.204,403.6,200,1,0,0.313,1,1,1,1,1,1,1,4,4,-1,[ OK ]
1767.8,17-Jul-26 13:31:25,1887,167,0.1522,130.6,0.2953,0.5793,1.736,0,0,0,100,15.05,0.2054,404.1,200,1,0,0.311,1,1,1,1,1,1,1,4,4,-1,[ OK ]
1768.2,17-Jul-26 13:31:26,1888,167,0.1527,129.3,0.2947,0.58,1.727,0,0,0,100,15.05,0.2045,404.1,200,1,0,0.3064,1,1,1,1,1,1,1,4,4,-1,[ OK ]
1768.6,17-Jul-26 13:31:26,1888,167,0.1522,130.4,0.2966,0.5797,1.732,0,0,0,100,15.05,0.2042,404.1,200,1,0,0.3121,1,1,1,1,1,1,1,4,4,-1,[ OK ]
1769.0,17-Jul-26 13:31:26,1889,167,0.1526,129.3,0.2971,0.5794,1.734,0,0,0,100,15.05,0.2051,403.8,200,1,0,0.3082,1,1,1,1,1,1,1,4,4,-1,[ OK ]
1769.4,17-Jul-26 13:31:27,1889,167,0.1526,129.2,0.2977,0.5802,1.725,0,0,0,100,15.05,0.2048,404.1,200,1,0,0.3133,1,1,1,1,1,1,1,4,4,-1,[ OK ]
1769.9,17-Jul-26 13:31:27,1889,167,0.1526,129.3,0.2989,0.5793,1.735,0,0,0,100,15.05,0.2051,404.1,200,1,0,0.3081,1,1,1,1,1,1,1,4,4,-1,[ OK ]
1770.3,17-Jul-26 13:31:28,1890,167,0.1521,130.4,0.3014,0.58,1.727,0,0,0,100,15.05,0.2058,403.8,200,1,0,0.3055,1,1,1,1,1,1,1,4,4,-1,[ OK ]
1770.7,17-Jul-26 13:31:28,1890,167,0.1526,129.3,0.2926,0.5799,1.728,0,0,0,100,15.05,0.2053,404.1,200,1,0,0.3077,1,1,1,1,1,1,1,4,4,-1,[ OK ]
1771.1,17-Jul-26 13:31:29,1891,167,0.1527,128.8,0.296,0.5795,1.733,0,0,0,100,15.05,0.2055,403.8,200,1,0,0.3144,1,1,1,1,1,1,1,4,4,-1,[ OK ]
1771.6,17-Jul-26 13:31:29,1891,167,0.1521,130.4,0.2951,0.5794,1.733,0,0,0,100,15.05,0.2039,404.2,200,1,0,0.3109,1,1,1,1,1,1,1,4,4,-1,[ OK ]
1772.1,17-Jul-26 13:31:29,1892,167,0.1526,128.8,0.2988,0.5791,1.736,0,0,0,100,15.05,0.2052,404.1,200,1,0,0.3052,1,1,1,1,1,1,1,4,4,-1,[ OK ]
1772.5,17-Jul-26 13:31:30,1892,167,0.152,130.5,0.299,0.58,1.725,0,0,0,100,15.05,0.2042,404.1,200,1,0,0.328,1,1,1,1,1,1,1,4,4,-1,[ OK ]
1772.9,17-Jul-26 13:31:30,1892,167,0.1525,129.3,0.2982,0.5793,1.734,0,0,0,100,15.05,0.2052,404.2,200,1,0,0.3131,1,1,1,1,1,1,1,4,4,-1,[ OK ]
1773.3,17-Jul-26 13:31:31,1893,167,0.1526,129.1,0.303,0.5798,1.728,0,0,0,100,15.05,0.2048,404.1,200,1,0,0.3078,1,1,1,1,1,1,1,4,4,-1,[ OK ]
1773.7,17-Jul-26 13:31:31,1893,167,0.1527,128.8,0.2933,0.5799,1.727,0,0,0,100,15.05,0.2045,404.1,200,1,0,0.3157,1,1,1,1,1,1,1,4,4,-1,[ OK ]
1774.2,17-Jul-26 13:31:32,1894,167,0.1526,129.2,0.3007,0.5801,1.725,0,0,0,100,15.05,0.2045,403.8,200,1,0,0.3175,1,1,1,1,1,1,1,4,4,-1,[ OK ]
1774.6,17-Jul-26 13:31:32,1894,167,0.1525,129.5,0.2962,0.5799,1.726,0,0,0,100,15.05,0.2031,404.1,200,1,0,0.3172,1,1,1,1,1,1,1,4,4,-1,[ OK ]
1775.0,17-Jul-26 13:31:32,1895,167,0.1527,128.8,0.2998,0.5798,1.727,0,0,0,100,15.05,0.2042,403.8,200,1,0,0.3164,1,1,1,1,1,1,1,4,4,-1,[ OK ]
1775.4,17-Jul-26 13:31:33,1895,167,0.1521,130.4,0.2973,0.5795,1.732,0,0,0,100,15.05,0.2038,403.9,200,1,0,0.313,1,1,1,1,1,1,1,4,4,-1,[ OK ]
1775.8,17-Jul-26 13:31:33,1895,167,0.1522,130.4,0.2972,0.5792,1.735,0,0,0,100,15.05,0.2059,404.2,200,1,0,0.3123,1,1,1,1,1,1,1,4,4,-1,[ OK ]
1776.3,17-Jul-26 13:31:34,1896,167,0.1522,130.4,0.2988,0.5794,1.733,0,0,0,100,15.05,0.2048,403.8,200,1,0,0.3087,1,1,1,1,1,1,1,4,4,-1,[ OK ]
1776.7,17-Jul-26 13:31:34,1896,167,0.1522,130.4,0.2958,0.5797,1.73,0,0,0,100,15.05,0.2057,403.8,200,1,0,0.315,1,1,1,1,1,1,1,4,4,-1,[ OK ]
1777.1,17-Jul-26 13:31:35,1897,167,0.1522,130.4,0.2998,0.58,1.726,0,0,0,100,15.05,0.2048,404.1,200,1,0,0.3117,1,1,1,1,1,1,1,4,4,-1,[ OK ]
1777.5,17-Jul-26 13:31:35,1897,167,0.1528,129.1,0.2969,0.5801,1.725,0,0,0,100,15.05,0.205,403.8,200,1,0,0.3127,1,1,1,1,1,1,1,4,4,-1,[ OK ]
1777.9,17-Jul-26 13:31:35,1897,167,0.1523,130.4,0.2984,0.5796,1.73,0,0,0,100,15.05,0.2046,403.9,200,1,0,0.3173,1,1,1,1,1,1,1,4,4,-1,[ OK ]
1778.4,17-Jul-26 13:31:36,1898,167,0.1528,128.9,0.2919,0.58,1.726,0,0,0,100,15.05,0.205,403.8,200,1,0,0.3119,1,1,1,1,1,1,1,4,4,-1,[ OK ]
1778.8,17-Jul-26 13:31:36,1898,167,0.1522,130.4,0.2925,0.5799,1.728,0,0,0,100,15.05,0.2047,404.1,200,1,0,0.3131,1,1,1,1,1,1,1,4,4,-1,[ OK ]
1779.2,17-Jul-26 13:31:37,1899,167,0.1522,130.4,0.2991,0.58,1.727,0,0,0,100,15.05,0.2054,403.8,200,1,0,0.3145,1,1,1,1,1,1,1,4,4,-1,[ OK ]
1779.7,17-Jul-26 13:31:37,1899,167,0.1522,130.4,0.3012,0.5795,1.733,0,0,0,100,15.05,0.2049,404.1,200,1,0,0.3084,1,1,1,1,1,1,1,4,4,-1,[ OK ]
1780.2,17-Jul-26 13:31:38,1900,167,0.1527,128.9,0.2973,0.5796,1.731,0,0,0,100,15.05,0.2048,404,200,1,0,0.3179,1,1,1,1,1,1,1,4,4,-1,[ OK ]
1780.6,17-Jul-26 13:31:38,1900,167,0.1521,130.4,0.2985,0.58,1.726,0,0,0,100,15.05,0.2047,403.9,200,1,0,0.3173,1,1,1,1,1,1,1,4,4,-1,[ OK ]
1781.0,17-Jul-26 13:31:38,1900,167,0.1522,130.4,0.2957,0.5799,1.728,0,0,0,100,15.05,0.2038,404.1,200,1,0,0.3191,1,1,1,1,1,1,1,4,4,-1,[ OK ]
1781.4,17-Jul-26 13:31:39,1901,167,0.1522,130.4,0.3018,0.5801,1.725,0,0,0,100,15.05,0.2048,404,200,1,0,0.3075,1,1,1,1,1,1,1,4,4,-1,[ OK ]
1781.8,17-Jul-26 13:31:39,1901,167,0.1522,130.4,0.2965,0.579,1.737,0,0,0,100,15.05,0.2044,403.8,200,1,0,0.3049,1,1,1,1,1,1,1,4,4,-1,[ OK ]
1782.4,17-Jul-26 13:31:40,1902,167,0.1522,130.4,0.2972,0.5801,1.725,0,0,0,100,15.05,0.2048,404.1,200,1,0,0.3089,1,1,1,1,1,1,1,4,4,-1,[ OK ]
1782.8,17-Jul-26 13:31:40,1902,167,0.1528,128.9,0.298,0.5795,1.732,0,0,0,100,15.05,0.2052,404.1,200,1,0,0.3076,1,1,1,1,1,1,1,4,4,-1,[ OK ]
1783.2,17-Jul-26 13:31:41,1903,167,0.1522,130.4,0.3025,0.5802,1.724,0,0,0,100,15.05,0.2055,403.9,200,1,0,0.2992,1,1,1,1,1,1,1,4,4,-1,[ OK ]
1783.6,17-Jul-26 13:31:41,1903,167,0.1523,130.4,0.2976,0.58,1.726,0,0,0,100,15.05,0.2038,403.9,200,1,0,0.312,1,1,1,1,1,1,1,4,4,-1,[ OK ]
1784.0,17-Jul-26 13:31:41,1904,167,0.1522,130.4,0.2975,0.5801,1.726,0,0,0,100,15.05,0.2057,403.9,200,1,0,0.3077,1,1,1,1,1,1,1,4,4,-1,[ OK ]
1784.5,17-Jul-26 13:31:42,1904,167,0.1522,130.4,0.2929,0.5793,1.734,0,0,0,100,15.05,0.2056,404.1,200,1,0,0.3083,1,1,1,1,1,1,1,4,4,-1,[ OK ]
1784.9,17-Jul-26 13:31:42,1904,167,0.1525,129.5,0.3004,0.5794,1.733,0,0,0,100,15.05,0.2055,403.8,200,1,0,0.3105,1,1,1,1,1,1,1,4,4,-1,[ OK ]
1785.3,17-Jul-26 13:31:43,1905,167,0.1527,128.9,0.2998,0.5798,1.728,0,0,0,100,15.05,0.205,403.8,200,1,0,0.3143,1,1,1,1,1,1,1,4,4,-1,[ OK ]
1785.7,17-Jul-26 13:31:43,1905,167,0.1522,130.4,0.2974,0.5799,1.727,0,0,0,100,15.05,0.2052,403.9,200,1,0,0.3212,1,1,1,1,1,1,1,4,4,-1,[ OK ]
1786.1,17-Jul-26 13:31:44,1906,167,0.1522,130.4,0.2998,0.5794,1.734,0,0,0,100,15.05,0.2062,403.8,200,1,0,0.3077,1,1,1,1,1,1,1,4,4,-1,[ OK ]
1786.6,17-Jul-26 13:31:44,1906,167,0.1522,130.4,0.2977,0.58,1.727,0,0,0,100,15.05,0.2051,403.9,200,1,0,0.3017,1,1,1,1,1,1,1,4,4,-1,[ OK ]
1787.0,17-Jul-26 13:31:44,1906,167,0.1522,130.4,0.299,0.58,1.727,0,0,0,100,15.05,0.2046,404.3,200,1,0,0.301,1,1,1,1,1,1,1,4,4,-1,[ OK ]
1787.4,17-Jul-26 13:31:45,1907,167,0.1522,130.4,0.2966,0.5794,1.734,0,0,0,100,15.05,0.2061,403.8,200,1,0,0.3029,1,1,1,1,1,1,1,4,4,-1,[ OK ]
1787.8,17-Jul-26 13:31:45,1907,167,0.1521,130.4,0.2947,0.5799,1.728,0,0,0,100,15.05,0.2043,403.8,200,1,0,0.3159,1,1,1,1,1,1,1,4,4,-1,[ OK ]
1788.2,17-Jul-26 13:31:46,1908,167,0.1521,130.4,0.2957,0.5801,1.724,0,0,0,100,15.05,0.2051,404.2,200,1,0,0.3085,1,1,1,1,1,1,1,4,4,-1,[ OK ]
1788.7,17-Jul-26 13:31:46,1908,167,0.1525,129.3,0.2963,0.5793,1.735,0,0,0,100,15.05,0.2054,403.6,200,1,0,0.2979,1,1,1,1,1,1,1,4,4,-1,[ OK ]
1789.1,17-Jul-26 13:31:47,1909,167,0.1521,130.4,0.2986,0.5796,1.731,0,0,0,100,15.05,0.2053,403.8,200,1,0,0.3036,1,1,1,1,1,1,1,4,4,-1,[ OK ]
1789.5,17-Jul-26 13:31:47,1909,167,0.1525,129.3,0.2964,0.5799,1.727,0,0,0,100,15.05,0.2041,404.2,200,1,0,0.3143,1,1,1,1,1,1,1,4,4,-1,[ OK ]
1789.9,17-Jul-26 13:31:47,1909,167,0.1521,130.4,0.2987,0.5801,1.724,0,0,0,100,15.05,0.2043,403.8,200,1,0,0.3043,1,1,1,1,1,1,1,4,4,-1,[ OK ]
1790.3,17-Jul-26 13:31:48,1910,167,0.1529,128.3,0.301,0.5794,1.732,0,0,0,100,15.05,0.2052,403.8,200,1,0,0.3117,1,1,1,1,1,1,1,4,4,-1,[ OK ]
1790.8,17-Jul-26 13:31:48,1910,167,0.1521,130.4,0.2963,0.5792,1.735,0,0,0,100,15.05,0.2061,404.2,200,1,0,0.3015,1,1,1,1,1,1,1,4,4,-1,[ OK ]
1791.2,17-Jul-26 13:31:49,1911,167,0.1521,130.4,0.3009,0.5794,1.733,0,0,0,100,15.05,0.2053,404.1,200,1,0,0.3082,1,1,1,1,1,1,1,4,4,-1,[ OK ]
1791.6,17-Jul-26 13:31:49,1911,167,0.1522,130.4,0.2976,0.5795,1.732,0,0,0,100,15.05,0.2051,403.8,200,1,0,0.3049,1,1,1,1,1,1,1,4,4,-1,[ OK ]
1792.0,17-Jul-26 13:31:49,1912,167,0.1522,130.4,0.299,0.58,1.725,0,0,0,100,15.05,0.2052,404.2,200,1,0,0.3138,1,1,1,1,1,1,1,4,4,-1,[ OK ]
1792.4,17-Jul-26 13:31:50,1912,167,0.1522,130.4,0.3011,0.5797,1.729,0,0,0,100,15.05,0.2041,403.9,200,1,0,0.3181,1,1,1,1,1,1,1,4,4,-1,[ OK ]
1792.9,17-Jul-26 13:31:50,1912,167,0.1526,129.3,0.2996,0.5794,1.732,0,0,0,100,15.05,0.2057,404,200,1,0,0.3095,1,1,1,1,1,1,1,4,4,-1,[ OK ]
1793.3,17-Jul-26 13:31:51,1913,167,0.1522,130.4,0.2964,0.5801,1.724,0,0,0,100,15.05,0.204,404.1,200,1,0,0.3085,1,1,1,1,1,1,1,4,4,-1,[ OK ]
1793.7,17-Jul-26 13:31:51,1913,167,0.1522,130.4,0.2981,0.5791,1.734,0,0,0,100,15.05,0.2047,403.8,200,1,0,0.3045,1,1,1,1,1,1,1,4,4,-1,[ OK ]
1794.1,17-Jul-26 13:31:52,1914,167,0.1528,128.6,0.2998,0.5797,1.728,0,0,0,100,15.05,0.2056,403.7,200,1,0,0.3199,1,1,1,1,1,1,1,4,4,-1,[ OK ]
1794.6,17-Jul-26 13:31:52,1914,167,0.1521,130.4,0.2977,0.5798,1.727,0,0,0,100,15.05,0.2049,403.9,200,1,0,0.3086,1,1,1,1,1,1,1,4,4,-1,[ OK ]
1795.0,17-Jul-26 13:31:52,1914,167,0.1521,130.5,0.2993,0.5797,1.728,0,0,0,100,15.05,0.2061,403.8,200,1,0,0.3071,1,1,1,1,1,1,1,4,4,-1,[ OK ]
1795.4,17-Jul-26 13:31:53,1915,167,0.1521,130.4,0.3006,0.5798,1.727,0,0,0,100,15.05,0.204,404.2,200,1,0,0.3139,1,1,1,1,1,1,1,4,4,-1,[ OK ]
1795.9,17-Jul-26 13:31:53,1915,167,0.1522,130.4,0.298,0.5798,1.728,0,0,0,100,15.05,0.2047,403.9,200,1,0,0.3148,1,1,1,1,1,1,1,4,4,-1,[ OK ]
1796.3,17-Jul-26 13:31:54,1916,167,0.1525,129.6,0.2945,0.5793,1.733,0,0,0,100,15.05,0.2041,403.8,200,1,0,0.3117,1,1,1,1,1,1,1,4,4,-1,[ OK ]
1796.7,17-Jul-26 13:31:54,1916,167,0.1523,130.4,0.2998,0.5798,1.728,0,0,0,100,15.05,0.2055,403.8,200,1,0,0.311,1,1,1,1,1,1,1,4,4,-1,[ OK ]
1797.2,17-Jul-26 13:31:55,1917,167,0.1523,130.4,0.299,0.5797,1.728,0,0,0,100,15.05,0.2047,404.1,200,1,0,0.3152,1,1,1,1,1,1,1,4,4,-1,[ OK ]
1797.6,17-Jul-26 13:31:55,1917,167,0.1523,130.4,0.2979,0.5793,1.734,0,0,0,100,15.05,0.205,404.1,200,1,0,0.3145,1,1,1,1,1,1,1,4,4,-1,[ OK ]
1798.0,17-Jul-26 13:31:55,1918,167,0.1523,130.4,0.2959,0.5794,1.733,0,0,0,100,15.05,0.2051,403.8,200,1,0,0.3085,1,1,1,1,1,1,1,4,4,-1,[ OK ]
1798.4,17-Jul-26 13:31:56,1918,167,0.1526,129.3,0.2985,0.5801,1.726,0,0,0,100,15.05,0.2056,404.1,200,1,0,0.3094,1,1,1,1,1,1,1,4,4,-1,[ OK ]
1798.9,17-Jul-26 13:31:56,1918,167,0.1522,130.4,0.3025,0.5799,1.728,0,0,0,100,15.05,0.2043,404,200,1,0,0.3222,1,1,1,1,1,1,1,4,4,-1,[ OK ]
1799.3,17-Jul-26 13:31:57,1919,167,0.1523,130.4,0.2982,0.5795,1.733,0,0,0,100,15.05,0.2048,403.8,200,1,0,0.3207,1,1,1,1,1,1,1,4,4,-1,[ OK ]
1799.7,17-Jul-26 13:31:57,1919,167,0.1522,130.4,0.2963,0.5802,1.725,0,0,0,100,15.05,0.2051,403.8,200,1,0,0.3096,1,1,1,1,1,1,1,4,4,-1,[ OK ]
1800.1,17-Jul-26 13:31:58,1920,167,0.1522,130.4,0.2999,0.5798,1.73,0,0,0,100,15.05,0.2054,403.8,200,1,0,0.3091,1,1,1,1,1,1,1,4,4,-1,[ OK ]
1800.5,17-Jul-26 13:31:58,1920,167,0.1529,128.8,0.3001,0.5795,1.733,0,0,0,100,15.05,0.2037,404.1,200,1,0,0.3247,1,1,1,1,1,1,1,4,4,-1,[ OK ]
1801.0,17-Jul-26 13:31:58,1920,167,0.1527,129.1,0.2902,0.5794,1.734,0,0,0,100,15.05,0.2045,404.2,200,1,0,0.3086,1,1,1,1,1,1,1,4,4,-1,[ OK ]
1801.4,17-Jul-26 13:31:59,1921,167,0.1529,128.8,0.2953,0.5795,1.732,0,0,0,100,15.05,0.2051,404,200,1,0,0.3121,1,1,1,1,1,1,1,4,4,-1,[ OK ]
1801.8,17-Jul-26 13:31:59,1921,167,0.1527,129.2,0.2994,0.58,1.727,0,0,0,100,15.05,0.2064,403.8,200,1,0,0.3048,1,1,1,1,1,1,1,4,4,-1,[ OK ]
1802.2,17-Jul-26 13:32:00,1922,167,0.1523,130.4,0.3028,0.5793,1.734,0,0,0,100,15.05,0.2045,404,200,1,0,0.3249,1,1,1,1,1,1,1,4,4,-1,[ OK ]
1802.6,17-Jul-26 13:32:00,1922,167,0.1523,130.4,0.2964,0.5791,1.736,0,0,0,100,15.05,0.2051,404.1,200,1,0,0.3158,1,1,1,1,1,1,1,4,4,-1,[ OK ]
1803.1,17-Jul-26 13:32:00,1923,167,0.1528,129.1,0.2986,0.5792,1.735,0,0,0,100,15.05,0.2054,404.3,200,1,0,0.3169,1,1,1,1,1,1,1,4,4,-1,[ OK ]
1803.5,17-Jul-26 13:32:01,1923,167,0.1524,130.4,0.2968,0.5792,1.735,0,0,0,100,15.05,0.2049,404.1,200,1,0,0.3115,1,1,1,1,1,1,1,4,4,-1,[ OK ]
1803.9,17-Jul-26 13:32:01,1923,167,0.1523,130.4,0.2967,0.5791,1.737,0,0,0,100,15.05,0.2054,403.9,200,1,0,0.3115,1,1,1,1,1,1,1,4,4,-1,[ OK ]
1804.3,17-Jul-26 13:32:02,1924,167,0.1527,129.3,0.2989,0.5792,1.736,0,0,0,100,15.05,0.2049,404,200,1,0,0.3155,1,1,1,1,1,1,1,4,4,-1,[ OK ]
1804.7,17-Jul-26 13:32:02,1924,167,0.1524,130.4,0.2953,0.5801,1.726,0,0,0,100,15.05,0.2052,404.1,200,1,0,0.3171,1,1,1,1,1,1,1,4,4,-1,[ OK ]
1805.2,17-Jul-26 13:32:03,1925,167,0.1524,130.4,0.301,0.5797,1.731,0,0,0,100,15.05,0.2051,404.1,200,1,0,0.3046,1,1,1,1,1,1,1,4,4,-1,[ OK ]
1805.6,17-Jul-26 13:32:03,1925,167,0.1529,128.9,0.2977,0.5801,1.726,0,0,0,100,15.05,0.2039,404.2,200,1,0,0.3259,1,1,1,1,1,1,1,4,4,-1,[ OK ]
1806.0,17-Jul-26 13:32:03,1926,167,0.1524,130.4,0.2982,0.5797,1.73,0,0,0,100,15.05,0.2049,404.2,200,1,0,0.3109,1,1,1,1,1,1,1,4,4,-1,[ OK ]
1806.4,17-Jul-26 13:32:04,1926,167,0.1524,130.4,0.2949,0.5794,1.734,0,0,0,100,15.05,0.2057,403.8,200,1,0,0.3077,1,1,1,1,1,1,1,4,4,-1,[ OK ]
1806.9,17-Jul-26 13:32:04,1926,167,0.1529,129.1,0.2969,0.5801,1.726,0,0,0,100,15.05,0.2061,404,200,1,0,0.3117,1,1,1,1,1,1,1,4,4,-1,[ OK ]
1807.3,17-Jul-26 13:32:05,1927,167,0.1523,130.4,0.3001,0.5795,1.733,0,0,0,100,15.05,0.2051,404.1,200,1,0,0.3173,1,1,1,1,1,1,1,4,4,-1,[ OK ]
1807.7,17-Jul-26 13:32:05,1927,167,0.1522,130.7,0.2963,0.58,1.727,0,0,0,100,15.05,0.2049,403.8,200,1,0,0.307,1,1,1,1,1,1,1,4,4,-1,[ OK ]
1808.1,17-Jul-26 13:32:06,1928,167,0.1523,130.4,0.2965,0.5794,1.735,0,0,0,100,15.05,0.2048,404.1,200,1,0,0.3129,1,1,1,1,1,1,1,4,4,-1,[ OK ]
1808.5,17-Jul-26 13:32:06,1928,167,0.1523,130.4,0.2955,0.58,1.727,0,0,0,100,15.05,0.2053,404.1,200,1,0,0.3086,1,1,1,1,1,1,1,4,4,-1,[ OK ]
1809.0,17-Jul-26 13:32:06,1928,167,0.1528,129,0.2941,0.5793,1.736,0,0,0,100,15.05,0.2054,404.2,200,1,0,0.3129,1,1,1,1,1,1,1,4,4,-1,[ OK ]
1809.4,17-Jul-26 13:32:07,1929,167,0.1523,130.4,0.2977,0.5792,1.736,0,0,0,100,15.05,0.2054,403.9,200,1,0,0.3155,1,1,1,1,1,1,1,4,4,-1,[ OK ]
1809.8,17-Jul-26 13:32:07,1929,167,0.1522,130.4,0.2997,0.5794,1.734,0,0,0,100,15.05,0.2046,404.1,200,1,0,0.327,1,1,1,1,1,1,1,4,4,-1,[ OK ]
1810.3,17-Jul-26 13:32:08,1930,167,0.1523,130.4,0.2959,0.58,1.727,0,0,0,100,15.05,0.2051,404.1,200,1,0,0.312,1,1,1,1,1,1,1,4,4,-1,[ OK ]
1810.8,17-Jul-26 13:32:08,1930,167,0.1523,130.4,0.2958,0.58,1.727,0,0,0,100,15.05,0.2046,403.9,200,1,0,0.3176,1,1,1,1,1,1,1,4,4,-1,[ OK ]
1811.2,17-Jul-26 13:32:09,1931,167,0.1523,130.4,0.2993,0.5795,1.733,0,0,0,100,15.05,0.2051,403.9,200,1,0,0.316,1,1,1,1,1,1,1,4,4,-1,[ OK ]
1811.7,17-Jul-26 13:32:09,1931,167,0.1523,130.4,0.2927,0.5797,1.731,0,0,0,100,15.05,0.2054,403.8,200,1,0,0.3106,1,1,1,1,1,1,1,4,4,-1,[ OK ]
1812.1,17-Jul-26 13:32:10,1932,167,0.1522,130.4,0.2969,0.58,1.727,0,0,0,100,15.05,0.2061,404.2,200,1,0,0.3078,1,1,1,1,1,1,1,4,4,-1,[ OK ]
1812.5,17-Jul-26 13:32:10,1932,167,0.1523,130.4,0.3019,0.5794,1.735,0,0,0,100,15.05,0.2041,403.8,200,1,0,0.3244,1,1,1,1,1,1,1,4,4,-1,[ OK ]
1812.9,17-Jul-26 13:32:10,1932,167,0.1523,130.4,0.298,0.5801,1.727,0,0,0,100,15.05,0.2048,404.2,200,1,0,0.3138,1,1,1,1,1,1,1,4,4,-1,[ OK ]
1813.4,17-Jul-26 13:32:11,1933,167,0.1523,130.4,0.2975,0.58,1.726,0,0,0,100,15.05,0.2053,403.8,200,1,0,0.3125,1,1,1,1,1,1,1,4,4,-1,[ OK ]
1813.8,17-Jul-26 13:32:11,1933,167,0.1522,130.4,0.2969,0.5794,1.734,0,0,0,100,15.05,0.2054,403.9,200,1,0,0.3073,1,1,1,1,1,1,1,4,4,-1,[ OK ]
1814.2,17-Jul-26 13:32:12,1934,167,0.1522,130.4,0.293,0.5794,1.733,0,0,0,100,15.05,0.2044,404,200,1,0,0.3094,1,1,1,1,1,1,1,4,4,-1,[ OK ]
1814.6,17-Jul-26 13:32:12,1934,167,0.1522,130.4,0.2952,0.5794,1.734,0,0,0,100,15.05,0.2046,403.9,200,1,0,0.3167,1,1,1,1,1,1,1,4,4,-1,[ OK ]
1815.0,17-Jul-26 13:32:12,1935,167,0.1528,128.9,0.2935,0.5801,1.727,0,0,0,100,15.05,0.2041,403.9,200,1,0,0.3134,1,1,1,1,1,1,1,4,4,-1,[ OK ]
1815.5,17-Jul-26 13:32:13,1935,167,0.1522,130.4,0.2992,0.5795,1.733,0,0,0,100,15.05,0.2051,403.8,200,1,0,0.3099,1,1,1,1,1,1,1,4,4,-1,[ OK ]
1816.1,17-Jul-26 13:32:13,1936,167,0.1522,130.4,0.2974,0.5795,1.733,0,0,0,100,15.05,0.2058,404.1,200,1,0,0.309,1,1,1,1,1,1,1,4,4,-1,[ OK ]
1816.5,17-Jul-26 13:32:14,1936,167,0.1522,130.4,0.2958,0.5795,1.733,0,0,0,100,15.05,0.2048,404.1,200,1,0,0.3106,1,1,1,1,1,1,1,4,4,-1,[ OK ]
1816.9,17-Jul-26 13:32:14,1936,167,0.1527,128.9,0.2921,0.58,1.727,0,0,0,100,15.05,0.2042,403.8,200,1,0,0.3119,1,1,1,1,1,1,1,4,4,-1,[ OK ]
1817.3,17-Jul-26 13:32:15,1937,167,0.1522,130.4,0.2942,0.5799,1.727,0,0,0,100,15.05,0.2053,403.8,200,1,0,0.2928,1,1,1,1,1,1,1,4,4,-1,[ OK ]
1817.8,17-Jul-26 13:32:15,1937,167,0.1526,129.5,0.2902,0.5798,1.729,0,0,0,100,15.05,0.2051,404.1,200,1,0,0.3111,1,1,1,1,1,1,1,4,4,-1,[ OK ]
1818.2,17-Jul-26 13:32:16,1938,167,0.1522,130.4,0.2931,0.5795,1.733,0,0,0,100,15.05,0.2051,404.1,200,1,0,0.3111,1,1,1,1,1,1,1,4,4,-1,[ OK ]
1818.6,17-Jul-26 13:32:16,1938,167,0.1522,130.4,0.2969,0.5793,1.735,0,0,0,100,15.05,0.204,403.9,200,1,0,0.31,1,1,1,1,1,1,1,4,4,-1,[ OK ]
1819.0,17-Jul-26 13:32:16,1939,167,0.1524,129.8,0.2974,0.58,1.727,0,0,0,100,15.05,0.2049,404.2,200,1,0,0.3128,1,1,1,1,1,1,1,4,4,-1,[ OK ]
1819.4,17-Jul-26 13:32:17,1939,167,0.1523,130.4,0.2967,0.5796,1.731,0,0,0,100,15.05,0.2061,403.9,200,1,0,0.2991,1,1,1,1,1,1,1,4,4,-1,[ OK ]
1819.9,17-Jul-26 13:32:17,1939,167,0.1522,130.4,0.2953,0.5801,1.725,0,0,0,100,15.05,0.205,404,200,1,0,0.3082,1,1,1,1,1,1,1,4,4,-1,[ OK ]
1820.3,17-Jul-26 13:32:18,1940,167,0.1522,130.4,0.2962,0.5792,1.735,0,0,0,100,15.05,0.2045,404.2,200,1,0,0.3032,1,1,1,1,1,1,1,4,4,-1,[ OK ]
1820.7,17-Jul-26 13:32:18,1940,167,0.1522,130.4,0.2949,0.5793,1.734,0,0,0,100,15.05,0.2048,403.9,200,1,0,0.3086,1,1,1,1,1,1,1,4,4,-1,[ OK ]
1821.1,17-Jul-26 13:32:19,1941,167,0.1527,129.3,0.2981,0.5798,1.728,0,0,0,100,15.05,0.2051,404,200,1,0,0.3035,1,1,1,1,1,1,1,4,4,-1,[ OK ]
1821.5,17-Jul-26 13:32:19,1941,167,0.1528,128.9,0.2969,0.58,1.725,0,0,0,100,15.05,0.2043,404.1,200,1,0,0.3174,1,1,1,1,1,1,1,4,4,-1,[ OK ]
1822.0,17-Jul-26 13:32:19,1941,167,0.1526,129.6,0.298,0.5792,1.734,0,0,0,100,15.05,0.2052,404.2,200,1,0,0.3129,1,1,1,1,1,1,1,4,4,-1,[ OK ]
1822.4,17-Jul-26 13:32:20,1942,167,0.1523,130.4,0.2976,0.5799,1.727,0,0,0,100,15.05,0.2056,403.8,200,1,0,0.3074,1,1,1,1,1,1,1,4,4,-1,[ OK ]
1822.8,17-Jul-26 13:32:20,1942,167,0.1528,129.1,0.2987,0.58,1.725,0,0,0,100,15.05,0.2045,404.2,200,1,0,0.3187,1,1,1,1,1,1,1,4,4,-1,[ OK ]
1823.2,17-Jul-26 13:32:21,1943,167,0.1523,130.4,0.2981,0.5797,1.729,0,0,0,100,15.05,0.2051,404.1,200,1,0,0.3131,1,1,1,1,1,1,1,4,4,-1,[ OK ]
1823.6,17-Jul-26 13:32:21,1943,167,0.1523,130.4,0.2978,0.5792,1.735,0,0,0,100,15.05,0.2056,403.9,200,1,0,0.3131,1,1,1,1,1,1,1,4,4,-1,[ OK ]
1824.1,17-Jul-26 13:32:21,1944,167,0.1528,129.1,0.2942,0.5799,1.726,0,0,0,100,15.05,0.2041,404,200,1,0,0.3119,1,1,1,1,1,1,1,4,4,-1,[ OK ]
1824.5,17-Jul-26 13:32:22,1944,167,0.1522,130.4,0.2964,0.5798,1.727,0,0,0,100,15.05,0.2049,404,200,1,0,0.3164,1,1,1,1,1,1,1,4,4,-1,[ OK ]
1824.9,17-Jul-26 13:32:22,1944,167,0.1523,130.4,0.2999,0.5795,1.732,0,0,0,100,15.05,0.2047,404.1,200,1,0,0.3044,1,1,1,1,1,1,1,4,4,-1,[ OK ]
1825.3,17-Jul-26 13:32:23,1945,167,0.1526,129.4,0.2979,0.5798,1.728,0,0,0,100,15.05,0.2057,404.1,200,1,0,0.3087,1,1,1,1,1,1,1,4,4,-1,[ OK ]
1825.7,17-Jul-26 13:32:23,1945,167,0.1523,130.4,0.2971,0.5793,1.734,0,0,0,100,15.05,0.2053,404.1,200,1,0,0.3093,1,1,1,1,1,1,1,4,4,-1,[ OK ]
1826.2,17-Jul-26 13:32:24,1946,167,0.1523,130.4,0.2975,0.5795,1.731,0,0,0,100,15.05,0.2047,403.8,200,1,0,0.3006,1,1,1,1,1,1,1,4,4,-1,[ OK ]
1826.6,17-Jul-26 13:32:24,1946,167,0.1522,130.5,0.3019,0.5793,1.734,0,0,0,100,15.05,0.2055,403.8,200,1,0,0.3143,1,1,1,1,1,1,1,4,4,-1,[ OK ]
1827.0,17-Jul-26 13:32:24,1946,167,0.1526,129.5,0.2982,0.5794,1.732,0,0,0,100,15.05,0.2052,404.2,200,1,0,0.3174,1,1,1,1,1,1,1,4,4,-1,[ OK ]
1827.4,17-Jul-26 13:32:25,1947,167,0.1523,130.4,0.2943,0.5798,1.729,0,0,0,100,15.05,0.2054,404.1,200,1,0,0.2987,1,1,1,1,1,1,1,4,4,-1,[ OK ]
1827.8,17-Jul-26 13:32:25,1947,167,0.1527,129.4,0.3013,0.5796,1.731,0,0,0,100,15.05,0.2054,404.2,200,1,0,0.3108,1,1,1,1,1,1,1,4,4,-1,[ OK ]
1828.3,17-Jul-26 13:32:26,1948,167,0.1527,129.4,0.2983,0.5792,1.735,0,0,0,100,15.05,0.2056,403.9,200,1,0,0.3094,1,1,1,1,1,1,1,4,4,-1,[ OK ]
1828.7,17-Jul-26 13:32:26,1948,167,0.1523,130.4,0.2969,0.5792,1.735,0,0,0,100,15.05,0.2054,403.8,200,1,0,0.3039,1,1,1,1,1,1,1,4,4,-1,[ OK ]
1829.1,17-Jul-26 13:32:27,1949,167,0.1523,130.4,0.2954,0.5801,1.725,0,0,0,100,15.05,0.2059,404.1,200,1,0,0.3086,1,1,1,1,1,1,1,4,4,-1,[ OK ]
1829.5,17-Jul-26 13:32:27,1949,167,0.1527,129.2,0.2984,0.5794,1.733,0,0,0,100,15.05,0.2043,404.1,200,1,0,0.313,1,1,1,1,1,1,1,4,4,-1,[ OK ]
1829.9,17-Jul-26 13:32:27,1949,167,0.1523,130.4,0.3008,0.5799,1.728,0,0,0,100,15.05,0.2048,404.1,200,1,0,0.3114,1,1,1,1,1,1,1,4,4,-1,[ OK ]
1830.4,17-Jul-26 13:32:28,1950,167,0.1523,130.4,0.2971,0.5794,1.734,0,0,0,100,15.05,0.2051,403.8,200,1,0,0.3111,1,1,1,1,1,1,1,4,4,-1,[ OK ]
1830.8,17-Jul-26 13:32:28,1950,167,0.1529,128.9,0.2989,0.5795,1.733,0,0,0,100,15.05,0.2046,404.1,200,1,0,0.3122,1,1,1,1,1,1,1,4,4,-1,[ OK ]
1831.2,17-Jul-26 13:32:29,1951,167,0.1528,129.3,0.3015,0.58,1.726,0,0,0,100,15.05,0.205,404.1,200,1,0,0.3115,1,1,1,1,1,1,1,4,4,-1,[ OK ]
1831.6,17-Jul-26 13:32:29,1951,167,0.1523,130.4,0.2979,0.58,1.725,0,0,0,100,15.05,0.2056,404.1,200,1,0,0.3021,1,1,1,1,1,1,1,4,4,-1,[ OK ]
1831.9,17-Jul-26 13:32:29,1951,167,0.1527,129.3,0.2955,0.5794,1.734,0,0,0,100,15.05,0.2049,404.2,200,1,0,0.3182,1,1,1,1,1,1,1,4,4,-1,[ OK ]
1832.4,17-Jul-26 13:32:30,1952,167,0.1523,130.4,0.2948,0.5793,1.734,0,0,0,100,15.05,0.2045,404.2,200,1,0,0.3095,1,1,1,1,1,1,1,4,4,-1,[ OK ]
1832.8,17-Jul-26 13:32:30,1952,167,0.1522,130.4,0.2968,0.58,1.727,0,0,0,100,15.05,0.205,403.7,200,1,0,0.3087,1,1,1,1,1,1,1,4,4,-1,[ OK ]
1833.3,17-Jul-26 13:32:31,1953,167,0.1523,130.4,0.299,0.5792,1.737,0,0,0,100,15.05,0.2035,404,200,1,0,0.3209,1,1,1,1,1,1,1,4,4,-1,[ OK ]
1833.7,17-Jul-26 13:32:31,1953,167,0.1527,129.1,0.3001,0.5801,1.726,0,0,0,100,15.05,0.205,403.8,200,1,0,0.3027,1,1,1,1,1,1,1,4,4,-1,[ OK ]
1834.1,17-Jul-26 13:32:32,1954,167,0.1523,130.4,0.293,0.5795,1.734,0,0,0,100,15.05,0.2049,404.1,200,1,0,0.309,1,1,1,1,1,1,1,4,4,-1,[ OK ]
1834.6,17-Jul-26 13:32:32,1954,167,0.1523,130.4,0.3001,0.58,1.728,0,0,0,100,15.05,0.2051,403.8,200,1,0,0.3135,1,1,1,1,1,1,1,4,4,-1,[ OK ]
1835.0,17-Jul-26 13:32:32,1954,167,0.1527,129.3,0.2978,0.5799,1.729,0,0,0,100,15.05,0.2041,404,200,1,0,0.3165,1,1,1,1,1,1,1,4,4,-1,[ OK ]
1835.4,17-Jul-26 13:32:33,1955,167,0.1523,130.4,0.2977,0.5795,1.734,0,0,0,100,15.05,0.2056,403.8,200,1,0,0.3058,1,1,1,1,1,1,1,4,4,-1,[ OK ]
1835.8,17-Jul-26 13:32:33,1955,167,0.1523,130.4,0.2934,0.5793,1.736,0,0,0,100,15.05,0.205,403.6,200,1,0,0.3173,1,1,1,1,1,1,1,4,4,-1,[ OK ]
1836.3,17-Jul-26 13:32:34,1956,167,0.1523,130.4,0.2983,0.5795,1.733,0,0,0,100,15.05,0.2041,403.9,200,1,0,0.3087,1,1,1,1,1,1,1,4,4,-1,[ OK ]
1836.7,17-Jul-26 13:32:34,1956,167,0.1531,128.1,0.2995,0.5793,1.735,0,0,0,100,15.05,0.2045,403.8,200,1,0,0.3106,1,1,1,1,1,1,1,4,4,-1,[ OK ]
1837.1,17-Jul-26 13:32:35,1957,167,0.1522,130.4,0.2964,0.5792,1.736,0,0,0,100,15.05,0.2035,404.1,200,1,0,0.3206,1,1,1,1,1,1,1,4,4,-1,[ OK ]
1837.6,17-Jul-26 13:32:35,1957,167,0.1523,130.4,0.297,0.58,1.727,0,0,0,100,15.05,0.2049,403.8,200,1,0,0.3047,1,1,1,1,1,1,1,4,4,-1,[ OK ]
1838.1,17-Jul-26 13:32:36,1958,167,0.1527,129.4,0.2946,0.5795,1.733,0,0,0,100,15.05,0.2052,403.8,200,1,0,0.3115,1,1,1,1,1,1,1,4,4,-1,[ OK ]
1838.6,17-Jul-26 13:32:36,1958,167,0.1523,130.4,0.2972,0.5801,1.726,0,0,0,100,15.05,0.2055,403.8,200,1,0,0.3041,1,1,1,1,1,1,1,4,4,-1,[ OK ]
1839.1,17-Jul-26 13:32:36,1959,167,0.1523,130.4,0.2985,0.5802,1.725,0,0,0,100,15.05,0.2059,404.1,200,1,0,0.3022,1,1,1,1,1,1,1,4,4,-1,[ OK ]
1839.5,17-Jul-26 13:32:37,1959,167,0.1523,130.4,0.3015,0.5794,1.733,0,0,0,100,15.05,0.2048,404.1,200,1,0,0.3087,1,1,1,1,1,1,1,4,4,-1,[ OK ]
1839.9,17-Jul-26 13:32:37,1959,167,0.1523,130.4,0.3005,0.58,1.726,0,0,0,100,15.05,0.205,404.1,200,1,0,0.3113,1,1,1,1,1,1,1,4,4,-1,[ OK ]
1840.3,17-Jul-26 13:32:38,1960,167,0.1523,130.4,0.2997,0.5801,1.724,0,0,0,100,15.05,0.2043,404,200,1,0,0.3121,1,1,1,1,1,1,1,4,4,-1,[ OK ]
1840.9,17-Jul-26 13:32:38,1960,167,0.1523,130.4,0.2967,0.5797,1.728,0,0,0,100,15.05,0.2048,404.3,200,1,0,0.3131,1,1,1,1,1,1,1,4,4,-1,[ OK ]
1841.3,17-Jul-26 13:32:39,1961,167,0.1529,128.7,0.2936,0.5793,1.733,0,0,0,100,15.05,0.2046,404,200,1,0,0.3156,1,1,1,1,1,1,1,4,4,-1,[ OK ]
1841.7,17-Jul-26 13:32:39,1961,167,0.1523,130.4,0.2973,0.5798,1.727,0,0,0,100,15.05,0.205,404.1,200,1,0,0.31,1,1,1,1,1,1,1,4,4,-1,[ OK ]
1842.1,17-Jul-26 13:32:40,1962,167,0.1526,129.4,0.2994,0.5798,1.727,0,0,0,100,15.05,0.2047,404.1,200,1,0,0.3114,1,1,1,1,1,1,1,4,4,-1,[ OK ]
1842.5,17-Jul-26 13:32:40,1962,167,0.1526,129.4,0.3028,0.5799,1.727,0,0,0,100,15.05,0.2057,403.8,200,1,0,0.2934,1,1,1,1,1,1,1,4,4,-1,[ OK ]
1843.0,17-Jul-26 13:32:40,1962,167,0.1528,129,0.2972,0.5793,1.733,0,0,0,100,15.05,0.2055,403.8,200,1,0,0.3038,1,1,1,1,1,1,1,4,4,-1,[ OK ]
1843.4,17-Jul-26 13:32:41,1963,167,0.1528,128.9,0.2945,0.5794,1.734,0,0,0,100,15.05,0.2054,403.9,200,1,0,0.3123,1,1,1,1,1,1,1,4,4,-1,[ OK ]
1843.8,17-Jul-26 13:32:41,1963,167,0.1523,130.4,0.3017,0.5794,1.733,0,0,0,100,15.05,0.2047,404.2,200,1,0,0.3115,1,1,1,1,1,1,1,4,4,-1,[ OK ]
1844.2,17-Jul-26 13:32:42,1964,167,0.1523,130.4,0.2974,0.5795,1.732,0,0,0,100,15.05,0.2054,404.1,200,1,0,0.3161,1,1,1,1,1,1,1,4,4,-1,[ OK ]
1844.6,17-Jul-26 13:32:42,1964,167,0.1523,130.4,0.2965,0.5795,1.732,0,0,0,100,15.05,0.2052,403.8,200,1,0,0.3181,1,1,1,1,1,1,1,4,4,-1,[ OK ]
1845.1,17-Jul-26 13:32:42,1965,167,0.1526,129.5,0.297,0.5799,1.727,0,0,0,100,15.05,0.205,403.8,200,1,0,0.3157,1,1,1,1,1,1,1,4,4,-1,[ OK ]
1845.5,17-Jul-26 13:32:43,1965,167,0.1522,130.4,0.2969,0.5798,1.728,0,0,0,100,15.05,0.2046,404.1,200,1,0,0.3176,1,1,1,1,1,1,1,4,4,-1,[ OK ]
1845.9,17-Jul-26 13:32:43,1965,167,0.1526,129.2,0.3015,0.5796,1.731,0,0,0,100,15.05,0.2053,404,200,1,0,0.3121,1,1,1,1,1,1,1,4,4,-1,[ OK ]
1846.3,17-Jul-26 13:32:44,1966,167,0.1527,129.1,0.2989,0.5794,1.733,0,0,0,100,15.05,0.2057,403.8,200,1,0,0.3241,1,1,1,1,1,1,1,4,4,-1,[ OK ]
1846.7,17-Jul-26 13:32:44,1966,167,0.1522,130.4,0.2938,0.58,1.727,0,0,0,100,15.05,0.2055,404.1,200,1,0,0.3089,1,1,1,1,1,1,1,4,4,-1,[ OK ]
1847.2,17-Jul-26 13:32:45,1967,167,0.1527,129.1,0.2975,0.5796,1.731,0,0,0,100,15.05,0.2056,403.7,200,1,0,0.3102,1,1,1,1,1,1,1,4,4,-1,[ OK ]
1847.6,17-Jul-26 13:32:45,1967,167,0.1522,130.4,0.3028,0.5796,1.73,0,0,0,100,15.05,0.2055,404.1,200,1,0,0.306,1,1,1,1,1,1,1,4,4,-1,[ OK ]
1848.0,17-Jul-26 13:32:45,1967,167,0.1522,130.4,0.2986,0.58,1.725,0,0,0,100,15.05,0.2048,404.2,200,1,0,0.311,1,1,1,1,1,1,1,4,4,-1,[ OK ]
1848.4,17-Jul-26 13:32:46,1968,167,0.1522,130.4,0.2988,0.579,1.738,0,0,0,100,15.05,0.2049,403.8,200,1,0,0.3033,1,1,1,1,1,1,1,4,4,-1,[ OK ]
1848.8,17-Jul-26 13:32:46,1968,167,0.1522,130.4,0.2985,0.5793,1.734,0,0,0,100,15.05,0.2052,403.9,200,1,0,0.3086,1,1,1,1,1,1,1,4,4,-1,[ OK ]
1849.2,17-Jul-26 13:32:47,1969,167,0.1522,130.4,0.3001,0.5793,1.734,0,0,0,100,15.05,0.2048,404.1,200,1,0,0.3115,1,1,1,1,1,1,1,4,4,-1,[ OK ]
1849.7,17-Jul-26 13:32:47,1969,167,0.1522,130.4,0.2987,0.5792,1.735,0,0,0,100,15.05,0.2051,404.1,200,1,0,0.3028,1,1,1,1,1,1,1,4,4,-1,[ OK ]
1850.1,17-Jul-26 13:32:48,1970,167,0.1525,129.7,0.2959,0.5793,1.734,0,0,0,100,15.05,0.2053,404.1,200,1,0,0.316,1,1,1,1,1,1,1,4,4,-1,[ OK ]
1850.5,17-Jul-26 13:32:48,1970,167,0.1527,129.2,0.2957,0.5802,1.724,0,0,0,100,15.05,0.2054,403.8,200,1,0,0.313,1,1,1,1,1,1,1,4,4,-1,[ OK ]
1850.9,17-Jul-26 13:32:48,1970,167,0.1527,129.4,0.2957,0.5794,1.734,0,0,0,100,15.05,0.2047,403.9,200,1,0,0.3134,1,1,1,1,1,1,1,4,4,-1,[ OK ]
1851.4,17-Jul-26 13:32:49,1971,167,0.1523,130.4,0.2981,0.5796,1.732,0,0,0,100,15.05,0.2039,403.9,200,1,0,0.3159,1,1,1,1,1,1,1,4,4,-1,[ OK ]
1851.8,17-Jul-26 13:32:49,1971,167,0.1529,128.7,0.3005,0.5795,1.734,0,0,0,100,15.05,0.2055,404,200,1,0,0.3115,1,1,1,1,1,1,1,4,4,-1,[ OK ]
1852.2,17-Jul-26 13:32:50,1972,167,0.1523,130.4,0.2987,0.5795,1.733,0,0,0,100,15.05,0.2051,404.2,200,1,0,0.3135,1,1,1,1,1,1,1,4,4,-1,[ OK ]
1852.6,17-Jul-26 13:32:50,1972,167,0.1523,130.4,0.2976,0.5801,1.726,0,0,0,100,15.05,0.2041,404.1,200,1,0,0.319,1,1,1,1,1,1,1,4,4,-1,[ OK ]
1853.0,17-Jul-26 13:32:50,1973,167,0.1522,130.4,0.3046,0.5793,1.734,0,0,0,100,15.05,0.2049,403.9,200,1,0,0.3079,1,1,1,1,1,1,1,4,4,-1,[ OK ]
1853.5,17-Jul-26 13:32:51,1973,167,0.1527,129.4,0.2943,0.5799,1.728,0,0,0,100,15.05,0.2035,403.8,200,1,0,0.3138,1,1,1,1,1,1,1,4,4,-1,[ OK ]
1853.9,17-Jul-26 13:32:51,1973,167,0.1526,129.4,0.2975,0.5794,1.734,0,0,0,100,15.05,0.2052,404,200,1,0,0.3013,1,1,1,1,1,1,1,4,4,-1,[ OK ]
1854.3,17-Jul-26 13:32:52,1974,167,0.1523,130.4,0.2969,0.5799,1.728,0,0,0,100,15.05,0.2051,403.8,200,1,0,0.3189,1,1,1,1,1,1,1,4,4,-1,[ OK ]
1854.7,17-Jul-26 13:32:52,1974,167,0.1528,129.3,0.2963,0.5794,1.734,0,0,0,100,15.05,0.204,404.1,200,1,0,0.3163,1,1,1,1,1,1,1,4,4,-1,[ OK ]
1855.1,17-Jul-26 13:32:53,1975,167,0.1523,130.4,0.2984,0.5793,1.735,0,0,0,100,15.05,0.2047,403.8,200,1,0,0.2948,1,1,1,1,1,1,1,4,4,-1,[ OK ]
1855.6,17-Jul-26 13:32:53,1975,167,0.1527,129.3,0.2975,0.58,1.727,0,0,0,100,15.05,0.2042,403.8,200,1,0,0.3225,1,1,1,1,1,1,1,4,4,-1,[ OK ]
1856.0,17-Jul-26 13:32:53,1975,167,0.1522,130.4,0.3001,0.5793,1.735,0,0,0,100,15.05,0.2056,403.9,200,1,0,0.316,1,1,1,1,1,1,1,4,4,-1,[ OK ]
1856.4,17-Jul-26 13:32:54,1976,167,0.1526,129.2,0.2997,0.5794,1.733,0,0,0,100,15.05,0.206,404,200,1,0,0.3112,1,1,1,1,1,1,1,4,4,-1,[ OK ]
1856.8,17-Jul-26 13:32:54,1976,167,0.1522,130.4,0.2946,0.5794,1.733,0,0,0,100,15.05,0.2051,403.8,200,1,0,0.3157,1,1,1,1,1,1,1,4,4,-1,[ OK ]
1857.2,17-Jul-26 13:32:55,1977,167,0.1527,129,0.2953,0.5801,1.725,0,0,0,100,15.05,0.2051,403.9,200,1,0,0.3116,1,1,1,1,1,1,1,4,4,-1,[ OK ]
1857.7,17-Jul-26 13:32:55,1977,167,0.1527,128.9,0.2988,0.5794,1.734,0,0,0,100,15.05,0.2052,403.8,200,1,0,0.3032,1,1,1,1,1,1,1,4,4,-1,[ OK ]
1858.1,17-Jul-26 13:32:56,1978,167,0.1526,129.3,0.2945,0.5799,1.727,0,0,0,100,15.05,0.2044,403.9,200,1,0,0.3203,1,1,1,1,1,1,1,4,4,-1,[ OK ]
1858.5,17-Jul-26 13:32:56,1978,167,0.1522,130.4,0.3013,0.5794,1.733,0,0,0,100,15.05,0.2065,403.9,200,1,0,0.3173,1,1,1,1,1,1,1,4,4,-1,[ OK ]
1858.9,17-Jul-26 13:32:56,1978,167,0.1521,130.4,0.2957,0.5801,1.724,0,0,0,100,15.05,0.2041,404,200,1,0,0.3202,1,1,1,1,1,1,1,4,4,-1,[ OK ]
1859.3,17-Jul-26 13:32:57,1979,167,0.1521,130.4,0.297,0.5798,1.728,0,0,0,100,15.05,0.2047,404.1,200,1,0,0.3079,1,1,1,1,1,1,1,4,4,-1,[ OK ]
1859.8,17-Jul-26 13:32:57,1979,167,0.1522,130.4,0.295,0.5798,1.728,0,0,0,100,15.05,0.2053,403.8,200,1,0,0.3061,1,1,1,1,1,1,1,4,4,-1,[ OK ]
1860.2,17-Jul-26 13:32:58,1980,167,0.1522,130.4,0.2954,0.5797,1.729,0,0,0,100,15.05,0.2057,403.8,200,1,0,0.3126,1,1,1,1,1,1,1,4,4,-1,[ OK ]
1860.6,17-Jul-26 13:32:58,1980,167,0.1521,130.4,0.2977,0.5796,1.731,0,0,0,100,15.05,0.2049,404,200,1,0,0.31,1,1,1,1,1,1,1,4,4,-1,[ OK ]
1861.0,17-Jul-26 13:32:58,1981,167,0.1526,129.2,0.2976,0.58,1.726,0,0,0,100,15.05,0.2048,403.8,200,1,0,0.3057,1,1,1,1,1,1,1,4,4,-1,[ OK ]
1861.4,17-Jul-26 13:32:59,1981,167,0.1521,130.4,0.2965,0.5796,1.73,0,0,0,100,15.05,0.2054,404.2,200,1,0,0.2925,1,1,1,1,1,1,1,4,4,-1,[ OK ]
1862.0,17-Jul-26 13:32:59,1981,167,0.1527,129,0.3006,0.5797,1.73,0,0,0,100,15.05,0.2046,404.1,200,1,0,0.3161,1,1,1,1,1,1,1,4,4,-1,[ OK ]
1862.4,17-Jul-26 13:33:00,1982,167,0.1523,130.4,0.2951,0.5794,1.733,0,0,0,100,15.05,0.2054,403.9,200,1,0,0.3072,1,1,1,1,1,1,1,4,4,-1,[ OK ]
1862.8,17-Jul-26 13:33:00,1982,167,0.1526,129.4,0.3006,0.5794,1.732,0,0,0,100,15.05,0.205,404.1,200,1,0,0.3085,1,1,1,1,1,1,1,4,4,-1,[ OK ]
1863.2,17-Jul-26 13:33:01,1983,167,0.1527,129.3,0.3006,0.5791,1.736,0,0,0,100,15.05,0.2072,404.2,200,1,0,0.306,1,1,1,1,1,1,1,4,4,-1,[ OK ]
1863.6,17-Jul-26 13:33:01,1983,167,0.1523,130.4,0.2969,0.5793,1.734,0,0,0,100,15.05,0.204,404,200,1,0,0.3148,1,1,1,1,1,1,1,4,4,-1,[ OK ]
1864.1,17-Jul-26 13:33:01,1984,167,0.1527,129.2,0.2994,0.5793,1.734,0,0,0,100,15.05,0.204,403.9,200,1,0,0.3178,1,1,1,1,1,1,1,4,4,-1,[ OK ]
1864.5,17-Jul-26 13:33:02,1984,167,0.1523,130.4,0.3025,0.5799,1.726,0,0,0,100,15.05,0.2052,404,200,1,0,0.3079,1,1,1,1,1,1,1,4,4,-1,[ OK ]
1864.9,17-Jul-26 13:33:02,1984,167,0.1529,128.9,0.2957,0.5792,1.734,0,0,0,100,15.05,0.2043,403.8,200,1,0,0.3155,1,1,1,1,1,1,1,4,4,-1,[ OK ]
1865.3,17-Jul-26 13:33:03,1985,167,0.1524,130.4,0.2964,0.5797,1.728,0,0,0,100,15.05,0.2034,404.1,200,1,0,0.3229,1,1,1,1,1,1,1,4,4,-1,[ OK ]
1865.7,17-Jul-26 13:33:03,1985,167,0.1524,130.5,0.2953,0.5792,1.735,0,0,0,100,15.05,0.2065,403.8,200,1,0,0.308,1,1,1,1,1,1,1,4,4,-1,[ OK ]
1866.2,17-Jul-26 13:33:04,1986,167,0.1524,130.4,0.3003,0.5795,1.733,0,0,0,100,15.05,0.2055,404.1,200,1,0,0.3084,1,1,1,1,1,1,1,4,4,-1,[ OK ]
1866.6,17-Jul-26 13:33:04,1986,167,0.1524,130.4,0.2985,0.5798,1.728,0,0,0,100,15.05,0.2054,404.1,200,1,0,0.309,1,1,1,1,1,1,1,4,4,-1,[ OK ]
1867.0,17-Jul-26 13:33:04,1987,167,0.1531,128.6,0.2999,0.5793,1.734,0,0,0,100,15.05,0.2049,404.1,200,1,0,0.3137,1,1,1,1,1,1,1,4,4,-1,[ OK ]
1867.4,17-Jul-26 13:33:05,1987,167,0.1525,130.4,0.3004,0.5798,1.728,0,0,0,100,15.05,0.2049,404,200,1,0,0.3036,1,1,1,1,1,1,1,4,4,-1,[ OK ]
1867.8,17-Jul-26 13:33:05,1987,167,0.1525,130.4,0.2968,0.5793,1.734,0,0,0,100,15.05,0.2053,403.8,200,1,0,0.3164,1,1,1,1,1,1,1,4,4,-1,[ OK ]
1868.3,17-Jul-26 13:33:06,1988,167,0.1525,130.4,0.2993,0.5795,1.731,0,0,0,100,15.05,0.2061,404.1,200,1,0,0.3082,1,1,1,1,1,1,1,4,4,-1,[ OK ]
1868.7,17-Jul-26 13:33:06,1988,167,0.1525,130.4,0.2979,0.58,1.726,0,0,0,100,15.05,0.2057,404.2,200,1,0,0.3055,1,1,1,1,1,1,1,4,4,-1,[ OK ]
1869.1,17-Jul-26 13:33:07,1989,167,0.1525,130.4,0.3007,0.58,1.725,0,0,0,100,15.05,0.2049,403.7,200,1,0,0.3123,1,1,1,1,1,1,1,4,4,-1,[ OK ]
1869.5,17-Jul-26 13:33:07,1989,167,0.1525,130.4,0.2951,0.58,1.726,0,0,0,100,15.05,0.2057,404.1,200,1,0,0.3119,1,1,1,1,1,1,1,4,4,-1,[ OK ]
1869.9,17-Jul-26 13:33:07,1989,167,0.1524,130.4,0.2997,0.5793,1.735,0,0,0,100,15.05,0.2043,403.8,200,1,0,0.3263,1,1,1,1,1,1,1,4,4,-1,[ OK ]
1870.4,17-Jul-26 13:33:08,1990,167,0.1529,129.1,0.295,0.5798,1.729,0,0,0,100,15.05,0.2054,404,200,1,0,0.308,1,1,1,1,1,1,1,4,4,-1,[ OK ]
1870.8,17-Jul-26 13:33:08,1990,167,0.1525,130.4,0.2976,0.5799,1.728,0,0,0,100,15.05,0.2051,404.1,200,1,0,0.3165,1,1,1,1,1,1,1,4,4,-1,[ OK ]
1871.2,17-Jul-26 13:33:09,1991,167,0.1524,130.5,0.2902,0.5794,1.734,0,0,0,100,15.05,0.205,403.8,200,1,0,0.3148,1,1,1,1,1,1,1,4,4,-1,[ OK ]
1871.6,17-Jul-26 13:33:09,1991,167,0.1524,130.4,0.2994,0.5795,1.733,0,0,0,100,15.05,0.2048,404,200,1,0,0.3102,1,1,1,1,1,1,1,4,4,-1,[ OK ]
1872.0,17-Jul-26 13:33:09,1992,167,0.1524,130.4,0.298,0.5795,1.732,0,0,0,100,15.05,0.2058,404,200,1,0,0.32,1,1,1,1,1,1,1,4,4,-1,[ OK ]
1872.5,17-Jul-26 13:33:10,1992,167,0.1523,130.4,0.3038,0.5798,1.728,0,0,0,100,15.05,0.2051,404.1,200,1,0,0.3162,1,1,1,1,1,1,1,4,4,-1,[ OK ]
1872.9,17-Jul-26 13:33:10,1992,167,0.1523,130.4,0.2966,0.5792,1.736,0,0,0,100,15.05,0.2054,404.2,200,1,0,0.308,1,1,1,1,1,1,1,4,4,-1,[ OK ]
1873.4,17-Jul-26 13:33:11,1993,167,0.1527,129.4,0.2946,0.5793,1.734,0,0,0,100,15.05,0.2044,404.1,200,1,0,0.3089,1,1,1,1,1,1,1,4,4,-1,[ OK ]
1873.9,17-Jul-26 13:33:11,1993,167,0.1523,130.4,0.2977,0.5799,1.727,0,0,0,100,15.05,0.2056,403.8,200,1,0,0.3062,1,1,1,1,1,1,1,4,4,-1,[ OK ]
1874.3,17-Jul-26 13:33:12,1994,167,0.1523,130.4,0.2987,0.5802,1.724,0,0,0,100,15.05,0.2051,403.9,200,1,0,0.3162,1,1,1,1,1,1,1,4,4,-1,[ OK ]
1874.8,17-Jul-26 13:33:12,1994,167,0.1524,130.4,0.2988,0.5795,1.731,0,0,0,100,15.05,0.205,404.2,200,1,0,0.3114,1,1,1,1,1,1,1,4,4,-1,[ OK ]
1875.2,17-Jul-26 13:33:13,1995,167,0.1524,130.4,0.2976,0.5794,1.733,0,0,0,100,15.05,0.205,403.8,200,1,0,0.3069,1,1,1,1,1,1,1,4,4,-1,[ OK ]
1875.6,17-Jul-26 13:33:13,1995,167,0.1528,129.3,0.2941,0.58,1.727,0,0,0,100,15.05,0.2055,404,200,1,0,0.3132,1,1,1,1,1,1,1,4,4,-1,[ OK ]
1876.0,17-Jul-26 13:33:13,1996,167,0.1524,130.4,0.2922,0.58,1.725,0,0,0,100,15.05,0.2067,403.9,200,1,0,0.298,1,1,1,1,1,1,1,4,4,-1,[ OK ]
1876.3,17-Jul-26 13:33:14,1996,167,0.1524,130.4,0.2949,0.5796,1.73,0,0,0,100,15.05,0.2062,404.1,200,1,0,0.301,1,1,1,1,1,1,1,4,4,-1,[ OK ]
1876.8,17-Jul-26 13:33:14,1996,167,0.1524,130.4,0.2971,0.5795,1.731,0,0,0,100,15.05,0.2065,403.9,200,1,0,0.3184,1,1,1,1,1,1,1,4,4,-1,[ OK ]
1877.2,17-Jul-26 13:33:15,1997,167,0.1528,129.4,0.2999,0.5801,1.724,0,0,0,100,15.05,0.2058,403.8,200,1,0,0.3139,1,1,1,1,1,1,1,4,4,-1,[ OK ]
1877.6,17-Jul-26 13:33:15,1997,167,0.1523,130.4,0.2981,0.5793,1.735,0,0,0,100,15.05,0.2057,403.8,200,1,0,0.3119,1,1,1,1,1,1,1,4,4,-1,[ OK ]
1878.0,17-Jul-26 13:33:15,1998,167,0.1523,130.4,0.2942,0.5801,1.725,0,0,0,100,15.05,0.2061,404,200,1,0,0.3121,1,1,1,1,1,1,1,4,4,-1,[ OK ]
1878.4,17-Jul-26 13:33:16,1998,167,0.1528,129.2,0.2958,0.5803,1.724,0,0,0,100,15.05,0.2067,403.8,200,1,0,0.3101,1,1,1,1,1,1,1,4,4,-1,[ OK ]
1878.9,17-Jul-26 13:33:16,1998,167,0.1523,130.4,0.2974,0.5794,1.734,0,0,0,100,15.05,0.2054,404.2,200,1,0,0.2922,1,1,1,1,1,1,1,4,4,-1,[ OK ]
1879.3,17-Jul-26 13:33:17,1999,167,0.1523,130.4,0.2956,0.58,1.727,0,0,0,100,15.05,0.2061,403.8,200,1,0,0.3075,1,1,1,1,1,1,1,4,4,-1,[ OK ]
1879.7,17-Jul-26 13:33:17,1999,167,0.1522,130.5,0.2951,0.5794,1.734,0,0,0,100,15.05,0.2057,403.8,200,1,0,0.3132,1,1,1,1,1,1,1,4,4,-1,[ OK ]
1880.1,17-Jul-26 13:33:18,2000,167,0.1529,128.9,0.2969,0.5795,1.732,0,0,0,100,15.05,0.204,404.1,200,1,0,0.3179,1,1,1,1,1,1,1,4,4,-1,[ OK ]
1880.5,17-Jul-26 13:33:18,2000,167,0.1524,130.4,0.2987,0.5793,1.735,0,0,0,100,15.05,0.2054,403.9,200,1,0,0.3098,1,1,1,1,1,1,1,4,4,-1,[ OK ]
1881.0,17-Jul-26 13:33:18,2000,167,0.1524,130.4,0.2988,0.5799,1.727,0,0,0,100,15.05,0.2051,403.9,200,1,0,0.3155,1,1,1,1,1,1,1,4,4,-1,[ OK ]
1881.4,17-Jul-26 13:33:19,2001,167,0.1524,130.4,0.2965,0.5797,1.73,0,0,0,100,15.05,0.2051,403.8,200,1,0,0.3094,1,1,1,1,1,1,1,4,4,-1,[ OK ]
1881.9,17-Jul-26 13:33:19,2001,167,0.1523,130.4,0.2997,0.58,1.727,0,0,0,100,15.05,0.2056,403.8,200,1,0,0.3068,1,1,1,1,1,1,1,4,4,-1,[ OK ]
1882.4,17-Jul-26 13:33:20,2002,167,0.1523,130.4,0.2965,0.58,1.727,0,0,0,100,15.05,0.2057,403.8,200,1,0,0.3081,1,1,1,1,1,1,1,4,4,-1,[ OK ]
1882.9,17-Jul-26 13:33:20,2002,167,0.1523,130.4,0.2985,0.5795,1.733,0,0,0,100,15.05,0.2051,403.8,200,1,0,0.3211,1,1,1,1,1,1,1,4,4,-1,[ OK ]
1883.4,17-Jul-26 13:33:21,2003,167,0.1527,129.4,0.2965,0.5799,1.728,0,0,0,100,15.05,0.2053,403.9,200,1,0,0.311,1,1,1,1,1,1,1,4,4,-1,[ OK ]
1883.8,17-Jul-26 13:33:21,2003,167,0.1523,130.4,0.2966,0.5802,1.724,0,0,0,100,15.05,0.2046,403.8,200,1,0,0.3158,1,1,1,1,1,1,1,4,4,-1,[ OK ]
1884.2,17-Jul-26 13:33:22,2004,167,0.1528,129.1,0.2986,0.5799,1.727,0,0,0,100,15.05,0.2051,404,200,1,0,0.3123,1,1,1,1,1,1,1,4,4,-1,[ OK ]
1884.6,17-Jul-26 13:33:22,2004,167,0.1528,129.2,0.2977,0.5793,1.734,0,0,0,100,15.05,0.2054,404.1,200,1,0,0.3148,1,1,1,1,1,1,1,4,4,-1,[ OK ]
1885.1,17-Jul-26 13:33:22,2005,167,0.1524,130.4,0.2981,0.5794,1.732,0,0,0,100,15.05,0.2052,404.2,200,1,0,0.3097,1,1,1,1,1,1,1,4,4,-1,[ OK ]
1885.5,17-Jul-26 13:33:23,2005,167,0.1524,130.4,0.2975,0.5799,1.726,0,0,0,100,15.05,0.2053,403.9,200,1,0,0.3275,1,1,1,1,1,1,1,4,4,-1,[ OK ]
1885.9,17-Jul-26 13:33:23,2005,167,0.1524,130.4,0.2957,0.5795,1.732,0,0,0,100,15.05,0.2056,404.1,200,1,0,0.3051,1,1,1,1,1,1,1,4,4,-1,[ OK ]
1886.3,17-Jul-26 13:33:24,2006,167,0.1524,130.4,0.2958,0.5799,1.727,0,0,0,100,15.05,0.2052,404.2,200,1,0,0.3136,1,1,1,1,1,1,1,4,4,-1,[ OK ]
1886.7,17-Jul-26 13:33:24,2006,167,0.1526,129.9,0.2965,0.5794,1.732,0,0,0,100,15.05,0.2063,404.1,200,1,0,0.3132,1,1,1,1,1,1,1,4,4,-1,[ OK ]
1887.2,17-Jul-26 13:33:25,2007,167,0.1524,130.4,0.2937,0.5793,1.734,0,0,0,100,15.05,0.2058,404.1,200,1,0,0.2985,1,1,1,1,1,1,1,4,4,-1,[ OK ]
1887.6,17-Jul-26 13:33:25,2007,167,0.1523,130.4,0.2979,0.5793,1.734,0,0,0,100,15.05,0.2039,404.2,200,1,0,0.3189,1,1,1,1,1,1,1,4,4,-1,[ OK ]
1888.0,17-Jul-26 13:33:25,2007,167,0.1523,130.4,0.2951,0.5795,1.731,0,0,0,100,15.05,0.205,403.8,200,1,0,0.3015,1,1,1,1,1,1,1,4,4,-1,[ OK ]
1888.4,17-Jul-26 13:33:26,2008,167,0.1523,130.4,0.2936,0.5795,1.731,0,0,0,100,15.05,0.2051,404.1,200,1,0,0.3019,1,1,1,1,1,1,1,4,4,-1,[ OK ]
1888.8,17-Jul-26 13:33:26,2008,167,0.1523,130.4,0.2987,0.5797,1.73,0,0,0,100,15.05,0.2059,404,200,1,0,0.3068,1,1,1,1,1,1,1,4,4,-1,[ OK ]
1889.3,17-Jul-26 13:33:27,2009,167,0.1527,129.4,0.2965,0.5794,1.733,0,0,0,100,15.05,0.2054,404.1,200,1,0,0.3137,1,1,1,1,1,1,1,4,4,-1,[ OK ]
1889.7,17-Jul-26 13:33:27,2009,167,0.1523,130.4,0.2948,0.5794,1.733,0,0,0,100,15.05,0.2055,403.8,200,1,0,0.3055,1,1,1,1,1,1,1,4,4,-1,[ OK ]
1890.1,17-Jul-26 13:33:28,2010,167,0.1523,130.4,0.2983,0.5793,1.734,0,0,0,100,15.05,0.2053,403.8,200,1,0,0.3064,1,1,1,1,1,1,1,4,4,-1,[ OK ]
1890.5,17-Jul-26 13:33:28,2010,167,0.1527,129.2,0.2985,0.5801,1.724,0,0,0,100,15.05,0.2043,404.2,200,1,0,0.3159,1,1,1,1,1,1,1,4,4,-1,[ OK ]
1890.9,17-Jul-26 13:33:28,2010,167,0.1529,128.8,0.2985,0.5792,1.735,0,0,0,100,15.05,0.204,403.8,200,1,0,0.3138,1,1,1,1,1,1,1,4,4,-1,[ OK ]
1891.4,17-Jul-26 13:33:29,2011,167,0.1524,130.4,0.2991,0.5792,1.734,0,0,0,100,15.05,0.2052,404.1,200,1,0,0.3117,1,1,1,1,1,1,1,4,4,-1,[ OK ]
1891.8,17-Jul-26 13:33:29,2011,167,0.1523,130.4,0.2999,0.5801,1.724,0,0,0,100,15.05,0.2056,404.2,200,1,0,0.3148,1,1,1,1,1,1,1,4,4,-1,[ OK ]
1892.2,17-Jul-26 13:33:30,2012,167,0.1523,130.4,0.2943,0.5798,1.728,0,0,0,100,15.05,0.2049,403.9,200,1,0,0.3129,1,1,1,1,1,1,1,4,4,-1,[ OK ]
1892.6,17-Jul-26 13:33:30,2012,167,0.1527,129.1,0.2946,0.5793,1.734,0,0,0,100,15.05,0.2055,404.1,200,1,0,0.3154,1,1,1,1,1,1,1,4,4,-1,[ OK ]
1893.0,17-Jul-26 13:33:30,2013,167,0.1523,130.4,0.2932,0.5793,1.735,0,0,0,100,15.05,0.2054,404.1,200,1,0,0.3139,1,1,1,1,1,1,1,4,4,-1,[ OK ]
1893.5,17-Jul-26 13:33:31,2013,167,0.1523,130.4,0.2966,0.5794,1.735,0,0,0,100,15.05,0.2055,403.8,200,1,0,0.3068,1,1,1,1,1,1,1,4,4,-1,[ OK ]
1893.9,17-Jul-26 13:33:31,2013,167,0.1527,129.1,0.2965,0.5803,1.724,0,0,0,100,15.05,0.2054,403.8,200,1,0,0.314,1,1,1,1,1,1,1,4,4,-1,[ OK ]
1894.3,17-Jul-26 13:33:32,2014,167,0.1523,130.4,0.2977,0.5801,1.726,0,0,0,100,15.05,0.2043,403.8,200,1,0,0.3073,1,1,1,1,1,1,1,4,4,-1,[ OK ]
1894.8,17-Jul-26 13:33:32,2014,167,0.1523,130.4,0.2935,0.5794,1.735,0,0,0,100,15.05,0.2052,403.8,200,1,0,0.305,1,1,1,1,1,1,1,4,4,-1,[ OK ]
1895.3,17-Jul-26 13:33:33,2015,167,0.153,128.4,0.2973,0.5801,1.726,0,0,0,100,15.05,0.2053,403.8,200,1,0,0.3166,1,1,1,1,1,1,1,4,4,-1,[ OK ]
1895.7,17-Jul-26 13:33:33,2015,167,0.1523,130.4,0.2989,0.58,1.726,0,0,0,100,15.05,0.2047,404,200,1,0,0.3103,1,1,1,1,1,1,1,4,4,-1,[ OK ]
1896.1,17-Jul-26 13:33:34,2016,167,0.1523,130.4,0.2936,0.5801,1.726,0,0,0,100,15.05,0.205,404,200,1,0,0.3121,1,1,1,1,1,1,1,4,4,-1,[ OK ]
1896.5,17-Jul-26 13:33:34,2016,167,0.1528,128.9,0.2997,0.5801,1.726,0,0,0,100,15.05,0.2051,403.8,200,1,0,0.3135,1,1,1,1,1,1,1,4,4,-1,[ OK ]
1896.9,17-Jul-26 13:33:34,2016,167,0.1523,130.4,0.2961,0.58,1.726,0,0,0,100,15.05,0.2051,404,200,1,0,0.3084,1,1,1,1,1,1,1,4,4,-1,[ OK ]
1897.4,17-Jul-26 13:33:35,2017,167,0.1522,130.4,0.2981,0.5796,1.732,0,0,0,100,15.05,0.2059,404.2,200,1,0,0.3094,1,1,1,1,1,1,1,4,4,-1,[ OK ]
1897.8,17-Jul-26 13:33:35,2017,167,0.1527,129.2,0.2969,0.5793,1.735,0,0,0,100,15.05,0.2058,403.8,200,1,0,0.3136,1,1,1,1,1,1,1,4,4,-1,[ OK ]
1898.2,17-Jul-26 13:33:36,2018,167,0.1522,130.4,0.3005,0.5796,1.732,0,0,0,100,15.05,0.2037,403.8,200,1,0,0.3158,1,1,1,1,1,1,1,4,4,-1,[ OK ]
1898.7,17-Jul-26 13:33:36,2018,167,0.1522,130.4,0.2983,0.5802,1.724,0,0,0,100,15.05,0.2049,403.8,200,1,0,0.3084,1,1,1,1,1,1,1,4,4,-1,[ OK ]
1899.1,17-Jul-26 13:33:37,2019,167,0.1526,129.4,0.2966,0.5793,1.735,0,0,0,100,15.05,0.2062,404,200,1,0,0.3088,1,1,1,1,1,1,1,4,4,-1,[ OK ]
1899.5,17-Jul-26 13:33:37,2019,167,0.1522,130.4,0.3004,0.5795,1.732,0,0,0,100,15.05,0.2055,404.1,200,1,0,0.3024,1,1,1,1,1,1,1,4,4,-1,[ OK ]
1900.0,17-Jul-26 13:33:37,2019,167,0.1527,129.1,0.2984,0.5795,1.734,0,0,0,100,15.05,0.2061,404.2,200,1,0,0.3022,1,1,1,1,1,1,1,4,4,-1,[ OK ]
1900.4,17-Jul-26 13:33:38,2020,167,0.1527,129.2,0.2978,0.5797,1.732,0,0,0,100,15.05,0.2055,403.9,200,1,0,0.3123,1,1,1,1,1,1,1,4,4,-1,[ OK ]
1900.8,17-Jul-26 13:33:38,2020,167,0.1526,129.3,0.2969,0.5802,1.726,0,0,0,100,15.05,0.2059,404,200,1,0,0.3121,1,1,1,1,1,1,1,4,4,-1,[ OK ]
1901.1,17-Jul-26 13:33:39,2021,167,0.1522,130.4,0.2948,0.5801,1.727,0,0,0,100,15.05,0.2051,403.9,200,1,0,0.3081,1,1,1,1,1,1,1,4,4,-1,[ OK ]
1901.5,17-Jul-26 13:33:39,2021,167,0.1522,130.4,0.2966,0.58,1.728,0,0,0,100,15.05,0.2046,404,200,1,0,0.3164,1,1,1,1,1,1,1,4,4,-1,[ OK ]
1902.0,17-Jul-26 13:33:39,2021,167,0.1528,128.9,0.2979,0.58,1.728,0,0,0,100,15.05,0.2056,403.8,200,1,0,0.3168,1,1,1,1,1,1,1,4,4,-1,[ OK ]
1902.4,17-Jul-26 13:33:40,2022,167,0.1528,129.2,0.2991,0.5796,1.734,0,0,0,100,15.05,0.2064,404,200,1,0,0.3073,1,1,1,1,1,1,1,4,4,-1,[ OK ]
1902.8,17-Jul-26 13:33:40,2022,167,0.1521,130.9,0.2902,0.5799,1.729,0,0,0,100,15.05,0.2053,403.8,200,1,0,0.308,1,1,1,1,1,1,1,4,4,-1,[ OK ]
1903.2,17-Jul-26 13:33:41,2023,167,0.1528,129.2,0.2986,0.5802,1.726,0,0,0,100,15.05,0.2057,403.8,200,1,0,0.3139,1,1,1,1,1,1,1,4,4,-1,[ OK ]
1903.6,17-Jul-26 13:33:41,2023,167,0.1523,130.4,0.298,0.5796,1.733,0,0,0,100,15.05,0.2055,403.8,200,1,0,0.3104,1,1,1,1,1,1,1,4,4,-1,[ OK ]
1904.1,17-Jul-26 13:33:41,2024,167,0.1523,130.4,0.2999,0.5802,1.725,0,0,0,100,15.05,0.2056,403.8,200,1,0,0.3111,1,1,1,1,1,1,1,4,4,-1,[ OK ]
1904.5,17-Jul-26 13:33:42,2024,167,0.1528,129,0.3008,0.5794,1.733,0,0,0,100,15.05,0.2057,403.9,200,1,0,0.3137,1,1,1,1,1,1,1,4,4,-1,[ OK ]
1904.9,17-Jul-26 13:33:42,2024,167,0.1523,130.4,0.2984,0.5794,1.734,0,0,0,100,15.05,0.2056,403.8,200,1,0,0.3161,1,1,1,1,1,1,1,4,4,-1,[ OK ]
1905.3,17-Jul-26 13:33:43,2025,167,0.1523,130.4,0.2941,0.5801,1.725,0,0,0,100,15.05,0.2055,404.2,200,1,0,0.3132,1,1,1,1,1,1,1,4,4,-1,[ OK ]
1905.7,17-Jul-26 13:33:43,2025,167,0.1523,130.4,0.2974,0.5795,1.732,0,0,0,100,15.05,0.2059,404,200,1,0,0.3271,1,1,1,1,1,1,1,4,4,-1,[ OK ]
1906.2,17-Jul-26 13:33:44,2026,167,0.1527,129.3,0.2981,0.5794,1.733,0,0,0,100,15.05,0.2062,404.1,200,1,0,0.2896,1,1,1,1,1,1,1,4,4,-1,[ OK ]
1906.6,17-Jul-26 13:33:44,2026,167,0.1523,130.4,0.297,0.5801,1.725,0,0,0,100,15.05,0.205,404.1,200,1,0,0.3028,1,1,1,1,1,1,1,4,4,-1,[ OK ]
1907.0,17-Jul-26 13:33:44,2027,167,0.1527,129.3,0.2966,0.5793,1.734,0,0,0,100,15.05,0.2041,403.8,200,1,0,0.313,1,1,1,1,1,1,1,4,4,-1,[ OK ]
1907.4,17-Jul-26 13:33:45,2027,167,0.1523,130.4,0.2972,0.5792,1.736,0,0,0,100,15.05,0.2059,403.8,200,1,0,0.3139,1,1,1,1,1,1,1,4,4,-1,[ OK ]
1907.9,17-Jul-26 13:33:45,2027,167,0.1523,130.4,0.2985,0.5795,1.733,0,0,0,100,15.05,0.2045,403.8,200,1,0,0.3114,1,1,1,1,1,1,1,4,4,-1,[ OK ]
1908.3,17-Jul-26 13:33:46,2028,167,0.1528,129.3,0.2996,0.5791,1.737,0,0,0,100,15.05,0.2046,403.8,200,1,0,0.3085,1,1,1,1,1,1,1,4,4,-1,[ OK ]
1908.7,17-Jul-26 13:33:46,2028,167,0.1527,129.3,0.296,0.5802,1.725,0,0,0,100,15.05,0.2052,403.9,200,1,0,0.3111,1,1,1,1,1,1,1,4,4,-1,[ OK ]
1909.1,17-Jul-26 13:33:47,2029,167,0.1523,130.4,0.2969,0.5798,1.728,0,0,0,100,15.05,0.2056,403.8,200,1,0,0.303,1,1,1,1,1,1,1,4,4,-1,[ OK ]
1909.5,17-Jul-26 13:33:47,2029,167,0.1528,129.1,0.3028,0.5799,1.727,0,0,0,100,15.05,0.2053,404.3,200,1,0,0.3056,1,1,1,1,1,1,1,4,4,-1,[ OK ]
1909.9,17-Jul-26 13:33:47,2029,167,0.1523,130.4,0.3013,0.5798,1.729,0,0,0,100,15.05,0.2055,404,200,1,0,0.3156,1,1,1,1,1,1,1,4,4,-1,[ OK ]
1910.4,17-Jul-26 13:33:48,2030,167,0.1523,130.4,0.2994,0.5794,1.734,0,0,0,100,15.05,0.205,404.2,200,1,0,0.3097,1,1,1,1,1,1,1,4,4,-1,[ OK ]
1910.8,17-Jul-26 13:33:48,2030,167,0.1523,130.4,0.297,0.58,1.726,0,0,0,100,15.05,0.2053,404.1,200,1,0,0.3148,1,1,1,1,1,1,1,4,4,-1,[ OK ]
1911.2,17-Jul-26 13:33:49,2031,167,0.1527,129.4,0.2968,0.5797,1.728,0,0,0,100,15.05,0.2051,403.8,200,1,0,0.3119,1,1,1,1,1,1,1,4,4,-1,[ OK ]
1911.6,17-Jul-26 13:33:49,2031,167,0.1528,129.1,0.3004,0.5799,1.727,0,0,0,100,15.05,0.205,403.8,200,1,0,0.3165,1,1,1,1,1,1,1,4,4,-1,[ OK ]
1912.1,17-Jul-26 13:33:49,2032,167,0.1523,130.4,0.2961,0.5797,1.729,0,0,0,100,15.05,0.2051,404,200,1,0,0.3097,1,1,1,1,1,1,1,4,4,-1,[ OK ]
1912.5,17-Jul-26 13:33:50,2032,167,0.1528,128.9,0.2968,0.5798,1.727,0,0,0,100,15.05,0.2046,404.2,200,1,0,0.3123,1,1,1,1,1,1,1,4,4,-1,[ OK ]
1912.9,17-Jul-26 13:33:50,2032,167,0.1523,130.4,0.3005,0.5795,1.73,0,0,0,100,15.05,0.2051,404.1,200,1,0,0.303,1,1,1,1,1,1,1,4,4,-1,[ OK ]
1913.3,17-Jul-26 13:33:51,2033,167,0.1527,129.3,0.2965,0.5794,1.732,0,0,0,100,15.05,0.2047,404.1,200,1,0,0.3116,1,1,1,1,1,1,1,4,4,-1,[ OK ]
1913.7,17-Jul-26 13:33:51,2033,167,0.1523,130.4,0.2971,0.58,1.725,0,0,0,100,15.05,0.2056,403.9,200,1,0,0.3053,1,1,1,1,1,1,1,4,4,-1,[ OK ]
1914.1,17-Jul-26 13:33:52,2034,167,0.1526,129.5,0.2978,0.5792,1.734,0,0,0,100,15.05,0.2056,404.1,200,1,0,0.3082,1,1,1,1,1,1,1,4,4,-1,[ OK ]
1914.6,17-Jul-26 13:33:52,2034,167,0.1529,128.9,0.2991,0.5798,1.728,0,0,0,100,15.05,0.2049,404.2,200,1,0,0.3084,1,1,1,1,1,1,1,4,4,-1,[ OK ]
1915.0,17-Jul-26 13:33:52,2034,167,0.1528,129.1,0.2989,0.5798,1.727,0,0,0,100,15.05,0.2042,404.2,200,1,0,0.3132,1,1,1,1,1,1,1,4,4,-1,[ OK ]
1915.4,17-Jul-26 13:33:53,2035,167,0.1523,130.4,0.2986,0.58,1.725,0,0,0,100,15.05,0.2058,403.8,200,1,0,0.3071,1,1,1,1,1,1,1,4,4,-1,[ OK ]
1915.8,17-Jul-26 13:33:53,2035,167,0.1529,128.6,0.2988,0.5793,1.734,0,0,0,100,15.05,0.2056,404.2,200,1,0,0.306,1,1,1,1,1,1,1,4,4,-1,[ OK ]
1916.2,17-Jul-26 13:33:54,2036,167,0.1522,130.4,0.2985,0.58,1.725,0,0,0,100,15.05,0.205,404.1,200,1,0,0.3124,1,1,1,1,1,1,1,4,4,-1,[ OK ]
1916.7,17-Jul-26 13:33:54,2036,167,0.1527,129.3,0.2978,0.5796,1.73,0,0,0,100,15.05,0.2051,403.8,200,1,0,0.3091,1,1,1,1,1,1,1,4,4,-1,[ OK ]
1917.1,17-Jul-26 13:33:55,2037,167,0.1522,130.4,0.2977,0.58,1.725,0,0,0,100,15.05,0.2048,403.9,200,1,0,0.3122,1,1,1,1,1,1,1,4,4,-1,[ OK ]
1917.5,17-Jul-26 13:33:55,2037,167,0.1522,130.4,0.2937,0.5798,1.728,0,0,0,100,15.05,0.2057,403.9,200,1,0,0.3053,1,1,1,1,1,1,1,4,4,-1,[ OK ]
1917.9,17-Jul-26 13:33:55,2037,167,0.1526,129.3,0.2998,0.5801,1.724,0,0,0,100,15.05,0.2052,403.9,200,1,0,0.3189,1,1,1,1,1,1,1,4,4,-1,[ OK ]
1918.4,17-Jul-26 13:33:56,2038,167,0.1522,130.4,0.2967,0.5792,1.734,0,0,0,100,15.05,0.2056,404.1,200,1,0,0.3033,1,1,1,1,1,1,1,4,4,-1,[ OK ]
1918.8,17-Jul-26 13:33:56,2038,167,0.1523,130.4,0.2986,0.5794,1.732,0,0,0,100,15.05,0.2061,403.8,200,1,0,0.3049,1,1,1,1,1,1,1,4,4,-1,[ OK ]
1919.2,17-Jul-26 13:33:57,2039,167,0.1526,129.5,0.297,0.5799,1.726,0,0,0,100,15.05,0.2054,404.1,200,1,0,0.3048,1,1,1,1,1,1,1,4,4,-1,[ OK ]
1919.6,17-Jul-26 13:33:57,2039,167,0.1523,130.4,0.2968,0.5801,1.724,0,0,0,100,15.05,0.2052,403.9,200,1,0,0.3092,1,1,1,1,1,1,1,4,4,-1,[ OK ]
1920.0,17-Jul-26 13:33:57,2040,167,0.1523,130.4,0.2967,0.5794,1.731,0,0,0,100,15.05,0.2046,404.1,200,1,0,0.3117,1,1,1,1,1,1,1,4,4,-1,[ OK ]
1920.5,17-Jul-26 13:33:58,2040,167,0.1523,130.4,0.3013,0.58,1.725,0,0,0,100,15.05,0.2042,403.8,200,1,0,0.3088,1,1,1,1,1,1,1,4,4,-1,[ OK ]
1920.9,17-Jul-26 13:33:58,2040,167,0.1523,130.4,0.2993,0.5792,1.734,0,0,0,100,15.05,0.2049,404.1,200,1,0,0.3054,1,1,1,1,1,1,1,4,4,-1,[ OK ]
1921.3,17-Jul-26 13:33:59,2041,167,0.1523,130.4,0.2989,0.5794,1.732,0,0,0,100,15.05,0.2045,403.8,200,1,0,0.3116,1,1,1,1,1,1,1,4,4,-1,[ OK ]
1921.7,17-Jul-26 13:33:59,2041,167,0.1523,130.4,0.293,0.58,1.725,0,0,0,100,15.05,0.2058,403.8,200,1,0,0.3017,1,1,1,1,1,1,1,4,4,-1,[ OK ]
1922.1,17-Jul-26 13:34:00,2042,167,0.1527,129.1,0.294,0.5789,1.737,0,0,0,100,15.05,0.2049,403.8,200,1,0,0.3176,1,1,1,1,1,1,1,4,4,-1,[ OK ]
1922.6,17-Jul-26 13:34:00,2042,167,0.1526,129.4,0.2971,0.5793,1.733,0,0,0,100,15.05,0.2039,404.1,200,1,0,0.3194,1,1,1,1,1,1,1,4,4,-1,[ OK ]
1923.0,17-Jul-26 13:34:00,2042,167,0.1523,130.4,0.2926,0.5791,1.735,0,0,0,100,15.05,0.205,403.8,200,1,0,0.3106,1,1,1,1,1,1,1,4,4,-1,[ OK ]
1923.4,17-Jul-26 13:34:01,2043,167,0.153,128.6,0.2972,0.5792,1.734,0,0,0,100,15.05,0.2053,404.2,200,1,0,0.3078,1,1,1,1,1,1,1,4,4,-1,[ OK ]
1923.8,17-Jul-26 13:34:01,2043,167,0.1526,129.4,0.2969,0.5795,1.731,0,0,0,100,15.05,0.2051,404.1,200,1,0,0.3061,1,1,1,1,1,1,1,4,4,-1,[ OK ]
1924.2,17-Jul-26 13:34:02,2044,167,0.1522,130.4,0.2937,0.5801,1.725,0,0,0,100,15.05,0.2047,403.9,200,1,0,0.3134,1,1,1,1,1,1,1,4,4,-1,[ OK ]
1924.7,17-Jul-26 13:34:02,2044,167,0.1522,130.4,0.2964,0.58,1.725,0,0,0,100,15.05,0.2054,403.9,200,1,0,0.3034,1,1,1,1,1,1,1,4,4,-1,[ OK ]
1925.1,17-Jul-26 13:34:03,2045,167,0.1527,129.2,0.3007,0.58,1.725,0,0,0,100,15.05,0.2048,404.1,200,1,0,0.3133,1,1,1,1,1,1,1,4,4,-1,[ OK ]
1925.5,17-Jul-26 13:34:03,2045,167,0.1523,130.4,0.2989,0.5802,1.723,0,0,0,100,15.05,0.2046,403.8,200,1,0,0.3126,1,1,1,1,1,1,1,4,4,-1,[ OK ]
1925.9,17-Jul-26 13:34:03,2045,167,0.1523,130.4,0.2984,0.5791,1.736,0,0,0,100,15.05,0.205,403.8,200,1,0,0.3158,1,1,1,1,1,1,1,4,4,-1,[ OK ]
1926.3,17-Jul-26 13:34:04,2046,167,0.1524,130.4,0.2965,0.5793,1.735,0,0,0,100,15.05,0.2057,403.8,200,1,0,0.299,1,1,1,1,1,1,1,4,4,-1,[ OK ]
1926.8,17-Jul-26 13:34:04,2046,167,0.1524,130.4,0.2974,0.5793,1.734,0,0,0,100,15.05,0.2049,404.1,200,1,0,0.3138,1,1,1,1,1,1,1,4,4,-1,[ OK ]
1927.2,17-Jul-26 13:34:05,2047,167,0.1524,130.4,0.2974,0.5801,1.724,0,0,0,100,15.05,0.2052,403.8,200,1,0,0.3089,1,1,1,1,1,1,1,4,4,-1,[ OK ]
1927.6,17-Jul-26 13:34:05,2047,167,0.1523,130.4,0.2961,0.5793,1.734,0,0,0,100,15.05,0.2035,403.8,200,1,0,0.3117,1,1,1,1,1,1,1,4,4,-1,[ OK ]
1928.0,17-Jul-26 13:34:05,2048,167,0.1523,130.4,0.2957,0.5793,1.734,0,0,0,100,15.05,0.2047,404.2,200,1,0,0.3144,1,1,1,1,1,1,1,4,4,-1,[ OK ]
1928.4,17-Jul-26 13:34:06,2048,167,0.1528,129.2,0.2961,0.58,1.726,0,0,0,100,15.05,0.2051,404.2,200,1,0,0.3085,1,1,1,1,1,1,1,4,4,-1,[ OK ]
1929.0,17-Jul-26 13:34:06,2048,167,0.1523,130.4,0.2966,0.5797,1.731,0,0,0,100,15.05,0.2047,404.2,200,1,0,0.3097,1,1,1,1,1,1,1,4,4,-1,[ OK ]
1929.4,17-Jul-26 13:34:07,2049,167,0.1523,130.4,0.2927,0.58,1.726,0,0,0,100,15.05,0.2047,403.8,200,1,0,0.3107,1,1,1,1,1,1,1,4,4,-1,[ OK ]
1929.8,17-Jul-26 13:34:07,2049,167,0.1524,130.4,0.299,0.5799,1.727,0,0,0,100,15.05,0.2039,403.9,200,1,0,0.313,1,1,1,1,1,1,1,4,4,-1,[ OK ]
1930.2,17-Jul-26 13:34:08,2050,167,0.1529,129,0.299,0.5799,1.727,0,0,0,100,15.05,0.2053,404,200,1,0,0.3173,1,1,1,1,1,1,1,4,4,-1,[ OK ]
1930.6,17-Jul-26 13:34:08,2050,167,0.1525,130.4,0.298,0.5799,1.727,0,0,0,100,15.05,0.2042,404.1,200,1,0,0.3207,1,1,1,1,1,1,1,4,4,-1,[ OK ]
1931.1,17-Jul-26 13:34:08,2051,167,0.1525,130.4,0.2981,0.5796,1.731,0,0,0,100,15.05,0.2041,404,200,1,0,0.3156,1,1,1,1,1,1,1,4,4,-1,[ OK ]
1931.5,17-Jul-26 13:34:09,2051,167,0.1525,130.4,0.2933,0.5798,1.728,0,0,0,100,15.05,0.2059,404,200,1,0,0.3139,1,1,1,1,1,1,1,4,4,-1,[ OK ]
1931.9,17-Jul-26 13:34:09,2051,167,0.1524,130.4,0.2975,0.5799,1.727,0,0,0,100,15.05,0.2049,404,200,1,0,0.3047,1,1,1,1,1,1,1,4,4,-1,[ OK ]
1932.3,17-Jul-26 13:34:10,2052,167,0.1528,129.2,0.2974,0.5793,1.734,0,0,0,100,15.05,0.206,404.1,200,1,0,0.3162,1,1,1,1,1,1,1,4,4,-1,[ OK ]
1932.7,17-Jul-26 13:34:10,2052,167,0.1524,130.4,0.2967,0.5795,1.732,0,0,0,100,15.05,0.2048,404.1,200,1,0,0.3064,1,1,1,1,1,1,1,4,4,-1,[ OK ]
1933.2,17-Jul-26 13:34:11,2053,167,0.1524,130.4,0.2988,0.5796,1.731,0,0,0,100,15.05,0.2051,404.1,200,1,0,0.3048,1,1,1,1,1,1,1,4,4,-1,[ OK ]
1933.6,17-Jul-26 13:34:11,2053,167,0.1523,130.4,0.2968,0.5797,1.731,0,0,0,100,15.05,0.2052,403.8,200,1,0,0.3064,1,1,1,1,1,1,1,4,4,-1,[ OK ]
1934.0,17-Jul-26 13:34:11,2054,167,0.1524,130.4,0.3001,0.5796,1.733,0,0,0,100,15.05,0.2058,404,200,1,0,0.2947,1,1,1,1,1,1,1,4,4,-1,[ OK ]
1934.4,17-Jul-26 13:34:12,2054,167,0.153,128.9,0.2981,0.5795,1.732,0,0,0,100,15.05,0.2054,404,200,1,0,0.3118,1,1,1,1,1,1,1,4,4,-1,[ OK ]
1934.8,17-Jul-26 13:34:12,2054,167,0.1524,130.4,0.2947,0.5793,1.735,0,0,0,100,15.05,0.2041,404.2,200,1,0,0.3108,1,1,1,1,1,1,1,4,4,-1,[ OK ]
1935.3,17-Jul-26 13:34:13,2055,167,0.1524,130.4,0.2984,0.5799,1.728,0,0,0,100,15.05,0.2048,404.1,200,1,0,0.3029,1,1,1,1,1,1,1,4,4,-1,[ OK ]
1935.7,17-Jul-26 13:34:13,2055,167,0.1524,130.4,0.2961,0.5798,1.727,0,0,0,100,15.05,0.2054,404,200,1,0,0.3054,1,1,1,1,1,1,1,4,4,-1,[ OK ]
1936.1,17-Jul-26 13:34:14,2056,167,0.1528,129.1,0.2959,0.5794,1.733,0,0,0,100,15.05,0.2045,403.8,200,1,0,0.3176,1,1,1,1,1,1,1,4,4,-1,[ OK ]
1936.5,17-Jul-26 13:34:14,2056,167,0.1523,130.4,0.2935,0.58,1.725,0,0,0,100,15.05,0.2044,403.8,200,1,0,0.305,1,1,1,1,1,1,1,4,4,-1,[ OK ]
1936.9,17-Jul-26 13:34:14,2056,167,0.1523,130.4,0.2966,0.5796,1.731,0,0,0,100,15.05,0.2064,404.1,200,1,0,0.3026,1,1,1,1,1,1,1,4,4,-1,[ OK ]
1937.4,17-Jul-26 13:34:15,2057,167,0.1527,129.4,0.2965,0.5795,1.732,0,0,0,100,15.05,0.2055,403.9,200,1,0,0.3105,1,1,1,1,1,1,1,4,4,-1,[ OK ]
1937.8,17-Jul-26 13:34:15,2057,167,0.1523,130.4,0.2975,0.5794,1.734,0,0,0,100,15.05,0.2051,404.1,200,1,0,0.3071,1,1,1,1,1,1,1,4,4,-1,[ OK ]
1938.2,17-Jul-26 13:34:16,2058,167,0.1523,130.4,0.2917,0.5801,1.725,0,0,0,100,15.05,0.2052,404.1,200,1,0,0.3147,1,1,1,1,1,1,1,4,4,-1,[ OK ]
1938.6,17-Jul-26 13:34:16,2058,167,0.1523,130.4,0.2968,0.5793,1.735,0,0,0,100,15.05,0.205,403.7,200,1,0,0.309,1,1,1,1,1,1,1,4,4,-1,[ OK ]
1939.0,17-Jul-26 13:34:16,2059,167,0.1524,130.4,0.2925,0.5794,1.733,0,0,0,100,15.05,0.2041,404.2,200,1,0,0.3071,1,1,1,1,1,1,1,4,4,-1,[ OK ]
1939.5,17-Jul-26 13:34:17,2059,167,0.1524,130.4,0.2961,0.5797,1.73,0,0,0,100,15.05,0.2059,404.1,200,1,0,0.3019,1,1,1,1,1,1,1,4,4,-1,[ OK ]
1939.9,17-Jul-26 13:34:17,2059,167,0.1524,130.4,0.2984,0.5801,1.725,0,0,0,100,15.05,0.2059,404.1,200,1,0,0.2986,1,1,1,1,1,1,1,4,4,-1,[ OK ]
1940.3,17-Jul-26 13:34:18,2060,167,0.1528,129.4,0.2991,0.5796,1.73,0,0,0,100,15.05,0.2055,403.9,200,1,0,0.3251,1,1,1,1,1,1,1,4,4,-1,[ OK ]
1940.7,17-Jul-26 13:34:18,2060,167,0.1523,130.4,0.2957,0.58,1.726,0,0,0,100,15.05,0.2046,403.7,200,1,0,0.3085,1,1,1,1,1,1,1,4,4,-1,[ OK ]
1941.1,17-Jul-26 13:34:19,2061,167,0.1523,130.4,0.2971,0.58,1.725,0,0,0,100,15.05,0.2058,404.1,200,1,0,0.3105,1,1,1,1,1,1,1,4,4,-1,[ OK ]
1941.6,17-Jul-26 13:34:19,2061,167,0.1523,130.4,0.2959,0.5794,1.733,0,0,0,100,15.05,0.2041,403.9,200,1,0,0.3137,1,1,1,1,1,1,1,4,4,-1,[ OK ]
1942.0,17-Jul-26 13:34:19,2061,167,0.1523,130.4,0.2932,0.5799,1.727,0,0,0,100,15.05,0.2048,404,200,1,0,0.2996,1,1,1,1,1,1,1,4,4,-1,[ OK ]
1942.4,17-Jul-26 13:34:20,2062,167,0.1524,130.4,0.2993,0.5795,1.731,0,0,0,100,15.05,0.2049,403.8,200,1,0,0.3089,1,1,1,1,1,1,1,4,4,-1,[ OK ]
1942.7,17-Jul-26 13:34:20,2062,167,0.1522,130.7,0.2993,0.5795,1.732,0,0,0,100,15.05,0.2046,404.2,200,1,0,0.3167,1,1,1,1,1,1,1,4,4,-1,[ OK ]
1943.1,17-Jul-26 13:34:21,2063,167,0.1524,130.4,0.302,0.5798,1.728,0,0,0,100,15.05,0.2046,404.1,200,1,0,0.3107,1,1,1,1,1,1,1,4,4,-1,[ OK ]
1943.6,17-Jul-26 13:34:21,2063,167,0.1528,129.3,0.2945,0.58,1.726,0,0,0,100,15.05,0.2057,404.2,200,1,0,0.3186,1,1,1,1,1,1,1,4,4,-1,[ OK ]
1944.0,17-Jul-26 13:34:21,2063,167,0.1524,130.4,0.3008,0.5791,1.736,0,0,0,100,15.05,0.205,403.8,200,1,0,0.307,1,1,1,1,1,1,1,4,4,-1,[ OK ]
1944.4,17-Jul-26 13:34:22,2064,167,0.1524,130.4,0.2981,0.5796,1.732,0,0,0,100,15.05,0.2043,404.1,200,1,0,0.3118,1,1,1,1,1,1,1,4,4,-1,[ OK ]
1944.8,17-Jul-26 13:34:22,2064,167,0.1524,130.4,0.2974,0.5799,1.727,0,0,0,100,15.05,0.2049,403.8,200,1,0,0.3055,1,1,1,1,1,1,1,4,4,-1,[ OK ]
1945.2,17-Jul-26 13:34:23,2065,167,0.1525,130.4,0.296,0.5793,1.734,0,0,0,100,15.05,0.2054,403.9,200,1,0,0.3158,1,1,1,1,1,1,1,4,4,-1,[ OK ]
1945.7,17-Jul-26 13:34:23,2065,167,0.1524,130.4,0.2957,0.58,1.725,0,0,0,100,15.05,0.205,404,200,1,0,0.3068,1,1,1,1,1,1,1,4,4,-1,[ OK ]
1946.1,17-Jul-26 13:34:24,2066,167,0.1524,130.4,0.2966,0.5799,1.728,0,0,0,100,15.05,0.2054,403.7,200,1,0,0.3091,1,1,1,1,1,1,1,4,4,-1,[ OK ]
1946.5,17-Jul-26 13:34:24,2066,167,0.1528,129.3,0.2953,0.58,1.727,0,0,0,100,15.05,0.2056,403.8,200,1,0,0.3156,1,1,1,1,1,1,1,4,4,-1,[ OK ]
1946.9,17-Jul-26 13:34:24,2066,167,0.1524,130.4,0.2988,0.5796,1.731,0,0,0,100,15.05,0.2053,403.8,200,1,0,0.3138,1,1,1,1,1,1,1,4,4,-1,[ OK ]
1947.3,17-Jul-26 13:34:25,2067,167,0.1529,129.1,0.2969,0.5795,1.733,0,0,0,100,15.05,0.206,403.8,200,1,0,0.2979,1,1,1,1,1,1,1,4,4,-1,[ OK ]
1947.8,17-Jul-26 13:34:25,2067,167,0.1528,129.3,0.2965,0.5796,1.731,0,0,0,100,15.05,0.205,404.1,200,1,0,0.3121,1,1,1,1,1,1,1,4,4,-1,[ OK ]
1948.2,17-Jul-26 13:34:26,2068,167,0.1529,129.2,0.3009,0.5798,1.729,0,0,0,100,15.05,0.2046,403.9,200,1,0,0.3096,1,1,1,1,1,1,1,4,4,-1,[ OK ]
1948.6,17-Jul-26 13:34:26,2068,167,0.1524,130.4,0.2957,0.5801,1.725,0,0,0,100,15.05,0.2056,404.2,200,1,0,0.3043,1,1,1,1,1,1,1,4,4,-1,[ OK ]
1949.0,17-Jul-26 13:34:26,2069,167,0.1524,130.4,0.2968,0.58,1.727,0,0,0,100,15.05,0.2037,404.2,200,1,0,0.3142,1,1,1,1,1,1,1,4,4,-1,[ OK ]
1949.4,17-Jul-26 13:34:27,2069,167,0.1529,128.9,0.2965,0.5796,1.731,0,0,0,100,15.05,0.206,403.8,200,1,0,0.3063,1,1,1,1,1,1,1,4,4,-1,[ OK ]
1949.9,17-Jul-26 13:34:27,2069,167,0.1527,129.4,0.2906,0.5794,1.733,0,0,0,100,15.05,0.2054,404.1,200,1,0,0.3002,1,1,1,1,1,1,1,4,4,-1,[ OK ]
1950.3,17-Jul-26 13:34:28,2070,167,0.1528,129.3,0.2949,0.5799,1.727,0,0,0,100,15.05,0.2061,404.2,200,1,0,0.3007,1,1,1,1,1,1,1,4,4,-1,[ OK ]
1950.7,17-Jul-26 13:34:28,2070,167,0.1527,129.3,0.3008,0.5795,1.732,0,0,0,100,15.05,0.2057,404,200,1,0,0.3045,1,1,1,1,1,1,1,4,4,-1,[ OK ]
1951.1,17-Jul-26 13:34:29,2071,167,0.1524,130.4,0.2948,0.5799,1.728,0,0,0,100,15.05,0.2057,404,200,1,0,0.3026,1,1,1,1,1,1,1,4,4,-1,[ OK ]
1951.5,17-Jul-26 13:34:29,2071,167,0.1529,128.9,0.2959,0.58,1.726,0,0,0,100,15.05,0.2051,403.8,200,1,0,0.3198,1,1,1,1,1,1,1,4,4,-1,[ OK ]
1952.0,17-Jul-26 13:34:29,2071,167,0.1523,130.4,0.2965,0.5795,1.732,0,0,0,100,15.05,0.2057,403.9,200,1,0,0.308,1,1,1,1,1,1,1,4,4,-1,[ OK ]
1952.4,17-Jul-26 13:34:30,2072,167,0.1524,130.4,0.2977,0.5796,1.73,0,0,0,100,15.05,0.2048,404.1,200,1,0,0.3064,1,1,1,1,1,1,1,4,4,-1,[ OK ]
1952.8,17-Jul-26 13:34:30,2072,167,0.1528,129.1,0.2982,0.5793,1.734,0,0,0,100,15.05,0.2053,403.9,200,1,0,0.3041,1,1,1,1,1,1,1,4,4,-1,[ OK ]
1953.2,17-Jul-26 13:34:31,2073,167,0.1524,130.4,0.2996,0.5794,1.733,0,0,0,100,15.05,0.205,404.2,200,1,0,0.3017,1,1,1,1,1,1,1,4,4,-1,[ OK ]
1953.7,17-Jul-26 13:34:31,2073,167,0.1528,129.4,0.2963,0.5796,1.731,0,0,0,100,15.05,0.2054,404.1,200,1,0,0.3107,1,1,1,1,1,1,1,4,4,-1,[ OK ]
1954.1,17-Jul-26 13:34:31,2074,167,0.1525,130.4,0.2968,0.5793,1.735,0,0,0,100,15.05,0.2051,404.1,200,1,0,0.3124,1,1,1,1,1,1,1,4,4,-1,[ OK ]
1954.5,17-Jul-26 13:34:32,2074,167,0.1528,129.3,0.294,0.5794,1.734,0,0,0,100,15.05,0.2057,403.9,200,1,0,0.3123,1,1,1,1,1,1,1,4,4,-1,[ OK ]
1954.9,17-Jul-26 13:34:32,2074,167,0.1528,129.3,0.2987,0.5793,1.736,0,0,0,100,15.05,0.206,404.1,200,1,0,0.3144,1,1,1,1,1,1,1,4,4,-1,[ OK ]
1955.3,17-Jul-26 13:34:33,2075,167,0.1525,130.4,0.2997,0.5793,1.735,0,0,0,100,15.05,0.2055,404.1,200,1,0,0.301,1,1,1,1,1,1,1,4,4,-1,[ OK ]
1955.7,17-Jul-26 13:34:33,2075,167,0.1524,130.4,0.3025,0.5802,1.725,0,0,0,100,15.05,0.2059,404,200,1,0,0.3061,1,1,1,1,1,1,1,4,4,-1,[ OK ]
1956.2,17-Jul-26 13:34:34,2076,167,0.1524,130.4,0.2982,0.5797,1.731,0,0,0,100,15.05,0.2054,403.9,200,1,0,0.3072,1,1,1,1,1,1,1,4,4,-1,[ OK ]
1956.6,17-Jul-26 13:34:34,2076,167,0.1524,130.4,0.2902,0.5795,1.732,0,0,0,100,15.05,0.205,404.1,200,1,0,0.3039,1,1,1,1,1,1,1,4,4,-1,[ OK ]
1957.1,17-Jul-26 13:34:35,2077,167,0.1524,130.4,0.2942,0.5799,1.728,0,0,0,100,15.05,0.2054,404,200,1,0,0.3061,1,1,1,1,1,1,1,4,4,-1,[ OK ]
1957.5,17-Jul-26 13:34:35,2077,167,0.1532,128.6,0.2974,0.58,1.726,0,0,0,100,15.05,0.2058,403.9,200,1,0,0.3126,1,1,1,1,1,1,1,4,4,-1,[ OK ]
1957.9,17-Jul-26 13:34:35,2077,167,0.1525,130.4,0.2964,0.58,1.726,0,0,0,100,15.05,0.2055,404,200,1,0,0.3127,1,1,1,1,1,1,1,4,4,-1,[ OK ]
1958.5,17-Jul-26 13:34:36,2078,167,0.1525,130.4,0.2941,0.5794,1.733,0,0,0,100,15.05,0.205,404.1,200,1,0,0.3109,1,1,1,1,1,1,1,4,4,-1,[ OK ]
1958.9,17-Jul-26 13:34:36,2078,167,0.1525,130.4,0.2946,0.58,1.727,0,0,0,100,15.05,0.2045,403.8,200,1,0,0.3162,1,1,1,1,1,1,1,4,4,-1,[ OK ]
1959.3,17-Jul-26 13:34:37,2079,167,0.1524,130.4,0.2959,0.58,1.727,0,0,0,100,15.05,0.2051,404.1,200,1,0,0.3162,1,1,1,1,1,1,1,4,4,-1,[ OK ]
1959.7,17-Jul-26 13:34:37,2079,167,0.1528,129.4,0.3001,0.5803,1.723,0,0,0,100,15.05,0.2051,404.1,200,1,0,0.3121,1,1,1,1,1,1,1,4,4,-1,[ OK ]
1960.2,17-Jul-26 13:34:38,2080,167,0.1524,130.4,0.2968,0.58,1.726,0,0,0,100,15.05,0.2054,404,200,1,0,0.3138,1,1,1,1,1,1,1,4,4,-1,[ OK ]
1960.6,17-Jul-26 13:34:38,2080,167,0.1528,129.3,0.2971,0.5793,1.734,0,0,0,100,15.05,0.2055,404.1,200,1,0,0.3151,1,1,1,1,1,1,1,4,4,-1,[ OK ]
1961.1,17-Jul-26 13:34:39,2081,167,0.1528,129.3,0.2962,0.5794,1.733,0,0,0,100,15.05,0.2054,404.1,200,1,0,0.3101,1,1,1,1,1,1,1,4,4,-1,[ OK ]
1961.5,17-Jul-26 13:34:39,2081,167,0.1529,129.1,0.296,0.5799,1.727,0,0,0,100,15.05,0.2059,403.8,200,1,0,0.3037,1,1,1,1,1,1,1,4,4,-1,[ OK ]
1961.9,17-Jul-26 13:34:39,2081,167,0.1524,130.4,0.2982,0.5792,1.735,0,0,0,100,15.05,0.2059,404.1,200,1,0,0.3078,1,1,1,1,1,1,1,4,4,-1,[ OK ]
1962.3,17-Jul-26 13:34:40,2082,167,0.1523,130.4,0.2972,0.5791,1.736,0,0,0,100,15.05,0.2063,403.9,200,1,0,0.3108,1,1,1,1,1,1,1,4,4,-1,[ OK ]
1962.8,17-Jul-26 13:34:40,2082,167,0.1523,130.4,0.2973,0.5793,1.735,0,0,0,100,15.05,0.2046,403.9,200,1,0,0.3078,1,1,1,1,1,1,1,4,4,-1,[ OK ]
1963.2,17-Jul-26 13:34:41,2083,167,0.1524,130.4,0.3021,0.58,1.726,0,0,0,100,15.05,0.2059,404.1,200,1,0,0.3107,1,1,1,1,1,1,1,4,4,-1,[ OK ]
1963.6,17-Jul-26 13:34:41,2083,167,0.1525,130.4,0.2968,0.5796,1.731,0,0,0,100,15.05,0.204,404.1,200,1,0,0.3166,1,1,1,1,1,1,1,4,4,-1,[ OK ]
1964.0,17-Jul-26 13:34:41,2084,167,0.1524,130.4,0.2962,0.58,1.726,0,0,0,100,15.05,0.2046,404.1,200,1,0,0.3069,1,1,1,1,1,1,1,4,4,-1,[ OK ]
1964.4,17-Jul-26 13:34:42,2084,167,0.1524,130.4,0.2945,0.58,1.725,0,0,0,100,15.05,0.2047,404.1,200,1,0,0.3219,1,1,1,1,1,1,1,4,4,-1,[ OK ]
1964.9,17-Jul-26 13:34:42,2084,167,0.1528,129.3,0.2963,0.5794,1.733,0,0,0,100,15.05,0.2048,403.9,200,1,0,0.312,1,1,1,1,1,1,1,4,4,-1,[ OK ]
1965.4,17-Jul-26 13:34:43,2085,167,0.1524,130.4,0.297,0.5792,1.734,0,0,0,100,15.05,0.2044,404.1,200,1,0,0.3059,1,1,1,1,1,1,1,4,4,-1,[ OK ]
1965.9,17-Jul-26 13:34:43,2085,167,0.1523,130.4,0.2974,0.5799,1.726,0,0,0,100,15.05,0.2053,404,200,1,0,0.2986,1,1,1,1,1,1,1,4,4,-1,[ OK ]
1966.3,17-Jul-26 13:34:44,2086,167,0.1523,130.4,0.2965,0.5794,1.734,0,0,0,100,15.05,0.2049,404.1,200,1,0,0.307,1,1,1,1,1,1,1,4,4,-1,[ OK ]
1966.7,17-Jul-26 13:34:44,2086,167,0.1524,130.4,0.2955,0.58,1.726,0,0,0,100,15.05,0.2051,403.8,200,1,0,0.3,1,1,1,1,1,1,1,4,4,-1,[ OK ]
1967.2,17-Jul-26 13:34:45,2087,167,0.1528,129.4,0.2902,0.5802,1.723,0,0,0,100,15.05,0.2047,403.9,200,1,0,0.3095,1,1,1,1,1,1,1,4,4,-1,[ OK ]
1967.6,17-Jul-26 13:34:45,2087,167,0.1524,130.4,0.2962,0.5798,1.728,0,0,0,100,15.05,0.2042,403.8,200,1,0,0.3091,1,1,1,1,1,1,1,4,4,-1,[ OK ]
1968.0,17-Jul-26 13:34:45,2088,167,0.1524,130.4,0.2993,0.5794,1.733,0,0,0,100,15.05,0.2047,404.1,200,1,0,0.3085,1,1,1,1,1,1,1,4,4,-1,[ OK ]
1968.4,17-Jul-26 13:34:46,2088,167,0.1528,129.4,0.2936,0.5793,1.734,0,0,0,100,15.05,0.2041,403.8,200,1,0,0.3116,1,1,1,1,1,1,1,4,4,-1,[ OK ]
1968.8,17-Jul-26 13:34:46,2088,167,0.1524,130.4,0.2963,0.5801,1.725,0,0,0,100,15.05,0.2052,404.1,200,1,0,0.3036,1,1,1,1,1,1,1,4,4,-1,[ OK ]
1969.3,17-Jul-26 13:34:47,2089,167,0.1528,129.3,0.2983,0.58,1.725,0,0,0,100,15.05,0.2053,404.2,200,1,0,0.3082,1,1,1,1,1,1,1,4,4,-1,[ OK ]
1969.7,17-Jul-26 13:34:47,2089,167,0.1524,130.4,0.295,0.5801,1.725,0,0,0,100,15.05,0.205,404.1,200,1,0,0.3105,1,1,1,1,1,1,1,4,4,-1,[ OK ]
1970.1,17-Jul-26 13:34:48,2090,167,0.1524,130.4,0.2953,0.5794,1.734,0,0,0,100,15.05,0.2043,403.8,200,1,0,0.3091,1,1,1,1,1,1,1,4,4,-1,[ OK ]
1970.5,17-Jul-26 13:34:48,2090,167,0.1528,129.3,0.2966,0.58,1.726,0,0,0,100,15.05,0.2045,404.1,200,1,0,0.3147,1,1,1,1,1,1,1,4,4,-1,[ OK ]
1971.0,17-Jul-26 13:34:48,2090,167,0.1523,130.4,0.2954,0.5796,1.732,0,0,0,100,15.05,0.2058,404.1,200,1,0,0.2939,1,1,1,1,1,1,1,4,4,-1,[ OK ]
1971.4,17-Jul-26 13:34:49,2091,167,0.1528,129.1,0.2983,0.5802,1.724,0,0,0,100,15.05,0.2055,404.1,200,1,0,0.2919,1,1,1,1,1,1,1,4,4,-1,[ OK ]
1971.8,17-Jul-26 13:34:49,2091,167,0.1526,129.6,0.2951,0.5799,1.727,0,0,0,100,15.05,0.2047,404.1,200,1,0,0.3024,1,1,1,1,1,1,1,4,4,-1,[ OK ]
1972.2,17-Jul-26 13:34:50,2092,167,0.1523,130.5,0.2957,0.5798,1.728,0,0,0,100,15.05,0.204,403.7,200,1,0,0.3236,1,1,1,1,1,1,1,4,4,-1,[ OK ]
1972.6,17-Jul-26 13:34:50,2092,167,0.1528,129.1,0.2919,0.5799,1.727,0,0,0,100,15.05,0.2043,404.2,200,1,0,0.3087,1,1,1,1,1,1,1,4,4,-1,[ OK ]
1973.1,17-Jul-26 13:34:50,2093,167,0.1523,130.4,0.2957,0.5799,1.727,0,0,0,100,15.05,0.2051,404.2,200,1,0,0.3043,1,1,1,1,1,1,1,4,4,-1,[ OK ]
1973.5,17-Jul-26 13:34:51,2093,167,0.1527,129.2,0.2988,0.5801,1.725,0,0,0,100,15.05,0.2038,404,200,1,0,0.3127,1,1,1,1,1,1,1,4,4,-1,[ OK ]
1973.9,17-Jul-26 13:34:51,2093,167,0.1523,130.4,0.2948,0.5797,1.73,0,0,0,100,15.05,0.2051,403.8,200,1,0,0.3072,1,1,1,1,1,1,1,4,4,-1,[ OK ]
1974.3,17-Jul-26 13:34:52,2094,167,0.1523,130.4,0.2986,0.5796,1.731,0,0,0,100,15.05,0.2042,403.9,200,1,0,0.3107,1,1,1,1,1,1,1,4,4,-1,[ OK ]
1974.7,17-Jul-26 13:34:52,2094,167,0.1524,130.4,0.2965,0.5793,1.736,0,0,0,100,15.05,0.204,404.1,200,1,0,0.3,1,1,1,1,1,1,1,4,4,-1,[ OK ]
1975.2,17-Jul-26 13:34:53,2095,167,0.1524,130.4,0.2949,0.5795,1.733,0,0,0,100,15.05,0.2046,403.9,200,1,0,0.3141,1,1,1,1,1,1,1,4,4,-1,[ OK ]
1975.6,17-Jul-26 13:34:53,2095,167,0.1528,129.4,0.2977,0.58,1.727,0,0,0,100,15.05,0.205,403.8,200,1,0,0.3093,1,1,1,1,1,1,1,4,4,-1,[ OK ]
1976.0,17-Jul-26 13:34:53,2095,167,0.1524,130.4,0.2959,0.5801,1.725,0,0,0,100,15.05,0.2053,404.3,200,1,0,0.2994,1,1,1,1,1,1,1,4,4,-1,[ OK ]
1976.4,17-Jul-26 13:34:54,2096,167,0.1529,129.1,0.295,0.5801,1.725,0,0,0,100,15.05,0.2063,404,200,1,0,0.306,1,1,1,1,1,1,1,4,4,-1,[ OK ]
1976.8,17-Jul-26 13:34:54,2096,167,0.1524,130.4,0.297,0.5796,1.731,0,0,0,100,15.05,0.2051,404.2,200,1,0,0.3074,1,1,1,1,1,1,1,4,4,-1,[ OK ]
1977.3,17-Jul-26 13:34:55,2097,167,0.1524,130.4,0.2949,0.5795,1.733,0,0,0,100,15.05,0.2044,404.1,200,1,0,0.3087,1,1,1,1,1,1,1,4,4,-1,[ OK ]
1977.7,17-Jul-26 13:34:55,2097,167,0.1524,130.4,0.2921,0.5799,1.727,0,0,0,100,15.05,0.2042,404.1,200,1,0,0.3108,1,1,1,1,1,1,1,4,4,-1,[ OK ]
1978.1,17-Jul-26 13:34:56,2098,167,0.1523,130.4,0.2951,0.5799,1.727,0,0,0,100,15.05,0.2047,403.8,200,1,0,0.3032,1,1,1,1,1,1,1,4,4,-1,[ OK ]
1978.5,17-Jul-26 13:34:56,2098,167,0.1528,129.3,0.2957,0.5799,1.727,0,0,0,100,15.05,0.205,403.8,200,1,0,0.3071,1,1,1,1,1,1,1,4,4,-1,[ OK ]
1978.9,17-Jul-26 13:34:56,2098,167,0.1524,130.4,0.2974,0.5794,1.733,0,0,0,100,15.05,0.2049,404.2,200,1,0,0.3058,1,1,1,1,1,1,1,4,4,-1,[ OK ]
1979.3,17-Jul-26 13:34:57,2099,167,0.1524,130.4,0.2991,0.5794,1.733,0,0,0,100,15.05,0.205,403.9,200,1,0,0.3086,1,1,1,1,1,1,1,4,4,-1,[ OK ]
1979.8,17-Jul-26 13:34:57,2099,167,0.1524,130.4,0.2921,0.5801,1.725,0,0,0,100,15.05,0.2051,404.2,200,1,0,0.3084,1,1,1,1,1,1,1,4,4,-1,[ OK ]
1980.2,17-Jul-26 13:34:58,2100,167,0.1524,130.4,0.2983,0.5794,1.734,0,0,0,100,15.05,0.2051,404.1,200,1,0,0.3017,1,1,1,1,1,1,1,4,4,-1,[ OK ]
1980.6,17-Jul-26 13:34:58,2100,167,0.1525,130.4,0.2985,0.58,1.728,0,0,0,100,15.05,0.2046,403.9,200,1,0,0.3158,1,1,1,1,1,1,1,4,4,-1,[ OK ]
1981.0,17-Jul-26 13:34:58,2101,167,0.1531,128.9,0.2966,0.5803,1.725,0,0,0,100,15.05,0.2051,404.1,200,1,0,0.3155,1,1,1,1,1,1,1,4,4,-1,[ OK ]
1981.5,17-Jul-26 13:34:59,2101,167,0.1524,130.4,0.2973,0.5802,1.726,0,0,0,100,15.05,0.2047,404.1,200,1,0,0.3139,1,1,1,1,1,1,1,4,4,-1,[ OK ]
1981.9,17-Jul-26 13:34:59,2101,167,0.1529,129.3,0.2958,0.5795,1.735,0,0,0,100,15.05,0.2051,404.2,200,1,0,0.3152,1,1,1,1,1,1,1,4,4,-1,[ OK ]
1982.3,17-Jul-26 13:35:00,2102,167,0.1525,130.4,0.2932,0.5797,1.732,0,0,0,100,15.05,0.2046,403.8,200,1,0,0.3124,1,1,1,1,1,1,1,4,4,-1,[ OK ]
1982.7,17-Jul-26 13:35:00,2102,167,0.1524,130.4,0.2969,0.5798,1.731,0,0,0,100,15.05,0.2043,403.9,200,1,0,0.3073,1,1,1,1,1,1,1,4,4,-1,[ OK ]
1983.1,17-Jul-26 13:35:01,2103,167,0.1524,130.4,0.2945,0.5803,1.725,0,0,0,100,15.05,0.2046,404.1,200,1,0,0.3131,1,1,1,1,1,1,1,4,4,-1,[ OK ]
1983.6,17-Jul-26 13:35:01,2103,167,0.1524,130.4,0.2935,0.5802,1.726,0,0,0,100,15.05,0.2055,404.1,200,1,0,0.3129,1,1,1,1,1,1,1,4,4,-1,[ OK ]
1984.0,17-Jul-26 13:35:01,2103,167,0.1524,130.4,0.2966,0.5796,1.733,0,0,0,100,15.05,0.206,403.9,200,1,0,0.3045,1,1,1,1,1,1,1,4,4,-1,[ OK ]
1984.4,17-Jul-26 13:35:02,2104,167,0.1528,129.2,0.2972,0.5797,1.731,0,0,0,100,15.05,0.2048,403.8,200,1,0,0.3078,1,1,1,1,1,1,1,4,4,-1,[ OK ]
1984.8,17-Jul-26 13:35:02,2104,167,0.153,128.9,0.2963,0.5799,1.729,0,0,0,100,15.05,0.2048,404.2,200,1,0,0.3097,1,1,1,1,1,1,1,4,4,-1,[ OK ]
1985.2,17-Jul-26 13:35:03,2105,167,0.1524,130.4,0.2987,0.5795,1.733,0,0,0,100,15.05,0.2047,403.8,200,1,0,0.3137,1,1,1,1,1,1,1,4,4,-1,[ OK ]
1985.7,17-Jul-26 13:35:03,2105,167,0.1524,130.4,0.2957,0.5793,1.735,0,0,0,100,15.05,0.204,403.9,200,1,0,0.3102,1,1,1,1,1,1,1,4,4,-1,[ OK ]
1986.1,17-Jul-26 13:35:04,2106,167,0.1524,130.4,0.2973,0.58,1.728,0,0,0,100,15.05,0.204,403.8,200,1,0,0.3181,1,1,1,1,1,1,1,4,4,-1,[ OK ]
1986.5,17-Jul-26 13:35:04,2106,167,0.1528,129.5,0.2949,0.5795,1.734,0,0,0,100,15.05,0.2056,404.1,200,1,0,0.3066,1,1,1,1,1,1,1,4,4,-1,[ OK ]
1986.9,17-Jul-26 13:35:04,2106,167,0.1524,130.4,0.2964,0.5801,1.726,0,0,0,100,15.05,0.2051,404.1,200,1,0,0.3188,1,1,1,1,1,1,1,4,4,-1,[ OK ]
1987.4,17-Jul-26 13:35:05,2107,167,0.1524,130.4,0.2966,0.58,1.726,0,0,0,100,15.05,0.205,404.1,200,1,0,0.3078,1,1,1,1,1,1,1,4,4,-1,[ OK ]
1987.8,17-Jul-26 13:35:05,2107,167,0.1529,129,0.2961,0.5803,1.724,0,0,0,100,15.05,0.2054,403.8,200,1,0,0.3108,1,1,1,1,1,1,1,4,4,-1,[ OK ]
1988.2,17-Jul-26 13:35:06,2108,167,0.1524,130.4,0.2957,0.58,1.727,0,0,0,100,15.05,0.2052,403.9,200,1,0,0.3085,1,1,1,1,1,1,1,4,4,-1,[ OK ]
1988.6,17-Jul-26 13:35:06,2108,167,0.1525,130.4,0.2963,0.5792,1.737,0,0,0,100,15.05,0.2046,404.2,200,1,0,0.3073,1,1,1,1,1,1,1,4,4,-1,[ OK ]
1989.0,17-Jul-26 13:35:06,2109,167,0.1524,130.4,0.2982,0.5794,1.735,0,0,0,100,15.05,0.2052,404.1,200,1,0,0.3034,1,1,1,1,1,1,1,4,4,-1,[ OK ]
1989.4,17-Jul-26 13:35:07,2109,167,0.1525,130.4,0.2996,0.5797,1.732,0,0,0,100,15.05,0.2053,403.9,200,1,0,0.3074,1,1,1,1,1,1,1,4,4,-1,[ OK ]
1989.9,17-Jul-26 13:35:07,2109,167,0.1525,130.4,0.2964,0.5798,1.73,0,0,0,100,15.05,0.2051,404.1,200,1,0,0.314,1,1,1,1,1,1,1,4,4,-1,[ OK ]
1990.3,17-Jul-26 13:35:08,2110,167,0.1525,130.4,0.2981,0.5794,1.734,0,0,0,100,15.05,0.2053,404,200,1,0,0.3143,1,1,1,1,1,1,1,4,4,-1,[ OK ]
1990.7,17-Jul-26 13:35:08,2110,167,0.1531,128.9,0.2967,0.58,1.727,0,0,0,100,15.05,0.2048,403.9,200,1,0,0.3101,1,1,1,1,1,1,1,4,4,-1,[ OK ]
1991.1,17-Jul-26 13:35:09,2111,167,0.1525,130.4,0.2978,0.5795,1.733,0,0,0,100,15.05,0.2056,404,200,1,0,0.3076,1,1,1,1,1,1,1,4,4,-1,[ OK ]
1991.6,17-Jul-26 13:35:09,2111,167,0.1526,130.4,0.2997,0.58,1.727,0,0,0,100,15.05,0.2051,404.1,200,1,0,0.3026,1,1,1,1,1,1,1,4,4,-1,[ OK ]
1992.1,17-Jul-26 13:35:09,2112,167,0.1525,130.4,0.299,0.5801,1.725,0,0,0,100,15.05,0.2049,403.8,200,1,0,0.3107,1,1,1,1,1,1,1,4,4,-1,[ OK ]
1992.5,17-Jul-26 13:35:10,2112,167,0.1525,130.4,0.3005,0.5794,1.734,0,0,0,100,15.05,0.2056,404.1,200,1,0,0.2974,1,1,1,1,1,1,1,4,4,-1,[ OK ]
1992.9,17-Jul-26 13:35:10,2112,167,0.1528,129.3,0.2955,0.5799,1.728,0,0,0,100,15.05,0.2059,404.1,200,1,0,0.2998,1,1,1,1,1,1,1,4,4,-1,[ OK ]
1993.3,17-Jul-26 13:35:11,2113,167,0.1529,129.3,0.2952,0.5795,1.734,0,0,0,100,15.05,0.2051,404,200,1,0,0.3146,1,1,1,1,1,1,1,4,4,-1,[ OK ]
1993.7,17-Jul-26 13:35:11,2113,167,0.1534,128,0.2958,0.5797,1.731,0,0,0,100,15.05,0.2053,403.8,200,1,0,0.313,1,1,1,1,1,1,1,4,4,-1,[ OK ]
1994.3,17-Jul-26 13:35:12,2114,167,0.1529,129.3,0.2971,0.5794,1.735,0,0,0,100,15.05,0.2048,404,200,1,0,0.3106,1,1,1,1,1,1,1,4,4,-1,[ OK ]
1994.7,17-Jul-26 13:35:12,2114,167,0.1524,130.4,0.2998,0.5794,1.735,0,0,0,100,15.05,0.2048,404.3,200,1,0,0.3108,1,1,1,1,1,1,1,4,4,-1,[ OK ]
1995.1,17-Jul-26 13:35:13,2115,167,0.1524,130.4,0.2988,0.5796,1.732,0,0,0,100,15.05,0.2049,404.2,200,1,0,0.3049,1,1,1,1,1,1,1,4,4,-1,[ OK ]
1995.5,17-Jul-26 13:35:13,2115,167,0.1529,129,0.2989,0.5803,1.724,0,0,0,100,15.05,0.2054,404.2,200,1,0,0.3087,1,1,1,1,1,1,1,4,4,-1,[ OK ]
1995.9,17-Jul-26 13:35:13,2115,167,0.1524,130.4,0.2942,0.58,1.727,0,0,0,100,15.05,0.205,403.8,200,1,0,0.308,1,1,1,1,1,1,1,4,4,-1,[ OK ]
1996.4,17-Jul-26 13:35:14,2116,167,0.1527,129.5,0.2955,0.5801,1.726,0,0,0,100,15.05,0.2059,403.8,200,1,0,0.3043,1,1,1,1,1,1,1,4,4,-1,[ OK ]
1996.8,17-Jul-26 13:35:14,2116,167,0.1528,129.4,0.2973,0.5795,1.733,0,0,0,100,15.05,0.2045,404,200,1,0,0.3081,1,1,1,1,1,1,1,4,4,-1,[ OK ]
1997.2,17-Jul-26 13:35:15,2117,167,0.1524,130.4,0.2969,0.58,1.727,0,0,0,100,15.05,0.2039,404.1,200,1,0,0.3101,1,1,1,1,1,1,1,4,4,-1,[ OK ]
1997.6,17-Jul-26 13:35:15,2117,167,0.1524,130.4,0.2957,0.5795,1.734,0,0,0,100,15.05,0.2048,403.9,200,1,0,0.3057,1,1,1,1,1,1,1,4,4,-1,[ OK ]
1998.1,17-Jul-26 13:35:15,2118,167,0.1529,128.8,0.2968,0.5795,1.734,0,0,0,100,15.05,0.2054,403.7,200,1,0,0.3083,1,1,1,1,1,1,1,4,4,-1,[ OK ]
1998.5,17-Jul-26 13:35:16,2118,167,0.1527,129.3,0.2965,0.5795,1.735,0,0,0,100,15.05,0.2053,403.8,200,1,0,0.31,1,1,1,1,1,1,1,4,4,-1,[ OK ]
1998.9,17-Jul-26 13:35:16,2118,167,0.1527,129.3,0.295,0.5803,1.725,0,0,0,100,15.05,0.205,403.8,200,1,0,0.3083,1,1,1,1,1,1,1,4,4,-1,[ OK ]
1999.3,17-Jul-26 13:35:17,2119,167,0.1529,128.9,0.2951,0.5795,1.734,0,0,0,100,15.05,0.2058,404.2,200,1,0,0.3126,1,1,1,1,1,1,1,4,4,-1,[ OK ]
1999.7,17-Jul-26 13:35:17,2119,167,0.1524,130.4,0.2988,0.5801,1.726,0,0,0,100,15.05,0.2049,403.8,200,1,0,0.3098,1,1,1,1,1,1,1,4,4,-1,[ OK ]
2000.2,17-Jul-26 13:35:18,2120,167,0.1525,130.4,0.3028,0.5802,1.725,0,0,0,100,15.05,0.2047,404.1,200,1,0,0.3006,1,1,1,1,1,1,1,4,4,-1,[ OK ]
2000.6,17-Jul-26 13:35:18,2120,167,0.1525,130.4,0.2958,0.5802,1.725,0,0,0,100,15.05,0.2051,403.9,200,1,0,0.3026,1,1,1,1,1,1,1,4,4,-1,[ OK ]
2001.0,17-Jul-26 13:35:18,2120,167,0.1525,130.4,0.2988,0.5799,1.729,0,0,0,100,15.05,0.2058,404.1,200,1,0,0.3045,1,1,1,1,1,1,1,4,4,-1,[ OK ]
2001.4,17-Jul-26 13:35:19,2121,167,0.1525,130.4,0.3009,0.5801,1.727,0,0,0,100,15.05,0.2061,404.1,200,1,0,0.2995,1,1,1,1,1,1,1,4,4,-1,[ OK ]
2001.8,17-Jul-26 13:35:19,2121,167,0.1525,130.4,0.2962,0.5794,1.735,0,0,0,100,15.05,0.2063,404.2,200,1,0,0.3015,1,1,1,1,1,1,1,4,4,-1,[ OK ]
2002.3,17-Jul-26 13:35:20,2122,167,0.1525,130.4,0.2956,0.5799,1.729,0,0,0,100,15.05,0.2055,403.8,200,1,0,0.3119,1,1,1,1,1,1,1,4,4,-1,[ OK ]
2002.7,17-Jul-26 13:35:20,2122,167,0.1525,130.4,0.2952,0.5795,1.734,0,0,0,100,15.05,0.2054,403.8,200,1,0,0.2956,1,1,1,1,1,1,1,4,4,-1,[ OK ]
2003.1,17-Jul-26 13:35:21,2123,167,0.1529,129.1,0.295,0.5797,1.733,0,0,0,100,15.05,0.2056,404,200,1,0,0.3168,1,1,1,1,1,1,1,4,4,-1,[ OK ]
2003.5,17-Jul-26 13:35:21,2123,167,0.1525,130.4,0.2965,0.5796,1.734,0,0,0,100,15.05,0.2051,403.8,200,1,0,0.3165,1,1,1,1,1,1,1,4,4,-1,[ OK ]
2003.9,17-Jul-26 13:35:21,2123,167,0.1525,130.4,0.2975,0.5803,1.725,0,0,0,100,15.05,0.2053,404,200,1,0,0.3085,1,1,1,1,1,1,1,4,4,-1,[ OK ]
2004.4,17-Jul-26 13:35:22,2124,167,0.1524,130.4,0.2965,0.5796,1.732,0,0,0,100,15.05,0.2049,404.2,200,1,0,0.3096,1,1,1,1,1,1,1,4,4,-1,[ OK ]
2004.8,17-Jul-26 13:35:22,2124,167,0.1533,128,0.2965,0.5794,1.736,0,0,0,100,15.05,0.2054,403.9,200,1,0,0.3137,1,1,1,1,1,1,1,4,4,-1,[ OK ]
2005.3,17-Jul-26 13:35:23,2125,167,0.1524,130.4,0.2997,0.5796,1.734,0,0,0,100,15.05,0.2053,404.1,200,1,0,0.2974,1,1,1,1,1,1,1,4,4,-1,[ OK ]
2005.8,17-Jul-26 13:35:23,2125,167,0.1524,130.4,0.2948,0.5796,1.733,0,0,0,100,15.05,0.2057,403.9,200,1,0,0.3119,1,1,1,1,1,1,1,4,4,-1,[ OK ]
2006.2,17-Jul-26 13:35:24,2126,167,0.1524,130.4,0.2958,0.5796,1.733,0,0,0,100,15.05,0.2052,403.9,200,1,0,0.3097,1,1,1,1,1,1,1,4,4,-1,[ OK ]
2006.7,17-Jul-26 13:35:24,2126,167,0.1524,130.4,0.2996,0.58,1.728,0,0,0,100,15.05,0.2054,403.8,200,1,0,0.3111,1,1,1,1,1,1,1,4,4,-1,[ OK ]
2007.1,17-Jul-26 13:35:25,2127,167,0.1525,130.4,0.2984,0.5801,1.727,0,0,0,100,15.05,0.2055,404,200,1,0,0.3135,1,1,1,1,1,1,1,4,4,-1,[ OK ]
2007.5,17-Jul-26 13:35:25,2127,167,0.1525,130.4,0.2973,0.5796,1.733,0,0,0,100,15.05,0.2048,403.9,200,1,0,0.3055,1,1,1,1,1,1,1,4,4,-1,[ OK ]
2007.9,17-Jul-26 13:35:25,2127,167,0.1525,130.4,0.2965,0.5796,1.733,0,0,0,100,15.05,0.205,404.1,200,1,0,0.3242,1,1,1,1,1,1,1,4,4,-1,[ OK ]
2008.3,17-Jul-26 13:35:26,2128,167,0.1525,130.4,0.2957,0.58,1.728,0,0,0,100,15.05,0.2042,403.9,200,1,0,0.3011,1,1,1,1,1,1,1,4,4,-1,[ OK ]
2008.8,17-Jul-26 13:35:26,2128,167,0.1525,130.4,0.2982,0.5796,1.732,0,0,0,100,15.05,0.2054,404,200,1,0,0.3053,1,1,1,1,1,1,1,4,4,-1,[ OK ]
2009.2,17-Jul-26 13:35:27,2129,167,0.1529,129.4,0.2999,0.5797,1.731,0,0,0,100,15.05,0.2054,404.2,200,1,0,0.3063,1,1,1,1,1,1,1,4,4,-1,[ OK ]
2009.6,17-Jul-26 13:35:27,2129,167,0.1525,130.4,0.299,0.5795,1.734,0,0,0,100,15.05,0.2045,403.9,200,1,0,0.3077,1,1,1,1,1,1,1,4,4,-1,[ OK ]
2010.0,17-Jul-26 13:35:27,2130,167,0.1525,130.4,0.2994,0.5802,1.726,0,0,0,100,15.05,0.2052,404.1,200,1,0,0.2929,1,1,1,1,1,1,1,4,4,-1,[ OK ]
2010.4,17-Jul-26 13:35:28,2130,167,0.1525,130.4,0.2987,0.5803,1.724,0,0,0,100,15.05,0.205,404.1,200,1,0,0.3104,1,1,1,1,1,1,1,4,4,-1,[ OK ]
2010.9,17-Jul-26 13:35:28,2130,167,0.1526,130.4,0.2953,0.5797,1.732,0,0,0,100,15.05,0.2047,403.8,200,1,0,0.3231,1,1,1,1,1,1,1,4,4,-1,[ OK ]
2011.3,17-Jul-26 13:35:29,2131,167,0.1525,130.4,0.303,0.5797,1.732,0,0,0,100,15.05,0.2062,403.8,200,1,0,0.3122,1,1,1,1,1,1,1,4,4,-1,[ OK ]
2011.7,17-Jul-26 13:35:29,2131,167,0.1525,130.4,0.2954,0.5795,1.734,0,0,0,100,15.05,0.2058,403.8,200,1,0,0.2964,1,1,1,1,1,1,1,4,4,-1,[ OK ]
2012.1,17-Jul-26 13:35:30,2132,167,0.1525,130.4,0.2976,0.5795,1.734,0,0,0,100,15.05,0.2049,404.1,200,1,0,0.2986,1,1,1,1,1,1,1,4,4,-1,[ OK ]
2012.5,17-Jul-26 13:35:30,2132,167,0.1525,130.4,0.2942,0.5803,1.724,0,0,0,100,15.05,0.2051,403.8,200,1,0,0.3008,1,1,1,1,1,1,1,4,4,-1,[ OK ]
2013.0,17-Jul-26 13:35:30,2132,167,0.1525,130.4,0.2979,0.5801,1.727,0,0,0,100,15.05,0.2057,404.1,200,1,0,0.31,1,1,1,1,1,1,1,4,4,-1,[ OK ]
2013.4,17-Jul-26 13:35:31,2133,167,0.1525,130.4,0.2973,0.5796,1.733,0,0,0,100,15.05,0.2049,404,200,1,0,0.32,1,1,1,1,1,1,1,4,4,-1,[ OK ]
2013.8,17-Jul-26 13:35:31,2133,167,0.1525,130.4,0.3019,0.5802,1.725,0,0,0,100,15.05,0.2051,404,200,1,0,0.3166,1,1,1,1,1,1,1,4,4,-1,[ OK ]
2014.2,17-Jul-26 13:35:32,2134,167,0.1526,130.4,0.2979,0.5796,1.732,0,0,0,100,15.05,0.2053,403.8,200,1,0,0.3086,1,1,1,1,1,1,1,4,4,-1,[ OK ]
2014.6,17-Jul-26 13:35:32,2134,167,0.153,129.2,0.297,0.5794,1.735,0,0,0,100,15.05,0.2043,403.9,200,1,0,0.3151,1,1,1,1,1,1,1,4,4,-1,[ OK ]
2015.1,17-Jul-26 13:35:32,2135,167,0.1525,130.4,0.3,0.58,1.727,0,0,0,100,15.05,0.2047,404,200,1,0,0.3024,1,1,1,1,1,1,1,4,4,-1,[ OK ]
2015.5,17-Jul-26 13:35:33,2135,167,0.1525,130.4,0.2959,0.5794,1.734,0,0,0,100,15.05,0.2054,404.2,200,1,0,0.2925,1,1,1,1,1,1,1,4,4,-1,[ OK ]
2015.9,17-Jul-26 13:35:33,2135,167,0.153,128.9,0.2999,0.5799,1.728,0,0,0,100,15.05,0.2047,404.2,200,1,0,0.3142,1,1,1,1,1,1,1,4,4,-1,[ OK ]
2016.3,17-Jul-26 13:35:34,2136,167,0.1524,130.4,0.2997,0.5796,1.732,0,0,0,100,15.05,0.2051,404.1,200,1,0,0.3063,1,1,1,1,1,1,1,4,4,-1,[ OK ]
2016.7,17-Jul-26 13:35:34,2136,167,0.1524,130.4,0.2973,0.5793,1.734,0,0,0,100,15.05,0.2046,404.1,200,1,0,0.3044,1,1,1,1,1,1,1,4,4,-1,[ OK ]
2017.2,17-Jul-26 13:35:35,2137,167,0.1524,130.4,0.2966,0.5796,1.731,0,0,0,100,15.05,0.2041,404.1,200,1,0,0.3108,1,1,1,1,1,1,1,4,4,-1,[ OK ]
2017.7,17-Jul-26 13:35:35,2137,167,0.1528,129.4,0.2994,0.5799,1.728,0,0,0,100,15.05,0.2051,403.8,200,1,0,0.3242,1,1,1,1,1,1,1,4,4,-1,[ OK ]
2018.1,17-Jul-26 13:35:36,2138,167,0.1531,128.7,0.2955,0.5799,1.727,0,0,0,100,15.05,0.2061,403.9,200,1,0,0.3062,1,1,1,1,1,1,1,4,4,-1,[ OK ]
2018.5,17-Jul-26 13:35:36,2138,167,0.1524,130.4,0.2965,0.5796,1.731,0,0,0,100,15.05,0.2062,404.2,200,1,0,0.3104,1,1,1,1,1,1,1,4,4,-1,[ OK ]
2018.9,17-Jul-26 13:35:36,2138,167,0.1524,130.4,0.2953,0.5796,1.731,0,0,0,100,15.05,0.2062,403.8,200,1,0,0.3077,1,1,1,1,1,1,1,4,4,-1,[ OK ]
2019.4,17-Jul-26 13:35:37,2139,167,0.1528,129.4,0.298,0.5796,1.732,0,0,0,100,15.05,0.2043,404,200,1,0,0.3129,1,1,1,1,1,1,1,4,4,-1,[ OK ]
2019.8,17-Jul-26 13:35:37,2139,167,0.1524,130.4,0.2976,0.5794,1.734,0,0,0,100,15.05,0.204,403.8,200,1,0,0.3116,1,1,1,1,1,1,1,4,4,-1,[ OK ]
2020.2,17-Jul-26 13:35:38,2140,167,0.153,129,0.3011,0.5795,1.733,0,0,0,100,15.05,0.2059,403.8,200,1,0,0.311,1,1,1,1,1,1,1,4,4,-1,[ OK ]
2020.6,17-Jul-26 13:35:38,2140,167,0.1524,130.4,0.2953,0.5794,1.735,0,0,0,100,15.05,0.2045,404.1,200,1,0,0.3101,1,1,1,1,1,1,1,4,4,-1,[ OK ]
2021.0,17-Jul-26 13:35:38,2141,167,0.1524,130.4,0.2942,0.5801,1.727,0,0,0,100,15.05,0.2056,403.8,200,1,0,0.3055,1,1,1,1,1,1,1,4,4,-1,[ OK ]
2021.4,17-Jul-26 13:35:39,2141,167,0.1528,129.3,0.2948,0.5802,1.726,0,0,0,100,15.05,0.2045,403.8,200,1,0,0.3124,1,1,1,1,1,1,1,4,4,-1,[ OK ]
2021.8,17-Jul-26 13:35:39,2141,167,0.1525,130.4,0.2939,0.5802,1.726,0,0,0,100,15.05,0.2039,404.2,200,1,0,0.3159,1,1,1,1,1,1,1,4,4,-1,[ OK ]
2022.2,17-Jul-26 13:35:40,2142,167,0.1528,129.3,0.2952,0.5796,1.733,0,0,0,100,15.05,0.2051,403.8,200,1,0,0.3107,1,1,1,1,1,1,1,4,4,-1,[ OK ]
2022.6,17-Jul-26 13:35:40,2142,167,0.1528,129.3,0.2994,0.5799,1.73,0,0,0,100,15.05,0.2042,404,200,1,0,0.3017,1,1,1,1,1,1,1,4,4,-1,[ OK ]
2023.0,17-Jul-26 13:35:40,2143,167,0.1524,130.4,0.3009,0.5803,1.725,0,0,0,100,15.05,0.2046,403.8,200,1,0,0.311,1,1,1,1,1,1,1,4,4,-1,[ OK ]
2023.5,17-Jul-26 13:35:41,2143,167,0.1524,130.4,0.295,0.5794,1.735,0,0,0,100,15.05,0.2046,404.2,200,1,0,0.3055,1,1,1,1,1,1,1,4,4,-1,[ OK ]
2024.0,17-Jul-26 13:35:41,2143,167,0.1524,130.4,0.3028,0.5797,1.731,0,0,0,100,15.05,0.2055,403.9,200,1,0,0.3037,1,1,1,1,1,1,1,4,4,-1,[ OK ]
2024.4,17-Jul-26 13:35:42,2144,167,0.1524,130.4,0.2958,0.5797,1.733,0,0,0,100,15.05,0.204,404.2,200,1,0,0.3143,1,1,1,1,1,1,1,4,4,-1,[ OK ]
2024.8,17-Jul-26 13:35:42,2144,167,0.1529,129.2,0.2997,0.5801,1.727,0,0,0,100,15.05,0.2049,404.1,200,1,0,0.3107,1,1,1,1,1,1,1,4,4,-1,[ OK ]
2025.2,17-Jul-26 13:35:43,2145,167,0.1529,129.1,0.2953,0.5794,1.735,0,0,0,100,15.05,0.2054,403.8,200,1,0,0.3111,1,1,1,1,1,1,1,4,4,-1,[ OK ]
2025.7,17-Jul-26 13:35:43,2145,167,0.1524,130.4,0.2984,0.5796,1.732,0,0,0,100,15.05,0.2051,404.2,200,1,0,0.3009,1,1,1,1,1,1,1,4,4,-1,[ OK ]
2026.1,17-Jul-26 13:35:44,2146,167,0.1524,130.4,0.2997,0.5798,1.731,0,0,0,100,15.05,0.2055,403.9,200,1,0,0.3067,1,1,1,1,1,1,1,4,4,-1,[ OK ]
2026.5,17-Jul-26 13:35:44,2146,167,0.1524,130.4,0.2991,0.5797,1.731,0,0,0,100,15.05,0.2054,404.1,200,1,0,0.3101,1,1,1,1,1,1,1,4,4,-1,[ OK ]
2026.9,17-Jul-26 13:35:44,2146,167,0.1524,130.4,0.2982,0.5801,1.728,0,0,0,100,15.05,0.2053,404.1,200,1,0,0.3109,1,1,1,1,1,1,1,4,4,-1,[ OK ]
2027.4,17-Jul-26 13:35:45,2147,167,0.1528,129.4,0.3005,0.5794,1.735,0,0,0,100,15.05,0.2054,404.1,200,1,0,0.3077,1,1,1,1,1,1,1,4,4,-1,[ OK ]
2027.9,17-Jul-26 13:35:45,2147,167,0.1524,130.4,0.2966,0.5794,1.735,0,0,0,100,15.05,0.205,403.8,200,1,0,0.3063,1,1,1,1,1,1,1,4,4,-1,[ OK ]
2028.3,17-Jul-26 13:35:46,2148,167,0.1528,129.3,0.2991,0.58,1.728,0,0,0,100,15.05,0.2054,404.1,200,1,0,0.3119,1,1,1,1,1,1,1,4,4,-1,[ OK ]
2028.8,17-Jul-26 13:35:46,2148,167,0.1524,130.4,0.2942,0.5803,1.726,0,0,0,100,15.05,0.205,403.8,200,1,0,0.3076,1,1,1,1,1,1,1,4,4,-1,[ OK ]
2029.2,17-Jul-26 13:35:47,2149,167,0.1524,130.5,0.2965,0.5796,1.734,0,0,0,100,15.05,0.2052,403.8,200,1,0,0.3038,1,1,1,1,1,1,1,4,4,-1,[ OK ]
2029.7,17-Jul-26 13:35:47,2149,167,0.1529,129,0.2972,0.5802,1.727,0,0,0,100,15.05,0.2053,404.1,200,1,0,0.311,1,1,1,1,1,1,1,4,4,-1,[ OK ]
2030.1,17-Jul-26 13:35:48,2150,167,0.1524,130.4,0.2942,0.5802,1.727,0,0,0,100,15.05,0.2044,403.7,200,1,0,0.2996,1,1,1,1,1,1,1,4,4,-1,[ OK ]
2030.5,17-Jul-26 13:35:48,2150,167,0.153,128.9,0.3011,0.5795,1.735,0,0,0,100,15.05,0.2052,404,200,1,0,0.3135,1,1,1,1,1,1,1,4,4,-1,[ OK ]
2030.9,17-Jul-26 13:35:48,2150,167,0.1524,130.4,0.294,0.5799,1.729,0,0,0,100,15.05,0.2044,404.2,200,1,0,0.3178,1,1,1,1,1,1,1,4,4,-1,[ OK ]
2031.3,17-Jul-26 13:35:49,2151,167,0.1533,128.2,0.2966,0.5802,1.726,0,0,0,100,15.05,0.2046,404.1,200,1,0,0.3114,1,1,1,1,1,1,1,4,4,-1,[ OK ]
2031.8,17-Jul-26 13:35:49,2151,167,0.1525,130.4,0.2917,0.5795,1.733,0,0,0,100,15.05,0.205,404.2,200,1,0,0.3069,1,1,1,1,1,1,1,4,4,-1,[ OK ]
2032.2,17-Jul-26 13:35:50,2152,167,0.1528,129.4,0.295,0.5796,1.732,0,0,0,100,15.05,0.205,403.8,200,1,0,0.2996,1,1,1,1,1,1,1,4,4,-1,[ OK ]
2032.6,17-Jul-26 13:35:50,2152,167,0.1528,129.3,0.2968,0.5797,1.732,0,0,0,100,15.05,0.2055,404.1,200,1,0,0.2957,1,1,1,1,1,1,1,4,4,-1,[ OK ]
2033.0,17-Jul-26 13:35:50,2153,167,0.1524,130.4,0.2976,0.58,1.727,0,0,0,100,15.05,0.2046,404,200,1,0,0.3099,1,1,1,1,1,1,1,4,4,-1,[ OK ]
2033.4,17-Jul-26 13:35:51,2153,167,0.1525,130.4,0.2954,0.5795,1.733,0,0,0,100,15.05,0.2049,403.7,200,1,0,0.3092,1,1,1,1,1,1,1,4,4,-1,[ OK ]
2033.9,17-Jul-26 13:35:51,2153,167,0.1524,130.4,0.2925,0.5802,1.725,0,0,0,100,15.05,0.2046,403.8,200,1,0,0.3059,1,1,1,1,1,1,1,4,4,-1,[ OK ]
2034.3,17-Jul-26 13:35:52,2154,167,0.1524,130.4,0.2986,0.5801,1.725,0,0,0,100,15.05,0.2048,403.8,200,1,0,0.309,1,1,1,1,1,1,1,4,4,-1,[ OK ]
2034.7,17-Jul-26 13:35:52,2154,167,0.1524,130.4,0.2999,0.5794,1.734,0,0,0,100,15.05,0.2039,404,200,1,0,0.3122,1,1,1,1,1,1,1,4,4,-1,[ OK ]
2035.2,17-Jul-26 13:35:53,2155,167,0.1524,130.4,0.298,0.58,1.726,0,0,0,100,15.05,0.2058,404.1,200,1,0,0.3131,1,1,1,1,1,1,1,4,4,-1,[ OK ]
2035.7,17-Jul-26 13:35:53,2155,167,0.1525,130.4,0.2946,0.5798,1.728,0,0,0,100,15.05,0.2056,403.8,200,1,0,0.302,1,1,1,1,1,1,1,4,4,-1,[ OK ]
2036.2,17-Jul-26 13:35:54,2156,167,0.1529,129.2,0.2963,0.5795,1.733,0,0,0,100,15.05,0.2046,403.9,200,1,0,0.3092,1,1,1,1,1,1,1,4,4,-1,[ OK ]
2036.6,17-Jul-26 13:35:54,2156,167,0.1525,130.4,0.2949,0.5803,1.723,0,0,0,100,15.05,0.2048,403.9,200,1,0,0.3124,1,1,1,1,1,1,1,4,4,-1,[ OK ]
2037.0,17-Jul-26 13:35:54,2156,167,0.1525,130.5,0.296,0.5793,1.735,0,0,0,100,15.05,0.2054,403.8,200,1,0,0.3056,1,1,1,1,1,1,1,4,4,-1,[ OK ]
2037.4,17-Jul-26 13:35:55,2157,167,0.1526,130.4,0.2902,0.5799,1.728,0,0,0,100,15.05,0.2053,403.8,200,1,0,0.3119,1,1,1,1,1,1,1,4,4,-1,[ OK ]
2037.8,17-Jul-26 13:35:55,2157,167,0.1529,129.3,0.2993,0.5796,1.731,0,0,0,100,15.05,0.2053,404.1,200,1,0,0.3084,1,1,1,1,1,1,1,4,4,-1,[ OK ]
2038.3,17-Jul-26 13:35:56,2158,167,0.1525,130.4,0.2965,0.5797,1.73,0,0,0,100,15.05,0.2044,403.8,200,1,0,0.3038,1,1,1,1,1,1,1,4,4,-1,[ OK ]
2038.7,17-Jul-26 13:35:56,2158,167,0.1525,130.4,0.2947,0.5795,1.732,0,0,0,100,15.05,0.2048,404,200,1,0,0.3101,1,1,1,1,1,1,1,4,4,-1,[ OK ]
2039.1,17-Jul-26 13:35:57,2159,167,0.153,129.2,0.2969,0.5795,1.732,0,0,0,100,15.05,0.2047,403.8,200,1,0,0.3141,1,1,1,1,1,1,1,4,4,-1,[ OK ]
2039.5,17-Jul-26 13:35:57,2159,167,0.1529,129.3,0.2975,0.5801,1.725,0,0,0,100,15.05,0.2056,403.8,200,1,0,0.312,1,1,1,1,1,1,1,4,4,-1,[ OK ]
2039.9,17-Jul-26 13:35:57,2159,167,0.1524,130.4,0.2942,0.5801,1.725,0,0,0,100,15.05,0.2049,404.2,200,1,0,0.3098,1,1,1,1,1,1,1,4,4,-1,[ OK ]
2040.4,17-Jul-26 13:35:58,2160,167,0.1524,130.4,0.2934,0.5795,1.732,0,0,0,100,15.05,0.2051,403.8,200,1,0,0.3056,1,1,1,1,1,1,1,4,4,-1,[ OK ]
2040.8,17-Jul-26 13:35:58,2160,167,0.1524,130.4,0.2972,0.5793,1.734,0,0,0,100,15.05,0.2052,403.8,200,1,0,0.3074,1,1,1,1,1,1,1,4,4,-1,[ OK ]
2041.2,17-Jul-26 13:35:59,2161,167,0.1532,128.5,0.2983,0.58,1.726,0,0,0,100,15.05,0.2056,404.2,200,1,0,0.2988,1,1,1,1,1,1,1,4,4,-1,[ OK ]
2041.6,17-Jul-26 13:35:59,2161,167,0.1524,130.4,0.2969,0.5801,1.726,0,0,0,100,15.05,0.2057,404.1,200,1,0,0.308,1,1,1,1,1,1,1,4,4,-1,[ OK ]
2042.0,17-Jul-26 13:35:59,2162,167,0.1524,130.4,0.2994,0.5793,1.735,0,0,0,100,15.05,0.2057,404.1,200,1,0,0.3062,1,1,1,1,1,1,1,4,4,-1,[ OK ]
2042.4,17-Jul-26 13:36:00,2162,167,0.1524,130.4,0.2994,0.5802,1.725,0,0,0,100,15.05,0.2051,403.7,200,1,0,0.3088,1,1,1,1,1,1,1,4,4,-1,[ OK ]
2042.9,17-Jul-26 13:36:00,2162,167,0.1529,129.2,0.2956,0.5799,1.728,0,0,0,100,15.05,0.2052,403.7,200,1,0,0.3175,1,1,1,1,1,1,1,4,4,-1,[ OK ]
2043.3,17-Jul-26 13:36:01,2163,167,0.1525,130.4,0.2958,0.5795,1.733,0,0,0,100,15.05,0.2051,403.9,200,1,0,0.3077,1,1,1,1,1,1,1,4,4,-1,[ OK ]
2043.7,17-Jul-26 13:36:01,2163,167.1,0.1525,130.4,0.2976,0.5793,1.735,0,0,0,100,15.05,0.2051,403.9,200,1,0,0.3079,1,1,1,1,1,1,1,4,4,-1,[ OK ]
2044.1,17-Jul-26 13:36:02,2164,167.1,0.153,128.9,0.2953,0.5799,1.727,0,0,0,100,15.05,0.2053,403.8,200,1,0,0.3054,1,1,1,1,1,1,1,4,4,-1,[ OK ]
2044.6,17-Jul-26 13:36:02,2164,167.1,0.1528,129.3,0.2974,0.5798,1.729,0,0,0,100,15.05,0.2053,403.8,200,1,0,0.2977,1,1,1,1,1,1,1,4,4,-1,[ OK ]
2045.0,17-Jul-26 13:36:02,2164,167.1,0.1524,130.4,0.3023,0.5794,1.735,0,0,0,100,15.05,0.2053,403.9,200,1,0,0.3073,1,1,1,1,1,1,1,4,4,-1,[ OK ]
2045.4,17-Jul-26 13:36:03,2165,167.1,0.1528,129.3,0.2982,0.5795,1.733,0,0,0,100,15.05,0.205,403.8,200,1,0,0.312,1,1,1,1,1,1,1,4,4,-1,[ OK ]
2045.8,17-Jul-26 13:36:03,2165,167.1,0.1524,130.4,0.2993,0.5801,1.727,0,0,0,100,15.05,0.2049,404.2,200,1,0,0.3147,1,1,1,1,1,1,1,4,4,-1,[ OK ]
2046.2,17-Jul-26 13:36:04,2166,167.1,0.1529,129.3,0.2958,0.5797,1.731,0,0,0,100,15.05,0.2051,404.1,200,1,0,0.3133,1,1,1,1,1,1,1,4,4,-1,[ OK ]
2046.7,17-Jul-26 13:36:04,2166,167.1,0.1525,130.4,0.3037,0.5794,1.734,0,0,0,100,15.05,0.2056,403.9,200,1,0,0.3068,1,1,1,1,1,1,1,4,4,-1,[ OK ]
2047.1,17-Jul-26 13:36:05,2167,167.1,0.1525,130.4,0.2953,0.5797,1.731,0,0,0,100,15.05,0.204,404,200,1,0,0.3153,1,1,1,1,1,1,1,4,4,-1,[ OK ]
2047.5,17-Jul-26 13:36:05,2167,167.1,0.1525,130.4,0.2989,0.5796,1.731,0,0,0,100,15.05,0.2049,404.2,200,1,0,0.3079,1,1,1,1,1,1,1,4,4,-1,[ OK ]
2047.9,17-Jul-26 13:36:05,2167,167.1,0.1524,130.4,0.2966,0.5793,1.735,0,0,0,100,15.05,0.2041,404,200,1,0,0.3235,1,1,1,1,1,1,1,4,4,-1,[ OK ]
2048.3,17-Jul-26 13:36:06,2168,167.1,0.1524,130.4,0.2963,0.5793,1.734,0,0,0,100,15.05,0.2051,404.1,200,1,0,0.3105,1,1,1,1,1,1,1,4,4,-1,[ OK ]
2048.8,17-Jul-26 13:36:06,2168,167.1,0.1529,129,0.2959,0.5795,1.732,0,0,0,100,15.05,0.207,403.9,200,1,0,0.3085,1,1,1,1,1,1,1,4,4,-1,[ OK ]
2049.2,17-Jul-26 13:36:07,2169,167.1,0.1524,130.4,0.2969,0.5801,1.725,0,0,0,100,15.05,0.2056,404.1,200,1,0,0.3104,1,1,1,1,1,1,1,4,4,-1,[ OK ]
2049.6,17-Jul-26 13:36:07,2169,167.1,0.1524,130.4,0.2994,0.58,1.726,0,0,0,100,15.05,0.2045,404,200,1,0,0.3103,1,1,1,1,1,1,1,4,4,-1,[ OK ]
2050.0,17-Jul-26 13:36:07,2170,167.1,0.1524,130.4,0.2974,0.5798,1.729,0,0,0,100,15.05,0.2051,403.9,200,1,0,0.3084,1,1,1,1,1,1,1,4,4,-1,[ OK ]
2050.4,17-Jul-26 13:36:08,2170,167.1,0.153,128.9,0.297,0.5801,1.725,0,0,0,100,15.05,0.2059,404.1,200,1,0,0.3086,1,1,1,1,1,1,1,4,4,-1,[ OK ]
2050.9,17-Jul-26 13:36:08,2170,167.1,0.1524,130.4,0.2986,0.5796,1.731,0,0,0,100,15.05,0.2042,403.8,200,1,0,0.3093,1,1,1,1,1,1,1,4,4,-1,[ OK ]
2051.3,17-Jul-26 13:36:09,2171,167.1,0.1529,129.1,0.2954,0.5801,1.725,0,0,0,100,15.05,0.2059,404.1,200,1,0,0.305,1,1,1,1,1,1,1,4,4,-1,[ OK ]
2051.7,17-Jul-26 13:36:09,2171,167.1,0.1524,130.4,0.2966,0.58,1.727,0,0,0,100,15.05,0.2048,404.1,200,1,0,0.296,1,1,1,1,1,1,1,4,4,-1,[ OK ]
2052.2,17-Jul-26 13:36:10,2172,167.1,0.1529,129,0.2965,0.5798,1.729,0,0,0,100,15.05,0.2047,404,200,1,0,0.3077,1,1,1,1,1,1,1,4,4,-1,[ OK ]
2052.6,17-Jul-26 13:36:10,2172,167.1,0.1528,129.4,0.2995,0.5795,1.732,0,0,0,100,15.05,0.204,403.9,200,1,0,0.312,1,1,1,1,1,1,1,4,4,-1,[ OK ]
2053.1,17-Jul-26 13:36:10,2173,167.1,0.1524,130.4,0.2984,0.5799,1.727,0,0,0,100,15.05,0.204,404,200,1,0,0.3072,1,1,1,1,1,1,1,4,4,-1,[ OK ]
2053.5,17-Jul-26 13:36:11,2173,167.1,0.1524,130.4,0.2959,0.5801,1.725,0,0,0,100,15.05,0.2043,403.9,200,1,0,0.3085,1,1,1,1,1,1,1,4,4,-1,[ OK ]
2053.9,17-Jul-26 13:36:11,2173,167.1,0.1525,130.4,0.2969,0.58,1.727,0,0,0,100,15.05,0.2049,404,200,1,0,0.3073,1,1,1,1,1,1,1,4,4,-1,[ OK ]
2054.3,17-Jul-26 13:36:12,2174,167.1,0.1525,130.4,0.2957,0.5799,1.728,0,0,0,100,15.05,0.2049,403.8,200,1,0,0.305,1,1,1,1,1,1,1,4,4,-1,[ OK ]
2054.7,17-Jul-26 13:36:12,2174,167.1,0.1524,130.4,0.2945,0.5797,1.73,0,0,0,100,15.05,0.2056,403.8,200,1,0,0.3038,1,1,1,1,1,1,1,4,4,-1,[ OK ]
2055.3,17-Jul-26 13:36:13,2175,167.1,0.1532,128.4,0.2958,0.5799,1.729,0,0,0,100,15.05,0.2049,404.1,200,1,0,0.3108,1,1,1,1,1,1,1,4,4,-1,[ OK ]
2055.7,17-Jul-26 13:36:13,2175,167.1,0.1528,129.4,0.2902,0.5794,1.734,0,0,0,100,15.05,0.2051,404.1,200,1,0,0.3119,1,1,1,1,1,1,1,4,4,-1,[ OK ]
2056.1,17-Jul-26 13:36:14,2176,167.1,0.1528,129.3,0.2956,0.5801,1.726,0,0,0,100,15.05,0.2055,404,200,1,0,0.3077,1,1,1,1,1,1,1,4,4,-1,[ OK ]
2056.5,17-Jul-26 13:36:14,2176,167.1,0.1524,130.4,0.2972,0.5803,1.724,0,0,0,100,15.05,0.2048,403.9,200,1,0,0.3025,1,1,1,1,1,1,1,4,4,-1,[ OK ]
2056.9,17-Jul-26 13:36:14,2176,167.1,0.1524,130.6,0.2962,0.5795,1.733,0,0,0,100,15.05,0.2056,404.1,200,1,0,0.3121,1,1,1,1,1,1,1,4,4,-1,[ OK ]
2057.4,17-Jul-26 13:36:15,2177,167.1,0.1525,130.4,0.2965,0.5798,1.729,0,0,0,100,15.05,0.2051,404,200,1,0,0.3036,1,1,1,1,1,1,1,4,4,-1,[ OK ]
2057.8,17-Jul-26 13:36:15,2177,167.1,0.1531,128.9,0.2947,0.5793,1.735,0,0,0,100,15.05,0.2037,404.1,200,1,0,0.3104,1,1,1,1,1,1,1,4,4,-1,[ OK ]
2058.2,17-Jul-26 13:36:16,2178,167.1,0.1525,130.4,0.2959,0.58,1.727,0,0,0,100,15.05,0.2053,403.9,200,1,0,0.299,1,1,1,1,1,1,1,4,4,-1,[ OK ]
2058.6,17-Jul-26 13:36:16,2178,167.1,0.1525,130.4,0.3001,0.5801,1.727,0,0,0,100,15.05,0.2048,403.7,200,1,0,0.3205,1,1,1,1,1,1,1,4,4,-1,[ OK ]
2059.2,17-Jul-26 13:36:17,2179,167.1,0.1529,129.4,0.2972,0.5796,1.732,0,0,0,100,15.05,0.2038,403.8,200,1,0,0.3146,1,1,1,1,1,1,1,4,4,-1,[ OK ]
2059.6,17-Jul-26 13:36:17,2179,167.1,0.1525,130.4,0.2963,0.5795,1.732,0,0,0,100,15.05,0.2051,403.8,200,1,0,0.3138,1,1,1,1,1,1,1,4,4,-1,[ OK ]
2060.0,17-Jul-26 13:36:17,2179,167.1,0.1525,130.4,0.2988,0.5795,1.733,0,0,0,100,15.05,0.2038,403.8,200,1,0,0.3143,1,1,1,1,1,1,1,4,4,-1,[ OK ]
2060.4,17-Jul-26 13:36:18,2180,167.1,0.1525,130.4,0.299,0.5799,1.728,0,0,0,100,15.05,0.2051,403.9,200,1,0,0.3059,1,1,1,1,1,1,1,4,4,-1,[ OK ]
2060.8,17-Jul-26 13:36:18,2180,167.1,0.1529,129.3,0.2954,0.58,1.726,0,0,0,100,15.05,0.2059,404.2,200,1,0,0.3178,1,1,1,1,1,1,1,4,4,-1,[ OK ]
2061.2,17-Jul-26 13:36:19,2181,167.1,0.153,129.1,0.2942,0.58,1.727,0,0,0,100,15.05,0.2047,403.9,200,1,0,0.3106,1,1,1,1,1,1,1,4,4,-1,[ OK ]
2061.7,17-Jul-26 13:36:19,2181,167.1,0.1525,130.4,0.2961,0.5799,1.727,0,0,0,100,15.05,0.2059,404.1,200,1,0,0.3093,1,1,1,1,1,1,1,4,4,-1,[ OK ]
2062.1,17-Jul-26 13:36:20,2182,167.1,0.1524,130.4,0.2957,0.5793,1.735,0,0,0,100,15.05,0.204,403.9,200,1,0,0.3079,1,1,1,1,1,1,1,4,4,-1,[ OK ]
2062.5,17-Jul-26 13:36:20,2182,167.1,0.1531,128.7,0.2975,0.5795,1.733,0,0,0,100,15.05,0.2054,403.8,200,1,0,0.3037,1,1,1,1,1,1,1,4,4,-1,[ OK ]
2062.9,17-Jul-26 13:36:20,2182,167.1,0.1524,130.4,0.2957,0.58,1.727,0,0,0,100,15.05,0.2052,403.8,200,1,0,0.3123,1,1,1,1,1,1,1,4,4,-1,[ OK ]
2063.3,17-Jul-26 13:36:21,2183,167.1,0.1524,130.4,0.3008,0.5794,1.734,0,0,0,100,15.05,0.204,404.2,200,1,0,0.312,1,1,1,1,1,1,1,4,4,-1,[ OK ]
2063.8,17-Jul-26 13:36:21,2183,167.1,0.1529,129.4,0.2961,0.5794,1.734,0,0,0,100,15.05,0.2046,403.9,200,1,0,0.3114,1,1,1,1,1,1,1,4,4,-1,[ OK ]
2064.2,17-Jul-26 13:36:22,2184,167.1,0.1525,130.4,0.297,0.58,1.728,0,0,0,100,15.05,0.205,403.8,200,1,0,0.308,1,1,1,1,1,1,1,4,4,-1,[ OK ]
2064.6,17-Jul-26 13:36:22,2184,167.1,0.1525,130.4,0.2957,0.5797,1.731,0,0,0,100,15.05,0.204,404.1,200,1,0,0.313,1,1,1,1,1,1,1,4,4,-1,[ OK ]
2065.0,17-Jul-26 13:36:22,2185,167.1,0.1525,130.4,0.3001,0.58,1.727,0,0,0,100,15.05,0.2053,404.1,200,1,0,0.3075,1,1,1,1,1,1,1,4,4,-1,[ OK ]
2065.4,17-Jul-26 13:36:23,2185,167.1,0.1532,128.5,0.2986,0.5802,1.724,0,0,0,100,15.05,0.2046,404,200,1,0,0.3134,1,1,1,1,1,1,1,4,4,-1,[ OK ]
2065.9,17-Jul-26 13:36:23,2185,167.1,0.1531,128.7,0.2957,0.5795,1.733,0,0,0,100,15.05,0.2053,404.2,200,1,0,0.307,1,1,1,1,1,1,1,4,4,-1,[ OK ]
2066.3,17-Jul-26 13:36:24,2186,167.1,0.1525,130.4,0.296,0.5794,1.734,0,0,0,100,15.05,0.2049,404.1,200,1,0,0.3061,1,1,1,1,1,1,1,4,4,-1,[ OK ]
2066.7,17-Jul-26 13:36:24,2186,167.1,0.1524,130.4,0.2959,0.5795,1.734,0,0,0,100,15.05,0.2046,404,200,1,0,0.3118,1,1,1,1,1,1,1,4,4,-1,[ OK ]
2067.1,17-Jul-26 13:36:25,2187,167.1,0.153,129,0.2969,0.5801,1.727,0,0,0,100,15.05,0.2041,404.2,200,1,0,0.3222,1,1,1,1,1,1,1,4,4,-1,[ OK ]
2067.5,17-Jul-26 13:36:25,2187,167.1,0.153,128.9,0.2961,0.5791,1.738,0,0,0,100,15.05,0.2046,404.1,200,1,0,0.3117,1,1,1,1,1,1,1,4,4,-1,[ OK ]
2068.0,17-Jul-26 13:36:25,2187,167.1,0.1524,130.4,0.2974,0.5796,1.733,0,0,0,100,15.05,0.2049,403.8,200,1,0,0.3148,1,1,1,1,1,1,1,4,4,-1,[ OK ]
2068.5,17-Jul-26 13:36:26,2188,167.1,0.1528,129.4,0.2959,0.5799,1.729,0,0,0,100,15.05,0.205,404,200,1,0,0.3102,1,1,1,1,1,1,1,4,4,-1,[ OK ]
2069.0,17-Jul-26 13:36:26,2188,167.1,0.1529,129.1,0.297,0.5795,1.734,0,0,0,100,15.05,0.2059,403.8,200,1,0,0.3039,1,1,1,1,1,1,1,4,4,-1,[ OK ]
2069.4,17-Jul-26 13:36:27,2189,167.1,0.1524,130.4,0.2977,0.5798,1.73,0,0,0,100,15.05,0.205,404.1,200,1,0,0.2936,1,1,1,1,1,1,1,4,4,-1,[ OK ]
2069.8,17-Jul-26 13:36:27,2189,167.1,0.1524,130.4,0.2985,0.58,1.728,0,0,0,100,15.05,0.2046,403.9,200,1,0,0.3038,1,1,1,1,1,1,1,4,4,-1,[ OK ]
2070.2,17-Jul-26 13:36:28,2190,167.1,0.1529,129,0.2919,0.5797,1.731,0,0,0,100,15.05,0.2051,403.9,200,1,0,0.3185,1,1,1,1,1,1,1,4,4,-1,[ OK ]
2070.7,17-Jul-26 13:36:28,2190,167.1,0.1524,130.4,0.2965,0.5799,1.728,0,0,0,100,15.05,0.2047,404.1,200,1,0,0.3102,1,1,1,1,1,1,1,4,4,-1,[ OK ]
2071.1,17-Jul-26 13:36:29,2191,167.1,0.1528,129.3,0.2985,0.5795,1.733,0,0,0,100,15.05,0.205,404,200,1,0,0.3087,1,1,1,1,1,1,1,4,4,-1,[ OK ]
2071.5,17-Jul-26 13:36:29,2191,167.1,0.1524,130.4,0.296,0.58,1.728,0,0,0,100,15.05,0.2061,403.9,200,1,0,0.3055,1,1,1,1,1,1,1,4,4,-1,[ OK ]
2071.9,17-Jul-26 13:36:29,2191,167.1,0.1528,129.3,0.295,0.5798,1.731,0,0,0,100,15.05,0.204,403.9,200,1,0,0.3102,1,1,1,1,1,1,1,4,4,-1,[ OK ]
2072.3,17-Jul-26 13:36:30,2192,167.1,0.1524,130.4,0.2969,0.58,1.729,0,0,0,100,15.05,0.205,403.8,200,1,0,0.3029,1,1,1,1,1,1,1,4,4,-1,[ OK ]
2072.8,17-Jul-26 13:36:30,2192,167.1,0.1524,130.4,0.2978,0.5797,1.732,0,0,0,100,15.05,0.2049,404,200,1,0,0.3087,1,1,1,1,1,1,1,4,4,-1,[ OK ]
2073.2,17-Jul-26 13:36:31,2193,167.1,0.1529,129.2,0.2961,0.5804,1.724,0,0,0,100,15.05,0.2052,404.1,200,1,0,0.3154,1,1,1,1,1,1,1,4,4,-1,[ OK ]
2073.6,17-Jul-26 13:36:31,2193,167.1,0.1528,129.2,0.2968,0.5795,1.733,0,0,0,100,15.05,0.2051,403.8,200,1,0,0.3094,1,1,1,1,1,1,1,4,4,-1,[ OK ]
2074.0,17-Jul-26 13:36:31,2194,167.1,0.1524,130.4,0.2982,0.5802,1.726,0,0,0,100,15.05,0.204,404,200,1,0,0.3134,1,1,1,1,1,1,1,4,4,-1,[ OK ]
2074.4,17-Jul-26 13:36:32,2194,167.1,0.1523,130.6,0.2979,0.5795,1.733,0,0,0,100,15.05,0.2046,404,200,1,0,0.3099,1,1,1,1,1,1,1,4,4,-1,[ OK ]
2074.9,17-Jul-26 13:36:32,2194,167.1,0.1528,129.3,0.2969,0.5799,1.728,0,0,0,100,15.05,0.2054,404.1,200,1,0,0.311,1,1,1,1,1,1,1,4,4,-1,[ OK ]
2075.3,17-Jul-26 13:36:33,2195,167.1,0.1524,130.4,0.2957,0.58,1.728,0,0,0,100,15.05,0.205,404.1,200,1,0,0.3042,1,1,1,1,1,1,1,4,4,-1,[ OK ]
2075.7,17-Jul-26 13:36:33,2195,167.1,0.1528,129.3,0.2978,0.5794,1.735,0,0,0,100,15.05,0.2055,403.8,200,1,0,0.3049,1,1,1,1,1,1,1,4,4,-1,[ OK ]
2076.1,17-Jul-26 13:36:34,2196,167.1,0.1524,130.4,0.3028,0.5795,1.734,0,0,0,100,15.05,0.2054,404,200,1,0,0.3062,1,1,1,1,1,1,1,4,4,-1,[ OK ]
2076.5,17-Jul-26 13:36:34,2196,167.1,0.153,129,0.2919,0.5799,1.729,0,0,0,100,15.05,0.2059,403.9,200,1,0,0.3078,1,1,1,1,1,1,1,4,4,-1,[ OK ]
2077.0,17-Jul-26 13:36:34,2196,167.1,0.1524,130.4,0.3013,0.5802,1.724,0,0,0,100,15.05,0.2056,403.9,200,1,0,0.3181,1,1,1,1,1,1,1,4,4,-1,[ OK ]
2077.4,17-Jul-26 13:36:35,2197,167.1,0.1525,130.4,0.296,0.5794,1.735,0,0,0,100,15.05,0.2043,403.8,200,1,0,0.3122,1,1,1,1,1,1,1,4,4,-1,[ OK ]
2077.8,17-Jul-26 13:36:35,2197,167.1,0.1525,130.4,0.296,0.5796,1.732,0,0,0,100,15.05,0.204,403.9,200,1,0,0.303,1,1,1,1,1,1,1,4,4,-1,[ OK ]
2078.2,17-Jul-26 13:36:36,2198,167.1,0.1525,130.4,0.2955,0.5794,1.736,0,0,0,100,15.05,0.2038,403.9,200,1,0,0.3164,1,1,1,1,1,1,1,4,4,-1,[ OK ]
2078.6,17-Jul-26 13:36:36,2198,167.1,0.1529,129.2,0.2972,0.5798,1.731,0,0,0,100,15.05,0.2044,403.8,200,1,0,0.3042,1,1,1,1,1,1,1,4,4,-1,[ OK ]
2079.1,17-Jul-26 13:36:37,2199,167.1,0.1529,129.2,0.2995,0.5801,1.727,0,0,0,100,15.05,0.2051,404.1,200,1,0,0.3152,1,1,1,1,1,1,1,4,4,-1,[ OK ]
2079.5,17-Jul-26 13:36:37,2199,167.1,0.1528,129.4,0.2906,0.5799,1.73,0,0,0,100,15.05,0.2061,403.8,200,1,0,0.3048,1,1,1,1,1,1,1,4,4,-1,[ OK ]
2079.9,17-Jul-26 13:36:37,2199,167.1,0.1525,130.4,0.2958,0.5801,1.728,0,0,0,100,15.05,0.2051,404,200,1,0,0.3049,1,1,1,1,1,1,1,4,4,-1,[ OK ]
2080.3,17-Jul-26 13:36:38,2200,167.1,0.1525,130.4,0.2973,0.5797,1.733,0,0,0,100,15.05,0.2051,404,200,1,0,0.3107,1,1,1,1,1,1,1,4,4,-1,[ OK ]
2080.8,17-Jul-26 13:36:38,2200,167.1,0.1524,130.4,0.2959,0.5798,1.731,0,0,0,100,15.05,0.2049,403.8,200,1,0,0.3096,1,1,1,1,1,1,1,4,4,-1,[ OK ]
2081.2,17-Jul-26 13:36:39,2201,167.1,0.1529,129.3,0.2992,0.5801,1.728,0,0,0,100,15.05,0.2051,404.1,200,1,0,0.3139,1,1,1,1,1,1,1,4,4,-1,[ OK ]
2081.6,17-Jul-26 13:36:39,2201,167.1,0.1524,130.4,0.2965,0.5795,1.736,0,0,0,100,15.05,0.2049,403.9,200,1,0,0.307,1,1,1,1,1,1,1,4,4,-1,[ OK ]
2082.0,17-Jul-26 13:36:39,2202,167.1,0.1529,129.4,0.2941,0.5804,1.725,0,0,0,100,15.05,0.2056,403.8,200,1,0,0.3106,1,1,1,1,1,1,1,4,4,-1,[ OK ]
2082.4,17-Jul-26 13:36:40,2202,167.1,0.153,129.1,0.2975,0.5796,1.734,0,0,0,100,15.05,0.2044,403.9,200,1,0,0.3108,1,1,1,1,1,1,1,4,4,-1,[ OK ]
2082.9,17-Jul-26 13:36:40,2202,167.1,0.1525,130.4,0.2977,0.5799,1.73,0,0,0,100,15.05,0.2047,403.8,200,1,0,0.3066,1,1,1,1,1,1,1,4,4,-1,[ OK ]
2083.3,17-Jul-26 13:36:41,2203,167.1,0.153,129,0.296,0.58,1.728,0,0,0,100,15.05,0.2046,403.8,200,1,0,0.3122,1,1,1,1,1,1,1,4,4,-1,[ OK ]
2083.7,17-Jul-26 13:36:41,2203,167.1,0.1524,130.4,0.2927,0.5801,1.727,0,0,0,100,15.05,0.2054,404.1,200,1,0,0.3055,1,1,1,1,1,1,1,4,4,-1,[ OK ]
2084.1,17-Jul-26 13:36:42,2204,167.1,0.1529,129.2,0.2978,0.5794,1.736,0,0,0,100,15.05,0.2048,404.1,200,1,0,0.3045,1,1,1,1,1,1,1,4,4,-1,[ OK ]
2084.5,17-Jul-26 13:36:42,2204,167.1,0.1524,130.4,0.2938,0.5796,1.734,0,0,0,100,15.05,0.2046,403.7,200,1,0,0.3191,1,1,1,1,1,1,1,4,4,-1,[ OK ]
2085.0,17-Jul-26 13:36:42,2204,167.1,0.1525,130.4,0.2966,0.5801,1.727,0,0,0,100,15.05,0.2048,403.8,200,1,0,0.3098,1,1,1,1,1,1,1,4,4,-1,[ OK ]
2085.4,17-Jul-26 13:36:43,2205,167.1,0.1524,130.4,0.2925,0.58,1.729,0,0,0,100,15.05,0.2049,403.8,200,1,0,0.3093,1,1,1,1,1,1,1,4,4,-1,[ OK ]
2085.8,17-Jul-26 13:36:43,2205,167.1,0.1529,129.1,0.3025,0.5798,1.732,0,0,0,100,15.05,0.2046,403.8,200,1,0,0.3108,1,1,1,1,1,1,1,4,4,-1,[ OK ]
2086.2,17-Jul-26 13:36:44,2206,167.1,0.1529,129.3,0.2962,0.5797,1.733,0,0,0,100,15.05,0.2043,404.1,200,1,0,0.3143,1,1,1,1,1,1,1,4,4,-1,[ OK ]
2086.6,17-Jul-26 13:36:44,2206,167.1,0.1524,130.4,0.2961,0.58,1.729,0,0,0,100,15.05,0.2046,404.1,200,1,0,0.3044,1,1,1,1,1,1,1,4,4,-1,[ OK ]
2087.0,17-Jul-26 13:36:44,2207,167.1,0.1524,130.4,0.3004,0.5801,1.727,0,0,0,100,15.05,0.2051,403.8,200,1,0,0.2978,1,1,1,1,1,1,1,4,4,-1,[ OK ]
2087.5,17-Jul-26 13:36:45,2207,167.1,0.1524,130.4,0.2967,0.58,1.728,0,0,0,100,15.05,0.2051,404.2,200,1,0,0.2934,1,1,1,1,1,1,1,4,4,-1,[ OK ]
2087.9,17-Jul-26 13:36:45,2207,167.1,0.1528,129.4,0.2951,0.5793,1.736,0,0,0,100,15.05,0.2054,404.1,200,1,0,0.3183,1,1,1,1,1,1,1,4,4,-1,[ OK ]
2088.4,17-Jul-26 13:36:46,2208,167.1,0.153,128.9,0.2934,0.58,1.727,0,0,0,100,15.05,0.2051,403.8,200,1,0,0.3062,1,1,1,1,1,1,1,4,4,-1,[ OK ]
2088.8,17-Jul-26 13:36:46,2208,167.1,0.1525,130.4,0.2954,0.5797,1.732,0,0,0,100,15.05,0.2045,403.8,200,1,0,0.307,1,1,1,1,1,1,1,4,4,-1,[ OK ]
2089.3,17-Jul-26 13:36:47,2209,167.1,0.1525,130.4,0.2968,0.5795,1.735,0,0,0,100,15.05,0.2049,404,200,1,0,0.3104,1,1,1,1,1,1,1,4,4,-1,[ OK ]
2089.7,17-Jul-26 13:36:47,2209,167.1,0.1525,130.4,0.2957,0.5801,1.727,0,0,0,100,15.05,0.2048,404.2,200,1,0,0.3056,1,1,1,1,1,1,1,4,4,-1,[ OK ]
2090.1,17-Jul-26 13:36:48,2210,167.1,0.1525,130.4,0.2983,0.5802,1.726,0,0,0,100,15.05,0.2046,404.1,200,1,0,0.3155,1,1,1,1,1,1,1,4,4,-1,[ OK ]
2090.5,17-Jul-26 13:36:48,2210,167.1,0.1526,130.4,0.2952,0.5796,1.734,0,0,0,100,15.05,0.2059,403.8,200,1,0,0.3036,1,1,1,1,1,1,1,4,4,-1,[ OK ]
2090.9,17-Jul-26 13:36:48,2210,167.1,0.1526,130.4,0.3014,0.5801,1.728,0,0,0,100,15.05,0.2046,404.1,200,1,0,0.3087,1,1,1,1,1,1,1,4,4,-1,[ OK ]
2091.4,17-Jul-26 13:36:49,2211,167.1,0.1526,130.4,0.2977,0.5802,1.726,0,0,0,100,15.05,0.2039,404,200,1,0,0.323,1,1,1,1,1,1,1,4,4,-1,[ OK ]
2091.8,17-Jul-26 13:36:49,2211,167.1,0.1532,128.7,0.2969,0.5796,1.733,0,0,0,100,15.05,0.2054,403.9,200,1,0,0.309,1,1,1,1,1,1,1,4,4,-1,[ OK ]
2092.2,17-Jul-26 13:36:50,2212,167.1,0.1526,130.4,0.2969,0.58,1.727,0,0,0,100,15.05,0.2046,404.2,200,1,0,0.3165,1,1,1,1,1,1,1,4,4,-1,[ OK ]
2092.6,17-Jul-26 13:36:50,2212,167.1,0.1526,130.4,0.2981,0.5795,1.732,0,0,0,100,15.05,0.2046,403.8,200,1,0,0.3094,1,1,1,1,1,1,1,4,4,-1,[ OK ]
2093.0,17-Jul-26 13:36:50,2213,167.1,0.1525,130.4,0.2941,0.5793,1.736,0,0,0,100,15.05,0.2054,404.2,200,1,0,0.3082,1,1,1,1,1,1,1,4,4,-1,[ OK ]
2093.5,17-Jul-26 13:36:51,2213,167.1,0.153,129.1,0.2965,0.5801,1.726,0,0,0,100,15.05,0.2052,403.9,200,1,0,0.3079,1,1,1,1,1,1,1,4,4,-1,[ OK ]
2093.9,17-Jul-26 13:36:51,2213,167.1,0.153,129.1,0.2969,0.58,1.727,0,0,0,100,15.05,0.2053,403.8,200,1,0,0.3091,1,1,1,1,1,1,1,4,4,-1,[ OK ]
2094.3,17-Jul-26 13:36:52,2214,167.1,0.1525,130.4,0.299,0.5793,1.735,0,0,0,100,15.05,0.2047,403.8,200,1,0,0.31,1,1,1,1,1,1,1,4,4,-1,[ OK ]
2094.7,17-Jul-26 13:36:52,2214,167.1,0.1525,130.4,0.295,0.5802,1.725,0,0,0,100,15.05,0.2045,403.8,200,1,0,0.3032,1,1,1,1,1,1,1,4,4,-1,[ OK ]
2095.1,17-Jul-26 13:36:53,2215,167.1,0.1529,129.4,0.297,0.5795,1.732,0,0,0,100,15.05,0.205,404.2,200,1,0,0.3101,1,1,1,1,1,1,1,4,4,-1,[ OK ]
2095.4,17-Jul-26 13:36:53,2215,167.1,0.1531,129,0.2936,0.5801,1.725,0,0,0,100,15.05,0.2047,403.8,200,1,0,0.3155,1,1,1,1,1,1,1,4,4,-1,[ OK ]
2095.9,17-Jul-26 13:36:53,2215,167.1,0.1526,130.4,0.299,0.5802,1.725,0,0,0,100,15.05,0.2051,404.1,200,1,0,0.3036,1,1,1,1,1,1,1,4,4,-1,[ OK ]
2096.3,17-Jul-26 13:36:54,2216,167.1,0.153,129.4,0.299,0.5794,1.733,0,0,0,100,15.05,0.2049,403.9,200,1,0,0.3013,1,1,1,1,1,1,1,4,4,-1,[ OK ]
2096.7,17-Jul-26 13:36:54,2216,167.1,0.1531,129,0.2995,0.5795,1.732,0,0,0,100,15.05,0.2052,403.8,200,1,0,0.3083,1,1,1,1,1,1,1,4,4,-1,[ OK ]
2097.1,17-Jul-26 13:36:55,2217,167.1,0.1526,130.4,0.2902,0.5795,1.733,0,0,0,100,15.05,0.2051,403.9,200,1,0,0.3088,1,1,1,1,1,1,1,4,4,-1,[ OK ]
2097.6,17-Jul-26 13:36:55,2217,167.1,0.1526,130.4,0.2902,0.5801,1.726,0,0,0,100,15.05,0.2047,404,200,1,0,0.3109,1,1,1,1,1,1,1,4,4,-1,[ OK ]
2098.0,17-Jul-26 13:36:55,2217,167.1,0.1526,130.4,0.2973,0.58,1.726,0,0,0,100,15.05,0.204,404.1,200,1,0,0.3102,1,1,1,1,1,1,1,4,4,-1,[ OK ]
2098.4,17-Jul-26 13:36:56,2218,167.1,0.153,129.3,0.2988,0.5801,1.725,0,0,0,100,15.05,0.206,404.1,200,1,0,0.3089,1,1,1,1,1,1,1,4,4,-1,[ OK ]
2098.8,17-Jul-26 13:36:56,2218,167.1,0.1526,130.4,0.3004,0.5801,1.724,0,0,0,100,15.05,0.2048,403.8,200,1,0,0.3121,1,1,1,1,1,1,1,4,4,-1,[ OK ]
2099.2,17-Jul-26 13:36:57,2219,167.1,0.1529,129.4,0.2955,0.5794,1.732,0,0,0,100,15.05,0.2051,404.1,200,1,0,0.3176,1,1,1,1,1,1,1,4,4,-1,[ OK ]
2099.7,17-Jul-26 13:36:57,2219,167.1,0.1525,130.4,0.295,0.5801,1.725,0,0,0,100,15.05,0.2046,403.7,200,1,0,0.312,1,1,1,1,1,1,1,4,4,-1,[ OK ]
2100.1,17-Jul-26 13:36:57,2220,167.1,0.153,129.1,0.3001,0.5801,1.726,0,0,0,100,15.05,0.2042,404.1,200,1,0,0.3127,1,1,1,1,1,1,1,4,4,-1,[ OK ]
2100.5,17-Jul-26 13:36:58,2220,167.1,0.1526,130.4,0.2968,0.5801,1.726,0,0,0,100,15.05,0.2038,404.2,200,1,0,0.3104,1,1,1,1,1,1,1,4,4,-1,[ OK ]
2100.9,17-Jul-26 13:36:58,2220,167.1,0.1525,130.4,0.2955,0.5797,1.731,0,0,0,100,15.05,0.205,403.7,200,1,0,0.3087,1,1,1,1,1,1,1,4,4,-1,[ OK ]
2101.3,17-Jul-26 13:36:59,2221,167.1,0.1525,130.5,0.2955,0.5806,1.721,0,0,0,100,15.05,0.2038,403.9,200,1,0,0.32,1,1,1,1,1,1,1,4,4,-1,[ OK ]
2101.7,17-Jul-26 13:36:59,2221,167.1,0.1526,130.4,0.2902,0.58,1.727,0,0,0,100,15.05,0.2044,403.8,200,1,0,0.3107,1,1,1,1,1,1,1,4,4,-1,[ OK ]
2102.2,17-Jul-26 13:37:00,2222,167.1,0.1527,130.4,0.2973,0.58,1.727,0,0,0,100,15.05,0.2047,403.8,200,1,0,0.3225,1,1,1,1,1,1,1,4,4,-1,[ OK ]
2102.6,17-Jul-26 13:37:00,2222,167.1,0.1527,130.4,0.296,0.5793,1.734,0,0,0,100,15.05,0.2042,404.1,200,1,0,0.3134,1,1,1,1,1,1,1,4,4,-1,[ OK ]
2103.0,17-Jul-26 13:37:00,2222,167.1,0.1526,130.4,0.3,0.5802,1.725,0,0,0,100,15.05,0.205,404.1,200,1,0,0.3124,1,1,1,1,1,1,1,4,4,-1,[ OK ]
2103.4,17-Jul-26 13:37:01,2223,167.1,0.1532,129.1,0.2981,0.5802,1.725,0,0,0,100,15.05,0.2047,404,200,1,0,0.3136,1,1,1,1,1,1,1,4,4,-1,[ OK ]
2103.8,17-Jul-26 13:37:01,2223,167.1,0.1527,130.4,0.2966,0.5796,1.731,0,0,0,100,15.05,0.2046,404.1,200,1,0,0.3123,1,1,1,1,1,1,1,4,4,-1,[ OK ]
2104.3,17-Jul-26 13:37:02,2224,167.1,0.1527,130.4,0.2965,0.5799,1.729,0,0,0,100,15.05,0.2048,403.8,200,1,0,0.3106,1,1,1,1,1,1,1,4,4,-1,[ OK ]
2104.7,17-Jul-26 13:37:02,2224,167.1,0.1526,130.4,0.2954,0.5796,1.733,0,0,0,100,15.05,0.205,404.2,200,1,0,0.306,1,1,1,1,1,1,1,4,4,-1,[ OK ]
2105.1,17-Jul-26 13:37:03,2225,167.1,0.1526,130.4,0.295,0.5803,1.725,0,0,0,100,15.05,0.2051,403.8,200,1,0,0.3079,1,1,1,1,1,1,1,4,4,-1,[ OK ]
2105.5,17-Jul-26 13:37:03,2225,167.1,0.1526,130.4,0.2962,0.5801,1.728,0,0,0,100,15.05,0.2045,403.8,200,1,0,0.3202,1,1,1,1,1,1,1,4,4,-1,[ OK ]
2105.9,17-Jul-26 13:37:03,2225,167.1,0.1531,129.2,0.295,0.5798,1.731,0,0,0,100,15.05,0.2041,403.9,200,1,0,0.3119,1,1,1,1,1,1,1,4,4,-1,[ OK ]
2106.4,17-Jul-26 13:37:04,2226,167.1,0.1526,130.4,0.2993,0.5799,1.728,0,0,0,100,15.05,0.2051,403.7,200,1,0,0.3035,1,1,1,1,1,1,1,4,4,-1,[ OK ]
2106.8,17-Jul-26 13:37:04,2226,167.1,0.1527,130.4,0.2961,0.5795,1.732,0,0,0,100,15.05,0.205,403.8,200,1,0,0.3053,1,1,1,1,1,1,1,4,4,-1,[ OK ]
2107.2,17-Jul-26 13:37:05,2227,167.1,0.1527,130.4,0.2981,0.5801,1.726,0,0,0,100,15.05,0.2046,403.8,200,1,0,0.3113,1,1,1,1,1,1,1,4,4,-1,[ OK ]
2107.7,17-Jul-26 13:37:05,2227,167.1,0.1527,130.4,0.2966,0.58,1.727,0,0,0,100,15.05,0.2046,404.2,200,1,0,0.2951,1,1,1,1,1,1,1,4,4,-1,[ OK ]
2108.2,17-Jul-26 13:37:06,2228,167.1,0.1526,130.4,0.2981,0.5794,1.734,0,0,0,100,15.05,0.2045,403.8,200,1,0,0.3051,1,1,1,1,1,1,1,4,4,-1,[ OK ]
2108.6,17-Jul-26 13:37:06,2228,167.1,0.1526,130.4,0.2942,0.5795,1.733,0,0,0,100,15.05,0.2045,403.8,200,1,0,0.3125,1,1,1,1,1,1,1,4,4,-1,[ OK ]
2109.0,17-Jul-26 13:37:06,2228,167.1,0.1526,130.4,0.3023,0.5793,1.735,0,0,0,100,15.05,0.204,403.8,200,1,0,0.3122,1,1,1,1,1,1,1,4,4,-1,[ OK ]
2109.4,17-Jul-26 13:37:07,2229,167.1,0.1526,130.4,0.2929,0.5796,1.733,0,0,0,100,15.05,0.2051,404.1,200,1,0,0.3083,1,1,1,1,1,1,1,4,4,-1,[ OK ]
2109.8,17-Jul-26 13:37:07,2229,167.1,0.153,129.4,0.2966,0.5796,1.734,0,0,0,100,15.05,0.2052,404.1,200,1,0,0.3158,1,1,1,1,1,1,1,4,4,-1,[ OK ]
2110.2,17-Jul-26 13:37:08,2230,167.1,0.1526,130.4,0.2949,0.5797,1.732,0,0,0,100,15.05,0.2046,403.7,200,1,0,0.3036,1,1,1,1,1,1,1,4,4,-1,[ OK ]
2110.7,17-Jul-26 13:37:08,2230,167.1,0.153,129.2,0.2963,0.5797,1.733,0,0,0,100,15.05,0.2047,404.1,200,1,0,0.3116,1,1,1,1,1,1,1,4,4,-1,[ OK ]
2111.1,17-Jul-26 13:37:09,2231,167.1,0.1526,130.4,0.3002,0.58,1.729,0,0,0,100,15.05,0.2036,404.1,200,1,0,0.3149,1,1,1,1,1,1,1,4,4,-1,[ OK ]
2111.5,17-Jul-26 13:37:09,2231,167.1,0.1525,130.4,0.2959,0.5804,1.723,0,0,0,100,15.05,0.2046,404.2,200,1,0,0.314,1,1,1,1,1,1,1,4,4,-1,[ OK ]
2111.9,17-Jul-26 13:37:09,2231,167.1,0.1526,130.4,0.295,0.5801,1.727,0,0,0,100,15.05,0.2042,403.8,200,1,0,0.3134,1,1,1,1,1,1,1,4,4,-1,[ OK ]
2112.3,17-Jul-26 13:37:10,2232,167.1,0.1526,130.4,0.2967,0.58,1.727,0,0,0,100,15.05,0.2048,403.9,200,1,0,0.3147,1,1,1,1,1,1,1,4,4,-1,[ OK ]
2112.8,17-Jul-26 13:37:10,2232,167.1,0.153,129.3,0.296,0.5792,1.737,0,0,0,100,15.05,0.2046,404.2,200,1,0,0.3161,1,1,1,1,1,1,1,4,4,-1,[ OK ]
2113.2,17-Jul-26 13:37:11,2233,167.1,0.1526,130.4,0.2966,0.5794,1.735,0,0,0,100,15.05,0.2045,403.9,200,1,0,0.3099,1,1,1,1,1,1,1,4,4,-1,[ OK ]
2113.6,17-Jul-26 13:37:11,2233,167.1,0.1526,130.4,0.2969,0.5801,1.728,0,0,0,100,15.05,0.2052,403.8,200,1,0,0.3147,1,1,1,1,1,1,1,4,4,-1,[ OK ]
2114.0,17-Jul-26 13:37:11,2234,167.1,0.1526,130.4,0.2957,0.5796,1.733,0,0,0,100,15.05,0.2053,403.8,200,1,0,0.3123,1,1,1,1,1,1,1,4,4,-1,[ OK ]
2114.4,17-Jul-26 13:37:12,2234,167.1,0.1526,130.4,0.3037,0.5799,1.729,0,0,0,100,15.05,0.2052,403.8,200,1,0,0.309,1,1,1,1,1,1,1,4,4,-1,[ OK ]
2114.9,17-Jul-26 13:37:12,2234,167.1,0.153,129.1,0.2979,0.5796,1.733,0,0,0,100,15.05,0.2042,404.1,200,1,0,0.3067,1,1,1,1,1,1,1,4,4,-1,[ OK ]
2115.3,17-Jul-26 13:37:13,2235,167.1,0.1526,130.4,0.295,0.5801,1.726,0,0,0,100,15.05,0.204,404,200,1,0,0.3187,1,1,1,1,1,1,1,4,4,-1,[ OK ]
2115.7,17-Jul-26 13:37:13,2235,167.1,0.153,129.1,0.2902,0.5794,1.735,0,0,0,100,15.05,0.2043,404,200,1,0,0.3199,1,1,1,1,1,1,1,4,4,-1,[ OK ]
2116.1,17-Jul-26 13:37:14,2236,167.1,0.1525,130.4,0.2995,0.5796,1.733,0,0,0,100,15.05,0.2052,404.2,200,1,0,0.3077,1,1,1,1,1,1,1,4,4,-1,[ OK ]
2116.5,17-Jul-26 13:37:14,2236,167.1,0.1526,130.4,0.2989,0.5802,1.726,0,0,0,100,15.05,0.2044,404,200,1,0,0.3096,1,1,1,1,1,1,1,4,4,-1,[ OK ]
2117.0,17-Jul-26 13:37:14,2236,167.1,0.1529,129.3,0.2981,0.5804,1.724,0,0,0,100,15.05,0.2052,404,200,1,0,0.293,1,1,1,1,1,1,1,4,4,-1,[ OK ]
2117.4,17-Jul-26 13:37:15,2237,167.1,0.1531,128.8,0.2945,0.5794,1.735,0,0,0,100,15.05,0.2049,404.1,200,1,0,0.3123,1,1,1,1,1,1,1,4,4,-1,[ OK ]
2117.8,17-Jul-26 13:37:15,2237,167.1,0.1525,130.4,0.2965,0.5796,1.733,0,0,0,100,15.05,0.2034,404.1,200,1,0,0.3136,1,1,1,1,1,1,1,4,4,-1,[ OK ]
2118.2,17-Jul-26 13:37:16,2238,167.1,0.1525,130.4,0.2961,0.5794,1.736,0,0,0,100,15.05,0.2057,404.1,200,1,0,0.2991,1,1,1,1,1,1,1,4,4,-1,[ OK ]
2118.6,17-Jul-26 13:37:16,2238,167.1,0.153,129.1,0.2977,0.5795,1.735,0,0,0,100,15.05,0.2045,404,200,1,0,0.3265,1,1,1,1,1,1,1,4,4,-1,[ OK ]
2119.1,17-Jul-26 13:37:16,2239,167.1,0.1525,130.4,0.2976,0.58,1.728,0,0,0,100,15.05,0.2046,404.1,200,1,0,0.3099,1,1,1,1,1,1,1,4,4,-1,[ OK ]
2119.4,17-Jul-26 13:37:17,2239,167.1,0.153,129.1,0.2991,0.5796,1.734,0,0,0,100,15.05,0.2056,404.1,200,1,0,0.314,1,1,1,1,1,1,1,4,4,-1,[ OK ]
2119.8,17-Jul-26 13:37:17,2239,167.1,0.1526,130.4,0.2989,0.5795,1.734,0,0,0,100,15.05,0.2054,403.9,200,1,0,0.3089,1,1,1,1,1,1,1,4,4,-1,[ OK ]
2120.2,17-Jul-26 13:37:18,2240,167.1,0.1526,130.4,0.2974,0.5799,1.73,0,0,0,100,15.05,0.2045,404,200,1,0,0.3114,1,1,1,1,1,1,1,4,4,-1,[ OK ]
2120.6,17-Jul-26 13:37:18,2240,167.1,0.1526,130.4,0.297,0.5794,1.735,0,0,0,100,15.05,0.2049,404.1,200,1,0,0.314,1,1,1,1,1,1,1,4,4,-1,[ OK ]
2121.1,17-Jul-26 13:37:18,2241,167.1,0.1527,130.4,0.2982,0.5803,1.725,0,0,0,100,15.05,0.205,403.8,200,1,0,0.3166,1,1,1,1,1,1,1,4,4,-1,[ OK ]
2121.5,17-Jul-26 13:37:19,2241,167.1,0.1527,130.4,0.2976,0.5802,1.725,0,0,0,100,15.05,0.2032,404.1,200,1,0,0.3182,1,1,1,1,1,1,1,4,4,-1,[ OK ]
2121.9,17-Jul-26 13:37:19,2241,167.1,0.1527,130.4,0.2966,0.5799,1.727,0,0,0,100,15.05,0.205,404,200,1,0,0.3076,1,1,1,1,1,1,1,4,4,-1,[ OK ]
2122.3,17-Jul-26 13:37:20,2242,167.1,0.1526,130.4,0.2977,0.5799,1.727,0,0,0,100,15.05,0.2058,404.3,200,1,0,0.3072,1,1,1,1,1,1,1,4,4,-1,[ OK ]
2122.7,17-Jul-26 13:37:20,2242,167.1,0.1526,130.4,0.3,0.58,1.728,0,0,0,100,15.05,0.2052,404.3,200,1,0,0.3081,1,1,1,1,1,1,1,4,4,-1,[ OK ]
2123.2,17-Jul-26 13:37:21,2243,167.1,0.1526,130.4,0.2962,0.5801,1.725,0,0,0,100,15.05,0.2049,404.1,200,1,0,0.3077,1,1,1,1,1,1,1,4,4,-1,[ OK ]
2123.6,17-Jul-26 13:37:21,2243,167.1,0.1526,130.4,0.3008,0.58,1.727,0,0,0,100,15.05,0.2048,404.2,200,1,0,0.3141,1,1,1,1,1,1,1,4,4,-1,[ OK ]
2124.0,17-Jul-26 13:37:21,2243,167.1,0.1525,130.4,0.2943,0.5797,1.73,0,0,0,100,15.05,0.2052,404.2,200,1,0,0.2972,1,1,1,1,1,1,1,4,4,-1,[ OK ]
2124.4,17-Jul-26 13:37:22,2244,167.1,0.153,129.2,0.2997,0.5796,1.731,0,0,0,100,15.05,0.2043,403.8,200,1,0,0.3218,1,1,1,1,1,1,1,4,4,-1,[ OK ]
2124.8,17-Jul-26 13:37:22,2244,167.1,0.1526,130.4,0.3009,0.5799,1.727,0,0,0,100,15.05,0.2049,404.2,200,1,0,0.3173,1,1,1,1,1,1,1,4,4,-1,[ OK ]
2125.3,17-Jul-26 13:37:23,2245,167.1,0.1529,129.4,0.2983,0.5794,1.734,0,0,0,100,15.05,0.2048,404.1,200,1,0,0.3112,1,1,1,1,1,1,1,4,4,-1,[ OK ]
2125.7,17-Jul-26 13:37:23,2245,167.1,0.153,129.3,0.2971,0.5796,1.732,0,0,0,100,15.05,0.2046,403.8,200,1,0,0.3148,1,1,1,1,1,1,1,4,4,-1,[ OK ]
2126.2,17-Jul-26 13:37:24,2246,167.1,0.1532,128.9,0.2948,0.5803,1.724,0,0,0,100,15.05,0.2046,403.8,200,1,0,0.3209,1,1,1,1,1,1,1,4,4,-1,[ OK ]
2126.7,17-Jul-26 13:37:24,2246,167.1,0.153,129.4,0.2988,0.5801,1.727,0,0,0,100,15.05,0.2058,404.1,200,1,0,0.3084,1,1,1,1,1,1,1,4,4,-1,[ OK ]
2127.4,17-Jul-26 13:37:25,2247,167.1,0.1526,130.4,0.2965,0.5801,1.727,0,0,0,100,15.05,0.2051,404.2,200,1,0,0.3075,1,1,1,1,1,1,1,4,4,-1,[ OK ]
2127.9,17-Jul-26 13:37:25,2247,167.1,0.1525,130.4,0.299,0.58,1.728,0,0,0,100,15.05,0.2046,403.8,200,1,0,0.3106,1,1,1,1,1,1,1,4,4,-1,[ OK ]
2128.3,17-Jul-26 13:37:26,2248,167.1,0.1525,130.4,0.2971,0.5794,1.736,0,0,0,100,15.05,0.2046,403.8,200,1,0,0.3085,1,1,1,1,1,1,1,4,4,-1,[ OK ]
2128.7,17-Jul-26 13:37:26,2248,167.1,0.1525,130.4,0.2958,0.5802,1.725,0,0,0,100,15.05,0.2054,404,200,1,0,0.306,1,1,1,1,1,1,1,4,4,-1,[ OK ]
2129.1,17-Jul-26 13:37:27,2249,167.1,0.1526,130.4,0.2964,0.5801,1.726,0,0,0,100,15.05,0.205,403.8,200,1,0,0.303,1,1,1,1,1,1,1,4,4,-1,[ OK ]
2129.5,17-Jul-26 13:37:27,2249,167.1,0.1525,130.4,0.2989,0.58,1.728,0,0,0,100,15.05,0.2044,404,200,1,0,0.3208,1,1,1,1,1,1,1,4,4,-1,[ OK ]
2130.0,17-Jul-26 13:37:27,2249,167.1,0.1525,130.4,0.2919,0.5796,1.732,0,0,0,100,15.05,0.2046,404.1,200,1,0,0.3073,1,1,1,1,1,1,1,4,4,-1,[ OK ]
2130.4,17-Jul-26 13:37:28,2250,167.1,0.1529,129.4,0.2975,0.5793,1.736,0,0,0,100,15.05,0.2049,403.7,200,1,0,0.318,1,1,1,1,1,1,1,4,4,-1,[ OK ]
2130.8,17-Jul-26 13:37:28,2250,167.1,0.1529,129.4,0.2949,0.5794,1.734,0,0,0,100,15.05,0.2047,403.9,200,1,0,0.3134,1,1,1,1,1,1,1,4,4,-1,[ OK ]
2131.2,17-Jul-26 13:37:29,2251,167.1,0.1525,130.4,0.2902,0.58,1.727,0,0,0,100,15.05,0.2048,404.2,200,1,0,0.3021,1,1,1,1,1,1,1,4,4,-1,[ OK ]
2131.6,17-Jul-26 13:37:29,2251,167.1,0.1526,130.4,0.3041,0.5796,1.732,0,0,0,100,15.05,0.2051,404.1,200,1,0,0.3108,1,1,1,1,1,1,1,4,4,-1,[ OK ]
2132.1,17-Jul-26 13:37:29,2252,167.1,0.1526,130.4,0.2987,0.5803,1.724,0,0,0,100,15.05,0.2047,403.8,200,1,0,0.3136,1,1,1,1,1,1,1,4,4,-1,[ OK ]
2132.5,17-Jul-26 13:37:30,2252,167.1,0.153,129.4,0.2969,0.5795,1.733,0,0,0,100,15.05,0.205,403.8,200,1,0,0.3109,1,1,1,1,1,1,1,4,4,-1,[ OK ]
2133.0,17-Jul-26 13:37:30,2253,167.1,0.1526,130.4,0.2925,0.5798,1.729,0,0,0,100,15.05,0.2048,403.8,200,1,0,0.3154,1,1,1,1,1,1,1,4,4,-1,[ OK ]
2133.4,17-Jul-26 13:37:31,2253,167.1,0.1526,130.4,0.299,0.5802,1.726,0,0,0,100,15.05,0.2033,403.8,200,1,0,0.3128,1,1,1,1,1,1,1,4,4,-1,[ OK ]
2133.9,17-Jul-26 13:37:31,2253,167.1,0.1526,130.4,0.2998,0.5794,1.735,0,0,0,100,15.05,0.2043,404.1,200,1,0,0.311,1,1,1,1,1,1,1,4,4,-1,[ OK ]
2134.3,17-Jul-26 13:37:32,2254,167.1,0.1527,130.4,0.2962,0.5798,1.731,0,0,0,100,15.05,0.2047,404.1,200,1,0,0.3077,1,1,1,1,1,1,1,4,4,-1,[ OK ]
2134.7,17-Jul-26 13:37:32,2254,167.1,0.1531,129,0.2961,0.5796,1.732,0,0,0,100,15.05,0.2047,403.8,200,1,0,0.3147,1,1,1,1,1,1,1,4,4,-1,[ OK ]
2135.1,17-Jul-26 13:37:33,2255,167.1,0.1526,130.4,0.2965,0.5797,1.731,0,0,0,100,15.05,0.2053,403.8,200,1,0,0.3164,1,1,1,1,1,1,1,4,4,-1,[ OK ]
2135.5,17-Jul-26 13:37:33,2255,167.1,0.1526,130.4,0.2976,0.58,1.727,0,0,0,100,15.05,0.2059,403.8,200,1,0,0.3096,1,1,1,1,1,1,1,4,4,-1,[ OK ]
2136.0,17-Jul-26 13:37:33,2255,167.1,0.1526,130.4,0.3034,0.58,1.727,0,0,0,100,15.05,0.2048,404.2,200,1,0,0.311,1,1,1,1,1,1,1,4,4,-1,[ OK ]
2136.4,17-Jul-26 13:37:34,2256,167.1,0.1533,128.4,0.297,0.5795,1.732,0,0,0,100,15.05,0.2048,404.1,200,1,0,0.3145,1,1,1,1,1,1,1,4,4,-1,[ OK ]
2136.9,17-Jul-26 13:37:34,2256,167.1,0.1529,129.4,0.2972,0.5804,1.722,0,0,0,100,15.05,0.2034,404.1,200,1,0,0.3263,1,1,1,1,1,1,1,4,4,-1,[ OK ]
2137.4,17-Jul-26 13:37:35,2257,167.1,0.1531,129,0.2902,0.5799,1.729,0,0,0,100,15.05,0.2045,404.1,200,1,0,0.3113,1,1,1,1,1,1,1,4,4,-1,[ OK ]
2137.9,17-Jul-26 13:37:35,2257,167.1,0.1525,130.4,0.2997,0.5794,1.734,0,0,0,100,15.05,0.2055,404,200,1,0,0.3042,1,1,1,1,1,1,1,4,4,-1,[ OK ]
2138.4,17-Jul-26 13:37:36,2258,167.1,0.153,129.5,0.2945,0.5794,1.734,0,0,0,100,15.05,0.2052,403.8,200,1,0,0.3131,1,1,1,1,1,1,1,4,4,-1,[ OK ]
2138.8,17-Jul-26 13:37:36,2258,167.1,0.153,129.3,0.2969,0.5794,1.734,0,0,0,100,15.05,0.2049,404.1,200,1,0,0.3139,1,1,1,1,1,1,1,4,4,-1,[ OK ]
2139.2,17-Jul-26 13:37:37,2259,167.1,0.1526,130.4,0.295,0.5794,1.734,0,0,0,100,15.05,0.2048,404.2,200,1,0,0.314,1,1,1,1,1,1,1,4,4,-1,[ OK ]
2139.6,17-Jul-26 13:37:37,2259,167.1,0.153,129.2,0.2981,0.58,1.727,0,0,0,100,15.05,0.2029,404.1,200,1,0,0.3156,1,1,1,1,1,1,1,4,4,-1,[ OK ]
2140.0,17-Jul-26 13:37:37,2260,167.1,0.1525,130.4,0.3023,0.5797,1.731,0,0,0,100,15.05,0.2051,404.1,200,1,0,0.313,1,1,1,1,1,1,1,4,4,-1,[ OK ]
2140.5,17-Jul-26 13:37:38,2260,167.1,0.153,129.3,0.2986,0.5793,1.735,0,0,0,100,15.05,0.2055,403.9,200,1,0,0.3066,1,1,1,1,1,1,1,4,4,-1,[ OK ]
2140.9,17-Jul-26 13:37:38,2260,167.1,0.1526,130.4,0.2902,0.5801,1.727,0,0,0,100,15.05,0.2054,403.8,200,1,0,0.3151,1,1,1,1,1,1,1,4,4,-1,[ OK ]
2141.3,17-Jul-26 13:37:39,2261,167.1,0.1526,130.4,0.299,0.5802,1.726,0,0,0,100,15.05,0.205,404.1,200,1,0,0.3127,1,1,1,1,1,1,1,4,4,-1,[ OK ]
2141.7,17-Jul-26 13:37:39,2261,167.1,0.1531,129.4,0.2973,0.5794,1.735,0,0,0,100,15.05,0.2055,403.8,200,1,0,0.3093,1,1,1,1,1,1,1,4,4,-1,[ OK ]
2142.1,17-Jul-26 13:37:40,2262,167.1,0.1531,129.4,0.2957,0.5795,1.733,0,0,0,100,15.05,0.2047,404.1,200,1,0,0.3144,1,1,1,1,1,1,1,4,4,-1,[ OK ]
2142.5,17-Jul-26 13:37:40,2262,167.1,0.1527,130.4,0.2975,0.5801,1.726,0,0,0,100,15.05,0.2043,404.2,200,1,0,0.3109,1,1,1,1,1,1,1,4,4,-1,[ OK ]
2143.0,17-Jul-26 13:37:40,2262,167.1,0.1531,129.3,0.2962,0.5795,1.733,0,0,0,100,15.05,0.2051,404,200,1,0,0.3091,1,1,1,1,1,1,1,4,4,-1,[ OK ]
2143.4,17-Jul-26 13:37:41,2263,167.1,0.1531,129.3,0.2975,0.5795,1.732,0,0,0,100,15.05,0.2045,403.8,200,1,0,0.3111,1,1,1,1,1,1,1,4,4,-1,[ OK ]
2143.8,17-Jul-26 13:37:41,2263,167.1,0.153,129.4,0.3025,0.5794,1.736,0,0,0,100,15.05,0.205,404.1,200,1,0,0.3125,1,1,1,1,1,1,1,4,4,-1,[ OK ]
2144.2,17-Jul-26 13:37:42,2264,167.1,0.1526,130.4,0.2942,0.5797,1.731,0,0,0,100,15.05,0.2049,404.2,200,1,0,0.3089,1,1,1,1,1,1,1,4,4,-1,[ OK ]
2144.6,17-Jul-26 13:37:42,2264,167.1,0.1532,128.9,0.2932,0.58,1.728,0,0,0,100,15.05,0.2031,403.8,200,1,0,0.3194,1,1,1,1,1,1,1,4,4,-1,[ OK ]
2145.1,17-Jul-26 13:37:43,2265,167.1,0.1526,130.4,0.3013,0.5803,1.725,0,0,0,100,15.05,0.2046,404.2,200,1,0,0.3046,1,1,1,1,1,1,1,4,4,-1,[ OK ]
2145.5,17-Jul-26 13:37:43,2265,167.1,0.1526,130.4,0.2995,0.5796,1.734,0,0,0,100,15.05,0.2036,404.1,200,1,0,0.318,1,1,1,1,1,1,1,4,4,-1,[ OK ]
2145.9,17-Jul-26 13:37:43,2265,167.1,0.1529,129.5,0.2953,0.5802,1.726,0,0,0,100,15.05,0.2046,404.1,200,1,0,0.3115,1,1,1,1,1,1,1,4,4,-1,[ OK ]
2146.3,17-Jul-26 13:37:44,2266,167.1,0.1526,130.4,0.2999,0.58,1.728,0,0,0,100,15.05,0.2048,403.8,200,1,0,0.3138,1,1,1,1,1,1,1,4,4,-1,[ OK ]
2146.8,17-Jul-26 13:37:44,2266,167.1,0.153,129.3,0.297,0.5797,1.731,0,0,0,100,15.05,0.2039,403.9,200,1,0,0.3157,1,1,1,1,1,1,1,4,4,-1,[ OK ]
2147.2,17-Jul-26 13:37:45,2267,167.1,0.1526,130.4,0.299,0.58,1.728,0,0,0,100,15.05,0.2046,404,200,1,0,0.3126,1,1,1,1,1,1,1,4,4,-1,[ OK ]
2147.6,17-Jul-26 13:37:45,2267,167.1,0.1531,129,0.2975,0.5802,1.726,0,0,0,100,15.05,0.2052,404.1,200,1,0,0.3155,1,1,1,1,1,1,1,4,4,-1,[ OK ]
2148.0,17-Jul-26 13:37:45,2268,167.1,0.1526,130.4,0.2934,0.5797,1.732,0,0,0,100,15.05,0.2047,404.2,200,1,0,0.3107,1,1,1,1,1,1,1,4,4,-1,[ OK ]
2148.4,17-Jul-26 13:37:46,2268,167.1,0.1525,130.4,0.2966,0.5796,1.732,0,0,0,100,15.05,0.2054,403.8,200,1,0,0.3052,1,1,1,1,1,1,1,4,4,-1,[ OK ]
2148.8,17-Jul-26 13:37:46,2268,167.1,0.1526,130.4,0.2964,0.58,1.728,0,0,0,100,15.05,0.2051,404,200,1,0,0.3069,1,1,1,1,1,1,1,4,4,-1,[ OK ]
2149.3,17-Jul-26 13:37:47,2269,167.1,0.1525,130.4,0.2997,0.5796,1.733,0,0,0,100,15.05,0.2034,403.9,200,1,0,0.3085,1,1,1,1,1,1,1,4,4,-1,[ OK ]
2149.7,17-Jul-26 13:37:47,2269,167.1,0.1526,130.4,0.2981,0.5799,1.73,0,0,0,100,15.05,0.2044,403.9,200,1,0,0.3143,1,1,1,1,1,1,1,4,4,-1,[ OK ]
2150.1,17-Jul-26 13:37:48,2270,167.1,0.153,129.2,0.2977,0.5801,1.729,0,0,0,100,15.05,0.2046,404,200,1,0,0.3152,1,1,1,1,1,1,1,4,4,-1,[ OK ]
2150.5,17-Jul-26 13:37:48,2270,167.1,0.1531,129,0.2958,0.5797,1.732,0,0,0,100,15.05,0.204,404.2,200,1,0,0.3139,1,1,1,1,1,1,1,4,4,-1,[ OK ]
2150.9,17-Jul-26 13:37:48,2270,167.1,0.153,129.3,0.3006,0.5803,1.726,0,0,0,100,15.05,0.2048,403.9,200,1,0,0.3122,1,1,1,1,1,1,1,4,4,-1,[ OK ]
2151.4,17-Jul-26 13:37:49,2271,167.1,0.1526,130.6,0.2997,0.5801,1.727,0,0,0,100,15.05,0.2063,404.1,200,1,0,0.3077,1,1,1,1,1,1,1,4,4,-1,[ OK ]
2151.9,17-Jul-26 13:37:49,2271,167.1,0.1526,130.4,0.2911,0.5799,1.73,0,0,0,100,15.05,0.2046,404.1,200,1,0,0.3146,1,1,1,1,1,1,1,4,4,-1,[ OK ]
2152.3,17-Jul-26 13:37:50,2272,167.1,0.153,129.3,0.2976,0.5801,1.726,0,0,0,100,15.05,0.2062,404,200,1,0,0.3063,1,1,1,1,1,1,1,4,4,-1,[ OK ]
2152.7,17-Jul-26 13:37:50,2272,167.1,0.1526,130.4,0.2965,0.5803,1.725,0,0,0,100,15.05,0.205,404,200,1,0,0.3027,1,1,1,1,1,1,1,4,4,-1,[ OK ]
2153.1,17-Jul-26 13:37:51,2273,167.1,0.1529,129.5,0.2919,0.5801,1.727,0,0,0,100,15.05,0.2048,403.9,200,1,0,0.317,1,1,1,1,1,1,1,4,4,-1,[ OK ]
2153.6,17-Jul-26 13:37:51,2273,167.1,0.1532,128.9,0.2983,0.58,1.728,0,0,0,100,15.05,0.2045,404.1,200,1,0,0.3213,1,1,1,1,1,1,1,4,4,-1,[ OK ]
2154.0,17-Jul-26 13:37:51,2273,167.1,0.1526,130.4,0.2964,0.5795,1.734,0,0,0,100,15.05,0.204,404,200,1,0,0.3205,1,1,1,1,1,1,1,4,4,-1,[ OK ]
2154.4,17-Jul-26 13:37:52,2274,167.1,0.153,129.3,0.2983,0.5796,1.733,0,0,0,100,15.05,0.2057,404,200,1,0,0.3162,1,1,1,1,1,1,1,4,4,-1,[ OK ]
2154.8,17-Jul-26 13:37:52,2274,167.1,0.153,129.3,0.2981,0.5795,1.734,0,0,0,100,15.05,0.2048,404,200,1,0,0.3153,1,1,1,1,1,1,1,4,4,-1,[ OK ]
2155.2,17-Jul-26 13:37:53,2275,167.1,0.1526,130.4,0.2959,0.5801,1.726,0,0,0,100,15.05,0.2038,404.1,200,1,0,0.3256,1,1,1,1,1,1,1,4,4,-1,[ OK ]
2155.7,17-Jul-26 13:37:53,2275,167.1,0.1526,130.4,0.3021,0.5795,1.734,0,0,0,100,15.05,0.2052,403.9,200,1,0,0.3067,1,1,1,1,1,1,1,4,4,-1,[ OK ]
2156.1,17-Jul-26 13:37:54,2276,167.1,0.1525,130.4,0.2945,0.5802,1.725,0,0,0,100,15.05,0.2059,403.8,200,1,0,0.3079,1,1,1,1,1,1,1,4,4,-1,[ OK ]
2156.5,17-Jul-26 13:37:54,2276,167.1,0.1525,130.4,0.2981,0.5795,1.733,0,0,0,100,15.05,0.2047,403.8,200,1,0,0.3152,1,1,1,1,1,1,1,4,4,-1,[ OK ]
2156.9,17-Jul-26 13:37:54,2276,167.1,0.1529,129.4,0.2973,0.5799,1.727,0,0,0,100,15.05,0.2046,404.1,200,1,0,0.3152,1,1,1,1,1,1,1,4,4,-1,[ OK ]
2157.3,17-Jul-26 13:37:55,2277,167.1,0.1525,130.4,0.2994,0.5801,1.725,0,0,0,100,15.05,0.2043,403.8,200,1,0,0.3139,1,1,1,1,1,1,1,4,4,-1,[ OK ]
2157.8,17-Jul-26 13:37:55,2277,167.1,0.1531,128.8,0.2971,0.5792,1.737,0,0,0,100,15.05,0.2045,404,200,1,0,0.3123,1,1,1,1,1,1,1,4,4,-1,[ OK ]
2158.2,17-Jul-26 13:37:56,2278,167.1,0.153,129.4,0.2981,0.5797,1.731,0,0,0,100,15.05,0.2051,404.1,200,1,0,0.3132,1,1,1,1,1,1,1,4,4,-1,[ OK ]
2158.7,17-Jul-26 13:37:56,2278,167.1,0.1526,130.4,0.3002,0.5795,1.733,0,0,0,100,15.05,0.2047,404.1,200,1,0,0.3137,1,1,1,1,1,1,1,4,4,-1,[ OK ]
2159.1,17-Jul-26 13:37:57,2279,167.1,0.1526,130.4,0.2993,0.5801,1.727,0,0,0,100,15.05,0.2057,404.2,200,1,0,0.3038,1,1,1,1,1,1,1,4,4,-1,[ OK ]
2159.6,17-Jul-26 13:37:57,2279,167.1,0.1529,129.5,0.2994,0.5802,1.726,0,0,0,100,15.05,0.2058,404.2,200,1,0,0.3145,1,1,1,1,1,1,1,4,4,-1,[ OK ]
2160.0,17-Jul-26 13:37:57,2279,167.1,0.1525,130.4,0.2994,0.5794,1.734,0,0,0,100,15.05,0.2062,403.8,200,1,0,0.3046,1,1,1,1,1,1,1,4,4,-1,[ OK ]
2160.4,17-Jul-26 13:37:58,2280,167.1,0.1525,130.4,0.2959,0.5797,1.731,0,0,0,100,15.05,0.2056,403.8,200,1,0,0.3219,1,1,1,1,1,1,1,4,4,-1,[ OK ]
2160.8,17-Jul-26 13:37:58,2280,167.1,0.1526,130.4,0.2978,0.5794,1.735,0,0,0,100,15.05,0.205,404.1,200,1,0,0.2939,1,1,1,1,1,1,1,4,4,-1,[ OK ]
2161.2,17-Jul-26 13:37:59,2281,167.1,0.1526,130.4,0.2997,0.5794,1.735,0,0,0,100,15.05,0.204,404.2,200,1,0,0.3197,1,1,1,1,1,1,1,4,4,-1,[ OK ]
2161.7,17-Jul-26 13:37:59,2281,167.1,0.1527,130.4,0.295,0.5801,1.726,0,0,0,100,15.05,0.2047,403.9,200,1,0,0.3098,1,1,1,1,1,1,1,4,4,-1,[ OK ]
2162.1,17-Jul-26 13:37:59,2282,167.1,0.1526,130.4,0.299,0.58,1.727,0,0,0,100,15.05,0.2054,404.2,200,1,0,0.3112,1,1,1,1,1,1,1,4,4,-1,[ OK ]
2162.5,17-Jul-26 13:38:00,2282,167.1,0.1533,128.7,0.2988,0.58,1.727,0,0,0,100,15.05,0.2051,403.9,200,1,0,0.313,1,1,1,1,1,1,1,4,4,-1,[ OK ]
2162.9,17-Jul-26 13:38:00,2282,167.1,0.1527,130.4,0.3005,0.5803,1.724,0,0,0,100,15.05,0.2041,404.1,200,1,0,0.3122,1,1,1,1,1,1,1,4,4,-1,[ OK ]
2163.3,17-Jul-26 13:38:01,2283,167.1,0.1526,130.4,0.3029,0.5798,1.729,0,0,0,100,15.05,0.2049,404.1,200,1,0,0.3165,1,1,1,1,1,1,1,4,4,-1,[ OK ]
2163.7,17-Jul-26 13:38:01,2283,167.1,0.1527,130.4,0.2978,0.5796,1.731,0,0,0,100,15.05,0.2055,403.9,200,1,0,0.3098,1,1,1,1,1,1,1,4,4,-1,[ OK ]
2164.2,17-Jul-26 13:38:02,2284,167.1,0.1527,130.4,0.299,0.5795,1.732,0,0,0,100,15.05,0.2051,404.1,200,1,0,0.3158,1,1,1,1,1,1,1,4,4,-1,[ OK ]
2164.6,17-Jul-26 13:38:02,2284,167.1,0.1532,129.1,0.2989,0.5799,1.727,0,0,0,100,15.05,0.2047,403.9,200,1,0,0.3094,1,1,1,1,1,1,1,4,4,-1,[ OK ]
2165.0,17-Jul-26 13:38:02,2285,167.1,0.1527,130.4,0.2976,0.5799,1.727,0,0,0,100,15.05,0.2045,403.9,200,1,0,0.3121,1,1,1,1,1,1,1,4,4,-1,[ OK ]
2165.4,17-Jul-26 13:38:03,2285,167.1,0.1526,130.4,0.2975,0.58,1.727,0,0,0,100,15.05,0.2043,404.1,200,1,0,0.3116,1,1,1,1,1,1,1,4,4,-1,[ OK ]
2165.8,17-Jul-26 13:38:03,2285,167.1,0.1526,130.4,0.2988,0.5796,1.731,0,0,0,100,15.05,0.2057,403.9,200,1,0,0.3157,1,1,1,1,1,1,1,4,4,-1,[ OK ]
2166.3,17-Jul-26 13:38:04,2286,167.1,0.1527,130.4,0.2972,0.5799,1.727,0,0,0,100,15.05,0.2039,404,200,1,0,0.3088,1,1,1,1,1,1,1,4,4,-1,[ OK ]
2166.7,17-Jul-26 13:38:04,2286,167.1,0.1526,130.4,0.2971,0.5794,1.734,0,0,0,100,15.05,0.2056,404.2,200,1,0,0.3192,1,1,1,1,1,1,1,4,4,-1,[ OK ]
2167.1,17-Jul-26 13:38:05,2287,167.1,0.1526,130.4,0.2984,0.5793,1.735,0,0,0,100,15.05,0.2041,403.9,200,1,0,0.3119,1,1,1,1,1,1,1,4,4,-1,[ OK ]
2167.5,17-Jul-26 13:38:05,2287,167.1,0.1527,130.4,0.2959,0.58,1.727,0,0,0,100,15.05,0.2048,403.9,200,1,0,0.3163,1,1,1,1,1,1,1,4,4,-1,[ OK ]
2168.0,17-Jul-26 13:38:05,2287,167.1,0.1534,128.5,0.3001,0.5802,1.725,0,0,0,100,15.05,0.206,404.2,200,1,0,0.3106,1,1,1,1,1,1,1,4,4,-1,[ OK ]
2168.4,17-Jul-26 13:38:06,2288,167.1,0.1527,130.4,0.2986,0.5802,1.725,0,0,0,100,15.05,0.205,404.1,200,1,0,0.3114,1,1,1,1,1,1,1,4,4,-1,[ OK ]
2168.8,17-Jul-26 13:38:06,2288,167.1,0.1531,129.3,0.2983,0.5796,1.732,0,0,0,100,15.05,0.2045,403.8,200,1,0,0.3095,1,1,1,1,1,1,1,4,4,-1,[ OK ]
2169.3,17-Jul-26 13:38:07,2289,167.1,0.1526,130.4,0.2991,0.58,1.727,0,0,0,100,15.05,0.2054,404.1,200,1,0,0.3103,1,1,1,1,1,1,1,4,4,-1,[ OK ]
2169.7,17-Jul-26 13:38:07,2289,167.1,0.1527,130.4,0.2964,0.5799,1.729,0,0,0,100,15.05,0.2053,404.1,200,1,0,0.316,1,1,1,1,1,1,1,4,4,-1,[ OK ]
2170.2,17-Jul-26 13:38:08,2290,167.1,0.1527,130.4,0.2983,0.5799,1.728,0,0,0,100,15.05,0.2043,404.1,200,1,0,0.3183,1,1,1,1,1,1,1,4,4,-1,[ OK ]
2170.6,17-Jul-26 13:38:08,2290,167.1,0.1527,130.4,0.2985,0.5801,1.724,0,0,0,100,15.05,0.2054,404,200,1,0,0.3181,1,1,1,1,1,1,1,4,4,-1,[ OK ]
2171.0,17-Jul-26 13:38:08,2290,167.1,0.1531,129.3,0.2996,0.5795,1.732,0,0,0,100,15.05,0.2046,403.7,200,1,0,0.3175,1,1,1,1,1,1,1,4,4,-1,[ OK ]
2171.4,17-Jul-26 13:38:09,2291,167.1,0.1527,130.4,0.2948,0.58,1.726,0,0,0,100,15.05,0.2049,404,200,1,0,0.3123,1,1,1,1,1,1,1,4,4,-1,[ OK ]
2171.9,17-Jul-26 13:38:09,2291,167.1,0.1532,129.1,0.2959,0.58,1.726,0,0,0,100,15.05,0.2049,403.8,200,1,0,0.313,1,1,1,1,1,1,1,4,4,-1,[ OK ]
2172.5,17-Jul-26 13:38:10,2292,167.1,0.1527,130.4,0.298,0.5795,1.733,0,0,0,100,15.05,0.2046,403.9,200,1,0,0.3165,1,1,1,1,1,1,1,4,4,-1,[ OK ]
2173.0,17-Jul-26 13:38:10,2292,167.1,0.1527,130.4,0.2997,0.58,1.727,0,0,0,100,15.05,0.2058,404.2,200,1,0,0.3179,1,1,1,1,1,1,1,4,4,-1,[ OK ]
2173.4,17-Jul-26 13:38:11,2293,167.1,0.1532,128.9,0.2981,0.5796,1.731,0,0,0,100,15.05,0.2049,404.1,200,1,0,0.3139,1,1,1,1,1,1,1,4,4,-1,[ OK ]
2173.8,17-Jul-26 13:38:11,2293,167.1,0.153,129.4,0.2949,0.5795,1.733,0,0,0,100,15.05,0.205,404.2,200,1,0,0.3158,1,1,1,1,1,1,1,4,4,-1,[ OK ]
2174.2,17-Jul-26 13:38:12,2294,167.1,0.1526,130.4,0.2968,0.5797,1.73,0,0,0,100,15.05,0.2053,404.1,200,1,0,0.3047,1,1,1,1,1,1,1,4,4,-1,[ OK ]
2174.7,17-Jul-26 13:38:12,2294,167.1,0.1526,130.4,0.2981,0.5801,1.726,0,0,0,100,15.05,0.205,404.1,200,1,0,0.308,1,1,1,1,1,1,1,4,4,-1,[ OK ]
2175.1,17-Jul-26 13:38:13,2295,167.1,0.1527,130.4,0.2971,0.5801,1.726,0,0,0,100,15.05,0.2049,404.1,200,1,0,0.3184,1,1,1,1,1,1,1,4,4,-1,[ OK ]
2175.5,17-Jul-26 13:38:13,2295,167.1,0.153,129.4,0.2983,0.5794,1.734,0,0,0,100,15.05,0.205,403.8,200,1,0,0.3143,1,1,1,1,1,1,1,4,4,-1,[ OK ]
2175.9,17-Jul-26 13:38:13,2295,167.1,0.1526,130.4,0.3028,0.5802,1.726,0,0,0,100,15.05,0.2044,403.9,200,1,0,0.3163,1,1,1,1,1,1,1,4,4,-1,[ OK ]
2176.3,17-Jul-26 13:38:14,2296,167.1,0.1531,129.2,0.2974,0.5796,1.733,0,0,0,100,15.05,0.2052,404.1,200,1,0,0.3132,1,1,1,1,1,1,1,4,4,-1,[ OK ]
2176.8,17-Jul-26 13:38:14,2296,167.1,0.1532,128.9,0.2976,0.5799,1.728,0,0,0,100,15.05,0.2039,404.1,200,1,0,0.3123,1,1,1,1,1,1,1,4,4,-1,[ OK ]
2177.2,17-Jul-26 13:38:15,2297,167.1,0.1526,130.4,0.2974,0.5797,1.731,0,0,0,100,15.05,0.2052,403.8,200,1,0,0.3125,1,1,1,1,1,1,1,4,4,-1,[ OK ]
2177.6,17-Jul-26 13:38:15,2297,167.1,0.1531,129.1,0.3007,0.5803,1.725,0,0,0,100,15.05,0.2046,404.2,200,1,0,0.3062,1,1,1,1,1,1,1,4,4,-1,[ OK ]
2178.0,17-Jul-26 13:38:15,2298,167.1,0.1526,130.4,0.2997,0.5806,1.721,0,0,0,100,15.05,0.2052,403.8,200,1,0,0.3093,1,1,1,1,1,1,1,4,4,-1,[ OK ]
2178.4,17-Jul-26 13:38:16,2298,167.1,0.1525,130.4,0.2903,0.5795,1.735,0,0,0,100,15.05,0.2043,403.8,200,1,0,0.3119,1,1,1,1,1,1,1,4,4,-1,[ OK ]
2178.9,17-Jul-26 13:38:16,2298,167.1,0.1526,130.5,0.2974,0.5795,1.735,0,0,0,100,15.05,0.2055,403.8,200,1,0,0.3126,1,1,1,1,1,1,1,4,4,-1,[ OK ]
2179.3,17-Jul-26 13:38:17,2299,167.1,0.1531,129.2,0.2966,0.5806,1.721,0,0,0,100,15.05,0.2045,404.1,200,1,0,0.3132,1,1,1,1,1,1,1,4,4,-1,[ OK ]
2179.7,17-Jul-26 13:38:17,2299,167.1,0.1531,129,0.2973,0.5801,1.727,0,0,0,100,15.05,0.2046,404.1,200,1,0,0.3114,1,1,1,1,1,1,1,4,4,-1,[ OK ]
2180.1,17-Jul-26 13:38:18,2300,167.1,0.153,129.3,0.2968,0.5796,1.733,0,0,0,100,15.05,0.2051,403.8,200,1,0,0.319,1,1,1,1,1,1,1,4,4,-1,[ OK ]
2180.5,17-Jul-26 13:38:18,2300,167.1,0.1526,130.4,0.2902,0.5802,1.726,0,0,0,100,15.05,0.2042,403.8,200,1,0,0.3137,1,1,1,1,1,1,1,4,4,-1,[ OK ]
2181.0,17-Jul-26 13:38:18,2300,167.1,0.1526,130.4,0.2986,0.5798,1.731,0,0,0,100,15.05,0.2053,403.8,200,1,0,0.3071,1,1,1,1,1,1,1,4,4,-1,[ OK ]
2181.4,17-Jul-26 13:38:19,2301,167.1,0.1526,130.4,0.2973,0.5798,1.731,0,0,0,100,15.05,0.2056,403.8,200,1,0,0.3005,1,1,1,1,1,1,1,4,4,-1,[ OK ]
2181.8,17-Jul-26 13:38:19,2301,167.1,0.153,129.3,0.2978,0.5795,1.734,0,0,0,100,15.05,0.2039,403.8,200,1,0,0.3182,1,1,1,1,1,1,1,4,4,-1,[ OK ]
2182.2,17-Jul-26 13:38:20,2302,167.1,0.1526,130.4,0.2977,0.5802,1.727,0,0,0,100,15.05,0.2052,403.8,200,1,0,0.3061,1,1,1,1,1,1,1,4,4,-1,[ OK ]
2182.6,17-Jul-26 13:38:20,2302,167.1,0.153,129.4,0.2997,0.5795,1.735,0,0,0,100,15.05,0.205,404.1,200,1,0,0.3082,1,1,1,1,1,1,1,4,4,-1,[ OK ]
2183.1,17-Jul-26 13:38:21,2303,167.1,0.1531,129.2,0.2988,0.5797,1.733,0,0,0,100,15.05,0.2045,404.2,200,1,0,0.324,1,1,1,1,1,1,1,4,4,-1,[ OK ]
2183.5,17-Jul-26 13:38:21,2303,167.1,0.1527,130.4,0.2988,0.5797,1.733,0,0,0,100,15.05,0.2051,404.2,200,1,0,0.32,1,1,1,1,1,1,1,4,4,-1,[ OK ]
2183.9,17-Jul-26 13:38:21,2303,167.1,0.1527,130.4,0.295,0.5801,1.728,0,0,0,100,15.05,0.2052,404.1,200,1,0,0.3108,1,1,1,1,1,1,1,4,4,-1,[ OK ]
2184.3,17-Jul-26 13:38:22,2304,167.1,0.153,129.6,0.2964,0.5804,1.724,0,0,0,100,15.05,0.2046,403.9,200,1,0,0.3156,1,1,1,1,1,1,1,4,4,-1,[ OK ]
2184.7,17-Jul-26 13:38:22,2304,167.1,0.1531,129.2,0.2943,0.5797,1.733,0,0,0,100,15.05,0.2043,404,200,1,0,0.314,1,1,1,1,1,1,1,4,4,-1,[ OK ]
2185.2,17-Jul-26 13:38:23,2305,167.1,0.1526,130.4,0.3001,0.5801,1.727,0,0,0,100,15.05,0.2048,404.1,200,1,0,0.3038,1,1,1,1,1,1,1,4,4,-1,[ OK ]
2185.6,17-Jul-26 13:38:23,2305,167.1,0.1524,130.9,0.2969,0.5796,1.734,0,0,0,100,15.05,0.2037,404.1,200,1,0,0.3131,1,1,1,1,1,1,1,4,4,-1,[ OK ]
2186.0,17-Jul-26 13:38:23,2305,167.1,0.153,129.3,0.2989,0.58,1.729,0,0,0,100,15.05,0.2051,404.1,200,1,0,0.31,1,1,1,1,1,1,1,4,4,-1,[ OK ]
2186.4,17-Jul-26 13:38:24,2306,167.1,0.1526,130.4,0.296,0.5802,1.727,0,0,0,100,15.05,0.2044,403.8,200,1,0,0.3085,1,1,1,1,1,1,1,4,4,-1,[ OK ]
2186.8,17-Jul-26 13:38:24,2306,167.1,0.1531,128.9,0.2962,0.5801,1.727,0,0,0,100,15.05,0.2052,403.8,200,1,0,0.2932,1,1,1,1,1,1,1,4,4,-1,[ OK ]
2187.3,17-Jul-26 13:38:25,2307,167.1,0.1526,130.4,0.2977,0.5801,1.728,0,0,0,100,15.05,0.2051,403.9,200,1,0,0.3113,1,1,1,1,1,1,1,4,4,-1,[ OK ]
2187.6,17-Jul-26 13:38:25,2307,167.1,0.1526,130.4,0.3062,0.5801,1.728,0,0,0,100,15.05,0.2048,403.9,200,1,0,0.3076,1,1,1,1,1,1,1,4,4,-1,[ OK ]
2188.0,17-Jul-26 13:38:25,2307,167.1,0.153,129.3,0.2991,0.5801,1.728,0,0,0,100,15.05,0.2048,403.7,200,1,0,0.3122,1,1,1,1,1,1,1,4,4,-1,[ OK ]
2188.4,17-Jul-26 13:38:26,2308,167.1,0.1526,130.4,0.2981,0.5802,1.727,0,0,0,100,15.05,0.2055,403.9,200,1,0,0.3142,1,1,1,1,1,1,1,4,4,-1,[ OK ]
2188.8,17-Jul-26 13:38:26,2308,167.1,0.1529,129.4,0.2933,0.5803,1.726,0,0,0,100,15.05,0.2053,403.8,200,1,0,0.3077,1,1,1,1,1,1,1,4,4,-1,[ OK ]
2189.3,17-Jul-26 13:38:27,2309,167.1,0.153,129.2,0.2982,0.5804,1.725,0,0,0,100,15.05,0.2047,404.1,200,1,0,0.3228,1,1,1,1,1,1,1,4,4,-1,[ OK ]
2189.7,17-Jul-26 13:38:27,2309,167.1,0.1529,129.4,0.299,0.5803,1.726,0,0,0,100,15.05,0.2056,404,200,1,0,0.3143,1,1,1,1,1,1,1,4,4,-1,[ OK ]
2190.1,17-Jul-26 13:38:28,2310,167.1,0.1534,128.2,0.3013,0.5804,1.725,0,0,0,100,15.05,0.2047,403.9,200,1,0,0.3068,1,1,1,1,1,1,1,4,4,-1,[ OK ]
2190.5,17-Jul-26 13:38:28,2310,167.1,0.153,129.3,0.2971,0.5802,1.726,0,0,0,100,15.05,0.2048,403.8,200,1,0,0.3178,1,1,1,1,1,1,1,4,4,-1,[ OK ]
2191.0,17-Jul-26 13:38:28,2310,167.1,0.1526,130.4,0.2966,0.5801,1.727,0,0,0,100,15.05,0.2054,403.9,200,1,0,0.3097,1,1,1,1,1,1,1,4,4,-1,[ OK ]
2191.4,17-Jul-26 13:38:29,2311,167.1,0.1527,130.4,0.3021,0.5797,1.732,0,0,0,100,15.05,0.2053,404.1,200,1,0,0.3059,1,1,1,1,1,1,1,4,4,-1,[ OK ]
2191.8,17-Jul-26 13:38:29,2311,167.1,0.1531,129.3,0.2978,0.5795,1.734,0,0,0,100,15.05,0.2039,404.1,200,1,0,0.3165,1,1,1,1,1,1,1,4,4,-1,[ OK ]
2192.2,17-Jul-26 13:38:30,2312,167.1,0.1527,130.4,0.2986,0.5795,1.735,0,0,0,100,15.05,0.2056,403.8,200,1,0,0.3147,1,1,1,1,1,1,1,4,4,-1,[ OK ]
2192.6,17-Jul-26 13:38:30,2312,167.1,0.1527,130.4,0.2969,0.5797,1.733,0,0,0,100,15.05,0.2052,404.1,200,1,0,0.3181,1,1,1,1,1,1,1,4,4,-1,[ OK ]
2193.0,17-Jul-26 13:38:30,2313,167.1,0.1527,130.4,0.2997,0.5801,1.727,0,0,0,100,15.05,0.206,403.9,200,1,0,0.2978,1,1,1,1,1,1,1,4,4,-1,[ OK ]
2193.5,17-Jul-26 13:38:31,2313,167.1,0.1527,130.4,0.2961,0.5796,1.734,0,0,0,100,15.05,0.205,404.2,200,1,0,0.314,1,1,1,1,1,1,1,4,4,-1,[ OK ]
2193.9,17-Jul-26 13:38:31,2313,167.1,0.153,129.3,0.3012,0.5802,1.726,0,0,0,100,15.05,0.2049,404.1,200,1,0,0.3166,1,1,1,1,1,1,1,4,4,-1,[ OK ]
2194.3,17-Jul-26 13:38:32,2314,167.1,0.1531,129.2,0.3001,0.5794,1.735,0,0,0,100,15.05,0.2054,403.8,200,1,0,0.3103,1,1,1,1,1,1,1,4,4,-1,[ OK ]
2194.7,17-Jul-26 13:38:32,2314,167.1,0.1527,130.4,0.3015,0.58,1.727,0,0,0,100,15.05,0.2048,403.9,200,1,0,0.3128,1,1,1,1,1,1,1,4,4,-1,[ OK ]
2195.1,17-Jul-26 13:38:33,2315,167.1,0.1531,129.3,0.2968,0.5794,1.735,0,0,0,100,15.05,0.205,403.7,200,1,0,0.3105,1,1,1,1,1,1,1,4,4,-1,[ OK ]
2195.6,17-Jul-26 13:38:33,2315,167.1,0.1527,130.4,0.2963,0.5798,1.731,0,0,0,100,15.05,0.2046,404,200,1,0,0.3174,1,1,1,1,1,1,1,4,4,-1,[ OK ]
2196.0,17-Jul-26 13:38:33,2315,167.1,0.1533,128.8,0.2972,0.5796,1.732,0,0,0,100,15.05,0.205,404.1,200,1,0,0.3057,1,1,1,1,1,1,1,4,4,-1,[ OK ]
2196.4,17-Jul-26 13:38:34,2316,167.1,0.1527,130.4,0.3005,0.5804,1.724,0,0,0,100,15.05,0.2047,404.1,200,1,0,0.3159,1,1,1,1,1,1,1,4,4,-1,[ OK ]
2196.8,17-Jul-26 13:38:34,2316,167.1,0.1531,129.3,0.2991,0.5804,1.724,0,0,0,100,15.05,0.2059,403.8,200,1,0,0.3173,1,1,1,1,1,1,1,4,4,-1,[ OK ]
2197.1,17-Jul-26 13:38:35,2317,167.1,0.1531,129.3,0.298,0.5796,1.734,0,0,0,100,15.05,0.2056,403.9,200,1,0,0.3126,1,1,1,1,1,1,1,4,4,-1,[ OK ]
2197.6,17-Jul-26 13:38:35,2317,167.1,0.1527,130.4,0.2966,0.5798,1.731,0,0,0,100,15.05,0.205,404.1,200,1,0,0.313,1,1,1,1,1,1,1,4,4,-1,[ OK ]
2198.0,17-Jul-26 13:38:35,2317,167.1,0.1527,130.4,0.2982,0.5795,1.734,0,0,0,100,15.05,0.2041,403.9,200,1,0,0.3103,1,1,1,1,1,1,1,4,4,-1,[ OK ]
2198.5,17-Jul-26 13:38:36,2318,167.1,0.1527,130.4,0.2958,0.5796,1.733,0,0,0,100,15.05,0.2048,403.9,200,1,0,0.3138,1,1,1,1,1,1,1,4,4,-1,[ OK ]
2198.9,17-Jul-26 13:38:36,2318,167.1,0.1532,128.9,0.2981,0.5801,1.727,0,0,0,100,15.05,0.2048,404.1,200,1,0,0.3094,1,1,1,1,1,1,1,4,4,-1,[ OK ]
2199.4,17-Jul-26 13:38:37,2319,167.1,0.1527,130.4,0.298,0.5797,1.732,0,0,0,100,15.05,0.2038,404.1,200,1,0,0.3187,1,1,1,1,1,1,1,4,4,-1,[ OK ]
2199.8,17-Jul-26 13:38:37,2319,167.1,0.1527,130.4,0.2979,0.5802,1.725,0,0,0,100,15.05,0.2049,403.8,200,1,0,0.3072,1,1,1,1,1,1,1,4,4,-1,[ OK ]
2200.2,17-Jul-26 13:38:38,2320,167.1,0.1533,128.7,0.2986,0.5796,1.733,0,0,0,100,15.05,0.2051,404.1,200,1,0,0.3128,1,1,1,1,1,1,1,4,4,-1,[ OK ]
2200.6,17-Jul-26 13:38:38,2320,167.1,0.1527,130.4,0.3048,0.5799,1.728,0,0,0,100,15.05,0.2049,404.1,200,1,0,0.313,1,1,1,1,1,1,1,4,4,-1,[ OK ]
2201.0,17-Jul-26 13:38:38,2321,167.1,0.1532,129.1,0.2985,0.5795,1.733,0,0,0,100,15.05,0.2051,404.1,200,1,0,0.312,1,1,1,1,1,1,1,4,4,-1,[ OK ]
2201.5,17-Jul-26 13:38:39,2321,167.1,0.1527,130.4,0.2965,0.5804,1.723,0,0,0,100,15.05,0.2042,404.1,200,1,0,0.3126,1,1,1,1,1,1,1,4,4,-1,[ OK ]
2201.9,17-Jul-26 13:38:39,2321,167.1,0.1527,130.4,0.2958,0.5796,1.733,0,0,0,100,15.05,0.2039,404,200,1,0,0.3192,1,1,1,1,1,1,1,4,4,-1,[ OK ]
2202.3,17-Jul-26 13:38:40,2322,167.1,0.153,129.4,0.2987,0.5801,1.726,0,0,0,100,15.05,0.205,404.1,200,1,0,0.3232,1,1,1,1,1,1,1,4,4,-1,[ OK ]
2202.7,17-Jul-26 13:38:40,2322,167.1,0.1533,129,0.2985,0.5796,1.732,0,0,0,100,15.05,0.2062,404.2,200,1,0,0.3155,1,1,1,1,1,1,1,4,4,-1,[ OK ]
2203.1,17-Jul-26 13:38:41,2323,167.1,0.1527,130.4,0.2983,0.5799,1.728,0,0,0,100,15.05,0.2047,404.1,200,1,0,0.3137,1,1,1,1,1,1,1,4,4,-1,[ OK ]
2203.6,17-Jul-26 13:38:41,2323,167.1,0.1526,130.6,0.2918,0.5802,1.725,0,0,0,100,15.05,0.2055,403.8,200,1,0,0.3161,1,1,1,1,1,1,1,4,4,-1,[ OK ]
2204.0,17-Jul-26 13:38:41,2323,167.1,0.1527,130.4,0.3013,0.5799,1.729,0,0,0,100,15.05,0.2041,403.9,200,1,0,0.3148,1,1,1,1,1,1,1,4,4,-1,[ OK ]
2204.4,17-Jul-26 13:38:42,2324,167.1,0.1527,130.4,0.3013,0.5798,1.73,0,0,0,100,15.05,0.206,404,200,1,0,0.2995,1,1,1,1,1,1,1,4,4,-1,[ OK ]
2204.9,17-Jul-26 13:38:42,2324,167.1,0.1527,130.4,0.2999,0.5794,1.735,0,0,0,100,15.05,0.2051,404,200,1,0,0.3157,1,1,1,1,1,1,1,4,4,-1,[ OK ]
2205.3,17-Jul-26 13:38:43,2325,167.1,0.1527,130.4,0.2973,0.5801,1.727,0,0,0,100,15.05,0.2058,403.8,200,1,0,0.309,1,1,1,1,1,1,1,4,4,-1,[ OK ]
2205.8,17-Jul-26 13:38:43,2325,167.1,0.1527,130.4,0.2995,0.5801,1.727,0,0,0,100,15.05,0.2061,404.1,200,1,0,0.3009,1,1,1,1,1,1,1,4,4,-1,[ OK ]
2206.2,17-Jul-26 13:38:44,2326,167.1,0.1527,130.4,0.2991,0.5801,1.727,0,0,0,100,15.05,0.2049,404.2,200,1,0,0.3107,1,1,1,1,1,1,1,4,4,-1,[ OK ]
2206.6,17-Jul-26 13:38:44,2326,167.1,0.1531,129.3,0.3018,0.5794,1.735,0,0,0,100,15.05,0.2058,404.1,200,1,0,0.3062,1,1,1,1,1,1,1,4,4,-1,[ OK ]
2207.0,17-Jul-26 13:38:44,2327,167.1,0.1526,130.4,0.3008,0.5802,1.727,0,0,0,100,15.05,0.2046,404.2,200,1,0,0.3182,1,1,1,1,1,1,1,4,4,-1,[ OK ]
2207.4,17-Jul-26 13:38:45,2327,167.1,0.1527,130.4,0.2919,0.5796,1.734,0,0,0,100,15.05,0.2056,404,200,1,0,0.3174,1,1,1,1,1,1,1,4,4,-1,[ OK ]
2207.9,17-Jul-26 13:38:45,2327,167.1,0.1526,130.4,0.2982,0.5802,1.727,0,0,0,100,15.05,0.2047,403.8,200,1,0,0.3158,1,1,1,1,1,1,1,4,4,-1,[ OK ]
2208.3,17-Jul-26 13:38:46,2328,167.1,0.1526,130.4,0.299,0.5803,1.727,0,0,0,100,15.05,0.2049,403.8,200,1,0,0.3026,1,1,1,1,1,1,1,4,4,-1,[ OK ]
2208.7,17-Jul-26 13:38:46,2328,167.1,0.1527,130.4,0.3006,0.5795,1.735,0,0,0,100,15.05,0.2051,403.8,200,1,0,0.309,1,1,1,1,1,1,1,4,4,-1,[ OK ]
2209.1,17-Jul-26 13:38:47,2329,167.1,0.1527,130.4,0.2981,0.5802,1.727,0,0,0,100,15.05,0.2045,403.8,200,1,0,0.3119,1,1,1,1,1,1,1,4,4,-1,[ OK ]
2209.5,17-Jul-26 13:38:47,2329,167.1,0.1527,130.4,0.2977,0.5803,1.725,0,0,0,100,15.05,0.205,404,200,1,0,0.3061,1,1,1,1,1,1,1,4,4,-1,[ OK ]
2210.0,17-Jul-26 13:38:47,2329,167.1,0.1531,129.3,0.2973,0.58,1.728,0,0,0,100,15.05,0.2047,404.1,200,1,0,0.3171,1,1,1,1,1,1,1,4,4,-1,[ OK ]
2210.4,17-Jul-26 13:38:48,2330,167.1,0.1532,129.2,0.3017,0.5798,1.731,0,0,0,100,15.05,0.2046,404.2,200,1,0,0.3145,1,1,1,1,1,1,1,4,4,-1,[ OK ]
2210.8,17-Jul-26 13:38:48,2330,167.1,0.1527,130.4,0.2981,0.5796,1.733,0,0,0,100,15.05,0.2056,403.8,200,1,0,0.3127,1,1,1,1,1,1,1,4,4,-1,[ OK ]
2211.2,17-Jul-26 13:38:49,2331,167.1,0.1531,129.3,0.2963,0.5802,1.726,0,0,0,100,15.05,0.2048,404.1,200,1,0,0.3176,1,1,1,1,1,1,1,4,4,-1,[ OK ]
2211.6,17-Jul-26 13:38:49,2331,167.1,0.1527,130.4,0.2937,0.5799,1.73,0,0,0,100,15.05,0.2051,403.7,200,1,0,0.3068,1,1,1,1,1,1,1,4,4,-1,[ OK ]
2212.1,17-Jul-26 13:38:49,2332,167.1,0.1531,129.1,0.2999,0.5796,1.733,0,0,0,100,15.05,0.2053,404,200,1,0,0.3068,1,1,1,1,1,1,1,4,4,-1,[ OK ]
2212.5,17-Jul-26 13:38:50,2332,167.1,0.153,129.3,0.3006,0.5802,1.726,0,0,0,100,15.05,0.2042,403.9,200,1,0,0.3151,1,1,1,1,1,1,1,4,4,-1,[ OK ]
2212.9,17-Jul-26 13:38:50,2332,167.1,0.1526,130.4,0.2982,0.5793,1.736,0,0,0,100,15.05,0.2041,404.1,200,1,0,0.3154,1,1,1,1,1,1,1,4,4,-1,[ OK ]
2213.3,17-Jul-26 13:38:51,2333,167.1,0.1526,130.4,0.2974,0.5801,1.727,0,0,0,100,15.05,0.2046,404,200,1,0,0.3148,1,1,1,1,1,1,1,4,4,-1,[ OK ]
2213.7,17-Jul-26 13:38:51,2333,167.1,0.1526,130.4,0.2974,0.58,1.728,0,0,0,100,15.05,0.205,403.8,200,1,0,0.3201,1,1,1,1,1,1,1,4,4,-1,[ OK ]
2214.1,17-Jul-26 13:38:52,2334,167.1,0.1526,130.4,0.295,0.5799,1.729,0,0,0,100,15.05,0.2047,404.1,200,1,0,0.3126,1,1,1,1,1,1,1,4,4,-1,[ OK ]
2214.6,17-Jul-26 13:38:52,2334,167.1,0.1527,130.4,0.2963,0.5795,1.733,0,0,0,100,15.05,0.2048,404,200,1,0,0.3036,1,1,1,1,1,1,1,4,4,-1,[ OK ]
2215.0,17-Jul-26 13:38:52,2334,167.1,0.1527,130.4,0.2986,0.5794,1.734,0,0,0,100,15.05,0.2046,404.2,200,1,0,0.314,1,1,1,1,1,1,1,4,4,-1,[ OK ]
2215.4,17-Jul-26 13:38:53,2335,167.1,0.1527,130.4,0.2963,0.5797,1.731,0,0,0,100,15.05,0.2045,404.1,200,1,0,0.3146,1,1,1,1,1,1,1,4,4,-1,[ OK ]
2215.8,17-Jul-26 13:38:53,2335,167.1,0.1527,130.4,0.2966,0.5796,1.733,0,0,0,100,15.05,0.2044,403.8,200,1,0,0.3106,1,1,1,1,1,1,1,4,4,-1,[ OK ]
2216.3,17-Jul-26 13:38:54,2336,167.1,0.1527,130.4,0.298,0.5802,1.726,0,0,0,100,15.05,0.2052,403.9,200,1,0,0.3132,1,1,1,1,1,1,1,4,4,-1,[ OK ]
2216.7,17-Jul-26 13:38:54,2336,167.1,0.1531,129.3,0.2989,0.5798,1.731,0,0,0,100,15.05,0.2043,403.8,200,1,0,0.3167,1,1,1,1,1,1,1,4,4,-1,[ OK ]
2217.1,17-Jul-26 13:38:55,2337,167.1,0.1527,130.4,0.2985,0.5796,1.733,0,0,0,100,15.05,0.2046,404.1,200,1,0,0.3101,1,1,1,1,1,1,1,4,4,-1,[ OK ]
2217.5,17-Jul-26 13:38:55,2337,167.1,0.1527,130.4,0.2993,0.5794,1.735,0,0,0,100,15.05,0.2046,403.9,200,1,0,0.314,1,1,1,1,1,1,1,4,4,-1,[ OK ]
2217.9,17-Jul-26 13:38:55,2337,167.1,0.1531,129.4,0.2993,0.5795,1.735,0,0,0,100,15.05,0.2048,404.1,200,1,0,0.3155,1,1,1,1,1,1,1,4,4,-1,[ OK ]
2218.4,17-Jul-26 13:38:56,2338,167.1,0.1527,130.4,0.3013,0.5802,1.726,0,0,0,100,15.05,0.2049,403.9,200,1,0,0.3225,1,1,1,1,1,1,1,4,4,-1,[ OK ]
2218.8,17-Jul-26 13:38:56,2338,167.1,0.1532,129.2,0.3007,0.5795,1.734,0,0,0,100,15.05,0.2049,404.2,200,1,0,0.3134,1,1,1,1,1,1,1,4,4,-1,[ OK ]
2219.2,17-Jul-26 13:38:57,2339,167.1,0.1532,129.3,0.2968,0.58,1.727,0,0,0,100,15.05,0.2052,403.9,200,1,0,0.3171,1,1,1,1,1,1,1,4,4,-1,[ OK ]
2219.6,17-Jul-26 13:38:57,2339,167.1,0.1528,130.4,0.3011,0.5801,1.726,0,0,0,100,15.05,0.2054,403.7,200,1,0,0.316,1,1,1,1,1,1,1,4,4,-1,[ OK ]
2220.0,17-Jul-26 13:38:57,2340,167.1,0.1528,130.4,0.2978,0.58,1.727,0,0,0,100,15.05,0.2051,404.2,200,1,0,0.3102,1,1,1,1,1,1,1,4,4,-1,[ OK ]
2220.5,17-Jul-26 13:38:58,2340,167.1,0.1528,130.4,0.2989,0.5795,1.734,0,0,0,100,15.05,0.2046,404.1,200,1,0,0.3207,1,1,1,1,1,1,1,4,4,-1,[ OK ]
2220.9,17-Jul-26 13:38:58,2340,167.1,0.1527,130.4,0.2997,0.5798,1.73,0,0,0,100,15.05,0.2043,403.9,200,1,0,0.3122,1,1,1,1,1,1,1,4,4,-1,[ OK ]
2221.3,17-Jul-26 13:38:59,2341,167.1,0.1527,130.4,0.299,0.5795,1.734,0,0,0,100,15.05,0.2052,403.8,200,1,0,0.3032,1,1,1,1,1,1,1,4,4,-1,[ OK ]
2221.7,17-Jul-26 13:38:59,2341,167.1,0.1535,128.6,0.297,0.5803,1.725,0,0,0,100,15.05,0.2043,403.8,200,1,0,0.3127,1,1,1,1,1,1,1,4,4,-1,[ OK ]
2222.1,17-Jul-26 13:39:00,2342,167.1,0.1528,130.4,0.2976,0.5796,1.734,0,0,0,100,15.05,0.205,404.1,200,1,0,0.3161,1,1,1,1,1,1,1,4,4,-1,[ OK ]
2222.6,17-Jul-26 13:39:00,2342,167.1,0.1528,130.4,0.2973,0.5795,1.735,0,0,0,100,15.05,0.2051,403.9,200,1,0,0.3084,1,1,1,1,1,1,1,4,4,-1,[ OK ]
2223.0,17-Jul-26 13:39:00,2342,167.1,0.1528,130.4,0.3004,0.5803,1.725,0,0,0,100,15.05,0.2055,403.8,200,1,0,0.3126,1,1,1,1,1,1,1,4,4,-1,[ OK ]
2223.4,17-Jul-26 13:39:01,2343,167.1,0.1527,130.4,0.2969,0.5803,1.725,0,0,0,100,15.05,0.2052,403.8,200,1,0,0.3149,1,1,1,1,1,1,1,4,4,-1,[ OK ]
2223.8,17-Jul-26 13:39:01,2343,167.1,0.1532,129.3,0.299,0.5802,1.727,0,0,0,100,15.05,0.2052,403.9,200,1,0,0.3149,1,1,1,1,1,1,1,4,4,-1,[ OK ]
2224.3,17-Jul-26 13:39:02,2344,167.1,0.1532,129,0.299,0.5796,1.734,0,0,0,100,15.05,0.2038,404.1,200,1,0,0.3164,1,1,1,1,1,1,1,4,4,-1,[ OK ]
2224.7,17-Jul-26 13:39:02,2344,167.1,0.1527,130.4,0.2982,0.5795,1.735,0,0,0,100,15.05,0.2051,403.8,200,1,0,0.3155,1,1,1,1,1,1,1,4,4,-1,[ OK ]
2225.1,17-Jul-26 13:39:03,2345,167.1,0.1527,130.4,0.3013,0.5794,1.736,0,0,0,100,15.05,0.205,404.2,200,1,0,0.325,1,1,1,1,1,1,1,4,4,-1,[ OK ]
2225.5,17-Jul-26 13:39:03,2345,167.1,0.1527,130.4,0.2987,0.5797,1.733,0,0,0,100,15.05,0.2046,404.1,200,1,0,0.2955,1,1,1,1,1,1,1,4,4,-1,[ OK ]
2225.9,17-Jul-26 13:39:03,2345,167.1,0.1531,129.1,0.3004,0.5796,1.734,0,0,0,100,15.05,0.2046,403.8,200,1,0,0.3166,1,1,1,1,1,1,1,4,4,-1,[ OK ]
2226.4,17-Jul-26 13:39:04,2346,167.1,0.153,129.3,0.2942,0.58,1.728,0,0,0,100,15.05,0.2049,404,200,1,0,0.3163,1,1,1,1,1,1,1,4,4,-1,[ OK ]
2226.8,17-Jul-26 13:39:04,2346,167.1,0.1531,128.9,0.2995,0.5796,1.734,0,0,0,100,15.05,0.2054,404.1,200,1,0,0.312,1,1,1,1,1,1,1,4,4,-1,[ OK ]
2227.2,17-Jul-26 13:39:05,2347,167.1,0.1531,129,0.2934,0.5796,1.733,0,0,0,100,15.05,0.2044,404.1,200,1,0,0.3194,1,1,1,1,1,1,1,4,4,-1,[ OK ]
2227.6,17-Jul-26 13:39:05,2347,167.1,0.1526,130.4,0.2989,0.5798,1.731,0,0,0,100,15.05,0.2049,403.8,200,1,0,0.3056,1,1,1,1,1,1,1,4,4,-1,[ OK ]
2228.0,17-Jul-26 13:39:05,2348,167.1,0.1526,130.4,0.3007,0.5803,1.725,0,0,0,100,15.05,0.2042,404,200,1,0,0.3013,1,1,1,1,1,1,1,4,4,-1,[ OK ]
2228.5,17-Jul-26 13:39:06,2348,167.1,0.1526,130.4,0.2948,0.5798,1.73,0,0,0,100,15.05,0.2048,403.7,200,1,0,0.2943,1,1,1,1,1,1,1,4,4,-1,[ OK ]
2228.9,17-Jul-26 13:39:06,2348,167.1,0.1533,128.8,0.2958,0.5803,1.725,0,0,0,100,15.05,0.2051,403.7,200,1,0,0.3247,1,1,1,1,1,1,1,4,4,-1,[ OK ]
2229.4,17-Jul-26 13:39:07,2349,167.1,0.1531,129.2,0.2988,0.5797,1.732,0,0,0,100,15.05,0.2056,404,200,1,0,0.3103,1,1,1,1,1,1,1,4,4,-1,[ OK ]
2229.8,17-Jul-26 13:39:07,2349,167.1,0.1528,130.4,0.2995,0.5802,1.726,0,0,0,100,15.05,0.204,403.8,200,1,0,0.3192,1,1,1,1,1,1,1,4,4,-1,[ OK ]
2230.3,17-Jul-26 13:39:08,2350,167.1,0.1527,130.4,0.3001,0.5802,1.727,0,0,0,100,15.05,0.2047,403.9,200,1,0,0.3128,1,1,1,1,1,1,1,4,4,-1,[ OK ]
2230.9,17-Jul-26 13:39:08,2350,167.1,0.1527,130.4,0.2982,0.5802,1.726,0,0,0,100,15.05,0.204,403.8,200,1,0,0.3107,1,1,1,1,1,1,1,4,4,-1,[ OK ]
2231.3,17-Jul-26 13:39:09,2351,167.1,0.1531,129.3,0.2981,0.5801,1.728,0,0,0,100,15.05,0.2049,404.1,200,1,0,0.3156,1,1,1,1,1,1,1,4,4,-1,[ OK ]
2231.7,17-Jul-26 13:39:09,2351,167.1,0.1532,129.2,0.2981,0.5794,1.735,0,0,0,100,15.05,0.2035,404.2,200,1,0,0.3131,1,1,1,1,1,1,1,4,4,-1,[ OK ]
2232.1,17-Jul-26 13:39:10,2352,167.1,0.1528,130.4,0.2974,0.5803,1.724,0,0,0,100,15.05,0.2051,403.8,200,1,0,0.3128,1,1,1,1,1,1,1,4,4,-1,[ OK ]
2232.5,17-Jul-26 13:39:10,2352,167.1,0.1528,130.4,0.2985,0.5802,1.726,0,0,0,100,15.05,0.2059,404.1,200,1,0,0.3095,1,1,1,1,1,1,1,4,4,-1,[ OK ]
2233.0,17-Jul-26 13:39:10,2352,167.1,0.1532,129.1,0.2974,0.5799,1.729,0,0,0,100,15.05,0.205,403.8,200,1,0,0.3172,1,1,1,1,1,1,1,4,4,-1,[ OK ]
2233.3,17-Jul-26 13:39:11,2353,167.1,0.1528,130.4,0.2971,0.5801,1.727,0,0,0,100,15.05,0.2041,403.8,200,1,0,0.3209,1,1,1,1,1,1,1,4,4,-1,[ OK ]
2233.7,17-Jul-26 13:39:11,2353,167.1,0.1534,128.7,0.2964,0.58,1.728,0,0,0,100,15.05,0.2039,404,200,1,0,0.309,1,1,1,1,1,1,1,4,4,-1,[ OK ]
2234.1,17-Jul-26 13:39:12,2354,167.1,0.1531,129.3,0.2982,0.5801,1.727,0,0,0,100,15.05,0.2043,404.1,200,1,0,0.3203,1,1,1,1,1,1,1,4,4,-1,[ OK ]
2234.5,17-Jul-26 13:39:12,2354,167.1,0.1527,130.4,0.2955,0.5793,1.736,0,0,0,100,15.05,0.205,403.8,200,1,0,0.32,1,1,1,1,1,1,1,4,4,-1,[ OK ]
2235.0,17-Jul-26 13:39:12,2354,167.1,0.1527,130.4,0.301,0.5801,1.727,0,0,0,100,15.05,0.2053,404.1,200,1,0,0.3175,1,1,1,1,1,1,1,4,4,-1,[ OK ]
2235.4,17-Jul-26 13:39:13,2355,167.1,0.1527,130.4,0.2994,0.5794,1.736,0,0,0,100,15.05,0.205,404.2,200,1,0,0.3139,1,1,1,1,1,1,1,4,4,-1,[ OK ]
2235.8,17-Jul-26 13:39:13,2355,167.1,0.1531,129.3,0.2945,0.5803,1.726,0,0,0,100,15.05,0.2046,404.1,200,1,0,0.3165,1,1,1,1,1,1,1,4,4,-1,[ OK ]
2236.2,17-Jul-26 13:39:14,2356,167.1,0.1531,129.4,0.3003,0.5799,1.731,0,0,0,100,15.05,0.2046,403.8,200,1,0,0.2951,1,1,1,1,1,1,1,4,4,-1,[ OK ]
2236.6,17-Jul-26 13:39:14,2356,167.1,0.1531,129.3,0.2968,0.5805,1.724,0,0,0,100,15.05,0.205,404,200,1,0,0.3154,1,1,1,1,1,1,1,4,4,-1,[ OK ]
2237.0,17-Jul-26 13:39:14,2357,167.1,0.1526,130.4,0.2977,0.5798,1.732,0,0,0,100,15.05,0.206,403.9,200,1,0,0.3067,1,1,1,1,1,1,1,4,4,-1,[ OK ]
2237.5,17-Jul-26 13:39:15,2357,167.1,0.1527,130.4,0.2995,0.5804,1.725,0,0,0,100,15.05,0.2041,404.2,200,1,0,0.3061,1,1,1,1,1,1,1,4,4,-1,[ OK ]
2237.9,17-Jul-26 13:39:15,2357,167.1,0.1526,130.4,0.2978,0.5803,1.726,0,0,0,100,15.05,0.2054,404,200,1,0,0.3041,1,1,1,1,1,1,1,4,4,-1,[ OK ]
2238.4,17-Jul-26 13:39:16,2358,167.1,0.1532,129,0.295,0.5794,1.736,0,0,0,100,15.05,0.2058,403.8,200,1,0,0.3117,1,1,1,1,1,1,1,4,4,-1,[ OK ]
2238.8,17-Jul-26 13:39:16,2358,167.1,0.1532,129,0.2982,0.5804,1.724,0,0,0,100,15.05,0.2047,403.8,200,1,0,0.3164,1,1,1,1,1,1,1,4,4,-1,[ OK ]
2239.3,17-Jul-26 13:39:17,2359,167.1,0.1531,129.4,0.3019,0.5796,1.733,0,0,0,100,15.05,0.2056,403.9,200,1,0,0.3108,1,1,1,1,1,1,1,4,4,-1,[ OK ]
2239.7,17-Jul-26 13:39:17,2359,167.1,0.1532,129.2,0.298,0.5796,1.733,0,0,0,100,15.05,0.2048,404.1,200,1,0,0.3134,1,1,1,1,1,1,1,4,4,-1,[ OK ]
2240.1,17-Jul-26 13:39:18,2360,167.1,0.1532,129.1,0.2977,0.5802,1.726,0,0,0,100,15.05,0.205,404.2,200,1,0,0.3109,1,1,1,1,1,1,1,4,4,-1,[ OK ]
2240.5,17-Jul-26 13:39:18,2360,167.1,0.1527,130.4,0.2989,0.5796,1.733,0,0,0,100,15.05,0.2049,404,200,1,0,0.3114,1,1,1,1,1,1,1,4,4,-1,[ OK ]
2240.9,17-Jul-26 13:39:18,2360,167.1,0.1527,130.4,0.2989,0.5802,1.727,0,0,0,100,15.05,0.2055,404.1,200,1,0,0.3107,1,1,1,1,1,1,1,4,4,-1,[ OK ]
2241.5,17-Jul-26 13:39:19,2361,167.1,0.1527,130.4,0.3005,0.5796,1.733,0,0,0,100,15.05,0.205,404.3,200,1,0,0.3116,1,1,1,1,1,1,1,4,4,-1,[ OK ]
2242.0,17-Jul-26 13:39:19,2361,167.1,0.153,129.4,0.2997,0.5796,1.733,0,0,0,100,15.05,0.2056,403.9,200,1,0,0.3057,1,1,1,1,1,1,1,4,4,-1,[ OK ]
2242.4,17-Jul-26 13:39:20,2362,167.1,0.1526,130.4,0.2985,0.5797,1.732,0,0,0,100,15.05,0.2049,404,200,1,0,0.32,1,1,1,1,1,1,1,4,4,-1,[ OK ]
2242.8,17-Jul-26 13:39:20,2362,167.1,0.1531,129.2,0.2969,0.5796,1.732,0,0,0,100,15.05,0.2056,403.8,200,1,0,0.3127,1,1,1,1,1,1,1,4,4,-1,[ OK ]
2243.2,17-Jul-26 13:39:21,2363,167.1,0.1527,130.4,0.3021,0.5797,1.731,0,0,0,100,15.05,0.2049,404.1,200,1,0,0.3164,1,1,1,1,1,1,1,4,4,-1,[ OK ]
2243.7,17-Jul-26 13:39:21,2363,167.1,0.1527,130.4,0.2986,0.5801,1.726,0,0,0,100,15.05,0.204,403.8,200,1,0,0.3171,1,1,1,1,1,1,1,4,4,-1,[ OK ]
2244.1,17-Jul-26 13:39:22,2364,167.1,0.1533,128.9,0.2986,0.5797,1.732,0,0,0,100,15.05,0.2059,404,200,1,0,0.3289,1,1,1,1,1,1,1,4,4,-1,[ OK ]
2244.5,17-Jul-26 13:39:22,2364,167.1,0.1531,129.4,0.2946,0.5802,1.726,0,0,0,100,15.05,0.2048,404,200,1,0,0.3092,1,1,1,1,1,1,1,4,4,-1,[ OK ]
2244.9,17-Jul-26 13:39:22,2364,167.1,0.1526,130.4,0.3018,0.58,1.729,0,0,0,100,15.05,0.206,403.7,200,1,0,0.3113,1,1,1,1,1,1,1,4,4,-1,[ OK ]
2245.3,17-Jul-26 13:39:23,2365,167.1,0.153,129.5,0.3021,0.5796,1.733,0,0,0,100,15.05,0.2052,403.8,200,1,0,0.307,1,1,1,1,1,1,1,4,4,-1,[ OK ]
2245.7,17-Jul-26 13:39:23,2365,167.1,0.153,129.4,0.2948,0.5801,1.728,0,0,0,100,15.05,0.2057,403.9,200,1,0,0.3034,1,1,1,1,1,1,1,4,4,-1,[ OK ]
2246.2,17-Jul-26 13:39:24,2366,167.1,0.1526,130.4,0.2985,0.5801,1.728,0,0,0,100,15.05,0.2049,404.1,200,1,0,0.3093,1,1,1,1,1,1,1,4,4,-1,[ OK ]
2246.6,17-Jul-26 13:39:24,2366,167.1,0.1526,130.4,0.2958,0.5795,1.735,0,0,0,100,15.05,0.2043,404.2,200,1,0,0.3175,1,1,1,1,1,1,1,4,4,-1,[ OK ]
2247.0,17-Jul-26 13:39:24,2367,167.1,0.153,129.3,0.2975,0.5797,1.733,0,0,0,100,15.05,0.2051,404.1,200,1,0,0.3075,1,1,1,1,1,1,1,4,4,-1,[ OK ]
2247.4,17-Jul-26 13:39:25,2367,167.1,0.1526,130.4,0.2925,0.5796,1.734,0,0,0,100,15.05,0.2051,404.1,200,1,0,0.3089,1,1,1,1,1,1,1,4,4,-1,[ OK ]
2247.9,17-Jul-26 13:39:25,2367,167.1,0.1526,130.4,0.2988,0.5797,1.734,0,0,0,100,15.05,0.2052,403.8,200,1,0,0.3093,1,1,1,1,1,1,1,4,4,-1,[ OK ]
2248.3,17-Jul-26 13:39:26,2368,167.1,0.1526,130.4,0.2975,0.5798,1.733,0,0,0,100,15.05,0.2051,404,200,1,0,0.3155,1,1,1,1,1,1,1,4,4,-1,[ OK ]
2248.7,17-Jul-26 13:39:26,2368,167.1,0.1531,129.3,0.3,0.5801,1.729,0,0,0,100,15.05,0.2053,404.1,200,1,0,0.308,1,1,1,1,1,1,1,4,4,-1,[ OK ]
2249.1,17-Jul-26 13:39:27,2369,167.1,0.1532,129.2,0.299,0.5803,1.727,0,0,0,100,15.05,0.2055,404.1,200,1,0,0.2919,1,1,1,1,1,1,1,4,4,-1,[ OK ]
2249.5,17-Jul-26 13:39:27,2369,167.1,0.1527,130.4,0.2966,0.5796,1.735,0,0,0,100,15.05,0.205,403.8,200,1,0,0.3048,1,1,1,1,1,1,1,4,4,-1,[ OK ]
2250.0,17-Jul-26 13:39:27,2369,167.1,0.1526,130.4,0.295,0.5803,1.726,0,0,0,100,15.05,0.2056,403.8,200,1,0,0.3052,1,1,1,1,1,1,1,4,4,-1,[ OK ]
2250.4,17-Jul-26 13:39:28,2370,167.1,0.1534,128.5,0.2934,0.5805,1.724,0,0,0,100,15.05,0.204,403.9,200,1,0,0.3134,1,1,1,1,1,1,1,4,4,-1,[ OK ]
2250.8,17-Jul-26 13:39:28,2370,167.1,0.1526,130.4,0.2947,0.5797,1.733,0,0,0,100,15.05,0.2058,404.2,200,1,0,0.3054,1,1,1,1,1,1,1,4,4,-1,[ OK ]
2251.3,17-Jul-26 13:39:29,2371,167.1,0.1527,130.4,0.297,0.5797,1.732,0,0,0,100,15.05,0.2056,404,200,1,0,0.3096,1,1,1,1,1,1,1,4,4,-1,[ OK ]
2251.7,17-Jul-26 13:39:29,2371,167.1,0.1526,130.4,0.3013,0.5803,1.726,0,0,0,100,15.05,0.2027,403.9,200,1,0,0.3201,1,1,1,1,1,1,1,4,4,-1,[ OK ]
2252.1,17-Jul-26 13:39:30,2372,167.1,0.153,129.4,0.2941,0.5801,1.728,0,0,0,100,15.05,0.2049,403.9,200,1,0,0.3112,1,1,1,1,1,1,1,4,4,-1,[ OK ]
2252.6,17-Jul-26 13:39:30,2372,167.1,0.153,129.5,0.2969,0.5802,1.728,0,0,0,100,15.05,0.2038,403.8,200,1,0,0.31,1,1,1,1,1,1,1,4,4,-1,[ OK ]
2253.0,17-Jul-26 13:39:30,2372,167.1,0.1531,129.3,0.2968,0.5795,1.736,0,0,0,100,15.05,0.2054,404,200,1,0,0.308,1,1,1,1,1,1,1,4,4,-1,[ OK ]
2253.4,17-Jul-26 13:39:31,2373,167.1,0.1529,129.9,0.3003,0.5798,1.732,0,0,0,100,15.05,0.2043,404.1,200,1,0,0.3135,1,1,1,1,1,1,1,4,4,-1,[ OK ]
2253.8,17-Jul-26 13:39:31,2373,167.1,0.1527,130.4,0.2938,0.5798,1.731,0,0,0,100,15.05,0.205,403.8,200,1,0,0.3076,1,1,1,1,1,1,1,4,4,-1,[ OK ]
2254.2,17-Jul-26 13:39:32,2374,167.1,0.1526,130.4,0.2953,0.5798,1.732,0,0,0,100,15.05,0.2054,404.1,200,1,0,0.3017,1,1,1,1,1,1,1,4,4,-1,[ OK ]
2254.7,17-Jul-26 13:39:32,2374,167.1,0.1532,129,0.2957,0.5801,1.728,0,0,0,100,15.05,0.2049,403.9,200,1,0,0.3139,1,1,1,1,1,1,1,4,4,-1,[ OK ]
2255.1,17-Jul-26 13:39:33,2375,167.1,0.1531,129.3,0.2974,0.5802,1.727,0,0,0,100,15.05,0.2052,404,200,1,0,0.3109,1,1,1,1,1,1,1,4,4,-1,[ OK ]
2255.5,17-Jul-26 13:39:33,2375,167.1,0.1527,130.4,0.2919,0.5795,1.736,0,0,0,100,15.05,0.2041,403.9,200,1,0,0.3129,1,1,1,1,1,1,1,4,4,-1,[ OK ]
2255.9,17-Jul-26 13:39:33,2375,167.1,0.1532,129,0.2965,0.5799,1.731,0,0,0,100,15.05,0.204,404,200,1,0,0.3042,1,1,1,1,1,1,1,4,4,-1,[ OK ]
2256.3,17-Jul-26 13:39:34,2376,167.1,0.1526,130.4,0.2957,0.5804,1.726,0,0,0,100,15.05,0.2042,404.1,200,1,0,0.3027,1,1,1,1,1,1,1,4,4,-1,[ OK ]
2256.8,17-Jul-26 13:39:34,2376,167.1,0.1526,130.4,0.295,0.58,1.73,0,0,0,100,15.05,0.2041,404,200,1,0,0.317,1,1,1,1,1,1,1,4,4,-1,[ OK ]
2257.2,17-Jul-26 13:39:35,2377,167.1,0.1526,130.4,0.2925,0.5802,1.727,0,0,0,100,15.05,0.2041,403.8,200,1,0,0.3082,1,1,1,1,1,1,1,4,4,-1,[ OK ]
2257.7,17-Jul-26 13:39:35,2377,167.1,0.1531,129.3,0.2964,0.5795,1.735,0,0,0,100,15.05,0.2051,404.2,200,1,0,0.3049,1,1,1,1,1,1,1,4,4,-1,[ OK ]
2258.1,17-Jul-26 13:39:36,2378,167.1,0.1526,130.4,0.2962,0.58,1.729,0,0,0,100,15.05,0.2051,404,200,1,0,0.3083,1,1,1,1,1,1,1,4,4,-1,[ OK ]
2258.5,17-Jul-26 13:39:36,2378,167.1,0.1531,129.1,0.2975,0.5798,1.731,0,0,0,100,15.05,0.204,404.1,200,1,0,0.3214,1,1,1,1,1,1,1,4,4,-1,[ OK ]
2259.0,17-Jul-26 13:39:36,2378,167.1,0.1526,130.4,0.2934,0.5802,1.727,0,0,0,100,15.05,0.205,404.2,200,1,0,0.3083,1,1,1,1,1,1,1,4,4,-1,[ OK ]
2259.4,17-Jul-26 13:39:37,2379,167.1,0.1526,130.4,0.2914,0.5796,1.734,0,0,0,100,15.05,0.2049,403.9,200,1,0,0.3049,1,1,1,1,1,1,1,4,4,-1,[ OK ]
2259.8,17-Jul-26 13:39:37,2379,167.1,0.1527,130.4,0.2975,0.5797,1.734,0,0,0,100,15.05,0.2035,404.2,200,1,0,0.312,1,1,1,1,1,1,1,4,4,-1,[ OK ]
2260.2,17-Jul-26 13:39:38,2380,167.1,0.1527,130.4,0.2997,0.5802,1.727,0,0,0,100,15.05,0.2047,403.8,200,1,0,0.313,1,1,1,1,1,1,1,4,4,-1,[ OK ]
2260.7,17-Jul-26 13:39:38,2380,167.1,0.1527,130.4,0.2973,0.5803,1.727,0,0,0,100,15.05,0.2055,404.1,200,1,0,0.2957,1,1,1,1,1,1,1,4,4,-1,[ OK ]
2261.2,17-Jul-26 13:39:39,2381,167.1,0.1526,130.6,0.297,0.5797,1.734,0,0,0,100,15.05,0.205,404.1,200,1,0,0.303,1,1,1,1,1,1,1,4,4,-1,[ OK ]
2261.6,17-Jul-26 13:39:39,2381,167.1,0.1527,130.4,0.2946,0.5795,1.735,0,0,0,100,15.05,0.2043,404.1,200,1,0,0.3086,1,1,1,1,1,1,1,4,4,-1,[ OK ]
2262.0,17-Jul-26 13:39:39,2382,167.1,0.1531,129.4,0.2962,0.5802,1.728,0,0,0,100,15.05,0.2038,404,200,1,0,0.3134,1,1,1,1,1,1,1,4,4,-1,[ OK ]
2262.4,17-Jul-26 13:39:40,2382,167.1,0.1527,130.4,0.2953,0.5795,1.735,0,0,0,100,15.05,0.2048,403.8,200,1,0,0.3059,1,1,1,1,1,1,1,4,4,-1,[ OK ]
2262.8,17-Jul-26 13:39:40,2382,167.1,0.1527,130.4,0.3002,0.5796,1.734,0,0,0,100,15.05,0.2048,403.9,200,1,0,0.3098,1,1,1,1,1,1,1,4,4,-1,[ OK ]
2263.3,17-Jul-26 13:39:41,2383,167.1,0.1531,129.3,0.2988,0.5797,1.733,0,0,0,100,15.05,0.2049,403.9,200,1,0,0.315,1,1,1,1,1,1,1,4,4,-1,[ OK ]
2263.7,17-Jul-26 13:39:41,2383,167.1,0.1527,130.4,0.2997,0.5804,1.724,0,0,0,100,15.05,0.2041,404.1,200,1,0,0.3028,1,1,1,1,1,1,1,4,4,-1,[ OK ]
2264.1,17-Jul-26 13:39:42,2384,167.1,0.1527,130.4,0.2935,0.5801,1.728,0,0,0,100,15.05,0.2042,404,200,1,0,0.3085,1,1,1,1,1,1,1,4,4,-1,[ OK ]
2264.5,17-Jul-26 13:39:42,2384,167.1,0.1527,130.4,0.294,0.5795,1.735,0,0,0,100,15.05,0.2046,404.1,200,1,0,0.3058,1,1,1,1,1,1,1,4,4,-1,[ OK ]
2264.9,17-Jul-26 13:39:42,2384,167.1,0.1527,130.4,0.2934,0.5804,1.725,0,0,0,100,15.05,0.204,404.1,200,1,0,0.3086,1,1,1,1,1,1,1,4,4,-1,[ OK ]
2265.4,17-Jul-26 13:39:43,2385,167.1,0.1527,130.4,0.2954,0.5801,1.729,0,0,0,100,15.05,0.2046,404,200,1,0,0.3101,1,1,1,1,1,1,1,4,4,-1,[ OK ]
2265.8,17-Jul-26 13:39:43,2385,167.1,0.1531,129.2,0.298,0.5796,1.734,0,0,0,100,15.05,0.2054,403.8,200,1,0,0.3124,1,1,1,1,1,1,1,4,4,-1,[ OK ]
2266.3,17-Jul-26 13:39:44,2386,167.1,0.1526,130.4,0.2984,0.5798,1.731,0,0,0,100,15.05,0.2044,404.1,200,1,0,0.3089,1,1,1,1,1,1,1,4,4,-1,[ OK ]
2266.7,17-Jul-26 13:39:44,2386,167.1,0.1526,130.4,0.2984,0.5801,1.728,0,0,0,100,15.05,0.2045,403.8,200,1,0,0.3074,1,1,1,1,1,1,1,4,4,-1,[ OK ]
2267.2,17-Jul-26 13:39:45,2387,167.1,0.1526,130.4,0.2948,0.5802,1.727,0,0,0,100,15.05,0.2037,403.9,200,1,0,0.3187,1,1,1,1,1,1,1,4,4,-1,[ OK ]
2267.6,17-Jul-26 13:39:45,2387,167.1,0.1532,129,0.2973,0.5802,1.726,0,0,0,100,15.05,0.2059,403.8,200,1,0,0.3064,1,1,1,1,1,1,1,4,4,-1,[ OK ]
2268.0,17-Jul-26 13:39:45,2387,167.1,0.153,129.4,0.2957,0.5797,1.732,0,0,0,100,15.05,0.2038,404.1,200,1,0,0.3162,1,1,1,1,1,1,1,4,4,-1,[ OK ]
2268.5,17-Jul-26 13:39:46,2388,167.1,0.1526,130.4,0.2902,0.5797,1.732,0,0,0,100,15.05,0.2043,404.2,200,1,0,0.3011,1,1,1,1,1,1,1,4,4,-1,[ OK ]
2268.9,17-Jul-26 13:39:46,2388,167.1,0.1531,129,0.2971,0.5798,1.73,0,0,0,100,15.05,0.2044,404.1,200,1,0,0.3164,1,1,1,1,1,1,1,4,4,-1,[ OK ]
2269.4,17-Jul-26 13:39:47,2389,167.1,0.1526,130.4,0.2954,0.5794,1.734,0,0,0,100,15.05,0.2053,404.1,200,1,0,0.3061,1,1,1,1,1,1,1,4,4,-1,[ OK ]
2269.8,17-Jul-26 13:39:47,2389,167.1,0.153,129.5,0.2953,0.5802,1.724,0,0,0,100,15.05,0.2033,404.2,200,1,0,0.3105,1,1,1,1,1,1,1,4,4,-1,[ OK ]
2270.2,17-Jul-26 13:39:48,2390,167.1,0.1527,130.4,0.2935,0.5803,1.724,0,0,0,100,15.05,0.2041,403.8,200,1,0,0.3151,1,1,1,1,1,1,1,4,4,-1,[ OK ]
2270.6,17-Jul-26 13:39:48,2390,167.1,0.1531,129.3,0.2962,0.5795,1.734,0,0,0,100,15.05,0.2051,404.1,200,1,0,0.3067,1,1,1,1,1,1,1,4,4,-1,[ OK ]
2271.0,17-Jul-26 13:39:48,2391,167.1,0.1527,130.4,0.295,0.5796,1.733,0,0,0,100,15.05,0.2039,403.8,200,1,0,0.3123,1,1,1,1,1,1,1,4,4,-1,[ OK ]
2271.5,17-Jul-26 13:39:49,2391,167.1,0.1533,128.9,0.293,0.5803,1.725,0,0,0,100,15.05,0.2056,404.1,200,1,0,0.3046,1,1,1,1,1,1,1,4,4,-1,[ OK ]
2271.9,17-Jul-26 13:39:49,2391,167.1,0.1527,130.4,0.2974,0.5797,1.732,0,0,0,100,15.05,0.2043,404,200,1,0,0.3129,1,1,1,1,1,1,1,4,4,-1,[ OK ]
2272.3,17-Jul-26 13:39:50,2392,167.1,0.1531,129.4,0.2965,0.5804,1.724,0,0,0,100,15.05,0.2063,404.1,200,1,0,0.3077,1,1,1,1,1,1,1,4,4,-1,[ OK ]
2272.7,17-Jul-26 13:39:50,2392,167.1,0.1533,128.9,0.2952,0.5802,1.726,0,0,0,100,15.05,0.2046,404,200,1,0,0.3147,1,1,1,1,1,1,1,4,4,-1,[ OK ]
2273.1,17-Jul-26 13:39:51,2393,167.1,0.1527,130.4,0.2983,0.5795,1.734,0,0,0,100,15.05,0.2041,404.1,200,1,0,0.3122,1,1,1,1,1,1,1,4,4,-1,[ OK ]
2273.6,17-Jul-26 13:39:51,2393,167.1,0.153,129.3,0.2978,0.5802,1.725,0,0,0,100,15.05,0.2039,404.2,200,1,0,0.312,1,1,1,1,1,1,1,4,4,-1,[ OK ]
2274.0,17-Jul-26 13:39:51,2393,167.1,0.1532,128.8,0.2949,0.5794,1.734,0,0,0,100,15.05,0.2049,403.8,200,1,0,0.3099,1,1,1,1,1,1,1,4,4,-1,[ OK ]
2274.4,17-Jul-26 13:39:52,2394,167.1,0.1528,129.9,0.2941,0.5793,1.736,0,0,0,100,15.05,0.2048,403.8,200,1,0,0.3079,1,1,1,1,1,1,1,4,4,-1,[ OK ]
2274.8,17-Jul-26 13:39:52,2394,167.1,0.1526,130.4,0.2973,0.5802,1.726,0,0,0,100,15.05,0.2046,403.9,200,1,0,0.3139,1,1,1,1,1,1,1,4,4,-1,[ OK ]
2275.2,17-Jul-26 13:39:53,2395,167.1,0.1531,129.2,0.2962,0.5802,1.725,0,0,0,100,15.05,0.2051,403.8,200,1,0,0.3056,1,1,1,1,1,1,1,4,4,-1,[ OK ]
2275.7,17-Jul-26 13:39:53,2395,167.1,0.1527,130.4,0.2994,0.5802,1.725,0,0,0,100,15.05,0.204,403.8,200,1,0,0.3072,1,1,1,1,1,1,1,4,4,-1,[ OK ]
2276.1,17-Jul-26 13:39:54,2396,167.1,0.1527,130.4,0.2947,0.5801,1.726,0,0,0,100,15.05,0.2025,404,200,1,0,0.3156,1,1,1,1,1,1,1,4,4,-1,[ OK ]
2276.5,17-Jul-26 13:39:54,2396,167.1,0.1532,129.2,0.2949,0.5796,1.733,0,0,0,100,15.05,0.2045,403.8,200,1,0,0.3175,1,1,1,1,1,1,1,4,4,-1,[ OK ]
2276.9,17-Jul-26 13:39:54,2396,167.1,0.1527,130.4,0.2934,0.5795,1.734,0,0,0,100,15.05,0.2041,403.8,200,1,0,0.304,1,1,1,1,1,1,1,4,4,-1,[ OK ]
2277.3,17-Jul-26 13:39:55,2397,167.1,0.1532,128.9,0.2978,0.58,1.728,0,0,0,100,15.05,0.2041,404.1,200,1,0,0.3208,1,1,1,1,1,1,1,4,4,-1,[ OK ]
2277.8,17-Jul-26 13:39:55,2397,167.1,0.1527,130.4,0.2958,0.5796,1.734,0,0,0,100,15.05,0.2011,404.1,200,1,0,0.3221,1,1,1,1,1,1,1,4,4,-1,[ OK ]
2278.2,17-Jul-26 13:39:56,2398,167.1,0.1531,129.4,0.2919,0.5798,1.731,0,0,0,100,15.05,0.2045,404.1,200,1,0,0.3128,1,1,1,1,1,1,1,4,4,-1,[ OK ]
2278.6,17-Jul-26 13:39:56,2398,167.1,0.1527,130.4,0.2958,0.5801,1.729,0,0,0,100,15.05,0.2051,404.1,200,1,0,0.3122,1,1,1,1,1,1,1,4,4,-1,[ OK ]
2279.0,17-Jul-26 13:39:56,2399,167.1,0.1527,130.4,0.2962,0.5797,1.733,0,0,0,100,15.05,0.2045,404,200,1,0,0.3105,1,1,1,1,1,1,1,4,4,-1,[ OK ]
2279.4,17-Jul-26 13:39:57,2399,167.1,0.1527,130.4,0.296,0.5796,1.735,0,0,0,100,15.05,0.2047,404,200,1,0,0.3058,1,1,1,1,1,1,1,4,4,-1,[ OK ]
2279.9,17-Jul-26 13:39:57,2399,167.1,0.153,129.4,0.2956,0.5794,1.736,0,0,0,100,15.05,0.2049,403.8,200,1,0,0.3079,1,1,1,1,1,1,1,4,4,-1,[ OK ]
2280.3,17-Jul-26 13:39:58,2400,167.1,0.1526,130.4,0.2904,0.5795,1.735,0,0,0,100,15.05,0.2049,404.2,200,1,0,0.3098,1,1,1,1,1,1,1,4,4,-1,[ OK ]
2280.7,17-Jul-26 13:39:58,2400,167.1,0.1531,129.1,0.2974,0.5794,1.737,0,0,0,100,15.05,0.2046,404.2,200,1,0,0.2979,1,1,1,1,1,1,1,4,4,-1,[ OK ]
2281.1,17-Jul-26 13:39:59,2401,167.1,0.153,129.3,0.2924,0.5794,1.736,0,0,0,100,15.05,0.2049,404.2,200,1,0,0.3072,1,1,1,1,1,1,1,4,4,-1,[ OK ]
2281.5,17-Jul-26 13:39:59,2401,167.1,0.1526,130.4,0.2902,0.5802,1.726,0,0,0,100,15.05,0.2042,404.2,200,1,0,0.3112,1,1,1,1,1,1,1,4,4,-1,[ OK ]
2282.0,17-Jul-26 13:39:59,2401,167.1,0.1526,130.4,0.2964,0.5801,1.727,0,0,0,100,15.05,0.2048,404.2,200,1,0,0.3021,1,1,1,1,1,1,1,4,4,-1,[ OK ]
2282.4,17-Jul-26 13:40:00,2402,167.1,0.1532,128.8,0.2957,0.5801,1.727,0,0,0,100,15.05,0.2042,403.8,200,1,0,0.3116,1,1,1,1,1,1,1,4,4,-1,[ OK ]
2282.8,17-Jul-26 13:40:00,2402,167.1,0.1526,130.4,0.2992,0.5797,1.732,0,0,0,100,15.05,0.2049,404,200,1,0,0.3219,1,1,1,1,1,1,1,4,4,-1,[ OK ]
2283.2,17-Jul-26 13:40:01,2403,167.1,0.1526,130.4,0.2949,0.5798,1.731,0,0,0,100,15.05,0.205,404,200,1,0,0.3056,1,1,1,1,1,1,1,4,4,-1,[ OK ]
2283.7,17-Jul-26 13:40:01,2403,167.1,0.1526,130.4,0.2934,0.5793,1.736,0,0,0,100,15.05,0.2046,404.2,200,1,0,0.3285,1,1,1,1,1,1,1,4,4,-1,[ OK ]
2284.2,17-Jul-26 13:40:02,2404,167.1,0.153,129.2,0.2961,0.5803,1.726,0,0,0,100,15.05,0.2043,404.1,200,1,0,0.3095,1,1,1,1,1,1,1,4,4,-1,[ OK ]
2284.6,17-Jul-26 13:40:02,2404,167.1,0.1526,130.4,0.2971,0.5803,1.724,0,0,0,100,15.05,0.2061,403.8,200,1,0,0.3146,1,1,1,1,1,1,1,4,4,-1,[ OK ]
2285.0,17-Jul-26 13:40:02,2405,167.1,0.153,129.3,0.2902,0.5802,1.725,0,0,0,100,15.05,0.2045,404,200,1,0,0.3077,1,1,1,1,1,1,1,4,4,-1,[ OK ]
2285.4,17-Jul-26 13:40:03,2405,167.1,0.1526,130.4,0.2994,0.5796,1.733,0,0,0,100,15.05,0.2045,404,200,1,0,0.3071,1,1,1,1,1,1,1,4,4,-1,[ OK ]
2285.8,17-Jul-26 13:40:03,2405,167.1,0.1526,130.4,0.2991,0.5795,1.735,0,0,0,100,15.05,0.2042,403.7,200,1,0,0.3122,1,1,1,1,1,1,1,4,4,-1,[ OK ]
2286.3,17-Jul-26 13:40:04,2406,167.1,0.1527,130.4,0.3001,0.5795,1.735,0,0,0,100,15.05,0.2038,404.2,200,1,0,0.3066,1,1,1,1,1,1,1,4,4,-1,[ OK ]
2286.7,17-Jul-26 13:40:04,2406,167.1,0.1527,130.4,0.3012,0.5804,1.724,0,0,0,100,15.05,0.2048,404.2,200,1,0,0.3011,1,1,1,1,1,1,1,4,4,-1,[ OK ]
2287.1,17-Jul-26 13:40:05,2407,167.1,0.1527,130.4,0.2975,0.5802,1.725,0,0,0,100,15.05,0.2049,403.8,200,1,0,0.307,1,1,1,1,1,1,1,4,4,-1,[ OK ]
2287.6,17-Jul-26 13:40:05,2407,167.1,0.1531,129.1,0.2952,0.5802,1.725,0,0,0,100,15.05,0.2046,403.9,200,1,0,0.3078,1,1,1,1,1,1,1,4,4,-1,[ OK ]
2288.2,17-Jul-26 13:40:06,2408,167.1,0.1527,130.4,0.2962,0.5795,1.733,0,0,0,100,15.05,0.2049,404.2,200,1,0,0.3098,1,1,1,1,1,1,1,4,4,-1,[ OK ]
2288.7,17-Jul-26 13:40:06,2408,167.1,0.1531,129.2,0.298,0.5801,1.726,0,0,0,100,15.05,0.2046,404.1,200,1,0,0.308,1,1,1,1,1,1,1,4,4,-1,[ OK ]
2289.1,17-Jul-26 13:40:07,2409,167.1,0.1526,130.4,0.2958,0.5796,1.731,0,0,0,100,15.05,0.2046,404.1,200,1,0,0.3167,1,1,1,1,1,1,1,4,4,-1,[ OK ]
2289.5,17-Jul-26 13:40:07,2409,167.1,0.1527,130.4,0.2982,0.5795,1.733,0,0,0,100,15.05,0.2042,404.1,200,1,0,0.3123,1,1,1,1,1,1,1,4,4,-1,[ OK ]
2289.9,17-Jul-26 13:40:07,2409,167.1,0.1527,130.4,0.2952,0.5803,1.725,0,0,0,100,15.05,0.2047,404,200,1,0,0.3098,1,1,1,1,1,1,1,4,4,-1,[ OK ]
2290.4,17-Jul-26 13:40:08,2410,167.1,0.1527,130.4,0.2995,0.58,1.728,0,0,0,100,15.05,0.2047,404.1,200,1,0,0.3072,1,1,1,1,1,1,1,4,4,-1,[ OK ]
2290.8,17-Jul-26 13:40:08,2410,167.1,0.153,129.5,0.2955,0.5795,1.734,0,0,0,100,15.05,0.2042,404.2,200,1,0,0.3061,1,1,1,1,1,1,1,4,4,-1,[ OK ]
2291.2,17-Jul-26 13:40:09,2411,167.1,0.153,129.5,0.2942,0.5803,1.725,0,0,0,100,15.05,0.2049,404.1,200,1,0,0.3093,1,1,1,1,1,1,1,4,4,-1,[ OK ]
2291.6,17-Jul-26 13:40:09,2411,167.1,0.1526,130.4,0.295,0.5796,1.734,0,0,0,100,15.05,0.2058,404.1,200,1,0,0.3045,1,1,1,1,1,1,1,4,4,-1,[ OK ]
2292.0,17-Jul-26 13:40:09,2412,167.1,0.1531,129.3,0.2982,0.5797,1.732,0,0,0,100,15.05,0.2051,404.2,200,1,0,0.3049,1,1,1,1,1,1,1,4,4,-1,[ OK ]
2292.5,17-Jul-26 13:40:10,2412,167.1,0.1527,130.4,0.295,0.5802,1.725,0,0,0,100,15.05,0.2046,403.9,200,1,0,0.3137,1,1,1,1,1,1,1,4,4,-1,[ OK ]
2292.9,17-Jul-26 13:40:10,2412,167.1,0.1531,129.3,0.3,0.5794,1.735,0,0,0,100,15.05,0.2042,403.8,200,1,0,0.3078,1,1,1,1,1,1,1,4,4,-1,[ OK ]
2293.3,17-Jul-26 13:40:11,2413,167.1,0.1527,130.4,0.298,0.5801,1.726,0,0,0,100,15.05,0.2051,403.8,200,1,0,0.3028,1,1,1,1,1,1,1,4,4,-1,[ OK ]
2293.8,17-Jul-26 13:40:11,2413,167.1,0.1531,129.3,0.3012,0.5802,1.726,0,0,0,100,15.05,0.2056,404.1,200,1,0,0.309,1,1,1,1,1,1,1,4,4,-1,[ OK ]
2294.2,17-Jul-26 13:40:12,2414,167.1,0.1528,130.4,0.2969,0.5795,1.734,0,0,0,100,15.05,0.2048,404.2,200,1,0,0.3031,1,1,1,1,1,1,1,4,4,-1,[ OK ]
2294.7,17-Jul-26 13:40:12,2414,167.1,0.1527,130.4,0.2969,0.5796,1.733,0,0,0,100,15.05,0.2051,404,200,1,0,0.3035,1,1,1,1,1,1,1,4,4,-1,[ OK ]
2295.1,17-Jul-26 13:40:13,2415,167.1,0.1532,129.4,0.2964,0.5796,1.734,0,0,0,100,15.05,0.2059,403.8,200,1,0,0.3001,1,1,1,1,1,1,1,4,4,-1,[ OK ]
2295.5,17-Jul-26 13:40:13,2415,167.1,0.1528,130.4,0.2969,0.5799,1.731,0,0,0,100,15.05,0.2051,403.9,200,1,0,0.313,1,1,1,1,1,1,1,4,4,-1,[ OK ]
2295.9,17-Jul-26 13:40:13,2415,167.1,0.1527,130.4,0.295,0.5795,1.734,0,0,0,100,15.05,0.2042,403.9,200,1,0,0.313,1,1,1,1,1,1,1,4,4,-1,[ OK ]
2296.3,17-Jul-26 13:40:14,2416,167.1,0.1527,130.4,0.298,0.5798,1.732,0,0,0,100,15.05,0.2043,403.8,200,1,0,0.3102,1,1,1,1,1,1,1,4,4,-1,[ OK ]
2296.8,17-Jul-26 13:40:14,2416,167.1,0.1531,129.4,0.2973,0.5795,1.734,0,0,0,100,15.05,0.2048,403.8,200,1,0,0.3131,1,1,1,1,1,1,1,4,4,-1,[ OK ]
2297.2,17-Jul-26 13:40:15,2417,167.1,0.1531,129.3,0.2998,0.5803,1.725,0,0,0,100,15.05,0.2048,403.8,200,1,0,0.3112,1,1,1,1,1,1,1,4,4,-1,[ OK ]
2297.6,17-Jul-26 13:40:15,2417,167.1,0.1531,129.2,0.2958,0.5796,1.733,0,0,0,100,15.05,0.2051,404.1,200,1,0,0.3161,1,1,1,1,1,1,1,4,4,-1,[ OK ]
2298.0,17-Jul-26 13:40:15,2418,167.1,0.1532,129.2,0.294,0.5797,1.732,0,0,0,100,15.05,0.2044,403.8,200,1,0,0.3139,1,1,1,1,1,1,1,4,4,-1,[ OK ]
2298.4,17-Jul-26 13:40:16,2418,167.1,0.1533,128.8,0.2935,0.5798,1.731,0,0,0,100,15.05,0.2057,403.9,200,1,0,0.3088,1,1,1,1,1,1,1,4,4,-1,[ OK ]
2298.9,17-Jul-26 13:40:16,2418,167.1,0.1531,129.3,0.3006,0.5803,1.725,0,0,0,100,15.05,0.2049,404,200,1,0,0.3129,1,1,1,1,1,1,1,4,4,-1,[ OK ]
2299.3,17-Jul-26 13:40:17,2419,167.1,0.1527,130.4,0.2963,0.5802,1.727,0,0,0,100,15.05,0.2037,403.9,200,1,0,0.313,1,1,1,1,1,1,1,4,4,-1,[ OK ]
2299.7,17-Jul-26 13:40:17,2419,167.1,0.1527,130.4,0.2952,0.5797,1.733,0,0,0,100,15.05,0.2043,403.9,200,1,0,0.3109,1,1,1,1,1,1,1,4,4,-1,[ OK ]
2300.1,17-Jul-26 13:40:18,2420,167.1,0.1526,130.4,0.2941,0.5801,1.728,0,0,0,100,15.05,0.205,403.9,200,1,0,0.2985,1,1,1,1,1,1,1,4,4,-1,[ OK ]
2300.5,17-Jul-26 13:40:18,2420,167.1,0.1531,129.1,0.2958,0.5801,1.728,0,0,0,100,15.05,0.2045,404.1,200,1,0,0.3153,1,1,1,1,1,1,1,4,4,-1,[ OK ]
2301.0,17-Jul-26 13:40:18,2420,167.1,0.1527,130.4,0.2943,0.5794,1.735,0,0,0,100,15.05,0.2041,403.8,200,1,0,0.308,1,1,1,1,1,1,1,4,4,-1,[ OK ]
2301.4,17-Jul-26 13:40:19,2421,167.1,0.153,129.4,0.2959,0.5802,1.727,0,0,0,100,15.05,0.2043,404.1,200,1,0,0.3088,1,1,1,1,1,1,1,4,4,-1,[ OK ]
2301.7,17-Jul-26 13:40:19,2421,167.1,0.1527,130.4,0.2961,0.5801,1.729,0,0,0,100,15.05,0.204,403.8,200,1,0,0.3159,1,1,1,1,1,1,1,4,4,-1,[ OK ]
2302.1,17-Jul-26 13:40:20,2422,167.1,0.1527,130.4,0.2999,0.5801,1.728,0,0,0,100,15.05,0.2046,403.9,200,1,0,0.3074,1,1,1,1,1,1,1,4,4,-1,[ OK ]
2302.5,17-Jul-26 13:40:20,2422,167.1,0.1527,130.4,0.2926,0.5802,1.727,0,0,0,100,15.05,0.2054,404.1,200,1,0,0.3059,1,1,1,1,1,1,1,4,4,-1,[ OK ]
2303.0,17-Jul-26 13:40:20,2422,167.1,0.1527,130.4,0.2965,0.5794,1.735,0,0,0,100,15.05,0.205,404.2,200,1,0,0.3051,1,1,1,1,1,1,1,4,4,-1,[ OK ]
2303.4,17-Jul-26 13:40:21,2423,167.1,0.1531,129.4,0.2963,0.5797,1.732,0,0,0,100,15.05,0.205,404.2,200,1,0,0.3155,1,1,1,1,1,1,1,4,4,-1,[ OK ]
2303.8,17-Jul-26 13:40:21,2423,167.1,0.1528,130.4,0.2974,0.5797,1.731,0,0,0,100,15.05,0.205,403.8,200,1,0,0.3086,1,1,1,1,1,1,1,4,4,-1,[ OK ]
2304.2,17-Jul-26 13:40:22,2424,167.1,0.1528,130.4,0.3021,0.5796,1.732,0,0,0,100,15.05,0.2047,403.9,200,1,0,0.3077,1,1,1,1,1,1,1,4,4,-1,[ OK ]
2304.7,17-Jul-26 13:40:22,2424,167.1,0.1532,129.1,0.2989,0.5802,1.725,0,0,0,100,15.05,0.2043,404.1,200,1,0,0.311,1,1,1,1,1,1,1,4,4,-1,[ OK ]
2305.1,17-Jul-26 13:40:22,2425,167.1,0.1533,129.1,0.2933,0.58,1.728,0,0,0,100,15.05,0.2041,404.1,200,1,0,0.3188,1,1,1,1,1,1,1,4,4,-1,[ OK ]
2305.5,17-Jul-26 13:40:23,2425,167.1,0.1527,130.4,0.2962,0.5795,1.734,0,0,0,100,15.05,0.2049,403.9,200,1,0,0.3118,1,1,1,1,1,1,1,4,4,-1,[ OK ]
2305.9,17-Jul-26 13:40:23,2425,167.1,0.1528,130.4,0.2972,0.5796,1.732,0,0,0,100,15.05,0.2048,403.9,200,1,0,0.3129,1,1,1,1,1,1,1,4,4,-1,[ OK ]
2306.3,17-Jul-26 13:40:24,2426,167.1,0.1528,130.4,0.299,0.5796,1.733,0,0,0,100,15.05,0.2048,404.1,200,1,0,0.3087,1,1,1,1,1,1,1,4,4,-1,[ OK ]
2306.8,17-Jul-26 13:40:24,2426,167.1,0.1533,129,0.2997,0.58,1.728,0,0,0,100,15.05,0.2059,403.9,200,1,0,0.3089,1,1,1,1,1,1,1,4,4,-1,[ OK ]
2307.2,17-Jul-26 13:40:25,2427,167.1,0.1531,129.4,0.2968,0.5795,1.735,0,0,0,100,15.05,0.2041,404.1,200,1,0,0.3163,1,1,1,1,1,1,1,4,4,-1,[ OK ]
2307.6,17-Jul-26 13:40:25,2427,167.1,0.1532,129.3,0.2922,0.5802,1.727,0,0,0,100,15.05,0.205,403.9,200,1,0,0.3047,1,1,1,1,1,1,1,4,4,-1,[ OK ]
2308.0,17-Jul-26 13:40:25,2427,167.1,0.1527,130.4,0.2966,0.5795,1.735,0,0,0,100,15.05,0.2049,403.9,200,1,0,0.2983,1,1,1,1,1,1,1,4,4,-1,[ OK ]
2308.4,17-Jul-26 13:40:26,2428,167.1,0.1527,130.4,0.2956,0.5799,1.73,0,0,0,100,15.05,0.2047,404.1,200,1,0,0.3086,1,1,1,1,1,1,1,4,4,-1,[ OK ]
2308.9,17-Jul-26 13:40:26,2428,167.1,0.1527,130.4,0.2979,0.5801,1.727,0,0,0,100,15.05,0.2048,403.8,200,1,0,0.3072,1,1,1,1,1,1,1,4,4,-1,[ OK ]
2309.3,17-Jul-26 13:40:27,2429,167.1,0.1532,129.3,0.2965,0.5802,1.726,0,0,0,100,15.05,0.2048,404.1,200,1,0,0.3122,1,1,1,1,1,1,1,4,4,-1,[ OK ]
2309.7,17-Jul-26 13:40:27,2429,167.1,0.1527,130.6,0.2979,0.5801,1.728,0,0,0,100,15.05,0.2042,404,200,1,0,0.3127,1,1,1,1,1,1,1,4,4,-1,[ OK ]
2310.1,17-Jul-26 13:40:28,2430,167.1,0.1528,130.4,0.2954,0.5803,1.726,0,0,0,100,15.05,0.2051,404,200,1,0,0.3064,1,1,1,1,1,1,1,4,4,-1,[ OK ]
2310.5,17-Jul-26 13:40:28,2430,167.1,0.1532,129.4,0.2952,0.5798,1.73,0,0,0,100,15.05,0.2052,404,200,1,0,0.3088,1,1,1,1,1,1,1,4,4,-1,[ OK ]
2311.0,17-Jul-26 13:40:28,2430,167.1,0.1528,130.4,0.3,0.5802,1.725,0,0,0,100,15.05,0.2042,404.1,200,1,0,0.3118,1,1,1,1,1,1,1,4,4,-1,[ OK ]
2311.4,17-Jul-26 13:40:29,2431,167.1,0.1533,128.8,0.2966,0.5799,1.729,0,0,0,100,15.05,0.2039,403.9,200,1,0,0.3123,1,1,1,1,1,1,1,4,4,-1,[ OK ]
2311.8,17-Jul-26 13:40:29,2431,167.1,0.1527,130.4,0.2934,0.58,1.727,0,0,0,100,15.05,0.204,404.1,200,1,0,0.3125,1,1,1,1,1,1,1,4,4,-1,[ OK ]
2312.2,17-Jul-26 13:40:30,2432,167.1,0.1533,128.7,0.2983,0.5797,1.73,0,0,0,100,15.05,0.2049,404.1,200,1,0,0.3077,1,1,1,1,1,1,1,4,4,-1,[ OK ]
2312.7,17-Jul-26 13:40:30,2432,167.1,0.1527,130.4,0.2977,0.5799,1.727,0,0,0,100,15.05,0.2042,403.8,200,1,0,0.3097,1,1,1,1,1,1,1,4,4,-1,[ OK ]
2313.1,17-Jul-26 13:40:31,2433,167.1,0.1532,128.9,0.2973,0.58,1.727,0,0,0,100,15.05,0.2055,404.1,200,1,0,0.3087,1,1,1,1,1,1,1,4,4,-1,[ OK ]
2313.6,17-Jul-26 13:40:31,2433,167.1,0.1527,130.4,0.2985,0.5801,1.726,0,0,0,100,15.05,0.2056,404,200,1,0,0.3086,1,1,1,1,1,1,1,4,4,-1,[ OK ]
2314.0,17-Jul-26 13:40:31,2433,167.1,0.1527,130.4,0.2971,0.5801,1.726,0,0,0,100,15.05,0.2046,404,200,1,0,0.3099,1,1,1,1,1,1,1,4,4,-1,[ OK ]
2314.4,17-Jul-26 13:40:32,2434,167.1,0.1527,130.4,0.2961,0.5801,1.726,0,0,0,100,15.05,0.2047,404.1,200,1,0,0.3167,1,1,1,1,1,1,1,4,4,-1,[ OK ]
2314.8,17-Jul-26 13:40:32,2434,167.1,0.1532,129.1,0.3005,0.5803,1.724,0,0,0,100,15.05,0.2056,403.8,200,1,0,0.3089,1,1,1,1,1,1,1,4,4,-1,[ OK ]
2315.3,17-Jul-26 13:40:33,2435,167.1,0.1527,130.4,0.2965,0.5803,1.724,0,0,0,100,15.05,0.2043,403.8,200,1,0,0.3155,1,1,1,1,1,1,1,4,4,-1,[ OK ]
2315.7,17-Jul-26 13:40:33,2435,167.1,0.1527,130.4,0.2934,0.5795,1.734,0,0,0,100,15.05,0.2046,404,200,1,0,0.3103,1,1,1,1,1,1,1,4,4,-1,[ OK ]
2316.1,17-Jul-26 13:40:34,2436,167.1,0.1528,130.4,0.2974,0.5795,1.733,0,0,0,100,15.05,0.205,404,200,1,0,0.3084,1,1,1,1,1,1,1,4,4,-1,[ OK ]
2316.5,17-Jul-26 13:40:34,2436,167.1,0.1532,129.3,0.2963,0.5801,1.727,0,0,0,100,15.05,0.2051,403.9,200,1,0,0.316,1,1,1,1,1,1,1,4,4,-1,[ OK ]
2316.9,17-Jul-26 13:40:34,2436,167.1,0.1532,129.3,0.3023,0.58,1.728,0,0,0,100,15.05,0.2056,403.8,200,1,0,0.3121,1,1,1,1,1,1,1,4,4,-1,[ OK ]
2317.3,17-Jul-26 13:40:35,2437,167.1,0.1533,129.3,0.2997,0.5801,1.727,0,0,0,100,15.05,0.2042,404,200,1,0,0.3181,1,1,1,1,1,1,1,4,4,-1,[ OK ]
2317.8,17-Jul-26 13:40:35,2437,167.1,0.1528,130.4,0.2978,0.5801,1.728,0,0,0,100,15.05,0.2056,403.8,200,1,0,0.3048,1,1,1,1,1,1,1,4,4,-1,[ OK ]
2318.2,17-Jul-26 13:40:36,2438,167.1,0.1528,130.4,0.296,0.5802,1.727,0,0,0,100,15.05,0.2046,403.8,200,1,0,0.3174,1,1,1,1,1,1,1,4,4,-1,[ OK ]
2318.6,17-Jul-26 13:40:36,2438,167.1,0.1533,129.1,0.2985,0.5797,1.732,0,0,0,100,15.05,0.2046,404.1,200,1,0,0.3081,1,1,1,1,1,1,1,4,4,-1,[ OK ]
2319.0,17-Jul-26 13:40:36,2439,167.1,0.1529,130.4,0.2968,0.5801,1.727,0,0,0,100,15.05,0.2054,404.1,200,1,0,0.2966,1,1,1,1,1,1,1,4,4,-1,[ OK ]
2319.4,17-Jul-26 13:40:37,2439,167.1,0.1529,130.4,0.2966,0.5798,1.731,0,0,0,100,15.05,0.2047,403.8,200,1,0,0.2947,1,1,1,1,1,1,1,4,4,-1,[ OK ]
2319.9,17-Jul-26 13:40:37,2439,167.1,0.1533,129.4,0.2965,0.5797,1.732,0,0,0,100,15.05,0.2043,404,200,1,0,0.3122,1,1,1,1,1,1,1,4,4,-1,[ OK ]
2320.3,17-Jul-26 13:40:38,2440,167.1,0.1529,130.4,0.2968,0.5799,1.73,0,0,0,100,15.05,0.2052,403.8,200,1,0,0.3082,1,1,1,1,1,1,1,4,4,-1,[ OK ]
2320.7,17-Jul-26 13:40:38,2440,167.1,0.1529,130.4,0.298,0.5794,1.736,0,0,0,100,15.05,0.2055,403.8,200,1,0,0.3215,1,1,1,1,1,1,1,4,4,-1,[ OK ]
2321.1,17-Jul-26 13:40:39,2441,167.1,0.1529,130.4,0.2997,0.5797,1.733,0,0,0,100,15.05,0.2058,404,200,1,0,0.3134,1,1,1,1,1,1,1,4,4,-1,[ OK ]
2321.4,17-Jul-26 13:40:39,2441,167.1,0.1529,130.4,0.3,0.5796,1.734,0,0,0,100,15.05,0.2045,404.1,200,1,0,0.3259,1,1,1,1,1,1,1,4,4,-1,[ OK ]
2321.9,17-Jul-26 13:40:39,2441,167.1,0.1529,130.4,0.2964,0.5795,1.735,0,0,0,100,15.05,0.206,404.1,200,1,0,0.3018,1,1,1,1,1,1,1,4,4,-1,[ OK ]
2322.3,17-Jul-26 13:40:40,2442,167.1,0.1534,129.1,0.2935,0.5798,1.732,0,0,0,100,15.05,0.2049,403.9,200,1,0,0.3007,1,1,1,1,1,1,1,4,4,-1,[ OK ]
2322.7,17-Jul-26 13:40:40,2442,167.1,0.1528,130.4,0.2902,0.5797,1.732,0,0,0,100,15.05,0.2048,403.8,200,1,0,0.3078,1,1,1,1,1,1,1,4,4,-1,[ OK ]
2323.1,17-Jul-26 13:40:41,2443,167.1,0.1527,130.6,0.2926,0.58,1.728,0,0,0,100,15.05,0.2055,404.1,200,1,0,0.3139,1,1,1,1,1,1,1,4,4,-1,[ OK ]
2323.5,17-Jul-26 13:40:41,2443,167.1,0.1528,130.4,0.2978,0.5802,1.726,0,0,0,100,15.05,0.2047,404.2,200,1,0,0.3114,1,1,1,1,1,1,1,4,4,-1,[ OK ]
2324.0,17-Jul-26 13:40:41,2443,167.1,0.1528,130.4,0.2996,0.5795,1.735,0,0,0,100,15.05,0.2044,403.8,200,1,0,0.3146,1,1,1,1,1,1,1,4,4,-1,[ OK ]
2324.4,17-Jul-26 13:40:42,2444,167.1,0.1533,129,0.2945,0.5795,1.733,0,0,0,100,15.05,0.2048,403.8,200,1,0,0.3092,1,1,1,1,1,1,1,4,4,-1,[ OK ]
2324.8,17-Jul-26 13:40:42,2444,167.1,0.1527,130.4,0.2976,0.5794,1.736,0,0,0,100,15.05,0.2047,403.8,200,1,0,0.3107,1,1,1,1,1,1,1,4,4,-1,[ OK ]
2325.2,17-Jul-26 13:40:43,2445,167.1,0.1532,129.4,0.295,0.58,1.729,0,0,0,100,15.05,0.2045,403.7,200,1,0,0.3085,1,1,1,1,1,1,1,4,4,-1,[ OK ]
2325.6,17-Jul-26 13:40:43,2445,167.1,0.1531,129.3,0.2932,0.5797,1.734,0,0,0,100,15.05,0.205,403.8,200,1,0,0.309,1,1,1,1,1,1,1,4,4,-1,[ OK ]
2326.1,17-Jul-26 13:40:43,2446,167.1,0.1531,129.2,0.2966,0.5804,1.724,0,0,0,100,15.05,0.2054,403.9,200,1,0,0.3146,1,1,1,1,1,1,1,4,4,-1,[ OK ]
2326.5,17-Jul-26 13:40:44,2446,167.1,0.1527,130.4,0.2972,0.5802,1.726,0,0,0,100,15.05,0.2051,404.1,200,1,0,0.3081,1,1,1,1,1,1,1,4,4,-1,[ OK ]
2326.9,17-Jul-26 13:40:44,2446,167.1,0.1533,128.9,0.2981,0.5793,1.737,0,0,0,100,15.05,0.2062,404.1,200,1,0,0.312,1,1,1,1,1,1,1,4,4,-1,[ OK ]
2327.3,17-Jul-26 13:40:45,2447,167.1,0.1531,129.2,0.2999,0.5802,1.727,0,0,0,100,15.05,0.2062,404.2,200,1,0,0.3116,1,1,1,1,1,1,1,4,4,-1,[ OK ]
2327.7,17-Jul-26 13:40:45,2447,167.1,0.1531,129.2,0.2973,0.5794,1.736,0,0,0,100,15.05,0.205,403.8,200,1,0,0.3067,1,1,1,1,1,1,1,4,4,-1,[ OK ]
2328.2,17-Jul-26 13:40:46,2448,167.1,0.1527,130.4,0.2922,0.5803,1.725,0,0,0,100,15.05,0.2041,403.8,200,1,0,0.3112,1,1,1,1,1,1,1,4,4,-1,[ OK ]
2328.6,17-Jul-26 13:40:46,2448,167.1,0.1531,129.3,0.2936,0.58,1.729,0,0,0,100,15.05,0.2057,404.1,200,1,0,0.3137,1,1,1,1,1,1,1,4,4,-1,[ OK ]
2329.0,17-Jul-26 13:40:46,2448,167.1,0.1527,130.4,0.2989,0.5801,1.728,0,0,0,100,15.05,0.2042,403.9,200,1,0,0.3116,1,1,1,1,1,1,1,4,4,-1,[ OK ]
2329.4,17-Jul-26 13:40:47,2449,167.1,0.1531,129.4,0.2943,0.5801,1.728,0,0,0,100,15.05,0.205,404.1,200,1,0,0.3117,1,1,1,1,1,1,1,4,4,-1,[ OK ]
2329.8,17-Jul-26 13:40:47,2449,167.1,0.1528,130.4,0.2946,0.5803,1.726,0,0,0,100,15.05,0.2039,404,200,1,0,0.3141,1,1,1,1,1,1,1,4,4,-1,[ OK ]
2330.3,17-Jul-26 13:40:48,2450,167.1,0.1531,129.4,0.2964,0.5801,1.729,0,0,0,100,15.05,0.2049,404.2,200,1,0,0.313,1,1,1,1,1,1,1,4,4,-1,[ OK ]
2330.7,17-Jul-26 13:40:48,2450,167.1,0.1528,130.4,0.2963,0.5805,1.724,0,0,0,100,15.05,0.2058,403.8,200,1,0,0.3027,1,1,1,1,1,1,1,4,4,-1,[ OK ]
2331.1,17-Jul-26 13:40:49,2451,167.1,0.1528,130.4,0.2999,0.5796,1.733,0,0,0,100,15.05,0.2051,403.8,200,1,0,0.3072,1,1,1,1,1,1,1,4,4,-1,[ OK ]
2331.5,17-Jul-26 13:40:49,2451,167.1,0.1532,129.3,0.2979,0.5795,1.734,0,0,0,100,15.05,0.2052,404.1,200,1,0,0.3074,1,1,1,1,1,1,1,4,4,-1,[ OK ]
2332.0,17-Jul-26 13:40:49,2451,167.1,0.1533,129,0.2959,0.5801,1.727,0,0,0,100,15.05,0.2056,403.9,200,1,0,0.3076,1,1,1,1,1,1,1,4,4,-1,[ OK ]
2332.4,17-Jul-26 13:40:50,2452,167.1,0.1527,130.4,0.2966,0.5795,1.734,0,0,0,100,15.05,0.2052,404.2,200,1,0,0.306,1,1,1,1,1,1,1,4,4,-1,[ OK ]
2332.8,17-Jul-26 13:40:50,2452,167.1,0.1528,130.4,0.2954,0.5804,1.724,0,0,0,100,15.05,0.2045,404.2,200,1,0,0.3095,1,1,1,1,1,1,1,4,4,-1,[ OK ]
2333.2,17-Jul-26 13:40:51,2453,167.1,0.1532,129.2,0.2952,0.5801,1.728,0,0,0,100,15.05,0.2051,404.1,200,1,0,0.3017,1,1,1,1,1,1,1,4,4,-1,[ OK ]
2333.6,17-Jul-26 13:40:51,2453,167.1,0.1527,130.4,0.2932,0.5796,1.734,0,0,0,100,15.05,0.204,403.9,200,1,0,0.3112,1,1,1,1,1,1,1,4,4,-1,[ OK ]
2334.1,17-Jul-26 13:40:51,2454,167.1,0.1526,130.7,0.2962,0.5796,1.734,0,0,0,100,15.05,0.204,403.9,200,1,0,0.3157,1,1,1,1,1,1,1,4,4,-1,[ OK ]
2335.1,17-Jul-26 13:40:53,2455,167.1,0.1533,128.9,0.2905,0.5797,1.733,0,0,0,100,15.05,0.2049,403.9,200,1,0,0.3144,1,1,1,1,1,1,1,4,4,-1,[ OK ]
2335.6,17-Jul-26 13:40:53,2455,167.1,0.1532,129.2,0.2944,0.5798,1.733,0,0,0,100,15.05,0.2056,403.8,200,1,0,0.3097,1,1,1,1,1,1,1,4,4,-1,[ OK ]
2336.0,17-Jul-26 13:40:53,2456,167.1,0.1527,130.4,0.2968,0.5802,1.727,0,0,0,100,15.05,0.205,403.8,200,1,0,0.3231,1,1,1,1,1,1,1,4,4,-1,[ OK ]
2336.5,17-Jul-26 13:40:54,2456,167.1,0.1532,129.2,0.294,0.5799,1.73,0,0,0,100,15.05,0.2043,403.8,200,1,0,0.3201,1,1,1,1,1,1,1,4,4,-1,[ OK ]
2336.9,17-Jul-26 13:40:54,2456,167.1,0.1528,130.4,0.2972,0.5804,1.724,0,0,0,100,15.05,0.204,403.8,200,1,0,0.3164,1,1,1,1,1,1,1,4,4,-1,[ OK ]
2337.4,17-Jul-26 13:40:55,2457,167.1,0.1528,130.4,0.2969,0.5796,1.733,0,0,0,100,15.05,0.2044,403.8,200,1,0,0.3164,1,1,1,1,1,1,1,4,4,-1,[ OK ]
2337.9,17-Jul-26 13:40:55,2457,167.1,0.1532,129.2,0.2968,0.5801,1.727,0,0,0,100,15.05,0.2042,403.8,200,1,0,0.3155,1,1,1,1,1,1,1,4,4,-1,[ OK ]
2338.3,17-Jul-26 13:40:56,2458,167.1,0.1532,129.3,0.2989,0.5796,1.733,0,0,0,100,15.05,0.2051,404.1,200,1,0,0.3103,1,1,1,1,1,1,1,4,4,-1,[ OK ]
2338.8,17-Jul-26 13:40:56,2458,167.1,0.1527,130.4,0.3008,0.5802,1.726,0,0,0,100,15.05,0.2051,404.1,200,1,0,0.2934,1,1,1,1,1,1,1,4,4,-1,[ OK ]
2339.2,17-Jul-26 13:40:57,2459,167.1,0.1527,130.4,0.2953,0.5803,1.725,0,0,0,100,15.05,0.2054,404.1,200,1,0,0.3092,1,1,1,1,1,1,1,4,4,-1,[ OK ]
2339.6,17-Jul-26 13:40:57,2459,167.1,0.1527,130.4,0.2965,0.5796,1.733,0,0,0,100,15.05,0.2051,403.8,200,1,0,0.3103,1,1,1,1,1,1,1,4,4,-1,[ OK ]
2340.0,17-Jul-26 13:40:57,2460,167.1,0.1531,129.3,0.3019,0.5799,1.729,0,0,0,100,15.05,0.2057,403.8,200,1,0,0.3046,1,1,1,1,1,1,1,4,4,-1,[ OK ]
2340.4,17-Jul-26 13:40:58,2460,167.1,0.1527,130.4,0.2928,0.5798,1.73,0,0,0,100,15.05,0.2046,403.7,200,1,0,0.3114,1,1,1,1,1,1,1,4,4,-1,[ OK ]
2340.9,17-Jul-26 13:40:58,2460,167.1,0.1527,130.4,0.2938,0.5795,1.733,0,0,0,100,15.05,0.2048,404.2,200,1,0,0.3024,1,1,1,1,1,1,1,4,4,-1,[ OK ]
2341.3,17-Jul-26 13:40:59,2461,167.1,0.1531,129.3,0.2954,0.58,1.728,0,0,0,100,15.05,0.2046,404.1,200,1,0,0.3128,1,1,1,1,1,1,1,4,4,-1,[ OK ]
2341.7,17-Jul-26 13:40:59,2461,167.1,0.1533,128.9,0.2972,0.5803,1.724,0,0,0,100,15.05,0.2051,404.1,200,1,0,0.3173,1,1,1,1,1,1,1,4,4,-1,[ OK ]
2342.1,17-Jul-26 13:41:00,2462,167.1,0.1532,129.3,0.2999,0.5801,1.727,0,0,0,100,15.05,0.2046,404,200,1,0,0.3203,1,1,1,1,1,1,1,4,4,-1,[ OK ]
2342.5,17-Jul-26 13:41:00,2462,167.1,0.1533,128.9,0.2972,0.5799,1.729,0,0,0,100,15.05,0.2046,404.1,200,1,0,0.3049,1,1,1,1,1,1,1,4,4,-1,[ OK ]
2343.0,17-Jul-26 13:41:00,2462,167.1,0.1532,129.2,0.2967,0.58,1.728,0,0,0,100,15.05,0.2052,404,200,1,0,0.3132,1,1,1,1,1,1,1,4,4,-1,[ OK ]
2343.4,17-Jul-26 13:41:01,2463,167.1,0.1527,130.4,0.2934,0.5795,1.733,0,0,0,100,15.05,0.2056,404.1,200,1,0,0.3037,1,1,1,1,1,1,1,4,4,-1,[ OK ]
2343.8,17-Jul-26 13:41:01,2463,167.1,0.1531,129.1,0.2961,0.58,1.729,0,0,0,100,15.05,0.2054,403.8,200,1,0,0.3168,1,1,1,1,1,1,1,4,4,-1,[ OK ]
2344.2,17-Jul-26 13:41:02,2464,167.1,0.1526,130.4,0.2918,0.5804,1.724,0,0,0,100,15.05,0.2053,403.9,200,1,0,0.2983,1,1,1,1,1,1,1,4,4,-1,[ OK ]
2344.6,17-Jul-26 13:41:02,2464,167.1,0.1531,129.3,0.2968,0.5794,1.735,0,0,0,100,15.05,0.2053,403.9,200,1,0,0.3068,1,1,1,1,1,1,1,4,4,-1,[ OK ]
2345.1,17-Jul-26 13:41:02,2465,167.1,0.1527,130.4,0.2965,0.5794,1.734,0,0,0,100,15.05,0.2049,403.9,200,1,0,0.3067,1,1,1,1,1,1,1,4,4,-1,[ OK ]
2345.5,17-Jul-26 13:41:03,2465,167.1,0.1528,130.4,0.2963,0.5796,1.732,0,0,0,100,15.05,0.2051,404.1,200,1,0,0.3078,1,1,1,1,1,1,1,4,4,-1,[ OK ]
2345.9,17-Jul-26 13:41:03,2465,167.1,0.1528,130.4,0.2953,0.58,1.729,0,0,0,100,15.05,0.2051,403.8,200,1,0,0.3137,1,1,1,1,1,1,1,4,4,-1,[ OK ]
2346.3,17-Jul-26 13:41:04,2466,167.1,0.1532,129.4,0.2976,0.5802,1.726,0,0,0,100,15.05,0.2056,403.8,200,1,0,0.2991,1,1,1,1,1,1,1,4,4,-1,[ OK ]
2346.7,17-Jul-26 13:41:04,2466,167.1,0.1533,129.1,0.3,0.5795,1.734,0,0,0,100,15.05,0.2048,403.9,200,1,0,0.3129,1,1,1,1,1,1,1,4,4,-1,[ OK ]
2347.2,17-Jul-26 13:41:05,2467,167.1,0.1528,130.4,0.2999,0.5801,1.727,0,0,0,100,15.05,0.2046,404.1,200,1,0,0.3081,1,1,1,1,1,1,1,4,4,-1,[ OK ]
2347.6,17-Jul-26 13:41:05,2467,167.1,0.1532,129.1,0.2999,0.5802,1.725,0,0,0,100,15.05,0.2041,403.8,200,1,0,0.3126,1,1,1,1,1,1,1,4,4,-1,[ OK ]
2347.9,17-Jul-26 13:41:05,2467,167.1,0.1527,130.4,0.2935,0.5799,1.729,0,0,0,100,15.05,0.2048,404,200,1,0,0.3073,1,1,1,1,1,1,1,4,4,-1,[ OK ]
2348.3,17-Jul-26 13:41:06,2468,167.1,0.1528,130.4,0.3016,0.5803,1.725,0,0,0,100,15.05,0.2045,404,200,1,0,0.3126,1,1,1,1,1,1,1,4,4,-1,[ OK ]
2349.4,17-Jul-26 13:41:07,2468,167.1,0.1532,129.1,0.2982,0.5794,1.735,0,0,0,100,15.05,0.2052,404.1,200,1,0,0.3079,1,1,1,-1,1,1,1,3.875,4,2,[ OK ]
2350.8,17-Jul-26 13:41:08,2470,167.1,0,99.6,0.0485,0.5799,1.732,0,0,0,100,15.05,0.1667,403.8,200,1,0,0,1,0,1,-1,1,0,1,3.625,4,2,[ OK ]
2351.6,17-Jul-26 13:41:09,2471,167.1,0,27.73,0.03947,0.5795,1.732,0,0,0,100,15.05,0.1642,404.1,200,1,0,0,1,0,1,-1,1,0,1,3.625,4,2,[ OK ]
2353.0,17-Jul-26 13:41:10,2472,167.1,0,13.61,0.04394,0.5801,1.724,0,0,0,100,15.05,0.1619,404.1,200,0,0,0,1,0,1,-1,1,0,1,3.125,4,2,[ OK ]
2354.4,17-Jul-26 13:41:12,2473,167.1,0,4.059,0.04235,0.5801,1.724,0,0,0,100,15.05,0.002564,0.3934,200,0,0,0,1,0,1,-1,1,0,2.74,3,3,2,[ OK ]
