Elapsed (s),Time,nGen-400 Uptime,nGen-400 Hours,Anode PWM_Duty_Cycle,Anode Voltage,Anode Current,Getter PWM_Duty_Cycle,Getter Current,Neutron Counts,Neutron Count_Rate,Neutron Count_Rate_Avg,Neutron Count_Rate_Stdev_Pct,RF Freq_Synth,Suppressor Current,Suppressor Voltage,Pulsing Rep_Rate,Pulsing Duty_Cycle,Pulsing Ext_Trig_Select,Calculations Current_Ratio,Faults Anode_Voltage_Too_High,Faults Arc_dI_dt,Faults Arc_I,Faults Blinkout,Faults E_Beam_Power_Too_High,Faults Interlock,Faults Suppressor_Voltage_Too_Low,State_Machine State,State_Machine Source,State_Machine Destination,State_Machine Fault
0.0,4/13/2026 8:07:20 PM,2527,102.8,0,0.5094,0.04146,0,0.01148,0,0,0,100,16.28,0.003182,0,1,1,0,0,1,0,1,-1,1,0,4,2.25,2,3,[ OK ]
1.5,4/13/2026 8:07:21 PM,2528,102.8,0,1.066,0.04334,0.2646,0.2906,0,0,0,100,16.28,0.003303,0,1,1,0,0,1,0,1,-1,1,0,4,3,2,3,[ OK ]
3.4,4/13/2026 8:07:23 PM,2530,102.8,0,0.764,0.04225,0.3767,0.9378,0,0,0,100,16.28,0.00282,0,1,1,0,0,1,0,1,-1,1,0,4,3,3,-1,[ OK ]
4.6,4/13/2026 8:07:24 PM,2532,102.8,0,1.098,0.04057,0.4241,1.205,0,0,0,100,16.28,0.002336,0,1,1,0,0,1,0,1,-1,1,0,4,3,3,-1,[ OK ]
5.2,4/13/2026 8:07:25 PM,2532,102.8,0,1.051,0.04116,0.4353,1.268,0,0,0,100,16.28,0.002538,0.1079,1,1,0,0,1,0,1,-1,1,0,4,3,3,-1,[ OK ]
5.8,4/13/2026 8:07:26 PM,2533,102.8,0,0.8118,0.04195,0.4432,1.31,0,0,0,100,16.28,0.003706,0,1,1,0,0,1,0,1,-1,1,0,4,3,3,-1,[ OK ]
6.3,4/13/2026 8:07:26 PM,2534,102.8,0,1.019,0.04235,0.4488,1.353,0,0,0,100,16.28,0.002578,0.01269,1,1,0,0,1,0,1,-1,1,0,4,3,3,-1,[ OK ]
6.8,4/13/2026 8:07:27 PM,2534,102.8,0,0.3024,0.04136,0.4535,1.374,0,0,0,100,16.28,0.002659,0.1396,1,1,0,0,1,0,1,-1,1,0,4,3,3,-1,[ OK ]
7.3,4/13/2026 8:07:27 PM,2535,102.8,0,0.9232,0.04205,0.4582,1.4,0,0,0,100,16.28,0.002216,0,1,1,0,0,1,0,1,-1,1,0,4,3,3,-1,[ OK ]
7.7,4/13/2026 8:07:28 PM,2535,102.8,0,0.8755,0.04245,0.462,1.411,0,0,0,100,16.28,0.001934,0.1459,1,1,0,0,1,0,1,-1,1,0,4,3,3,-1,[ OK ]
8.3,4/13/2026 8:07:28 PM,2536,102.8,0,1.257,0.04314,0.465,1.434,0,0,0,100,16.28,0.002296,0,1,1,0,0,1,0,1,-1,1,0,4,3,3,-1,[ OK ]
8.8,4/13/2026 8:07:29 PM,2536,102.8,0,0.9391,0.04245,0.4684,1.444,0,0,0,100,16.28,0.002739,0,1,1,0,0,1,0,1,-1,1,0,4,3,3,-1,[ OK ]
9.4,4/13/2026 8:07:29 PM,2537,102.8,0,0.9073,0.04245,0.4712,1.454,0,0,0,100,16.28,0.003505,0,1,1,0,0,1,0,1,-1,1,0,4,3,3,-1,[ OK ]
10.6,4/13/2026 8:07:30 PM,2537,102.8,0,1.257,0.04295,0.4731,1.467,0,0,0,100,16.28,0.003062,0,1,1,0,0,1,0,1,-1,1,0,4,3.053,3,4,[ OK ]
12.2,4/13/2026 8:07:32 PM,2539,102.8,0,0.9869,0.04225,0.4783,1.486,0,0,0,100,16.28,0.2098,404.1,1,1,0,0,1,0,1,-1,1,0,1,3.211,3,4,[ OK ]
13.8,4/13/2026 8:07:34 PM,2540,102.8,0,1.496,0.04166,0.4806,1.508,0,0,0,100,16.28,0.2103,404.5,200,1,0,0,1,0,1,-1,1,0,1,3.316,3,4,[ OK ]
15.3,4/13/2026 8:07:35 PM,2542,102.8,0,1.035,0.04096,0.4832,1.513,0,0,0,100,16.28,0.2104,404.1,200,1,0,0,1,0,1,-1,1,0,1,3.474,3,4,[ OK ]
16.8,4/13/2026 8:07:37 PM,2543,102.8,0.02841,14.56,0.04652,0.485,1.511,0,0,0,100,16.28,0.2091,404.2,200,1,0,-1,1,0,1,-1,1,1,1,3.632,3,4,[ OK ]
18.3,4/13/2026 8:07:38 PM,2545,102.8,0.03632,29.02,0.04592,0.4865,1.515,0,0,0,100,16.28,0.2098,404.2,200,1,0,-1,1,0,1,-1,1,1,1,3.684,3,4,[ OK ]
19.7,4/13/2026 8:07:40 PM,2546,102.8,0.04062,38.38,0.04959,0.6149,2.217,0,0,0,100,16.28,0.2112,404.5,200,1,0,-1,1,0,1,-1,1,1,1,3.789,3,4,[ OK ]
21.0,4/13/2026 8:07:41 PM,2548,102.8,0.04373,41.93,0.04741,0.6611,2.431,0,0,0,100,16.28,0.2089,404.4,200,1,0,-1,1,0,1,-1,1,1,1,3.789,3,4,[ OK ]
21.7,4/13/2026 8:07:42 PM,2549,102.8,0.04504,44.28,0.04622,0.6816,2.527,0,0,0,100,16.28,0.211,404.6,200,1,0,-1,1,0,1,-1,1,1,1,3.789,3,4,[ OK ]
22.5,4/13/2026 8:07:42 PM,2550,102.8,0.04581,45.65,0.04662,0.6936,2.583,0,0,0,100,16.28,0.2104,404.2,200,1,0,-1,1,0,1,-1,1,1,1,3.789,3,4,[ OK ]
23.2,4/13/2026 8:07:43 PM,2550,102.8,0.04638,46.51,0.04612,0.7023,2.619,0,0,0,100,16.28,0.2094,404.3,200,1,0,-1,1,0,1,-1,1,1,1,3.789,3,4,[ OK ]
23.7,4/13/2026 8:07:44 PM,2551,102.8,0.04678,47.37,0.04493,0.71,2.647,0,0,0,100,16.28,0.2096,404,200,1,0,-1,1,0,1,-1,1,1,1,3.789,3,4,[ OK ]
24.4,4/13/2026 8:07:44 PM,2552,102.8,0.04671,49.01,0.04652,0.7165,2.658,0,0,0,100,16.28,0.2079,404.3,200,1,0,-1,1,0,1,-1,1,1,1,3.789,3,4,[ OK ]
25.2,4/13/2026 8:07:45 PM,2552,102.8,0.04723,48.9,0.04731,0.7231,2.681,0,0,0,100,16.28,0.211,404.3,200,1,0,-1,1,0,1,-1,1,1,1,3.789,3,4,[ OK ]
25.7,4/13/2026 8:07:46 PM,2553,102.8,0.04746,48.9,0.04592,0.7285,2.694,0,0,0,100,16.28,0.208,404.3,200,1,0,-1,1,0,1,-1,1,1,1,3.789,3,4,[ OK ]
26.4,4/13/2026 8:07:46 PM,2554,102.8,0.04764,48.9,0.0486,0.7323,2.707,0,0,0,100,16.28,0.2094,404.4,200,1,0,-1,1,0,1,-1,1,1,1,3.789,3,4,[ OK ]
27.0,4/13/2026 8:07:47 PM,2554,102.8,0.04785,48.9,0.0487,0.7373,2.709,0,0,0,100,16.28,0.2088,404.2,200,1,0,-1,1,0,1,-1,1,1,1,3.789,3,4,[ OK ]
27.6,4/13/2026 8:07:47 PM,2555,102.8,0.04801,48.9,0.04731,0.7397,2.722,0,0,0,100,16.28,0.2095,404.1,200,1,0,-1,1,0,1,-1,1,1,1,3.789,3,4,[ OK ]
28.2,4/13/2026 8:07:48 PM,2555,102.8,0.04819,48.93,0.04711,0.7441,2.721,0,0,0,100,16.28,0.2085,404.5,200,1,0,-1,1,0,1,-1,1,1,1,3.789,3,4,[ OK ]
28.8,4/13/2026 8:07:49 PM,2556,102.8,0.04822,49.31,0.04602,0.7466,2.737,0,0,0,100,16.28,0.2114,404.3,200,1,0,-1,1,0,1,-1,1,1,1,3.789,3,4,[ OK ]
29.5,4/13/2026 8:07:49 PM,2557,102.8,0.04821,49.62,0.04682,0.7498,2.738,0,0,0,100,16.28,0.2077,404.3,200,1,0,-1,1,0,1,-1,1,1,1,3.789,3,4,[ OK ]
30.0,4/13/2026 8:07:50 PM,2557,102.8,0.04838,49.27,0.04582,0.7538,2.733,0,0,0,100,16.28,0.2095,404.2,200,1,0,-1,1,0,1,-1,1,1,1,3.789,3,4,[ OK ]
30.7,4/13/2026 8:07:50 PM,2558,102.8,0.04832,49.66,0.04682,0.7563,2.737,0,0,0,100,16.28,0.2114,404,200,1,0,-1,1,0,1,-1,1,1,1,3.789,3,4,[ OK ]
31.3,4/13/2026 8:07:51 PM,2558,102.8,0.04855,49.14,0.0616,0.7581,2.753,0,0,0,100,16.28,0.2119,404.4,200,1,0,-1,1,0,1,-1,1,1,1,3.789,3,4,[ OK ]
31.9,4/13/2026 8:07:52 PM,2559,102.8,0.04883,48.9,0.1014,0.7617,2.747,0,0,0,100,16.28,0.2136,404.1,200,1,0,-0.7298,1,1,1,-1,1,1,1,3.789,3,4,[ OK ]
33.1,4/13/2026 8:07:53 PM,2560,102.8,0.04981,46.72,0.1657,0.6766,2.325,0,0,0,100,16.28,0.2204,404.1,200,1,0,-0.1303,1,1,1,-1,1,1,1,3.947,3,4,[ OK ]
34.4,4/13/2026 8:07:54 PM,2561,102.8,0.05172,46.18,0.1508,0.6184,2.034,0,0,0,100,16.28,0.2214,404.5,200,1,0,-0.6057,1,1,1,1,1,1,1,4,4,-1,[ OK ]
36.7,4/13/2026 8:07:57 PM,2564,102.8,0.05919,51.75,0.1283,0.5623,1.758,0,0,0,100,16.28,0.2238,404.1,200,1,0,-0.7451,1,1,1,1,1,1,1,4,4,-1,[ OK ]
37.7,4/13/2026 8:07:57 PM,2565,102.8,0.06954,57.99,0.1426,0.5503,1.68,0,0,0,100,16.28,0.2306,404.2,200,1,0,-0.576,1,1,1,1,1,1,1,4,4,-1,[ OK ]
38.3,4/13/2026 8:07:58 PM,2565,102.8,0.07732,63.1,0.1646,0.5446,1.654,0,0,0,100,16.28,0.2324,404.4,200,1,0,-0.4253,1,1,1,1,1,1,1,4,4,-1,[ OK ]
39.4,4/13/2026 8:07:59 PM,2566,102.8,0.08239,67.47,0.1796,0.5388,1.636,0,0,0,100,16.28,0.2499,404.3,200,1,0,-0.3889,1,1,1,1,1,1,1,4,4,-1,[ OK ]
40.1,4/13/2026 8:08:00 PM,2567,102.8,0.1058,74.37,0.4036,0.5326,1.603,0,0,0,100,16.28,0.2587,404.3,200,1,0,0.3703,1,1,1,1,1,1,1,4,4,-1,[ OK ]
40.7,4/13/2026 8:08:01 PM,2568,102.8,0.112,80.26,0.4183,0.53,1.591,0,0,0,100,16.28,0.2622,404.4,200,1,0,0.3731,1,1,1,1,1,1,1,4,4,-1,[ OK ]
41.5,4/13/2026 8:08:01 PM,2569,102.8,0.118,86.72,0.4313,0.5283,1.572,0,0,0,100,16.28,0.2668,403.9,200,1,0,0.3761,1,1,1,1,1,1,1,4,4,-1,[ OK ]
42.2,4/13/2026 8:08:02 PM,2569,102.8,0.1233,91.42,0.435,0.5269,1.558,0,0,0,100,16.28,0.2674,404.2,200,1,0,0.3803,1,1,1,1,1,1,1,4,4,-1,[ OK ]
42.8,4/13/2026 8:08:03 PM,2570,102.8,0.127,95.52,0.4426,0.5255,1.553,0,0,0,100,16.28,0.2663,403.9,200,1,0,0.3991,1,1,1,1,1,1,1,4,4,-1,[ OK ]
43.4,4/13/2026 8:08:03 PM,2571,102.8,0.1301,99.1,0.4442,0.5239,1.552,0,0,0,100,16.28,0.2682,404.3,200,1,0,0.4108,1,1,1,1,1,1,1,4,4,-1,[ OK ]
43.9,4/13/2026 8:08:04 PM,2571,102.8,0.1324,101.5,0.4529,0.5232,1.547,0,0,0,100,16.28,0.268,404.1,200,1,0,0.4035,1,1,1,1,1,1,1,4,4,-1,[ OK ]
44.6,4/13/2026 8:08:04 PM,2572,102.8,0.135,103.4,0.4557,0.5228,1.538,0,0,0,100,16.28,0.2676,404.3,200,1,0,0.4106,1,1,1,1,1,1,1,4,4,-1,[ OK ]
45.1,4/13/2026 8:08:05 PM,2572,102.8,0.1366,105.9,0.4502,0.5222,1.537,0,0,0,100,16.28,0.2692,404.4,200,1,0,0.4019,1,1,1,1,1,1,1,4,4,-1,[ OK ]
45.7,4/13/2026 8:08:06 PM,2573,102.8,0.1385,107.8,0.4482,0.5213,1.538,0,0,0,100,16.28,0.2667,404.1,200,1,0,0.4115,1,1,1,1,1,1,1,4,4,-1,[ OK ]
46.2,4/13/2026 8:08:06 PM,2573,102.8,0.1397,109.5,0.4553,0.5211,1.533,0,0,0,100,16.28,0.2685,404.4,200,1,0,0.4135,1,1,1,1,1,1,1,4,4,-1,[ OK ]
46.8,4/13/2026 8:08:07 PM,2574,102.8,0.1409,110.8,0.464,0.5194,1.547,0,0,0,100,16.28,0.2691,404.2,200,1,0,0.4201,1,1,1,1,1,1,1,4,4,-1,[ OK ]
47.2,4/13/2026 8:08:07 PM,2574,102.8,0.1416,111.9,0.4583,0.5197,1.54,0,0,0,100,16.28,0.2666,404.2,200,1,0,0.4154,1,1,1,1,1,1,1,4,4,-1,[ OK ]
47.7,4/13/2026 8:08:08 PM,2575,102.8,0.1427,112.4,0.4602,0.5202,1.53,0,0,0,100,16.28,0.2681,404.2,200,1,0,0.408,1,1,1,1,1,1,1,4,4,-1,[ OK ]
48.3,4/13/2026 8:08:08 PM,2576,102.8,0.1434,114.1,0.4592,0.5193,1.537,0,0,0,100,16.28,0.2669,404.1,200,1,0,0.4165,1,1,1,1,1,1,1,4,4,-1,[ OK ]
48.8,4/13/2026 8:08:09 PM,2576,102.8,0.1441,115,0.4592,0.5192,1.536,0,0,0,100,16.28,0.2664,404,200,1,0,0.4216,1,1,1,1,1,1,1,4,4,-1,[ OK ]
49.4,4/13/2026 8:08:09 PM,2577,102.8,0.1449,114.8,0.4602,0.5195,1.53,0,0,0,100,16.28,0.2652,404.1,200,1,0,0.4144,1,1,1,1,1,1,1,4,4,-1,[ OK ]
50.0,4/13/2026 8:08:10 PM,2577,102.8,0.1457,115,0.4585,0.5193,1.529,0,0,0,100,16.28,0.2666,404.2,200,1,0,0.4087,1,1,1,1,1,1,1,4,4,-1,[ OK ]
50.6,4/13/2026 8:08:10 PM,2578,102.8,0.1459,116.5,0.4455,0.5187,1.534,0,0,0,100,16.28,0.2644,404.4,200,1,0,0.4145,1,1,1,1,1,1,1,4,4,-1,[ OK ]
51.2,4/13/2026 8:08:11 PM,2578,102.8,0.1463,117.2,0.4546,0.5189,1.53,0,0,0,100,16.28,0.2653,404,200,1,0,0.4175,1,1,1,1,1,1,1,4,4,-1,[ OK ]
51.7,4/13/2026 8:08:12 PM,2579,102.8,0.1467,117.4,0.4508,0.519,1.529,0,0,0,100,16.28,0.2663,404.4,200,1,0,0.4147,1,1,1,1,1,1,1,4,4,-1,[ OK ]
52.2,4/13/2026 8:08:12 PM,2579,102.8,0.1468,117.8,0.4536,0.5181,1.538,0,0,0,100,16.28,0.2642,404.3,200,1,0,0.4172,1,1,1,1,1,1,1,4,4,-1,[ OK ]
52.6,4/13/2026 8:08:12 PM,2580,102.8,0.147,117.9,0.4479,0.5188,1.529,0,0,0,100,16.28,0.2633,404.6,200,1,0,0.4139,1,1,1,1,1,1,1,4,4,-1,[ OK ]
53.0,4/13/2026 8:08:13 PM,2580,102.8,0.1472,118.1,0.4435,0.5187,1.53,0,0,0,100,16.28,0.2668,404,200,1,0,0.4123,1,1,1,1,1,1,1,4,4,-1,[ OK ]
53.5,4/13/2026 8:08:13 PM,2581,102.8,0.1474,118.4,0.4511,0.5182,1.535,0,0,0,100,16.28,0.2633,404.1,200,1,0,0.4067,1,1,1,1,1,1,1,4,4,-1,[ OK ]
54.0,4/13/2026 8:08:14 PM,2581,102.8,0.1475,119,0.4426,0.5192,1.523,0,0,0,100,16.28,0.2628,404.2,200,1,0,0.4104,1,1,1,1,1,1,1,4,4,-1,[ OK ]
54.6,4/13/2026 8:08:14 PM,2582,102.8,0.1477,118.7,0.4426,0.5178,1.537,0,0,0,100,16.28,0.2638,404.4,200,1,0,0.404,1,1,1,1,1,1,1,4,4,-1,[ OK ]
55.0,4/13/2026 8:08:15 PM,2582,102.8,0.1479,118.7,0.4441,0.5186,1.527,0,0,0,100,16.28,0.2636,404.2,200,1,0,0.4085,1,1,1,1,1,1,1,4,4,-1,[ OK ]
55.5,4/13/2026 8:08:15 PM,2583,102.8,0.1478,119.4,0.4426,0.5183,1.529,0,0,0,100,16.28,0.2623,404,200,1,0,0.4123,1,1,1,1,1,1,1,4,4,-1,[ OK ]
56.0,4/13/2026 8:08:16 PM,2583,102.8,0.1479,119.3,0.4443,0.519,1.521,0,0,0,100,16.28,0.2616,404.4,200,1,0,0.4129,1,1,1,1,1,1,1,4,4,-1,[ OK ]
56.6,4/13/2026 8:08:16 PM,2584,102.8,0.1481,119.1,0.4426,0.5188,1.523,0,0,0,100,16.28,0.2623,404.3,200,1,0,0.4074,1,1,1,1,1,1,1,4,4,-1,[ OK ]
57.3,4/13/2026 8:08:17 PM,2584,102.8,0.148,119.7,0.4342,0.5185,1.525,0,0,0,100,16.28,0.2602,404.1,200,1,0,0.4021,1,1,1,1,1,1,1,4,4,-1,[ OK ]
57.9,4/13/2026 8:08:18 PM,2585,102.8,0.1478,120.5,0.4354,0.5185,1.526,0,0,0,100,16.28,0.2604,404.2,200,1,0,0.4117,1,1,1,1,1,1,1,4,4,-1,[ OK ]
58.5,4/13/2026 8:08:18 PM,2586,102.8,0.148,119.9,0.436,0.5185,1.525,0,0,0,100,16.28,0.2612,404.3,200,1,0,0.41,1,1,1,1,1,1,1,4,4,-1,[ OK ]
59.1,4/13/2026 8:08:19 PM,2586,102.8,0.148,120,0.4426,0.5184,1.526,0,0,0,100,16.28,0.261,403.9,200,1,0,0.3956,1,1,1,1,1,1,1,4,4,-1,[ OK ]
59.6,4/13/2026 8:08:19 PM,2587,102.8,0.1483,119.1,0.4341,0.5179,1.53,0,0,0,100,16.28,0.261,404.4,200,1,0,0.4104,1,1,1,1,1,1,1,4,4,-1,[ OK ]
60.1,4/13/2026 8:08:20 PM,2587,102.8,0.1479,120.3,0.4258,0.5186,1.523,0,0,0,100,16.28,0.2591,404.4,200,1,0,0.3952,1,1,1,1,1,1,1,4,4,-1,[ OK ]
60.7,4/13/2026 8:08:20 PM,2588,102.8,0.1479,120.4,0.4328,0.5175,1.536,0,0,0,100,16.28,0.2599,404.2,200,1,0,0.4128,1,1,1,1,1,1,1,4,4,-1,[ OK ]
61.2,4/13/2026 8:08:21 PM,2588,102.8,0.1479,120.5,0.4304,0.5177,1.533,0,0,0,100,16.28,0.2591,404.4,200,1,0,0.3995,1,1,1,1,1,1,1,4,4,-1,[ OK ]
61.6,4/13/2026 8:08:21 PM,2589,102.8,0.148,120.1,0.4305,0.5187,1.523,0,0,0,100,16.28,0.2599,404.2,200,1,0,0.3946,1,1,1,1,1,1,1,4,4,-1,[ OK ]
62.0,4/13/2026 8:08:22 PM,2589,102.8,0.1479,120.1,0.4318,0.5189,1.519,0,0,0,100,16.28,0.261,404,200,1,0,0.3845,1,1,1,1,1,1,1,4,4,-1,[ OK ]
62.6,4/13/2026 8:08:22 PM,2590,102.8,0.148,119.9,0.4268,0.5185,1.523,0,0,0,100,16.28,0.2594,404.3,200,1,0,0.3944,1,1,1,1,1,1,1,4,4,-1,[ OK ]
63.0,4/13/2026 8:08:23 PM,2590,102.8,0.1479,120.1,0.4228,0.5187,1.521,0,0,0,100,16.28,0.2592,404.4,200,1,0,0.3861,1,1,1,1,1,1,1,4,4,-1,[ OK ]
63.4,4/13/2026 8:08:23 PM,2591,102.8,0.1479,120.2,0.4229,0.518,1.527,0,0,0,100,16.28,0.2583,404.4,200,1,0,0.3877,1,1,1,1,1,1,1,4,4,-1,[ OK ]
63.8,4/13/2026 8:08:24 PM,2591,102.8,0.1478,120.5,0.4224,0.518,1.528,0,0,0,100,16.28,0.2599,404.3,200,1,0,0.3844,1,1,1,1,1,1,1,4,4,-1,[ OK ]
64.3,4/13/2026 8:08:24 PM,2592,102.8,0.1478,120.3,0.4246,0.5181,1.526,0,0,0,100,16.28,0.2581,404.2,200,1,0,0.3885,1,1,1,1,1,1,1,4,4,-1,[ OK ]
64.8,4/13/2026 8:08:25 PM,2592,102.8,0.1478,120.2,0.4186,0.5183,1.525,0,0,0,100,16.28,0.258,404.2,200,1,0,0.3823,1,1,1,1,1,1,1,4,4,-1,[ OK ]
65.2,4/13/2026 8:08:25 PM,2592,102.8,0.1478,120.1,0.429,0.5178,1.531,0,0,0,100,16.28,0.2575,404.1,200,1,0,0.3959,1,1,1,1,1,1,1,4,4,-1,[ OK ]
65.6,4/13/2026 8:08:25 PM,2593,102.8,0.1478,120.1,0.4239,0.5175,1.534,0,0,0,100,16.28,0.2574,404.3,200,1,0,0.3891,1,1,1,1,1,1,1,4,4,-1,[ OK ]
66.2,4/13/2026 8:08:26 PM,2593,102.8,0.1478,119.9,0.4256,0.5179,1.529,0,0,0,100,16.28,0.2566,404,200,1,0,0.3898,1,1,1,1,1,1,1,4,4,-1,[ OK ]
66.7,4/13/2026 8:08:27 PM,2594,102.8,0.1477,120.2,0.4265,0.5187,1.52,0,0,0,100,16.28,0.2571,404.1,200,1,0,0.3853,1,1,1,1,1,1,1,4,4,-1,[ OK ]
67.4,4/13/2026 8:08:27 PM,2595,102.8,0.1475,120.6,0.4261,0.5176,1.532,0,0,0,100,16.28,0.2593,404.1,200,1,0,0.3775,1,1,1,1,1,1,1,4,4,-1,[ OK ]
68.1,4/13/2026 8:08:28 PM,2595,102.8,0.1476,120,0.4171,0.5175,1.533,0,0,0,100,16.28,0.2561,404.2,200,1,0,0.385,1,1,1,1,1,1,1,4,4,-1,[ OK ]
68.7,4/13/2026 8:08:29 PM,2596,102.8,0.1474,120.8,0.4196,0.5177,1.531,0,0,0,100,16.28,0.2554,404.4,200,1,0,0.3818,1,1,1,1,1,1,1,4,4,-1,[ OK ]
69.2,4/13/2026 8:08:29 PM,2596,102.8,0.1473,120.8,0.4115,0.5183,1.524,0,0,0,100,16.28,0.2575,404.3,200,1,0,0.3877,1,1,1,1,1,1,1,4,4,-1,[ OK ]
69.7,4/13/2026 8:08:30 PM,2597,102.8,0.1476,120,0.412,0.5184,1.523,0,0,0,100,16.28,0.2583,404.2,200,1,0,0.3704,1,1,1,1,1,1,1,4,4,-1,[ OK ]
70.3,4/13/2026 8:08:30 PM,2597,102.8,0.1476,119.8,0.4183,0.5181,1.526,0,0,0,100,16.28,0.2569,404.3,200,1,0,0.3913,1,1,1,1,1,1,1,4,4,-1,[ OK ]
70.7,4/13/2026 8:08:31 PM,2598,102.8,0.1474,120.4,0.4157,0.5182,1.524,0,0,0,100,16.28,0.2577,404,200,1,0,0.3809,1,1,1,1,1,1,1,4,4,-1,[ OK ]
71.2,4/13/2026 8:08:31 PM,2598,102.8,0.1473,120.5,0.4134,0.5176,1.53,0,0,0,100,16.28,0.2552,404.3,200,1,0,0.3794,1,1,1,1,1,1,1,4,4,-1,[ OK ]
71.7,4/13/2026 8:08:32 PM,2599,102.8,0.1474,120.1,0.4176,0.518,1.526,0,0,0,100,16.28,0.2567,404.1,200,1,0,0.3747,1,1,1,1,1,1,1,4,4,-1,[ OK ]
72.1,4/13/2026 8:08:32 PM,2599,102.8,0.1474,120.1,0.415,0.5173,1.534,0,0,0,100,16.28,0.2573,404,200,1,0,0.3749,1,1,1,1,1,1,1,4,4,-1,[ OK ]
72.6,4/13/2026 8:08:32 PM,2600,102.8,0.1473,120.1,0.4078,0.5179,1.527,0,0,0,100,16.28,0.2556,404.2,200,1,0,0.3771,1,1,1,1,1,1,1,4,4,-1,[ OK ]
73.1,4/13/2026 8:08:33 PM,2600,102.8,0.1471,120.6,0.4095,0.5179,1.527,0,0,0,100,16.28,0.2561,403.7,200,1,0,0.3662,1,1,1,1,1,1,1,4,4,-1,[ OK ]
73.5,4/13/2026 8:08:33 PM,2601,102.8,0.1472,120.2,0.4079,0.5173,1.532,0,0,0,100,16.28,0.2565,404.1,200,1,0,0.3886,1,1,1,1,1,1,1,4,4,-1,[ OK ]
73.9,4/13/2026 8:08:34 PM,2601,102.8,0.1471,120.4,0.4088,0.5182,1.522,0,0,0,100,16.28,0.2549,404.3,200,1,0,0.3874,1,1,1,1,1,1,1,4,4,-1,[ OK ]
74.5,4/13/2026 8:08:34 PM,2602,102.8,0.1471,120.2,0.4094,0.5175,1.529,0,0,0,100,16.28,0.255,404.2,200,1,0,0.3876,1,1,1,1,1,1,1,4,4,-1,[ OK ]
75.0,4/13/2026 8:08:35 PM,2602,102.8,0.1471,120.2,0.4124,0.5168,1.537,0,0,0,100,16.28,0.2552,404.3,200,1,0,0.3723,1,1,1,1,1,1,1,4,4,-1,[ OK ]
75.4,4/13/2026 8:08:35 PM,2603,102.8,0.1471,120.1,0.4079,0.5172,1.532,0,0,0,100,16.28,0.2538,404.3,200,1,0,0.375,1,1,1,1,1,1,1,4,4,-1,[ OK ]
76.0,4/13/2026 8:08:36 PM,2603,102.8,0.147,120.3,0.4044,0.5174,1.531,0,0,0,100,16.28,0.2577,404.4,200,1,0,0.3754,1,1,1,1,1,1,1,4,4,-1,[ OK ]
76.4,4/13/2026 8:08:36 PM,2604,102.8,0.1471,120,0.4069,0.5179,1.526,0,0,0,100,16.28,0.2549,404.2,200,1,0,0.3871,1,1,1,1,1,1,1,4,4,-1,[ OK ]
76.9,4/13/2026 8:08:37 PM,2604,102.8,0.147,120.2,0.4059,0.5179,1.527,0,0,0,100,16.28,0.2533,404.3,200,1,0,0.3891,1,1,1,1,1,1,1,4,4,-1,[ OK ]
77.4,4/13/2026 8:08:37 PM,2605,102.8,0.1468,120.8,0.4103,0.5176,1.53,0,0,0,100,16.28,0.2541,404,200,1,0,0.3751,1,1,1,1,1,1,1,4,4,-1,[ OK ]
77.9,4/13/2026 8:08:38 PM,2605,102.8,0.147,120.2,0.4064,0.5176,1.531,0,0,0,100,16.28,0.2538,404.4,200,1,0,0.3853,1,1,1,1,1,1,1,4,4,-1,[ OK ]
78.3,4/13/2026 8:08:38 PM,2606,102.8,0.1469,120.5,0.4157,0.518,1.527,0,0,0,100,16.28,0.2546,404.1,200,1,0,0.3723,1,1,1,1,1,1,1,4,4,-1,[ OK ]
78.8,4/13/2026 8:08:39 PM,2606,102.8,0.1469,120.5,0.4082,0.5182,1.524,0,0,0,100,16.28,0.2547,404.3,200,1,0,0.3756,1,1,1,1,1,1,1,4,4,-1,[ OK ]
79.3,4/13/2026 8:08:39 PM,2607,102.8,0.147,120.1,0.4132,0.5178,1.527,0,0,0,100,16.28,0.2558,404.3,200,1,0,0.3736,1,1,1,1,1,1,1,4,4,-1,[ OK ]
79.8,4/13/2026 8:08:40 PM,2607,102.8,0.1468,120.6,0.414,0.5178,1.527,0,0,0,100,16.28,0.2551,404.4,200,1,0,0.367,1,1,1,1,1,1,1,4,4,-1,[ OK ]
80.4,4/13/2026 8:08:40 PM,2608,102.8,0.1469,120.4,0.4073,0.5169,1.538,0,0,0,100,16.28,0.2546,404.3,200,1,0,0.3828,1,1,1,1,1,1,1,4,4,-1,[ OK ]
80.9,4/13/2026 8:08:41 PM,2608,102.8,0.1469,120.2,0.4028,0.5173,1.534,0,0,0,100,16.28,0.2551,404.3,200,1,0,0.3766,1,1,1,1,1,1,1,4,4,-1,[ OK ]
81.3,4/13/2026 8:08:41 PM,2609,102.8,0.147,119.9,0.4084,0.5174,1.532,0,0,0,100,16.28,0.2561,404.1,200,1,0,0.369,1,1,1,1,1,1,1,4,4,-1,[ OK ]
81.9,4/13/2026 8:08:42 PM,2609,102.8,0.1468,120.4,0.4117,0.517,1.535,0,0,0,100,16.28,0.2539,404.1,200,1,0,0.367,1,1,1,1,1,1,1,4,4,-1,[ OK ]
82.5,4/13/2026 8:08:42 PM,2610,102.8,0.1468,120.2,0.4042,0.5176,1.53,0,0,0,100,16.28,0.2549,404.1,200,1,0,0.3769,1,1,1,1,1,1,1,4,4,-1,[ OK ]
82.9,4/13/2026 8:08:43 PM,2610,102.8,0.1468,120.4,0.4061,0.5179,1.526,0,0,0,100,16.28,0.2546,404.5,200,1,0,0.3556,1,1,1,1,1,1,1,4,4,-1,[ OK ]
83.5,4/13/2026 8:08:43 PM,2611,102.8,0.1467,120.4,0.4017,0.517,1.536,0,0,0,100,16.28,0.2537,404.4,200,1,0,0.3705,1,1,1,1,1,1,1,4,4,-1,[ OK ]
84.2,4/13/2026 8:08:44 PM,2611,102.8,0.1466,120.8,0.4017,0.5173,1.533,0,0,0,100,16.28,0.2527,403.8,200,1,0,0.3799,1,1,1,1,1,1,1,4,4,-1,[ OK ]
85.0,4/13/2026 8:08:45 PM,2612,102.8,0.1469,120,0.4045,0.5175,1.531,0,0,0,100,16.28,0.2524,404.4,200,1,0,0.3814,1,1,1,1,1,1,1,4,4,-1,[ OK ]
85.6,4/13/2026 8:08:45 PM,2613,102.8,0.1467,120.3,0.4073,0.5185,1.52,0,0,0,100,16.28,0.2539,403.9,200,1,0,0.3519,1,1,1,1,1,1,1,4,4,-1,[ OK ]
86.2,4/13/2026 8:08:46 PM,2613,102.8,0.1467,120.2,0.4071,0.5179,1.526,0,0,0,100,16.28,0.2539,404.3,200,1,0,0.3714,1,1,1,1,1,1,1,4,4,-1,[ OK ]
86.8,4/13/2026 8:08:47 PM,2614,102.8,0.1471,119,0.3998,0.5175,1.53,0,0,0,100,16.28,0.2513,404.1,200,1,0,0.3835,1,1,1,1,1,1,1,4,4,-1,[ OK ]
87.4,4/13/2026 8:08:47 PM,2615,102.8,0.1466,120.5,0.4059,0.5168,1.536,0,0,0,100,16.28,0.2539,404.4,200,1,0,0.368,1,1,1,1,1,1,1,4,4,-1,[ OK ]
88.0,4/13/2026 8:08:48 PM,2615,102.8,0.1467,120.1,0.3997,0.5177,1.525,0,0,0,100,16.28,0.2533,404.1,200,1,0,0.375,1,1,1,1,1,1,1,4,4,-1,[ OK ]
88.6,4/13/2026 8:08:48 PM,2616,102.8,0.1467,120,0.4021,0.5172,1.531,0,0,0,100,16.28,0.2525,404,200,1,0,0.3818,1,1,1,1,1,1,1,4,4,-1,[ OK ]
89.2,4/13/2026 8:08:49 PM,2616,102.8,0.1467,119.9,0.4009,0.5174,1.53,0,0,0,100,16.28,0.2528,404,200,1,0,0.3727,1,1,1,1,1,1,1,4,4,-1,[ OK ]
89.9,4/13/2026 8:08:50 PM,2617,102.8,0.1466,120.2,0.4027,0.5184,1.519,0,0,0,100,16.28,0.2543,404,200,1,0,0.3613,1,1,1,1,1,1,1,4,4,-1,[ OK ]
90.5,4/13/2026 8:08:50 PM,2618,102.8,0.1467,119.7,0.3997,0.5175,1.528,0,0,0,100,16.28,0.2538,404,200,1,0,0.3618,1,1,1,1,1,1,1,4,4,-1,[ OK ]
91.1,4/13/2026 8:08:51 PM,2618,102.8,0.1468,119.4,0.4018,0.5173,1.531,0,0,0,100,16.28,0.2555,404.4,200,1,0,0.3517,1,1,1,1,1,1,1,4,4,-1,[ OK ]
91.7,4/13/2026 8:08:51 PM,2619,102.8,0.1471,118.5,0.3942,0.5171,1.533,0,0,0,100,16.28,0.2535,404,200,1,0,0.3671,1,1,1,1,1,1,1,4,4,-1,[ OK ]
92.3,4/13/2026 8:08:52 PM,2620,102.8,0.1468,119.5,0.4022,0.5177,1.526,0,0,0,100,16.28,0.2538,404.7,200,1,0,0.3666,1,1,1,1,1,1,1,4,4,-1,[ OK ]
92.9,4/13/2026 8:08:53 PM,2620,102.8,0.1465,120.2,0.4048,0.517,1.534,0,0,0,100,16.28,0.2588,404.5,200,1,0,0.3528,1,1,1,1,1,1,1,4,4,-1,[ OK ]
93.4,4/13/2026 8:08:53 PM,2621,102.8,0.1467,119.6,0.4076,0.5177,1.526,0,0,0,100,16.28,0.2547,404,200,1,0,0.3646,1,1,1,1,1,1,1,4,4,-1,[ OK ]
94.0,4/13/2026 8:08:54 PM,2621,102.8,0.1466,119.9,0.4027,0.5169,1.535,0,0,0,100,16.28,0.2558,404.4,200,1,0,0.3712,1,1,1,1,1,1,1,4,4,-1,[ OK ]
94.5,4/13/2026 8:08:54 PM,2622,102.8,0.1467,119.7,0.4064,0.5178,1.524,0,0,0,100,16.28,0.2565,404.2,200,1,0,0.3763,1,1,1,1,1,1,1,4,4,-1,[ OK ]
95.1,4/13/2026 8:08:55 PM,2622,102.8,0.1465,120.2,0.4043,0.518,1.523,0,0,0,100,16.28,0.2601,404.4,200,1,0,0.3568,1,1,1,1,1,1,1,4,4,-1,[ OK ]
95.6,4/13/2026 8:08:55 PM,2623,102.8,0.1465,120.2,0.4067,0.5184,1.519,0,0,0,100,16.28,0.2579,404.1,200,1,0,0.3618,1,1,1,1,1,1,1,4,4,-1,[ OK ]
96.0,4/13/2026 8:08:56 PM,2623,102.8,0.1467,119.8,0.3999,0.5173,1.53,0,0,0,100,16.28,0.2581,404.4,200,1,0,0.3633,1,1,1,1,1,1,1,4,4,-1,[ OK ]
96.6,4/13/2026 8:08:56 PM,2624,102.8,0.1467,119.8,0.4048,0.5179,1.524,0,0,0,100,16.28,0.2532,404,200,1,0,0.3764,1,1,1,1,1,1,1,4,4,-1,[ OK ]
97.1,4/13/2026 8:08:57 PM,2624,102.8,0.1467,119.8,0.4006,0.5172,1.531,0,0,0,100,16.28,0.2566,404.4,200,1,0,0.3611,1,1,1,1,1,1,1,4,4,-1,[ OK ]
97.8,4/13/2026 8:08:58 PM,2625,102.8,0.1467,119.8,0.4087,0.5176,1.527,0,0,0,100,16.28,0.2565,404,200,1,0,0.3744,1,1,1,1,1,1,1,4,4,-1,[ OK ]
98.4,4/13/2026 8:08:58 PM,2626,102.8,0.1465,120.4,0.4042,0.5172,1.53,0,0,0,100,16.28,0.2568,404.4,200,1,0,0.3727,1,1,1,1,1,1,1,4,4,-1,[ OK ]
99.1,4/13/2026 8:08:59 PM,2626,102.8,0.1468,119.6,0.405,0.5176,1.526,0,0,0,100,16.28,0.2559,404.4,200,1,0,0.3675,1,1,1,1,1,1,1,4,4,-1,[ OK ]
99.5,4/13/2026 8:08:59 PM,2627,102.8,0.1467,119.8,0.4044,0.5168,1.536,0,0,0,100,16.28,0.259,404.5,200,1,0,0.3702,1,1,1,1,1,1,1,4,4,-1,[ OK ]
100.2,4/13/2026 8:09:00 PM,2627,102.8,0.1466,120,0.3996,0.5169,1.534,0,0,0,100,16.28,0.2543,404.3,200,1,0,0.3638,1,1,1,1,1,1,1,4,4,-1,[ OK ]
100.9,4/13/2026 8:09:01 PM,2628,102.8,0.1466,120.1,0.4034,0.5177,1.526,0,0,0,100,16.28,0.2581,404,200,1,0,0.3599,1,1,1,1,1,1,1,4,4,-1,[ OK ]
101.5,4/13/2026 8:09:01 PM,2629,102.8,0.1465,120.4,0.3989,0.518,1.523,0,0,0,100,16.28,0.2563,404.4,200,1,0,0.3648,1,1,1,1,1,1,1,4,4,-1,[ OK ]
102.4,4/13/2026 8:09:02 PM,2630,102.8,0.1466,120.2,0.3992,0.5181,1.522,0,0,0,100,16.28,0.2558,404.1,200,1,0,0.366,1,1,1,1,1,1,1,4,4,-1,[ OK ]
103.0,4/13/2026 8:09:03 PM,2630,102.8,0.1465,120.4,0.3965,0.5178,1.524,0,0,0,100,16.28,0.2585,404.3,200,1,0,0.3518,1,1,1,1,1,1,1,4,4,-1,[ OK ]
103.7,4/13/2026 8:09:04 PM,2631,102.8,0.1467,119.9,0.4037,0.5169,1.535,0,0,0,100,16.28,0.2545,404.2,200,1,0,0.3633,1,1,1,1,1,1,1,4,4,-1,[ OK ]
104.4,4/13/2026 8:09:04 PM,2632,102.8,0.1466,120.1,0.3965,0.5178,1.525,0,0,0,100,16.28,0.2569,404.4,200,1,0,0.3576,1,1,1,1,1,1,1,4,4,-1,[ OK ]
105.2,4/13/2026 8:09:05 PM,2632,102.9,0.1466,120,0.3981,0.5174,1.529,0,0,0,100,16.28,0.2575,404.4,200,1,0,0.3505,1,1,1,1,1,1,1,4,4,-1,[ OK ]
106.4,4/13/2026 8:09:06 PM,2634,102.9,0.1465,120.2,0.3965,0.5177,1.526,0,0,0,100,16.28,0.256,404.2,200,1,0,0.3474,1,1,1,1,1,1,1,4,4,-1,[ OK ]
107.4,4/13/2026 8:09:07 PM,2635,102.9,0.1466,119.9,0.3999,0.5174,1.53,0,0,0,100,16.28,0.2558,403.9,200,1,0,0.3593,1,1,1,1,1,1,1,4,4,-1,[ OK ]
108.5,4/13/2026 8:09:08 PM,2636,102.9,0.1465,120,0.4042,0.5173,1.53,0,0,0,100,16.28,0.2575,404.1,200,1,0,0.3465,1,1,1,1,1,1,1,4,4,-1,[ OK ]
109.3,4/13/2026 8:09:09 PM,2636,102.9,0.1464,120.3,0.4013,0.5178,1.524,0,0,0,100,16.28,0.2535,404,200,1,0,0.3637,1,1,1,1,1,1,1,4,4,-1,[ OK ]
110.0,4/13/2026 8:09:10 PM,2637,102.9,0.1458,122.2,0.4007,0.5169,1.534,0,0,0,100,16.28,0.2571,404.4,200,1,0,0.3486,1,1,1,1,1,1,1,4,4,-1,[ OK ]
110.9,4/13/2026 8:09:11 PM,2638,102.9,0.1465,119.9,0.3942,0.5178,1.525,0,0,0,100,16.28,0.2548,404.4,200,1,0,0.3597,1,1,1,1,1,1,1,4,4,-1,[ OK ]
111.6,4/13/2026 8:09:11 PM,2639,102.9,0.1465,120,0.3978,0.5177,1.527,0,0,0,100,16.28,0.2573,404.1,200,1,0,0.3616,1,1,1,1,1,1,1,4,4,-1,[ OK ]
112.5,4/13/2026 8:09:12 PM,2640,102.9,0.1464,120.5,0.3946,0.5168,1.536,0,0,0,100,16.28,0.2545,404,200,1,0,0.357,1,1,1,1,1,1,1,4,4,-1,[ OK ]
113.4,4/13/2026 8:09:13 PM,2641,102.9,0.1467,119.6,0.3925,0.5175,1.528,0,0,0,100,16.28,0.2554,403.9,200,1,0,0.3486,1,1,1,1,1,1,1,4,4,-1,[ OK ]
114.4,4/13/2026 8:09:14 PM,2642,102.9,0.1463,120.9,0.404,0.517,1.534,0,0,0,100,16.28,0.2571,404.2,200,1,0,0.3578,1,1,1,1,1,1,1,4,4,-1,[ OK ]
115.4,4/13/2026 8:09:15 PM,2643,102.9,0.1466,119.8,0.3974,0.518,1.522,0,0,0,100,16.28,0.2569,404.2,200,1,0,0.3547,1,1,1,1,1,1,1,4,4,-1,[ OK ]
116.3,4/13/2026 8:09:16 PM,2643,102.9,0.1466,119.9,0.4077,0.5178,1.525,0,0,0,100,16.28,0.2565,404.3,200,1,0,0.3634,1,1,1,1,1,1,1,4,4,-1,[ OK ]
117.1,4/13/2026 8:09:17 PM,2644,102.9,0.1465,120.1,0.3938,0.5173,1.531,0,0,0,100,16.28,0.2533,403.9,200,1,0,0.3535,1,1,1,1,1,1,1,4,4,-1,[ OK ]
117.7,4/13/2026 8:09:18 PM,2645,102.9,0.1465,120,0.4016,0.5176,1.528,0,0,0,100,16.28,0.256,404,200,1,0,0.3467,1,1,1,1,1,1,1,4,4,-1,[ OK ]
118.3,4/13/2026 8:09:18 PM,2646,102.9,0.1465,120,0.4037,0.5169,1.535,0,0,0,100,16.28,0.256,404.3,200,1,0,0.3581,1,1,1,1,1,1,1,4,4,-1,[ OK ]
119.1,4/13/2026 8:09:19 PM,2646,102.9,0.1463,120.6,0.3961,0.5181,1.521,0,0,0,100,16.28,0.2578,404.3,200,1,0,0.3593,1,1,1,1,1,1,1,4,4,-1,[ OK ]
120.0,4/13/2026 8:09:20 PM,2647,102.9,0.1465,119.9,0.4006,0.5176,1.528,0,0,0,100,16.28,0.2563,404.4,200,1,0,0.3545,1,1,1,1,1,1,1,4,4,-1,[ OK ]
120.8,4/13/2026 8:09:21 PM,2648,102.9,0.1467,119.4,0.4004,0.5174,1.53,0,0,0,100,16.28,0.2581,404.4,200,1,0,0.361,1,1,1,1,1,1,1,4,4,-1,[ OK ]
121.6,4/13/2026 8:09:21 PM,2649,102.9,0.1466,119.8,0.399,0.517,1.534,0,0,0,100,16.28,0.2557,404.1,200,1,0,0.348,1,1,1,1,1,1,1,4,4,-1,[ OK ]
123.1,4/13/2026 8:09:23 PM,2650,102.9,0.1466,119.7,0.4037,0.5183,1.52,0,0,0,100,16.28,0.256,404.1,200,1,0,0.3612,1,1,1,1,1,1,1,4,4,-1,[ OK ]
124.7,4/13/2026 8:09:25 PM,2652,102.9,0.1464,120.3,0.3965,0.5179,1.524,0,0,0,100,16.28,0.2572,404,200,1,0,0.3625,1,1,1,1,1,1,1,4,4,-1,[ OK ]
126.2,4/13/2026 8:09:26 PM,2653,102.9,0.1465,120.2,0.3999,0.5176,1.527,0,0,0,100,16.28,0.2558,404.1,200,1,0,0.3521,1,1,1,1,1,1,1,4,4,-1,[ OK ]
127.9,4/13/2026 8:09:28 PM,2655,102.9,0.1466,119.9,0.3939,0.5178,1.525,0,0,0,100,16.28,0.2558,404.1,200,1,0,0.3547,1,1,1,1,1,1,1,4,4,-1,[ OK ]
128.5,4/13/2026 8:09:28 PM,2656,102.9,0.1466,120,0.3937,0.517,1.534,0,0,0,100,16.28,0.2544,404.3,200,1,0,0.37,1,1,1,1,1,1,1,4,4,-1,[ OK ]
129.1,4/13/2026 8:09:29 PM,2656,102.9,0.1466,120,0.395,0.5175,1.528,0,0,0,100,16.28,0.2566,404.2,200,1,0,0.358,1,1,1,1,1,1,1,4,4,-1,[ OK ]
129.7,4/13/2026 8:09:30 PM,2657,102.9,0.1465,120.1,0.3988,0.5171,1.533,0,0,0,100,16.28,0.2565,404.3,200,1,0,0.3649,1,1,1,1,1,1,1,4,4,-1,[ OK ]
130.3,4/13/2026 8:09:30 PM,2657,102.9,0.1465,119.9,0.4016,0.5179,1.524,0,0,0,100,16.28,0.2558,404.3,200,1,0,0.3658,1,1,1,1,1,1,1,4,4,-1,[ OK ]
131.1,4/13/2026 8:09:31 PM,2658,102.9,0.1464,120.3,0.3998,0.5178,1.525,0,0,0,100,16.28,0.256,404.1,200,1,0,0.3485,1,1,1,1,1,1,1,4,4,-1,[ OK ]
131.9,4/13/2026 8:09:32 PM,2659,102.9,0.1465,120,0.3965,0.5171,1.532,0,0,0,100,16.28,0.2564,404.2,200,1,0,0.3635,1,1,1,1,1,1,1,4,4,-1,[ OK ]
132.7,4/13/2026 8:09:33 PM,2660,102.9,0.1464,120.5,0.3982,0.5173,1.531,0,0,0,100,16.28,0.2551,404.2,200,1,0,0.3534,1,1,1,1,1,1,1,4,4,-1,[ OK ]
133.6,4/13/2026 8:09:33 PM,2661,102.9,0.1466,119.7,0.3997,0.5183,1.52,0,0,0,100,16.28,0.256,404,200,1,0,0.3544,1,1,1,1,1,1,1,4,4,-1,[ OK ]
134.5,4/13/2026 8:09:34 PM,2662,102.9,0.1467,119.3,0.3926,0.5172,1.532,0,0,0,100,16.28,0.2561,404.4,200,1,0,0.3488,1,1,1,1,1,1,1,4,4,-1,[ OK ]
135.2,4/13/2026 8:09:35 PM,2662,102.9,0.1465,120,0.4006,0.5178,1.525,0,0,0,100,16.28,0.2554,404.4,200,1,0,0.356,1,1,1,1,1,1,1,4,4,-1,[ OK ]
135.8,4/13/2026 8:09:36 PM,2663,102.9,0.1465,120.1,0.4021,0.5174,1.529,0,0,0,100,16.28,0.2562,404,200,1,0,0.3639,1,1,1,1,1,1,1,4,4,-1,[ OK ]
136.6,4/13/2026 8:09:36 PM,2664,102.9,0.1464,120.2,0.3918,0.5173,1.531,0,0,0,100,16.28,0.2553,404.4,200,1,0,0.3553,1,1,1,1,1,1,1,4,4,-1,[ OK ]
137.5,4/13/2026 8:09:37 PM,2665,102.9,0.1466,119.6,0.3989,0.5176,1.527,0,0,0,100,16.28,0.2544,404.3,200,1,0,0.3713,1,1,1,1,1,1,1,4,4,-1,[ OK ]
138.3,4/13/2026 8:09:38 PM,2666,102.9,0.1465,120,0.3965,0.5182,1.521,0,0,0,100,16.28,0.2528,404,200,1,0,0.3691,1,1,1,1,1,1,1,4,4,-1,[ OK ]
138.9,4/13/2026 8:09:39 PM,2666,102.9,0.1464,120.4,0.3954,0.5179,1.524,0,0,0,100,16.28,0.2552,404.1,200,1,0,0.3573,1,1,1,1,1,1,1,4,4,-1,[ OK ]
139.6,4/13/2026 8:09:39 PM,2667,102.9,0.1464,120.4,0.4009,0.5176,1.527,0,0,0,100,16.28,0.2558,404.3,200,1,0,0.3574,1,1,1,1,1,1,1,4,4,-1,[ OK ]
140.3,4/13/2026 8:09:40 PM,2667,102.9,0.1465,120.2,0.3993,0.5182,1.521,0,0,0,100,16.28,0.2554,404,200,1,0,0.3612,1,1,1,1,1,1,1,4,4,-1,[ OK ]
140.8,4/13/2026 8:09:41 PM,2668,102.9,0.1466,120,0.3961,0.5173,1.531,0,0,0,100,16.28,0.2553,404.2,200,1,0,0.3535,1,1,1,1,1,1,1,4,4,-1,[ OK ]
141.4,4/13/2026 8:09:41 PM,2669,102.9,0.1466,119.9,0.3981,0.5173,1.531,0,0,0,100,16.28,0.2546,403.9,200,1,0,0.355,1,1,1,1,1,1,1,4,4,-1,[ OK ]
142.4,4/13/2026 8:09:42 PM,2670,102.9,0.1466,119.7,0.4016,0.5187,1.517,0,0,0,100,16.28,0.2571,404.2,200,1,0,0.3439,1,1,1,1,1,1,1,4,4,-1,[ OK ]
143.2,4/13/2026 8:09:43 PM,2670,102.9,0.1463,120.7,0.3967,0.5177,1.527,0,0,0,100,16.28,0.2559,404.3,200,1,0,0.3496,1,1,1,1,1,1,1,4,4,-1,[ OK ]
143.8,4/13/2026 8:09:44 PM,2671,102.9,0.1466,119.8,0.3997,0.518,1.524,0,0,0,100,16.28,0.2554,404.2,200,1,0,0.3539,1,1,1,1,1,1,1,4,4,-1,[ OK ]
144.3,4/13/2026 8:09:44 PM,2672,102.9,0.1464,120.5,0.3966,0.5169,1.535,0,0,0,100,16.28,0.256,404.2,200,1,0,0.3679,1,1,1,1,1,1,1,4,4,-1,[ OK ]
144.8,4/13/2026 8:09:45 PM,2672,102.9,0.1466,119.7,0.4002,0.5176,1.527,0,0,0,100,16.28,0.2556,403.9,200,1,0,0.3579,1,1,1,1,1,1,1,4,4,-1,[ OK ]
145.5,4/13/2026 8:09:45 PM,2673,102.9,0.1465,120.2,0.3918,0.5182,1.521,0,0,0,100,16.28,0.2534,403.9,200,1,0,0.3741,1,1,1,1,1,1,1,4,4,-1,[ OK ]
146.1,4/13/2026 8:09:46 PM,2673,102.9,0.1466,119.9,0.4077,0.5181,1.522,0,0,0,100,16.28,0.2563,403.9,200,1,0,0.3602,1,1,1,1,1,1,1,4,4,-1,[ OK ]
146.7,4/13/2026 8:09:47 PM,2674,102.9,0.1466,120,0.4016,0.5171,1.532,0,0,0,100,16.28,0.2561,404.4,200,1,0,0.3668,1,1,1,1,1,1,1,4,4,-1,[ OK ]
147.2,4/13/2026 8:09:47 PM,2674,102.9,0.1466,120.1,0.4003,0.5171,1.533,0,0,0,100,16.28,0.2566,404.2,200,1,0,0.3579,1,1,1,1,1,1,1,4,4,-1,[ OK ]
147.7,4/13/2026 8:09:48 PM,2675,102.9,0.1467,119.6,0.3942,0.518,1.522,0,0,0,100,16.28,0.2553,404.3,200,1,0,0.361,1,1,1,1,1,1,1,4,4,-1,[ OK ]
148.4,4/13/2026 8:09:48 PM,2676,102.9,0.1467,119.6,0.3953,0.5177,1.526,0,0,0,100,16.28,0.2568,404,200,1,0,0.3475,1,1,1,1,1,1,1,4,4,-1,[ OK ]
149.0,4/13/2026 8:09:49 PM,2676,102.9,0.1467,120,0.3996,0.5179,1.523,0,0,0,100,16.28,0.2549,404.2,200,1,0,0.3698,1,1,1,1,1,1,1,4,4,-1,[ OK ]
149.6,4/13/2026 8:09:49 PM,2677,102.9,0.1465,120.4,0.4005,0.5177,1.525,0,0,0,100,16.28,0.2564,403.9,200,1,0,0.3647,1,1,1,1,1,1,1,4,4,-1,[ OK ]
150.2,4/13/2026 8:09:50 PM,2677,102.9,0.1467,119.7,0.3934,0.5183,1.519,0,0,0,100,16.28,0.2559,404.2,200,1,0,0.3572,1,1,1,1,1,1,1,4,4,-1,[ OK ]
150.9,4/13/2026 8:09:51 PM,2678,102.9,0.1467,119.9,0.3962,0.5177,1.526,0,0,0,100,16.28,0.2528,404.3,200,1,0,0.3738,1,1,1,1,1,1,1,4,4,-1,[ OK ]
151.6,4/13/2026 8:09:51 PM,2679,102.9,0.1463,120.8,0.3919,0.517,1.533,0,0,0,100,16.28,0.2562,404.1,200,1,0,0.3525,1,1,1,1,1,1,1,4,4,-1,[ OK ]
152.2,4/13/2026 8:09:52 PM,2679,102.9,0.1466,120,0.4002,0.5177,1.526,0,0,0,100,16.28,0.2541,403.9,200,1,0,0.3657,1,1,1,1,1,1,1,4,4,-1,[ OK ]
152.8,4/13/2026 8:09:53 PM,2680,102.9,0.1467,119.8,0.3998,0.5171,1.532,0,0,0,100,16.28,0.2541,403.9,200,1,0,0.3672,1,1,1,1,1,1,1,4,4,-1,[ OK ]
153.5,4/13/2026 8:09:53 PM,2681,102.9,0.1465,120.3,0.3994,0.5178,1.525,0,0,0,100,16.28,0.2558,404,200,1,0,0.3609,1,1,1,1,1,1,1,4,4,-1,[ OK ]
154.4,4/13/2026 8:09:54 PM,2682,102.9,0.1468,119.5,0.3946,0.5177,1.527,0,0,0,100,16.28,0.256,403.9,200,1,0,0.3639,1,1,1,1,1,1,1,4,4,-1,[ OK ]
155.0,4/13/2026 8:09:55 PM,2682,102.9,0.1467,120,0.4054,0.5177,1.525,0,0,0,100,16.28,0.256,404.3,200,1,0,0.3601,1,1,1,1,1,1,1,4,4,-1,[ OK ]
155.6,4/13/2026 8:09:55 PM,2683,102.9,0.1467,119.9,0.3988,0.5172,1.531,0,0,0,100,16.28,0.2592,404.3,200,1,0,0.3555,1,1,1,1,1,1,1,4,4,-1,[ OK ]
156.2,4/13/2026 8:09:56 PM,2683,102.9,0.1466,120.2,0.3965,0.5182,1.52,0,0,0,100,16.28,0.2565,404,200,1,0,0.3674,1,1,1,1,1,1,1,4,4,-1,[ OK ]
156.9,4/13/2026 8:09:57 PM,2684,102.9,0.1467,119.9,0.3918,0.5172,1.53,0,0,0,100,16.28,0.2565,404.1,200,1,0,0.3635,1,1,1,1,1,1,1,4,4,-1,[ OK ]
157.4,4/13/2026 8:09:57 PM,2685,102.9,0.1465,120.5,0.3973,0.5176,1.525,0,0,0,100,16.28,0.2571,404,200,1,0,0.3568,1,1,1,1,1,1,1,4,4,-1,[ OK ]
158.0,4/13/2026 8:09:58 PM,2685,102.9,0.1467,119.9,0.4036,0.5167,1.536,0,0,0,100,16.28,0.2565,404.4,200,1,0,0.3592,1,1,1,1,1,1,1,4,4,-1,[ OK ]
158.5,4/13/2026 8:09:58 PM,2686,102.9,0.1465,120.4,0.3933,0.5173,1.529,0,0,0,100,16.28,0.2549,404,200,1,0,0.3646,1,1,1,1,1,1,1,4,4,-1,[ OK ]
159.0,4/13/2026 8:09:59 PM,2686,102.9,0.1469,119.3,0.4015,0.5168,1.534,0,0,0,100,16.28,0.2552,404.3,200,1,0,0.3616,1,1,1,1,1,1,1,4,4,-1,[ OK ]
159.5,4/13/2026 8:09:59 PM,2687,102.9,0.1466,120.1,0.3967,0.5177,1.525,0,0,0,100,16.28,0.2552,404.3,200,1,0,0.3667,1,1,1,1,1,1,1,4,4,-1,[ OK ]
160.2,4/13/2026 8:10:00 PM,2687,102.9,0.1464,120.7,0.3981,0.5173,1.531,0,0,0,100,16.28,0.2567,403.9,200,1,0,0.3608,1,1,1,1,1,1,1,4,4,-1,[ OK ]
160.6,4/13/2026 8:10:00 PM,2688,102.9,0.1468,119.6,0.392,0.5178,1.525,0,0,0,100,16.28,0.253,404.3,200,1,0,0.37,1,1,1,1,1,1,1,4,4,-1,[ OK ]
161.1,4/13/2026 8:10:01 PM,2688,102.9,0.1468,119.3,0.403,0.5176,1.527,0,0,0,100,16.28,0.2545,403.9,200,1,0,0.3682,1,1,1,1,1,1,1,4,4,-1,[ OK ]
161.6,4/13/2026 8:10:01 PM,2689,102.9,0.1464,120.7,0.402,0.5173,1.531,0,0,0,100,16.28,0.2542,404.3,200,1,0,0.3618,1,1,1,1,1,1,1,4,4,-1,[ OK ]
162.1,4/13/2026 8:10:02 PM,2689,102.9,0.1467,119.7,0.4044,0.5171,1.532,0,0,0,100,16.28,0.2563,403.8,200,1,0,0.3675,1,1,1,1,1,1,1,4,4,-1,[ OK ]
162.6,4/13/2026 8:10:02 PM,2690,102.9,0.1466,120.2,0.3981,0.5172,1.532,0,0,0,100,16.28,0.2559,403.9,200,1,0,0.3599,1,1,1,1,1,1,1,4,4,-1,[ OK ]
163.2,4/13/2026 8:10:03 PM,2690,102.9,0.1467,119.8,0.4028,0.5171,1.534,0,0,0,100,16.28,0.2541,404.4,200,1,0,0.3605,1,1,1,1,1,1,1,4,4,-1,[ OK ]
163.8,4/13/2026 8:10:04 PM,2691,102.9,0.1466,120.1,0.3924,0.5172,1.531,0,0,0,100,16.28,0.2542,404.4,200,1,0,0.3606,1,1,1,1,1,1,1,4,4,-1,[ OK ]
164.4,4/13/2026 8:10:04 PM,2692,102.9,0.1467,119.9,0.399,0.518,1.523,0,0,0,100,16.28,0.2552,404.4,200,1,0,0.3514,1,1,1,1,1,1,1,4,4,-1,[ OK ]
164.8,4/13/2026 8:10:05 PM,2692,102.9,0.1466,120.1,0.402,0.5174,1.53,0,0,0,100,16.28,0.2563,404,200,1,0,0.3613,1,1,1,1,1,1,1,4,4,-1,[ OK ]
165.4,4/13/2026 8:10:05 PM,2693,102.9,0.1464,120.8,0.3967,0.5181,1.522,0,0,0,100,16.28,0.2551,404.2,200,1,0,0.3597,1,1,1,1,1,1,1,4,4,-1,[ OK ]
165.8,4/13/2026 8:10:06 PM,2693,102.9,0.1467,119.6,0.3971,0.5182,1.521,0,0,0,100,16.28,0.2558,404.3,200,1,0,0.3574,1,1,1,1,1,1,1,4,4,-1,[ OK ]
166.3,4/13/2026 8:10:06 PM,2694,102.9,0.1466,120,0.4036,0.5178,1.526,0,0,0,100,16.28,0.2539,404.1,200,1,0,0.3636,1,1,1,1,1,1,1,4,4,-1,[ OK ]
166.7,4/13/2026 8:10:07 PM,2694,102.9,0.1465,120.4,0.3969,0.5172,1.532,0,0,0,100,16.28,0.2554,404,200,1,0,0.3576,1,1,1,1,1,1,1,4,4,-1,[ OK ]
167.3,4/13/2026 8:10:07 PM,2694,102.9,0.1466,120,0.404,0.5176,1.526,0,0,0,100,16.28,0.2541,404.2,200,1,0,0.3715,1,1,1,1,1,1,1,4,4,-1,[ OK ]
167.7,4/13/2026 8:10:07 PM,2695,102.9,0.1467,119.7,0.3958,0.5177,1.525,0,0,0,100,16.28,0.256,404.3,200,1,0,0.3578,1,1,1,1,1,1,1,4,4,-1,[ OK ]
168.3,4/13/2026 8:10:08 PM,2696,102.9,0.1468,119.6,0.3966,0.5172,1.531,0,0,0,100,16.28,0.255,404,200,1,0,0.3641,1,1,1,1,1,1,1,4,4,-1,[ OK ]
168.7,4/13/2026 8:10:09 PM,2696,102.9,0.1467,119.8,0.3982,0.5176,1.527,0,0,0,100,16.28,0.2542,404,200,1,0,0.3628,1,1,1,1,1,1,1,4,4,-1,[ OK ]
169.3,4/13/2026 8:10:09 PM,2697,102.9,0.1467,119.9,0.3918,0.5173,1.53,0,0,0,100,16.28,0.2535,404,200,1,0,0.3686,1,1,1,1,1,1,1,4,4,-1,[ OK ]
170.0,4/13/2026 8:10:10 PM,2697,102.9,0.1467,119.8,0.3991,0.5179,1.524,0,0,0,100,16.28,0.2544,403.9,200,1,0,0.3646,1,1,1,1,1,1,1,4,4,-1,[ OK ]
170.4,4/13/2026 8:10:10 PM,2698,102.9,0.1467,119.9,0.3973,0.5176,1.528,0,0,0,100,16.28,0.2539,404.2,200,1,0,0.361,1,1,1,1,1,1,1,4,4,-1,[ OK ]
170.9,4/13/2026 8:10:11 PM,2698,102.9,0.1467,120.1,0.3973,0.5174,1.529,0,0,0,100,16.28,0.2549,404.3,200,1,0,0.3634,1,1,1,1,1,1,1,4,4,-1,[ OK ]
171.3,4/13/2026 8:10:11 PM,2699,102.9,0.1467,119.9,0.4053,0.5178,1.525,0,0,0,100,16.28,0.2545,404.2,200,1,0,0.3764,1,1,1,1,1,1,1,4,4,-1,[ OK ]
171.9,4/13/2026 8:10:12 PM,2699,102.9,0.1468,119.8,0.3973,0.5175,1.528,0,0,0,100,16.28,0.2536,404.3,200,1,0,0.373,1,1,1,1,1,1,1,4,4,-1,[ OK ]
172.5,4/13/2026 8:10:12 PM,2700,102.9,0.1468,119.7,0.403,0.5172,1.53,0,0,0,100,16.28,0.2536,404.2,200,1,0,0.3805,1,1,1,1,1,1,1,4,4,-1,[ OK ]
173.1,4/13/2026 8:10:13 PM,2700,102.9,0.1466,120.2,0.4003,0.5175,1.528,0,0,0,100,16.28,0.2578,404.3,200,1,0,0.361,1,1,1,1,1,1,1,4,4,-1,[ OK ]
173.7,4/13/2026 8:10:14 PM,2701,102.9,0.1468,119.9,0.402,0.5181,1.522,0,0,0,100,16.28,0.2533,404.3,200,1,0,0.365,1,1,1,1,1,1,1,4,4,-1,[ OK ]
174.2,4/13/2026 8:10:14 PM,2701,102.9,0.1467,119.9,0.4076,0.5176,1.527,0,0,0,100,16.28,0.2539,404.4,200,1,0,0.363,1,1,1,1,1,1,1,4,4,-1,[ OK ]
174.6,4/13/2026 8:10:14 PM,2702,102.9,0.1468,119.7,0.4047,0.5181,1.52,0,0,0,100,16.28,0.2548,404,200,1,0,0.358,1,1,1,1,1,1,1,4,4,-1,[ OK ]
175.3,4/13/2026 8:10:15 PM,2702,102.9,0.1469,119.7,0.4043,0.518,1.521,0,0,0,100,16.28,0.2538,404.3,200,1,0,0.3782,1,1,1,1,1,1,1,4,4,-1,[ OK ]
175.8,4/13/2026 8:10:16 PM,2703,102.9,0.1474,118,0.4053,0.5177,1.525,0,0,0,100,16.28,0.2527,404.3,200,1,0,0.3655,1,1,1,1,1,1,1,4,4,-1,[ OK ]
176.4,4/13/2026 8:10:16 PM,2704,102.9,0.147,119.7,0.4027,0.5178,1.524,0,0,0,100,16.28,0.2575,403.9,200,1,0,0.3573,1,1,1,1,1,1,1,4,4,-1,[ OK ]
176.9,4/13/2026 8:10:17 PM,2704,102.9,0.147,119.3,0.401,0.5176,1.526,0,0,0,100,16.28,0.2572,404,200,1,0,0.3618,1,1,1,1,1,1,1,4,4,-1,[ OK ]
177.3,4/13/2026 8:10:17 PM,2705,102.9,0.1468,120.1,0.4037,0.5177,1.525,0,0,0,100,16.28,0.2527,404.3,200,1,0,0.3666,1,1,1,1,1,1,1,4,4,-1,[ OK ]
177.8,4/13/2026 8:10:18 PM,2705,102.9,0.147,119.5,0.3959,0.5183,1.518,0,0,0,100,16.28,0.2561,404.3,200,1,0,0.3667,1,1,1,1,1,1,1,4,4,-1,[ OK ]
178.4,4/13/2026 8:10:18 PM,2706,102.9,0.1467,120.4,0.398,0.5181,1.521,0,0,0,100,16.28,0.2563,404.3,200,1,0,0.367,1,1,1,1,1,1,1,4,4,-1,[ OK ]
178.9,4/13/2026 8:10:19 PM,2706,102.9,0.1467,120.4,0.3999,0.5173,1.53,0,0,0,100,16.28,0.2575,403.8,200,1,0,0.359,1,1,1,1,1,1,1,4,4,-1,[ OK ]
179.4,4/13/2026 8:10:19 PM,2707,102.9,0.1468,120,0.3918,0.5173,1.531,0,0,0,100,16.28,0.2544,404,200,1,0,0.3667,1,1,1,1,1,1,1,4,4,-1,[ OK ]
180.0,4/13/2026 8:10:20 PM,2707,102.9,0.1467,120.3,0.4044,0.5168,1.536,0,0,0,100,16.28,0.2549,404.1,200,1,0,0.3705,1,1,1,1,1,1,1,4,4,-1,[ OK ]
180.5,4/13/2026 8:10:20 PM,2708,102.9,0.1469,120,0.4057,0.5181,1.521,0,0,0,100,16.28,0.2558,404.4,200,1,0,0.3664,1,1,1,1,1,1,1,4,4,-1,[ OK ]
181.1,4/13/2026 8:10:21 PM,2708,102.9,0.147,119.6,0.4023,0.517,1.534,0,0,0,100,16.28,0.2566,404.2,200,1,0,0.3621,1,1,1,1,1,1,1,4,4,-1,[ OK ]
181.6,4/13/2026 8:10:21 PM,2709,102.9,0.1468,120.1,0.4036,0.5172,1.531,0,0,0,100,16.28,0.2552,404.3,200,1,0,0.3647,1,1,1,1,1,1,1,4,4,-1,[ OK ]
182.0,4/13/2026 8:10:22 PM,2709,102.9,0.1467,120.4,0.4039,0.518,1.523,0,0,0,100,16.28,0.2572,404.3,200,1,0,0.354,1,1,1,1,1,1,1,4,4,-1,[ OK ]
182.5,4/13/2026 8:10:22 PM,2710,102.9,0.147,119.4,0.4014,0.5171,1.532,0,0,0,100,16.28,0.2567,403.9,200,1,0,0.369,1,1,1,1,1,1,1,4,4,-1,[ OK ]
183.0,4/13/2026 8:10:23 PM,2710,102.9,0.147,119.5,0.3946,0.5167,1.537,0,0,0,100,16.28,0.2559,404.4,200,1,0,0.3574,1,1,1,1,1,1,1,4,4,-1,[ OK ]
183.6,4/13/2026 8:10:23 PM,2711,102.9,0.1468,120,0.4025,0.5169,1.534,0,0,0,100,16.28,0.2564,403.8,200,1,0,0.3585,1,1,1,1,1,1,1,4,4,-1,[ OK ]
184.1,4/13/2026 8:10:24 PM,2711,102.9,0.1468,120.1,0.3957,0.5167,1.537,0,0,0,100,16.28,0.2536,404.1,200,1,0,0.354,1,1,1,1,1,1,1,4,4,-1,[ OK ]
184.6,4/13/2026 8:10:24 PM,2712,102.9,0.1467,120.4,0.398,0.5182,1.52,0,0,0,100,16.28,0.2558,404,200,1,0,0.3663,1,1,1,1,1,1,1,4,4,-1,[ OK ]
185.0,4/13/2026 8:10:25 PM,2712,102.9,0.1468,120.2,0.4022,0.5168,1.535,0,0,0,100,16.28,0.2588,403.9,200,1,0,0.3445,1,1,1,1,1,1,1,4,4,-1,[ OK ]
185.5,4/13/2026 8:10:25 PM,2713,102.9,0.1469,119.7,0.401,0.5166,1.539,0,0,0,100,16.28,0.2561,404.3,200,1,0,0.3534,1,1,1,1,1,1,1,4,4,-1,[ OK ]
186.1,4/13/2026 8:10:26 PM,2713,102.9,0.1468,120.2,0.3974,0.5181,1.522,0,0,0,100,16.28,0.2558,403.9,200,1,0,0.3675,1,1,1,1,1,1,1,4,4,-1,[ OK ]
186.5,4/13/2026 8:10:26 PM,2714,102.9,0.1468,120,0.3937,0.5178,1.525,0,0,0,100,16.28,0.2548,404,200,1,0,0.3587,1,1,1,1,1,1,1,4,4,-1,[ OK ]
187.0,4/13/2026 8:10:27 PM,2714,102.9,0.1467,120.2,0.3989,0.5174,1.529,0,0,0,100,16.28,0.2562,403.9,200,1,0,0.3614,1,1,1,1,1,1,1,4,4,-1,[ OK ]
187.4,4/13/2026 8:10:27 PM,2715,102.9,0.1467,120.3,0.4008,0.5176,1.526,0,0,0,100,16.28,0.2566,404.1,200,1,0,0.3699,1,1,1,1,1,1,1,4,4,-1,[ OK ]
187.9,4/13/2026 8:10:28 PM,2715,102.9,0.1467,120,0.4042,0.517,1.533,0,0,0,100,16.28,0.2553,404.3,200,1,0,0.3621,1,1,1,1,1,1,1,4,4,-1,[ OK ]
188.4,4/13/2026 8:10:28 PM,2716,102.9,0.1468,119.8,0.403,0.5178,1.524,0,0,0,100,16.28,0.2575,404,200,1,0,0.3537,1,1,1,1,1,1,1,4,4,-1,[ OK ]
189.0,4/13/2026 8:10:29 PM,2716,102.9,0.1466,120.4,0.4016,0.5177,1.524,0,0,0,100,16.28,0.2569,404.4,200,1,0,0.3552,1,1,1,1,1,1,1,4,4,-1,[ OK ]
189.6,4/13/2026 8:10:29 PM,2717,102.9,0.1466,120.3,0.4058,0.5175,1.527,0,0,0,100,16.28,0.2559,404,200,1,0,0.3504,1,1,1,1,1,1,1,4,4,-1,[ OK ]
190.2,4/13/2026 8:10:30 PM,2717,102.9,0.1467,120.2,0.3978,0.5182,1.519,0,0,0,100,16.28,0.2546,404.3,200,1,0,0.3632,1,1,1,1,1,1,1,4,4,-1,[ OK ]
190.8,4/13/2026 8:10:31 PM,2718,102.9,0.1465,120.8,0.4013,0.5182,1.521,0,0,0,100,16.28,0.2589,403.9,200,1,0,0.3431,1,1,1,1,1,1,1,4,4,-1,[ OK ]
191.4,4/13/2026 8:10:31 PM,2719,102.9,0.1467,120.1,0.3977,0.5169,1.535,0,0,0,100,16.28,0.2615,404.3,200,1,0,0.3414,1,1,1,1,1,1,1,4,4,-1,[ OK ]
191.9,4/13/2026 8:10:32 PM,2719,102.9,0.1464,120.9,0.3992,0.517,1.535,0,0,0,100,16.28,0.2591,404.1,200,1,0,0.3522,1,1,1,1,1,1,1,4,4,-1,[ OK ]
192.3,4/13/2026 8:10:32 PM,2720,102.9,0.1467,119.9,0.4077,0.5176,1.529,0,0,0,100,16.28,0.259,404.1,200,1,0,0.3573,1,1,1,1,1,1,1,4,4,-1,[ OK ]
192.9,4/13/2026 8:10:33 PM,2720,102.9,0.1467,120.1,0.4067,0.5177,1.528,0,0,0,100,16.28,0.2591,404,200,1,0,0.3518,1,1,1,1,1,1,1,4,4,-1,[ OK ]
193.4,4/13/2026 8:10:33 PM,2721,102.9,0.1467,120.2,0.3989,0.5171,1.535,0,0,0,100,16.28,0.2614,404.3,200,1,0,0.3416,1,1,1,1,1,1,1,4,4,-1,[ OK ]
193.9,4/13/2026 8:10:34 PM,2721,102.9,0.1466,120.5,0.395,0.5177,1.528,0,0,0,100,16.28,0.2598,403.9,200,1,0,0.3533,1,1,1,1,1,1,1,4,4,-1,[ OK ]
194.5,4/13/2026 8:10:34 PM,2722,102.9,0.1468,120,0.404,0.5179,1.525,0,0,0,100,16.28,0.2579,403.9,200,1,0,0.3541,1,1,1,1,1,1,1,4,4,-1,[ OK ]
194.9,4/13/2026 8:10:35 PM,2722,102.9,0.1467,120.2,0.3918,0.517,1.536,0,0,0,100,16.28,0.2584,403.8,200,1,0,0.362,1,1,1,1,1,1,1,4,4,-1,[ OK ]
195.4,4/13/2026 8:10:35 PM,2723,102.9,0.147,119.4,0.3975,0.5176,1.53,0,0,0,100,16.28,0.2569,404.3,200,1,0,0.3467,1,1,1,1,1,1,1,4,4,-1,[ OK ]
196.0,4/13/2026 8:10:36 PM,2723,102.9,0.1468,120.1,0.3971,0.5179,1.526,0,0,0,100,16.28,0.2584,403.7,200,1,0,0.354,1,1,1,1,1,1,1,4,4,-1,[ OK ]
196.6,4/13/2026 8:10:36 PM,2724,102.9,0.1468,120,0.4013,0.5181,1.523,0,0,0,100,16.28,0.26,404,200,1,0,0.3419,1,1,1,1,1,1,1,4,4,-1,[ OK ]
197.0,4/13/2026 8:10:37 PM,2724,102.9,0.1468,119.9,0.4052,0.5169,1.536,0,0,0,100,16.28,0.2595,404.1,200,1,0,0.3583,1,1,1,1,1,1,1,4,4,-1,[ OK ]
197.6,4/13/2026 8:10:37 PM,2725,102.9,0.1468,119.9,0.402,0.517,1.535,0,0,0,100,16.28,0.2578,404.1,200,1,0,0.3589,1,1,1,1,1,1,1,4,4,-1,[ OK ]
198.2,4/13/2026 8:10:38 PM,2725,102.9,0.1468,120,0.4068,0.5176,1.529,0,0,0,100,16.28,0.2591,404.3,200,1,0,0.3393,1,1,1,1,1,1,1,4,4,-1,[ OK ]
198.7,4/13/2026 8:10:39 PM,2726,102.9,0.147,119.3,0.3958,0.5174,1.53,0,0,0,100,16.28,0.2591,404.2,200,1,0,0.3539,1,1,1,1,1,1,1,4,4,-1,[ OK ]
199.4,4/13/2026 8:10:39 PM,2727,102.9,0.1465,121,0.3943,0.5181,1.522,0,0,0,100,16.28,0.2572,404.3,200,1,0,0.3573,1,1,1,1,1,1,1,4,4,-1,[ OK ]
200.0,4/13/2026 8:10:40 PM,2727,102.9,0.1468,119.9,0.3955,0.5176,1.528,0,0,0,100,16.28,0.2577,403.9,200,1,0,0.356,1,1,1,1,1,1,1,4,4,-1,[ OK ]
200.6,4/13/2026 8:10:40 PM,2728,102.9,0.1468,119.9,0.3989,0.5172,1.532,0,0,0,100,16.28,0.2586,403.9,200,1,0,0.3568,1,1,1,1,1,1,1,4,4,-1,[ OK ]
201.2,4/13/2026 8:10:41 PM,2728,102.9,0.1467,120.4,0.3966,0.5171,1.534,0,0,0,100,16.28,0.2602,403.9,200,1,0,0.3546,1,1,1,1,1,1,1,4,4,-1,[ OK ]
201.9,4/13/2026 8:10:42 PM,2729,102.9,0.1469,119.7,0.3979,0.5178,1.527,0,0,0,100,16.28,0.2581,403.9,200,1,0,0.3568,1,1,1,1,1,1,1,4,4,-1,[ OK ]
202.5,4/13/2026 8:10:42 PM,2730,102.9,0.1468,120,0.3962,0.5173,1.532,0,0,0,100,16.28,0.2578,404.1,200,1,0,0.3656,1,1,1,1,1,1,1,4,4,-1,[ OK ]
203.1,4/13/2026 8:10:43 PM,2730,102.9,0.1468,120.1,0.3958,0.5178,1.527,0,0,0,100,16.28,0.258,404.2,200,1,0,0.3517,1,1,1,1,1,1,1,4,4,-1,[ OK ]
203.6,4/13/2026 8:10:43 PM,2731,102.9,0.1467,120.5,0.3981,0.5175,1.53,0,0,0,100,16.28,0.2589,404.3,200,1,0,0.3586,1,1,1,1,1,1,1,4,4,-1,[ OK ]
204.2,4/13/2026 8:10:44 PM,2731,102.9,0.1468,120.2,0.4052,0.518,1.524,0,0,0,100,16.28,0.2604,404.3,200,1,0,0.3434,1,1,1,1,1,1,1,4,4,-1,[ OK ]
205.0,4/13/2026 8:10:45 PM,2732,102.9,0.1466,120.8,0.4007,0.5179,1.525,0,0,0,100,16.28,0.2568,403.9,200,1,0,0.3509,1,1,1,1,1,1,1,4,4,-1,[ OK ]
205.7,4/13/2026 8:10:45 PM,2733,102.9,0.1468,120.2,0.401,0.5179,1.525,0,0,0,100,16.28,0.2555,404,200,1,0,0.364,1,1,1,1,1,1,1,4,4,-1,[ OK ]
206.3,4/13/2026 8:10:46 PM,2734,102.9,0.1465,120.8,0.4074,0.5173,1.532,0,0,0,100,16.28,0.2567,404.2,200,1,0,0.348,1,1,1,1,1,1,1,4,4,-1,[ OK ]
207.0,4/13/2026 8:10:47 PM,2734,102.9,0.1466,120.5,0.3971,0.5181,1.524,0,0,0,100,16.28,0.2554,404,200,1,0,0.3559,1,1,1,1,1,1,1,4,4,-1,[ OK ]
207.7,4/13/2026 8:10:48 PM,2735,102.9,0.1466,120.5,0.4003,0.5172,1.534,0,0,0,100,16.28,0.2579,403.9,200,1,0,0.3509,1,1,1,1,1,1,1,4,4,-1,[ OK ]
208.5,4/13/2026 8:10:48 PM,2736,102.9,0.1469,119.6,0.4029,0.518,1.525,0,0,0,100,16.28,0.2558,404.2,200,1,0,0.3631,1,1,1,1,1,1,1,4,4,-1,[ OK ]
209.1,4/13/2026 8:10:49 PM,2736,102.9,0.1467,120.1,0.397,0.5175,1.529,0,0,0,100,16.28,0.2558,404.3,200,1,0,0.3575,1,1,1,1,1,1,1,4,4,-1,[ OK ]
209.7,4/13/2026 8:10:50 PM,2737,102.9,0.1468,120,0.4047,0.5176,1.529,0,0,0,100,16.28,0.2559,404.2,200,1,0,0.3556,1,1,1,1,1,1,1,4,4,-1,[ OK ]
210.3,4/13/2026 8:10:50 PM,2738,102.9,0.1468,119.9,0.3981,0.5177,1.528,0,0,0,100,16.28,0.2575,404,200,1,0,0.3553,1,1,1,1,1,1,1,4,4,-1,[ OK ]
211.0,4/13/2026 8:10:51 PM,2738,102.9,0.1467,120.1,0.4003,0.5171,1.534,0,0,0,100,16.28,0.2562,404.3,200,1,0,0.3643,1,1,1,1,1,1,1,4,4,-1,[ OK ]
211.5,4/13/2026 8:10:51 PM,2739,102.9,0.1467,120.1,0.3996,0.5176,1.528,0,0,0,100,16.28,0.2539,404.2,200,1,0,0.3604,1,1,1,1,1,1,1,4,4,-1,[ OK ]
212.0,4/13/2026 8:10:52 PM,2739,102.9,0.1467,120.2,0.4028,0.5179,1.524,0,0,0,100,16.28,0.2562,404.1,200,1,0,0.3507,1,1,1,1,1,1,1,4,4,-1,[ OK ]
212.6,4/13/2026 8:10:52 PM,2740,102.9,0.1467,120.2,0.3934,0.5182,1.523,0,0,0,100,16.28,0.255,404,200,1,0,0.3559,1,1,1,1,1,1,1,4,4,-1,[ OK ]
213.2,4/13/2026 8:10:53 PM,2740,102.9,0.1469,119.6,0.3951,0.5169,1.536,0,0,0,100,16.28,0.2533,404.3,200,1,0,0.3678,1,1,1,1,1,1,1,4,4,-1,[ OK ]
213.9,4/13/2026 8:10:54 PM,2741,102.9,0.1468,119.8,0.3965,0.5177,1.527,0,0,0,100,16.28,0.2546,404.2,200,1,0,0.3632,1,1,1,1,1,1,1,4,4,-1,[ OK ]
214.5,4/13/2026 8:10:54 PM,2742,102.9,0.1468,120,0.4059,0.518,1.523,0,0,0,100,16.28,0.2562,404,200,1,0,0.3578,1,1,1,1,1,1,1,4,4,-1,[ OK ]
215.1,4/13/2026 8:10:55 PM,2742,102.9,0.1467,120.1,0.3995,0.5183,1.521,0,0,0,100,16.28,0.2582,404.3,200,1,0,0.3441,1,1,1,1,1,1,1,4,4,-1,[ OK ]
215.7,4/13/2026 8:10:56 PM,2743,102.9,0.1467,120.2,0.4,0.5177,1.528,0,0,0,100,16.28,0.2563,404,200,1,0,0.3591,1,1,1,1,1,1,1,4,4,-1,[ OK ]
216.3,4/13/2026 8:10:56 PM,2744,102.9,0.1469,119.5,0.3969,0.5176,1.53,0,0,0,100,16.28,0.2576,404,200,1,0,0.3678,1,1,1,1,1,1,1,4,4,-1,[ OK ]
217.0,4/13/2026 8:10:57 PM,2744,102.9,0.147,119.4,0.3958,0.5179,1.528,0,0,0,100,16.28,0.2558,403.9,200,1,0,0.3699,1,1,1,1,1,1,1,4,4,-1,[ OK ]
217.6,4/13/2026 8:10:57 PM,2745,102.9,0.1469,119.7,0.3933,0.5181,1.525,0,0,0,100,16.28,0.2591,404.3,200,1,0,0.3522,1,1,1,1,1,1,1,4,4,-1,[ OK ]
218.2,4/13/2026 8:10:58 PM,2745,102.9,0.1468,120,0.402,0.5177,1.53,0,0,0,100,16.28,0.2559,403.9,200,1,0,0.3648,1,1,1,1,1,1,1,4,4,-1,[ OK ]
218.8,4/13/2026 8:10:59 PM,2746,102.9,0.1468,120,0.3995,0.5179,1.526,0,0,0,100,16.28,0.2572,404.1,200,1,0,0.3654,1,1,1,1,1,1,1,4,4,-1,[ OK ]
219.4,4/13/2026 8:10:59 PM,2747,102.9,0.1467,120.2,0.3982,0.5184,1.52,0,0,0,100,16.28,0.2552,404.3,200,1,0,0.3617,1,1,1,1,1,1,1,4,4,-1,[ OK ]
220.0,4/13/2026 8:11:00 PM,2747,102.9,0.1468,120.1,0.4057,0.518,1.524,0,0,0,100,16.28,0.2554,404.3,200,1,0,0.3621,1,1,1,1,1,1,1,4,4,-1,[ OK ]
220.6,4/13/2026 8:11:00 PM,2748,102.9,0.1468,119.9,0.403,0.5184,1.52,0,0,0,100,16.28,0.2564,404.3,200,1,0,0.3526,1,1,1,1,1,1,1,4,4,-1,[ OK ]
221.3,4/13/2026 8:11:01 PM,2749,102.9,0.1468,120.2,0.4043,0.5173,1.533,0,0,0,100,16.28,0.2565,403.9,200,1,0,0.3635,1,1,1,1,1,1,1,4,4,-1,[ OK ]
221.9,4/13/2026 8:11:02 PM,2749,102.9,0.1469,119.6,0.4019,0.5178,1.527,0,0,0,100,16.28,0.2571,403.9,200,1,0,0.3539,1,1,1,1,1,1,1,4,4,-1,[ OK ]
222.5,4/13/2026 8:11:02 PM,2750,102.9,0.1469,119.7,0.4023,0.518,1.525,0,0,0,100,16.28,0.2556,404.2,200,1,0,0.358,1,1,1,1,1,1,1,4,4,-1,[ OK ]
223.1,4/13/2026 8:11:03 PM,2750,102.9,0.1469,119.9,0.4045,0.5185,1.52,0,0,0,100,16.28,0.2564,404.3,200,1,0,0.3584,1,1,1,1,1,1,1,4,4,-1,[ OK ]
223.7,4/13/2026 8:11:04 PM,2751,102.9,0.1466,120.9,0.403,0.5173,1.533,0,0,0,100,16.28,0.2566,404.3,200,1,0,0.3572,1,1,1,1,1,1,1,4,4,-1,[ OK ]
224.4,4/13/2026 8:11:04 PM,2752,102.9,0.1467,120.3,0.4016,0.5174,1.532,0,0,0,100,16.28,0.2559,404.3,200,1,0,0.3624,1,1,1,1,1,1,1,4,4,-1,[ OK ]
225.1,4/13/2026 8:11:05 PM,2752,102.9,0.1468,120.3,0.3975,0.5172,1.535,0,0,0,100,16.28,0.2567,404,200,1,0,0.352,1,1,1,1,1,1,1,4,4,-1,[ OK ]
225.8,4/13/2026 8:11:06 PM,2753,102.9,0.1468,120.1,0.4054,0.5177,1.53,0,0,0,100,16.28,0.2539,404.1,200,1,0,0.3582,1,1,1,1,1,1,1,4,4,-1,[ OK ]
226.5,4/13/2026 8:11:06 PM,2754,102.9,0.1469,120,0.3997,0.5175,1.531,0,0,0,100,16.28,0.2561,404.3,200,1,0,0.3511,1,1,1,1,1,1,1,4,4,-1,[ OK ]
227.1,4/13/2026 8:11:07 PM,2754,102.9,0.1469,119.8,0.3965,0.5176,1.531,0,0,0,100,16.28,0.2586,404,200,1,0,0.3489,1,1,1,1,1,1,1,4,4,-1,[ OK ]
227.7,4/13/2026 8:11:08 PM,2755,102.9,0.147,119.6,0.4039,0.5175,1.533,0,0,0,100,16.28,0.258,403.8,200,1,0,0.3634,1,1,1,1,1,1,1,4,4,-1,[ OK ]
228.4,4/13/2026 8:11:08 PM,2756,102.9,0.1468,120.2,0.3968,0.518,1.527,0,0,0,100,16.28,0.2595,404.2,200,1,0,0.3585,1,1,1,1,1,1,1,4,4,-1,[ OK ]
229.0,4/13/2026 8:11:09 PM,2756,102.9,0.1468,120.1,0.3969,0.5171,1.537,0,0,0,100,16.28,0.2562,404.2,200,1,0,0.3597,1,1,1,1,1,1,1,4,4,-1,[ OK ]
229.6,4/13/2026 8:11:09 PM,2757,102.9,0.1469,119.7,0.403,0.5176,1.531,0,0,0,100,16.28,0.2571,404,200,1,0,0.3601,1,1,1,1,1,1,1,4,4,-1,[ OK ]
230.2,4/13/2026 8:11:10 PM,2757,102.9,0.147,119.4,0.3975,0.5183,1.525,0,0,0,100,16.28,0.2579,403.9,200,1,0,0.3592,1,1,1,1,1,1,1,4,4,-1,[ OK ]
230.8,4/13/2026 8:11:11 PM,2758,102.9,0.1467,120.6,0.3974,0.5188,1.518,0,0,0,100,16.28,0.2583,404.3,200,1,0,0.3658,1,1,1,1,1,1,1,4,4,-1,[ OK ]
231.5,4/13/2026 8:11:11 PM,2759,102.9,0.1468,120.3,0.395,0.5183,1.524,0,0,0,100,16.28,0.2578,404,200,1,0,0.3604,1,1,1,1,1,1,1,4,4,-1,[ OK ]
232.2,4/13/2026 8:11:12 PM,2759,102.9,0.1469,119.7,0.4001,0.5185,1.521,0,0,0,100,16.28,0.256,404.3,200,1,0,0.35,1,1,1,1,1,1,1,4,4,-1,[ OK ]
232.9,4/13/2026 8:11:13 PM,2760,102.9,0.1468,120.2,0.3975,0.5181,1.524,0,0,0,100,16.28,0.2555,403.9,200,1,0,0.363,1,1,1,1,1,1,1,4,4,-1,[ OK ]
233.5,4/13/2026 8:11:13 PM,2761,102.9,0.1469,119.9,0.3967,0.5181,1.525,0,0,0,100,16.28,0.2601,404.1,200,1,0,0.3415,1,1,1,1,1,1,1,4,4,-1,[ OK ]
234.2,4/13/2026 8:11:14 PM,2761,102.9,0.1468,120.3,0.397,0.5176,1.531,0,0,0,100,16.28,0.258,404,200,1,0,0.3598,1,1,1,1,1,1,1,4,4,-1,[ OK ]
234.8,4/13/2026 8:11:15 PM,2762,102.9,0.1468,120.1,0.3947,0.518,1.526,0,0,0,100,16.28,0.2607,404,200,1,0,0.3593,1,1,1,1,1,1,1,4,4,-1,[ OK ]
235.4,4/13/2026 8:11:15 PM,2763,102.9,0.1468,120,0.3937,0.5174,1.532,0,0,0,100,16.28,0.2573,404.2,200,1,0,0.3574,1,1,1,1,1,1,1,4,4,-1,[ OK ]
236.0,4/13/2026 8:11:16 PM,2763,102.9,0.1468,120.1,0.4053,0.5178,1.528,0,0,0,100,16.28,0.2562,404,200,1,0,0.3575,1,1,1,1,1,1,1,4,4,-1,[ OK ]
236.6,4/13/2026 8:11:16 PM,2764,102.9,0.1469,119.6,0.4001,0.5179,1.528,0,0,0,100,16.28,0.2591,404,200,1,0,0.3578,1,1,1,1,1,1,1,4,4,-1,[ OK ]
237.3,4/13/2026 8:11:17 PM,2764,102.9,0.147,119.7,0.3942,0.5172,1.536,0,0,0,100,16.28,0.2571,404.2,200,1,0,0.3521,1,1,1,1,1,1,1,4,4,-1,[ OK ]
237.9,4/13/2026 8:11:18 PM,2765,102.9,0.1469,120,0.4032,0.5177,1.53,0,0,0,100,16.28,0.2578,404.3,200,1,0,0.3623,1,1,1,1,1,1,1,4,4,-1,[ OK ]
238.6,4/13/2026 8:11:18 PM,2766,102.9,0.1469,119.7,0.3982,0.5179,1.529,0,0,0,100,16.28,0.2563,404.2,200,1,0,0.3613,1,1,1,1,1,1,1,4,4,-1,[ OK ]
239.2,4/13/2026 8:11:19 PM,2766,102.9,0.1469,119.8,0.3999,0.5177,1.53,0,0,0,100,16.28,0.2575,404.3,200,1,0,0.3579,1,1,1,1,1,1,1,4,4,-1,[ OK ]
239.9,4/13/2026 8:11:20 PM,2767,102.9,0.1469,120,0.4042,0.5186,1.521,0,0,0,100,16.28,0.2587,404,200,1,0,0.356,1,1,1,1,1,1,1,4,4,-1,[ OK ]
240.6,4/13/2026 8:11:20 PM,2768,102.9,0.1469,119.9,0.4044,0.5183,1.523,0,0,0,100,16.28,0.2591,404.2,200,1,0,0.3639,1,1,1,1,1,1,1,4,4,-1,[ OK ]
241.3,4/13/2026 8:11:21 PM,2769,102.9,0.1469,119.8,0.3918,0.5183,1.524,0,0,0,100,16.28,0.2562,404,200,1,0,0.3617,1,1,1,1,1,1,1,4,4,-1,[ OK ]
241.9,4/13/2026 8:11:22 PM,2769,102.9,0.147,119.6,0.3981,0.518,1.526,0,0,0,100,16.28,0.2578,404.4,200,1,0,0.3638,1,1,1,1,1,1,1,4,4,-1,[ OK ]
242.5,4/13/2026 8:11:22 PM,2770,102.9,0.1469,120,0.3985,0.5173,1.534,0,0,0,100,16.28,0.2583,404.2,200,1,0,0.3617,1,1,1,1,1,1,1,4,4,-1,[ OK ]
243.3,4/13/2026 8:11:23 PM,2770,102.9,0.1471,119.5,0.3991,0.5182,1.524,0,0,0,100,16.28,0.2604,403.9,200,1,0,0.3553,1,1,1,1,1,1,1,4,4,-1,[ OK ]
243.9,4/13/2026 8:11:24 PM,2771,102.9,0.1469,120.2,0.3984,0.5178,1.529,0,0,0,100,16.28,0.2559,403.8,200,1,0,0.3629,1,1,1,1,1,1,1,4,4,-1,[ OK ]
244.6,4/13/2026 8:11:24 PM,2772,102.9,0.147,119.8,0.4023,0.5179,1.528,0,0,0,100,16.28,0.2582,404.4,200,1,0,0.3508,1,1,1,1,1,1,1,4,4,-1,[ OK ]
245.2,4/13/2026 8:11:25 PM,2772,102.9,0.1469,120,0.4015,0.5178,1.529,0,0,0,100,16.28,0.2591,404.3,200,1,0,0.3463,1,1,1,1,1,1,1,4,4,-1,[ OK ]
245.8,4/13/2026 8:11:26 PM,2773,102.9,0.147,119.7,0.3994,0.5181,1.525,0,0,0,100,16.28,0.2588,404,200,1,0,0.3562,1,1,1,1,1,1,1,4,4,-1,[ OK ]
246.5,4/13/2026 8:11:26 PM,2774,102.9,0.1468,120.3,0.3955,0.5176,1.532,0,0,0,100,16.28,0.2588,404.3,200,1,0,0.3586,1,1,1,1,1,1,1,4,4,-1,[ OK ]
247.1,4/13/2026 8:11:27 PM,2774,102.9,0.1467,120.7,0.4002,0.5185,1.521,0,0,0,100,16.28,0.2564,403.9,200,1,0,0.3578,1,1,1,1,1,1,1,4,4,-1,[ OK ]
247.8,4/13/2026 8:11:28 PM,2775,102.9,0.1466,120.9,0.4043,0.5184,1.522,0,0,0,100,16.28,0.2576,404.3,200,1,0,0.3656,1,1,1,1,1,1,1,4,4,-1,[ OK ]
248.4,4/13/2026 8:11:28 PM,2776,102.9,0.1468,120.4,0.3954,0.5181,1.524,0,0,0,100,16.28,0.2578,403.9,200,1,0,0.36,1,1,1,1,1,1,1,4,4,-1,[ OK ]
249.1,4/13/2026 8:11:29 PM,2776,102.9,0.147,119.7,0.3979,0.5174,1.533,0,0,0,100,16.28,0.2571,404.2,200,1,0,0.3622,1,1,1,1,1,1,1,4,4,-1,[ OK ]
249.7,4/13/2026 8:11:29 PM,2777,102.9,0.1468,120.3,0.4046,0.5173,1.534,0,0,0,100,16.28,0.2578,404,200,1,0,0.3421,1,1,1,1,1,1,1,4,4,-1,[ OK ]
250.3,4/13/2026 8:11:30 PM,2778,102.9,0.1468,120.2,0.404,0.5176,1.53,0,0,0,100,16.28,0.2575,403.8,200,1,0,0.3597,1,1,1,1,1,1,1,4,4,-1,[ OK ]
250.8,4/13/2026 8:11:31 PM,2778,102.9,0.1471,119.4,0.4036,0.518,1.526,0,0,0,100,16.28,0.2583,404.4,200,1,0,0.3586,1,1,1,1,1,1,1,4,4,-1,[ OK ]
251.3,4/13/2026 8:11:31 PM,2779,102.9,0.1471,119.4,0.4028,0.5176,1.53,0,0,0,100,16.28,0.2594,404.2,200,1,0,0.3417,1,1,1,1,1,1,1,4,4,-1,[ OK ]
252.1,4/13/2026 8:11:32 PM,2779,102.9,0.1469,120,0.3991,0.5175,1.532,0,0,0,100,16.28,0.2602,404,200,1,0,0.3577,1,1,1,1,1,1,1,4,4,-1,[ OK ]
252.7,4/13/2026 8:11:32 PM,2780,102.9,0.147,119.9,0.3958,0.5175,1.533,0,0,0,100,16.28,0.26,404,200,1,0,0.3524,1,1,1,1,1,1,1,4,4,-1,[ OK ]
253.3,4/13/2026 8:11:33 PM,2781,102.9,0.1469,120.1,0.3944,0.5177,1.531,0,0,0,100,16.28,0.2597,403.9,200,1,0,0.3529,1,1,1,1,1,1,1,4,4,-1,[ OK ]
253.9,4/13/2026 8:11:34 PM,2781,102.9,0.1472,119.1,0.3995,0.5185,1.522,0,0,0,100,16.28,0.2586,404.1,200,1,0,0.349,1,1,1,1,1,1,1,4,4,-1,[ OK ]
254.6,4/13/2026 8:11:34 PM,2782,102.9,0.147,119.8,0.4028,0.518,1.528,0,0,0,100,16.28,0.2589,404,200,1,0,0.3513,1,1,1,1,1,1,1,4,4,-1,[ OK ]
255.2,4/13/2026 8:11:35 PM,2782,102.9,0.1468,120.5,0.398,0.5177,1.531,0,0,0,100,16.28,0.2588,404.3,200,1,0,0.3625,1,1,1,1,1,1,1,4,4,-1,[ OK ]
255.8,4/13/2026 8:11:36 PM,2783,102.9,0.147,119.9,0.4014,0.5177,1.531,0,0,0,100,16.28,0.2575,404.1,200,1,0,0.3626,1,1,1,1,1,1,1,4,4,-1,[ OK ]
256.3,4/13/2026 8:11:36 PM,2784,102.9,0.1469,120.3,0.3956,0.518,1.529,0,0,0,100,16.28,0.2578,404.4,200,1,0,0.3574,1,1,1,1,1,1,1,4,4,-1,[ OK ]
256.9,4/13/2026 8:11:37 PM,2784,102.9,0.1471,119.7,0.4041,0.5181,1.528,0,0,0,100,16.28,0.2593,403.9,200,1,0,0.3577,1,1,1,1,1,1,1,4,4,-1,[ OK ]
257.6,4/13/2026 8:11:37 PM,2785,102.9,0.1472,119.3,0.402,0.5182,1.525,0,0,0,100,16.28,0.2594,404.3,200,1,0,0.3522,1,1,1,1,1,1,1,4,4,-1,[ OK ]
258.2,4/13/2026 8:11:38 PM,2785,102.9,0.1469,119.9,0.4044,0.5176,1.532,0,0,0,100,16.28,0.2581,404.3,200,1,0,0.346,1,1,1,1,1,1,1,4,4,-1,[ OK ]
258.7,4/13/2026 8:11:39 PM,2786,102.9,0.1467,120.7,0.3942,0.5175,1.533,0,0,0,100,16.28,0.2565,404,200,1,0,0.3645,1,1,1,1,1,1,1,4,4,-1,[ OK ]
259.2,4/13/2026 8:11:39 PM,2786,102.9,0.147,119.7,0.4,0.518,1.528,0,0,0,100,16.28,0.2588,404.1,200,1,0,0.3489,1,1,1,1,1,1,1,4,4,-1,[ OK ]
259.8,4/13/2026 8:11:40 PM,2787,102.9,0.1469,120.1,0.3981,0.5187,1.52,0,0,0,100,16.28,0.2587,404.2,200,1,0,0.3606,1,1,1,1,1,1,1,4,4,-1,[ OK ]
260.4,4/13/2026 8:11:40 PM,2788,102.9,0.1469,119.9,0.4,0.5186,1.522,0,0,0,100,16.28,0.2579,404.2,200,1,0,0.3623,1,1,1,1,1,1,1,4,4,-1,[ OK ]
260.9,4/13/2026 8:11:41 PM,2788,102.9,0.1469,120.1,0.3962,0.518,1.527,0,0,0,100,16.28,0.2574,404,200,1,0,0.3594,1,1,1,1,1,1,1,4,4,-1,[ OK ]
261.5,4/13/2026 8:11:41 PM,2789,102.9,0.1469,120,0.3924,0.5187,1.519,0,0,0,100,16.28,0.2579,404,200,1,0,0.3505,1,1,1,1,1,1,1,4,4,-1,[ OK ]
262.1,4/13/2026 8:11:42 PM,2789,102.9,0.1468,120.2,0.4001,0.5184,1.523,0,0,0,100,16.28,0.2566,403.8,200,1,0,0.3554,1,1,1,1,1,1,1,4,4,-1,[ OK ]
262.7,4/13/2026 8:11:43 PM,2790,102.9,0.1469,119.8,0.3954,0.5173,1.534,0,0,0,100,16.28,0.2572,404,200,1,0,0.3489,1,1,1,1,1,1,1,4,4,-1,[ OK ]
263.3,4/13/2026 8:11:43 PM,2790,102.9,0.147,119.7,0.4016,0.518,1.526,0,0,0,100,16.28,0.2566,403.9,200,1,0,0.3598,1,1,1,1,1,1,1,4,4,-1,[ OK ]
263.9,4/13/2026 8:11:44 PM,2791,102.9,0.1467,120.5,0.403,0.5178,1.529,0,0,0,100,16.28,0.2563,404,200,1,0,0.3622,1,1,1,1,1,1,1,4,4,-1,[ OK ]
264.4,4/13/2026 8:11:44 PM,2792,102.9,0.147,119.8,0.3989,0.5176,1.531,0,0,0,100,16.28,0.2595,404.2,200,1,0,0.3564,1,1,1,1,1,1,1,4,4,-1,[ OK ]
265.0,4/13/2026 8:11:45 PM,2792,102.9,0.1471,119.4,0.3946,0.518,1.527,0,0,0,100,16.28,0.2581,404,200,1,0,0.3527,1,1,1,1,1,1,1,4,4,-1,[ OK ]
265.5,4/13/2026 8:11:45 PM,2793,102.9,0.1469,120.1,0.4081,0.518,1.527,0,0,0,100,16.28,0.2568,403.9,200,1,0,0.3562,1,1,1,1,1,1,1,4,4,-1,[ OK ]
266.1,4/13/2026 8:11:46 PM,2793,102.9,0.1471,119.4,0.3951,0.5179,1.529,0,0,0,100,16.28,0.2556,403.9,200,1,0,0.3548,1,1,1,1,1,1,1,4,4,-1,[ OK ]
266.8,4/13/2026 8:11:47 PM,2794,102.9,0.1468,120.5,0.3984,0.5176,1.531,0,0,0,100,16.28,0.2578,404.3,200,1,0,0.3603,1,1,1,1,1,1,1,4,4,-1,[ OK ]
267.4,4/13/2026 8:11:47 PM,2795,102.9,0.1469,120,0.3919,0.5184,1.522,0,0,0,100,16.28,0.2591,404,200,1,0,0.3477,1,1,1,1,1,1,1,4,4,-1,[ OK ]
268.1,4/13/2026 8:11:48 PM,2795,102.9,0.1469,120,0.3946,0.5175,1.531,0,0,0,100,16.28,0.2598,403.9,200,1,0,0.3475,1,1,1,1,1,1,1,4,4,-1,[ OK ]
268.6,4/13/2026 8:11:48 PM,2796,102.9,0.147,120,0.4027,0.5177,1.529,0,0,0,100,16.28,0.2542,403.9,200,1,0,0.3739,1,1,1,1,1,1,1,4,4,-1,[ OK ]
269.2,4/13/2026 8:11:49 PM,2796,102.9,0.1465,121.3,0.4063,0.5176,1.531,0,0,0,100,16.28,0.2551,404,200,1,0,0.3694,1,1,1,1,1,1,1,4,4,-1,[ OK ]
269.8,4/13/2026 8:11:50 PM,2797,102.9,0.1468,120.2,0.4044,0.5187,1.52,0,0,0,100,16.28,0.2579,403.9,200,1,0,0.3537,1,1,1,1,1,1,1,4,4,-1,[ OK ]
270.5,4/13/2026 8:11:50 PM,2798,102.9,0.1469,120,0.3995,0.518,1.527,0,0,0,100,16.28,0.2552,404,200,1,0,0.3629,1,1,1,1,1,1,1,4,4,-1,[ OK ]
271.1,4/13/2026 8:11:51 PM,2798,102.9,0.1471,119.4,0.3957,0.5178,1.529,0,0,0,100,16.28,0.2547,404,200,1,0,0.3657,1,1,1,1,1,1,1,4,4,-1,[ OK ]
271.7,4/13/2026 8:11:52 PM,2799,102.9,0.147,120,0.4044,0.5185,1.522,0,0,0,100,16.28,0.2541,403.9,200,1,0,0.3662,1,1,1,1,1,1,1,4,4,-1,[ OK ]
272.3,4/13/2026 8:11:52 PM,2800,102.9,0.147,120,0.3986,0.5177,1.531,0,0,0,100,16.28,0.2535,404.3,200,1,0,0.3597,1,1,1,1,1,1,1,4,4,-1,[ OK ]
272.9,4/13/2026 8:11:53 PM,2800,102.9,0.1468,120.4,0.4061,0.518,1.527,0,0,0,100,16.28,0.2541,404.2,200,1,0,0.3704,1,1,1,1,1,1,1,4,4,-1,[ OK ]
273.5,4/13/2026 8:11:53 PM,2801,102.9,0.147,120,0.3965,0.5177,1.53,0,0,0,100,16.28,0.2539,403.9,200,1,0,0.3605,1,1,1,1,1,1,1,4,4,-1,[ OK ]
274.1,4/13/2026 8:11:54 PM,2801,102.9,0.147,119.7,0.4041,0.5181,1.526,0,0,0,100,16.28,0.257,404,200,1,0,0.3562,1,1,1,1,1,1,1,4,4,-1,[ OK ]
274.7,4/13/2026 8:11:55 PM,2802,102.9,0.147,119.9,0.3979,0.518,1.527,0,0,0,100,16.28,0.2572,404.3,200,1,0,0.3616,1,1,1,1,1,1,1,4,4,-1,[ OK ]
275.4,4/13/2026 8:11:55 PM,2803,102.9,0.1468,120.4,0.3978,0.5173,1.534,0,0,0,100,16.28,0.2588,404.2,200,1,0,0.3554,1,1,1,1,1,1,1,4,4,-1,[ OK ]
276.0,4/13/2026 8:11:56 PM,2803,102.9,0.1471,119.5,0.3975,0.5183,1.524,0,0,0,100,16.28,0.256,404.2,200,1,0,0.3638,1,1,1,1,1,1,1,4,4,-1,[ OK ]
276.6,4/13/2026 8:11:56 PM,2804,102.9,0.1468,120.4,0.4076,0.5177,1.531,0,0,0,100,16.28,0.2568,404,200,1,0,0.3481,1,1,1,1,1,1,1,4,4,-1,[ OK ]
277.2,4/13/2026 8:11:57 PM,2804,102.9,0.1469,120.4,0.4064,0.5176,1.532,0,0,0,100,16.28,0.2565,404.1,200,1,0,0.3706,1,1,1,1,1,1,1,4,4,-1,[ OK ]
277.7,4/13/2026 8:11:58 PM,2805,102.9,0.1469,120.2,0.4009,0.5184,1.525,0,0,0,100,16.28,0.2551,403.9,200,1,0,0.3682,1,1,1,1,1,1,1,4,4,-1,[ OK ]
278.4,4/13/2026 8:11:58 PM,2806,102.9,0.1469,120.1,0.3989,0.5184,1.524,0,0,0,100,16.28,0.2564,404,200,1,0,0.3713,1,1,1,1,1,1,1,4,4,-1,[ OK ]
279.0,4/13/2026 8:11:59 PM,2806,102.9,0.1469,120.4,0.3992,0.5173,1.536,0,0,0,100,16.28,0.2559,404.2,200,1,0,0.3574,1,1,1,1,1,1,1,4,4,-1,[ OK ]
279.5,4/13/2026 8:11:59 PM,2807,102.9,0.1471,119.5,0.4042,0.5181,1.527,0,0,0,100,16.28,0.2565,404,200,1,0,0.3665,1,1,1,1,1,1,1,4,4,-1,[ OK ]
280.0,4/13/2026 8:12:00 PM,2807,102.9,0.1469,120.2,0.3997,0.5182,1.526,0,0,0,100,16.28,0.2555,403.9,200,1,0,0.3619,1,1,1,1,1,1,1,4,4,-1,[ OK ]
280.7,4/13/2026 8:12:00 PM,2808,102.9,0.147,119.9,0.4045,0.5178,1.529,0,0,0,100,16.28,0.2562,403.9,200,1,0,0.3545,1,1,1,1,1,1,1,4,4,-1,[ OK ]
281.2,4/13/2026 8:12:01 PM,2808,102.9,0.1469,120.1,0.4097,0.5185,1.522,0,0,0,100,16.28,0.2546,404.2,200,1,0,0.3714,1,1,1,1,1,1,1,4,4,-1,[ OK ]
281.8,4/13/2026 8:12:02 PM,2809,102.9,0.147,119.8,0.4011,0.518,1.528,0,0,0,100,16.28,0.2534,404.2,200,1,0,0.3773,1,1,1,1,1,1,1,4,4,-1,[ OK ]
282.4,4/13/2026 8:12:02 PM,2810,102.9,0.1469,120.1,0.4069,0.5179,1.528,0,0,0,100,16.28,0.2535,404,200,1,0,0.3617,1,1,1,1,1,1,1,4,4,-1,[ OK ]
283.0,4/13/2026 8:12:03 PM,2810,102.9,0.147,120.1,0.407,0.5179,1.529,0,0,0,100,16.28,0.2524,404,200,1,0,0.3688,1,1,1,1,1,1,1,4,4,-1,[ OK ]
283.7,4/13/2026 8:12:03 PM,2811,102.9,0.147,119.9,0.3958,0.5185,1.523,0,0,0,100,16.28,0.2549,403.8,200,1,0,0.3739,1,1,1,1,1,1,1,4,4,-1,[ OK ]
284.3,4/13/2026 8:12:04 PM,2811,102.9,0.1469,120.1,0.4043,0.5179,1.529,0,0,0,100,16.28,0.2553,404.1,200,1,0,0.3669,1,1,1,1,1,1,1,4,4,-1,[ OK ]
284.8,4/13/2026 8:12:05 PM,2812,102.9,0.1471,119.3,0.4006,0.5184,1.524,0,0,0,100,16.28,0.2567,404,200,1,0,0.3592,1,1,1,1,1,1,1,4,4,-1,[ OK ]
285.3,4/13/2026 8:12:05 PM,2813,102.9,0.1469,120.2,0.4058,0.517,1.539,0,0,0,100,16.28,0.2568,404,200,1,0,0.3651,1,1,1,1,1,1,1,4,4,-1,[ OK ]
285.8,4/13/2026 8:12:06 PM,2813,102.9,0.1469,120.2,0.3991,0.518,1.529,0,0,0,100,16.28,0.2559,404,200,1,0,0.3617,1,1,1,1,1,1,1,4,4,-1,[ OK ]
286.4,4/13/2026 8:12:06 PM,2814,102.9,0.147,119.8,0.4037,0.5175,1.535,0,0,0,100,16.28,0.2554,404,200,1,0,0.372,1,1,1,1,1,1,1,4,4,-1,[ OK ]
286.9,4/13/2026 8:12:07 PM,2814,102.9,0.1471,119.6,0.4047,0.5179,1.53,0,0,0,100,16.28,0.2564,403.9,200,1,0,0.3555,1,1,1,1,1,1,1,4,4,-1,[ OK ]
287.5,4/13/2026 8:12:07 PM,2815,102.9,0.1471,119.8,0.4024,0.5181,1.527,0,0,0,100,16.28,0.2548,404.1,200,1,0,0.3663,1,1,1,1,1,1,1,4,4,-1,[ OK ]
288.1,4/13/2026 8:12:08 PM,2815,102.9,0.1472,119.5,0.4018,0.5177,1.532,0,0,0,100,16.28,0.256,404,200,1,0,0.3559,1,1,1,1,1,1,1,4,4,-1,[ OK ]
288.7,4/13/2026 8:12:09 PM,2816,102.9,0.147,120.1,0.3978,0.5182,1.526,0,0,0,100,16.28,0.2566,404,200,1,0,0.3614,1,1,1,1,1,1,1,4,4,-1,[ OK ]
289.3,4/13/2026 8:12:09 PM,2816,102.9,0.1472,119.5,0.4005,0.518,1.527,0,0,0,100,16.28,0.2558,404.3,200,1,0,0.3682,1,1,1,1,1,1,1,4,4,-1,[ OK ]
289.9,4/13/2026 8:12:10 PM,2817,102.9,0.1471,120,0.402,0.5181,1.525,0,0,0,100,16.28,0.2546,404,200,1,0,0.364,1,1,1,1,1,1,1,4,4,-1,[ OK ]
290.4,4/13/2026 8:12:10 PM,2818,102.9,0.1469,120.4,0.3998,0.5182,1.526,0,0,0,100,16.28,0.2543,404.2,200,1,0,0.3713,1,1,1,1,1,1,1,4,4,-1,[ OK ]
291.0,4/13/2026 8:12:11 PM,2818,102.9,0.1473,119.3,0.4075,0.5177,1.531,0,0,0,100,16.28,0.2544,404.2,200,1,0,0.3683,1,1,1,1,1,1,1,4,4,-1,[ OK ]
291.6,4/13/2026 8:12:11 PM,2819,102.9,0.1471,119.8,0.4066,0.5188,1.519,0,0,0,100,16.28,0.2542,404.3,200,1,0,0.3692,1,1,1,1,1,1,1,4,4,-1,[ OK ]
292.3,4/13/2026 8:12:12 PM,2819,102.9,0.1468,121,0.4041,0.5182,1.524,0,0,0,100,16.28,0.2559,404.2,200,1,0,0.3718,1,1,1,1,1,1,1,4,4,-1,[ OK ]
292.8,4/13/2026 8:12:13 PM,2820,102.9,0.147,120.3,0.3994,0.5176,1.531,0,0,0,100,16.28,0.254,403.9,200,1,0,0.3666,1,1,1,1,1,1,1,4,4,-1,[ OK ]
293.3,4/13/2026 8:12:13 PM,2821,102.9,0.1471,120,0.4009,0.5177,1.529,0,0,0,100,16.28,0.255,403.9,200,1,0,0.3708,1,1,1,1,1,1,1,4,4,-1,[ OK ]
293.9,4/13/2026 8:12:14 PM,2821,102.9,0.147,120.4,0.4024,0.5175,1.531,0,0,0,100,16.28,0.2551,404.2,200,1,0,0.3591,1,1,1,1,1,1,1,4,4,-1,[ OK ]
294.4,4/13/2026 8:12:14 PM,2822,102.9,0.147,120.4,0.4006,0.5176,1.531,0,0,0,100,16.28,0.2558,404,200,1,0,0.3701,1,1,1,1,1,1,1,4,4,-1,[ OK ]
295.0,4/13/2026 8:12:15 PM,2822,102.9,0.1469,120.5,0.3951,0.5183,1.524,0,0,0,100,16.28,0.2552,404.2,200,1,0,0.3683,1,1,1,1,1,1,1,4,4,-1,[ OK ]
295.5,4/13/2026 8:12:15 PM,2823,102.9,0.1468,120.7,0.4067,0.5181,1.526,0,0,0,100,16.28,0.2544,404,200,1,0,0.3673,1,1,1,1,1,1,1,4,4,-1,[ OK ]
296.0,4/13/2026 8:12:16 PM,2823,102.9,0.147,120.2,0.3997,0.5178,1.53,0,0,0,100,16.28,0.2558,404.2,200,1,0,0.3652,1,1,1,1,1,1,1,4,4,-1,[ OK ]
296.4,4/13/2026 8:12:16 PM,2824,102.9,0.1471,119.8,0.4013,0.5173,1.534,0,0,0,100,16.28,0.2561,404,200,1,0,0.3514,1,1,1,1,1,1,1,4,4,-1,[ OK ]
297.0,4/13/2026 8:12:17 PM,2824,102.9,0.1472,119.7,0.3996,0.5172,1.536,0,0,0,100,16.28,0.2551,404.2,200,1,0,0.3567,1,1,1,1,1,1,1,4,4,-1,[ OK ]
297.5,4/13/2026 8:12:17 PM,2825,102.9,0.147,120.3,0.3981,0.5179,1.528,0,0,0,100,16.28,0.2537,404,200,1,0,0.3611,1,1,1,1,1,1,1,4,4,-1,[ OK ]
298.2,4/13/2026 8:12:18 PM,2825,102.9,0.1471,119.8,0.4,0.5178,1.529,0,0,0,100,16.28,0.2565,404.3,200,1,0,0.364,1,1,1,1,1,1,1,4,4,-1,[ OK ]
298.8,4/13/2026 8:12:19 PM,2826,102.9,0.147,120.2,0.405,0.5179,1.528,0,0,0,100,16.28,0.2565,404.1,200,1,0,0.3546,1,1,1,1,1,1,1,4,4,-1,[ OK ]
299.4,4/13/2026 8:12:19 PM,2827,102.9,0.1473,119.4,0.4044,0.5179,1.527,0,0,0,100,16.28,0.2549,404,200,1,0,0.3564,1,1,1,1,1,1,1,4,4,-1,[ OK ]
300.0,4/13/2026 8:12:20 PM,2827,102.9,0.1469,120.7,0.4061,0.5185,1.521,0,0,0,100,16.28,0.2552,403.9,200,1,0,0.3672,1,1,1,1,1,1,1,4,4,-1,[ OK ]
300.5,4/13/2026 8:12:20 PM,2828,102.9,0.1471,120.1,0.4109,0.5188,1.518,0,0,0,100,16.28,0.2555,404.2,200,1,0,0.3745,1,1,1,1,1,1,1,4,4,-1,[ OK ]
301.0,4/13/2026 8:12:21 PM,2828,102.9,0.147,120.5,0.4045,0.5176,1.53,0,0,0,100,16.28,0.2529,403.9,200,1,0,0.3854,1,1,1,1,1,1,1,4,4,-1,[ OK ]
301.5,4/13/2026 8:12:21 PM,2829,102.9,0.1469,120.7,0.4008,0.5185,1.52,0,0,0,100,16.28,0.2548,403.9,200,1,0,0.3567,1,1,1,1,1,1,1,4,4,-1,[ OK ]
302.1,4/13/2026 8:12:22 PM,2829,102.9,0.1472,119.7,0.3982,0.5184,1.522,0,0,0,100,16.28,0.253,403.9,200,1,0,0.3642,1,1,1,1,1,1,1,4,4,-1,[ OK ]
302.6,4/13/2026 8:12:22 PM,2830,102.9,0.147,120.5,0.4039,0.5176,1.532,0,0,0,100,16.28,0.2539,403.8,200,1,0,0.3692,1,1,1,1,1,1,1,4,4,-1,[ OK ]
303.3,4/13/2026 8:12:23 PM,2830,102.9,0.147,120.4,0.4069,0.5178,1.529,0,0,0,100,16.28,0.2546,404.2,200,1,0,0.3778,1,1,1,1,1,1,1,4,4,-1,[ OK ]
303.8,4/13/2026 8:12:24 PM,2831,102.9,0.1471,120.1,0.4047,0.5179,1.528,0,0,0,100,16.28,0.252,404,200,1,0,0.37,1,1,1,1,1,1,1,4,4,-1,[ OK ]
304.3,4/13/2026 8:12:24 PM,2832,102.9,0.1472,120,0.4032,0.5178,1.529,0,0,0,100,16.28,0.2541,404.3,200,1,0,0.3667,1,1,1,1,1,1,1,4,4,-1,[ OK ]
304.8,4/13/2026 8:12:25 PM,2832,102.9,0.1471,120.2,0.4013,0.5176,1.531,0,0,0,100,16.28,0.2533,404,200,1,0,0.3627,1,1,1,1,1,1,1,4,4,-1,[ OK ]
305.3,4/13/2026 8:12:25 PM,2833,102.9,0.1472,120.1,0.3959,0.5176,1.532,0,0,0,100,16.28,0.256,404,200,1,0,0.3576,1,1,1,1,1,1,1,4,4,-1,[ OK ]
305.9,4/13/2026 8:12:26 PM,2833,102.9,0.1471,120.2,0.3983,0.5184,1.524,0,0,0,100,16.28,0.2572,403.7,200,1,0,0.3666,1,1,1,1,1,1,1,4,4,-1,[ OK ]
306.4,4/13/2026 8:12:26 PM,2834,102.9,0.1471,120.2,0.4138,0.5175,1.533,0,0,0,100,16.28,0.2541,404,200,1,0,0.3771,1,1,1,1,1,1,1,4,4,-1,[ OK ]
306.9,4/13/2026 8:12:27 PM,2834,102.9,0.1473,119.5,0.4044,0.5181,1.525,0,0,0,100,16.28,0.2542,404.3,200,1,0,0.362,1,1,1,1,1,1,1,4,4,-1,[ OK ]
307.4,4/13/2026 8:12:27 PM,2835,102.9,0.1473,119.6,0.4034,0.5175,1.532,0,0,0,100,16.28,0.2564,404,200,1,0,0.3559,1,1,1,1,1,1,1,4,4,-1,[ OK ]
307.9,4/13/2026 8:12:28 PM,2835,102.9,0.1471,120.3,0.4006,0.5186,1.52,0,0,0,100,16.28,0.2552,404.3,200,1,0,0.3715,1,1,1,1,1,1,1,4,4,-1,[ OK ]
308.5,4/13/2026 8:12:28 PM,2836,102.9,0.147,120.5,0.4015,0.5174,1.534,0,0,0,100,16.28,0.2544,404.1,200,1,0,0.3648,1,1,1,1,1,1,1,4,4,-1,[ OK ]
309.0,4/13/2026 8:12:29 PM,2836,102.9,0.1472,119.9,0.3997,0.5176,1.53,0,0,0,100,16.28,0.2533,404,200,1,0,0.3737,1,1,1,1,1,1,1,4,4,-1,[ OK ]
309.4,4/13/2026 8:12:29 PM,2837,102.9,0.1472,119.9,0.4028,0.5186,1.52,0,0,0,100,16.28,0.2533,404.2,200,1,0,0.3688,1,1,1,1,1,1,1,4,4,-1,[ OK ]
309.9,4/13/2026 8:12:30 PM,2837,102.9,0.1472,119.8,0.4046,0.5184,1.522,0,0,0,100,16.28,0.2541,403.9,200,1,0,0.3668,1,1,1,1,1,1,1,4,4,-1,[ OK ]
310.4,4/13/2026 8:12:30 PM,2838,102.9,0.1473,119.7,0.399,0.518,1.526,0,0,0,100,16.28,0.2525,404.2,200,1,0,0.3782,1,1,1,1,1,1,1,4,4,-1,[ OK ]
310.9,4/13/2026 8:12:31 PM,2838,102.9,0.1471,120.1,0.4105,0.5178,1.528,0,0,0,100,16.28,0.2565,404,200,1,0,0.3605,1,1,1,1,1,1,1,4,4,-1,[ OK ]
311.5,4/13/2026 8:12:31 PM,2839,102.9,0.1473,119.5,0.4085,0.5183,1.522,0,0,0,100,16.28,0.2524,404.3,200,1,0,0.3701,1,1,1,1,1,1,1,4,4,-1,[ OK ]
312.1,4/13/2026 8:12:32 PM,2839,102.9,0.1471,120,0.3971,0.5171,1.536,0,0,0,100,16.28,0.2556,403.8,200,1,0,0.3541,1,1,1,1,1,1,1,4,4,-1,[ OK ]
312.6,4/13/2026 8:12:32 PM,2840,102.9,0.1471,120.3,0.4017,0.5185,1.521,0,0,0,100,16.28,0.2529,404.3,200,1,0,0.3716,1,1,1,1,1,1,1,4,4,-1,[ OK ]
313.1,4/13/2026 8:12:33 PM,2840,102.9,0.1472,119.8,0.4042,0.5185,1.521,0,0,0,100,16.28,0.2546,403.7,200,1,0,0.3655,1,1,1,1,1,1,1,4,4,-1,[ OK ]
313.7,4/13/2026 8:12:33 PM,2841,102.9,0.1473,119.4,0.4075,0.5182,1.525,0,0,0,100,16.28,0.2533,403.9,200,1,0,0.3775,1,1,1,1,1,1,1,4,4,-1,[ OK ]
314.3,4/13/2026 8:12:34 PM,2841,102.9,0.1471,120.2,0.3976,0.5174,1.534,0,0,0,100,16.28,0.2527,404.2,200,1,0,0.3819,1,1,1,1,1,1,1,4,4,-1,[ OK ]
314.9,4/13/2026 8:12:35 PM,2842,102.9,0.1473,119.6,0.3992,0.5179,1.528,0,0,0,100,16.28,0.2564,403.9,200,1,0,0.3677,1,1,1,1,1,1,1,4,4,-1,[ OK ]
315.5,4/13/2026 8:12:35 PM,2843,102.9,0.1472,120,0.4017,0.5172,1.536,0,0,0,100,16.28,0.253,404.2,200,1,0,0.3711,1,1,1,1,1,1,1,4,4,-1,[ OK ]
316.0,4/13/2026 8:12:36 PM,2843,102.9,0.1473,119.7,0.4052,0.5176,1.532,0,0,0,100,16.28,0.2539,403.9,200,1,0,0.3779,1,1,1,1,1,1,1,4,4,-1,[ OK ]
316.6,4/13/2026 8:12:36 PM,2844,102.9,0.147,120.6,0.4003,0.518,1.527,0,0,0,100,16.28,0.251,404,200,1,0,0.3785,1,1,1,1,1,1,1,4,4,-1,[ OK ]
317.2,4/13/2026 8:12:37 PM,2844,102.9,0.1473,119.7,0.4077,0.5179,1.528,0,0,0,100,16.28,0.2506,403.9,200,1,0,0.3738,1,1,1,1,1,1,1,4,4,-1,[ OK ]
317.7,4/13/2026 8:12:38 PM,2845,102.9,0.1472,120,0.3995,0.5177,1.531,0,0,0,100,16.28,0.2547,404.1,200,1,0,0.3648,1,1,1,1,1,1,1,4,4,-1,[ OK ]
318.3,4/13/2026 8:12:38 PM,2846,102.9,0.1472,120.2,0.4014,0.5179,1.53,0,0,0,100,16.28,0.2512,403.9,200,1,0,0.3783,1,1,1,1,1,1,1,4,4,-1,[ OK ]
318.8,4/13/2026 8:12:39 PM,2846,102.9,0.1472,120.1,0.3979,0.5175,1.534,0,0,0,100,16.28,0.2506,404.2,200,1,0,0.3766,1,1,1,1,1,1,1,4,4,-1,[ OK ]
319.4,4/13/2026 8:12:39 PM,2847,102.9,0.1472,120.3,0.3981,0.5172,1.537,0,0,0,100,16.28,0.252,404.1,200,1,0,0.3754,1,1,1,1,1,1,1,4,4,-1,[ OK ]
319.9,4/13/2026 8:12:40 PM,2847,102.9,0.1474,119.7,0.4049,0.5174,1.535,0,0,0,100,16.28,0.2549,404.3,200,1,0,0.3683,1,1,1,1,1,1,1,4,4,-1,[ OK ]
320.5,4/13/2026 8:12:40 PM,2848,102.9,0.1474,119.6,0.4054,0.518,1.528,0,0,0,100,16.28,0.2524,404,200,1,0,0.3767,1,1,1,1,1,1,1,4,4,-1,[ OK ]
321.1,4/13/2026 8:12:41 PM,2848,102.9,0.1473,119.7,0.4039,0.5175,1.534,0,0,0,100,16.28,0.2527,404,200,1,0,0.3791,1,1,1,1,1,1,1,4,4,-1,[ OK ]
321.6,4/13/2026 8:12:41 PM,2849,102.9,0.1473,120,0.4075,0.5185,1.523,0,0,0,100,16.28,0.2535,404,200,1,0,0.3844,1,1,1,1,1,1,1,4,4,-1,[ OK ]
322.2,4/13/2026 8:12:42 PM,2849,102.9,0.1474,119.4,0.4091,0.5179,1.528,0,0,0,100,16.28,0.2533,403.9,200,1,0,0.3618,1,1,1,1,1,1,1,4,4,-1,[ OK ]
322.7,4/13/2026 8:12:42 PM,2850,102.9,0.1471,120.3,0.3989,0.5183,1.525,0,0,0,100,16.28,0.2539,404.2,200,1,0,0.3726,1,1,1,1,1,1,1,4,4,-1,[ OK ]
323.1,4/13/2026 8:12:43 PM,2850,102.9,0.1473,120,0.4058,0.5183,1.525,0,0,0,100,16.28,0.2558,404.1,200,1,0,0.3649,1,1,1,1,1,1,1,4,4,-1,[ OK ]
323.6,4/13/2026 8:12:43 PM,2851,102.9,0.1475,119.2,0.4013,0.5175,1.535,0,0,0,100,16.28,0.2542,404.2,200,1,0,0.3716,1,1,1,1,1,1,1,4,4,-1,[ OK ]
324.1,4/13/2026 8:12:44 PM,2851,102.9,0.1471,120.6,0.4069,0.5175,1.535,0,0,0,100,16.28,0.253,403.9,200,1,0,0.361,1,1,1,1,1,1,1,4,4,-1,[ OK ]
324.7,4/13/2026 8:12:44 PM,2852,102.9,0.1472,120.3,0.4016,0.5184,1.525,0,0,0,100,16.28,0.255,404.3,200,1,0,0.3673,1,1,1,1,1,1,1,4,4,-1,[ OK ]
325.3,4/13/2026 8:12:45 PM,2852,102.9,0.1473,119.8,0.4041,0.5175,1.534,0,0,0,100,16.28,0.2599,403.9,200,1,0,0.3718,1,1,1,1,1,1,1,4,4,-1,[ OK ]
325.8,4/13/2026 8:12:46 PM,2853,102.9,0.1473,119.9,0.4084,0.5178,1.531,0,0,0,100,16.28,0.2552,404.1,200,1,0,0.3737,1,1,1,1,1,1,1,4,4,-1,[ OK ]
326.3,4/13/2026 8:12:46 PM,2854,102.9,0.1472,120.3,0.4044,0.5183,1.525,0,0,0,100,16.28,0.255,404.2,200,1,0,0.3637,1,1,1,1,1,1,1,4,4,-1,[ OK ]
326.9,4/13/2026 8:12:47 PM,2854,102.9,0.1473,119.7,0.4049,0.5184,1.524,0,0,0,100,16.28,0.2557,404,200,1,0,0.3609,1,1,1,1,1,1,1,4,4,-1,[ OK ]
327.6,4/13/2026 8:12:47 PM,2855,102.9,0.1471,120.6,0.4018,0.5187,1.52,0,0,0,100,16.28,0.256,403.8,200,1,0,0.3673,1,1,1,1,1,1,1,4,4,-1,[ OK ]
328.1,4/13/2026 8:12:48 PM,2855,102.9,0.1473,119.8,0.4108,0.5176,1.532,0,0,0,100,16.28,0.255,404.2,200,1,0,0.3627,1,1,1,1,1,1,1,4,4,-1,[ OK ]
328.5,4/13/2026 8:12:48 PM,2856,102.9,0.1472,120.2,0.4036,0.5171,1.538,0,0,0,100,16.28,0.2571,404.3,200,1,0,0.352,1,1,1,1,1,1,1,4,4,-1,[ OK ]
329.1,4/13/2026 8:12:49 PM,2856,102.9,0.1474,119.6,0.4048,0.5178,1.531,0,0,0,100,16.28,0.2548,403.9,200,1,0,0.375,1,1,1,1,1,1,1,4,4,-1,[ OK ]
329.7,4/13/2026 8:12:49 PM,2857,102.9,0.1471,120.4,0.4053,0.5183,1.526,0,0,0,100,16.28,0.254,404.1,200,1,0,0.3857,1,1,1,1,1,1,1,4,4,-1,[ OK ]
330.3,4/13/2026 8:12:50 PM,2857,102.9,0.1472,120,0.4077,0.5178,1.53,0,0,0,100,16.28,0.2563,403.8,200,1,0,0.3651,1,1,1,1,1,1,1,4,4,-1,[ OK ]
330.9,4/13/2026 8:12:51 PM,2858,102.9,0.1472,120.1,0.3982,0.5184,1.525,0,0,0,100,16.28,0.256,403.9,200,1,0,0.3718,1,1,1,1,1,1,1,4,4,-1,[ OK ]
331.5,4/13/2026 8:12:51 PM,2859,102.9,0.1473,120,0.4007,0.5184,1.524,0,0,0,100,16.28,0.2546,404.2,200,1,0,0.3662,1,1,1,1,1,1,1,4,4,-1,[ OK ]
332.1,4/13/2026 8:12:52 PM,2859,102.9,0.1472,120,0.4027,0.5176,1.533,0,0,0,100,16.28,0.2553,404.1,200,1,0,0.375,1,1,1,1,1,1,1,4,4,-1,[ OK ]
332.8,4/13/2026 8:12:53 PM,2860,102.9,0.1472,120.2,0.4011,0.5181,1.527,0,0,0,100,16.28,0.2554,403.9,200,1,0,0.3745,1,1,1,1,1,1,1,4,4,-1,[ OK ]
333.4,4/13/2026 8:12:53 PM,2861,102.9,0.1474,119.4,0.402,0.5178,1.531,0,0,0,100,16.28,0.2538,403.9,200,1,0,0.3677,1,1,1,1,1,1,1,4,4,-1,[ OK ]
334.0,4/13/2026 8:12:54 PM,2861,102.9,0.1473,119.9,0.405,0.5187,1.521,0,0,0,100,16.28,0.2531,404.2,200,1,0,0.3828,1,1,1,1,1,1,1,4,4,-1,[ OK ]
334.6,4/13/2026 8:12:54 PM,2862,102.9,0.1472,120.1,0.4034,0.5184,1.523,0,0,0,100,16.28,0.2538,404.2,200,1,0,0.3636,1,1,1,1,1,1,1,4,4,-1,[ OK ]
335.3,4/13/2026 8:12:55 PM,2862,102.9,0.1471,120.7,0.4056,0.5181,1.526,0,0,0,100,16.28,0.2542,404.2,200,1,0,0.3596,1,1,1,1,1,1,1,4,4,-1,[ OK ]
335.9,4/13/2026 8:12:56 PM,2863,102.9,0.1472,120.2,0.4042,0.5186,1.521,0,0,0,100,16.28,0.255,404.1,200,1,0,0.3695,1,1,1,1,1,1,1,4,4,-1,[ OK ]
336.5,4/13/2026 8:12:56 PM,2864,102.9,0.1473,119.8,0.4079,0.5178,1.528,0,0,0,100,16.28,0.2529,404.2,200,1,0,0.3801,1,1,1,1,1,1,1,4,4,-1,[ OK ]
337.1,4/13/2026 8:12:57 PM,2864,102.9,0.1473,120,0.4038,0.5178,1.529,0,0,0,100,16.28,0.2535,404.2,200,1,0,0.3789,1,1,1,1,1,1,1,4,4,-1,[ OK ]
337.7,4/13/2026 8:12:58 PM,2865,102.9,0.1471,120.3,0.3974,0.5172,1.534,0,0,0,100,16.28,0.254,404,200,1,0,0.3733,1,1,1,1,1,1,1,4,4,-1,[ OK ]
338.2,4/13/2026 8:12:58 PM,2865,102.9,0.1473,119.7,0.4001,0.5184,1.522,0,0,0,100,16.28,0.2564,404.3,200,1,0,0.367,1,1,1,1,1,1,1,4,4,-1,[ OK ]
338.8,4/13/2026 8:12:59 PM,2866,102.9,0.1472,120.1,0.4076,0.5182,1.525,0,0,0,100,16.28,0.2548,403.9,200,1,0,0.3725,1,1,1,1,1,1,1,4,4,-1,[ OK ]
339.4,4/13/2026 8:12:59 PM,2867,102.9,0.1471,120.5,0.3987,0.5187,1.519,0,0,0,100,16.28,0.2544,403.8,200,1,0,0.3688,1,1,1,1,1,1,1,4,4,-1,[ OK ]
340.0,4/13/2026 8:13:00 PM,2867,102.9,0.1472,120.2,0.3977,0.5182,1.525,0,0,0,100,16.28,0.2558,404.1,200,1,0,0.3702,1,1,1,1,1,1,1,4,4,-1,[ OK ]
340.7,4/13/2026 8:13:00 PM,2868,102.9,0.1474,119.7,0.406,0.5175,1.532,0,0,0,100,16.28,0.2535,404.3,200,1,0,0.369,1,1,1,1,1,1,1,4,4,-1,[ OK ]
341.3,4/13/2026 8:13:01 PM,2868,102.9,0.1472,120.3,0.4056,0.5179,1.528,0,0,0,100,16.28,0.2545,404,200,1,0,0.3713,1,1,1,1,1,1,1,4,4,-1,[ OK ]
341.9,4/13/2026 8:13:02 PM,2869,102.9,0.1471,120.4,0.3988,0.5172,1.536,0,0,0,100,16.28,0.2527,404.4,200,1,0,0.3845,1,1,1,1,1,1,1,4,4,-1,[ OK ]
342.5,4/13/2026 8:13:02 PM,2870,102.9,0.1471,120.5,0.4036,0.5178,1.53,0,0,0,100,16.28,0.2535,404.2,200,1,0,0.3672,1,1,1,1,1,1,1,4,4,-1,[ OK ]
343.1,4/13/2026 8:13:03 PM,2870,102.9,0.1472,120.1,0.4013,0.5183,1.525,0,0,0,100,16.28,0.2548,404.1,200,1,0,0.3723,1,1,1,1,1,1,1,4,4,-1,[ OK ]
343.8,4/13/2026 8:13:04 PM,2871,102.9,0.1473,120,0.4053,0.5179,1.529,0,0,0,100,16.28,0.2541,404.1,200,1,0,0.3748,1,1,1,1,1,1,1,4,4,-1,[ OK ]
344.4,4/13/2026 8:13:04 PM,2872,102.9,0.1473,120.1,0.3974,0.5179,1.528,0,0,0,100,16.28,0.2556,404,200,1,0,0.3633,1,1,1,1,1,1,1,4,4,-1,[ OK ]
345.0,4/13/2026 8:13:05 PM,2872,102.9,0.1471,120.4,0.4005,0.5181,1.526,0,0,0,100,16.28,0.2539,403.9,200,1,0,0.3667,1,1,1,1,1,1,1,4,4,-1,[ OK ]
345.6,4/13/2026 8:13:05 PM,2873,102.9,0.1472,120.2,0.4026,0.5183,1.524,0,0,0,100,16.28,0.2553,403.9,200,1,0,0.3784,1,1,1,1,1,1,1,4,4,-1,[ OK ]
346.2,4/13/2026 8:13:06 PM,2873,102.9,0.1472,120.1,0.4059,0.5177,1.531,0,0,0,100,16.28,0.2546,404,200,1,0,0.3642,1,1,1,1,1,1,1,4,4,-1,[ OK ]
346.8,4/13/2026 8:13:07 PM,2874,102.9,0.1473,120,0.4057,0.5174,1.534,0,0,0,100,16.28,0.2552,404.3,200,1,0,0.3723,1,1,1,1,1,1,1,4,4,-1,[ OK ]
347.4,4/13/2026 8:13:07 PM,2875,102.9,0.1472,120,0.3989,0.518,1.528,0,0,0,100,16.28,0.2518,404.2,200,1,0,0.3738,1,1,1,1,1,1,1,4,4,-1,[ OK ]
347.9,4/13/2026 8:13:08 PM,2875,102.9,0.1472,120.2,0.4033,0.5178,1.529,0,0,0,100,16.28,0.2539,404.3,200,1,0,0.3759,1,1,1,1,1,1,1,4,4,-1,[ OK ]
348.4,4/13/2026 8:13:08 PM,2876,102.9,0.1474,119.4,0.4028,0.5176,1.531,0,0,0,100,16.28,0.2526,403.8,200,1,0,0.3707,1,1,1,1,1,1,1,4,4,-1,[ OK ]
349.0,4/13/2026 8:13:09 PM,2876,102.9,0.1472,120.2,0.403,0.5182,1.525,0,0,0,100,16.28,0.2525,404,200,1,0,0.3707,1,1,1,1,1,1,1,4,4,-1,[ OK ]
349.7,4/13/2026 8:13:09 PM,2877,102.9,0.1472,120.3,0.3974,0.5173,1.535,0,0,0,100,16.28,0.2539,404.2,200,1,0,0.3664,1,1,1,1,1,1,1,4,4,-1,[ OK ]
350.3,4/13/2026 8:13:10 PM,2878,102.9,0.1476,119.1,0.4075,0.5182,1.525,0,0,0,100,16.28,0.2529,403.9,200,1,0,0.3641,1,1,1,1,1,1,1,4,4,-1,[ OK ]
350.9,4/13/2026 8:13:11 PM,2878,102.9,0.1472,120.1,0.4053,0.518,1.527,0,0,0,100,16.28,0.2539,404.1,200,1,0,0.3655,1,1,1,1,1,1,1,4,4,-1,[ OK ]
351.4,4/13/2026 8:13:11 PM,2879,102.9,0.1475,119.3,0.4032,0.517,1.538,0,0,0,100,16.28,0.2536,404.1,200,1,0,0.3702,1,1,1,1,1,1,1,4,4,-1,[ OK ]
352.0,4/13/2026 8:13:12 PM,2879,102.9,0.1471,120.6,0.4048,0.5171,1.537,0,0,0,100,16.28,0.2529,404.2,200,1,0,0.3622,1,1,1,1,1,1,1,4,4,-1,[ OK ]
352.5,4/13/2026 8:13:12 PM,2880,102.9,0.1473,120,0.4095,0.5181,1.527,0,0,0,100,16.28,0.2528,404.2,200,1,0,0.3676,1,1,1,1,1,1,1,4,4,-1,[ OK ]
353.1,4/13/2026 8:13:13 PM,2880,102.9,0.1473,119.9,0.4011,0.5181,1.526,0,0,0,100,16.28,0.2539,404.2,200,1,0,0.3673,1,1,1,1,1,1,1,4,4,-1,[ OK ]
353.7,4/13/2026 8:13:14 PM,2881,102.9,0.1473,120.1,0.4037,0.5177,1.531,0,0,0,100,16.28,0.256,403.9,200,1,0,0.3719,1,1,1,1,1,1,1,4,4,-1,[ OK ]
354.3,4/13/2026 8:13:14 PM,2882,102.9,0.1473,119.9,0.4018,0.5182,1.526,0,0,0,100,16.28,0.2569,403.9,200,1,0,0.3603,1,1,1,1,1,1,1,4,4,-1,[ OK ]
355.0,4/13/2026 8:13:15 PM,2882,102.9,0.1473,119.9,0.4039,0.5186,1.521,0,0,0,100,16.28,0.255,404.1,200,1,0,0.3594,1,1,1,1,1,1,1,4,4,-1,[ OK ]
355.8,4/13/2026 8:13:16 PM,2883,102.9,0.1471,120.6,0.3998,0.5178,1.529,0,0,0,100,16.28,0.2535,403.9,200,1,0,0.3678,1,1,1,1,1,1,1,4,4,-1,[ OK ]
356.4,4/13/2026 8:13:16 PM,2884,102.9,0.1472,120,0.3979,0.5178,1.529,0,0,0,100,16.28,0.2552,404.1,200,1,0,0.3738,1,1,1,1,1,1,1,4,4,-1,[ OK ]
357.0,4/13/2026 8:13:17 PM,2884,102.9,0.1473,119.8,0.4029,0.5183,1.524,0,0,0,100,16.28,0.2533,404.3,200,1,0,0.3652,1,1,1,1,1,1,1,4,4,-1,[ OK ]
357.7,4/13/2026 8:13:17 PM,2885,102.9,0.1473,120,0.4072,0.5187,1.521,0,0,0,100,16.28,0.2532,404,200,1,0,0.3722,1,1,1,1,1,1,1,4,4,-1,[ OK ]
358.2,4/13/2026 8:13:18 PM,2885,102.9,0.1473,120,0.4053,0.5177,1.532,0,0,0,100,16.28,0.2539,404.1,200,1,0,0.3712,1,1,1,1,1,1,1,4,4,-1,[ OK ]
358.8,4/13/2026 8:13:19 PM,2886,102.9,0.1475,119.5,0.3994,0.5177,1.531,0,0,0,100,16.28,0.2552,404.2,200,1,0,0.37,1,1,1,1,1,1,1,4,4,-1,[ OK ]
359.2,4/13/2026 8:13:19 PM,2886,102.9,0.1473,120.2,0.4025,0.5173,1.536,0,0,0,100,16.28,0.2526,403.8,200,1,0,0.3778,1,1,1,1,1,1,1,4,4,-1,[ OK ]
359.7,4/13/2026 8:13:20 PM,2887,102.9,0.1473,120,0.4036,0.5175,1.533,0,0,0,100,16.28,0.2536,403.9,200,1,0,0.368,1,1,1,1,1,1,1,4,4,-1,[ OK ]
360.3,4/13/2026 8:13:20 PM,2887,102.9,0.1473,119.9,0.3993,0.518,1.527,0,0,0,100,16.28,0.2559,404.2,200,1,0,0.3594,1,1,1,1,1,1,1,4,4,-1,[ OK ]
360.8,4/13/2026 8:13:21 PM,2888,102.9,0.1472,120.1,0.4074,0.5179,1.528,0,0,0,100,16.28,0.2544,404.3,200,1,0,0.3725,1,1,1,1,1,1,1,4,4,-1,[ OK ]
361.4,4/13/2026 8:13:21 PM,2889,102.9,0.1472,120.3,0.4028,0.5185,1.521,0,0,0,100,16.28,0.2554,404,200,1,0,0.3666,1,1,1,1,1,1,1,4,4,-1,[ OK ]
361.9,4/13/2026 8:13:22 PM,2889,102.9,0.1472,120.2,0.4045,0.5179,1.528,0,0,0,100,16.28,0.2559,404.4,200,1,0,0.3726,1,1,1,1,1,1,1,4,4,-1,[ OK ]
362.5,4/13/2026 8:13:22 PM,2890,102.9,0.1472,120.2,0.4082,0.5175,1.532,0,0,0,100,16.28,0.2549,404.2,200,1,0,0.3656,1,1,1,1,1,1,1,4,4,-1,[ OK ]
363.2,4/13/2026 8:13:23 PM,2890,102.9,0.1472,120.1,0.4074,0.5183,1.524,0,0,0,100,16.28,0.2571,403.8,200,1,0,0.3654,1,1,1,1,1,1,1,4,4,-1,[ OK ]
363.7,4/13/2026 8:13:24 PM,2891,102.9,0.1472,120.1,0.4045,0.5176,1.53,0,0,0,100,16.28,0.2542,404,200,1,0,0.3668,1,1,1,1,1,1,1,4,4,-1,[ OK ]
364.4,4/13/2026 8:13:24 PM,2892,102.9,0.1475,119.3,0.4045,0.5178,1.528,0,0,0,100,16.28,0.2544,404.2,200,1,0,0.3591,1,1,1,1,1,1,1,4,4,-1,[ OK ]
365.0,4/13/2026 8:13:25 PM,2892,102.9,0.1472,120.3,0.4043,0.5183,1.522,0,0,0,100,16.28,0.2557,404.3,200,1,0,0.359,1,1,1,1,1,1,1,4,4,-1,[ OK ]
365.7,4/13/2026 8:13:25 PM,2893,102.9,0.1473,119.7,0.4098,0.5179,1.527,0,0,0,100,16.28,0.2552,404.2,200,1,0,0.3657,1,1,1,1,1,1,1,4,4,-1,[ OK ]
366.3,4/13/2026 8:13:26 PM,2893,102.9,0.1471,120.7,0.4093,0.518,1.525,0,0,0,100,16.28,0.2565,404.1,200,1,0,0.3703,1,1,1,1,1,1,1,4,4,-1,[ OK ]
366.8,4/13/2026 8:13:27 PM,2894,102.9,0.1471,120.4,0.4085,0.5176,1.531,0,0,0,100,16.28,0.2577,403.8,200,1,0,0.365,1,1,1,1,1,1,1,4,4,-1,[ OK ]
367.4,4/13/2026 8:13:27 PM,2895,102.9,0.1472,120,0.4069,0.5179,1.526,0,0,0,100,16.28,0.256,404,200,1,0,0.3677,1,1,1,1,1,1,1,4,4,-1,[ OK ]
368.1,4/13/2026 8:13:28 PM,2895,102.9,0.1472,120.2,0.4051,0.5182,1.524,0,0,0,100,16.28,0.2546,404.1,200,1,0,0.3767,1,1,1,1,1,1,1,4,4,-1,[ OK ]
368.8,4/13/2026 8:13:29 PM,2896,102.9,0.1472,120.2,0.405,0.5179,1.528,0,0,0,100,16.28,0.2562,404.1,200,1,0,0.3718,1,1,1,1,1,1,1,4,4,-1,[ OK ]
369.3,4/13/2026 8:13:29 PM,2896,102.9,0.1473,119.9,0.4006,0.5177,1.528,0,0,0,100,16.28,0.257,404.2,200,1,0,0.3655,1,1,1,1,1,1,1,4,4,-1,[ OK ]
369.8,4/13/2026 8:13:30 PM,2897,102.9,0.1472,120.1,0.4042,0.5181,1.525,0,0,0,100,16.28,0.2555,404,200,1,0,0.3732,1,1,1,1,1,1,1,4,4,-1,[ OK ]
370.4,4/13/2026 8:13:30 PM,2898,102.9,0.1473,119.8,0.4124,0.5182,1.522,0,0,0,100,16.28,0.2559,404,200,1,0,0.3522,1,1,1,1,1,1,1,4,4,-1,[ OK ]
371.0,4/13/2026 8:13:31 PM,2898,102.9,0.1473,119.8,0.4028,0.5176,1.529,0,0,0,100,16.28,0.2562,404.3,200,1,0,0.3566,1,1,1,1,1,1,1,4,4,-1,[ OK ]
371.9,4/13/2026 8:13:32 PM,2899,102.9,0.147,120.8,0.4033,0.5185,1.519,0,0,0,100,16.28,0.2547,403.9,200,1,0,0.3682,1,1,1,1,1,1,1,4,4,-1,[ OK ]
372.5,4/13/2026 8:13:32 PM,2900,102.9,0.1475,119.4,0.4037,0.5181,1.524,0,0,0,100,16.28,0.2551,404.2,200,1,0,0.3546,1,1,1,1,1,1,1,4,4,-1,[ OK ]
373.1,4/13/2026 8:13:33 PM,2900,102.9,0.1474,119.5,0.4066,0.5184,1.521,0,0,0,100,16.28,0.2578,404,200,1,0,0.3573,1,1,1,1,1,1,1,4,4,-1,[ OK ]
373.7,4/13/2026 8:13:34 PM,2901,102.9,0.1474,119.7,0.3965,0.5176,1.529,0,0,0,100,16.28,0.254,404.2,200,1,0,0.3647,1,1,1,1,1,1,1,4,4,-1,[ OK ]
374.4,4/13/2026 8:13:34 PM,2902,102.9,0.1473,120,0.4004,0.5179,1.528,0,0,0,100,16.28,0.2557,404,200,1,0,0.3732,1,1,1,1,1,1,1,4,4,-1,[ OK ]
374.8,4/13/2026 8:13:35 PM,2902,102.9,0.1471,120.5,0.4074,0.5175,1.533,0,0,0,100,16.28,0.2578,403.9,200,1,0,0.3565,1,1,1,1,1,1,1,4,4,-1,[ OK ]
375.3,4/13/2026 8:13:35 PM,2903,102.9,0.1473,120,0.403,0.5184,1.522,0,0,0,100,16.28,0.2566,404.1,200,1,0,0.3689,1,1,1,1,1,1,1,4,4,-1,[ OK ]
375.8,4/13/2026 8:13:36 PM,2903,102.9,0.1473,119.9,0.3982,0.5179,1.528,0,0,0,100,16.28,0.2575,403.8,200,1,0,0.3612,1,1,1,1,1,1,1,4,4,-1,[ OK ]
376.4,4/13/2026 8:13:36 PM,2904,102.9,0.1473,119.8,0.4069,0.5176,1.533,0,0,0,100,16.28,0.2558,404.3,200,1,0,0.3587,1,1,1,1,1,1,1,4,4,-1,[ OK ]
377.0,4/13/2026 8:13:37 PM,2904,102.9,0.1473,119.9,0.3997,0.5179,1.528,0,0,0,100,16.28,0.2562,404.1,200,1,0,0.3549,1,1,1,1,1,1,1,4,4,-1,[ OK ]
377.6,4/13/2026 8:13:37 PM,2905,102.9,0.1472,120.1,0.4085,0.5178,1.53,0,0,0,100,16.28,0.2557,404.2,200,1,0,0.3779,1,1,1,1,1,1,1,4,4,-1,[ OK ]
378.1,4/13/2026 8:13:38 PM,2905,102.9,0.1472,120.2,0.399,0.5181,1.527,0,0,0,100,16.28,0.2556,403.9,200,1,0,0.3634,1,1,1,1,1,1,1,4,4,-1,[ OK ]
378.6,4/13/2026 8:13:38 PM,2906,102.9,0.1472,120,0.4037,0.5177,1.53,0,0,0,100,16.28,0.2564,404,200,1,0,0.3643,1,1,1,1,1,1,1,4,4,-1,[ OK ]
379.2,4/13/2026 8:13:39 PM,2906,102.9,0.1472,120.2,0.4034,0.518,1.527,0,0,0,100,16.28,0.2592,403.9,200,1,0,0.3596,1,1,1,1,1,1,1,4,4,-1,[ OK ]
379.8,4/13/2026 8:13:40 PM,2907,102.9,0.1473,119.8,0.4005,0.5175,1.533,0,0,0,100,16.28,0.2561,404.3,200,1,0,0.3711,1,1,1,1,1,1,1,4,4,-1,[ OK ]
380.3,4/13/2026 8:13:40 PM,2907,102.9,0.1472,120.1,0.4004,0.5181,1.525,0,0,0,100,16.28,0.2568,403.9,200,1,0,0.3598,1,1,1,1,1,1,1,4,4,-1,[ OK ]
380.8,4/13/2026 8:13:41 PM,2908,102.9,0.1472,120.2,0.4063,0.5182,1.524,0,0,0,100,16.28,0.2558,404.2,200,1,0,0.3676,1,1,1,1,1,1,1,4,4,-1,[ OK ]
381.4,4/13/2026 8:13:41 PM,2909,102.9,0.1473,120,0.399,0.5178,1.529,0,0,0,100,16.28,0.2561,403.8,200,1,0,0.3645,1,1,1,1,1,1,1,4,4,-1,[ OK ]
381.9,4/13/2026 8:13:42 PM,2909,102.9,0.1471,120.5,0.4044,0.5182,1.524,0,0,0,100,16.28,0.2559,404.3,200,1,0,0.3638,1,1,1,1,1,1,1,4,4,-1,[ OK ]
382.6,4/13/2026 8:13:42 PM,2910,102.9,0.1474,119.7,0.4016,0.5176,1.532,0,0,0,100,16.28,0.2563,404.2,200,1,0,0.3652,1,1,1,1,1,1,1,4,4,-1,[ OK ]
383.1,4/13/2026 8:13:43 PM,2910,102.9,0.1472,120.1,0.4092,0.5173,1.536,0,0,0,100,16.28,0.2578,404.3,200,1,0,0.3523,1,1,1,1,1,1,1,4,4,-1,[ OK ]
383.7,4/13/2026 8:13:44 PM,2911,102.9,0.1473,119.7,0.4029,0.5171,1.538,0,0,0,100,16.28,0.256,404,200,1,0,0.3747,1,1,1,1,1,1,1,4,4,-1,[ OK ]
384.4,4/13/2026 8:13:44 PM,2912,102.9,0.1474,119.4,0.4068,0.5181,1.528,0,0,0,100,16.28,0.2554,404.2,200,1,0,0.3726,1,1,1,1,1,1,1,4,4,-1,[ OK ]
385.0,4/13/2026 8:13:45 PM,2912,102.9,0.1473,119.7,0.4095,0.5178,1.531,0,0,0,100,16.28,0.257,404,200,1,0,0.3618,1,1,1,1,1,1,1,4,4,-1,[ OK ]
385.6,4/13/2026 8:13:45 PM,2913,102.9,0.1475,119.3,0.3969,0.5178,1.531,0,0,0,100,16.28,0.2578,404.3,200,1,0,0.3676,1,1,1,1,1,1,1,4,4,-1,[ OK ]
386.1,4/13/2026 8:13:46 PM,2913,102.9,0.1473,120,0.3997,0.5185,1.524,0,0,0,100,16.28,0.2568,404,200,1,0,0.3687,1,1,1,1,1,1,1,4,4,-1,[ OK ]
386.6,4/13/2026 8:13:46 PM,2914,102.9,0.1473,119.9,0.4037,0.5186,1.522,0,0,0,100,16.28,0.2557,404,200,1,0,0.3567,1,1,1,1,1,1,1,4,4,-1,[ OK ]
387.1,4/13/2026 8:13:47 PM,2914,102.9,0.1471,120.6,0.4044,0.5181,1.527,0,0,0,100,16.28,0.2564,403.9,200,1,0,0.3584,1,1,1,1,1,1,1,4,4,-1,[ OK ]
387.8,4/13/2026 8:13:48 PM,2915,102.9,0.1473,119.8,0.4107,0.5182,1.526,0,0,0,100,16.28,0.2539,403.9,200,1,0,0.3694,1,1,1,1,1,1,1,4,4,-1,[ OK ]
388.3,4/13/2026 8:13:48 PM,2915,102.9,0.1474,119.9,0.4037,0.5176,1.533,0,0,0,100,16.28,0.2566,404.3,200,1,0,0.355,1,1,1,1,1,1,1,4,4,-1,[ OK ]
388.8,4/13/2026 8:13:49 PM,2916,102.9,0.1474,119.8,0.3986,0.5181,1.528,0,0,0,100,16.28,0.2564,404.3,200,1,0,0.3617,1,1,1,1,1,1,1,4,4,-1,[ OK ]
389.3,4/13/2026 8:13:49 PM,2917,102.9,0.1475,119.2,0.4067,0.5178,1.53,0,0,0,100,16.28,0.2581,403.9,200,1,0,0.3733,1,1,1,1,1,1,1,4,4,-1,[ OK ]
389.8,4/13/2026 8:13:50 PM,2917,102.9,0.1474,119.7,0.4064,0.5178,1.53,0,0,0,100,16.28,0.2567,404,200,1,0,0.3607,1,1,1,1,1,1,1,4,4,-1,[ OK ]
390.4,4/13/2026 8:13:50 PM,2918,102.9,0.1475,119.3,0.4103,0.5182,1.526,0,0,0,100,16.28,0.2568,403.8,200,1,0,0.3693,1,1,1,1,1,1,1,4,4,-1,[ OK ]
390.9,4/13/2026 8:13:51 PM,2918,102.9,0.1473,119.9,0.4007,0.5176,1.531,0,0,0,100,16.28,0.2562,404.2,200,1,0,0.3634,1,1,1,1,1,1,1,4,4,-1,[ OK ]
391.3,4/13/2026 8:13:51 PM,2919,102.9,0.1472,120.1,0.3993,0.5183,1.525,0,0,0,100,16.28,0.2556,404,200,1,0,0.3648,1,1,1,1,1,1,1,4,4,-1,[ OK ]
391.8,4/13/2026 8:13:52 PM,2919,102.9,0.1471,120.6,0.4087,0.5177,1.532,0,0,0,100,16.28,0.259,404,200,1,0,0.3507,1,1,1,1,1,1,1,4,4,-1,[ OK ]
392.3,4/13/2026 8:13:52 PM,2920,102.9,0.1473,119.9,0.4105,0.5186,1.523,0,0,0,100,16.28,0.2568,404,200,1,0,0.3691,1,1,1,1,1,1,1,4,4,-1,[ OK ]
393.0,4/13/2026 8:13:53 PM,2920,102.9,0.1475,119.5,0.3989,0.5182,1.527,0,0,0,100,16.28,0.2563,403.9,200,1,0,0.3668,1,1,1,1,1,1,1,4,4,-1,[ OK ]
393.5,4/13/2026 8:13:53 PM,2921,102.9,0.1476,119.3,0.3989,0.5183,1.526,0,0,0,100,16.28,0.2555,403.9,200,1,0,0.3713,1,1,1,1,1,1,1,4,4,-1,[ OK ]
394.0,4/13/2026 8:13:54 PM,2921,102.9,0.1474,119.8,0.4043,0.5177,1.531,0,0,0,100,16.28,0.2566,404,200,1,0,0.3704,1,1,1,1,1,1,1,4,4,-1,[ OK ]
394.4,4/13/2026 8:13:54 PM,2922,102.9,0.1471,120.9,0.4039,0.5172,1.537,0,0,0,100,16.28,0.2569,404,200,1,0,0.371,1,1,1,1,1,1,1,4,4,-1,[ OK ]
395.0,4/13/2026 8:13:55 PM,2922,102.9,0.1472,120.4,0.3988,0.5183,1.525,0,0,0,100,16.28,0.2594,403.8,200,1,0,0.3514,1,1,1,1,1,1,1,4,4,-1,[ OK ]
395.7,4/13/2026 8:13:55 PM,2923,102.9,0.1473,120.1,0.4018,0.5181,1.528,0,0,0,100,16.28,0.2557,403.9,200,1,0,0.36,1,1,1,1,1,1,1,4,4,-1,[ OK ]
396.3,4/13/2026 8:13:56 PM,2923,102.9,0.1474,119.9,0.4077,0.5178,1.53,0,0,0,100,16.28,0.2577,404,200,1,0,0.365,1,1,1,1,1,1,1,4,4,-1,[ OK ]
396.9,4/13/2026 8:13:57 PM,2924,102.9,0.1475,119.6,0.403,0.518,1.528,0,0,0,100,16.28,0.2565,404.1,200,1,0,0.3699,1,1,1,1,1,1,1,4,4,-1,[ OK ]
397.4,4/13/2026 8:13:57 PM,2925,102.9,0.1479,118.3,0.4075,0.5181,1.526,0,0,0,100,16.28,0.2581,404.1,200,1,0,0.3569,1,1,1,1,1,1,1,4,4,-1,[ OK ]
398.1,4/13/2026 8:13:58 PM,2925,102.9,0.1475,119.8,0.4088,0.5181,1.527,0,0,0,100,16.28,0.2597,404.2,200,1,0,0.3597,1,1,1,1,1,1,1,4,4,-1,[ OK ]
398.7,4/13/2026 8:13:58 PM,2926,102.9,0.1474,120,0.4087,0.5177,1.531,0,0,0,100,16.28,0.2575,404.2,200,1,0,0.3745,1,1,1,1,1,1,1,4,4,-1,[ OK ]
399.3,4/13/2026 8:13:59 PM,2926,102.9,0.1474,119.9,0.4025,0.5173,1.535,0,0,0,100,16.28,0.2581,404,200,1,0,0.3642,1,1,1,1,1,1,1,4,4,-1,[ OK ]
399.9,4/13/2026 8:14:00 PM,2927,102.9,0.1476,119.5,0.4052,0.5176,1.533,0,0,0,100,16.28,0.2561,404,200,1,0,0.3764,1,1,1,1,1,1,1,4,4,-1,[ OK ]
400.5,4/13/2026 8:14:00 PM,2928,102.9,0.1474,120.1,0.4014,0.5176,1.533,0,0,0,100,16.28,0.2571,403.9,200,1,0,0.3598,1,1,1,1,1,1,1,4,4,-1,[ OK ]
401.2,4/13/2026 8:14:01 PM,2928,102.9,0.1474,120.1,0.4028,0.5182,1.527,0,0,0,100,16.28,0.2586,404,200,1,0,0.3569,1,1,1,1,1,1,1,4,4,-1,[ OK ]
401.8,4/13/2026 8:14:02 PM,2929,102.9,0.1475,120,0.4022,0.5179,1.53,0,0,0,100,16.28,0.2589,404,200,1,0,0.36,1,1,1,1,1,1,1,4,4,-1,[ OK ]
402.4,4/13/2026 8:14:02 PM,2930,102.9,0.1475,119.7,0.4013,0.5183,1.526,0,0,0,100,16.28,0.2583,403.7,200,1,0,0.3671,1,1,1,1,1,1,1,4,4,-1,[ OK ]
402.9,4/13/2026 8:14:03 PM,2930,102.9,0.1476,119.4,0.4103,0.5179,1.529,0,0,0,100,16.28,0.2588,404.3,200,1,0,0.3603,1,1,1,1,1,1,1,4,4,-1,[ OK ]
403.5,4/13/2026 8:14:03 PM,2931,102.9,0.1475,119.7,0.4076,0.5184,1.525,0,0,0,100,16.28,0.2568,404,200,1,0,0.3624,1,1,1,1,1,1,1,4,4,-1,[ OK ]
404.1,4/13/2026 8:14:04 PM,2931,102.9,0.1475,120.1,0.4012,0.5181,1.528,0,0,0,100,16.28,0.2604,404.2,200,1,0,0.3629,1,1,1,1,1,1,1,4,4,-1,[ OK ]
404.7,4/13/2026 8:14:04 PM,2932,102.9,0.1474,120.2,0.4025,0.5184,1.525,0,0,0,100,16.28,0.2578,404.1,200,1,0,0.3577,1,1,1,1,1,1,1,4,4,-1,[ OK ]
405.2,4/13/2026 8:14:05 PM,2932,102.9,0.1473,120.5,0.4087,0.5178,1.532,0,0,0,100,16.28,0.2589,403.9,200,1,0,0.3658,1,1,1,1,1,1,1,4,4,-1,[ OK ]
405.8,4/13/2026 8:14:06 PM,2933,102.9,0.1474,120.1,0.4033,0.5185,1.523,0,0,0,100,16.28,0.2558,404,200,1,0,0.3839,1,1,1,1,1,1,1,4,4,-1,[ OK ]
406.4,4/13/2026 8:14:06 PM,2934,102.9,0.1475,119.7,0.4121,0.5182,1.527,0,0,0,100,16.28,0.2556,404,200,1,0,0.3726,1,1,1,1,1,1,1,4,4,-1,[ OK ]
407.1,4/13/2026 8:14:07 PM,2934,102.9,0.1474,120.2,0.4089,0.5175,1.534,0,0,0,100,16.28,0.2572,404.1,200,1,0,0.3738,1,1,1,1,1,1,1,4,4,-1,[ OK ]
407.7,4/13/2026 8:14:08 PM,2935,102.9,0.1474,120.1,0.4076,0.5184,1.523,0,0,0,100,16.28,0.2577,404.1,200,1,0,0.3671,1,1,1,1,1,1,1,4,4,-1,[ OK ]
408.3,4/13/2026 8:14:08 PM,2936,102.9,0.1474,120.1,0.4052,0.5185,1.522,0,0,0,100,16.28,0.2561,404.2,200,1,0,0.36,1,1,1,1,1,1,1,4,4,-1,[ OK ]
408.8,4/13/2026 8:14:09 PM,2936,102.9,0.1475,120.1,0.402,0.5174,1.534,0,0,0,100,16.28,0.2573,403.9,200,1,0,0.3783,1,1,1,1,1,1,1,4,4,-1,[ OK ]
409.5,4/13/2026 8:14:09 PM,2937,102.9,0.1475,120.1,0.412,0.5181,1.526,0,0,0,100,16.28,0.2562,404.3,200,1,0,0.3818,1,1,1,1,1,1,1,4,4,-1,[ OK ]
410.1,4/13/2026 8:14:10 PM,2937,102.9,0.1478,119.2,0.4109,0.5186,1.521,0,0,0,100,16.28,0.2573,403.9,200,1,0,0.3623,1,1,1,1,1,1,1,4,4,-1,[ OK ]
410.7,4/13/2026 8:14:11 PM,2938,102.9,0.1475,120.2,0.4074,0.5181,1.526,0,0,0,100,16.28,0.2559,404,200,1,0,0.3733,1,1,1,1,1,1,1,4,4,-1,[ OK ]
411.2,4/13/2026 8:14:11 PM,2938,102.9,0.1476,119.8,0.4077,0.5174,1.534,0,0,0,100,16.28,0.2557,404.2,200,1,0,0.3634,1,1,1,1,1,1,1,4,4,-1,[ OK ]
411.8,4/13/2026 8:14:12 PM,2939,102.9,0.1475,120.2,0.4094,0.5172,1.537,0,0,0,100,16.28,0.2578,404,200,1,0,0.3706,1,1,1,1,1,1,1,4,4,-1,[ OK ]
412.5,4/13/2026 8:14:12 PM,2940,102.9,0.1474,120.7,0.4043,0.5178,1.53,0,0,0,100,16.28,0.2597,404,200,1,0,0.3648,1,1,1,1,1,1,1,4,4,-1,[ OK ]
413.1,4/13/2026 8:14:13 PM,2940,102.9,0.1476,119.9,0.4093,0.518,1.528,0,0,0,100,16.28,0.2566,403.9,200,1,0,0.3809,1,1,1,1,1,1,1,4,4,-1,[ OK ]
413.8,4/13/2026 8:14:14 PM,2941,102.9,0.1476,119.7,0.4124,0.5176,1.532,0,0,0,100,16.28,0.2602,404.1,200,1,0,0.3663,1,1,1,1,1,1,1,4,4,-1,[ OK ]
414.4,4/13/2026 8:14:14 PM,2942,102.9,0.1476,119.8,0.3981,0.5184,1.523,0,0,0,100,16.28,0.2581,404.1,200,1,0,0.367,1,1,1,1,1,1,1,4,4,-1,[ OK ]
415.1,4/13/2026 8:14:15 PM,2942,102.9,0.1475,120,0.4016,0.5173,1.535,0,0,0,100,16.28,0.2589,404.1,200,1,0,0.3596,1,1,1,1,1,1,1,4,4,-1,[ OK ]
415.6,4/13/2026 8:14:15 PM,2943,102.9,0.1475,119.9,0.4013,0.5181,1.526,0,0,0,100,16.28,0.2615,404.2,200,1,0,0.3543,1,1,1,1,1,1,1,4,4,-1,[ OK ]
416.1,4/13/2026 8:14:16 PM,2943,102.9,0.1476,119.9,0.3936,0.5174,1.535,0,0,0,100,16.28,0.2572,404.2,200,1,0,0.3591,1,1,1,1,1,1,1,4,4,-1,[ OK ]
416.6,4/13/2026 8:14:16 PM,2944,102.9,0.1476,119.7,0.408,0.5184,1.523,0,0,0,100,16.28,0.2572,404.2,200,1,0,0.377,1,1,1,1,1,1,1,4,4,-1,[ OK ]
417.2,4/13/2026 8:14:17 PM,2944,102.9,0.1476,119.9,0.4016,0.5174,1.534,0,0,0,100,16.28,0.2599,403.9,200,1,0,0.3674,1,1,1,1,1,1,1,4,4,-1,[ OK ]
417.9,4/13/2026 8:14:18 PM,2945,102.9,0.1475,120.2,0.4127,0.5175,1.532,0,0,0,100,16.28,0.2588,403.9,200,1,0,0.3652,1,1,1,1,1,1,1,4,4,-1,[ OK ]
418.5,4/13/2026 8:14:18 PM,2946,102.9,0.1474,120.3,0.4022,0.5184,1.524,0,0,0,100,16.28,0.257,403.9,200,1,0,0.3744,1,1,1,1,1,1,1,4,4,-1,[ OK ]
419.1,4/13/2026 8:14:19 PM,2946,102.9,0.1476,119.9,0.4027,0.5178,1.529,0,0,0,100,16.28,0.2605,403.9,200,1,0,0.3555,1,1,1,1,1,1,1,4,4,-1,[ OK ]
419.6,4/13/2026 8:14:19 PM,2947,102.9,0.1477,119.5,0.4109,0.5185,1.521,0,0,0,100,16.28,0.2587,404.3,200,1,0,0.3642,1,1,1,1,1,1,1,4,4,-1,[ OK ]
420.1,4/13/2026 8:14:20 PM,2947,102.9,0.1475,119.9,0.4068,0.5182,1.525,0,0,0,100,16.28,0.2583,403.9,200,1,0,0.3692,1,1,1,1,1,1,1,4,4,-1,[ OK ]
420.7,4/13/2026 8:14:20 PM,2948,102.9,0.1476,119.7,0.4038,0.5177,1.529,0,0,0,100,16.28,0.26,403.9,200,1,0,0.3478,1,1,1,1,1,1,1,4,4,-1,[ OK ]
421.2,4/13/2026 8:14:21 PM,2948,102.9,0.1476,119.6,0.4021,0.518,1.527,0,0,0,100,16.28,0.2598,404.1,200,1,0,0.3562,1,1,1,1,1,1,1,4,4,-1,[ OK ]
421.8,4/13/2026 8:14:22 PM,2949,102.9,0.1474,120.2,0.4124,0.5176,1.531,0,0,0,100,16.28,0.259,404.3,200,1,0,0.3619,1,1,1,1,1,1,1,4,4,-1,[ OK ]
422.3,4/13/2026 8:14:22 PM,2950,102.9,0.1476,119.6,0.4042,0.5171,1.537,0,0,0,100,16.28,0.2616,403.9,200,1,0,0.3543,1,1,1,1,1,1,1,4,4,-1,[ OK ]
422.9,4/13/2026 8:14:23 PM,2950,102.9,0.1474,120.3,0.4011,0.5181,1.526,0,0,0,100,16.28,0.2608,404,200,1,0,0.358,1,1,1,1,1,1,1,4,4,-1,[ OK ]
423.5,4/13/2026 8:14:23 PM,2951,102.9,0.1475,120.2,0.4084,0.5183,1.524,0,0,0,100,16.28,0.2617,404,200,1,0,0.3653,1,1,1,1,1,1,1,4,4,-1,[ OK ]
424.0,4/13/2026 8:14:24 PM,2951,102.9,0.1477,119.4,0.4028,0.5176,1.531,0,0,0,100,16.28,0.2614,404,200,1,0,0.3587,1,1,1,1,1,1,1,4,4,-1,[ OK ]
424.6,4/13/2026 8:14:24 PM,2952,102.9,0.1476,119.5,0.4066,0.5175,1.533,0,0,0,100,16.28,0.2608,404,200,1,0,0.3514,1,1,1,1,1,1,1,4,4,-1,[ OK ]
425.2,4/13/2026 8:14:25 PM,2952,102.9,0.1473,120.4,0.407,0.5172,1.536,0,0,0,100,16.28,0.2597,404.2,200,1,0,0.3499,1,1,1,1,1,1,1,4,4,-1,[ OK ]
425.8,4/13/2026 8:14:26 PM,2953,102.9,0.1474,120.1,0.4017,0.5179,1.529,0,0,0,100,16.28,0.2597,404,200,1,0,0.3678,1,1,1,1,1,1,1,4,4,-1,[ OK ]
426.5,4/13/2026 8:14:26 PM,2954,102.9,0.1477,119.1,0.4061,0.5176,1.531,0,0,0,100,16.28,0.2606,404.1,200,1,0,0.3534,1,1,1,1,1,1,1,4,4,-1,[ OK ]
427.1,4/13/2026 8:14:27 PM,2954,102.9,0.1475,119.8,0.4093,0.5182,1.526,0,0,0,100,16.28,0.2607,404.3,200,1,0,0.3542,1,1,1,1,1,1,1,4,4,-1,[ OK ]
427.7,4/13/2026 8:14:28 PM,2955,102.9,0.1476,119.4,0.4055,0.5184,1.524,0,0,0,100,16.28,0.2588,403.9,200,1,0,0.3592,1,1,1,1,1,1,1,4,4,-1,[ OK ]
428.2,4/13/2026 8:14:28 PM,2955,102.9,0.1477,119.4,0.4076,0.5175,1.534,0,0,0,100,16.28,0.2594,404,200,1,0,0.3579,1,1,1,1,1,1,1,4,4,-1,[ OK ]
428.8,4/13/2026 8:14:29 PM,2956,102.9,0.1476,119.5,0.4001,0.5177,1.531,0,0,0,100,16.28,0.2592,404.2,200,1,0,0.3579,1,1,1,1,1,1,1,4,4,-1,[ OK ]
429.2,4/13/2026 8:14:29 PM,2956,102.9,0.1474,120.3,0.4113,0.5184,1.524,0,0,0,100,16.28,0.259,403.8,200,1,0,0.3717,1,1,1,1,1,1,1,4,4,-1,[ OK ]
429.8,4/13/2026 8:14:30 PM,2957,102.9,0.1475,119.9,0.4085,0.5176,1.532,0,0,0,100,16.28,0.2594,404,200,1,0,0.3649,1,1,1,1,1,1,1,4,4,-1,[ OK ]
430.4,4/13/2026 8:14:30 PM,2958,102.9,0.1476,119.6,0.4125,0.518,1.526,0,0,0,100,16.28,0.2609,404.2,200,1,0,0.3576,1,1,1,1,1,1,1,4,4,-1,[ OK ]
431.0,4/13/2026 8:14:31 PM,2958,102.9,0.1473,120.5,0.4043,0.5173,1.535,0,0,0,100,16.28,0.2587,404.2,200,1,0,0.3711,1,1,1,1,1,1,1,4,4,-1,[ OK ]
431.6,4/13/2026 8:14:31 PM,2959,102.9,0.1476,119.9,0.407,0.518,1.528,0,0,0,100,16.28,0.2604,403.8,200,1,0,0.368,1,1,1,1,1,1,1,4,4,-1,[ OK ]
432.1,4/13/2026 8:14:32 PM,2959,102.9,0.1475,120.3,0.41,0.5184,1.523,0,0,0,100,16.28,0.2589,404.2,200,1,0,0.3547,1,1,1,1,1,1,1,4,4,-1,[ OK ]
432.6,4/13/2026 8:14:32 PM,2960,102.9,0.1476,120.1,0.4092,0.5177,1.531,0,0,0,100,16.28,0.2607,404.3,200,1,0,0.3551,1,1,1,1,1,1,1,4,4,-1,[ OK ]
433.1,4/13/2026 8:14:33 PM,2960,102.9,0.1476,120.1,0.4093,0.5181,1.527,0,0,0,100,16.28,0.2588,404.1,200,1,0,0.359,1,1,1,1,1,1,1,4,4,-1,[ OK ]
433.6,4/13/2026 8:14:33 PM,2961,102.9,0.1476,119.9,0.4084,0.5176,1.532,0,0,0,100,16.28,0.2621,403.9,200,1,0,0.362,1,1,1,1,1,1,1,4,4,-1,[ OK ]
434.2,4/13/2026 8:14:34 PM,2961,102.9,0.1477,119.9,0.4077,0.5181,1.527,0,0,0,100,16.28,0.2566,404.2,200,1,0,0.3739,1,1,1,1,1,1,1,4,4,-1,[ OK ]
434.8,4/13/2026 8:14:35 PM,2962,102.9,0.1477,119.6,0.4095,0.5176,1.532,0,0,0,100,16.28,0.2579,404,200,1,0,0.3712,1,1,1,1,1,1,1,4,4,-1,[ OK ]
435.5,4/13/2026 8:14:35 PM,2963,102.9,0.1477,119.9,0.4062,0.5185,1.524,0,0,0,100,16.28,0.2553,404,200,1,0,0.3642,1,1,1,1,1,1,1,4,4,-1,[ OK ]
436.0,4/13/2026 8:14:36 PM,2963,102.9,0.1474,120.8,0.4082,0.5181,1.526,0,0,0,100,16.28,0.2552,404.1,200,1,0,0.3756,1,1,1,1,1,1,1,4,4,-1,[ OK ]
436.7,4/13/2026 8:14:36 PM,2964,102.9,0.1476,120.1,0.4059,0.5178,1.53,0,0,0,100,16.28,0.2591,403.9,200,1,0,0.3688,1,1,1,1,1,1,1,4,4,-1,[ OK ]
437.2,4/13/2026 8:14:37 PM,2964,102.9,0.1474,120.6,0.4105,0.5177,1.532,0,0,0,100,16.28,0.2585,404.3,200,1,0,0.3651,1,1,1,1,1,1,1,4,4,-1,[ OK ]
437.8,4/13/2026 8:14:38 PM,2965,102.9,0.1476,120,0.4085,0.5186,1.521,0,0,0,100,16.28,0.2577,404.3,200,1,0,0.3772,1,1,1,1,1,1,1,4,4,-1,[ OK ]
438.4,4/13/2026 8:14:38 PM,2966,102.9,0.1475,120.1,0.4077,0.5178,1.53,0,0,0,100,16.28,0.2564,404.3,200,1,0,0.3746,1,1,1,1,1,1,1,4,4,-1,[ OK ]
438.9,4/13/2026 8:14:39 PM,2966,102.9,0.1476,119.9,0.4074,0.5179,1.528,0,0,0,100,16.28,0.2564,404.3,200,1,0,0.3622,1,1,1,1,1,1,1,4,4,-1,[ OK ]
439.5,4/13/2026 8:14:39 PM,2967,102.9,0.1477,119.7,0.4037,0.5174,1.533,0,0,0,100,16.28,0.2552,403.8,200,1,0,0.3741,1,1,1,1,1,1,1,4,4,-1,[ OK ]
440.1,4/13/2026 8:14:40 PM,2967,102.9,0.1478,119.2,0.4119,0.5181,1.526,0,0,0,100,16.28,0.2574,403.9,200,1,0,0.3686,1,1,1,1,1,1,1,4,4,-1,[ OK ]
440.7,4/13/2026 8:14:41 PM,2968,102.9,0.1478,119.3,0.4092,0.5181,1.525,0,0,0,100,16.28,0.2564,404.2,200,1,0,0.3744,1,1,1,1,1,1,1,4,4,-1,[ OK ]
441.3,4/13/2026 8:14:41 PM,2969,102.9,0.1477,119.6,0.4102,0.518,1.527,0,0,0,100,16.28,0.2559,403.8,200,1,0,0.3698,1,1,1,1,1,1,1,4,4,-1,[ OK ]
442.0,4/13/2026 8:14:42 PM,2969,102.9,0.1476,119.9,0.411,0.5178,1.529,0,0,0,100,16.28,0.2558,404.3,200,1,0,0.3764,1,1,1,1,1,1,1,4,4,-1,[ OK ]
442.6,4/13/2026 8:14:42 PM,2970,102.9,0.1476,119.8,0.3997,0.518,1.526,0,0,0,100,16.28,0.2535,403.8,200,1,0,0.3752,1,1,1,1,1,1,1,4,4,-1,[ OK ]
443.2,4/13/2026 8:14:43 PM,2970,102.9,0.1476,120,0.4053,0.5174,1.533,0,0,0,100,16.28,0.2565,404.2,200,1,0,0.369,1,1,1,1,1,1,1,4,4,-1,[ OK ]
443.8,4/13/2026 8:14:44 PM,2971,102.9,0.1476,120,0.4022,0.5184,1.521,0,0,0,100,16.28,0.2531,404.2,200,1,0,0.3742,1,1,1,1,1,1,1,4,4,-1,[ OK ]
444.3,4/13/2026 8:14:44 PM,2972,102.9,0.1476,120,0.4069,0.5179,1.527,0,0,0,100,16.28,0.2552,404.1,200,1,0,0.3819,1,1,1,1,1,1,1,4,4,-1,[ OK ]
444.8,4/13/2026 8:14:45 PM,2972,102.9,0.1476,120,0.4105,0.5174,1.534,0,0,0,100,16.28,0.2565,404.1,200,1,0,0.3732,1,1,1,1,1,1,1,4,4,-1,[ OK ]
445.5,4/13/2026 8:14:45 PM,2973,102.9,0.1474,120.7,0.4079,0.5188,1.518,0,0,0,100,16.28,0.2539,404.2,200,1,0,0.3854,1,1,1,1,1,1,1,4,4,-1,[ OK ]
446.0,4/13/2026 8:14:46 PM,2973,102.9,0.1476,119.9,0.4095,0.5175,1.531,0,0,0,100,16.28,0.2561,404.2,200,1,0,0.3695,1,1,1,1,1,1,1,4,4,-1,[ OK ]
446.6,4/13/2026 8:14:46 PM,2974,102.9,0.1476,119.9,0.4085,0.5176,1.53,0,0,0,100,16.28,0.2548,403.9,200,1,0,0.3794,1,1,1,1,1,1,1,4,4,-1,[ OK ]
447.2,4/13/2026 8:14:47 PM,2974,102.9,0.1478,119.3,0.4106,0.5173,1.534,0,0,0,100,16.28,0.2549,403.8,200,1,0,0.3897,1,1,1,1,1,1,1,4,4,-1,[ OK ]
447.9,4/13/2026 8:14:48 PM,2975,102.9,0.1476,119.9,0.4061,0.5178,1.528,0,0,0,100,16.28,0.2545,403.8,200,1,0,0.3792,1,1,1,1,1,1,1,4,4,-1,[ OK ]
448.5,4/13/2026 8:14:48 PM,2976,102.9,0.1477,119.7,0.4067,0.5185,1.521,0,0,0,100,16.28,0.2551,404,200,1,0,0.3693,1,1,1,1,1,1,1,4,4,-1,[ OK ]
449.1,4/13/2026 8:14:49 PM,2976,102.9,0.1477,119.5,0.408,0.5184,1.522,0,0,0,100,16.28,0.2553,404.2,200,1,0,0.3589,1,1,1,1,1,1,1,4,4,-1,[ OK ]
449.7,4/13/2026 8:14:50 PM,2977,102.9,0.1476,120,0.3992,0.5182,1.525,0,0,0,100,16.28,0.2552,404.2,200,1,0,0.3665,1,1,1,1,1,1,1,4,4,-1,[ OK ]
450.3,4/13/2026 8:14:50 PM,2978,102.9,0.1476,120,0.4046,0.5177,1.529,0,0,0,100,16.28,0.2539,403.8,200,1,0,0.3826,1,1,1,1,1,1,1,4,4,-1,[ OK ]
451.0,4/13/2026 8:14:51 PM,2978,102.9,0.1475,120.1,0.4039,0.5173,1.534,0,0,0,100,16.28,0.2563,404.1,200,1,0,0.3611,1,1,1,1,1,1,1,4,4,-1,[ OK ]
451.6,4/13/2026 8:14:51 PM,2979,102.9,0.1477,119.2,0.4047,0.5177,1.53,0,0,0,100,16.28,0.2542,404.1,200,1,0,0.3686,1,1,1,1,1,1,1,4,4,-1,[ OK ]
452.1,4/13/2026 8:14:52 PM,2979,102.9,0.1475,120.1,0.4018,0.5178,1.53,0,0,0,100,16.28,0.2565,403.9,200,1,0,0.3649,1,1,1,1,1,1,1,4,4,-1,[ OK ]
452.6,4/13/2026 8:14:52 PM,2980,102.9,0.1475,120,0.4058,0.5175,1.532,0,0,0,100,16.28,0.2549,404.1,200,1,0,0.3772,1,1,1,1,1,1,1,4,4,-1,[ OK ]
453.3,4/13/2026 8:14:53 PM,2980,102.9,0.1475,120,0.4063,0.5183,1.523,0,0,0,100,16.28,0.2557,404,200,1,0,0.3764,1,1,1,1,1,1,1,4,4,-1,[ OK ]
453.9,4/13/2026 8:14:54 PM,2981,102.9,0.1475,120,0.4076,0.5176,1.531,0,0,0,100,16.28,0.2568,404,200,1,0,0.3791,1,1,1,1,1,1,1,4,4,-1,[ OK ]
454.5,4/13/2026 8:14:54 PM,2982,102.9,0.1476,119.8,0.4157,0.5178,1.529,0,0,0,100,16.28,0.2574,404,200,1,0,0.3708,1,1,1,1,1,1,1,4,4,-1,[ OK ]
455.1,4/13/2026 8:14:55 PM,2982,102.9,0.1474,120.4,0.4137,0.5173,1.535,0,0,0,100,16.28,0.2607,404,200,1,0,0.3555,1,1,1,1,1,1,1,4,4,-1,[ OK ]
455.7,4/13/2026 8:14:56 PM,2983,102.9,0.1475,120,0.3957,0.518,1.527,0,0,0,100,16.28,0.257,404.3,200,1,0,0.3714,1,1,1,1,1,1,1,4,4,-1,[ OK ]
456.3,4/13/2026 8:14:56 PM,2984,102.9,0.1477,119.7,0.4101,0.5172,1.536,0,0,0,100,16.28,0.2576,403.9,200,1,0,0.3689,1,1,1,1,1,1,1,4,4,-1,[ OK ]
457.0,4/13/2026 8:14:57 PM,2984,102.9,0.1476,119.9,0.406,0.5179,1.529,0,0,0,100,16.28,0.2586,404.2,200,1,0,0.3705,1,1,1,1,1,1,1,4,4,-1,[ OK ]
457.6,4/13/2026 8:14:57 PM,2985,102.9,0.1476,120.1,0.408,0.5179,1.53,0,0,0,100,16.28,0.2565,404.1,200,1,0,0.3616,1,1,1,1,1,1,1,4,4,-1,[ OK ]
458.1,4/13/2026 8:14:58 PM,2985,102.9,0.1475,120.4,0.404,0.5181,1.528,0,0,0,100,16.28,0.2584,403.8,200,1,0,0.3701,1,1,1,1,1,1,1,4,4,-1,[ OK ]
458.7,4/13/2026 8:14:59 PM,2986,102.9,0.1474,121,0.4112,0.5183,1.525,0,0,0,100,16.28,0.2567,403.9,200,1,0,0.3653,1,1,1,1,1,1,1,4,4,-1,[ OK ]
459.4,4/13/2026 8:14:59 PM,2987,102.9,0.1477,119.9,0.4101,0.5181,1.526,0,0,0,100,16.28,0.2588,404.1,200,1,0,0.3703,1,1,1,1,1,1,1,4,4,-1,[ OK ]
459.9,4/13/2026 8:15:00 PM,2987,102.9,0.1476,120.3,0.4064,0.5187,1.52,0,0,0,100,16.28,0.2568,404.1,200,1,0,0.3672,1,1,1,1,1,1,1,4,4,-1,[ OK ]
460.3,4/13/2026 8:15:00 PM,2988,102.9,0.1477,119.6,0.4103,0.5177,1.531,0,0,0,100,16.28,0.2572,404.2,200,1,0,0.3726,1,1,1,1,1,1,1,4,4,-1,[ OK ]
460.9,4/13/2026 8:15:01 PM,2988,102.9,0.1476,120.3,0.4034,0.5178,1.53,0,0,0,100,16.28,0.2589,404.2,200,1,0,0.3707,1,1,1,1,1,1,1,4,4,-1,[ OK ]
461.6,4/13/2026 8:15:01 PM,2989,102.9,0.1477,120,0.4081,0.5176,1.531,0,0,0,100,16.28,0.2589,404,200,1,0,0.3673,1,1,1,1,1,1,1,4,4,-1,[ OK ]
462.2,4/13/2026 8:15:02 PM,2989,102.9,0.1477,119.9,0.4034,0.518,1.527,0,0,0,100,16.28,0.2566,404,200,1,0,0.3612,1,1,1,1,1,1,1,4,4,-1,[ OK ]
462.8,4/13/2026 8:15:03 PM,2990,102.9,0.1477,119.8,0.4111,0.5175,1.532,0,0,0,100,16.28,0.2564,404.1,200,1,0,0.3644,1,1,1,1,1,1,1,4,4,-1,[ OK ]
463.3,4/13/2026 8:15:03 PM,2991,102.9,0.1475,120.5,0.4108,0.5176,1.532,0,0,0,100,16.28,0.2582,403.8,200,1,0,0.3673,1,1,1,1,1,1,1,4,4,-1,[ OK ]
463.9,4/13/2026 8:15:04 PM,2991,102.9,0.1477,120.1,0.4082,0.5177,1.531,0,0,0,100,16.28,0.26,404,200,1,0,0.3666,1,1,1,1,1,1,1,4,4,-1,[ OK ]
464.5,4/13/2026 8:15:04 PM,2992,102.9,0.1477,120,0.4073,0.5186,1.521,0,0,0,100,16.28,0.2596,403.9,200,1,0,0.3523,1,1,1,1,1,1,1,4,4,-1,[ OK ]
465.2,4/13/2026 8:15:05 PM,2992,103,0.1477,120,0.4074,0.5178,1.53,0,0,0,100,16.28,0.256,404.3,200,1,0,0.3669,1,1,1,1,1,1,1,4,4,-1,[ OK ]
465.8,4/13/2026 8:15:06 PM,2993,103,0.1476,120.2,0.4044,0.5186,1.52,0,0,0,100,16.28,0.2577,404.1,200,1,0,0.3629,1,1,1,1,1,1,1,4,4,-1,[ OK ]
466.4,4/13/2026 8:15:06 PM,2994,103,0.1477,119.8,0.405,0.5183,1.523,0,0,0,100,16.28,0.2587,403.8,200,1,0,0.358,1,1,1,1,1,1,1,4,4,-1,[ OK ]
466.9,4/13/2026 8:15:07 PM,2994,103,0.1477,119.9,0.4151,0.5185,1.52,0,0,0,100,16.28,0.2579,404,200,1,0,0.3577,1,1,1,1,1,1,1,4,4,-1,[ OK ]
467.5,4/13/2026 8:15:07 PM,2995,103,0.1476,120.3,0.4056,0.5178,1.528,0,0,0,100,16.28,0.2571,404.3,200,1,0,0.3605,1,1,1,1,1,1,1,4,4,-1,[ OK ]
468.1,4/13/2026 8:15:08 PM,2995,103,0.1475,120.6,0.4105,0.5178,1.528,0,0,0,100,16.28,0.2573,403.9,200,1,0,0.3687,1,1,1,1,1,1,1,4,4,-1,[ OK ]
468.7,4/13/2026 8:15:09 PM,2996,103,0.1474,120.7,0.4078,0.5176,1.53,0,0,0,100,16.28,0.2569,403.7,200,1,0,0.3751,1,1,1,1,1,1,1,4,4,-1,[ OK ]
469.2,4/13/2026 8:15:09 PM,2996,103,0.1477,120.1,0.4113,0.5174,1.532,0,0,0,100,16.28,0.2562,403.9,200,1,0,0.362,1,1,1,1,1,1,1,4,4,-1,[ OK ]
469.8,4/13/2026 8:15:10 PM,2997,103,0.1476,120.3,0.4122,0.518,1.526,0,0,0,100,16.28,0.2581,404,200,1,0,0.3752,1,1,1,1,1,1,1,4,4,-1,[ OK ]
470.4,4/13/2026 8:15:10 PM,2998,103,0.1476,120.1,0.4111,0.5179,1.527,0,0,0,100,16.28,0.2594,403.8,200,1,0,0.3672,1,1,1,1,1,1,1,4,4,-1,[ OK ]
471.0,4/13/2026 8:15:11 PM,2998,103,0.1477,119.9,0.4091,0.5183,1.523,0,0,0,100,16.28,0.2571,404.1,200,1,0,0.368,1,1,1,1,1,1,1,4,4,-1,[ OK ]
471.6,4/13/2026 8:15:11 PM,2999,103,0.1476,120.2,0.4084,0.5177,1.529,0,0,0,100,16.28,0.2555,403.8,200,1,0,0.3655,1,1,1,1,1,1,1,4,4,-1,[ OK ]
472.2,4/13/2026 8:15:12 PM,2999,103,0.1475,120.7,0.4083,0.5183,1.524,0,0,0,100,16.28,0.2568,403.9,200,1,0,0.3644,1,1,1,1,1,1,1,4,4,-1,[ OK ]
472.9,4/13/2026 8:15:13 PM,3000,103,0.1478,119.8,0.4071,0.5178,1.529,0,0,0,100,16.28,0.2533,404.2,200,1,0,0.3713,1,1,1,1,1,1,1,4,4,-1,[ OK ]
473.4,4/13/2026 8:15:13 PM,3001,103,0.1477,120.1,0.4074,0.5177,1.531,0,0,0,100,16.28,0.2553,404,200,1,0,0.3767,1,1,1,1,1,1,1,4,4,-1,[ OK ]
473.9,4/13/2026 8:15:14 PM,3001,103,0.1477,120,0.4117,0.518,1.529,0,0,0,100,16.28,0.2562,404.2,200,1,0,0.3715,1,1,1,1,1,1,1,4,4,-1,[ OK ]
474.5,4/13/2026 8:15:14 PM,3002,103,0.1474,121,0.4171,0.5187,1.522,0,0,0,100,16.28,0.2564,404.2,200,1,0,0.3668,1,1,1,1,1,1,1,4,4,-1,[ OK ]
475.1,4/13/2026 8:15:15 PM,3002,103,0.1481,118.9,0.4125,0.5173,1.536,0,0,0,100,16.28,0.2571,403.9,200,1,0,0.3837,1,1,1,1,1,1,1,4,4,-1,[ OK ]
475.7,4/13/2026 8:15:15 PM,3003,103,0.1475,120.8,0.4129,0.5178,1.53,0,0,0,100,16.28,0.2555,404.1,200,1,0,0.3852,1,1,1,1,1,1,1,4,4,-1,[ OK ]
476.3,4/13/2026 8:15:16 PM,3003,103,0.1477,120.1,0.415,0.5176,1.532,0,0,0,100,16.28,0.2523,404.1,200,1,0,0.3804,1,1,1,1,1,1,1,4,4,-1,[ OK ]
476.9,4/13/2026 8:15:17 PM,3004,103,0.1479,119.6,0.4061,0.518,1.528,0,0,0,100,16.28,0.2513,404.1,200,1,0,0.3963,1,1,1,1,1,1,1,4,4,-1,[ OK ]
477.5,4/13/2026 8:15:17 PM,3005,103,0.1477,120.2,0.4171,0.5181,1.527,0,0,0,100,16.28,0.2544,404,200,1,0,0.3881,1,1,1,1,1,1,1,4,4,-1,[ OK ]
478.1,4/13/2026 8:15:18 PM,3005,103,0.1476,120.5,0.4141,0.5185,1.522,0,0,0,100,16.28,0.2529,403.8,200,1,0,0.3946,1,1,1,1,1,1,1,4,4,-1,[ OK ]
478.8,4/13/2026 8:15:19 PM,3006,103,0.1481,119,0.4085,0.518,1.527,0,0,0,100,16.28,0.2523,404.1,200,1,0,0.3923,1,1,1,1,1,1,1,4,4,-1,[ OK ]
479.4,4/13/2026 8:15:19 PM,3007,103,0.1479,119.9,0.4122,0.5188,1.519,0,0,0,100,16.28,0.255,404.2,200,1,0,0.3926,1,1,1,1,1,1,1,4,4,-1,[ OK ]
480.0,4/13/2026 8:15:20 PM,3007,103,0.148,119.7,0.413,0.518,1.528,0,0,0,100,16.28,0.2544,404.1,200,1,0,0.3898,1,1,1,1,1,1,1,4,4,-1,[ OK ]
480.6,4/13/2026 8:15:20 PM,3008,103,0.1481,119.3,0.4215,0.5174,1.534,0,0,0,100,16.28,0.2527,404.3,200,1,0,0.3819,1,1,1,1,1,1,1,4,4,-1,[ OK ]
481.2,4/13/2026 8:15:21 PM,3008,103,0.1478,120.2,0.408,0.5176,1.531,0,0,0,100,16.28,0.2535,403.8,200,1,0,0.3904,1,1,1,1,1,1,1,4,4,-1,[ OK ]
482.0,4/13/2026 8:15:22 PM,3009,103,0.148,119.9,0.4086,0.5179,1.528,0,0,0,100,16.28,0.2552,404.2,200,1,0,0.3742,1,1,1,1,1,1,1,4,4,-1,[ OK ]
482.6,4/13/2026 8:15:22 PM,3010,103,0.1479,120.2,0.4157,0.5177,1.53,0,0,0,100,16.28,0.256,404.2,200,1,0,0.3783,1,1,1,1,1,1,1,4,4,-1,[ OK ]
483.1,4/13/2026 8:15:23 PM,3010,103,0.1479,119.8,0.4179,0.5173,1.534,0,0,0,100,16.28,0.255,403.9,200,1,0,0.3819,1,1,1,1,1,1,1,4,4,-1,[ OK ]
483.6,4/13/2026 8:15:23 PM,3011,103,0.1478,120.2,0.4071,0.5181,1.527,0,0,0,100,16.28,0.2562,403.9,200,1,0,0.3785,1,1,1,1,1,1,1,4,4,-1,[ OK ]
484.2,4/13/2026 8:15:24 PM,3011,103,0.1478,120.2,0.4155,0.5178,1.531,0,0,0,100,16.28,0.2552,404.2,200,1,0,0.388,1,1,1,1,1,1,1,4,4,-1,[ OK ]
484.8,4/13/2026 8:15:25 PM,3012,103,0.1479,119.9,0.4123,0.5171,1.538,0,0,0,100,16.28,0.2547,404.2,200,1,0,0.3711,1,1,1,1,1,1,1,4,4,-1,[ OK ]
485.3,4/13/2026 8:15:25 PM,3013,103,0.1479,120,0.4068,0.5184,1.523,0,0,0,100,16.28,0.2585,404.1,200,1,0,0.3693,1,1,1,1,1,1,1,4,4,-1,[ OK ]
485.9,4/13/2026 8:15:26 PM,3013,103,0.1479,119.7,0.4132,0.5178,1.529,0,0,0,100,16.28,0.2552,404,200,1,0,0.3795,1,1,1,1,1,1,1,4,4,-1,[ OK ]
486.4,4/13/2026 8:15:26 PM,3014,103,0.1479,119.7,0.4108,0.5183,1.525,0,0,0,100,16.28,0.2539,404.2,200,1,0,0.3756,1,1,1,1,1,1,1,4,4,-1,[ OK ]
487.0,4/13/2026 8:15:27 PM,3014,103,0.148,119.3,0.4151,0.5183,1.524,0,0,0,100,16.28,0.2583,403.9,200,1,0,0.3773,1,1,1,1,1,1,1,4,4,-1,[ OK ]
487.6,4/13/2026 8:15:27 PM,3015,103,0.1479,119.6,0.4119,0.5183,1.524,0,0,0,100,16.28,0.2568,404.3,200,1,0,0.3778,1,1,1,1,1,1,1,4,4,-1,[ OK ]
488.1,4/13/2026 8:15:28 PM,3015,103,0.1478,120,0.4118,0.5184,1.523,0,0,0,100,16.28,0.2575,404,200,1,0,0.3715,1,1,1,1,1,1,1,4,4,-1,[ OK ]
488.6,4/13/2026 8:15:28 PM,3016,103,0.1479,119.7,0.4157,0.518,1.529,0,0,0,100,16.28,0.2576,404.3,200,1,0,0.373,1,1,1,1,1,1,1,4,4,-1,[ OK ]
489.2,4/13/2026 8:15:29 PM,3016,103,0.1481,119.2,0.4074,0.518,1.527,0,0,0,100,16.28,0.2575,403.9,200,1,0,0.377,1,1,1,1,1,1,1,4,4,-1,[ OK ]
489.9,4/13/2026 8:15:30 PM,3017,103,0.1479,119.9,0.4108,0.518,1.528,0,0,0,100,16.28,0.2577,403.8,200,1,0,0.363,1,1,1,1,1,1,1,4,4,-1,[ OK ]
490.5,4/13/2026 8:15:30 PM,3018,103,0.1478,119.9,0.415,0.5179,1.53,0,0,0,100,16.28,0.2555,403.9,200,1,0,0.3772,1,1,1,1,1,1,1,4,4,-1,[ OK ]
491.1,4/13/2026 8:15:31 PM,3018,103,0.1477,120.4,0.4108,0.5177,1.531,0,0,0,100,16.28,0.2562,404.2,200,1,0,0.3643,1,1,1,1,1,1,1,4,4,-1,[ OK ]
491.7,4/13/2026 8:15:32 PM,3019,103,0.1477,120.2,0.4075,0.5174,1.535,0,0,0,100,16.28,0.2567,404.2,200,1,0,0.3724,1,1,1,1,1,1,1,4,4,-1,[ OK ]
492.4,4/13/2026 8:15:32 PM,3020,103,0.1476,120.6,0.4123,0.5177,1.531,0,0,0,100,16.28,0.2584,403.9,200,1,0,0.3774,1,1,1,1,1,1,1,4,4,-1,[ OK ]
492.9,4/13/2026 8:15:33 PM,3020,103,0.1478,120,0.4063,0.5185,1.521,0,0,0,100,16.28,0.2569,403.9,200,1,0,0.3748,1,1,1,1,1,1,1,4,4,-1,[ OK ]
493.4,4/13/2026 8:15:33 PM,3021,103,0.1479,119.7,0.414,0.5177,1.529,0,0,0,100,16.28,0.2558,403.8,200,1,0,0.3727,1,1,1,1,1,1,1,4,4,-1,[ OK ]
494.0,4/13/2026 8:15:34 PM,3021,103,0.1475,120.8,0.412,0.5173,1.534,0,0,0,100,16.28,0.2585,404.1,200,1,0,0.3647,1,1,1,1,1,1,1,4,4,-1,[ OK ]
494.6,4/13/2026 8:15:34 PM,3022,103,0.1478,119.9,0.4012,0.5179,1.529,0,0,0,100,16.28,0.2556,404.2,200,1,0,0.3751,1,1,1,1,1,1,1,4,4,-1,[ OK ]
495.2,4/13/2026 8:15:35 PM,3022,103,0.1478,119.8,0.4138,0.5181,1.526,0,0,0,100,16.28,0.2583,404.2,200,1,0,0.3737,1,1,1,1,1,1,1,4,4,-1,[ OK ]
495.8,4/13/2026 8:15:36 PM,3023,103,0.1477,120,0.4069,0.5172,1.536,0,0,0,100,16.28,0.2593,404.2,200,1,0,0.365,1,1,1,1,1,1,1,4,4,-1,[ OK ]
496.4,4/13/2026 8:15:36 PM,3024,103,0.1477,120.2,0.4122,0.5179,1.529,0,0,0,100,16.28,0.2573,403.8,200,1,0,0.3744,1,1,1,1,1,1,1,4,4,-1,[ OK ]
497.0,4/13/2026 8:15:37 PM,3024,103,0.1479,119.5,0.4075,0.5188,1.519,0,0,0,100,16.28,0.2582,404,200,1,0,0.3617,1,1,1,1,1,1,1,4,4,-1,[ OK ]
497.6,4/13/2026 8:15:37 PM,3025,103,0.1476,120.4,0.4108,0.5184,1.522,0,0,0,100,16.28,0.2587,403.9,200,1,0,0.3682,1,1,1,1,1,1,1,4,4,-1,[ OK ]
498.2,4/13/2026 8:15:38 PM,3025,103,0.148,119.2,0.4073,0.5185,1.522,0,0,0,100,16.28,0.2575,403.8,200,1,0,0.3722,1,1,1,1,1,1,1,4,4,-1,[ OK ]
498.7,4/13/2026 8:15:38 PM,3026,103,0.1478,119.7,0.41,0.5184,1.522,0,0,0,100,16.28,0.2585,404,200,1,0,0.3669,1,1,1,1,1,1,1,4,4,-1,[ OK ]
499.2,4/13/2026 8:15:39 PM,3026,103,0.1478,119.9,0.4048,0.5179,1.527,0,0,0,100,16.28,0.2593,404,200,1,0,0.3704,1,1,1,1,1,1,1,4,4,-1,[ OK ]
499.7,4/13/2026 8:15:40 PM,3027,103,0.1477,120.1,0.4131,0.5181,1.524,0,0,0,100,16.28,0.2552,404.2,200,1,0,0.3805,1,1,1,1,1,1,1,4,4,-1,[ OK ]
500.2,4/13/2026 8:15:40 PM,3027,103,0.1478,119.8,0.4069,0.5177,1.527,0,0,0,100,16.28,0.2576,403.9,200,1,0,0.3621,1,1,1,1,1,1,1,4,4,-1,[ OK ]
500.9,4/13/2026 8:15:41 PM,3028,103,0.1476,120.4,0.4092,0.5181,1.524,0,0,0,100,16.28,0.2562,404,200,1,0,0.3647,1,1,1,1,1,1,1,4,4,-1,[ OK ]
501.4,4/13/2026 8:15:41 PM,3029,103,0.1478,119.7,0.4057,0.5182,1.522,0,0,0,100,16.28,0.2555,404,200,1,0,0.3775,1,1,1,1,1,1,1,4,4,-1,[ OK ]
502.0,4/13/2026 8:15:42 PM,3029,103,0.1477,120,0.4037,0.5179,1.526,0,0,0,100,16.28,0.2562,404,200,1,0,0.3788,1,1,1,1,1,1,1,4,4,-1,[ OK ]
502.5,4/13/2026 8:15:42 PM,3030,103,0.1481,118.9,0.4034,0.5173,1.533,0,0,0,100,16.28,0.2565,404.2,200,1,0,0.3641,1,1,1,1,1,1,1,4,4,-1,[ OK ]
503.0,4/13/2026 8:15:43 PM,3030,103,0.1478,119.9,0.4103,0.5172,1.534,0,0,0,100,16.28,0.2549,404.1,200,1,0,0.3748,1,1,1,1,1,1,1,4,4,-1,[ OK ]
503.7,4/13/2026 8:15:43 PM,3031,103,0.1477,120.2,0.4107,0.518,1.526,0,0,0,100,16.28,0.2565,403.9,200,1,0,0.3635,1,1,1,1,1,1,1,4,4,-1,[ OK ]
504.3,4/13/2026 8:15:44 PM,3031,103,0.1477,120.1,0.4101,0.5173,1.534,0,0,0,100,16.28,0.2539,404.1,200,1,0,0.3762,1,1,1,1,1,1,1,4,4,-1,[ OK ]
504.9,4/13/2026 8:15:45 PM,3032,103,0.1477,120.2,0.4094,0.5186,1.521,0,0,0,100,16.28,0.2549,403.9,200,1,0,0.381,1,1,1,1,1,1,1,4,4,-1,[ OK ]
505.5,4/13/2026 8:15:45 PM,3033,103,0.1475,120.8,0.4083,0.5175,1.533,0,0,0,100,16.28,0.2546,403.8,200,1,0,0.3769,1,1,1,1,1,1,1,4,4,-1,[ OK ]
506.2,4/13/2026 8:15:46 PM,3033,103,0.1479,119.6,0.4073,0.5175,1.532,0,0,0,100,16.28,0.2566,403.8,200,1,0,0.3753,1,1,1,1,1,1,1,4,4,-1,[ OK ]
506.7,4/13/2026 8:15:46 PM,3034,103,0.1478,119.9,0.4111,0.5177,1.531,0,0,0,100,16.28,0.2551,403.8,200,1,0,0.3712,1,1,1,1,1,1,1,4,4,-1,[ OK ]
507.3,4/13/2026 8:15:47 PM,3035,103,0.1479,119.7,0.4172,0.5182,1.526,0,0,0,100,16.28,0.2562,404,200,1,0,0.3793,1,1,1,1,1,1,1,4,4,-1,[ OK ]
507.8,4/13/2026 8:15:48 PM,3035,103,0.1477,120.2,0.4105,0.5173,1.535,0,0,0,100,16.28,0.2565,403.9,200,1,0,0.3726,1,1,1,1,1,1,1,4,4,-1,[ OK ]
508.4,4/13/2026 8:15:48 PM,3036,103,0.1479,119.8,0.416,0.5181,1.526,0,0,0,100,16.28,0.2575,403.9,200,1,0,0.3664,1,1,1,1,1,1,1,4,4,-1,[ OK ]
508.9,4/13/2026 8:15:49 PM,3036,103,0.1479,119.5,0.4056,0.5182,1.524,0,0,0,100,16.28,0.2556,404.2,200,1,0,0.3732,1,1,1,1,1,1,1,4,4,-1,[ OK ]
509.4,4/13/2026 8:15:49 PM,3037,103,0.1479,119.9,0.4055,0.5179,1.527,0,0,0,100,16.28,0.2566,404.1,200,1,0,0.3825,1,1,1,1,1,1,1,4,4,-1,[ OK ]
510.0,4/13/2026 8:15:50 PM,3037,103,0.1478,120.1,0.4107,0.5175,1.531,0,0,0,100,16.28,0.26,403.9,200,1,0,0.3744,1,1,1,1,1,1,1,4,4,-1,[ OK ]
510.6,4/13/2026 8:15:50 PM,3038,103,0.148,119.4,0.4062,0.5175,1.531,0,0,0,100,16.28,0.2578,404.3,200,1,0,0.3761,1,1,1,1,1,1,1,4,4,-1,[ OK ]
511.2,4/13/2026 8:15:51 PM,3038,103,0.1477,120.4,0.4138,0.5171,1.535,0,0,0,100,16.28,0.2581,403.8,200,1,0,0.3666,1,1,1,1,1,1,1,4,4,-1,[ OK ]
511.9,4/13/2026 8:15:52 PM,3039,103,0.1478,120.2,0.4059,0.5181,1.524,0,0,0,100,16.28,0.259,404.2,200,1,0,0.3664,1,1,1,1,1,1,1,4,4,-1,[ OK ]
512.4,4/13/2026 8:15:52 PM,3040,103,0.1478,120.1,0.4138,0.5172,1.534,0,0,0,100,16.28,0.2597,404,200,1,0,0.3765,1,1,1,1,1,1,1,4,4,-1,[ OK ]
513.0,4/13/2026 8:15:53 PM,3040,103,0.1478,120,0.4096,0.5183,1.523,0,0,0,100,16.28,0.26,403.8,200,1,0,0.3667,1,1,1,1,1,1,1,4,4,-1,[ OK ]
513.6,4/13/2026 8:15:53 PM,3041,103,0.1476,120.6,0.4029,0.518,1.525,0,0,0,100,16.28,0.2567,404.2,200,1,0,0.3629,1,1,1,1,1,1,1,4,4,-1,[ OK ]
514.3,4/13/2026 8:15:54 PM,3041,103,0.1478,120.1,0.4109,0.5183,1.523,0,0,0,100,16.28,0.2597,404.2,200,1,0,0.3679,1,1,1,1,1,1,1,4,4,-1,[ OK ]
514.9,4/13/2026 8:15:55 PM,3042,103,0.1477,120.5,0.4063,0.5174,1.533,0,0,0,100,16.28,0.2591,404.1,200,1,0,0.3731,1,1,1,1,1,1,1,4,4,-1,[ OK ]
515.5,4/13/2026 8:15:55 PM,3043,103,0.1479,119.9,0.406,0.5177,1.53,0,0,0,100,16.28,0.26,403.8,200,1,0,0.3687,1,1,1,1,1,1,1,4,4,-1,[ OK ]
516.1,4/13/2026 8:15:56 PM,3043,103,0.1479,119.7,0.414,0.5179,1.527,0,0,0,100,16.28,0.2575,404.2,200,1,0,0.3728,1,1,1,1,1,1,1,4,4,-1,[ OK ]
516.7,4/13/2026 8:15:57 PM,3044,103,0.1478,120.1,0.4078,0.5178,1.528,0,0,0,100,16.28,0.2589,403.8,200,1,0,0.3725,1,1,1,1,1,1,1,4,4,-1,[ OK ]
517.4,4/13/2026 8:15:57 PM,3045,103,0.1476,120.7,0.4118,0.5185,1.521,0,0,0,100,16.28,0.2602,404.2,200,1,0,0.3506,1,1,1,1,1,1,1,4,4,-1,[ OK ]
518.0,4/13/2026 8:15:58 PM,3045,103,0.1478,120.2,0.4139,0.5179,1.526,0,0,0,100,16.28,0.2571,404.2,200,1,0,0.3782,1,1,1,1,1,1,1,4,4,-1,[ OK ]
518.6,4/13/2026 8:15:58 PM,3046,103,0.1477,120.4,0.4052,0.5185,1.52,0,0,0,100,16.28,0.2583,403.9,200,1,0,0.3629,1,1,1,1,1,1,1,4,4,-1,[ OK ]
519.1,4/13/2026 8:15:59 PM,3046,103,0.1477,120.6,0.3996,0.5171,1.536,0,0,0,100,16.28,0.2589,404.2,200,1,0,0.374,1,1,1,1,1,1,1,4,4,-1,[ OK ]
519.8,4/13/2026 8:16:00 PM,3047,103,0.1479,119.8,0.418,0.5181,1.525,0,0,0,100,16.28,0.2568,403.9,200,1,0,0.3628,1,1,1,1,1,1,1,4,4,-1,[ OK ]
520.4,4/13/2026 8:16:00 PM,3048,103,0.1479,119.9,0.4074,0.5185,1.522,0,0,0,100,16.28,0.2585,403.9,200,1,0,0.3729,1,1,1,1,1,1,1,4,4,-1,[ OK ]
521.1,4/13/2026 8:16:01 PM,3048,103,0.1479,119.9,0.4135,0.5179,1.527,0,0,0,100,16.28,0.2586,404.3,200,1,0,0.3679,1,1,1,1,1,1,1,4,4,-1,[ OK ]
521.7,4/13/2026 8:16:02 PM,3049,103,0.1478,120.2,0.4027,0.5183,1.523,0,0,0,100,16.28,0.2621,404,200,1,0,0.364,1,1,1,1,1,1,1,4,4,-1,[ OK ]
522.3,4/13/2026 8:16:02 PM,3050,103,0.148,119.7,0.4069,0.5185,1.521,0,0,0,100,16.28,0.2594,404.1,200,1,0,0.365,1,1,1,1,1,1,1,4,4,-1,[ OK ]
523.0,4/13/2026 8:16:03 PM,3050,103,0.1479,119.9,0.4063,0.5175,1.532,0,0,0,100,16.28,0.258,403.8,200,1,0,0.3616,1,1,1,1,1,1,1,4,4,-1,[ OK ]
523.5,4/13/2026 8:16:03 PM,3051,103,0.1478,120.4,0.4053,0.518,1.526,0,0,0,100,16.28,0.2609,404.2,200,1,0,0.3658,1,1,1,1,1,1,1,4,4,-1,[ OK ]
524.0,4/13/2026 8:16:04 PM,3051,103,0.1479,120.1,0.4159,0.5183,1.523,0,0,0,100,16.28,0.2602,403.9,200,1,0,0.3603,1,1,1,1,1,1,1,4,4,-1,[ OK ]
524.6,4/13/2026 8:16:04 PM,3052,103,0.1477,120.5,0.4115,0.5182,1.524,0,0,0,100,16.28,0.2582,403.8,200,1,0,0.37,1,1,1,1,1,1,1,4,4,-1,[ OK ]
525.2,4/13/2026 8:16:05 PM,3052,103,0.1478,120.2,0.4068,0.5181,1.526,0,0,0,100,16.28,0.2607,404.3,200,1,0,0.3727,1,1,1,1,1,1,1,4,4,-1,[ OK ]
525.6,4/13/2026 8:16:05 PM,3053,103,0.148,119.6,0.4114,0.5186,1.52,0,0,0,100,16.28,0.2587,404,200,1,0,0.3672,1,1,1,1,1,1,1,4,4,-1,[ OK ]
526.1,4/13/2026 8:16:06 PM,3053,103,0.1478,120.4,0.4138,0.5175,1.532,0,0,0,100,16.28,0.2578,403.8,200,1,0,0.3642,1,1,1,1,1,1,1,4,4,-1,[ OK ]
526.7,4/13/2026 8:16:07 PM,3054,103,0.1479,120.1,0.4142,0.5185,1.521,0,0,0,100,16.28,0.2586,404.2,200,1,0,0.3681,1,1,1,1,1,1,1,4,4,-1,[ OK ]
527.3,4/13/2026 8:16:07 PM,3055,103,0.1481,119.4,0.4129,0.5171,1.537,0,0,0,100,16.28,0.2591,404.1,200,1,0,0.3677,1,1,1,1,1,1,1,4,4,-1,[ OK ]
528.0,4/13/2026 8:16:08 PM,3055,103,0.1478,120.4,0.4126,0.5178,1.53,0,0,0,100,16.28,0.2581,404,200,1,0,0.3705,1,1,1,1,1,1,1,4,4,-1,[ OK ]
528.5,4/13/2026 8:16:08 PM,3056,103,0.1481,119.5,0.4105,0.5177,1.529,0,0,0,100,16.28,0.2604,404.3,200,1,0,0.3634,1,1,1,1,1,1,1,4,4,-1,[ OK ]
529.0,4/13/2026 8:16:09 PM,3056,103,0.1478,120.2,0.4152,0.518,1.526,0,0,0,100,16.28,0.2586,404.3,200,1,0,0.3777,1,1,1,1,1,1,1,4,4,-1,[ OK ]
529.5,4/13/2026 8:16:09 PM,3057,103,0.148,119.8,0.405,0.5182,1.524,0,0,0,100,16.28,0.2591,404,200,1,0,0.3737,1,1,1,1,1,1,1,4,4,-1,[ OK ]
530.1,4/13/2026 8:16:10 PM,3057,103,0.148,119.7,0.4152,0.5185,1.52,0,0,0,100,16.28,0.259,403.9,200,1,0,0.3628,1,1,1,1,1,1,1,4,4,-1,[ OK ]
530.7,4/13/2026 8:16:10 PM,3058,103,0.1481,119.7,0.4047,0.5174,1.533,0,0,0,100,16.28,0.2598,404.3,200,1,0,0.3702,1,1,1,1,1,1,1,4,4,-1,[ OK ]
531.2,4/13/2026 8:16:11 PM,3058,103,0.148,119.9,0.4115,0.5179,1.528,0,0,0,100,16.28,0.2599,404.1,200,1,0,0.3629,1,1,1,1,1,1,1,4,4,-1,[ OK ]
531.7,4/13/2026 8:16:12 PM,3059,103,0.1479,120.3,0.4103,0.5179,1.527,0,0,0,100,16.28,0.2595,403.9,200,1,0,0.3708,1,1,1,1,1,1,1,4,4,-1,[ OK ]
532.2,4/13/2026 8:16:12 PM,3059,103,0.1478,120.6,0.403,0.5179,1.527,0,0,0,100,16.28,0.2584,404,200,1,0,0.3689,1,1,1,1,1,1,1,4,4,-1,[ OK ]
532.6,4/13/2026 8:16:12 PM,3060,103,0.1479,120.4,0.4116,0.5175,1.531,0,0,0,100,16.28,0.2598,404.1,200,1,0,0.3626,1,1,1,1,1,1,1,4,4,-1,[ OK ]
533.3,4/13/2026 8:16:13 PM,3060,103,0.1479,120.4,0.4037,0.5183,1.523,0,0,0,100,16.28,0.2601,403.8,200,1,0,0.3672,1,1,1,1,1,1,1,4,4,-1,[ OK ]
533.9,4/13/2026 8:16:14 PM,3061,103,0.148,120,0.4097,0.5178,1.528,0,0,0,100,16.28,0.2604,404.1,200,1,0,0.365,1,1,1,1,1,1,1,4,4,-1,[ OK ]
534.4,4/13/2026 8:16:14 PM,3062,103,0.148,120.1,0.4038,0.5181,1.524,0,0,0,100,16.28,0.2593,404.2,200,1,0,0.3694,1,1,1,1,1,1,1,4,4,-1,[ OK ]
535.0,4/13/2026 8:16:15 PM,3062,103,0.148,120,0.4076,0.5181,1.525,0,0,0,100,16.28,0.2597,404.2,200,1,0,0.3628,1,1,1,1,1,1,1,4,4,-1,[ OK ]
535.6,4/13/2026 8:16:15 PM,3063,103,0.1478,120.6,0.4025,0.5181,1.525,0,0,0,100,16.28,0.2605,403.9,200,1,0,0.359,1,1,1,1,1,1,1,4,4,-1,[ OK ]
536.2,4/13/2026 8:16:16 PM,3063,103,0.1479,120.3,0.408,0.5177,1.529,0,0,0,100,16.28,0.2605,404,200,1,0,0.3664,1,1,1,1,1,1,1,4,4,-1,[ OK ]
536.8,4/13/2026 8:16:17 PM,3064,103,0.1479,120.3,0.4014,0.5184,1.521,0,0,0,100,16.28,0.2598,404.2,200,1,0,0.3634,1,1,1,1,1,1,1,4,4,-1,[ OK ]
537.4,4/13/2026 8:16:17 PM,3065,103,0.1478,120.4,0.4075,0.5176,1.531,0,0,0,100,16.28,0.261,404.2,200,1,0,0.3711,1,1,1,1,1,1,1,4,4,-1,[ OK ]
538.0,4/13/2026 8:16:18 PM,3065,103,0.1478,120.2,0.4111,0.5175,1.532,0,0,0,100,16.28,0.2605,403.9,200,1,0,0.3666,1,1,1,1,1,1,1,4,4,-1,[ OK ]
538.6,4/13/2026 8:16:18 PM,3066,103,0.1478,120.2,0.402,0.5174,1.533,0,0,0,100,16.28,0.2631,403.9,200,1,0,0.3513,1,1,1,1,1,1,1,4,4,-1,[ OK ]
539.3,4/13/2026 8:16:19 PM,3066,103,0.1478,120.2,0.4126,0.518,1.526,0,0,0,100,16.28,0.2617,404.2,200,1,0,0.3654,1,1,1,1,1,1,1,4,4,-1,[ OK ]
539.9,4/13/2026 8:16:20 PM,3067,103,0.1477,120.3,0.4108,0.5173,1.534,0,0,0,100,16.28,0.2595,404,200,1,0,0.3582,1,1,1,1,1,1,1,4,4,-1,[ OK ]
540.5,4/13/2026 8:16:20 PM,3068,103,0.1479,119.7,0.4045,0.5175,1.532,0,0,0,100,16.28,0.2617,404.2,200,1,0,0.3617,1,1,1,1,1,1,1,4,4,-1,[ OK ]
541.1,4/13/2026 8:16:21 PM,3068,103,0.148,119.5,0.405,0.5174,1.532,0,0,0,100,16.28,0.2597,404,200,1,0,0.3653,1,1,1,1,1,1,1,4,4,-1,[ OK ]
541.7,4/13/2026 8:16:22 PM,3069,103,0.1478,120.1,0.4093,0.5178,1.528,0,0,0,100,16.28,0.26,404.2,200,1,0,0.3656,1,1,1,1,1,1,1,4,4,-1,[ OK ]
542.4,4/13/2026 8:16:22 PM,3070,103,0.1479,119.8,0.41,0.5172,1.535,0,0,0,100,16.28,0.2604,404.2,200,1,0,0.368,1,1,1,1,1,1,1,4,4,-1,[ OK ]
543.0,4/13/2026 8:16:23 PM,3070,103,0.1478,119.9,0.4085,0.5176,1.531,0,0,0,100,16.28,0.2618,404,200,1,0,0.3552,1,1,1,1,1,1,1,4,4,-1,[ OK ]
543.5,4/13/2026 8:16:23 PM,3071,103,0.1479,119.8,0.404,0.5182,1.524,0,0,0,100,16.28,0.2617,404,200,1,0,0.3637,1,1,1,1,1,1,1,4,4,-1,[ OK ]
544.1,4/13/2026 8:16:24 PM,3071,103,0.1478,120.1,0.4035,0.5177,1.53,0,0,0,100,16.28,0.2602,403.9,200,1,0,0.3643,1,1,1,1,1,1,1,4,4,-1,[ OK ]
544.8,4/13/2026 8:16:25 PM,3072,103,0.1479,119.7,0.4064,0.5171,1.537,0,0,0,100,16.28,0.2591,404.1,200,1,0,0.3674,1,1,1,1,1,1,1,4,4,-1,[ OK ]
545.4,4/13/2026 8:16:25 PM,3073,103,0.1478,119.8,0.4155,0.5185,1.522,0,0,0,100,16.28,0.2593,404.2,200,1,0,0.3664,1,1,1,1,1,1,1,4,4,-1,[ OK ]
546.0,4/13/2026 8:16:26 PM,3073,103,0.1479,119.5,0.4139,0.5175,1.532,0,0,0,100,16.28,0.2613,404.2,200,1,0,0.358,1,1,1,1,1,1,1,4,4,-1,[ OK ]
546.5,4/13/2026 8:16:26 PM,3074,103,0.1476,120.5,0.4076,0.5172,1.535,0,0,0,100,16.28,0.2604,404.2,200,1,0,0.3695,1,1,1,1,1,1,1,4,4,-1,[ OK ]
547.1,4/13/2026 8:16:27 PM,3074,103,0.1478,119.7,0.3981,0.518,1.527,0,0,0,100,16.28,0.2609,404.1,200,1,0,0.3674,1,1,1,1,1,1,1,4,4,-1,[ OK ]
547.7,4/13/2026 8:16:27 PM,3075,103,0.1479,119.8,0.4108,0.5177,1.531,0,0,0,100,16.28,0.2598,404,200,1,0,0.3598,1,1,1,1,1,1,1,4,4,-1,[ OK ]
548.2,4/13/2026 8:16:28 PM,3075,103,0.1477,120.3,0.4044,0.5174,1.534,0,0,0,100,16.28,0.2584,404.2,200,1,0,0.358,1,1,1,1,1,1,1,4,4,-1,[ OK ]
548.7,4/13/2026 8:16:29 PM,3076,103,0.1478,120,0.4074,0.5183,1.523,0,0,0,100,16.28,0.2601,403.8,200,1,0,0.367,1,1,1,1,1,1,1,4,4,-1,[ OK ]
549.2,4/13/2026 8:16:29 PM,3076,103,0.1479,119.7,0.4068,0.5175,1.531,0,0,0,100,16.28,0.2581,404.1,200,1,0,0.3712,1,1,1,1,1,1,1,4,4,-1,[ OK ]
549.6,4/13/2026 8:16:29 PM,3077,103,0.1479,119.8,0.4072,0.5175,1.531,0,0,0,100,16.28,0.2595,404.2,200,1,0,0.3707,1,1,1,1,1,1,1,4,4,-1,[ OK ]
550.2,4/13/2026 8:16:30 PM,3077,103,0.1478,120.2,0.4055,0.5175,1.53,0,0,0,100,16.28,0.2597,403.9,200,1,0,0.3443,1,1,1,1,1,1,1,4,4,-1,[ OK ]
550.7,4/13/2026 8:16:30 PM,3078,103,0.1478,120,0.404,0.5177,1.529,0,0,0,100,16.28,0.2593,404.2,200,1,0,0.3719,1,1,1,1,1,1,1,4,4,-1,[ OK ]
551.2,4/13/2026 8:16:31 PM,3078,103,0.1478,120.1,0.4084,0.5179,1.527,0,0,0,100,16.28,0.2593,404.2,200,1,0,0.3737,1,1,1,1,1,1,1,4,4,-1,[ OK ]
551.7,4/13/2026 8:16:32 PM,3079,103,0.1479,119.8,0.4047,0.5183,1.523,0,0,0,100,16.28,0.2607,404,200,1,0,0.3685,1,1,1,1,1,1,1,4,4,-1,[ OK ]
552.1,4/13/2026 8:16:32 PM,3079,103,0.1477,120.3,0.4071,0.5176,1.531,0,0,0,100,16.28,0.2608,403.7,200,1,0,0.3545,1,1,1,1,1,1,1,4,4,-1,[ OK ]
552.7,4/13/2026 8:16:32 PM,3080,103,0.1478,120.1,0.4093,0.5179,1.527,0,0,0,100,16.28,0.2602,404,200,1,0,0.3469,1,1,1,1,1,1,1,4,4,-1,[ OK ]
553.2,4/13/2026 8:16:33 PM,3080,103,0.1479,119.8,0.412,0.5171,1.536,0,0,0,100,16.28,0.2589,404,200,1,0,0.3652,1,1,1,1,1,1,1,4,4,-1,[ OK ]
553.7,4/13/2026 8:16:34 PM,3081,103,0.1478,119.9,0.4052,0.5183,1.523,0,0,0,100,16.28,0.2591,403.8,200,1,0,0.3595,1,1,1,1,1,1,1,4,4,-1,[ OK ]
554.2,4/13/2026 8:16:34 PM,3081,103,0.1479,119.7,0.4055,0.5178,1.529,0,0,0,100,16.28,0.2585,403.8,200,1,0,0.3672,1,1,1,1,1,1,1,4,4,-1,[ OK ]
554.8,4/13/2026 8:16:35 PM,3082,103,0.1478,120.2,0.4046,0.5173,1.534,0,0,0,100,16.28,0.2597,403.9,200,1,0,0.3574,1,1,1,1,1,1,1,4,4,-1,[ OK ]
555.5,4/13/2026 8:16:35 PM,3083,103,0.1477,120.5,0.4083,0.5178,1.53,0,0,0,100,16.28,0.2598,403.8,200,1,0,0.367,1,1,1,1,1,1,1,4,4,-1,[ OK ]
556.1,4/13/2026 8:16:36 PM,3083,103,0.1478,120.1,0.4124,0.5174,1.534,0,0,0,100,16.28,0.2589,403.9,200,1,0,0.3713,1,1,1,1,1,1,1,4,4,-1,[ OK ]
556.7,4/13/2026 8:16:37 PM,3084,103,0.1478,119.9,0.4077,0.5175,1.533,0,0,0,100,16.28,0.261,403.9,200,1,0,0.3567,1,1,1,1,1,1,1,4,4,-1,[ OK ]
557.3,4/13/2026 8:16:37 PM,3085,103,0.1476,120.4,0.4065,0.5173,1.536,0,0,0,100,16.28,0.257,403.9,200,1,0,0.3665,1,1,1,1,1,1,1,4,4,-1,[ OK ]
558.0,4/13/2026 8:16:38 PM,3085,103,0.148,119.4,0.4096,0.5169,1.54,0,0,0,100,16.28,0.2561,403.8,200,1,0,0.3704,1,1,1,1,1,1,1,4,4,-1,[ OK ]
558.6,4/13/2026 8:16:38 PM,3086,103,0.1478,120.1,0.4114,0.5179,1.528,0,0,0,100,16.28,0.2551,403.9,200,1,0,0.3793,1,1,1,1,1,1,1,4,4,-1,[ OK ]
559.2,4/13/2026 8:16:39 PM,3086,103,0.1478,120.1,0.4034,0.5184,1.524,0,0,0,100,16.28,0.2578,403.9,200,1,0,0.3845,1,1,1,1,1,1,1,4,4,-1,[ OK ]
559.7,4/13/2026 8:16:40 PM,3087,103,0.1479,119.9,0.4076,0.5175,1.534,0,0,0,100,16.28,0.2581,403.9,200,1,0,0.3631,1,1,1,1,1,1,1,4,4,-1,[ OK ]
560.3,4/13/2026 8:16:40 PM,3088,103,0.1479,119.9,0.4058,0.518,1.528,0,0,0,100,16.28,0.258,404.1,200,1,0,0.3526,1,1,1,1,1,1,1,4,4,-1,[ OK ]
560.9,4/13/2026 8:16:41 PM,3088,103,0.1479,120,0.4021,0.5174,1.535,0,0,0,100,16.28,0.2604,404.1,200,1,0,0.3634,1,1,1,1,1,1,1,4,4,-1,[ OK ]
561.5,4/13/2026 8:16:41 PM,3089,103,0.1478,120.2,0.4094,0.5182,1.526,0,0,0,100,16.28,0.2601,403.8,200,1,0,0.3514,1,1,1,1,1,1,1,4,4,-1,[ OK ]
562.1,4/13/2026 8:16:42 PM,3089,103,0.148,119.6,0.4064,0.5177,1.532,0,0,0,100,16.28,0.2584,404.1,200,1,0,0.3666,1,1,1,1,1,1,1,4,4,-1,[ OK ]
562.7,4/13/2026 8:16:43 PM,3090,103,0.1478,120.2,0.4108,0.5174,1.535,0,0,0,100,16.28,0.2562,403.9,200,1,0,0.37,1,1,1,1,1,1,1,4,4,-1,[ OK ]
563.3,4/13/2026 8:16:43 PM,3091,103,0.1478,120.3,0.4065,0.5181,1.526,0,0,0,100,16.28,0.2606,403.8,200,1,0,0.3702,1,1,1,1,1,1,1,4,4,-1,[ OK ]
564.0,4/13/2026 8:16:44 PM,3091,103,0.1479,119.8,0.4068,0.5181,1.526,0,0,0,100,16.28,0.2589,404.2,200,1,0,0.3696,1,1,1,1,1,1,1,4,4,-1,[ OK ]
564.5,4/13/2026 8:16:44 PM,3092,103,0.1478,120.2,0.4095,0.518,1.527,0,0,0,100,16.28,0.2575,403.9,200,1,0,0.3713,1,1,1,1,1,1,1,4,4,-1,[ OK ]
565.1,4/13/2026 8:16:45 PM,3092,103,0.1482,118.9,0.4073,0.5181,1.526,0,0,0,100,16.28,0.2598,404.1,200,1,0,0.3707,1,1,1,1,1,1,1,4,4,-1,[ OK ]
565.6,4/13/2026 8:16:45 PM,3093,103,0.1478,120.1,0.4036,0.5187,1.519,0,0,0,100,16.28,0.2558,403.8,200,1,0,0.3692,1,1,1,1,1,1,1,4,4,-1,[ OK ]
566.2,4/13/2026 8:16:46 PM,3093,103,0.148,119.5,0.4076,0.5186,1.521,0,0,0,100,16.28,0.2583,404.2,200,1,0,0.3702,1,1,1,1,1,1,1,4,4,-1,[ OK ]
566.8,4/13/2026 8:16:47 PM,3094,103,0.1479,120.1,0.4087,0.5175,1.533,0,0,0,100,16.28,0.2581,403.8,200,1,0,0.3678,1,1,1,1,1,1,1,4,4,-1,[ OK ]
567.3,4/13/2026 8:16:47 PM,3095,103,0.148,119.7,0.4058,0.5174,1.534,0,0,0,100,16.28,0.2572,403.9,200,1,0,0.3749,1,1,1,1,1,1,1,4,4,-1,[ OK ]
567.8,4/13/2026 8:16:48 PM,3095,103,0.1479,120.2,0.4038,0.5179,1.528,0,0,0,100,16.28,0.2573,404,200,1,0,0.3747,1,1,1,1,1,1,1,4,4,-1,[ OK ]
568.4,4/13/2026 8:16:48 PM,3096,103,0.1479,120,0.4084,0.5176,1.532,0,0,0,100,16.28,0.2599,404,200,1,0,0.3722,1,1,1,1,1,1,1,4,4,-1,[ OK ]
569.1,4/13/2026 8:16:49 PM,3096,103,0.148,119.7,0.3998,0.5181,1.527,0,0,0,100,16.28,0.2583,404.2,200,1,0,0.3687,1,1,1,1,1,1,1,4,4,-1,[ OK ]
569.7,4/13/2026 8:16:50 PM,3097,103,0.1479,120.2,0.405,0.5175,1.532,0,0,0,100,16.28,0.2585,404.2,200,1,0,0.3643,1,1,1,1,1,1,1,4,4,-1,[ OK ]
570.3,4/13/2026 8:16:50 PM,3098,103,0.1479,119.9,0.4115,0.5181,1.527,0,0,0,100,16.28,0.2583,404.2,200,1,0,0.3712,1,1,1,1,1,1,1,4,4,-1,[ OK ]
570.8,4/13/2026 8:16:51 PM,3098,103,0.1479,120.1,0.4052,0.5175,1.533,0,0,0,100,16.28,0.2588,404.3,200,1,0,0.3517,1,1,1,1,1,1,1,4,4,-1,[ OK ]
571.4,4/13/2026 8:16:51 PM,3099,103,0.1477,120.7,0.4092,0.5175,1.533,0,0,0,100,16.28,0.2562,403.8,200,1,0,0.3786,1,1,1,1,1,1,1,4,4,-1,[ OK ]
572.1,4/13/2026 8:16:52 PM,3099,103,0.148,119.7,0.4113,0.5182,1.525,0,0,0,100,16.28,0.2577,403.8,200,1,0,0.3689,1,1,1,1,1,1,1,4,4,-1,[ OK ]
572.6,4/13/2026 8:16:52 PM,3100,103,0.1479,120.1,0.4107,0.5172,1.536,0,0,0,100,16.28,0.2577,403.9,200,1,0,0.3769,1,1,1,1,1,1,1,4,4,-1,[ OK ]
573.2,4/13/2026 8:16:53 PM,3100,103,0.1479,120,0.404,0.5175,1.534,0,0,0,100,16.28,0.259,404.2,200,1,0,0.3628,1,1,1,1,1,1,1,4,4,-1,[ OK ]
573.9,4/13/2026 8:16:54 PM,3101,103,0.1478,120.6,0.4127,0.5176,1.532,0,0,0,100,16.28,0.2572,404.2,200,1,0,0.3749,1,1,1,1,1,1,1,4,4,-1,[ OK ]
574.5,4/13/2026 8:16:54 PM,3102,103,0.148,119.6,0.4108,0.5186,1.52,0,0,0,100,16.28,0.2602,404.2,200,1,0,0.3623,1,1,1,1,1,1,1,4,4,-1,[ OK ]
575.1,4/13/2026 8:16:55 PM,3102,103,0.148,119.7,0.4085,0.5186,1.52,0,0,0,100,16.28,0.2595,404.4,200,1,0,0.366,1,1,1,1,1,1,1,4,4,-1,[ OK ]
575.7,4/13/2026 8:16:56 PM,3103,103,0.1478,120.5,0.4039,0.518,1.526,0,0,0,100,16.28,0.2571,404.4,200,1,0,0.37,1,1,1,1,1,1,1,4,4,-1,[ OK ]
576.2,4/13/2026 8:16:56 PM,3103,103,0.148,119.7,0.4044,0.5181,1.525,0,0,0,100,16.28,0.2589,404.1,200,1,0,0.3675,1,1,1,1,1,1,1,4,4,-1,[ OK ]
576.8,4/13/2026 8:16:57 PM,3104,103,0.148,119.9,0.4131,0.518,1.526,0,0,0,100,16.28,0.2581,404.1,200,1,0,0.3702,1,1,1,1,1,1,1,4,4,-1,[ OK ]
577.5,4/13/2026 8:16:57 PM,3105,103,0.148,119.8,0.4118,0.5181,1.525,0,0,0,100,16.28,0.2577,404.2,200,1,0,0.3642,1,1,1,1,1,1,1,4,4,-1,[ OK ]
578.1,4/13/2026 8:16:58 PM,3105,103,0.1478,120.3,0.4113,0.5173,1.534,0,0,0,100,16.28,0.2572,403.9,200,1,0,0.3691,1,1,1,1,1,1,1,4,4,-1,[ OK ]
578.7,4/13/2026 8:16:59 PM,3106,103,0.1477,120.5,0.4056,0.5184,1.522,0,0,0,100,16.28,0.2592,404.1,200,1,0,0.3738,1,1,1,1,1,1,1,4,4,-1,[ OK ]
579.3,4/13/2026 8:16:59 PM,3107,103,0.1481,119.5,0.4068,0.5173,1.535,0,0,0,100,16.28,0.2581,404.3,200,1,0,0.3726,1,1,1,1,1,1,1,4,4,-1,[ OK ]
580.0,4/13/2026 8:17:00 PM,3107,103,0.1479,120,0.4134,0.5177,1.531,0,0,0,100,16.28,0.2568,404,200,1,0,0.3738,1,1,1,1,1,1,1,4,4,-1,[ OK ]
580.6,4/13/2026 8:17:00 PM,3108,103,0.1478,120.2,0.4079,0.5183,1.523,0,0,0,100,16.28,0.2568,404.1,200,1,0,0.3744,1,1,1,1,1,1,1,4,4,-1,[ OK ]
581.2,4/13/2026 8:17:01 PM,3108,103,0.1479,120,0.4071,0.5175,1.532,0,0,0,100,16.28,0.259,404.1,200,1,0,0.3596,1,1,1,1,1,1,1,4,4,-1,[ OK ]
581.8,4/13/2026 8:17:02 PM,3109,103,0.1478,120.4,0.4118,0.5182,1.525,0,0,0,100,16.28,0.2572,404.2,200,1,0,0.37,1,1,1,1,1,1,1,4,4,-1,[ OK ]
582.4,4/13/2026 8:17:02 PM,3110,103,0.148,119.7,0.4117,0.5179,1.527,0,0,0,100,16.28,0.2562,403.9,200,1,0,0.3655,1,1,1,1,1,1,1,4,4,-1,[ OK ]
583.1,4/13/2026 8:17:03 PM,3110,103,0.1478,120.4,0.4055,0.5177,1.53,0,0,0,100,16.28,0.2549,404,200,1,0,0.3699,1,1,1,1,1,1,1,4,4,-1,[ OK ]
583.7,4/13/2026 8:17:04 PM,3111,103,0.1476,121.1,0.4061,0.5175,1.531,0,0,0,100,16.28,0.2568,403.8,200,1,0,0.3784,1,1,1,1,1,1,1,4,4,-1,[ OK ]
584.3,4/13/2026 8:17:04 PM,3112,103,0.1479,120,0.414,0.5174,1.531,0,0,0,100,16.28,0.2605,404.2,200,1,0,0.3489,1,1,1,1,1,1,1,4,4,-1,[ OK ]
584.9,4/13/2026 8:17:05 PM,3112,103,0.1477,120.5,0.4076,0.5174,1.531,0,0,0,100,16.28,0.2583,403.9,200,1,0,0.3597,1,1,1,1,1,1,1,4,4,-1,[ OK ]
585.5,4/13/2026 8:17:05 PM,3113,103,0.148,119.8,0.4077,0.5181,1.525,0,0,0,100,16.28,0.2559,403.9,200,1,0,0.3746,1,1,1,1,1,1,1,4,4,-1,[ OK ]
586.1,4/13/2026 8:17:06 PM,3113,103,0.1481,119.3,0.4076,0.5178,1.528,0,0,0,100,16.28,0.2599,404,200,1,0,0.3744,1,1,1,1,1,1,1,4,4,-1,[ OK ]
586.7,4/13/2026 8:17:07 PM,3114,103,0.1478,120.4,0.4106,0.5176,1.53,0,0,0,100,16.28,0.2558,403.8,200,1,0,0.3791,1,1,1,1,1,1,1,4,4,-1,[ OK ]
587.2,4/13/2026 8:17:07 PM,3114,103,0.1479,120,0.402,0.518,1.526,0,0,0,100,16.28,0.2556,404.2,200,1,0,0.3622,1,1,1,1,1,1,1,4,4,-1,[ OK ]
587.8,4/13/2026 8:17:08 PM,3115,103,0.1479,120,0.409,0.5176,1.53,0,0,0,100,16.28,0.2562,404.3,200,1,0,0.374,1,1,1,1,1,1,1,4,4,-1,[ OK ]
588.5,4/13/2026 8:17:08 PM,3116,103,0.1479,120.1,0.4093,0.5181,1.525,0,0,0,100,16.28,0.2544,403.9,200,1,0,0.3803,1,1,1,1,1,1,1,4,4,-1,[ OK ]
589.1,4/13/2026 8:17:09 PM,3116,103,0.148,119.7,0.4045,0.5182,1.523,0,0,0,100,16.28,0.2569,404.1,200,1,0,0.3781,1,1,1,1,1,1,1,4,4,-1,[ OK ]
589.7,4/13/2026 8:17:10 PM,3117,103,0.1478,120.2,0.3943,0.5171,1.535,0,0,0,100,16.28,0.2558,403.7,200,1,0,0.3649,1,1,1,1,1,1,1,4,4,-1,[ OK ]
590.2,4/13/2026 8:17:10 PM,3117,103,0.148,119.7,0.4098,0.5174,1.531,0,0,0,100,16.28,0.2549,403.9,200,1,0,0.3636,1,1,1,1,1,1,1,4,4,-1,[ OK ]
590.7,4/13/2026 8:17:11 PM,3118,103,0.148,119.7,0.4105,0.5178,1.528,0,0,0,100,16.28,0.2548,404.2,200,1,0,0.3818,1,1,1,1,1,1,1,4,4,-1,[ OK ]
591.4,4/13/2026 8:17:11 PM,3119,103,0.148,119.7,0.404,0.5174,1.532,0,0,0,100,16.28,0.2551,404.1,200,1,0,0.3669,1,1,1,1,1,1,1,4,4,-1,[ OK ]
592.0,4/13/2026 8:17:12 PM,3119,103,0.1479,120.1,0.4041,0.518,1.526,0,0,0,100,16.28,0.2552,403.9,200,1,0,0.3636,1,1,1,1,1,1,1,4,4,-1,[ OK ]
592.6,4/13/2026 8:17:12 PM,3120,103,0.148,119.7,0.4109,0.5179,1.528,0,0,0,100,16.28,0.2552,403.9,200,1,0,0.3767,1,1,1,1,1,1,1,4,4,-1,[ OK ]
593.2,4/13/2026 8:17:13 PM,3120,103,0.1482,119.2,0.4053,0.5177,1.531,0,0,0,100,16.28,0.2568,404,200,1,0,0.3484,1,1,1,1,1,1,1,4,4,-1,[ OK ]
593.8,4/13/2026 8:17:14 PM,3121,103,0.148,119.8,0.4021,0.5177,1.53,0,0,0,100,16.28,0.2563,403.9,200,1,0,0.3663,1,1,1,1,1,1,1,4,4,-1,[ OK ]
594.6,4/13/2026 8:17:14 PM,3122,103,0.1479,120.1,0.401,0.5179,1.527,0,0,0,100,16.28,0.2563,403.9,200,1,0,0.3679,1,1,1,1,1,1,1,4,4,-1,[ OK ]
595.2,4/13/2026 8:17:15 PM,3122,103,0.1479,119.9,0.4105,0.5178,1.528,0,0,0,100,16.28,0.2564,403.9,200,1,0,0.375,1,1,1,1,1,1,1,4,4,-1,[ OK ]
595.7,4/13/2026 8:17:16 PM,3123,103,0.1481,119.6,0.4019,0.5175,1.532,0,0,0,100,16.28,0.2567,404.1,200,1,0,0.3774,1,1,1,1,1,1,1,4,4,-1,[ OK ]
596.3,4/13/2026 8:17:16 PM,3124,103,0.1478,120.5,0.4036,0.5171,1.537,0,0,0,100,16.28,0.2551,404.2,200,1,0,0.3744,1,1,1,1,1,1,1,4,4,-1,[ OK ]
597.0,4/13/2026 8:17:17 PM,3124,103,0.1481,119.3,0.4117,0.5174,1.534,0,0,0,100,16.28,0.2549,403.9,200,1,0,0.3649,1,1,1,1,1,1,1,4,4,-1,[ OK ]
597.6,4/13/2026 8:17:17 PM,3125,103,0.1479,120.1,0.4127,0.5183,1.524,0,0,0,100,16.28,0.254,404.1,200,1,0,0.3823,1,1,1,1,1,1,1,4,4,-1,[ OK ]
598.2,4/13/2026 8:17:18 PM,3125,103,0.148,119.9,0.4052,0.518,1.528,0,0,0,100,16.28,0.2563,404.1,200,1,0,0.3737,1,1,1,1,1,1,1,4,4,-1,[ OK ]
598.7,4/13/2026 8:17:19 PM,3126,103,0.1483,118.8,0.408,0.5183,1.526,0,0,0,100,16.28,0.2559,403.9,200,1,0,0.3684,1,1,1,1,1,1,1,4,4,-1,[ OK ]
599.4,4/13/2026 8:17:19 PM,3127,103,0.1479,120,0.4087,0.5185,1.523,0,0,0,100,16.28,0.2556,404.2,200,1,0,0.3761,1,1,1,1,1,1,1,4,4,-1,[ OK ]
599.9,4/13/2026 8:17:20 PM,3127,103,0.1481,119.4,0.4097,0.5183,1.526,0,0,0,100,16.28,0.2546,404.1,200,1,0,0.3733,1,1,1,1,1,1,1,4,4,-1,[ OK ]
600.3,4/13/2026 8:17:20 PM,3128,103,0.1479,120.2,0.4093,0.5185,1.523,0,0,0,100,16.28,0.252,403.9,200,1,0,0.3751,1,1,1,1,1,1,1,4,4,-1,[ OK ]
600.8,4/13/2026 8:17:21 PM,3128,103,0.1479,120,0.4015,0.5176,1.532,0,0,0,100,16.28,0.2539,403.8,200,1,0,0.3745,1,1,1,1,1,1,1,4,4,-1,[ OK ]
601.3,4/13/2026 8:17:21 PM,3129,103,0.1477,120.6,0.4119,0.5181,1.526,0,0,0,100,16.28,0.2558,404.1,200,1,0,0.3803,1,1,1,1,1,1,1,4,4,-1,[ OK ]
601.9,4/13/2026 8:17:22 PM,3129,103,0.1479,120,0.4083,0.5182,1.526,0,0,0,100,16.28,0.2577,403.9,200,1,0,0.3643,1,1,1,1,1,1,1,4,4,-1,[ OK ]
602.5,4/13/2026 8:17:22 PM,3130,103,0.1477,120.7,0.4055,0.5179,1.529,0,0,0,100,16.28,0.2565,404.1,200,1,0,0.3772,1,1,1,1,1,1,1,4,4,-1,[ OK ]
603.1,4/13/2026 8:17:23 PM,3130,103,0.1477,120.7,0.4061,0.5175,1.533,0,0,0,100,16.28,0.2548,403.9,200,1,0,0.379,1,1,1,1,1,1,1,4,4,-1,[ OK ]
603.7,4/13/2026 8:17:24 PM,3131,103,0.148,119.9,0.3967,0.5175,1.532,0,0,0,100,16.28,0.2535,404.1,200,1,0,0.3826,1,1,1,1,1,1,1,4,4,-1,[ OK ]
604.2,4/13/2026 8:17:24 PM,3131,103,0.148,119.7,0.4044,0.5176,1.531,0,0,0,100,16.28,0.2567,403.9,200,1,0,0.3531,1,1,1,1,1,1,1,4,4,-1,[ OK ]
604.8,4/13/2026 8:17:25 PM,3132,103,0.1477,120.7,0.4029,0.5183,1.524,0,0,0,100,16.28,0.2565,403.9,200,1,0,0.3721,1,1,1,1,1,1,1,4,4,-1,[ OK ]
605.4,4/13/2026 8:17:25 PM,3133,103,0.148,119.8,0.41,0.5178,1.529,0,0,0,100,16.28,0.2571,403.9,200,1,0,0.3841,1,1,1,1,1,1,1,4,4,-1,[ OK ]
605.8,4/13/2026 8:17:26 PM,3133,103,0.1481,119.3,0.4044,0.5179,1.527,0,0,0,100,16.28,0.2547,404,200,1,0,0.3799,1,1,1,1,1,1,1,4,4,-1,[ OK ]
606.4,4/13/2026 8:17:26 PM,3134,103,0.1481,119.6,0.4126,0.5175,1.532,0,0,0,100,16.28,0.2555,403.9,200,1,0,0.3748,1,1,1,1,1,1,1,4,4,-1,[ OK ]
606.9,4/13/2026 8:17:27 PM,3134,103,0.148,120,0.414,0.5177,1.53,0,0,0,100,16.28,0.2558,404,200,1,0,0.37,1,1,1,1,1,1,1,4,4,-1,[ OK ]
607.6,4/13/2026 8:17:27 PM,3135,103,0.148,119.8,0.4106,0.5173,1.535,0,0,0,100,16.28,0.2562,403.9,200,1,0,0.3763,1,1,1,1,1,1,1,4,4,-1,[ OK ]
608.2,4/13/2026 8:17:28 PM,3135,103,0.148,119.7,0.4114,0.5175,1.534,0,0,0,100,16.28,0.2555,404.2,200,1,0,0.3638,1,1,1,1,1,1,1,4,4,-1,[ OK ]
608.8,4/13/2026 8:17:29 PM,3136,103,0.148,119.7,0.4102,0.5183,1.524,0,0,0,100,16.28,0.2533,404,200,1,0,0.3726,1,1,1,1,1,1,1,4,4,-1,[ OK ]
609.4,4/13/2026 8:17:29 PM,3137,103,0.148,119.6,0.4054,0.518,1.528,0,0,0,100,16.28,0.2546,404,200,1,0,0.3808,1,1,1,1,1,1,1,4,4,-1,[ OK ]
610.0,4/13/2026 8:17:30 PM,3137,103,0.1481,119.6,0.4047,0.5173,1.535,0,0,0,100,16.28,0.2571,403.9,200,1,0,0.3688,1,1,1,1,1,1,1,4,4,-1,[ OK ]
610.7,4/13/2026 8:17:30 PM,3138,103,0.148,119.9,0.4096,0.5174,1.534,0,0,0,100,16.28,0.2544,404,200,1,0,0.376,1,1,1,1,1,1,1,4,4,-1,[ OK ]
611.3,4/13/2026 8:17:31 PM,3138,103,0.148,120,0.4104,0.5182,1.526,0,0,0,100,16.28,0.2539,404.2,200,1,0,0.391,1,1,1,1,1,1,1,4,4,-1,[ OK ]
611.9,4/13/2026 8:17:32 PM,3139,103,0.1479,120.3,0.4027,0.518,1.528,0,0,0,100,16.28,0.2536,403.8,200,1,0,0.378,1,1,1,1,1,1,1,4,4,-1,[ OK ]
612.4,4/13/2026 8:17:32 PM,3140,103,0.148,119.9,0.4163,0.5183,1.526,0,0,0,100,16.28,0.2544,403.9,200,1,0,0.3755,1,1,1,1,1,1,1,4,4,-1,[ OK ]
612.9,4/13/2026 8:17:33 PM,3140,103,0.148,120,0.4078,0.5182,1.526,0,0,0,100,16.28,0.2551,403.9,200,1,0,0.3626,1,1,1,1,1,1,1,4,4,-1,[ OK ]
613.5,4/13/2026 8:17:33 PM,3141,103,0.1479,120.3,0.4042,0.5181,1.527,0,0,0,100,16.28,0.255,403.9,200,1,0,0.3766,1,1,1,1,1,1,1,4,4,-1,[ OK ]
614.0,4/13/2026 8:17:34 PM,3141,103,0.1479,120.2,0.4108,0.5189,1.519,0,0,0,100,16.28,0.2529,404,200,1,0,0.3809,1,1,1,1,1,1,1,4,4,-1,[ OK ]
614.6,4/13/2026 8:17:34 PM,3142,103,0.148,119.9,0.4145,0.5173,1.535,0,0,0,100,16.28,0.2538,404.3,200,1,0,0.3872,1,1,1,1,1,1,1,4,4,-1,[ OK ]
615.2,4/13/2026 8:17:35 PM,3142,103,0.148,119.8,0.4115,0.5181,1.526,0,0,0,100,16.28,0.2561,404.3,200,1,0,0.3627,1,1,1,1,1,1,1,4,4,-1,[ OK ]
615.7,4/13/2026 8:17:36 PM,3143,103,0.1479,120.3,0.4021,0.5175,1.532,0,0,0,100,16.28,0.2558,404.1,200,1,0,0.3674,1,1,1,1,1,1,1,4,4,-1,[ OK ]
616.4,4/13/2026 8:17:36 PM,3144,103,0.1479,120.3,0.3918,0.5175,1.531,0,0,0,100,16.28,0.2522,404.1,200,1,0,0.3653,1,1,1,1,1,1,1,4,4,-1,[ OK ]
616.9,4/13/2026 8:17:37 PM,3144,103,0.1478,120.3,0.3938,0.5179,1.528,0,0,0,100,16.28,0.2547,404,200,1,0,0.3585,1,1,1,1,1,1,1,4,4,-1,[ OK ]
617.6,4/13/2026 8:17:37 PM,3145,103,0.1477,120.6,0.4002,0.5185,1.521,0,0,0,100,16.28,0.2531,404.1,200,1,0,0.3541,1,1,1,1,1,1,1,4,4,-1,[ OK ]
618.1,4/13/2026 8:17:38 PM,3145,103,0.1477,120.4,0.3918,0.5172,1.534,0,0,0,100,16.28,0.252,404.1,200,1,0,0.3608,1,1,1,1,1,1,1,4,4,-1,[ OK ]
618.6,4/13/2026 8:17:38 PM,3146,103,0.1477,120.2,0.3947,0.5176,1.53,0,0,0,100,16.28,0.2521,404.2,200,1,0,0.366,1,1,1,1,1,1,1,4,4,-1,[ OK ]
619.2,4/13/2026 8:17:39 PM,3146,103,0.1477,120.2,0.3942,0.5181,1.524,0,0,0,100,16.28,0.2504,403.9,200,1,0,0.366,1,1,1,1,1,1,1,4,4,-1,[ OK ]
619.6,4/13/2026 8:17:39 PM,3147,103,0.1476,120.2,0.3826,0.5188,1.516,0,0,0,100,16.28,0.252,403.8,200,1,0,0.357,1,1,1,1,1,1,1,4,4,-1,[ OK ]
620.1,4/13/2026 8:17:40 PM,3147,103,0.1476,120.3,0.3933,0.5178,1.528,0,0,0,100,16.28,0.254,403.8,200,1,0,0.3402,1,1,1,1,1,1,1,4,4,-1,[ OK ]
620.7,4/13/2026 8:17:41 PM,3148,103,0.1476,120.2,0.396,0.5177,1.528,0,0,0,100,16.28,0.2541,404.2,200,1,0,0.3516,1,1,1,1,1,1,1,4,4,-1,[ OK ]
621.3,4/13/2026 8:17:41 PM,3149,103,0.1472,121,0.3918,0.5181,1.525,0,0,0,100,16.28,0.2551,403.9,200,1,0,0.356,1,1,1,1,1,1,1,4,4,-1,[ OK ]
622.0,4/13/2026 8:17:42 PM,3149,103,0.1476,119.8,0.3957,0.5179,1.526,0,0,0,100,16.28,0.2542,404.2,200,1,0,0.3551,1,1,1,1,1,1,1,4,4,-1,[ OK ]
622.6,4/13/2026 8:17:42 PM,3150,103,0.1473,120.5,0.3918,0.5182,1.522,0,0,0,100,16.28,0.2566,404.3,200,1,0,0.3576,1,1,1,1,1,1,1,4,4,-1,[ OK ]
623.2,4/13/2026 8:17:43 PM,3150,103,0.1473,120.4,0.3959,0.5175,1.53,0,0,0,100,16.28,0.2562,403.9,200,1,0,0.3528,1,1,1,1,1,1,1,4,4,-1,[ OK ]
623.7,4/13/2026 8:17:44 PM,3151,103,0.1476,119.4,0.3918,0.5171,1.535,0,0,0,100,16.28,0.2552,404.1,200,1,0,0.3486,1,1,1,1,1,1,1,4,4,-1,[ OK ]
624.4,4/13/2026 8:17:44 PM,3152,103,0.1473,120.1,0.3965,0.5178,1.527,0,0,0,100,16.28,0.2529,404.2,200,1,0,0.3545,1,1,1,1,1,1,1,4,4,-1,[ OK ]
624.9,4/13/2026 8:17:45 PM,3152,103,0.1474,119.8,0.3918,0.5171,1.534,0,0,0,100,16.28,0.2544,403.8,200,1,0,0.3508,1,1,1,1,1,1,1,4,4,-1,[ OK ]
625.4,4/13/2026 8:17:45 PM,3153,103,0.1474,119.9,0.3918,0.5174,1.532,0,0,0,100,16.28,0.2552,404.2,200,1,0,0.3488,1,1,1,1,1,1,1,4,4,-1,[ OK ]
625.9,4/13/2026 8:17:46 PM,3153,103,0.1472,120.2,0.3975,0.518,1.525,0,0,0,100,16.28,0.2552,404.2,200,1,0,0.3545,1,1,1,1,1,1,1,4,4,-1,[ OK ]
626.4,4/13/2026 8:17:46 PM,3154,103,0.1473,120.1,0.3918,0.5182,1.523,0,0,0,100,16.28,0.2556,403.9,200,1,0,0.3554,1,1,1,1,1,1,1,4,4,-1,[ OK ]
627.1,4/13/2026 8:17:47 PM,3154,103,0.1472,120.2,0.3986,0.5174,1.533,0,0,0,100,16.28,0.2551,403.9,200,1,0,0.3517,1,1,1,1,1,1,1,4,4,-1,[ OK ]
627.6,4/13/2026 8:17:47 PM,3155,103,0.1473,120.1,0.3977,0.518,1.527,0,0,0,100,16.28,0.2545,404,200,1,0,0.3613,1,1,1,1,1,1,1,4,4,-1,[ OK ]
628.2,4/13/2026 8:17:48 PM,3155,103,0.1472,120.2,0.3961,0.5178,1.529,0,0,0,100,16.28,0.2548,404.3,200,1,0,0.3498,1,1,1,1,1,1,1,4,4,-1,[ OK ]
628.8,4/13/2026 8:17:49 PM,3156,103,0.1473,120,0.3918,0.5173,1.535,0,0,0,100,16.28,0.2539,403.8,200,1,0,0.354,1,1,1,1,1,1,1,4,4,-1,[ OK ]
629.3,4/13/2026 8:17:49 PM,3157,103,0.1471,120.4,0.4013,0.5173,1.536,0,0,0,100,16.28,0.2533,403.9,200,1,0,0.3534,1,1,1,1,1,1,1,4,4,-1,[ OK ]
630.0,4/13/2026 8:17:50 PM,3157,103,0.1472,120.2,0.4005,0.5175,1.534,0,0,0,100,16.28,0.2542,404.2,200,1,0,0.3514,1,1,1,1,1,1,1,4,4,-1,[ OK ]
630.6,4/13/2026 8:17:50 PM,3158,103,0.1473,119.9,0.3935,0.5175,1.534,0,0,0,100,16.28,0.2555,404.1,200,1,0,0.3584,1,1,1,1,1,1,1,4,4,-1,[ OK ]
631.2,4/13/2026 8:17:51 PM,3158,103,0.1469,121,0.3918,0.5178,1.531,0,0,0,100,16.28,0.2517,404.2,200,1,0,0.3655,1,1,1,1,1,1,1,4,4,-1,[ OK ]
631.8,4/13/2026 8:17:52 PM,3159,103,0.1472,120.2,0.3934,0.5181,1.527,0,0,0,100,16.28,0.2556,404.2,200,1,0,0.3556,1,1,1,1,1,1,1,4,4,-1,[ OK ]
632.5,4/13/2026 8:17:52 PM,3160,103,0.1472,120.1,0.3949,0.5187,1.521,0,0,0,100,16.28,0.2548,403.9,200,1,0,0.358,1,1,1,1,1,1,1,4,4,-1,[ OK ]
633.1,4/13/2026 8:17:53 PM,3160,103,0.1474,119.7,0.3918,0.5184,1.523,0,0,0,100,16.28,0.2572,403.9,200,1,0,0.3461,1,1,1,1,1,1,1,4,4,-1,[ OK ]
633.7,4/13/2026 8:17:54 PM,3161,103,0.1475,119.3,0.3948,0.5181,1.526,0,0,0,100,16.28,0.2566,404.1,200,1,0,0.345,1,1,1,1,1,1,1,4,4,-1,[ OK ]
634.3,4/13/2026 8:17:54 PM,3162,103,0.1473,120,0.3974,0.5176,1.53,0,0,0,100,16.28,0.257,404.2,200,1,0,0.3569,1,1,1,1,1,1,1,4,4,-1,[ OK ]
634.9,4/13/2026 8:17:55 PM,3162,103,0.1473,119.8,0.3935,0.5175,1.532,0,0,0,100,16.28,0.2544,404.2,200,1,0,0.3586,1,1,1,1,1,1,1,4,4,-1,[ OK ]
635.5,4/13/2026 8:17:55 PM,3163,103,0.1473,120,0.3962,0.5175,1.532,0,0,0,100,16.28,0.2533,404.4,200,1,0,0.3536,1,1,1,1,1,1,1,4,4,-1,[ OK ]
636.1,4/13/2026 8:17:56 PM,3163,103,0.1473,119.8,0.3919,0.5184,1.523,0,0,0,100,16.28,0.2532,403.8,200,1,0,0.3538,1,1,1,1,1,1,1,4,4,-1,[ OK ]
636.6,4/13/2026 8:17:56 PM,3164,103,0.1472,120.2,0.3934,0.5178,1.529,0,0,0,100,16.28,0.2537,403.9,200,1,0,0.3563,1,1,1,1,1,1,1,4,4,-1,[ OK ]
637.2,4/13/2026 8:17:57 PM,3164,103,0.147,121,0.3953,0.517,1.537,0,0,0,100,16.28,0.2558,403.9,200,1,0,0.3471,1,1,1,1,1,1,1,4,4,-1,[ OK ]
637.8,4/13/2026 8:17:58 PM,3165,103,0.1472,120.3,0.3934,0.5179,1.528,0,0,0,100,16.28,0.254,404.3,200,1,0,0.3568,1,1,1,1,1,1,1,4,4,-1,[ OK ]
638.4,4/13/2026 8:17:58 PM,3166,103,0.1473,119.9,0.3942,0.5178,1.529,0,0,0,100,16.28,0.2527,404.1,200,1,0,0.3552,1,1,1,1,1,1,1,4,4,-1,[ OK ]
639.0,4/13/2026 8:17:59 PM,3166,103,0.1472,120.1,0.3975,0.5183,1.524,0,0,0,100,16.28,0.2542,403.9,200,1,0,0.3565,1,1,1,1,1,1,1,4,4,-1,[ OK ]
639.6,4/13/2026 8:17:59 PM,3167,103,0.1473,119.9,0.3918,0.5179,1.526,0,0,0,100,16.28,0.2538,404.2,200,1,0,0.3523,1,1,1,1,1,1,1,4,4,-1,[ OK ]
640.2,4/13/2026 8:18:00 PM,3167,103,0.1473,119.9,0.3933,0.5179,1.527,0,0,0,100,16.28,0.2527,404,200,1,0,0.3595,1,1,1,1,1,1,1,4,4,-1,[ OK ]
640.9,4/13/2026 8:18:01 PM,3168,103,0.1472,120.2,0.3981,0.5183,1.522,0,0,0,100,16.28,0.2559,403.9,200,1,0,0.3522,1,1,1,1,1,1,1,4,4,-1,[ OK ]
641.5,4/13/2026 8:18:01 PM,3169,103,0.1472,120,0.3918,0.5172,1.534,0,0,0,100,16.28,0.2539,404.2,200,1,0,0.3579,1,1,1,1,1,1,1,4,4,-1,[ OK ]
642.0,4/13/2026 8:18:02 PM,3169,103,0.147,120.6,0.3918,0.5174,1.532,0,0,0,100,16.28,0.2539,404.1,200,1,0,0.3547,1,1,1,1,1,1,1,4,4,-1,[ OK ]
642.6,4/13/2026 8:18:02 PM,3170,103,0.1474,119.6,0.3918,0.5183,1.522,0,0,0,100,16.28,0.2547,404.2,200,1,0,0.35,1,1,1,1,1,1,1,4,4,-1,[ OK ]
643.1,4/13/2026 8:18:03 PM,3170,103,0.1472,120.2,0.3918,0.5171,1.535,0,0,0,100,16.28,0.2524,403.9,200,1,0,0.3559,1,1,1,1,1,1,1,4,4,-1,[ OK ]
643.8,4/13/2026 8:18:04 PM,3171,103,0.1473,119.9,0.4014,0.5174,1.532,0,0,0,100,16.28,0.2549,403.8,200,1,0,0.3603,1,1,1,1,1,1,1,4,4,-1,[ OK ]
644.4,4/13/2026 8:18:04 PM,3172,103,0.1473,119.9,0.3943,0.518,1.525,0,0,0,100,16.28,0.2559,404.1,200,1,0,0.3493,1,1,1,1,1,1,1,4,4,-1,[ OK ]
645.0,4/13/2026 8:18:05 PM,3172,103,0.1473,120.1,0.3933,0.5177,1.529,0,0,0,100,16.28,0.2523,403.9,200,1,0,0.3659,1,1,1,1,1,1,1,4,4,-1,[ OK ]
645.6,4/13/2026 8:18:05 PM,3173,103,0.1473,120,0.399,0.5174,1.533,0,0,0,100,16.28,0.2534,404.2,200,1,0,0.361,1,1,1,1,1,1,1,4,4,-1,[ OK ]
646.2,4/13/2026 8:18:06 PM,3173,103,0.1472,120.2,0.3964,0.5177,1.53,0,0,0,100,16.28,0.2549,403.9,200,1,0,0.3507,1,1,1,1,1,1,1,4,4,-1,[ OK ]
646.8,4/13/2026 8:18:07 PM,3174,103,0.1472,120.2,0.3918,0.5177,1.53,0,0,0,100,16.28,0.2552,404.2,200,1,0,0.3486,1,1,1,1,1,1,1,4,4,-1,[ OK ]
647.4,4/13/2026 8:18:07 PM,3175,103,0.1474,119.7,0.3965,0.5183,1.524,0,0,0,100,16.28,0.2543,404.2,200,1,0,0.3511,1,1,1,1,1,1,1,4,4,-1,[ OK ]
648.0,4/13/2026 8:18:08 PM,3175,103,0.1472,120.2,0.3921,0.5177,1.53,0,0,0,100,16.28,0.2523,403.9,200,1,0,0.3601,1,1,1,1,1,1,1,4,4,-1,[ OK ]
648.7,4/13/2026 8:18:08 PM,3176,103,0.1471,120.7,0.3918,0.5182,1.525,0,0,0,100,16.28,0.252,403.9,200,1,0,0.3645,1,1,1,1,1,1,1,4,4,-1,[ OK ]
649.3,4/13/2026 8:18:09 PM,3176,103,0.147,120.9,0.3937,0.5178,1.529,0,0,0,100,16.28,0.2521,404.3,200,1,0,0.3583,1,1,1,1,1,1,1,4,4,-1,[ OK ]
649.9,4/13/2026 8:18:10 PM,3177,103,0.1475,119.6,0.3918,0.5179,1.527,0,0,0,100,16.28,0.2529,404,200,1,0,0.3546,1,1,1,1,1,1,1,4,4,-1,[ OK ]
650.4,4/13/2026 8:18:10 PM,3178,103,0.1473,120.2,0.3918,0.5178,1.528,0,0,0,100,16.28,0.2529,404.2,200,1,0,0.3616,1,1,1,1,1,1,1,4,4,-1,[ OK ]
650.9,4/13/2026 8:18:11 PM,3178,103,0.1474,120,0.3951,0.5181,1.525,0,0,0,100,16.28,0.2546,404.2,200,1,0,0.3548,1,1,1,1,1,1,1,4,4,-1,[ OK ]
651.5,4/13/2026 8:18:11 PM,3179,103,0.1474,119.9,0.3918,0.5177,1.529,0,0,0,100,16.28,0.255,404.1,200,1,0,0.3492,1,1,1,1,1,1,1,4,4,-1,[ OK ]
652.0,4/13/2026 8:18:12 PM,3179,103,0.1473,120.1,0.3934,0.5178,1.527,0,0,0,100,16.28,0.2542,404.1,200,1,0,0.3559,1,1,1,1,1,1,1,4,4,-1,[ OK ]
652.5,4/13/2026 8:18:12 PM,3180,103,0.1472,120.5,0.3919,0.5177,1.529,0,0,0,100,16.28,0.254,404.2,200,1,0,0.3584,1,1,1,1,1,1,1,4,4,-1,[ OK ]
653.1,4/13/2026 8:18:13 PM,3180,103,0.1473,120,0.3918,0.5173,1.532,0,0,0,100,16.28,0.256,403.8,200,1,0,0.3492,1,1,1,1,1,1,1,4,4,-1,[ OK ]
653.7,4/13/2026 8:18:14 PM,3181,103,0.1474,119.8,0.3977,0.5184,1.521,0,0,0,100,16.28,0.2564,404.1,200,1,0,0.3455,1,1,1,1,1,1,1,4,4,-1,[ OK ]
654.3,4/13/2026 8:18:14 PM,3181,103,0.1474,119.9,0.3965,0.5182,1.523,0,0,0,100,16.28,0.2555,404.2,200,1,0,0.3533,1,1,1,1,1,1,1,4,4,-1,[ OK ]
654.8,4/13/2026 8:18:15 PM,3182,103,0.1471,120.8,0.3924,0.5178,1.527,0,0,0,100,16.28,0.2546,403.8,200,1,0,0.3502,1,1,1,1,1,1,1,4,4,-1,[ OK ]
655.4,4/13/2026 8:18:15 PM,3183,103,0.1474,119.8,0.3918,0.5173,1.534,0,0,0,100,16.28,0.2565,404,200,1,0,0.3494,1,1,1,1,1,1,1,4,4,-1,[ OK ]
656.0,4/13/2026 8:18:16 PM,3183,103,0.1473,120,0.395,0.5174,1.533,0,0,0,100,16.28,0.2536,404.2,200,1,0,0.3527,1,1,1,1,1,1,1,4,4,-1,[ OK ]
656.6,4/13/2026 8:18:16 PM,3184,103,0.1472,120.5,0.3969,0.5184,1.523,0,0,0,100,16.28,0.2585,403.9,200,1,0,0.3434,1,1,1,1,1,1,1,4,4,-1,[ OK ]
657.2,4/13/2026 8:18:17 PM,3184,103,0.1473,120.3,0.3967,0.5184,1.522,0,0,0,100,16.28,0.2598,403.8,200,1,0,0.3372,1,1,1,1,1,1,1,4,4,-1,[ OK ]
657.8,4/13/2026 8:18:18 PM,3185,103,0.1474,119.9,0.3934,0.5176,1.531,0,0,0,100,16.28,0.2554,403.9,200,1,0,0.3581,1,1,1,1,1,1,1,4,4,-1,[ OK ]
658.4,4/13/2026 8:18:18 PM,3186,103,0.1472,120.6,0.3921,0.5181,1.526,0,0,0,100,16.28,0.2565,403.9,200,1,0,0.3454,1,1,1,1,1,1,1,4,4,-1,[ OK ]
659.0,4/13/2026 8:18:19 PM,3186,103,0.1475,119.7,0.4007,0.5184,1.521,0,0,0,100,16.28,0.2562,404.2,200,1,0,0.3549,1,1,1,1,1,1,1,4,4,-1,[ OK ]
659.7,4/13/2026 8:18:19 PM,3187,103,0.1475,119.8,0.3974,0.5174,1.531,0,0,0,100,16.28,0.2567,404.2,200,1,0,0.3569,1,1,1,1,1,1,1,4,4,-1,[ OK ]
660.3,4/13/2026 8:18:20 PM,3187,103,0.1474,120,0.3949,0.5175,1.53,0,0,0,100,16.28,0.2558,404.1,200,1,0,0.3485,1,1,1,1,1,1,1,4,4,-1,[ OK ]
660.9,4/13/2026 8:18:21 PM,3188,103,0.1474,120,0.3967,0.5173,1.532,0,0,0,100,16.28,0.2571,404.1,200,1,0,0.3451,1,1,1,1,1,1,1,4,4,-1,[ OK ]
661.6,4/13/2026 8:18:21 PM,3189,103,0.1474,119.8,0.3939,0.518,1.525,0,0,0,100,16.28,0.2562,404.2,200,1,0,0.3462,1,1,1,1,1,1,1,4,4,-1,[ OK ]
662.2,4/13/2026 8:18:22 PM,3189,103,0.1475,119.8,0.398,0.5183,1.522,0,0,0,100,16.28,0.2542,404.1,200,1,0,0.3527,1,1,1,1,1,1,1,4,4,-1,[ OK ]
662.8,4/13/2026 8:18:23 PM,3190,103,0.1474,120.1,0.3918,0.5183,1.522,0,0,0,100,16.28,0.255,404.1,200,1,0,0.3504,1,1,1,1,1,1,1,4,4,-1,[ OK ]
663.4,4/13/2026 8:18:23 PM,3191,103,0.1474,120,0.3971,0.5181,1.524,0,0,0,100,16.28,0.2558,404,200,1,0,0.3551,1,1,1,1,1,1,1,4,4,-1,[ OK ]
664.0,4/13/2026 8:18:24 PM,3191,103,0.1473,120.2,0.4005,0.5169,1.537,0,0,0,100,16.28,0.2532,403.9,200,1,0,0.3623,1,1,1,1,1,1,1,4,4,-1,[ OK ]
664.6,4/13/2026 8:18:24 PM,3192,103,0.1473,120.2,0.3918,0.5175,1.532,0,0,0,100,16.28,0.257,404.2,200,1,0,0.3498,1,1,1,1,1,1,1,4,4,-1,[ OK ]
665.3,4/13/2026 8:18:25 PM,3192,103,0.1474,120.1,0.3927,0.5172,1.535,0,0,0,100,16.28,0.2554,404.1,200,1,0,0.3566,1,1,1,1,1,1,1,4,4,-1,[ OK ]
665.9,4/13/2026 8:18:26 PM,3193,103,0.1476,119.5,0.3925,0.5171,1.537,0,0,0,100,16.28,0.2547,404.4,200,1,0,0.3502,1,1,1,1,1,1,1,4,4,-1,[ OK ]
666.6,4/13/2026 8:18:26 PM,3194,103,0.1475,120,0.3937,0.5178,1.53,0,0,0,100,16.28,0.2553,404.2,200,1,0,0.3493,1,1,1,1,1,1,1,4,4,-1,[ OK ]
667.2,4/13/2026 8:18:27 PM,3194,103,0.1474,120.3,0.3918,0.5184,1.523,0,0,0,100,16.28,0.257,404.2,200,1,0,0.3441,1,1,1,1,1,1,1,4,4,-1,[ OK ]
667.9,4/13/2026 8:18:28 PM,3195,103,0.1473,120.5,0.3942,0.5184,1.523,0,0,0,100,16.28,0.2565,403.9,200,1,0,0.3454,1,1,1,1,1,1,1,4,4,-1,[ OK ]
668.4,4/13/2026 8:18:28 PM,3196,103,0.1474,119.9,0.3933,0.517,1.537,0,0,0,100,16.28,0.2548,404.1,200,1,0,0.3538,1,1,1,1,1,1,1,4,4,-1,[ OK ]
669.0,4/13/2026 8:18:29 PM,3196,103,0.1472,120.5,0.3918,0.5184,1.522,0,0,0,100,16.28,0.2561,403.9,200,1,0,0.3572,1,1,1,1,1,1,1,4,4,-1,[ OK ]
669.5,4/13/2026 8:18:29 PM,3197,103,0.1475,119.4,0.3918,0.5178,1.528,0,0,0,100,16.28,0.256,404,200,1,0,0.3524,1,1,1,1,1,1,1,4,4,-1,[ OK ]
670.1,4/13/2026 8:18:30 PM,3197,103,0.1474,119.9,0.3918,0.5173,1.534,0,0,0,100,16.28,0.2558,403.9,200,1,0,0.355,1,1,1,1,1,1,1,4,4,-1,[ OK ]
670.7,4/13/2026 8:18:30 PM,3198,103,0.1473,120.2,0.3941,0.5177,1.529,0,0,0,100,16.28,0.2536,403.8,200,1,0,0.3528,1,1,1,1,1,1,1,4,4,-1,[ OK ]
671.1,4/13/2026 8:18:31 PM,3198,103,0.1474,119.8,0.3918,0.5177,1.529,0,0,0,100,16.28,0.256,404.2,200,1,0,0.3472,1,1,1,1,1,1,1,4,4,-1,[ OK ]
671.6,4/13/2026 8:18:31 PM,3199,103,0.1472,120.3,0.3918,0.5178,1.528,0,0,0,100,16.28,0.2556,403.8,200,1,0,0.3492,1,1,1,1,1,1,1,4,4,-1,[ OK ]
672.1,4/13/2026 8:18:32 PM,3199,103,0.1473,120,0.3927,0.5173,1.534,0,0,0,100,16.28,0.2563,404.2,200,1,0,0.3471,1,1,1,1,1,1,1,4,4,-1,[ OK ]
672.7,4/13/2026 8:18:33 PM,3200,103,0.1472,120.5,0.398,0.5184,1.521,0,0,0,100,16.28,0.2544,404.1,200,1,0,0.3507,1,1,1,1,1,1,1,4,4,-1,[ OK ]
673.4,4/13/2026 8:18:33 PM,3201,103,0.1474,119.8,0.3922,0.5169,1.537,0,0,0,100,16.28,0.2552,403.8,200,1,0,0.353,1,1,1,1,1,1,1,4,4,-1,[ OK ]
673.9,4/13/2026 8:18:34 PM,3201,103,0.1473,120,0.3925,0.5173,1.534,0,0,0,100,16.28,0.2531,404.2,200,1,0,0.3554,1,1,1,1,1,1,1,4,4,-1,[ OK ]
674.5,4/13/2026 8:18:34 PM,3202,103,0.1474,119.9,0.3982,0.5182,1.525,0,0,0,100,16.28,0.2572,404.1,200,1,0,0.3535,1,1,1,1,1,1,1,4,4,-1,[ OK ]
675.1,4/13/2026 8:18:35 PM,3202,103,0.1473,120,0.3949,0.518,1.527,0,0,0,100,16.28,0.2546,404.3,200,1,0,0.3503,1,1,1,1,1,1,1,4,4,-1,[ OK ]
675.7,4/13/2026 8:18:36 PM,3203,103,0.1473,119.9,0.3983,0.5182,1.524,0,0,0,100,16.28,0.2564,404.2,200,1,0,0.3489,1,1,1,1,1,1,1,4,4,-1,[ OK ]
676.5,4/13/2026 8:18:36 PM,3204,103,0.1472,120.3,0.3924,0.5185,1.521,0,0,0,100,16.28,0.2566,403.8,200,1,0,0.3451,1,1,1,1,1,1,1,4,4,-1,[ OK ]
677.0,4/13/2026 8:18:37 PM,3204,103,0.1475,119.4,0.3938,0.5175,1.532,0,0,0,100,16.28,0.2541,404,200,1,0,0.3567,1,1,1,1,1,1,1,4,4,-1,[ OK ]
677.6,4/13/2026 8:18:37 PM,3205,103,0.1473,120.2,0.3945,0.5185,1.522,0,0,0,100,16.28,0.2557,404.2,200,1,0,0.3595,1,1,1,1,1,1,1,4,4,-1,[ OK ]
678.2,4/13/2026 8:18:38 PM,3205,103,0.1474,119.9,0.396,0.5182,1.524,0,0,0,100,16.28,0.257,404.2,200,1,0,0.3509,1,1,1,1,1,1,1,4,4,-1,[ OK ]
678.9,4/13/2026 8:18:39 PM,3206,103,0.1476,119.3,0.3965,0.5181,1.525,0,0,0,100,16.28,0.2557,403.8,200,1,0,0.3474,1,1,1,1,1,1,1,4,4,-1,[ OK ]
679.5,4/13/2026 8:18:39 PM,3207,103,0.1474,119.8,0.3933,0.5174,1.532,0,0,0,100,16.28,0.2584,403.9,200,1,0,0.3467,1,1,1,1,1,1,1,4,4,-1,[ OK ]
680.1,4/13/2026 8:18:40 PM,3207,103,0.1474,119.7,0.3921,0.5176,1.531,0,0,0,100,16.28,0.2574,404.2,200,1,0,0.3447,1,1,1,1,1,1,1,4,4,-1,[ OK ]
680.9,4/13/2026 8:18:41 PM,3208,103,0.1476,119.3,0.3975,0.5175,1.532,0,0,0,100,16.28,0.2568,404.2,200,1,0,0.3521,1,1,1,1,1,1,1,4,4,-1,[ OK ]
681.7,4/13/2026 8:18:41 PM,3209,103,0.1474,120.1,0.3918,0.5173,1.535,0,0,0,100,16.28,0.2558,404.3,200,1,0,0.3471,1,1,1,1,1,1,1,4,4,-1,[ OK ]
682.3,4/13/2026 8:18:42 PM,3209,103,0.1473,120.1,0.3978,0.5175,1.532,0,0,0,100,16.28,0.2559,403.8,200,1,0,0.3487,1,1,1,1,1,1,1,4,4,-1,[ OK ]
683.0,4/13/2026 8:18:43 PM,3210,103,0.1474,120.1,0.3946,0.5182,1.525,0,0,0,100,16.28,0.2565,404.1,200,1,0,0.3453,1,1,1,1,1,1,1,4,4,-1,[ OK ]
683.6,4/13/2026 8:18:43 PM,3211,103,0.1473,120.2,0.3918,0.5179,1.529,0,0,0,100,16.28,0.257,404,200,1,0,0.3511,1,1,1,1,1,1,1,4,4,-1,[ OK ]
684.2,4/13/2026 8:18:44 PM,3211,103,0.1477,119.2,0.3973,0.5176,1.532,0,0,0,100,16.28,0.2549,404.3,200,1,0,0.3546,1,1,1,1,1,1,1,4,4,-1,[ OK ]
684.9,4/13/2026 8:18:45 PM,3212,103,0.1474,120.1,0.3981,0.5175,1.534,0,0,0,100,16.28,0.2568,403.9,200,1,0,0.3517,1,1,1,1,1,1,1,4,4,-1,[ OK ]
685.6,4/13/2026 8:18:45 PM,3213,103,0.1474,119.9,0.3929,0.5172,1.537,0,0,0,100,16.28,0.256,403.9,200,1,0,0.3286,1,1,1,1,1,1,1,4,4,-1,[ OK ]
686.2,4/13/2026 8:18:46 PM,3213,103,0.1472,120.6,0.3928,0.5181,1.528,0,0,0,100,16.28,0.2554,404.2,200,1,0,0.3549,1,1,1,1,1,1,1,4,4,-1,[ OK ]
686.8,4/13/2026 8:18:47 PM,3214,103,0.1474,119.7,0.3918,0.5186,1.523,0,0,0,100,16.28,0.2568,404.1,200,1,0,0.3476,1,1,1,1,1,1,1,4,4,-1,[ OK ]
687.5,4/13/2026 8:18:47 PM,3215,103,0.1476,119.3,0.3918,0.5183,1.526,0,0,0,100,16.28,0.2578,404.3,200,1,0,0.3421,1,1,1,1,1,1,1,4,4,-1,[ OK ]
688.1,4/13/2026 8:18:48 PM,3215,103,0.1473,120.1,0.3935,0.5177,1.532,0,0,0,100,16.28,0.2557,403.9,200,1,0,0.3518,1,1,1,1,1,1,1,4,4,-1,[ OK ]
688.7,4/13/2026 8:18:49 PM,3216,103,0.1472,120.4,0.3918,0.5175,1.534,0,0,0,100,16.28,0.2575,404,200,1,0,0.3429,1,1,1,1,1,1,1,4,4,-1,[ OK ]
689.3,4/13/2026 8:18:49 PM,3217,103,0.1472,120.4,0.3844,0.5179,1.529,0,0,0,100,16.28,0.2578,404,200,1,0,0.3421,1,1,1,1,1,1,1,4,4,-1,[ OK ]
689.9,4/13/2026 8:18:50 PM,3217,103,0.1478,118.6,0.3918,0.518,1.527,0,0,0,100,16.28,0.2578,404.2,200,1,0,0.3436,1,1,1,1,1,1,1,4,4,-1,[ OK ]
690.5,4/13/2026 8:18:50 PM,3218,103,0.1466,122.2,0.3918,0.5182,1.525,0,0,0,100,16.28,0.2593,404.1,200,1,0,0.3383,1,1,1,1,1,1,1,4,4,-1,[ OK ]
691.1,4/13/2026 8:18:51 PM,3218,103,0.1476,119.1,0.395,0.5182,1.525,0,0,0,100,16.28,0.257,404.1,200,1,0,0.3485,1,1,1,1,1,1,1,4,4,-1,[ OK ]
691.8,4/13/2026 8:18:52 PM,3219,103,0.1473,120,0.3973,0.5179,1.529,0,0,0,100,16.28,0.2597,403.9,200,1,0,0.3453,1,1,1,1,1,1,1,4,4,-1,[ OK ]
692.4,4/13/2026 8:18:52 PM,3220,103,0.1473,120.1,0.395,0.5179,1.529,0,0,0,100,16.28,0.2572,404,200,1,0,0.3437,1,1,1,1,1,1,1,4,4,-1,[ OK ]
693.1,4/13/2026 8:18:53 PM,3220,103,0.1476,119.4,0.3918,0.5183,1.524,0,0,0,100,16.28,0.2581,404.3,200,1,0,0.3503,1,1,1,1,1,1,1,4,4,-1,[ OK ]
693.7,4/13/2026 8:18:53 PM,3221,103,0.1474,119.8,0.3925,0.5183,1.524,0,0,0,100,16.28,0.2571,403.9,200,1,0,0.3445,1,1,1,1,1,1,1,4,4,-1,[ OK ]
694.3,4/13/2026 8:18:54 PM,3222,103,0.1472,120.5,0.3949,0.5187,1.52,0,0,0,100,16.28,0.2571,403.9,200,1,0,0.344,1,1,1,1,1,1,1,4,4,-1,[ OK ]
695.0,4/13/2026 8:18:55 PM,3222,103,0.1474,119.9,0.3999,0.5185,1.522,0,0,0,100,16.28,0.2583,403.7,200,1,0,0.3435,1,1,1,1,1,1,1,4,4,-1,[ OK ]
695.6,4/13/2026 8:18:55 PM,3223,103,0.1473,120.2,0.3938,0.5178,1.53,0,0,0,100,16.28,0.2562,403.8,200,1,0,0.3512,1,1,1,1,1,1,1,4,4,-1,[ OK ]
696.3,4/13/2026 8:18:56 PM,3223,103,0.1474,119.8,0.3923,0.5182,1.525,0,0,0,100,16.28,0.2568,403.9,200,1,0,0.3445,1,1,1,1,1,1,1,4,4,-1,[ OK ]
696.9,4/13/2026 8:18:57 PM,3224,103,0.1476,119.2,0.3918,0.5177,1.531,0,0,0,100,16.28,0.2586,404.1,200,1,0,0.3449,1,1,1,1,1,1,1,4,4,-1,[ OK ]
697.5,4/13/2026 8:18:57 PM,3225,103,0.1475,119.7,0.4016,0.5179,1.529,0,0,0,100,16.28,0.2564,403.8,200,1,0,0.3565,1,1,1,1,1,1,1,4,4,-1,[ OK ]
698.1,4/13/2026 8:18:58 PM,3225,103,0.1475,119.6,0.3977,0.5183,1.525,0,0,0,100,16.28,0.2589,404.2,200,1,0,0.3391,1,1,1,1,1,1,1,4,4,-1,[ OK ]
698.8,4/13/2026 8:18:59 PM,3226,103,0.1474,120.1,0.3961,0.5173,1.535,0,0,0,100,16.28,0.2573,404,200,1,0,0.3593,1,1,1,1,1,1,1,4,4,-1,[ OK ]
699.5,4/13/2026 8:18:59 PM,3227,103,0.1474,120.1,0.3998,0.5174,1.534,0,0,0,100,16.28,0.2578,404,200,1,0,0.342,1,1,1,1,1,1,1,4,4,-1,[ OK ]
700.1,4/13/2026 8:19:00 PM,3227,103,0.1474,120.2,0.3941,0.5181,1.526,0,0,0,100,16.28,0.2597,404.1,200,1,0,0.3374,1,1,1,1,1,1,1,4,4,-1,[ OK ]
700.8,4/13/2026 8:19:01 PM,3228,103,0.1475,119.7,0.4018,0.5182,1.524,0,0,0,100,16.28,0.2584,404,200,1,0,0.3405,1,1,1,1,1,1,1,4,4,-1,[ OK ]
701.4,4/13/2026 8:19:01 PM,3229,103,0.1474,120.1,0.3988,0.518,1.527,0,0,0,100,16.28,0.2581,404.1,200,1,0,0.344,1,1,1,1,1,1,1,4,4,-1,[ OK ]
702.0,4/13/2026 8:19:02 PM,3229,103,0.1473,120.3,0.3918,0.5188,1.518,0,0,0,100,16.28,0.2594,404.1,200,1,0,0.3513,1,1,1,1,1,1,1,4,4,-1,[ OK ]
702.6,4/13/2026 8:19:02 PM,3230,103,0.1475,119.9,0.3996,0.5182,1.525,0,0,0,100,16.28,0.2584,404.1,200,1,0,0.3406,1,1,1,1,1,1,1,4,4,-1,[ OK ]
703.2,4/13/2026 8:19:03 PM,3230,103,0.1473,120.4,0.399,0.5179,1.529,0,0,0,100,16.28,0.2576,404,200,1,0,0.3505,1,1,1,1,1,1,1,4,4,-1,[ OK ]
703.8,4/13/2026 8:19:04 PM,3231,103,0.1474,120.2,0.395,0.5177,1.531,0,0,0,100,16.28,0.2604,404.2,200,1,0,0.3477,1,1,1,1,1,1,1,4,4,-1,[ OK ]
704.4,4/13/2026 8:19:04 PM,3232,103,0.1475,120.1,0.3922,0.5178,1.529,0,0,0,100,16.28,0.2577,404.1,200,1,0,0.3477,1,1,1,1,1,1,1,4,4,-1,[ OK ]
704.8,4/13/2026 8:19:05 PM,3232,103,0.1474,120.2,0.4007,0.5175,1.533,0,0,0,100,16.28,0.2583,403.9,200,1,0,0.3418,1,1,1,1,1,1,1,4,4,-1,[ OK ]
705.4,4/13/2026 8:19:05 PM,3233,103,0.1476,119.7,0.392,0.5175,1.533,0,0,0,100,16.28,0.2575,403.9,200,1,0,0.3429,1,1,1,1,1,1,1,4,4,-1,[ OK ]
706.0,4/13/2026 8:19:06 PM,3233,103,0.1476,119.7,0.3922,0.5176,1.532,0,0,0,100,16.28,0.2576,404.2,200,1,0,0.3425,1,1,1,1,1,1,1,4,4,-1,[ OK ]
706.6,4/13/2026 8:19:06 PM,3234,103,0.1476,119.7,0.3925,0.518,1.528,0,0,0,100,16.28,0.2592,404.2,200,1,0,0.3402,1,1,1,1,1,1,1,4,4,-1,[ OK ]
707.2,4/13/2026 8:19:07 PM,3234,103,0.1476,119.6,0.3999,0.5175,1.534,0,0,0,100,16.28,0.2589,403.8,200,1,0,0.3419,1,1,1,1,1,1,1,4,4,-1,[ OK ]
707.8,4/13/2026 8:19:08 PM,3235,103,0.1474,120.2,0.4001,0.5184,1.523,0,0,0,100,16.28,0.2566,404.2,200,1,0,0.3475,1,1,1,1,1,1,1,4,4,-1,[ OK ]
708.4,4/13/2026 8:19:08 PM,3236,103,0.1475,120.2,0.3926,0.5184,1.521,0,0,0,100,16.28,0.2591,404.2,200,1,0,0.3492,1,1,1,1,1,1,1,4,4,-1,[ OK ]
709.0,4/13/2026 8:19:09 PM,3236,103,0.1477,119.5,0.3918,0.5187,1.518,0,0,0,100,16.28,0.2601,403.9,200,1,0,0.345,1,1,1,1,1,1,1,4,4,-1,[ OK ]
709.7,4/13/2026 8:19:09 PM,3237,103,0.1473,120.9,0.3918,0.518,1.526,0,0,0,100,16.28,0.2591,403.9,200,1,0,0.3388,1,1,1,1,1,1,1,4,4,-1,[ OK ]
710.3,4/13/2026 8:19:10 PM,3237,103,0.1475,119.9,0.3962,0.5182,1.524,0,0,0,100,16.28,0.2581,403.9,200,1,0,0.3494,1,1,1,1,1,1,1,4,4,-1,[ OK ]
710.9,4/13/2026 8:19:11 PM,3238,103,0.1473,120.7,0.3997,0.5169,1.538,0,0,0,100,16.28,0.2591,404.1,200,1,0,0.3454,1,1,1,1,1,1,1,4,4,-1,[ OK ]
711.5,4/13/2026 8:19:11 PM,3239,103,0.1473,120.6,0.3945,0.5173,1.534,0,0,0,100,16.28,0.2589,404,200,1,0,0.3411,1,1,1,1,1,1,1,4,4,-1,[ OK ]
712.2,4/13/2026 8:19:12 PM,3239,103,0.1475,120.2,0.3949,0.5187,1.52,0,0,0,100,16.28,0.2583,403.8,200,1,0,0.3414,1,1,1,1,1,1,1,4,4,-1,[ OK ]
712.8,4/13/2026 8:19:13 PM,3240,103,0.1478,119.1,0.3924,0.5184,1.523,0,0,0,100,16.28,0.2562,404.1,200,1,0,0.3539,1,1,1,1,1,1,1,4,4,-1,[ OK ]
713.4,4/13/2026 8:19:13 PM,3241,103,0.1474,120.5,0.3918,0.5177,1.53,0,0,0,100,16.28,0.2595,403.8,200,1,0,0.342,1,1,1,1,1,1,1,4,4,-1,[ OK ]
713.9,4/13/2026 8:19:14 PM,3241,103,0.1473,120.7,0.394,0.5178,1.529,0,0,0,100,16.28,0.2577,403.8,200,1,0,0.3539,1,1,1,1,1,1,1,4,4,-1,[ OK ]
714.5,4/13/2026 8:19:14 PM,3242,103,0.1476,119.8,0.3961,0.5181,1.525,0,0,0,100,16.28,0.2592,404,200,1,0,0.354,1,1,1,1,1,1,1,4,4,-1,[ OK ]
715.1,4/13/2026 8:19:15 PM,3242,103,0.1475,120.1,0.3978,0.5176,1.531,0,0,0,100,16.28,0.2595,404.2,200,1,0,0.3542,1,1,1,1,1,1,1,4,4,-1,[ OK ]
715.7,4/13/2026 8:19:15 PM,3243,103,0.1475,120,0.3918,0.5183,1.524,0,0,0,100,16.28,0.2584,404.1,200,1,0,0.3477,1,1,1,1,1,1,1,4,4,-1,[ OK ]
716.2,4/13/2026 8:19:16 PM,3243,103,0.1475,120.2,0.4016,0.5185,1.521,0,0,0,100,16.28,0.259,404.1,200,1,0,0.3516,1,1,1,1,1,1,1,4,4,-1,[ OK ]
716.8,4/13/2026 8:19:17 PM,3244,103,0.1473,120.8,0.3932,0.5177,1.53,0,0,0,100,16.28,0.2562,403.9,200,1,0,0.3488,1,1,1,1,1,1,1,4,4,-1,[ OK ]
717.3,4/13/2026 8:19:17 PM,3245,103,0.1473,120.9,0.3973,0.5177,1.53,0,0,0,100,16.28,0.2568,404.1,200,1,0,0.3486,1,1,1,1,1,1,1,4,4,-1,[ OK ]
718.0,4/13/2026 8:19:18 PM,3245,103,0.1475,120.3,0.3919,0.5184,1.523,0,0,0,100,16.28,0.257,404.4,200,1,0,0.3521,1,1,1,1,1,1,1,4,4,-1,[ OK ]
718.6,4/13/2026 8:19:18 PM,3246,103,0.1474,120.2,0.3957,0.5186,1.52,0,0,0,100,16.28,0.2564,404.1,200,1,0,0.3468,1,1,1,1,1,1,1,4,4,-1,[ OK ]
719.2,4/13/2026 8:19:19 PM,3246,103,0.1474,120.4,0.4013,0.5177,1.531,0,0,0,100,16.28,0.2576,404.1,200,1,0,0.3542,1,1,1,1,1,1,1,4,4,-1,[ OK ]
719.8,4/13/2026 8:19:20 PM,3247,103,0.1476,119.5,0.3965,0.5175,1.533,0,0,0,100,16.28,0.2552,404.1,200,1,0,0.3617,1,1,1,1,1,1,1,4,4,-1,[ OK ]
720.4,4/13/2026 8:19:20 PM,3248,103,0.1477,119.4,0.3966,0.5187,1.521,0,0,0,100,16.28,0.2549,404.2,200,1,0,0.3512,1,1,1,1,1,1,1,4,4,-1,[ OK ]
721.1,4/13/2026 8:19:21 PM,3248,103,0.1477,119.4,0.3988,0.5173,1.536,0,0,0,100,16.28,0.2554,404.4,200,1,0,0.3548,1,1,1,1,1,1,1,4,4,-1,[ OK ]
721.7,4/13/2026 8:19:22 PM,3249,103,0.1474,120.2,0.3949,0.5177,1.532,0,0,0,100,16.28,0.2571,404.1,200,1,0,0.344,1,1,1,1,1,1,1,4,4,-1,[ OK ]
722.2,4/13/2026 8:19:22 PM,3249,103,0.1476,119.6,0.3919,0.5181,1.527,0,0,0,100,16.28,0.2552,403.8,200,1,0,0.3486,1,1,1,1,1,1,1,4,4,-1,[ OK ]
722.6,4/13/2026 8:19:22 PM,3250,103,0.1477,119.4,0.3981,0.5187,1.52,0,0,0,100,16.28,0.2543,404.2,200,1,0,0.3635,1,1,1,1,1,1,1,4,4,-1,[ OK ]
723.2,4/13/2026 8:19:23 PM,3250,103,0.1476,119.8,0.3927,0.5179,1.529,0,0,0,100,16.28,0.2564,404.3,200,1,0,0.3459,1,1,1,1,1,1,1,4,4,-1,[ OK ]
723.8,4/13/2026 8:19:24 PM,3251,103,0.1475,120,0.3934,0.518,1.529,0,0,0,100,16.28,0.2539,404.1,200,1,0,0.3542,1,1,1,1,1,1,1,4,4,-1,[ OK ]
724.3,4/13/2026 8:19:24 PM,3252,103,0.1475,120,0.3927,0.5181,1.528,0,0,0,100,16.28,0.2571,403.9,200,1,0,0.3495,1,1,1,1,1,1,1,4,4,-1,[ OK ]
724.9,4/13/2026 8:19:25 PM,3252,103,0.1474,120.3,0.3982,0.5174,1.534,0,0,0,100,16.28,0.2584,404.2,200,1,0,0.3451,1,1,1,1,1,1,1,4,4,-1,[ OK ]
725.5,4/13/2026 8:19:25 PM,3253,103,0.1474,120.4,0.4022,0.5176,1.534,0,0,0,100,16.28,0.2567,403.9,200,1,0,0.3448,1,1,1,1,1,1,1,4,4,-1,[ OK ]
726.1,4/13/2026 8:19:26 PM,3253,103,0.1475,119.9,0.3977,0.5186,1.522,0,0,0,100,16.28,0.2561,404,200,1,0,0.3636,1,1,1,1,1,1,1,4,4,-1,[ OK ]
726.7,4/13/2026 8:19:27 PM,3254,103,0.1474,120.4,0.3938,0.5183,1.525,0,0,0,100,16.28,0.257,404.1,200,1,0,0.3505,1,1,1,1,1,1,1,4,4,-1,[ OK ]
727.3,4/13/2026 8:19:27 PM,3255,103,0.1475,120.1,0.3989,0.5183,1.525,0,0,0,100,16.28,0.257,403.9,200,1,0,0.3579,1,1,1,1,1,1,1,4,4,-1,[ OK ]
727.9,4/13/2026 8:19:28 PM,3255,103,0.1475,120,0.3986,0.5178,1.53,0,0,0,100,16.28,0.2558,404.3,200,1,0,0.35,1,1,1,1,1,1,1,4,4,-1,[ OK ]
728.5,4/13/2026 8:19:28 PM,3256,103,0.1476,119.7,0.3935,0.5175,1.535,0,0,0,100,16.28,0.2571,403.8,200,1,0,0.3454,1,1,1,1,1,1,1,4,4,-1,[ OK ]
729.1,4/13/2026 8:19:29 PM,3256,103,0.1474,120.4,0.392,0.5175,1.533,0,0,0,100,16.28,0.2563,404.2,200,1,0,0.3545,1,1,1,1,1,1,1,4,4,-1,[ OK ]
729.7,4/13/2026 8:19:30 PM,3257,103,0.1474,120.4,0.3934,0.5174,1.535,0,0,0,100,16.28,0.2553,403.9,200,1,0,0.3484,1,1,1,1,1,1,1,4,4,-1,[ OK ]
730.3,4/13/2026 8:19:30 PM,3258,103,0.1474,120.5,0.3931,0.5184,1.524,0,0,0,100,16.28,0.2565,404.2,200,1,0,0.3461,1,1,1,1,1,1,1,4,4,-1,[ OK ]
730.9,4/13/2026 8:19:31 PM,3258,103,0.1473,120.9,0.395,0.5171,1.539,0,0,0,100,16.28,0.2542,404.1,200,1,0,0.3512,1,1,1,1,1,1,1,4,4,-1,[ OK ]
731.6,4/13/2026 8:19:31 PM,3259,103,0.1477,119.4,0.3971,0.5179,1.53,0,0,0,100,16.28,0.2568,404.1,200,1,0,0.3513,1,1,1,1,1,1,1,4,4,-1,[ OK ]
732.2,4/13/2026 8:19:32 PM,3259,103,0.1475,120.1,0.3921,0.5183,1.525,0,0,0,100,16.28,0.2561,404,200,1,0,0.3577,1,1,1,1,1,1,1,4,4,-1,[ OK ]
732.9,4/13/2026 8:19:33 PM,3260,103,0.1474,120.4,0.396,0.5177,1.531,0,0,0,100,16.28,0.255,404,200,1,0,0.3594,1,1,1,1,1,1,1,4,4,-1,[ OK ]
733.4,4/13/2026 8:19:33 PM,3261,103,0.1474,120.4,0.3997,0.5183,1.524,0,0,0,100,16.28,0.2539,403.9,200,1,0,0.3605,1,1,1,1,1,1,1,4,4,-1,[ OK ]
734.0,4/13/2026 8:19:34 PM,3261,103,0.1475,120,0.3933,0.5182,1.524,0,0,0,100,16.28,0.2558,404.2,200,1,0,0.3574,1,1,1,1,1,1,1,4,4,-1,[ OK ]
734.6,4/13/2026 8:19:34 PM,3262,103,0.1475,120,0.4004,0.5181,1.525,0,0,0,100,16.28,0.2556,404.1,200,1,0,0.3515,1,1,1,1,1,1,1,4,4,-1,[ OK ]
735.2,4/13/2026 8:19:35 PM,3262,103,0.1475,120.2,0.3932,0.5181,1.526,0,0,0,100,16.28,0.2549,404.2,200,1,0,0.356,1,1,1,1,1,1,1,4,4,-1,[ OK ]
735.8,4/13/2026 8:19:36 PM,3263,103,0.1477,119.3,0.3918,0.5174,1.534,0,0,0,100,16.28,0.2539,404.2,200,1,0,0.3612,1,1,1,1,1,1,1,4,4,-1,[ OK ]
736.3,4/13/2026 8:19:36 PM,3264,103,0.1474,120.4,0.3938,0.5176,1.532,0,0,0,100,16.28,0.2554,404.2,200,1,0,0.3482,1,1,1,1,1,1,1,4,4,-1,[ OK ]
736.9,4/13/2026 8:19:37 PM,3264,103,0.1476,119.9,0.3971,0.5187,1.521,0,0,0,100,16.28,0.2526,404.2,200,1,0,0.3689,1,1,1,1,1,1,1,4,4,-1,[ OK ]
737.5,4/13/2026 8:19:37 PM,3265,103,0.1476,119.9,0.3941,0.5183,1.524,0,0,0,100,16.28,0.2541,404.2,200,1,0,0.3607,1,1,1,1,1,1,1,4,4,-1,[ OK ]
738.0,4/13/2026 8:19:38 PM,3265,103,0.1476,119.7,0.3918,0.5183,1.523,0,0,0,100,16.28,0.2544,403.8,200,1,0,0.3555,1,1,1,1,1,1,1,4,4,-1,[ OK ]
738.6,4/13/2026 8:19:38 PM,3266,103,0.1473,120.4,0.3918,0.5173,1.533,0,0,0,100,16.28,0.2543,404.1,200,1,0,0.3535,1,1,1,1,1,1,1,4,4,-1,[ OK ]
739.2,4/13/2026 8:19:39 PM,3266,103,0.1475,119.9,0.3921,0.5175,1.53,0,0,0,100,16.28,0.2519,404,200,1,0,0.3666,1,1,1,1,1,1,1,4,4,-1,[ OK ]
739.9,4/13/2026 8:19:40 PM,3267,103,0.1473,120.4,0.3918,0.5176,1.531,0,0,0,100,16.28,0.252,404.1,200,1,0,0.362,1,1,1,1,1,1,1,4,4,-1,[ OK ]
740.4,4/13/2026 8:19:40 PM,3268,103,0.1475,119.8,0.3946,0.5175,1.531,0,0,0,100,16.28,0.2545,403.8,200,1,0,0.3579,1,1,1,1,1,1,1,4,4,-1,[ OK ]
741.0,4/13/2026 8:19:41 PM,3268,103,0.1474,120.1,0.395,0.5177,1.529,0,0,0,100,16.28,0.2529,403.8,200,1,0,0.3605,1,1,1,1,1,1,1,4,4,-1,[ OK ]
741.5,4/13/2026 8:19:41 PM,3269,103,0.1476,119.7,0.3971,0.5177,1.529,0,0,0,100,16.28,0.2547,404,200,1,0,0.3504,1,1,1,1,1,1,1,4,4,-1,[ OK ]
741.9,4/13/2026 8:19:42 PM,3269,103,0.1473,120.6,0.3965,0.5174,1.533,0,0,0,100,16.28,0.2545,404,200,1,0,0.3582,1,1,1,1,1,1,1,4,4,-1,[ OK ]
742.6,4/13/2026 8:19:42 PM,3270,103,0.1474,120.2,0.3949,0.5183,1.524,0,0,0,100,16.28,0.2545,404.3,200,1,0,0.3615,1,1,1,1,1,1,1,4,4,-1,[ OK ]
743.2,4/13/2026 8:19:43 PM,3270,103,0.1476,119.5,0.4024,0.5182,1.525,0,0,0,100,16.28,0.2539,404.2,200,1,0,0.3621,1,1,1,1,1,1,1,4,4,-1,[ OK ]
743.8,4/13/2026 8:19:44 PM,3271,103,0.1475,119.9,0.3979,0.5172,1.536,0,0,0,100,16.28,0.2546,403.8,200,1,0,0.3528,1,1,1,1,1,1,1,4,4,-1,[ OK ]
744.4,4/13/2026 8:19:44 PM,3272,103,0.1475,119.7,0.4004,0.5183,1.525,0,0,0,100,16.28,0.2576,404.2,200,1,0,0.3485,1,1,1,1,1,1,1,4,4,-1,[ OK ]
745.0,4/13/2026 8:19:45 PM,3272,103,0.1475,120,0.3959,0.5185,1.523,0,0,0,100,16.28,0.2566,403.8,200,1,0,0.3453,1,1,1,1,1,1,1,4,4,-1,[ OK ]
745.6,4/13/2026 8:19:45 PM,3273,103,0.1476,119.6,0.3993,0.5178,1.531,0,0,0,100,16.28,0.2572,403.9,200,1,0,0.3575,1,1,1,1,1,1,1,4,4,-1,[ OK ]
746.0,4/13/2026 8:19:46 PM,3273,103,0.1475,120,0.3991,0.5187,1.521,0,0,0,100,16.28,0.256,403.9,200,1,0,0.3568,1,1,1,1,1,1,1,4,4,-1,[ OK ]
746.6,4/13/2026 8:19:46 PM,3274,103,0.1471,121.1,0.3936,0.5175,1.535,0,0,0,100,16.28,0.2557,404,200,1,0,0.3498,1,1,1,1,1,1,1,4,4,-1,[ OK ]
747.2,4/13/2026 8:19:47 PM,3274,103,0.1472,120.9,0.3933,0.5184,1.525,0,0,0,100,16.28,0.2581,404,200,1,0,0.3421,1,1,1,1,1,1,1,4,4,-1,[ OK ]
747.9,4/13/2026 8:19:48 PM,3275,103,0.1479,118.7,0.3918,0.5184,1.524,0,0,0,100,16.28,0.2575,404.1,200,1,0,0.3506,1,1,1,1,1,1,1,4,4,-1,[ OK ]
748.5,4/13/2026 8:19:48 PM,3276,103,0.1476,119.7,0.3956,0.5179,1.53,0,0,0,100,16.28,0.2581,403.8,200,1,0,0.3543,1,1,1,1,1,1,1,4,4,-1,[ OK ]
749.1,4/13/2026 8:19:49 PM,3276,103,0.1475,119.9,0.395,0.5174,1.534,0,0,0,100,16.28,0.256,403.9,200,1,0,0.3465,1,1,1,1,1,1,1,4,4,-1,[ OK ]
749.7,4/13/2026 8:19:50 PM,3277,103,0.1474,120.2,0.3926,0.5174,1.536,0,0,0,100,16.28,0.2559,403.9,200,1,0,0.347,1,1,1,1,1,1,1,4,4,-1,[ OK ]
750.3,4/13/2026 8:19:50 PM,3278,103,0.1475,119.8,0.3918,0.5176,1.534,0,0,0,100,16.28,0.2578,404.1,200,1,0,0.342,1,1,1,1,1,1,1,4,4,-1,[ OK ]
751.0,4/13/2026 8:19:51 PM,3278,103,0.1478,119.1,0.3963,0.5186,1.523,0,0,0,100,16.28,0.2575,404.1,200,1,0,0.3469,1,1,1,1,1,1,1,4,4,-1,[ OK ]
751.6,4/13/2026 8:19:51 PM,3279,103,0.1475,120.1,0.3934,0.5187,1.521,0,0,0,100,16.28,0.2548,403.9,200,1,0,0.3536,1,1,1,1,1,1,1,4,4,-1,[ OK ]
752.3,4/13/2026 8:19:52 PM,3280,103,0.1478,118.9,0.3918,0.5183,1.524,0,0,0,100,16.28,0.2562,403.9,200,1,0,0.346,1,1,1,1,1,1,1,4,4,-1,[ OK ]
753.0,4/13/2026 8:19:53 PM,3280,103,0.1475,119.8,0.3958,0.5178,1.529,0,0,0,100,16.28,0.2565,403.9,200,1,0,0.3522,1,1,1,1,1,1,1,4,4,-1,[ OK ]
753.8,4/13/2026 8:19:54 PM,3281,103,0.1474,120.2,0.3962,0.5179,1.528,0,0,0,100,16.28,0.2572,404.2,200,1,0,0.3512,1,1,1,1,1,1,1,4,4,-1,[ OK ]
754.5,4/13/2026 8:19:54 PM,3282,103,0.1476,119.8,0.3981,0.5187,1.52,0,0,0,100,16.28,0.2558,403.4,200,1,0,0.3472,1,1,1,1,1,1,1,4,4,-1,[ OK ]
755.1,4/13/2026 8:19:55 PM,3282,103,0.1474,120.4,0.3925,0.5188,1.518,0,0,0,100,16.28,0.2569,404,200,1,0,0.3443,1,1,1,1,1,1,1,4,4,-1,[ OK ]
755.6,4/13/2026 8:19:55 PM,3283,103,0.1475,120.1,0.3925,0.5181,1.525,0,0,0,100,16.28,0.26,404.1,200,1,0,0.3399,1,1,1,1,1,1,1,4,4,-1,[ OK ]
756.2,4/13/2026 8:19:56 PM,3283,103,0.1476,119.7,0.3942,0.5185,1.522,0,0,0,100,16.28,0.2574,404.2,200,1,0,0.3497,1,1,1,1,1,1,1,4,4,-1,[ OK ]
756.7,4/13/2026 8:19:56 PM,3284,103,0.1475,120,0.4,0.5178,1.528,0,0,0,100,16.28,0.2577,404.2,200,1,0,0.3521,1,1,1,1,1,1,1,4,4,-1,[ OK ]
757.2,4/13/2026 8:19:57 PM,3284,103,0.1475,120.3,0.3997,0.5186,1.52,0,0,0,100,16.28,0.2575,403.9,200,1,0,0.3508,1,1,1,1,1,1,1,4,4,-1,[ OK ]
757.8,4/13/2026 8:19:58 PM,3285,103,0.1476,119.9,0.3991,0.5185,1.521,0,0,0,100,16.28,0.2579,404.2,200,1,0,0.343,1,1,1,1,1,1,1,4,4,-1,[ OK ]
758.4,4/13/2026 8:19:58 PM,3286,103,0.1477,119.6,0.3955,0.5183,1.523,0,0,0,100,16.28,0.2578,404.1,200,1,0,0.3486,1,1,1,1,1,1,1,4,4,-1,[ OK ]
759.0,4/13/2026 8:19:59 PM,3286,103,0.1475,120.3,0.3919,0.5175,1.532,0,0,0,100,16.28,0.2588,404,200,1,0,0.3396,1,1,1,1,1,1,1,4,4,-1,[ OK ]
759.7,4/13/2026 8:19:59 PM,3287,103,0.1475,120.4,0.4001,0.518,1.527,0,0,0,100,16.28,0.2581,404.1,200,1,0,0.3417,1,1,1,1,1,1,1,4,4,-1,[ OK ]
760.2,4/13/2026 8:20:00 PM,3287,103,0.1476,120,0.3918,0.5181,1.525,0,0,0,100,16.28,0.2569,404.2,200,1,0,0.3516,1,1,1,1,1,1,1,4,4,-1,[ OK ]
760.7,4/13/2026 8:20:01 PM,3288,103,0.1477,119.7,0.3918,0.5174,1.533,0,0,0,100,16.28,0.2592,404.2,200,1,0,0.3476,1,1,1,1,1,1,1,4,4,-1,[ OK ]
761.1,4/13/2026 8:20:01 PM,3288,103,0.1476,119.7,0.3969,0.5184,1.522,0,0,0,100,16.28,0.2581,404.1,200,1,0,0.3434,1,1,1,1,1,1,1,4,4,-1,[ OK ]
761.8,4/13/2026 8:20:02 PM,3289,103,0.1473,120.9,0.3969,0.5177,1.529,0,0,0,100,16.28,0.2592,404,200,1,0,0.3471,1,1,1,1,1,1,1,4,4,-1,[ OK ]
762.4,4/13/2026 8:20:02 PM,3290,103,0.1475,120.1,0.4003,0.5179,1.528,0,0,0,100,16.28,0.2597,404.1,200,1,0,0.3375,1,1,1,1,1,1,1,4,4,-1,[ OK ]
763.0,4/13/2026 8:20:03 PM,3290,103,0.1475,120.2,0.4006,0.5177,1.529,0,0,0,100,16.28,0.2591,403.9,200,1,0,0.3429,1,1,1,1,1,1,1,4,4,-1,[ OK ]
763.5,4/13/2026 8:20:03 PM,3291,103,0.1476,119.8,0.4015,0.5181,1.525,0,0,0,100,16.28,0.2588,403.9,200,1,0,0.352,1,1,1,1,1,1,1,4,4,-1,[ OK ]
764.1,4/13/2026 8:20:04 PM,3291,103,0.1476,120.1,0.3918,0.5176,1.53,0,0,0,100,16.28,0.26,403.9,200,1,0,0.3475,1,1,1,1,1,1,1,4,4,-1,[ OK ]
764.8,4/13/2026 8:20:05 PM,3292,103,0.1478,119.5,0.3927,0.5173,1.534,0,0,0,100,16.28,0.2584,403.9,200,1,0,0.3406,1,1,1,1,1,1,1,4,4,-1,[ OK ]
765.4,4/13/2026 8:20:05 PM,3293,103,0.1475,120.5,0.3942,0.518,1.527,0,0,0,100,16.28,0.2605,404.1,200,1,0,0.3353,1,1,1,1,1,1,1,4,4,-1,[ OK ]
766.0,4/13/2026 8:20:06 PM,3293,103,0.1477,119.8,0.3942,0.518,1.526,0,0,0,100,16.28,0.2583,404,200,1,0,0.3407,1,1,1,1,1,1,1,4,4,-1,[ OK ]
766.5,4/13/2026 8:20:06 PM,3294,103,0.1476,120.1,0.3918,0.5178,1.528,0,0,0,100,16.28,0.2562,404.2,200,1,0,0.3461,1,1,1,1,1,1,1,4,4,-1,[ OK ]
767.2,4/13/2026 8:20:07 PM,3294,103,0.1477,119.5,0.3929,0.518,1.526,0,0,0,100,16.28,0.2595,404.2,200,1,0,0.3429,1,1,1,1,1,1,1,4,4,-1,[ OK ]
767.8,4/13/2026 8:20:08 PM,3295,103,0.1478,119.5,0.3918,0.5178,1.529,0,0,0,100,16.28,0.2607,404.2,200,1,0,0.3483,1,1,1,1,1,1,1,4,4,-1,[ OK ]
768.3,4/13/2026 8:20:08 PM,3296,103,0.1476,120.2,0.3918,0.5187,1.521,0,0,0,100,16.28,0.2599,403.9,200,1,0,0.3448,1,1,1,1,1,1,1,4,4,-1,[ OK ]
768.8,4/13/2026 8:20:09 PM,3296,103,0.1477,119.7,0.4006,0.5181,1.527,0,0,0,100,16.28,0.2583,404.2,200,1,0,0.3413,1,1,1,1,1,1,1,4,4,-1,[ OK ]
769.4,4/13/2026 8:20:09 PM,3297,103,0.1473,121,0.3949,0.5187,1.52,0,0,0,100,16.28,0.2584,404.1,200,1,0,0.3445,1,1,1,1,1,1,1,4,4,-1,[ OK ]
770.0,4/13/2026 8:20:10 PM,3297,103,0.1474,120.6,0.396,0.5175,1.532,0,0,0,100,16.28,0.2569,404.2,200,1,0,0.35,1,1,1,1,1,1,1,4,4,-1,[ OK ]
770.7,4/13/2026 8:20:10 PM,3298,103,0.1477,119.5,0.3918,0.5179,1.527,0,0,0,100,16.28,0.2588,403.8,200,1,0,0.3407,1,1,1,1,1,1,1,4,4,-1,[ OK ]
771.3,4/13/2026 8:20:11 PM,3299,103,0.1475,120,0.3998,0.5172,1.534,0,0,0,100,16.28,0.2584,404.2,200,1,0,0.3499,1,1,1,1,1,1,1,4,4,-1,[ OK ]
771.9,4/13/2026 8:20:12 PM,3299,103,0.1476,119.7,0.3925,0.5182,1.523,0,0,0,100,16.28,0.2589,404.1,200,1,0,0.3427,1,1,1,1,1,1,1,4,4,-1,[ OK ]
772.5,4/13/2026 8:20:12 PM,3300,103,0.1477,119.4,0.3918,0.5182,1.523,0,0,0,100,16.28,0.2578,404.2,200,1,0,0.3524,1,1,1,1,1,1,1,4,4,-1,[ OK ]
773.2,4/13/2026 8:20:13 PM,3300,103,0.1476,119.7,0.3981,0.5173,1.534,0,0,0,100,16.28,0.2587,403.9,200,1,0,0.3399,1,1,1,1,1,1,1,4,4,-1,[ OK ]
773.7,4/13/2026 8:20:14 PM,3301,103,0.1476,119.9,0.3918,0.5171,1.538,0,0,0,100,16.28,0.2571,404.2,200,1,0,0.3474,1,1,1,1,1,1,1,4,4,-1,[ OK ]
774.3,4/13/2026 8:20:14 PM,3302,103,0.1474,120.7,0.4,0.5178,1.529,0,0,0,100,16.28,0.2582,403.9,200,1,0,0.3461,1,1,1,1,1,1,1,4,4,-1,[ OK ]
774.8,4/13/2026 8:20:15 PM,3302,103,0.1477,119.8,0.3942,0.5185,1.521,0,0,0,100,16.28,0.2593,404.2,200,1,0,0.3383,1,1,1,1,1,1,1,4,4,-1,[ OK ]
775.5,4/13/2026 8:20:15 PM,3303,103,0.1475,120.1,0.3935,0.5181,1.525,0,0,0,100,16.28,0.2605,404.2,200,1,0,0.3422,1,1,1,1,1,1,1,4,4,-1,[ OK ]
776.2,4/13/2026 8:20:16 PM,3303,103,0.1475,120.1,0.3952,0.518,1.526,0,0,0,100,16.28,0.257,404.1,200,1,0,0.3521,1,1,1,1,1,1,1,4,4,-1,[ OK ]
776.7,4/13/2026 8:20:17 PM,3304,103,0.1476,119.7,0.3918,0.5184,1.521,0,0,0,100,16.28,0.2595,403.9,200,1,0,0.3497,1,1,1,1,1,1,1,4,4,-1,[ OK ]
777.3,4/13/2026 8:20:17 PM,3305,103,0.1475,120.1,0.3993,0.5177,1.529,0,0,0,100,16.28,0.2588,403.8,200,1,0,0.3394,1,1,1,1,1,1,1,4,4,-1,[ OK ]
777.8,4/13/2026 8:20:18 PM,3305,103,0.1475,120,0.3918,0.5175,1.532,0,0,0,100,16.28,0.2586,404,200,1,0,0.3532,1,1,1,1,1,1,1,4,4,-1,[ OK ]
778.5,4/13/2026 8:20:18 PM,3306,103,0.1474,120.4,0.4014,0.5173,1.535,0,0,0,100,16.28,0.2559,404.2,200,1,0,0.3514,1,1,1,1,1,1,1,4,4,-1,[ OK ]
779.1,4/13/2026 8:20:19 PM,3306,103,0.1475,120,0.3949,0.5188,1.518,0,0,0,100,16.28,0.2585,403.9,200,1,0,0.3445,1,1,1,1,1,1,1,4,4,-1,[ OK ]
779.7,4/13/2026 8:20:20 PM,3307,103,0.1474,120.2,0.3918,0.5178,1.529,0,0,0,100,16.28,0.2591,404.2,200,1,0,0.35,1,1,1,1,1,1,1,4,4,-1,[ OK ]
780.3,4/13/2026 8:20:20 PM,3308,103,0.1476,119.7,0.4013,0.5184,1.522,0,0,0,100,16.28,0.2591,404.1,200,1,0,0.3465,1,1,1,1,1,1,1,4,4,-1,[ OK ]
780.9,4/13/2026 8:20:21 PM,3308,103,0.1475,120.1,0.3941,0.5179,1.528,0,0,0,100,16.28,0.2582,404.1,200,1,0,0.3448,1,1,1,1,1,1,1,4,4,-1,[ OK ]
781.5,4/13/2026 8:20:21 PM,3309,103,0.1475,119.8,0.3918,0.5184,1.523,0,0,0,100,16.28,0.2578,404.2,200,1,0,0.3421,1,1,1,1,1,1,1,4,4,-1,[ OK ]
782.0,4/13/2026 8:20:22 PM,3309,103,0.1475,120.1,0.4011,0.5176,1.531,0,0,0,100,16.28,0.2629,404,200,1,0,0.3308,1,1,1,1,1,1,1,4,4,-1,[ OK ]
782.5,4/13/2026 8:20:22 PM,3310,103,0.1475,119.9,0.3956,0.5174,1.532,0,0,0,100,16.28,0.264,403.9,200,1,0,0.3302,1,1,1,1,1,1,1,4,4,-1,[ OK ]
783.0,4/13/2026 8:20:23 PM,3310,103,0.1473,120.7,0.395,0.5186,1.52,0,0,0,100,16.28,0.2614,404.2,200,1,0,0.3411,1,1,1,1,1,1,1,4,4,-1,[ OK ]
783.7,4/13/2026 8:20:23 PM,3311,103,0.1476,119.8,0.3976,0.5183,1.523,0,0,0,100,16.28,0.2591,403.9,200,1,0,0.3532,1,1,1,1,1,1,1,4,4,-1,[ OK ]
784.2,4/13/2026 8:20:24 PM,3311,103,0.1475,120.2,0.3918,0.5176,1.531,0,0,0,100,16.28,0.2587,404,200,1,0,0.3483,1,1,1,1,1,1,1,4,4,-1,[ OK ]
784.8,4/13/2026 8:20:25 PM,3312,103,0.1474,120.2,0.3918,0.5174,1.534,0,0,0,100,16.28,0.2589,404.1,200,1,0,0.3393,1,1,1,1,1,1,1,4,4,-1,[ OK ]
785.3,4/13/2026 8:20:25 PM,3313,103,0.1474,120.2,0.3918,0.5178,1.53,0,0,0,100,16.28,0.2596,403.8,200,1,0,0.344,1,1,1,1,1,1,1,4,4,-1,[ OK ]
785.8,4/13/2026 8:20:26 PM,3313,103,0.1475,119.9,0.3977,0.5177,1.531,0,0,0,100,16.28,0.2589,403.9,200,1,0,0.352,1,1,1,1,1,1,1,4,4,-1,[ OK ]
786.4,4/13/2026 8:20:26 PM,3314,103,0.1474,120.1,0.3918,0.5177,1.531,0,0,0,100,16.28,0.2604,404.3,200,1,0,0.3355,1,1,1,1,1,1,1,4,4,-1,[ OK ]
786.9,4/13/2026 8:20:27 PM,3314,103,0.1475,120.1,0.3968,0.5185,1.522,0,0,0,100,16.28,0.2561,403.9,200,1,0,0.3537,1,1,1,1,1,1,1,4,4,-1,[ OK ]
787.5,4/13/2026 8:20:27 PM,3315,103,0.1477,119.5,0.3939,0.5179,1.529,0,0,0,100,16.28,0.255,404.2,200,1,0,0.3491,1,1,1,1,1,1,1,4,4,-1,[ OK ]
788.1,4/13/2026 8:20:28 PM,3315,103,0.1476,119.9,0.3918,0.5181,1.527,0,0,0,100,16.28,0.2552,404,200,1,0,0.3539,1,1,1,1,1,1,1,4,4,-1,[ OK ]
788.7,4/13/2026 8:20:28 PM,3316,103,0.1475,120.2,0.3925,0.5177,1.531,0,0,0,100,16.28,0.2571,404.1,200,1,0,0.3438,1,1,1,1,1,1,1,4,4,-1,[ OK ]
789.2,4/13/2026 8:20:29 PM,3316,103,0.1476,119.9,0.392,0.5186,1.522,0,0,0,100,16.28,0.2574,404.2,200,1,0,0.343,1,1,1,1,1,1,1,4,4,-1,[ OK ]
789.7,4/13/2026 8:20:30 PM,3317,103,0.1476,119.7,0.3926,0.5184,1.525,0,0,0,100,16.28,0.2561,404.2,200,1,0,0.3578,1,1,1,1,1,1,1,4,4,-1,[ OK ]
790.1,4/13/2026 8:20:30 PM,3317,103,0.1476,119.7,0.3918,0.5181,1.527,0,0,0,100,16.28,0.2554,404,200,1,0,0.3494,1,1,1,1,1,1,1,4,4,-1,[ OK ]
790.7,4/13/2026 8:20:31 PM,3318,103,0.1475,120.3,0.3918,0.5185,1.523,0,0,0,100,16.28,0.2559,404,200,1,0,0.3522,1,1,1,1,1,1,1,4,4,-1,[ OK ]
791.3,4/13/2026 8:20:31 PM,3319,103,0.1476,120,0.3918,0.5176,1.532,0,0,0,100,16.28,0.2578,403.9,200,1,0,0.35,1,1,1,1,1,1,1,4,4,-1,[ OK ]
791.9,4/13/2026 8:20:32 PM,3319,103,0.1473,120.7,0.3979,0.5173,1.535,0,0,0,100,16.28,0.2556,403.8,200,1,0,0.3478,1,1,1,1,1,1,1,4,4,-1,[ OK ]
792.5,4/13/2026 8:20:32 PM,3320,103,0.1475,120.1,0.3941,0.5184,1.523,0,0,0,100,16.28,0.2558,404,200,1,0,0.3471,1,1,1,1,1,1,1,4,4,-1,[ OK ]
793.0,4/13/2026 8:20:33 PM,3320,103,0.1477,119.6,0.3923,0.5179,1.529,0,0,0,100,16.28,0.2546,403.7,200,1,0,0.3595,1,1,1,1,1,1,1,4,4,-1,[ OK ]
793.6,4/13/2026 8:20:33 PM,3321,103,0.1475,120.2,0.393,0.5177,1.532,0,0,0,100,16.28,0.2567,404.1,200,1,0,0.3489,1,1,1,1,1,1,1,4,4,-1,[ OK ]
794.3,4/13/2026 8:20:34 PM,3321,103,0.1477,119.5,0.3918,0.5181,1.528,0,0,0,100,16.28,0.2545,403.8,200,1,0,0.3633,1,1,1,1,1,1,1,4,4,-1,[ OK ]
794.9,4/13/2026 8:20:35 PM,3322,103,0.1477,119.7,0.3974,0.5181,1.527,0,0,0,100,16.28,0.2548,404.1,200,1,0,0.3497,1,1,1,1,1,1,1,4,4,-1,[ OK ]
795.5,4/13/2026 8:20:35 PM,3323,103,0.1475,120.3,0.3971,0.5182,1.525,0,0,0,100,16.28,0.2539,404.2,200,1,0,0.3633,1,1,1,1,1,1,1,4,4,-1,[ OK ]
796.0,4/13/2026 8:20:36 PM,3323,103,0.1476,119.8,0.3967,0.5181,1.526,0,0,0,100,16.28,0.2567,403.9,200,1,0,0.3553,1,1,1,1,1,1,1,4,4,-1,[ OK ]
796.6,4/13/2026 8:20:36 PM,3324,103,0.1477,119.7,0.3992,0.5182,1.525,0,0,0,100,16.28,0.2555,403.9,200,1,0,0.3572,1,1,1,1,1,1,1,4,4,-1,[ OK ]
797.3,4/13/2026 8:20:37 PM,3324,103,0.1476,119.9,0.3926,0.518,1.527,0,0,0,100,16.28,0.2554,404,200,1,0,0.3483,1,1,1,1,1,1,1,4,4,-1,[ OK ]
797.8,4/13/2026 8:20:38 PM,3325,103,0.1476,120,0.392,0.5176,1.53,0,0,0,100,16.28,0.2547,404.2,200,1,0,0.3523,1,1,1,1,1,1,1,4,4,-1,[ OK ]
798.4,4/13/2026 8:20:38 PM,3326,103,0.1478,119.2,0.4003,0.5177,1.53,0,0,0,100,16.28,0.2553,404.1,200,1,0,0.358,1,1,1,1,1,1,1,4,4,-1,[ OK ]
798.9,4/13/2026 8:20:39 PM,3326,103,0.1476,120,0.3978,0.5174,1.533,0,0,0,100,16.28,0.2546,404.1,200,1,0,0.3503,1,1,1,1,1,1,1,4,4,-1,[ OK ]
799.4,4/13/2026 8:20:39 PM,3327,103,0.1477,119.7,0.3981,0.5176,1.532,0,0,0,100,16.28,0.2562,404.2,200,1,0,0.3601,1,1,1,1,1,1,1,4,4,-1,[ OK ]
800.1,4/13/2026 8:20:40 PM,3327,103,0.1476,120,0.3952,0.518,1.527,0,0,0,100,16.28,0.2564,404.3,200,1,0,0.3455,1,1,1,1,1,1,1,4,4,-1,[ OK ]
800.7,4/13/2026 8:20:40 PM,3328,103,0.1474,120.7,0.3918,0.5172,1.536,0,0,0,100,16.28,0.2542,404.2,200,1,0,0.3517,1,1,1,1,1,1,1,4,4,-1,[ OK ]
801.2,4/13/2026 8:20:41 PM,3328,103,0.1476,119.8,0.3967,0.5182,1.525,0,0,0,100,16.28,0.2564,404.3,200,1,0,0.3505,1,1,1,1,1,1,1,4,4,-1,[ OK ]
801.7,4/13/2026 8:20:42 PM,3329,103,0.1477,119.7,0.385,0.5185,1.521,0,0,0,100,16.28,0.2601,404,200,1,0,0.3498,1,1,1,1,1,1,1,4,4,-1,[ OK ]
802.3,4/13/2026 8:20:42 PM,3330,103,0.1476,120.1,0.3943,0.5178,1.528,0,0,0,100,16.28,0.2598,403.9,200,1,0,0.3425,1,1,1,1,1,1,1,4,4,-1,[ OK ]
802.9,4/13/2026 8:20:43 PM,3330,103,0.1469,122.2,0.3981,0.5178,1.528,0,0,0,100,16.28,0.2564,404,200,1,0,0.3455,1,1,1,1,1,1,1,4,4,-1,[ OK ]
803.5,4/13/2026 8:20:43 PM,3331,103,0.1476,120.2,0.3939,0.5174,1.533,0,0,0,100,16.28,0.2596,404,200,1,0,0.3453,1,1,1,1,1,1,1,4,4,-1,[ OK ]
804.1,4/13/2026 8:20:44 PM,3331,103,0.1477,119.7,0.3918,0.5176,1.531,0,0,0,100,16.28,0.2588,404.1,200,1,0,0.3432,1,1,1,1,1,1,1,4,4,-1,[ OK ]
804.7,4/13/2026 8:20:45 PM,3332,103,0.1476,120.2,0.3938,0.5186,1.521,0,0,0,100,16.28,0.2601,404,200,1,0,0.3363,1,1,1,1,1,1,1,4,4,-1,[ OK ]
805.4,4/13/2026 8:20:45 PM,3333,103,0.1474,120.8,0.4003,0.5187,1.52,0,0,0,100,16.28,0.2602,403.9,200,1,0,0.3409,1,1,1,1,1,1,1,4,4,-1,[ OK ]
806.0,4/13/2026 8:20:46 PM,3333,103,0.1478,119.7,0.3988,0.5185,1.522,0,0,0,100,16.28,0.2612,404.2,200,1,0,0.3451,1,1,1,1,1,1,1,4,4,-1,[ OK ]
806.6,4/13/2026 8:20:46 PM,3334,103,0.1478,119.4,0.396,0.5168,1.54,0,0,0,100,16.28,0.2587,404.3,200,1,0,0.3397,1,1,1,1,1,1,1,4,4,-1,[ OK ]
807.1,4/13/2026 8:20:47 PM,3334,103,0.1477,119.9,0.3972,0.5182,1.525,0,0,0,100,16.28,0.2593,404.2,200,1,0,0.3408,1,1,1,1,1,1,1,4,4,-1,[ OK ]
807.6,4/13/2026 8:20:47 PM,3335,103,0.1473,121.1,0.3973,0.5186,1.521,0,0,0,100,16.28,0.2577,403.9,200,1,0,0.3462,1,1,1,1,1,1,1,4,4,-1,[ OK ]
808.3,4/13/2026 8:20:48 PM,3335,103,0.1476,120.2,0.3935,0.5179,1.529,0,0,0,100,16.28,0.2578,403.9,200,1,0,0.3421,1,1,1,1,1,1,1,4,4,-1,[ OK ]
808.9,4/13/2026 8:20:49 PM,3336,103,0.1478,119.6,0.3918,0.5178,1.53,0,0,0,100,16.28,0.2582,404.2,200,1,0,0.3411,1,1,1,1,1,1,1,4,4,-1,[ OK ]
809.5,4/13/2026 8:20:49 PM,3337,103,0.1475,120.4,0.395,0.5187,1.521,0,0,0,100,16.28,0.2591,404.1,200,1,0,0.3387,1,1,1,1,1,1,1,4,4,-1,[ OK ]
810.1,4/13/2026 8:20:50 PM,3337,103,0.1475,120.3,0.3974,0.5177,1.53,0,0,0,100,16.28,0.2566,404.3,200,1,0,0.3462,1,1,1,1,1,1,1,4,4,-1,[ OK ]
810.7,4/13/2026 8:20:51 PM,3338,103,0.1476,120.1,0.396,0.518,1.528,0,0,0,100,16.28,0.2558,404,200,1,0,0.3471,1,1,1,1,1,1,1,4,4,-1,[ OK ]
811.4,4/13/2026 8:20:51 PM,3339,103,0.1474,120.7,0.395,0.5177,1.531,0,0,0,100,16.28,0.2563,404.1,200,1,0,0.3502,1,1,1,1,1,1,1,4,4,-1,[ OK ]
812.0,4/13/2026 8:20:52 PM,3339,103,0.1475,120.3,0.396,0.5185,1.522,0,0,0,100,16.28,0.2566,404.2,200,1,0,0.3459,1,1,1,1,1,1,1,4,4,-1,[ OK ]
812.6,4/13/2026 8:20:52 PM,3340,103,0.1474,120.7,0.3942,0.5175,1.534,0,0,0,100,16.28,0.2592,404.1,200,1,0,0.3483,1,1,1,1,1,1,1,4,4,-1,[ OK ]
813.2,4/13/2026 8:20:53 PM,3340,103,0.1476,120,0.3989,0.5181,1.527,0,0,0,100,16.28,0.2592,403.9,200,1,0,0.3507,1,1,1,1,1,1,1,4,4,-1,[ OK ]
813.9,4/13/2026 8:20:54 PM,3341,103,0.1476,119.9,0.3983,0.5176,1.532,0,0,0,100,16.28,0.2583,403.8,200,1,0,0.3527,1,1,1,1,1,1,1,4,4,-1,[ OK ]
814.6,4/13/2026 8:20:54 PM,3342,103,0.1476,120.2,0.3967,0.5183,1.524,0,0,0,100,16.28,0.2595,403.7,200,1,0,0.3377,1,1,1,1,1,1,1,4,4,-1,[ OK ]
815.1,4/13/2026 8:20:55 PM,3342,103,0.1475,120.5,0.3924,0.5183,1.524,0,0,0,100,16.28,0.2575,403.8,200,1,0,0.3557,1,1,1,1,1,1,1,4,4,-1,[ OK ]
815.7,4/13/2026 8:20:56 PM,3343,103,0.1476,120.2,0.3918,0.5179,1.529,0,0,0,100,16.28,0.2591,403.9,200,1,0,0.3388,1,1,1,1,1,1,1,4,4,-1,[ OK ]
816.4,4/13/2026 8:20:56 PM,3344,103,0.1475,120.4,0.3923,0.5183,1.524,0,0,0,100,16.28,0.2565,403.8,200,1,0,0.3461,1,1,1,1,1,1,1,4,4,-1,[ OK ]
816.9,4/13/2026 8:20:57 PM,3344,103,0.1477,119.7,0.3837,0.5187,1.521,0,0,0,100,16.28,0.2574,404,200,1,0,0.3519,1,1,1,1,1,1,1,4,4,-1,[ OK ]
817.5,4/13/2026 8:20:57 PM,3345,103,0.1474,120.9,0.3936,0.5184,1.523,0,0,0,100,16.28,0.2583,404,200,1,0,0.3407,1,1,1,1,1,1,1,4,4,-1,[ OK ]
818.0,4/13/2026 8:20:58 PM,3345,103,0.1475,120.4,0.3988,0.5182,1.526,0,0,0,100,16.28,0.2592,404.2,200,1,0,0.3431,1,1,1,1,1,1,1,4,4,-1,[ OK ]
818.5,4/13/2026 8:20:58 PM,3346,103,0.1476,120,0.3918,0.5187,1.521,0,0,0,100,16.28,0.2574,404.2,200,1,0,0.3442,1,1,1,1,1,1,1,4,4,-1,[ OK ]
819.1,4/13/2026 8:20:59 PM,3346,103,0.1475,120.3,0.3969,0.5186,1.521,0,0,0,100,16.28,0.2588,404.2,200,1,0,0.3551,1,1,1,1,1,1,1,4,4,-1,[ OK ]
819.7,4/13/2026 8:20:59 PM,3347,103,0.1476,120.1,0.3935,0.5182,1.526,0,0,0,100,16.28,0.2567,404.1,200,1,0,0.3448,1,1,1,1,1,1,1,4,4,-1,[ OK ]
820.3,4/13/2026 8:21:00 PM,3348,103,0.1474,120.4,0.3918,0.5185,1.523,0,0,0,100,16.28,0.2595,404.3,200,1,0,0.3389,1,1,1,1,1,1,1,4,4,-1,[ OK ]
820.8,4/13/2026 8:21:01 PM,3348,103,0.1477,119.7,0.3933,0.518,1.528,0,0,0,100,16.28,0.2574,404.1,200,1,0,0.3431,1,1,1,1,1,1,1,4,4,-1,[ OK ]
821.4,4/13/2026 8:21:01 PM,3349,103,0.1475,120.3,0.3982,0.5172,1.537,0,0,0,100,16.28,0.2598,403.7,200,1,0,0.347,1,1,1,1,1,1,1,4,4,-1,[ OK ]
822.0,4/13/2026 8:21:02 PM,3349,103,0.1476,119.9,0.3955,0.5182,1.526,0,0,0,100,16.28,0.2565,404,200,1,0,0.3584,1,1,1,1,1,1,1,4,4,-1,[ OK ]
822.6,4/13/2026 8:21:02 PM,3350,103,0.1475,120.2,0.3949,0.518,1.528,0,0,0,100,16.28,0.2584,403.9,200,1,0,0.3406,1,1,1,1,1,1,1,4,4,-1,[ OK ]
823.2,4/13/2026 8:21:03 PM,3350,103,0.1476,119.8,0.3974,0.5176,1.532,0,0,0,100,16.28,0.2578,404.2,200,1,0,0.3554,1,1,1,1,1,1,1,4,4,-1,[ OK ]
823.7,4/13/2026 8:21:04 PM,3351,103,0.1475,120.2,0.3954,0.518,1.528,0,0,0,100,16.28,0.259,404,200,1,0,0.339,1,1,1,1,1,1,1,4,4,-1,[ OK ]
824.3,4/13/2026 8:21:04 PM,3352,103,0.1475,120,0.3918,0.5182,1.526,0,0,0,100,16.28,0.2577,404.1,200,1,0,0.3422,1,1,1,1,1,1,1,4,4,-1,[ OK ]
824.9,4/13/2026 8:21:05 PM,3352,103.1,0.1477,119.6,0.3918,0.5186,1.522,0,0,0,100,16.28,0.2602,403.9,200,1,0,0.3443,1,1,1,1,1,1,1,4,4,-1,[ OK ]
825.5,4/13/2026 8:21:05 PM,3353,103.1,0.1475,120.1,0.3918,0.5188,1.519,0,0,0,100,16.28,0.2582,403.9,200,1,0,0.341,1,1,1,1,1,1,1,4,4,-1,[ OK ]
826.0,4/13/2026 8:21:06 PM,3353,103.1,0.1475,120.3,0.3948,0.5186,1.521,0,0,0,100,16.28,0.2591,403.9,200,1,0,0.3439,1,1,1,1,1,1,1,4,4,-1,[ OK ]
826.6,4/13/2026 8:21:06 PM,3354,103.1,0.1476,119.9,0.3918,0.518,1.527,0,0,0,100,16.28,0.2586,403.8,200,1,0,0.3401,1,1,1,1,1,1,1,4,4,-1,[ OK ]
827.2,4/13/2026 8:21:07 PM,3354,103.1,0.1476,119.7,0.3988,0.5186,1.521,0,0,0,100,16.28,0.259,404.2,200,1,0,0.3496,1,1,1,1,1,1,1,4,4,-1,[ OK ]
827.8,4/13/2026 8:21:08 PM,3355,103.1,0.1474,120.3,0.3918,0.5177,1.531,0,0,0,100,16.28,0.2568,404,200,1,0,0.3446,1,1,1,1,1,1,1,4,4,-1,[ OK ]
828.3,4/13/2026 8:21:08 PM,3356,103.1,0.1473,120.7,0.3918,0.5183,1.525,0,0,0,100,16.28,0.2609,404.2,200,1,0,0.3424,1,1,1,1,1,1,1,4,4,-1,[ OK ]
828.9,4/13/2026 8:21:09 PM,3356,103.1,0.1474,120.2,0.3918,0.5184,1.523,0,0,0,100,16.28,0.2613,404.3,200,1,0,0.3399,1,1,1,1,1,1,1,4,4,-1,[ OK ]
829.4,4/13/2026 8:21:09 PM,3357,103.1,0.1476,119.7,0.3996,0.5181,1.527,0,0,0,100,16.28,0.2588,404.2,200,1,0,0.3396,1,1,1,1,1,1,1,4,4,-1,[ OK ]
830.0,4/13/2026 8:21:10 PM,3357,103.1,0.1476,119.8,0.3974,0.5188,1.52,0,0,0,100,16.28,0.2603,404.1,200,1,0,0.3414,1,1,1,1,1,1,1,4,4,-1,[ OK ]
830.5,4/13/2026 8:21:10 PM,3358,103.1,0.1474,120.7,0.3981,0.5184,1.524,0,0,0,100,16.28,0.2594,403.8,200,1,0,0.3517,1,1,1,1,1,1,1,4,4,-1,[ OK ]
831.0,4/13/2026 8:21:11 PM,3358,103.1,0.1475,120.4,0.3967,0.5181,1.527,0,0,0,100,16.28,0.2585,404.2,200,1,0,0.3519,1,1,1,1,1,1,1,4,4,-1,[ OK ]
831.5,4/13/2026 8:21:11 PM,3359,103.1,0.1474,120.6,0.3928,0.5177,1.532,0,0,0,100,16.28,0.2574,404.1,200,1,0,0.3441,1,1,1,1,1,1,1,4,4,-1,[ OK ]
832.2,4/13/2026 8:21:12 PM,3359,103.1,0.1474,120.5,0.3942,0.5177,1.531,0,0,0,100,16.28,0.2588,403.9,200,1,0,0.3409,1,1,1,1,1,1,1,4,4,-1,[ OK ]
832.7,4/13/2026 8:21:12 PM,3360,103.1,0.1475,120,0.3928,0.5183,1.524,0,0,0,100,16.28,0.2578,404.1,200,1,0,0.3536,1,1,1,1,1,1,1,4,4,-1,[ OK ]
833.2,4/13/2026 8:21:13 PM,3360,103.1,0.1476,119.9,0.3966,0.5175,1.532,0,0,0,100,16.28,0.2577,403.9,200,1,0,0.3554,1,1,1,1,1,1,1,4,4,-1,[ OK ]
833.7,4/13/2026 8:21:14 PM,3361,103.1,0.1476,119.9,0.3971,0.5177,1.531,0,0,0,100,16.28,0.2573,403.8,200,1,0,0.3434,1,1,1,1,1,1,1,4,4,-1,[ OK ]
834.2,4/13/2026 8:21:14 PM,3361,103.1,0.1477,119.4,0.3961,0.5173,1.535,0,0,0,100,16.28,0.2579,404.2,200,1,0,0.3419,1,1,1,1,1,1,1,4,4,-1,[ OK ]
834.7,4/13/2026 8:21:15 PM,3362,103.1,0.1476,120,0.3956,0.5179,1.529,0,0,0,100,16.28,0.2582,403.7,200,1,0,0.3497,1,1,1,1,1,1,1,4,4,-1,[ OK ]
835.3,4/13/2026 8:21:15 PM,3362,103.1,0.1475,120.4,0.3967,0.5184,1.523,0,0,0,100,16.28,0.2579,403.9,200,1,0,0.3422,1,1,1,1,1,1,1,4,4,-1,[ OK ]
835.8,4/13/2026 8:21:16 PM,3363,103.1,0.1475,120.2,0.3918,0.518,1.528,0,0,0,100,16.28,0.2588,404.1,200,1,0,0.3502,1,1,1,1,1,1,1,4,4,-1,[ OK ]
836.4,4/13/2026 8:21:16 PM,3364,103.1,0.1477,119.6,0.3933,0.5173,1.536,0,0,0,100,16.28,0.2577,404.1,200,1,0,0.3488,1,1,1,1,1,1,1,4,4,-1,[ OK ]
836.9,4/13/2026 8:21:17 PM,3364,103.1,0.1476,119.9,0.3921,0.518,1.528,0,0,0,100,16.28,0.2578,403.9,200,1,0,0.3498,1,1,1,1,1,1,1,4,4,-1,[ OK ]
837.6,4/13/2026 8:21:17 PM,3365,103.1,0.1476,119.9,0.3982,0.5178,1.53,0,0,0,100,16.28,0.258,404,200,1,0,0.3506,1,1,1,1,1,1,1,4,4,-1,[ OK ]
838.1,4/13/2026 8:21:18 PM,3365,103.1,0.1476,120,0.4017,0.5179,1.528,0,0,0,100,16.28,0.2608,404.2,200,1,0,0.3349,1,1,1,1,1,1,1,4,4,-1,[ OK ]
838.7,4/13/2026 8:21:19 PM,3366,103.1,0.1476,120.1,0.3949,0.518,1.527,0,0,0,100,16.28,0.2563,403.7,200,1,0,0.3573,1,1,1,1,1,1,1,4,4,-1,[ OK ]
839.3,4/13/2026 8:21:19 PM,3367,103.1,0.1477,119.8,0.395,0.5181,1.527,0,0,0,100,16.28,0.2592,403.8,200,1,0,0.3385,1,1,1,1,1,1,1,4,4,-1,[ OK ]
839.8,4/13/2026 8:21:20 PM,3367,103.1,0.1477,119.8,0.3938,0.5181,1.527,0,0,0,100,16.28,0.2573,404.1,200,1,0,0.3512,1,1,1,1,1,1,1,4,4,-1,[ OK ]
840.4,4/13/2026 8:21:20 PM,3368,103.1,0.1475,120.4,0.3923,0.5176,1.532,0,0,0,100,16.28,0.2576,404.2,200,1,0,0.3425,1,1,1,1,1,1,1,4,4,-1,[ OK ]
841.0,4/13/2026 8:21:21 PM,3368,103.1,0.1476,120.2,0.3966,0.5178,1.53,0,0,0,100,16.28,0.2586,404.2,200,1,0,0.35,1,1,1,1,1,1,1,4,4,-1,[ OK ]
841.6,4/13/2026 8:21:21 PM,3369,103.1,0.1476,120.1,0.3964,0.5179,1.529,0,0,0,100,16.28,0.2599,404,200,1,0,0.3368,1,1,1,1,1,1,1,4,4,-1,[ OK ]
842.1,4/13/2026 8:21:22 PM,3369,103.1,0.1477,120,0.3965,0.5175,1.535,0,0,0,100,16.28,0.2592,403.8,200,1,0,0.3444,1,1,1,1,1,1,1,4,4,-1,[ OK ]
842.6,4/13/2026 8:21:22 PM,3370,103.1,0.1478,119.7,0.3918,0.5179,1.529,0,0,0,100,16.28,0.2578,403.9,200,1,0,0.342,1,1,1,1,1,1,1,4,4,-1,[ OK ]
843.3,4/13/2026 8:21:23 PM,3370,103.1,0.1477,119.8,0.396,0.5188,1.519,0,0,0,100,16.28,0.2597,404.1,200,1,0,0.3373,1,1,1,1,1,1,1,4,4,-1,[ OK ]
843.8,4/13/2026 8:21:24 PM,3371,103.1,0.1475,120.4,0.4001,0.5176,1.532,0,0,0,100,16.28,0.2598,403.9,200,1,0,0.3371,1,1,1,1,1,1,1,4,4,-1,[ OK ]
844.4,4/13/2026 8:21:24 PM,3372,103.1,0.1477,120,0.3918,0.5175,1.532,0,0,0,100,16.28,0.2591,404.1,200,1,0,0.3543,1,1,1,1,1,1,1,4,4,-1,[ OK ]
845.0,4/13/2026 8:21:25 PM,3372,103.1,0.1475,120.6,0.3953,0.5185,1.522,0,0,0,100,16.28,0.258,404.1,200,1,0,0.3513,1,1,1,1,1,1,1,4,4,-1,[ OK ]
845.7,4/13/2026 8:21:25 PM,3373,103.1,0.1474,120.9,0.3958,0.5183,1.524,0,0,0,100,16.28,0.2584,404.1,200,1,0,0.3435,1,1,1,1,1,1,1,4,4,-1,[ OK ]
846.2,4/13/2026 8:21:26 PM,3373,103.1,0.1478,119.5,0.3933,0.5182,1.525,0,0,0,100,16.28,0.2592,404.1,200,1,0,0.339,1,1,1,1,1,1,1,4,4,-1,[ OK ]
846.8,4/13/2026 8:21:27 PM,3374,103.1,0.1475,120.4,0.3918,0.518,1.527,0,0,0,100,16.28,0.2581,404.2,200,1,0,0.3455,1,1,1,1,1,1,1,4,4,-1,[ OK ]
847.4,4/13/2026 8:21:27 PM,3375,103.1,0.1477,119.8,0.3994,0.5176,1.532,0,0,0,100,16.28,0.2581,403.9,200,1,0,0.3471,1,1,1,1,1,1,1,4,4,-1,[ OK ]
848.0,4/13/2026 8:21:28 PM,3375,103.1,0.1477,120,0.3922,0.5181,1.526,0,0,0,100,16.28,0.2589,404.1,200,1,0,0.351,1,1,1,1,1,1,1,4,4,-1,[ OK ]
848.7,4/13/2026 8:21:28 PM,3376,103.1,0.1477,120,0.3923,0.5184,1.522,0,0,0,100,16.28,0.2584,403.9,200,1,0,0.3406,1,1,1,1,1,1,1,4,4,-1,[ OK ]
849.4,4/13/2026 8:21:29 PM,3377,103.1,0.1478,119.5,0.3954,0.5179,1.527,0,0,0,100,16.28,0.2591,403.9,200,1,0,0.3515,1,1,1,1,1,1,1,4,4,-1,[ OK ]
850.0,4/13/2026 8:21:30 PM,3377,103.1,0.1478,119.6,0.3918,0.518,1.527,0,0,0,100,16.28,0.2606,404.1,200,1,0,0.3492,1,1,1,1,1,1,1,4,4,-1,[ OK ]
850.6,4/13/2026 8:21:30 PM,3378,103.1,0.1477,119.8,0.393,0.5177,1.532,0,0,0,100,16.28,0.258,403.9,200,1,0,0.3284,1,1,1,1,1,1,1,4,4,-1,[ OK ]
851.1,4/13/2026 8:21:31 PM,3378,103.1,0.1477,119.8,0.3949,0.5171,1.538,0,0,0,100,16.28,0.2585,403.9,200,1,0,0.342,1,1,1,1,1,1,1,4,4,-1,[ OK ]
851.8,4/13/2026 8:21:32 PM,3379,103.1,0.1475,120.5,0.3937,0.5175,1.534,0,0,0,100,16.28,0.2579,404.1,200,1,0,0.3458,1,1,1,1,1,1,1,4,4,-1,[ OK ]
852.3,4/13/2026 8:21:32 PM,3380,103.1,0.1476,120.2,0.3847,0.5181,1.527,0,0,0,100,16.28,0.2573,404.2,200,1,0,0.3446,1,1,1,1,1,1,1,4,4,-1,[ OK ]
852.9,4/13/2026 8:21:33 PM,3380,103.1,0.1476,120,0.3942,0.5185,1.523,0,0,0,100,16.28,0.2584,403.9,200,1,0,0.3498,1,1,1,1,1,1,1,4,4,-1,[ OK ]
853.5,4/13/2026 8:21:33 PM,3381,103.1,0.1477,120,0.3999,0.5182,1.526,0,0,0,100,16.28,0.2587,404.1,200,1,0,0.3397,1,1,1,1,1,1,1,4,4,-1,[ OK ]
854.1,4/13/2026 8:21:34 PM,3381,103.1,0.1474,120.9,0.3953,0.5184,1.523,0,0,0,100,16.28,0.2572,403.8,200,1,0,0.3554,1,1,1,1,1,1,1,4,4,-1,[ OK ]
854.7,4/13/2026 8:21:34 PM,3382,103.1,0.1474,120.7,0.3918,0.518,1.528,0,0,0,100,16.28,0.2594,403.9,200,1,0,0.3457,1,1,1,1,1,1,1,4,4,-1,[ OK ]
855.2,4/13/2026 8:21:35 PM,3382,103.1,0.1476,120.2,0.3941,0.5174,1.534,0,0,0,100,16.28,0.2559,403.9,200,1,0,0.3526,1,1,1,1,1,1,1,4,4,-1,[ OK ]
855.8,4/13/2026 8:21:36 PM,3383,103.1,0.1477,120,0.3951,0.5181,1.526,0,0,0,100,16.28,0.2598,403.8,200,1,0,0.3582,1,1,1,1,1,1,1,4,4,-1,[ OK ]
856.3,4/13/2026 8:21:36 PM,3384,103.1,0.1476,120.3,0.3956,0.5176,1.532,0,0,0,100,16.28,0.2567,404.2,200,1,0,0.3448,1,1,1,1,1,1,1,4,4,-1,[ OK ]
857.0,4/13/2026 8:21:37 PM,3384,103.1,0.1478,119.6,0.3977,0.5182,1.526,0,0,0,100,16.28,0.2582,404.2,200,1,0,0.341,1,1,1,1,1,1,1,4,4,-1,[ OK ]
857.6,4/13/2026 8:21:37 PM,3385,103.1,0.1478,119.5,0.3958,0.5187,1.521,0,0,0,100,16.28,0.2583,404.1,200,1,0,0.3408,1,1,1,1,1,1,1,4,4,-1,[ OK ]
858.2,4/13/2026 8:21:38 PM,3385,103.1,0.1477,119.9,0.3918,0.5185,1.523,0,0,0,100,16.28,0.2564,403.8,200,1,0,0.3457,1,1,1,1,1,1,1,4,4,-1,[ OK ]
858.7,4/13/2026 8:21:39 PM,3386,103.1,0.1478,119.5,0.3918,0.5172,1.536,0,0,0,100,16.28,0.258,404.1,200,1,0,0.3492,1,1,1,1,1,1,1,4,4,-1,[ OK ]
859.2,4/13/2026 8:21:39 PM,3386,103.1,0.1478,119.7,0.3921,0.5185,1.522,0,0,0,100,16.28,0.2573,403.8,200,1,0,0.349,1,1,1,1,1,1,1,4,4,-1,[ OK ]
859.8,4/13/2026 8:21:40 PM,3387,103.1,0.1475,120.6,0.3935,0.518,1.527,0,0,0,100,16.28,0.26,404,200,1,0,0.3451,1,1,1,1,1,1,1,4,4,-1,[ OK ]
860.3,4/13/2026 8:21:40 PM,3387,103.1,0.1477,120,0.3921,0.5176,1.532,0,0,0,100,16.28,0.2588,404.2,200,1,0,0.3486,1,1,1,1,1,1,1,4,4,-1,[ OK ]
860.8,4/13/2026 8:21:41 PM,3388,103.1,0.1478,119.7,0.3994,0.5176,1.532,0,0,0,100,16.28,0.2581,404.1,200,1,0,0.3412,1,1,1,1,1,1,1,4,4,-1,[ OK ]
861.4,4/13/2026 8:21:41 PM,3389,103.1,0.1477,120,0.3966,0.5182,1.525,0,0,0,100,16.28,0.261,404,200,1,0,0.3339,1,1,1,1,1,1,1,4,4,-1,[ OK ]
862.0,4/13/2026 8:21:42 PM,3389,103.1,0.1476,120.2,0.3958,0.5185,1.522,0,0,0,100,16.28,0.2617,403.8,200,1,0,0.3332,1,1,1,1,1,1,1,4,4,-1,[ OK ]
862.6,4/13/2026 8:21:42 PM,3390,103.1,0.1477,119.9,0.3969,0.5185,1.522,0,0,0,100,16.28,0.2603,404.1,200,1,0,0.3533,1,1,1,1,1,1,1,4,4,-1,[ OK ]
863.1,4/13/2026 8:21:43 PM,3390,103.1,0.1477,120,0.3918,0.5181,1.527,0,0,0,100,16.28,0.2589,404.1,200,1,0,0.3411,1,1,1,1,1,1,1,4,4,-1,[ OK ]
863.7,4/13/2026 8:21:44 PM,3391,103.1,0.1476,120.2,0.3935,0.5182,1.526,0,0,0,100,16.28,0.2604,403.8,200,1,0,0.3468,1,1,1,1,1,1,1,4,4,-1,[ OK ]
864.3,4/13/2026 8:21:44 PM,3392,103.1,0.1475,120.5,0.396,0.5175,1.533,0,0,0,100,16.28,0.2585,403.9,200,1,0,0.3403,1,1,1,1,1,1,1,4,4,-1,[ OK ]
865.0,4/13/2026 8:21:45 PM,3392,103.1,0.1475,120.4,0.3921,0.5182,1.525,0,0,0,100,16.28,0.2599,404.1,200,1,0,0.3524,1,1,1,1,1,1,1,4,4,-1,[ OK ]
865.7,4/13/2026 8:21:45 PM,3393,103.1,0.1477,119.9,0.3966,0.5178,1.529,0,0,0,100,16.28,0.2593,403.8,200,1,0,0.354,1,1,1,1,1,1,1,4,4,-1,[ OK ]
866.2,4/13/2026 8:21:46 PM,3393,103.1,0.1477,120,0.3938,0.5178,1.529,0,0,0,100,16.28,0.2606,404.2,200,1,0,0.339,1,1,1,1,1,1,1,4,4,-1,[ OK ]
866.8,4/13/2026 8:21:47 PM,3394,103.1,0.1477,120.1,0.3918,0.5175,1.532,0,0,0,100,16.28,0.2609,404,200,1,0,0.342,1,1,1,1,1,1,1,4,4,-1,[ OK ]
867.4,4/13/2026 8:21:47 PM,3395,103.1,0.1477,120,0.3934,0.5171,1.536,0,0,0,100,16.28,0.2592,404.1,200,1,0,0.3552,1,1,1,1,1,1,1,4,4,-1,[ OK ]
868.1,4/13/2026 8:21:48 PM,3395,103.1,0.1477,119.8,0.3831,0.5172,1.534,0,0,0,100,16.28,0.2581,404.1,200,1,0,0.3413,1,1,1,1,1,1,1,4,4,-1,[ OK ]
868.7,4/13/2026 8:21:48 PM,3396,103.1,0.1477,119.9,0.3918,0.5184,1.523,0,0,0,100,16.28,0.2581,403.9,200,1,0,0.3597,1,1,1,1,1,1,1,4,4,-1,[ OK ]
869.3,4/13/2026 8:21:49 PM,3397,103.1,0.1476,120,0.3919,0.5185,1.521,0,0,0,100,16.28,0.2621,403.8,200,1,0,0.3459,1,1,1,1,1,1,1,4,4,-1,[ OK ]
869.9,4/13/2026 8:21:50 PM,3397,103.1,0.1477,120,0.3966,0.5177,1.53,0,0,0,100,16.28,0.2598,403.9,200,1,0,0.3429,1,1,1,1,1,1,1,4,4,-1,[ OK ]
870.6,4/13/2026 8:21:50 PM,3398,103.1,0.1477,119.8,0.4014,0.5182,1.525,0,0,0,100,16.28,0.2577,403.7,200,1,0,0.3542,1,1,1,1,1,1,1,4,4,-1,[ OK ]
871.2,4/13/2026 8:21:51 PM,3398,103.1,0.1477,120.1,0.3971,0.5179,1.529,0,0,0,100,16.28,0.2626,404,200,1,0,0.3442,1,1,1,1,1,1,1,4,4,-1,[ OK ]
871.8,4/13/2026 8:21:52 PM,3399,103.1,0.1477,120.1,0.3971,0.518,1.528,0,0,0,100,16.28,0.2578,403.8,200,1,0,0.3427,1,1,1,1,1,1,1,4,4,-1,[ OK ]
872.3,4/13/2026 8:21:52 PM,3400,103.1,0.1475,120.7,0.3949,0.5181,1.526,0,0,0,100,16.28,0.2583,404.1,200,1,0,0.3489,1,1,1,1,1,1,1,4,4,-1,[ OK ]
872.8,4/13/2026 8:21:53 PM,3400,103.1,0.1476,120.5,0.3918,0.5172,1.536,0,0,0,100,16.28,0.2597,404,200,1,0,0.3437,1,1,1,1,1,1,1,4,4,-1,[ OK ]
873.4,4/13/2026 8:21:53 PM,3401,103.1,0.1478,119.9,0.3988,0.5184,1.523,0,0,0,100,16.28,0.2562,404,200,1,0,0.3462,1,1,1,1,1,1,1,4,4,-1,[ OK ]
873.9,4/13/2026 8:21:54 PM,3401,103.1,0.1477,120,0.3934,0.5187,1.519,0,0,0,100,16.28,0.2584,403.9,200,1,0,0.3477,1,1,1,1,1,1,1,4,4,-1,[ OK ]
874.4,4/13/2026 8:21:54 PM,3402,103.1,0.1477,120,0.3941,0.5173,1.534,0,0,0,100,16.28,0.2569,404,200,1,0,0.3624,1,1,1,1,1,1,1,4,4,-1,[ OK ]
874.9,4/13/2026 8:21:55 PM,3402,103.1,0.1476,120.4,0.3918,0.5183,1.523,0,0,0,100,16.28,0.2589,404,200,1,0,0.3465,1,1,1,1,1,1,1,4,4,-1,[ OK ]
875.5,4/13/2026 8:21:55 PM,3403,103.1,0.1476,120.3,0.3966,0.5177,1.529,0,0,0,100,16.28,0.2583,404,200,1,0,0.3563,1,1,1,1,1,1,1,4,4,-1,[ OK ]
876.0,4/13/2026 8:21:56 PM,3403,103.1,0.1477,120,0.3944,0.5173,1.533,0,0,0,100,16.28,0.2603,404.2,200,1,0,0.336,1,1,1,1,1,1,1,4,4,-1,[ OK ]
876.7,4/13/2026 8:21:56 PM,3404,103.1,0.1477,120,0.393,0.5182,1.525,0,0,0,100,16.28,0.2582,403.8,200,1,0,0.343,1,1,1,1,1,1,1,4,4,-1,[ OK ]
877.2,4/13/2026 8:21:57 PM,3404,103.1,0.1478,119.8,0.3998,0.5182,1.526,0,0,0,100,16.28,0.2595,404.1,200,1,0,0.3391,1,1,1,1,1,1,1,4,4,-1,[ OK ]
877.8,4/13/2026 8:21:58 PM,3405,103.1,0.1479,119.4,0.3961,0.5173,1.535,0,0,0,100,16.28,0.2595,404,200,1,0,0.3487,1,1,1,1,1,1,1,4,4,-1,[ OK ]
878.3,4/13/2026 8:21:58 PM,3406,103.1,0.1477,120,0.3918,0.5174,1.535,0,0,0,100,16.28,0.2587,404.1,200,1,0,0.3499,1,1,1,1,1,1,1,4,4,-1,[ OK ]
878.9,4/13/2026 8:21:59 PM,3406,103.1,0.1478,119.7,0.3979,0.5178,1.53,0,0,0,100,16.28,0.2594,404.2,200,1,0,0.3431,1,1,1,1,1,1,1,4,4,-1,[ OK ]
879.6,4/13/2026 8:21:59 PM,3407,103.1,0.1478,119.8,0.3918,0.5183,1.525,0,0,0,100,16.28,0.2595,404.2,200,1,0,0.3417,1,1,1,1,1,1,1,4,4,-1,[ OK ]
880.2,4/13/2026 8:22:00 PM,3407,103.1,0.1478,119.7,0.3939,0.5186,1.52,0,0,0,100,16.28,0.2591,404.2,200,1,0,0.3472,1,1,1,1,1,1,1,4,4,-1,[ OK ]
880.8,4/13/2026 8:22:01 PM,3408,103.1,0.1477,119.9,0.3918,0.5183,1.524,0,0,0,100,16.28,0.2602,404.2,200,1,0,0.3361,1,1,1,1,1,1,1,4,4,-1,[ OK ]
881.3,4/13/2026 8:22:01 PM,3409,103.1,0.1477,119.9,0.3921,0.5178,1.529,0,0,0,100,16.28,0.2601,403.8,200,1,0,0.3428,1,1,1,1,1,1,1,4,4,-1,[ OK ]
882.0,4/13/2026 8:22:02 PM,3409,103.1,0.1476,120.3,0.3921,0.5182,1.524,0,0,0,100,16.28,0.2606,403.8,200,1,0,0.3448,1,1,1,1,1,1,1,4,4,-1,[ OK ]
882.6,4/13/2026 8:22:02 PM,3410,103.1,0.1475,120.7,0.3918,0.5184,1.523,0,0,0,100,16.28,0.2591,404,200,1,0,0.3435,1,1,1,1,1,1,1,4,4,-1,[ OK ]
883.1,4/13/2026 8:22:03 PM,3410,103.1,0.1475,120.7,0.3918,0.5175,1.532,0,0,0,100,16.28,0.2602,404.2,200,1,0,0.3358,1,1,1,1,1,1,1,4,4,-1,[ OK ]
883.7,4/13/2026 8:22:04 PM,3411,103.1,0.1477,119.9,0.395,0.5173,1.535,0,0,0,100,16.28,0.2606,403.9,200,1,0,0.3468,1,1,1,1,1,1,1,4,4,-1,[ OK ]
884.4,4/13/2026 8:22:04 PM,3412,103.1,0.1478,119.6,0.3962,0.5175,1.532,0,0,0,100,16.28,0.2589,404.2,200,1,0,0.347,1,1,1,1,1,1,1,4,4,-1,[ OK ]
885.1,4/13/2026 8:22:05 PM,3412,103.1,0.1477,119.9,0.3942,0.5177,1.53,0,0,0,100,16.28,0.2606,404.1,200,1,0,0.3349,1,1,1,1,1,1,1,4,4,-1,[ OK ]
885.7,4/13/2026 8:22:06 PM,3413,103.1,0.1478,119.8,0.3918,0.5183,1.524,0,0,0,100,16.28,0.2592,403.9,200,1,0,0.3384,1,1,1,1,1,1,1,4,4,-1,[ OK ]
886.2,4/13/2026 8:22:06 PM,3413,103.1,0.1478,119.7,0.3942,0.5184,1.523,0,0,0,100,16.28,0.2587,404.2,200,1,0,0.3451,1,1,1,1,1,1,1,4,4,-1,[ OK ]
886.7,4/13/2026 8:22:07 PM,3414,103.1,0.1478,119.7,0.3918,0.5174,1.534,0,0,0,100,16.28,0.261,403.9,200,1,0,0.3466,1,1,1,1,1,1,1,4,4,-1,[ OK ]
887.2,4/13/2026 8:22:07 PM,3414,103.1,0.148,119,0.3918,0.5178,1.531,0,0,0,100,16.28,0.2584,403.8,200,1,0,0.3451,1,1,1,1,1,1,1,4,4,-1,[ OK ]
887.9,4/13/2026 8:22:08 PM,3415,103.1,0.1476,120.3,0.3958,0.5183,1.525,0,0,0,100,16.28,0.2584,403.8,200,1,0,0.3405,1,1,1,1,1,1,1,4,4,-1,[ OK ]
888.4,4/13/2026 8:22:08 PM,3416,103.1,0.1476,120.3,0.3945,0.518,1.528,0,0,0,100,16.28,0.2586,404.1,200,1,0,0.34,1,1,1,1,1,1,1,4,4,-1,[ OK ]
888.9,4/13/2026 8:22:09 PM,3416,103.1,0.1478,119.7,0.4013,0.5182,1.526,0,0,0,100,16.28,0.2592,404.2,200,1,0,0.3385,1,1,1,1,1,1,1,4,4,-1,[ OK ]
889.3,4/13/2026 8:22:09 PM,3417,103.1,0.1477,119.9,0.3943,0.5179,1.53,0,0,0,100,16.28,0.2595,403.8,200,1,0,0.3567,1,1,1,1,1,1,1,4,4,-1,[ OK ]
889.9,4/13/2026 8:22:10 PM,3417,103.1,0.1478,119.7,0.3992,0.5175,1.535,0,0,0,100,16.28,0.259,404.2,200,1,0,0.3442,1,1,1,1,1,1,1,4,4,-1,[ OK ]
890.5,4/13/2026 8:22:10 PM,3418,103.1,0.1477,120,0.3991,0.5181,1.529,0,0,0,100,16.28,0.2576,404.2,200,1,0,0.3633,1,1,1,1,1,1,1,4,4,-1,[ OK ]
891.0,4/13/2026 8:22:11 PM,3418,103.1,0.1479,119.4,0.3975,0.5183,1.526,0,0,0,100,16.28,0.2586,403.8,200,1,0,0.3461,1,1,1,1,1,1,1,4,4,-1,[ OK ]
891.6,4/13/2026 8:22:11 PM,3419,103.1,0.1477,120.2,0.3918,0.5184,1.524,0,0,0,100,16.28,0.2602,404,200,1,0,0.3535,1,1,1,1,1,1,1,4,4,-1,[ OK ]
892.1,4/13/2026 8:22:12 PM,3419,103.1,0.1478,119.9,0.3939,0.5182,1.526,0,0,0,100,16.28,0.2607,403.9,200,1,0,0.3495,1,1,1,1,1,1,1,4,4,-1,[ OK ]
892.6,4/13/2026 8:22:12 PM,3420,103.1,0.1478,119.8,0.3963,0.5178,1.531,0,0,0,100,16.28,0.2597,404.1,200,1,0,0.3382,1,1,1,1,1,1,1,4,4,-1,[ OK ]
893.1,4/13/2026 8:22:13 PM,3420,103.1,0.1477,120,0.3922,0.5186,1.522,0,0,0,100,16.28,0.2588,404.2,200,1,0,0.3462,1,1,1,1,1,1,1,4,4,-1,[ OK ]
893.7,4/13/2026 8:22:14 PM,3421,103.1,0.1477,120.3,0.3918,0.5175,1.533,0,0,0,100,16.28,0.2566,404,200,1,0,0.359,1,1,1,1,1,1,1,4,4,-1,[ OK ]
894.2,4/13/2026 8:22:14 PM,3421,103.1,0.1478,119.8,0.3974,0.518,1.528,0,0,0,100,16.28,0.2583,404.1,200,1,0,0.3454,1,1,1,1,1,1,1,4,4,-1,[ OK ]
894.8,4/13/2026 8:22:15 PM,3422,103.1,0.1477,120.1,0.3952,0.5177,1.531,0,0,0,100,16.28,0.257,404,200,1,0,0.3441,1,1,1,1,1,1,1,4,4,-1,[ OK ]
895.5,4/13/2026 8:22:15 PM,3423,103.1,0.1478,119.9,0.3919,0.5174,1.536,0,0,0,100,16.28,0.2593,404.1,200,1,0,0.3413,1,1,1,1,1,1,1,4,4,-1,[ OK ]
896.0,4/13/2026 8:22:16 PM,3423,103.1,0.1479,119.7,0.3957,0.5175,1.535,0,0,0,100,16.28,0.2598,403.8,200,1,0,0.3574,1,1,1,1,1,1,1,4,4,-1,[ OK ]
896.6,4/13/2026 8:22:16 PM,3424,103.1,0.1478,119.9,0.3934,0.5175,1.534,0,0,0,100,16.28,0.2596,404,200,1,0,0.3461,1,1,1,1,1,1,1,4,4,-1,[ OK ]
897.1,4/13/2026 8:22:17 PM,3424,103.1,0.1477,120.4,0.3956,0.518,1.529,0,0,0,100,16.28,0.2603,404.3,200,1,0,0.3456,1,1,1,1,1,1,1,4,4,-1,[ OK ]
897.6,4/13/2026 8:22:17 PM,3425,103.1,0.1478,120,0.3966,0.5184,1.524,0,0,0,100,16.28,0.2584,403.7,200,1,0,0.3413,1,1,1,1,1,1,1,4,4,-1,[ OK ]
898.2,4/13/2026 8:22:18 PM,3425,103.1,0.1477,120.2,0.3964,0.5177,1.531,0,0,0,100,16.28,0.2571,403.9,200,1,0,0.3586,1,1,1,1,1,1,1,4,4,-1,[ OK ]
898.8,4/13/2026 8:22:19 PM,3426,103.1,0.1478,120.2,0.396,0.5177,1.53,0,0,0,100,16.28,0.2567,404.1,200,1,0,0.3545,1,1,1,1,1,1,1,4,4,-1,[ OK ]
899.3,4/13/2026 8:22:19 PM,3427,103.1,0.1478,120,0.3948,0.5182,1.525,0,0,0,100,16.28,0.2567,404.2,200,1,0,0.3505,1,1,1,1,1,1,1,4,4,-1,[ OK ]
899.8,4/13/2026 8:22:20 PM,3427,103.1,0.1479,119.9,0.3945,0.5181,1.526,0,0,0,100,16.28,0.2577,404,200,1,0,0.3542,1,1,1,1,1,1,1,4,4,-1,[ OK ]
900.3,4/13/2026 8:22:20 PM,3428,103.1,0.1479,119.7,0.3997,0.5178,1.529,0,0,0,100,16.28,0.257,403.9,200,1,0,0.3468,1,1,1,1,1,1,1,4,4,-1,[ OK ]
900.9,4/13/2026 8:22:21 PM,3428,103.1,0.1478,120,0.3959,0.5177,1.531,0,0,0,100,16.28,0.2564,403.9,200,1,0,0.351,1,1,1,1,1,1,1,4,4,-1,[ OK ]
901.4,4/13/2026 8:22:21 PM,3429,103.1,0.1479,119.6,0.3962,0.5181,1.527,0,0,0,100,16.28,0.2573,404.2,200,1,0,0.3589,1,1,1,1,1,1,1,4,4,-1,[ OK ]
902.0,4/13/2026 8:22:22 PM,3429,103.1,0.1479,119.8,0.3941,0.5178,1.531,0,0,0,100,16.28,0.2564,404.2,200,1,0,0.3542,1,1,1,1,1,1,1,4,4,-1,[ OK ]
902.5,4/13/2026 8:22:22 PM,3430,103.1,0.1481,119.1,0.4014,0.5187,1.521,0,0,0,100,16.28,0.2555,403.8,200,1,0,0.356,1,1,1,1,1,1,1,4,4,-1,[ OK ]
903.1,4/13/2026 8:22:23 PM,3430,103.1,0.1479,119.8,0.3979,0.5178,1.529,0,0,0,100,16.28,0.2559,403.9,200,1,0,0.3559,1,1,1,1,1,1,1,4,4,-1,[ OK ]
903.8,4/13/2026 8:22:24 PM,3431,103.1,0.1477,120.4,0.3965,0.5179,1.529,0,0,0,100,16.28,0.2577,404.1,200,1,0,0.3423,1,1,1,1,1,1,1,4,4,-1,[ OK ]
904.3,4/13/2026 8:22:24 PM,3432,103.1,0.148,119.5,0.395,0.5177,1.531,0,0,0,100,16.28,0.2575,404.1,200,1,0,0.3556,1,1,1,1,1,1,1,4,4,-1,[ OK ]
904.9,4/13/2026 8:22:25 PM,3432,103.1,0.1477,120.4,0.3973,0.5186,1.519,0,0,0,100,16.28,0.2566,404.3,200,1,0,0.3531,1,1,1,1,1,1,1,4,4,-1,[ OK ]
905.4,4/13/2026 8:22:25 PM,3433,103.1,0.1477,120.2,0.4016,0.5183,1.522,0,0,0,100,16.28,0.2586,404.2,200,1,0,0.3451,1,1,1,1,1,1,1,4,4,-1,[ OK ]
906.0,4/13/2026 8:22:26 PM,3433,103.1,0.1481,119.3,0.3974,0.5179,1.527,0,0,0,100,16.28,0.2589,403.8,200,1,0,0.3421,1,1,1,1,1,1,1,4,4,-1,[ OK ]
906.6,4/13/2026 8:22:26 PM,3434,103.1,0.148,119.4,0.3918,0.5173,1.534,0,0,0,100,16.28,0.2581,403.8,200,1,0,0.3593,1,1,1,1,1,1,1,4,4,-1,[ OK ]
907.2,4/13/2026 8:22:27 PM,3434,103.1,0.1477,120.4,0.3918,0.5183,1.524,0,0,0,100,16.28,0.2589,403.7,200,1,0,0.3466,1,1,1,1,1,1,1,4,4,-1,[ OK ]
907.8,4/13/2026 8:22:28 PM,3435,103.1,0.1478,120.2,0.3957,0.5184,1.522,0,0,0,100,16.28,0.2581,403.8,200,1,0,0.353,1,1,1,1,1,1,1,4,4,-1,[ OK ]
908.4,4/13/2026 8:22:28 PM,3436,103.1,0.1478,120.3,0.3918,0.5174,1.532,0,0,0,100,16.28,0.2579,403.8,200,1,0,0.3503,1,1,1,1,1,1,1,4,4,-1,[ OK ]
909.0,4/13/2026 8:22:29 PM,3436,103.1,0.1479,120,0.3971,0.5173,1.534,0,0,0,100,16.28,0.2568,403.9,200,1,0,0.3466,1,1,1,1,1,1,1,4,4,-1,[ OK ]
909.6,4/13/2026 8:22:29 PM,3437,103.1,0.148,119.5,0.3921,0.5181,1.526,0,0,0,100,16.28,0.2564,404.2,200,1,0,0.351,1,1,1,1,1,1,1,4,4,-1,[ OK ]
910.1,4/13/2026 8:22:30 PM,3437,103.1,0.1476,120.8,0.3927,0.5182,1.525,0,0,0,100,16.28,0.2572,404,200,1,0,0.3509,1,1,1,1,1,1,1,4,4,-1,[ OK ]
910.7,4/13/2026 8:22:31 PM,3438,103.1,0.1478,120,0.3991,0.5174,1.534,0,0,0,100,16.28,0.2559,404.2,200,1,0,0.356,1,1,1,1,1,1,1,4,4,-1,[ OK ]
911.3,4/13/2026 8:22:31 PM,3438,103.1,0.1476,120.8,0.4008,0.5175,1.532,0,0,0,100,16.28,0.2566,404.2,200,1,0,0.3476,1,1,1,1,1,1,1,4,4,-1,[ OK ]
911.9,4/13/2026 8:22:32 PM,3439,103.1,0.1478,120,0.3918,0.5176,1.532,0,0,0,100,16.28,0.2578,404.2,200,1,0,0.3531,1,1,1,1,1,1,1,4,4,-1,[ OK ]
912.4,4/13/2026 8:22:32 PM,3440,103.1,0.1479,119.6,0.3984,0.5178,1.53,0,0,0,100,16.28,0.2583,403.8,200,1,0,0.3458,1,1,1,1,1,1,1,4,4,-1,[ OK ]
913.0,4/13/2026 8:22:33 PM,3440,103.1,0.1479,119.6,0.393,0.5181,1.527,0,0,0,100,16.28,0.2556,404,200,1,0,0.3561,1,1,1,1,1,1,1,4,4,-1,[ OK ]
913.5,4/13/2026 8:22:33 PM,3441,103.1,0.148,119.4,0.3953,0.5184,1.523,0,0,0,100,16.28,0.2552,404,200,1,0,0.3525,1,1,1,1,1,1,1,4,4,-1,[ OK ]
914.0,4/13/2026 8:22:34 PM,3441,103.1,0.1478,119.9,0.399,0.5184,1.524,0,0,0,100,16.28,0.2575,404.2,200,1,0,0.3502,1,1,1,1,1,1,1,4,4,-1,[ OK ]
914.5,4/13/2026 8:22:34 PM,3442,103.1,0.1478,119.9,0.3918,0.5173,1.534,0,0,0,100,16.28,0.257,404,200,1,0,0.3529,1,1,1,1,1,1,1,4,4,-1,[ OK ]
915.1,4/13/2026 8:22:35 PM,3442,103.1,0.1478,119.8,0.3981,0.5183,1.524,0,0,0,100,16.28,0.2565,404,200,1,0,0.3538,1,1,1,1,1,1,1,4,4,-1,[ OK ]
915.6,4/13/2026 8:22:35 PM,3443,103.1,0.148,119.2,0.3919,0.5182,1.526,0,0,0,100,16.28,0.2585,404.2,200,1,0,0.3506,1,1,1,1,1,1,1,4,4,-1,[ OK ]
916.1,4/13/2026 8:22:36 PM,3443,103.1,0.1478,120.2,0.3945,0.5172,1.536,0,0,0,100,16.28,0.258,403.8,200,1,0,0.345,1,1,1,1,1,1,1,4,4,-1,[ OK ]
916.8,4/13/2026 8:22:37 PM,3444,103.1,0.1481,119.1,0.3963,0.5183,1.523,0,0,0,100,16.28,0.2587,403.8,200,1,0,0.3408,1,1,1,1,1,1,1,4,4,-1,[ OK ]
917.3,4/13/2026 8:22:37 PM,3444,103.1,0.1479,119.9,0.3918,0.5182,1.525,0,0,0,100,16.28,0.2566,404.2,200,1,0,0.354,1,1,1,1,1,1,1,4,4,-1,[ OK ]
917.8,4/13/2026 8:22:38 PM,3445,103.1,0.1478,120,0.3953,0.5178,1.528,0,0,0,100,16.28,0.2594,404.3,200,1,0,0.3379,1,1,1,1,1,1,1,4,4,-1,[ OK ]
918.3,4/13/2026 8:22:38 PM,3446,103.1,0.1478,120.1,0.3918,0.5179,1.527,0,0,0,100,16.28,0.2601,403.8,200,1,0,0.3444,1,1,1,1,1,1,1,4,4,-1,[ OK ]
918.9,4/13/2026 8:22:39 PM,3446,103.1,0.1478,119.9,0.3979,0.518,1.527,0,0,0,100,16.28,0.2576,403.8,200,1,0,0.3578,1,1,1,1,1,1,1,4,4,-1,[ OK ]
919.6,4/13/2026 8:22:39 PM,3447,103.1,0.1478,119.7,0.3966,0.518,1.527,0,0,0,100,16.28,0.2569,404.2,200,1,0,0.3447,1,1,1,1,1,1,1,4,4,-1,[ OK ]
920.2,4/13/2026 8:22:40 PM,3447,103.1,0.1476,120.6,0.3979,0.5184,1.523,0,0,0,100,16.28,0.259,403.8,200,1,0,0.3396,1,1,1,1,1,1,1,4,4,-1,[ OK ]
920.8,4/13/2026 8:22:41 PM,3448,103.1,0.1476,120.7,0.3944,0.5176,1.532,0,0,0,100,16.28,0.2551,404.2,200,1,0,0.3607,1,1,1,1,1,1,1,4,4,-1,[ OK ]
921.4,4/13/2026 8:22:41 PM,3449,103.1,0.1477,120.2,0.3956,0.5186,1.522,0,0,0,100,16.28,0.259,403.9,200,1,0,0.3389,1,1,1,1,1,1,1,4,4,-1,[ OK ]
921.9,4/13/2026 8:22:42 PM,3449,103.1,0.1479,119.7,0.4049,0.5172,1.537,0,0,0,100,16.28,0.2575,403.8,200,1,0,0.3439,1,1,1,1,1,1,1,4,4,-1,[ OK ]
922.5,4/13/2026 8:22:42 PM,3450,103.1,0.1479,119.7,0.3918,0.5181,1.527,0,0,0,100,16.28,0.2569,404,200,1,0,0.3545,1,1,1,1,1,1,1,4,4,-1,[ OK ]
923.1,4/13/2026 8:22:43 PM,3450,103.1,0.1476,120.8,0.3961,0.5183,1.525,0,0,0,100,16.28,0.2587,403.9,200,1,0,0.3501,1,1,1,1,1,1,1,4,4,-1,[ OK ]
923.7,4/13/2026 8:22:44 PM,3451,103.1,0.1481,119.1,0.4,0.517,1.539,0,0,0,100,16.28,0.2584,404.3,200,1,0,0.3574,1,1,1,1,1,1,1,4,4,-1,[ OK ]
924.2,4/13/2026 8:22:44 PM,3451,103.1,0.1479,119.8,0.3956,0.5181,1.528,0,0,0,100,16.28,0.257,404,200,1,0,0.3442,1,1,1,1,1,1,1,4,4,-1,[ OK ]
924.8,4/13/2026 8:22:45 PM,3452,103.1,0.1476,120.7,0.4006,0.518,1.528,0,0,0,100,16.28,0.2584,403.8,200,1,0,0.3511,1,1,1,1,1,1,1,4,4,-1,[ OK ]
925.4,4/13/2026 8:22:45 PM,3453,103.1,0.1478,120,0.3989,0.5185,1.522,0,0,0,100,16.28,0.2584,403.8,200,1,0,0.3406,1,1,1,1,1,1,1,4,4,-1,[ OK ]
926.0,4/13/2026 8:22:46 PM,3453,103.1,0.1477,120.2,0.3997,0.5177,1.53,0,0,0,100,16.28,0.2571,403.8,200,1,0,0.3446,1,1,1,1,1,1,1,4,4,-1,[ OK ]
926.6,4/13/2026 8:22:46 PM,3454,103.1,0.1478,120,0.3918,0.5173,1.534,0,0,0,100,16.28,0.2591,403.9,200,1,0,0.3481,1,1,1,1,1,1,1,4,4,-1,[ OK ]
927.1,4/13/2026 8:22:47 PM,3454,103.1,0.1479,119.7,0.3999,0.5178,1.529,0,0,0,100,16.28,0.2588,403.9,200,1,0,0.3512,1,1,1,1,1,1,1,4,4,-1,[ OK ]
927.6,4/13/2026 8:22:47 PM,3455,103.1,0.1479,119.7,0.3935,0.5186,1.521,0,0,0,100,16.28,0.2578,404.3,200,1,0,0.358,1,1,1,1,1,1,1,4,4,-1,[ OK ]
928.2,4/13/2026 8:22:48 PM,3455,103.1,0.1479,120.1,0.401,0.5174,1.534,0,0,0,100,16.28,0.2562,404.2,200,1,0,0.359,1,1,1,1,1,1,1,4,4,-1,[ OK ]
928.7,4/13/2026 8:22:48 PM,3456,103.1,0.1479,119.9,0.3936,0.5183,1.524,0,0,0,100,16.28,0.2592,404.2,200,1,0,0.3476,1,1,1,1,1,1,1,4,4,-1,[ OK ]
929.1,4/13/2026 8:22:49 PM,3456,103.1,0.1478,120.1,0.3971,0.5183,1.525,0,0,0,100,16.28,0.2566,404.2,200,1,0,0.3591,1,1,1,1,1,1,1,4,4,-1,[ OK ]
929.6,4/13/2026 8:22:49 PM,3457,103.1,0.1478,120.1,0.3964,0.5176,1.532,0,0,0,100,16.28,0.2584,403.8,200,1,0,0.3477,1,1,1,1,1,1,1,4,4,-1,[ OK ]
930.4,4/13/2026 8:22:50 PM,3458,103.1,0.1479,119.8,0.3937,0.5183,1.523,0,0,0,100,16.28,0.2565,404.2,200,1,0,0.3453,1,1,1,1,1,1,1,4,4,-1,[ OK ]
931.2,4/13/2026 8:22:51 PM,3458,103.1,0.1479,119.8,0.393,0.5168,1.54,0,0,0,100,16.28,0.2581,404.2,200,1,0,0.3427,1,1,1,1,1,1,1,4,4,-1,[ OK ]
932.2,4/13/2026 8:22:52 PM,3459,103.1,0.1479,119.8,0.3961,0.5181,1.526,0,0,0,100,16.28,0.2577,403.9,200,1,0,0.3554,1,1,1,1,1,1,1,4,4,-1,[ OK ]
932.8,4/13/2026 8:22:53 PM,3460,103.1,0.1477,120.4,0.3922,0.5184,1.522,0,0,0,100,16.28,0.2562,404.2,200,1,0,0.3552,1,1,1,1,1,1,1,4,4,-1,[ OK ]
933.5,4/13/2026 8:22:53 PM,3461,103.1,0.1479,119.7,0.3965,0.5182,1.525,0,0,0,100,16.28,0.2591,404.2,200,1,0,0.3499,1,1,1,1,1,1,1,4,4,-1,[ OK ]
934.2,4/13/2026 8:22:54 PM,3461,103.1,0.1477,120.4,0.3919,0.5175,1.532,0,0,0,100,16.28,0.2556,403.9,200,1,0,0.3597,1,1,1,1,1,1,1,4,4,-1,[ OK ]
934.8,4/13/2026 8:22:55 PM,3462,103.1,0.1478,120.2,0.3981,0.5188,1.518,0,0,0,100,16.28,0.2573,404,200,1,0,0.3519,1,1,1,1,1,1,1,4,4,-1,[ OK ]
935.5,4/13/2026 8:22:55 PM,3463,103.1,0.1479,120,0.3944,0.5177,1.529,0,0,0,100,16.28,0.2587,404.1,200,1,0,0.3397,1,1,1,1,1,1,1,4,4,-1,[ OK ]
936.2,4/13/2026 8:22:56 PM,3463,103.1,0.148,119.5,0.3981,0.5185,1.521,0,0,0,100,16.28,0.2572,404.2,200,1,0,0.3468,1,1,1,1,1,1,1,4,4,-1,[ OK ]
937.1,4/13/2026 8:22:57 PM,3464,103.1,0.1479,119.9,0.3941,0.5181,1.525,0,0,0,100,16.28,0.2603,404.2,200,1,0,0.3501,1,1,1,1,1,1,1,4,4,-1,[ OK ]
937.6,4/13/2026 8:22:57 PM,3465,103.1,0.1478,120.2,0.3961,0.5178,1.528,0,0,0,100,16.28,0.2591,403.9,200,1,0,0.3388,1,1,1,1,1,1,1,4,4,-1,[ OK ]
938.2,4/13/2026 8:22:58 PM,3465,103.1,0.1477,120.6,0.3918,0.5185,1.52,0,0,0,100,16.28,0.2572,404,200,1,0,0.3437,1,1,1,1,1,1,1,4,4,-1,[ OK ]
938.8,4/13/2026 8:22:59 PM,3466,103.1,0.1479,120.1,0.3952,0.5186,1.519,0,0,0,100,16.28,0.2583,404.2,200,1,0,0.3461,1,1,1,1,1,1,1,4,4,-1,[ OK ]
939.6,4/13/2026 8:22:59 PM,3467,103.1,0.1478,120.3,0.394,0.518,1.525,0,0,0,100,16.28,0.2572,403.8,200,1,0,0.354,1,1,1,1,1,1,1,4,4,-1,[ OK ]
940.3,4/13/2026 8:23:00 PM,3467,103.1,0.1478,120.1,0.3995,0.5178,1.527,0,0,0,100,16.28,0.2571,404.3,200,1,0,0.3539,1,1,1,1,1,1,1,4,4,-1,[ OK ]
941.1,4/13/2026 8:23:01 PM,3468,103.1,0.1479,119.9,0.3977,0.5185,1.521,0,0,0,100,16.28,0.2573,403.7,200,1,0,0.3559,1,1,1,1,1,1,1,4,4,-1,[ OK ]
941.8,4/13/2026 8:23:02 PM,3469,103.1,0.1478,120.3,0.3965,0.5172,1.535,0,0,0,100,16.28,0.2603,404.3,200,1,0,0.336,1,1,1,1,1,1,1,4,4,-1,[ OK ]
942.6,4/13/2026 8:23:02 PM,3470,103.1,0.1477,120.5,0.3942,0.5175,1.532,0,0,0,100,16.28,0.2585,404.1,200,1,0,0.3404,1,1,1,1,1,1,1,4,4,-1,[ OK ]
943.2,4/13/2026 8:23:03 PM,3470,103.1,0.1476,120.6,0.4016,0.5177,1.531,0,0,0,100,16.28,0.2589,404.2,200,1,0,0.3547,1,1,1,1,1,1,1,4,4,-1,[ OK ]
944.0,4/13/2026 8:23:04 PM,3471,103.1,0.1478,120.2,0.401,0.5176,1.532,0,0,0,100,16.28,0.2572,403.9,200,1,0,0.3582,1,1,1,1,1,1,1,4,4,-1,[ OK ]
944.7,4/13/2026 8:23:05 PM,3472,103.1,0.1479,119.8,0.4044,0.5182,1.525,0,0,0,100,16.28,0.2576,404.1,200,1,0,0.3481,1,1,1,1,1,1,1,4,4,-1,[ OK ]
945.5,4/13/2026 8:23:05 PM,3473,103.1,0.1479,119.8,0.3986,0.5185,1.523,0,0,0,100,16.28,0.2584,404.1,200,1,0,0.3503,1,1,1,1,1,1,1,4,4,-1,[ OK ]
946.4,4/13/2026 8:23:06 PM,3474,103.1,0.148,119.3,0.3932,0.5179,1.529,0,0,0,100,16.28,0.2574,404,200,1,0,0.3588,1,1,1,1,1,1,1,4,4,-1,[ OK ]
947.5,4/13/2026 8:23:07 PM,3475,103.1,0.1481,119.4,0.4028,0.5173,1.535,0,0,0,100,16.28,0.2578,404.2,200,1,0,0.3541,1,1,1,1,1,1,1,4,4,-1,[ OK ]
948.6,4/13/2026 8:23:08 PM,3476,103.1,0.148,119.8,0.4019,0.5185,1.523,0,0,0,100,16.28,0.2583,404.1,200,1,0,0.3417,1,1,1,1,1,1,1,4,4,-1,[ OK ]
949.5,4/13/2026 8:23:09 PM,3477,103.1,0.1477,120.7,0.3982,0.5177,1.531,0,0,0,100,16.28,0.256,403.7,200,1,0,0.3535,1,1,1,1,1,1,1,4,4,-1,[ OK ]
950.2,4/13/2026 8:23:10 PM,3477,103.1,0.1477,120.7,0.3949,0.5178,1.53,0,0,0,100,16.28,0.257,403.7,200,1,0,0.3532,1,1,1,1,1,1,1,4,4,-1,[ OK ]
950.8,4/13/2026 8:23:11 PM,3478,103.1,0.1482,119,0.3944,0.5179,1.53,0,0,0,100,16.28,0.2568,403.9,200,1,0,0.3486,1,1,1,1,1,1,1,4,4,-1,[ OK ]
951.5,4/13/2026 8:23:11 PM,3479,103.1,0.1479,120.2,0.3969,0.5183,1.525,0,0,0,100,16.28,0.2582,403.8,200,1,0,0.3529,1,1,1,1,1,1,1,4,4,-1,[ OK ]
952.3,4/13/2026 8:23:12 PM,3479,103.1,0.1479,120.2,0.4043,0.5181,1.527,0,0,0,100,16.28,0.2584,404.2,200,1,0,0.3459,1,1,1,1,1,1,1,4,4,-1,[ OK ]
953.1,4/13/2026 8:23:13 PM,3480,103.1,0.1479,119.9,0.3981,0.5188,1.52,0,0,0,100,16.28,0.257,403.9,200,1,0,0.3487,1,1,1,1,1,1,1,4,4,-1,[ OK ]
953.9,4/13/2026 8:23:14 PM,3481,103.1,0.1478,120.3,0.4018,0.5177,1.531,0,0,0,100,16.28,0.2588,404.2,200,1,0,0.3488,1,1,1,1,1,1,1,4,4,-1,[ OK ]
954.5,4/13/2026 8:23:14 PM,3482,103.1,0.1479,120,0.3967,0.5176,1.532,0,0,0,100,16.28,0.2581,403.7,200,1,0,0.3463,1,1,1,1,1,1,1,4,4,-1,[ OK ]
955.2,4/13/2026 8:23:15 PM,3482,103.1,0.1479,120,0.3918,0.5176,1.532,0,0,0,100,16.28,0.2555,403.8,200,1,0,0.3521,1,1,1,1,1,1,1,4,4,-1,[ OK ]
955.9,4/13/2026 8:23:16 PM,3483,103.1,0.148,119.7,0.3918,0.5182,1.526,0,0,0,100,16.28,0.2546,404.1,200,1,0,0.3552,1,1,1,1,1,1,1,4,4,-1,[ OK ]
956.5,4/13/2026 8:23:16 PM,3484,103.1,0.1477,120.8,0.3918,0.5175,1.533,0,0,0,100,16.28,0.2546,404.1,200,1,0,0.3569,1,1,1,1,1,1,1,4,4,-1,[ OK ]
957.1,4/13/2026 8:23:17 PM,3484,103.1,0.1482,119.2,0.3958,0.5182,1.526,0,0,0,100,16.28,0.2566,403.9,200,1,0,0.3567,1,1,1,1,1,1,1,4,4,-1,[ OK ]
957.8,4/13/2026 8:23:18 PM,3485,103.1,0.148,119.8,0.3934,0.5175,1.533,0,0,0,100,16.28,0.2555,404,200,1,0,0.356,1,1,1,1,1,1,1,4,4,-1,[ OK ]
958.6,4/13/2026 8:23:18 PM,3486,103.1,0.148,119.9,0.3988,0.518,1.528,0,0,0,100,16.28,0.2554,404.1,200,1,0,0.3572,1,1,1,1,1,1,1,4,4,-1,[ OK ]
959.3,4/13/2026 8:23:19 PM,3486,103.1,0.148,120,0.4013,0.5188,1.52,0,0,0,100,16.28,0.253,403.9,200,1,0,0.3544,1,1,1,1,1,1,1,4,4,-1,[ OK ]
960.1,4/13/2026 8:23:20 PM,3487,103.1,0.1479,119.9,0.393,0.5173,1.535,0,0,0,100,16.28,0.2543,404,200,1,0,0.3661,1,1,1,1,1,1,1,4,4,-1,[ OK ]
960.8,4/13/2026 8:23:21 PM,3488,103.1,0.1478,120.2,0.3969,0.5178,1.531,0,0,0,100,16.28,0.2541,404,200,1,0,0.3678,1,1,1,1,1,1,1,4,4,-1,[ OK ]
961.3,4/13/2026 8:23:21 PM,3489,103.1,0.1478,120.2,0.3947,0.5175,1.536,0,0,0,100,16.28,0.2536,403.8,200,1,0,0.3528,1,1,1,1,1,1,1,4,4,-1,[ OK ]
962.0,4/13/2026 8:23:22 PM,3489,103.1,0.148,119.7,0.3942,0.5188,1.52,0,0,0,100,16.28,0.2535,403.7,200,1,0,0.3622,1,1,1,1,1,1,1,4,4,-1,[ OK ]
962.7,4/13/2026 8:23:23 PM,3490,103.1,0.1481,119.3,0.396,0.5183,1.525,0,0,0,100,16.28,0.2548,403.9,200,1,0,0.3575,1,1,1,1,1,1,1,4,4,-1,[ OK ]
963.4,4/13/2026 8:23:23 PM,3491,103.1,0.148,119.8,0.398,0.5179,1.53,0,0,0,100,16.28,0.2542,404.1,200,1,0,0.3671,1,1,1,1,1,1,1,4,4,-1,[ OK ]
964.0,4/13/2026 8:23:24 PM,3491,103.1,0.148,119.4,0.4025,0.5176,1.534,0,0,0,100,16.28,0.2528,404,200,1,0,0.3548,1,1,1,1,1,1,1,4,4,-1,[ OK ]
964.7,4/13/2026 8:23:24 PM,3492,103.1,0.1479,119.9,0.4016,0.5188,1.52,0,0,0,100,16.28,0.2539,403.9,200,1,0,0.3523,1,1,1,1,1,1,1,4,4,-1,[ OK ]
965.2,4/13/2026 8:23:25 PM,3492,103.1,0.1479,119.8,0.3937,0.5175,1.534,0,0,0,100,16.28,0.2552,404.2,200,1,0,0.355,1,1,1,1,1,1,1,4,4,-1,[ OK ]
965.8,4/13/2026 8:23:26 PM,3493,103.1,0.1481,119.4,0.3957,0.5188,1.519,0,0,0,100,16.28,0.2552,404.2,200,1,0,0.352,1,1,1,1,1,1,1,4,4,-1,[ OK ]
966.4,4/13/2026 8:23:26 PM,3494,103.1,0.1478,120.2,0.3999,0.5181,1.527,0,0,0,100,16.28,0.2527,403.9,200,1,0,0.364,1,1,1,1,1,1,1,4,4,-1,[ OK ]
967.1,4/13/2026 8:23:27 PM,3494,103.1,0.1479,119.9,0.3924,0.5186,1.521,0,0,0,100,16.28,0.2602,404,200,1,0,0.338,1,1,1,1,1,1,1,4,4,-1,[ OK ]
967.8,4/13/2026 8:23:28 PM,3495,103.1,0.1478,120.1,0.3983,0.5177,1.532,0,0,0,100,16.28,0.261,403.8,200,1,0,0.3358,1,1,1,1,1,1,1,4,4,-1,[ OK ]
968.4,4/13/2026 8:23:28 PM,3496,103.1,0.1479,119.9,0.3956,0.5174,1.535,0,0,0,100,16.28,0.2593,404,200,1,0,0.3383,1,1,1,1,1,1,1,4,4,-1,[ OK ]
969.1,4/13/2026 8:23:29 PM,3496,103.1,0.1478,120.2,0.3959,0.5181,1.528,0,0,0,100,16.28,0.261,404.2,200,1,0,0.3509,1,1,1,1,1,1,1,4,4,-1,[ OK ]
969.7,4/13/2026 8:23:30 PM,3497,103.1,0.1479,120.1,0.3982,0.5187,1.521,0,0,0,100,16.28,0.2613,403.9,200,1,0,0.3493,1,1,1,1,1,1,1,4,4,-1,[ OK ]
970.4,4/13/2026 8:23:30 PM,3498,103.1,0.148,119.7,0.3976,0.5179,1.53,0,0,0,100,16.28,0.2603,404.2,200,1,0,0.3384,1,1,1,1,1,1,1,4,4,-1,[ OK ]
971.0,4/13/2026 8:23:31 PM,3498,103.1,0.1479,120,0.3977,0.5183,1.524,0,0,0,100,16.28,0.26,403.9,200,1,0,0.3377,1,1,1,1,1,1,1,4,4,-1,[ OK ]
971.5,4/13/2026 8:23:31 PM,3499,103.1,0.1478,120.5,0.3918,0.5184,1.524,0,0,0,100,16.28,0.2613,404.3,200,1,0,0.3367,1,1,1,1,1,1,1,4,4,-1,[ OK ]
972.1,4/13/2026 8:23:32 PM,3499,103.1,0.1479,119.9,0.3918,0.5183,1.524,0,0,0,100,16.28,0.26,404.2,200,1,0,0.351,1,1,1,1,1,1,1,4,4,-1,[ OK ]
972.7,4/13/2026 8:23:33 PM,3500,103.1,0.1481,119.4,0.3946,0.5176,1.532,0,0,0,100,16.28,0.2595,403.9,200,1,0,0.3421,1,1,1,1,1,1,1,4,4,-1,[ OK ]
973.4,4/13/2026 8:23:33 PM,3501,103.1,0.1481,119.3,0.3946,0.5176,1.532,0,0,0,100,16.28,0.2588,404.2,200,1,0,0.3522,1,1,1,1,1,1,1,4,4,-1,[ OK ]
974.0,4/13/2026 8:23:34 PM,3501,103.1,0.1479,119.8,0.3969,0.518,1.527,0,0,0,100,16.28,0.2607,404.1,200,1,0,0.3439,1,1,1,1,1,1,1,4,4,-1,[ OK ]
974.7,4/13/2026 8:23:35 PM,3502,103.1,0.1479,119.7,0.4016,0.5177,1.529,0,0,0,100,16.28,0.2581,403.9,200,1,0,0.3412,1,1,1,1,1,1,1,4,4,-1,[ OK ]
975.3,4/13/2026 8:23:35 PM,3503,103.1,0.1479,119.7,0.3958,0.5176,1.531,0,0,0,100,16.28,0.2591,404.2,200,1,0,0.3605,1,1,1,1,1,1,1,4,4,-1,[ OK ]
975.9,4/13/2026 8:23:36 PM,3503,103.1,0.148,119.6,0.3955,0.5174,1.533,0,0,0,100,16.28,0.2568,404.1,200,1,0,0.3447,1,1,1,1,1,1,1,4,4,-1,[ OK ]
976.6,4/13/2026 8:23:36 PM,3504,103.1,0.1479,120.1,0.4013,0.5181,1.525,0,0,0,100,16.28,0.2589,404.2,200,1,0,0.3393,1,1,1,1,1,1,1,4,4,-1,[ OK ]
977.2,4/13/2026 8:23:37 PM,3504,103.1,0.1478,120.4,0.3976,0.5184,1.522,0,0,0,100,16.28,0.2577,404.1,200,1,0,0.3559,1,1,1,1,1,1,1,4,4,-1,[ OK ]
977.8,4/13/2026 8:23:38 PM,3505,103.1,0.1479,120.2,0.3987,0.5183,1.523,0,0,0,100,16.28,0.2563,404,200,1,0,0.3557,1,1,1,1,1,1,1,4,4,-1,[ OK ]
978.5,4/13/2026 8:23:38 PM,3506,103.1,0.1476,120.9,0.3923,0.5183,1.524,0,0,0,100,16.28,0.2552,403.8,200,1,0,0.3604,1,1,1,1,1,1,1,4,4,-1,[ OK ]
979.2,4/13/2026 8:23:39 PM,3506,103.1,0.148,119.9,0.3966,0.5181,1.527,0,0,0,100,16.28,0.2574,404.2,200,1,0,0.3461,1,1,1,1,1,1,1,4,4,-1,[ OK ]
979.8,4/13/2026 8:23:40 PM,3507,103.1,0.148,119.7,0.3985,0.5183,1.525,0,0,0,100,16.28,0.2581,403.9,200,1,0,0.3414,1,1,1,1,1,1,1,4,4,-1,[ OK ]
980.4,4/13/2026 8:23:40 PM,3508,103.1,0.1482,119.2,0.3975,0.5182,1.526,0,0,0,100,16.28,0.2568,403.8,200,1,0,0.3614,1,1,1,1,1,1,1,4,4,-1,[ OK ]
980.9,4/13/2026 8:23:41 PM,3508,103.1,0.1479,120.1,0.3947,0.5179,1.528,0,0,0,100,16.28,0.2571,403.9,200,1,0,0.3593,1,1,1,1,1,1,1,4,4,-1,[ OK ]
981.5,4/13/2026 8:23:41 PM,3509,103.1,0.1479,120.2,0.4027,0.5182,1.527,0,0,0,100,16.28,0.2571,404.1,200,1,0,0.3485,1,1,1,1,1,1,1,4,4,-1,[ OK ]
982.0,4/13/2026 8:23:42 PM,3509,103.1,0.1472,122.2,0.4046,0.5182,1.527,0,0,0,100,16.28,0.2568,403.8,200,1,0,0.3538,1,1,1,1,1,1,1,4,4,-1,[ OK ]
982.6,4/13/2026 8:23:42 PM,3510,103.1,0.1481,119.5,0.3918,0.5178,1.53,0,0,0,100,16.28,0.2552,404.2,200,1,0,0.3586,1,1,1,1,1,1,1,4,4,-1,[ OK ]
983.2,4/13/2026 8:23:43 PM,3510,103.1,0.1482,119.1,0.398,0.5182,1.526,0,0,0,100,16.28,0.2535,404,200,1,0,0.3623,1,1,1,1,1,1,1,4,4,-1,[ OK ]
983.7,4/13/2026 8:23:44 PM,3511,103.1,0.1478,120.6,0.3999,0.5185,1.523,0,0,0,100,16.28,0.2571,404.3,200,1,0,0.3541,1,1,1,1,1,1,1,4,4,-1,[ OK ]
984.4,4/13/2026 8:23:44 PM,3512,103.1,0.1481,119.7,0.3945,0.5182,1.526,0,0,0,100,16.28,0.2559,404.2,200,1,0,0.3478,1,1,1,1,1,1,1,4,4,-1,[ OK ]
985.0,4/13/2026 8:23:45 PM,3512,103.1,0.148,120,0.4028,0.5182,1.526,0,0,0,100,16.28,0.2554,403.9,200,1,0,0.3552,1,1,1,1,1,1,1,4,4,-1,[ OK ]
985.6,4/13/2026 8:23:45 PM,3513,103.1,0.148,120.1,0.3953,0.5182,1.527,0,0,0,100,16.28,0.2564,404.2,200,1,0,0.3645,1,1,1,1,1,1,1,4,4,-1,[ OK ]
986.1,4/13/2026 8:23:46 PM,3513,103.1,0.1479,120.3,0.3931,0.5176,1.534,0,0,0,100,16.28,0.2556,403.9,200,1,0,0.3517,1,1,1,1,1,1,1,4,4,-1,[ OK ]
986.6,4/13/2026 8:23:46 PM,3514,103.1,0.148,120,0.3934,0.5177,1.532,0,0,0,100,16.28,0.2566,404.1,200,1,0,0.3655,1,1,1,1,1,1,1,4,4,-1,[ OK ]
987.2,4/13/2026 8:23:47 PM,3514,103.1,0.148,120,0.3984,0.5184,1.526,0,0,0,100,16.28,0.2568,404,200,1,0,0.3495,1,1,1,1,1,1,1,4,4,-1,[ OK ]
987.7,4/13/2026 8:23:47 PM,3515,103.1,0.1478,120.8,0.401,0.5176,1.534,0,0,0,100,16.28,0.2567,404,200,1,0,0.3511,1,1,1,1,1,1,1,4,4,-1,[ OK ]
988.3,4/13/2026 8:23:48 PM,3516,103.1,0.1482,119.6,0.3962,0.5184,1.524,0,0,0,100,16.28,0.2582,403.9,200,1,0,0.3505,1,1,1,1,1,1,1,4,4,-1,[ OK ]
988.8,4/13/2026 8:23:49 PM,3516,103.1,0.1483,119.3,0.3918,0.5186,1.522,0,0,0,100,16.28,0.2571,404,200,1,0,0.3549,1,1,1,1,1,1,1,4,4,-1,[ OK ]
989.3,4/13/2026 8:23:49 PM,3517,103.1,0.148,120.1,0.395,0.5174,1.534,0,0,0,100,16.28,0.2575,403.8,200,1,0,0.3516,1,1,1,1,1,1,1,4,4,-1,[ OK ]
989.9,4/13/2026 8:23:50 PM,3517,103.1,0.148,119.9,0.3918,0.5179,1.529,0,0,0,100,16.28,0.2577,404.2,200,1,0,0.3578,1,1,1,1,1,1,1,4,4,-1,[ OK ]
990.5,4/13/2026 8:23:50 PM,3518,103.1,0.1482,119.4,0.4012,0.5177,1.531,0,0,0,100,16.28,0.2586,403.8,200,1,0,0.3506,1,1,1,1,1,1,1,4,4,-1,[ OK ]
991.1,4/13/2026 8:23:51 PM,3518,103.1,0.1481,119.6,0.3975,0.5178,1.53,0,0,0,100,16.28,0.2574,404.3,200,1,0,0.3532,1,1,1,1,1,1,1,4,4,-1,[ OK ]
991.5,4/13/2026 8:23:51 PM,3519,103.1,0.1481,119.9,0.399,0.518,1.529,0,0,0,100,16.28,0.2564,404.2,200,1,0,0.3547,1,1,1,1,1,1,1,4,4,-1,[ OK ]
992.2,4/13/2026 8:23:52 PM,3519,103.1,0.1479,120.5,0.3986,0.5176,1.533,0,0,0,100,16.28,0.2563,403.9,200,1,0,0.3627,1,1,1,1,1,1,1,4,4,-1,[ OK ]
992.6,4/13/2026 8:23:52 PM,3520,103.1,0.148,120,0.3946,0.5185,1.523,0,0,0,100,16.28,0.2565,404.2,200,1,0,0.3455,1,1,1,1,1,1,1,4,4,-1,[ OK ]
993.2,4/13/2026 8:23:53 PM,3520,103.1,0.148,120.2,0.3941,0.5179,1.53,0,0,0,100,16.28,0.2566,404.3,200,1,0,0.3584,1,1,1,1,1,1,1,4,4,-1,[ OK ]
993.7,4/13/2026 8:23:54 PM,3521,103.1,0.148,120.1,0.3969,0.5187,1.521,0,0,0,100,16.28,0.2584,403.9,200,1,0,0.3496,1,1,1,1,1,1,1,4,4,-1,[ OK ]
994.4,4/13/2026 8:23:54 PM,3522,103.1,0.1479,120.2,0.3931,0.517,1.539,0,0,0,100,16.28,0.256,404.1,200,1,0,0.352,1,1,1,1,1,1,1,4,4,-1,[ OK ]
995.0,4/13/2026 8:23:55 PM,3522,103.1,0.148,119.8,0.3966,0.5177,1.532,0,0,0,100,16.28,0.2555,404.1,200,1,0,0.3526,1,1,1,1,1,1,1,4,4,-1,[ OK ]
995.5,4/13/2026 8:23:55 PM,3523,103.1,0.1479,120.1,0.3939,0.5175,1.533,0,0,0,100,16.28,0.256,404.2,200,1,0,0.3599,1,1,1,1,1,1,1,4,4,-1,[ OK ]
995.9,4/13/2026 8:23:56 PM,3523,103.1,0.1477,120.7,0.3974,0.5189,1.517,0,0,0,100,16.28,0.257,404.2,200,1,0,0.3498,1,1,1,1,1,1,1,4,4,-1,[ OK ]
996.4,4/13/2026 8:23:56 PM,3524,103.1,0.1481,119.5,0.3927,0.5174,1.533,0,0,0,100,16.28,0.2571,403.8,200,1,0,0.3654,1,1,1,1,1,1,1,4,4,-1,[ OK ]
996.9,4/13/2026 8:23:57 PM,3524,103.1,0.1481,119.2,0.3985,0.5174,1.533,0,0,0,100,16.28,0.2557,403.8,200,1,0,0.3627,1,1,1,1,1,1,1,4,4,-1,[ OK ]
997.5,4/13/2026 8:23:57 PM,3525,103.1,0.148,119.7,0.3946,0.5179,1.527,0,0,0,100,16.28,0.2565,404.2,200,1,0,0.3553,1,1,1,1,1,1,1,4,4,-1,[ OK ]
998.1,4/13/2026 8:23:58 PM,3525,103.1,0.148,119.7,0.399,0.5179,1.528,0,0,0,100,16.28,0.2571,404.1,200,1,0,0.3517,1,1,1,1,1,1,1,4,4,-1,[ OK ]
998.7,4/13/2026 8:23:59 PM,3526,103.1,0.148,119.9,0.3929,0.5174,1.533,0,0,0,100,16.28,0.2568,403.8,200,1,0,0.3533,1,1,1,1,1,1,1,4,4,-1,[ OK ]
999.3,4/13/2026 8:23:59 PM,3527,103.1,0.1479,120,0.3933,0.5186,1.52,0,0,0,100,16.28,0.2571,403.8,200,1,0,0.3462,1,1,1,1,1,1,1,4,4,-1,[ OK ]
999.8,4/13/2026 8:24:00 PM,3527,103.1,0.1479,120.3,0.404,0.5179,1.528,0,0,0,100,16.28,0.2591,404.2,200,1,0,0.3414,1,1,1,1,1,1,1,4,4,-1,[ OK ]
1000.5,4/13/2026 8:24:00 PM,3528,103.1,0.148,120.1,0.3932,0.5175,1.532,0,0,0,100,16.28,0.2564,403.9,200,1,0,0.3457,1,1,1,1,1,1,1,4,4,-1,[ OK ]
1001.1,4/13/2026 8:24:01 PM,3528,103.1,0.148,120,0.4057,0.5179,1.528,0,0,0,100,16.28,0.2582,404,200,1,0,0.3539,1,1,1,1,1,1,1,4,4,-1,[ OK ]
1001.5,4/13/2026 8:24:01 PM,3529,103.1,0.1481,119.7,0.4018,0.5174,1.534,0,0,0,100,16.28,0.257,404.1,200,1,0,0.3572,1,1,1,1,1,1,1,4,4,-1,[ OK ]
1002.0,4/13/2026 8:24:02 PM,3529,103.1,0.148,119.9,0.392,0.5187,1.521,0,0,0,100,16.28,0.2582,404.3,200,1,0,0.3487,1,1,1,1,1,1,1,4,4,-1,[ OK ]
1002.6,4/13/2026 8:24:02 PM,3530,103.1,0.1482,119.2,0.3979,0.5182,1.527,0,0,0,100,16.28,0.2595,404.2,200,1,0,0.3453,1,1,1,1,1,1,1,4,4,-1,[ OK ]
1003.3,4/13/2026 8:24:03 PM,3530,103.1,0.148,119.9,0.3918,0.5181,1.527,0,0,0,100,16.28,0.259,404.2,200,1,0,0.3491,1,1,1,1,1,1,1,4,4,-1,[ OK ]
1003.8,4/13/2026 8:24:04 PM,3531,103.1,0.148,119.8,0.3991,0.5177,1.531,0,0,0,100,16.28,0.2589,404.1,200,1,0,0.3495,1,1,1,1,1,1,1,4,4,-1,[ OK ]
1004.3,4/13/2026 8:24:04 PM,3532,103.1,0.1477,120.7,0.3977,0.5178,1.529,0,0,0,100,16.28,0.2578,404.1,200,1,0,0.3532,1,1,1,1,1,1,1,4,4,-1,[ OK ]
1004.8,4/13/2026 8:24:05 PM,3532,103.1,0.1481,119.6,0.3958,0.5179,1.527,0,0,0,100,16.28,0.2597,404.3,200,1,0,0.3551,1,1,1,1,1,1,1,4,4,-1,[ OK ]
1005.4,4/13/2026 8:24:05 PM,3533,103.1,0.1479,120,0.4009,0.5182,1.525,0,0,0,100,16.28,0.2583,403.9,200,1,0,0.3494,1,1,1,1,1,1,1,4,4,-1,[ OK ]
1005.9,4/13/2026 8:24:06 PM,3533,103.1,0.148,120,0.3957,0.5172,1.536,0,0,0,100,16.28,0.2593,403.9,200,1,0,0.3551,1,1,1,1,1,1,1,4,4,-1,[ OK ]
1006.4,4/13/2026 8:24:06 PM,3534,103.1,0.1479,120.2,0.4016,0.5184,1.523,0,0,0,100,16.28,0.2606,403.9,200,1,0,0.3504,1,1,1,1,1,1,1,4,4,-1,[ OK ]
1006.9,4/13/2026 8:24:07 PM,3534,103.1,0.1482,119.4,0.4009,0.5185,1.523,0,0,0,100,16.28,0.2567,404.2,200,1,0,0.3467,1,1,1,1,1,1,1,4,4,-1,[ OK ]
1007.4,4/13/2026 8:24:07 PM,3535,103.1,0.1479,120.1,0.3966,0.5185,1.523,0,0,0,100,16.28,0.2583,404.2,200,1,0,0.3463,1,1,1,1,1,1,1,4,4,-1,[ OK ]
1007.8,4/13/2026 8:24:08 PM,3535,103.1,0.1481,119.7,0.3949,0.518,1.528,0,0,0,100,16.28,0.2568,403.8,200,1,0,0.3543,1,1,1,1,1,1,1,4,4,-1,[ OK ]
1008.5,4/13/2026 8:24:08 PM,3536,103.1,0.1479,120.1,0.4004,0.5189,1.519,0,0,0,100,16.28,0.2594,404.3,200,1,0,0.3501,1,1,1,1,1,1,1,4,4,-1,[ OK ]
1009.0,4/13/2026 8:24:09 PM,3536,103.1,0.1479,120,0.3918,0.5177,1.532,0,0,0,100,16.28,0.2577,403.8,200,1,0,0.3645,1,1,1,1,1,1,1,4,4,-1,[ OK ]
1009.5,4/13/2026 8:24:09 PM,3537,103.1,0.1479,120.1,0.3944,0.5176,1.533,0,0,0,100,16.28,0.2573,404.3,200,1,0,0.3471,1,1,1,1,1,1,1,4,4,-1,[ OK ]
1010.0,4/13/2026 8:24:10 PM,3537,103.1,0.1479,120.3,0.4006,0.518,1.53,0,0,0,100,16.28,0.2575,404,200,1,0,0.3464,1,1,1,1,1,1,1,4,4,-1,[ OK ]
1010.5,4/13/2026 8:24:10 PM,3538,103.1,0.148,119.8,0.3997,0.5184,1.525,0,0,0,100,16.28,0.2599,404,200,1,0,0.3594,1,1,1,1,1,1,1,4,4,-1,[ OK ]
1011.2,4/13/2026 8:24:11 PM,3538,103.1,0.1479,120.1,0.3926,0.5181,1.528,0,0,0,100,16.28,0.2581,403.9,200,1,0,0.342,1,1,1,1,1,1,1,4,4,-1,[ OK ]
1011.8,4/13/2026 8:24:12 PM,3539,103.1,0.148,119.9,0.4053,0.5175,1.535,0,0,0,100,16.28,0.2578,403.8,200,1,0,0.3425,1,1,1,1,1,1,1,4,4,-1,[ OK ]
1012.4,4/13/2026 8:24:12 PM,3540,103.1,0.1479,120.1,0.402,0.5182,1.527,0,0,0,100,16.28,0.259,404.2,200,1,0,0.3483,1,1,1,1,1,1,1,4,4,-1,[ OK ]
1013.1,4/13/2026 8:24:13 PM,3540,103.1,0.148,119.7,0.3985,0.5177,1.534,0,0,0,100,16.28,0.2594,403.8,200,1,0,0.3399,1,1,1,1,1,1,1,4,4,-1,[ OK ]
1013.7,4/13/2026 8:24:13 PM,3541,103.1,0.1478,120.4,0.3964,0.5186,1.523,0,0,0,100,16.28,0.2582,403.9,200,1,0,0.3463,1,1,1,1,1,1,1,4,4,-1,[ OK ]
1014.2,4/13/2026 8:24:14 PM,3541,103.1,0.1479,120.1,0.3967,0.5178,1.532,0,0,0,100,16.28,0.2578,404,200,1,0,0.3426,1,1,1,1,1,1,1,4,4,-1,[ OK ]
1014.7,4/13/2026 8:24:15 PM,3542,103.1,0.1482,119.3,0.3965,0.5183,1.527,0,0,0,100,16.28,0.2592,403.8,200,1,0,0.357,1,1,1,1,1,1,1,4,4,-1,[ OK ]
1015.4,4/13/2026 8:24:15 PM,3543,103.1,0.1479,120.2,0.4006,0.5185,1.524,0,0,0,100,16.28,0.2595,403.8,200,1,0,0.3461,1,1,1,1,1,1,1,4,4,-1,[ OK ]
1016.1,4/13/2026 8:24:16 PM,3543,103.1,0.148,120.1,0.3939,0.5185,1.524,0,0,0,100,16.28,0.2606,404.3,200,1,0,0.3512,1,1,1,1,1,1,1,4,4,-1,[ OK ]
1016.7,4/13/2026 8:24:16 PM,3544,103.1,0.1479,120,0.3995,0.5183,1.526,0,0,0,100,16.28,0.2568,403.9,200,1,0,0.3508,1,1,1,1,1,1,1,4,4,-1,[ OK ]
1017.3,4/13/2026 8:24:17 PM,3544,103.1,0.1482,119.4,0.3919,0.518,1.529,0,0,0,100,16.28,0.2585,404.2,200,1,0,0.3455,1,1,1,1,1,1,1,4,4,-1,[ OK ]
1018.0,4/13/2026 8:24:18 PM,3545,103.1,0.1478,120.5,0.3924,0.5178,1.531,0,0,0,100,16.28,0.258,404,200,1,0,0.356,1,1,1,1,1,1,1,4,4,-1,[ OK ]
1018.6,4/13/2026 8:24:18 PM,3546,103.1,0.148,119.9,0.3955,0.518,1.529,0,0,0,100,16.28,0.2551,403.9,200,1,0,0.3535,1,1,1,1,1,1,1,4,4,-1,[ OK ]
1019.1,4/13/2026 8:24:19 PM,3546,103.1,0.148,119.9,0.4013,0.5178,1.532,0,0,0,100,16.28,0.2552,403.8,200,1,0,0.355,1,1,1,1,1,1,1,4,4,-1,[ OK ]
1019.6,4/13/2026 8:24:19 PM,3547,103.1,0.1482,119.4,0.3933,0.5179,1.531,0,0,0,100,16.28,0.2555,403.9,200,1,0,0.3479,1,1,1,1,1,1,1,4,4,-1,[ OK ]
1020.1,4/13/2026 8:24:20 PM,3547,103.1,0.1479,120.2,0.4026,0.5188,1.521,0,0,0,100,16.28,0.2571,403.9,200,1,0,0.3453,1,1,1,1,1,1,1,4,4,-1,[ OK ]
1020.5,4/13/2026 8:24:20 PM,3548,103.1,0.1481,119.7,0.4019,0.5182,1.527,0,0,0,100,16.28,0.2553,404.2,200,1,0,0.3523,1,1,1,1,1,1,1,4,4,-1,[ OK ]
1021.1,4/13/2026 8:24:21 PM,3548,103.1,0.1478,120.6,0.3955,0.5186,1.523,0,0,0,100,16.28,0.2561,404.3,200,1,0,0.3543,1,1,1,1,1,1,1,4,4,-1,[ OK ]
1021.9,4/13/2026 8:24:22 PM,3549,103.1,0.1483,119.2,0.3961,0.5183,1.526,0,0,0,100,16.28,0.2568,404.1,200,1,0,0.3512,1,1,1,1,1,1,1,4,4,-1,[ OK ]
1022.5,4/13/2026 8:24:22 PM,3550,103.1,0.148,120,0.3922,0.5182,1.527,0,0,0,100,16.28,0.256,404.2,200,1,0,0.3465,1,1,1,1,1,1,1,4,4,-1,[ OK ]
1023.0,4/13/2026 8:24:23 PM,3550,103.1,0.148,119.9,0.3946,0.5189,1.521,0,0,0,100,16.28,0.2578,404.1,200,1,0,0.3521,1,1,1,1,1,1,1,4,4,-1,[ OK ]
1023.5,4/13/2026 8:24:23 PM,3551,103.1,0.148,119.8,0.3968,0.5187,1.522,0,0,0,100,16.28,0.2573,403.9,200,1,0,0.3514,1,1,1,1,1,1,1,4,4,-1,[ OK ]
1024.1,4/13/2026 8:24:24 PM,3551,103.1,0.1479,120.2,0.4027,0.518,1.529,0,0,0,100,16.28,0.2559,404,200,1,0,0.3556,1,1,1,1,1,1,1,4,4,-1,[ OK ]
1024.8,4/13/2026 8:24:25 PM,3552,103.1,0.1478,120.5,0.3947,0.5187,1.522,0,0,0,100,16.28,0.2578,403.8,200,1,0,0.3468,1,1,1,1,1,1,1,4,4,-1,[ OK ]
1025.3,4/13/2026 8:24:25 PM,3552,103.1,0.1482,119.4,0.3993,0.5176,1.535,0,0,0,100,16.28,0.2576,403.9,200,1,0,0.3525,1,1,1,1,1,1,1,4,4,-1,[ OK ]
1025.8,4/13/2026 8:24:26 PM,3553,103.1,0.1479,120.2,0.4064,0.5179,1.531,0,0,0,100,16.28,0.2588,403.8,200,1,0,0.3525,1,1,1,1,1,1,1,4,4,-1,[ OK ]
1026.3,4/13/2026 8:24:26 PM,3554,103.1,0.148,119.9,0.3962,0.5181,1.53,0,0,0,100,16.28,0.2601,404.2,200,1,0,0.349,1,1,1,1,1,1,1,4,4,-1,[ OK ]
1026.8,4/13/2026 8:24:27 PM,3554,103.1,0.1478,120.5,0.4013,0.5183,1.527,0,0,0,100,16.28,0.2583,404.2,200,1,0,0.3606,1,1,1,1,1,1,1,4,4,-1,[ OK ]
1027.5,4/13/2026 8:24:27 PM,3555,103.1,0.1483,118.9,0.3971,0.5183,1.527,0,0,0,100,16.28,0.2575,404.2,200,1,0,0.3622,1,1,1,1,1,1,1,4,4,-1,[ OK ]
1028.1,4/13/2026 8:24:28 PM,3555,103.1,0.1481,119.6,0.404,0.518,1.53,0,0,0,100,16.28,0.2581,403.9,200,1,0,0.352,1,1,1,1,1,1,1,4,4,-1,[ OK ]
1028.7,4/13/2026 8:24:29 PM,3556,103.1,0.1481,119.8,0.3988,0.5176,1.534,0,0,0,100,16.28,0.2584,403.6,200,1,0,0.3583,1,1,1,1,1,1,1,4,4,-1,[ OK ]
1029.2,4/13/2026 8:24:29 PM,3556,103.1,0.148,120.1,0.407,0.5187,1.522,0,0,0,100,16.28,0.2577,403.9,200,1,0,0.3562,1,1,1,1,1,1,1,4,4,-1,[ OK ]
1029.7,4/13/2026 8:24:30 PM,3557,103.1,0.148,119.9,0.3985,0.5185,1.524,0,0,0,100,16.28,0.2566,404,200,1,0,0.3616,1,1,1,1,1,1,1,4,4,-1,[ OK ]
1030.3,4/13/2026 8:24:30 PM,3557,103.1,0.1482,119.5,0.4,0.5182,1.528,0,0,0,100,16.28,0.2558,403.8,200,1,0,0.3567,1,1,1,1,1,1,1,4,4,-1,[ OK ]
1030.8,4/13/2026 8:24:31 PM,3558,103.1,0.148,120.1,0.3933,0.5176,1.534,0,0,0,100,16.28,0.2579,404.2,200,1,0,0.3591,1,1,1,1,1,1,1,4,4,-1,[ OK ]
1031.4,4/13/2026 8:24:31 PM,3559,103.1,0.1481,119.7,0.3981,0.5178,1.533,0,0,0,100,16.28,0.2573,404.1,200,1,0,0.3587,1,1,1,1,1,1,1,4,4,-1,[ OK ]
1032.0,4/13/2026 8:24:32 PM,3559,103.1,0.148,120.1,0.3937,0.5189,1.521,0,0,0,100,16.28,0.2564,404.1,200,1,0,0.3627,1,1,1,1,1,1,1,4,4,-1,[ OK ]
1032.5,4/13/2026 8:24:32 PM,3560,103.1,0.1479,120.5,0.3925,0.5179,1.532,0,0,0,100,16.28,0.2577,404.2,200,1,0,0.35,1,1,1,1,1,1,1,4,4,-1,[ OK ]
1033.2,4/13/2026 8:24:33 PM,3560,103.1,0.1479,120.3,0.3974,0.5186,1.525,0,0,0,100,16.28,0.2563,404.2,200,1,0,0.3602,1,1,1,1,1,1,1,4,4,-1,[ OK ]
1033.8,4/13/2026 8:24:34 PM,3561,103.1,0.1477,120.8,0.3942,0.5178,1.533,0,0,0,100,16.28,0.2599,403.9,200,1,0,0.3401,1,1,1,1,1,1,1,4,4,-1,[ OK ]
1034.3,4/13/2026 8:24:34 PM,3562,103.1,0.148,119.8,0.3935,0.5188,1.523,0,0,0,100,16.28,0.2575,404.1,200,1,0,0.358,1,1,1,1,1,1,1,4,4,-1,[ OK ]
1034.9,4/13/2026 8:24:35 PM,3562,103.1,0.148,119.8,0.4016,0.5183,1.528,0,0,0,100,16.28,0.2552,404,200,1,0,0.3665,1,1,1,1,1,1,1,4,4,-1,[ OK ]
1035.6,4/13/2026 8:24:35 PM,3563,103.1,0.1481,119.7,0.3977,0.5184,1.528,0,0,0,100,16.28,0.2568,403.8,200,1,0,0.3483,1,1,1,1,1,1,1,4,4,-1,[ OK ]
1036.2,4/13/2026 8:24:36 PM,3563,103.1,0.1481,119.9,0.3918,0.5189,1.522,0,0,0,100,16.28,0.2572,404.1,200,1,0,0.3524,1,1,1,1,1,1,1,4,4,-1,[ OK ]
1036.8,4/13/2026 8:24:37 PM,3564,103.1,0.1479,120.4,0.3918,0.5181,1.531,0,0,0,100,16.28,0.2566,404.4,200,1,0,0.3517,1,1,1,1,1,1,1,4,4,-1,[ OK ]
1037.4,4/13/2026 8:24:37 PM,3565,103.1,0.148,120.1,0.4015,0.518,1.53,0,0,0,100,16.28,0.2555,404.3,200,1,0,0.3613,1,1,1,1,1,1,1,4,4,-1,[ OK ]
1037.9,4/13/2026 8:24:38 PM,3565,103.1,0.148,120.1,0.3947,0.5177,1.534,0,0,0,100,16.28,0.2558,403.9,200,1,0,0.3636,1,1,1,1,1,1,1,4,4,-1,[ OK ]
1038.6,4/13/2026 8:24:38 PM,3566,103.1,0.1481,119.7,0.3969,0.5176,1.535,0,0,0,100,16.28,0.258,403.9,200,1,0,0.3493,1,1,1,1,1,1,1,4,4,-1,[ OK ]
1039.2,4/13/2026 8:24:39 PM,3566,103.1,0.148,120.1,0.3943,0.5179,1.531,0,0,0,100,16.28,0.2559,403.9,200,1,0,0.3627,1,1,1,1,1,1,1,4,4,-1,[ OK ]
1039.8,4/13/2026 8:24:40 PM,3567,103.1,0.1481,119.9,0.3926,0.5185,1.524,0,0,0,100,16.28,0.2558,404.2,200,1,0,0.348,1,1,1,1,1,1,1,4,4,-1,[ OK ]
1040.4,4/13/2026 8:24:40 PM,3568,103.1,0.1481,119.8,0.392,0.5182,1.528,0,0,0,100,16.28,0.2565,404.1,200,1,0,0.3619,1,1,1,1,1,1,1,4,4,-1,[ OK ]
1040.8,4/13/2026 8:24:41 PM,3568,103.1,0.148,120.5,0.3918,0.5183,1.527,0,0,0,100,16.28,0.2562,404,200,1,0,0.3499,1,1,1,1,1,1,1,4,4,-1,[ OK ]
1041.4,4/13/2026 8:24:41 PM,3569,103.1,0.1482,119.6,0.4009,0.5173,1.538,0,0,0,100,16.28,0.2593,403.9,200,1,0,0.347,1,1,1,1,1,1,1,4,4,-1,[ OK ]
1041.9,4/13/2026 8:24:42 PM,3569,103.1,0.1479,120.5,0.393,0.5182,1.528,0,0,0,100,16.28,0.2597,404.2,200,1,0,0.3505,1,1,1,1,1,1,1,4,4,-1,[ OK ]
1042.5,4/13/2026 8:24:42 PM,3570,103.1,0.1481,120.1,0.3982,0.5188,1.521,0,0,0,100,16.28,0.2604,403.9,200,1,0,0.3485,1,1,1,1,1,1,1,4,4,-1,[ OK ]
1043.1,4/13/2026 8:24:43 PM,3570,103.1,0.1482,119.7,0.4002,0.5186,1.523,0,0,0,100,16.28,0.2589,403.9,200,1,0,0.3394,1,1,1,1,1,1,1,4,4,-1,[ OK ]
1043.9,4/13/2026 8:24:44 PM,3571,103.1,0.148,120.2,0.4012,0.5185,1.524,0,0,0,100,16.28,0.2594,404.2,200,1,0,0.3207,1,1,1,1,1,1,1,4,4,-1,[ OK ]
1044.7,4/13/2026 8:24:44 PM,3572,103.1,0.1481,119.9,0.397,0.5185,1.524,0,0,0,100,16.28,0.2609,404.1,200,1,0,0.3358,1,1,1,1,1,1,1,4,4,-1,[ OK ]
1045.4,4/13/2026 8:24:45 PM,3573,103.1,0.1481,119.8,0.3944,0.5175,1.535,0,0,0,100,16.28,0.261,404,200,1,0,0.3338,1,1,1,1,1,1,1,4,4,-1,[ OK ]
1046.0,4/13/2026 8:24:46 PM,3573,103.1,0.148,120.1,0.3999,0.5188,1.521,0,0,0,100,16.28,0.2611,403.8,200,1,0,0.3371,1,1,1,1,1,1,1,4,4,-1,[ OK ]
1046.7,4/13/2026 8:24:46 PM,3574,103.1,0.1483,119.2,0.396,0.5186,1.524,0,0,0,100,16.28,0.2608,404.1,200,1,0,0.3392,1,1,1,1,1,1,1,4,4,-1,[ OK ]
1047.4,4/13/2026 8:24:47 PM,3575,103.1,0.148,120.2,0.3972,0.5185,1.524,0,0,0,100,16.28,0.2621,404,200,1,0,0.3392,1,1,1,1,1,1,1,4,4,-1,[ OK ]
1048.0,4/13/2026 8:24:48 PM,3575,103.1,0.1482,119.9,0.3939,0.5184,1.525,0,0,0,100,16.28,0.2629,404.2,200,1,0,0.347,1,1,1,1,1,1,1,4,4,-1,[ OK ]
1048.6,4/13/2026 8:24:48 PM,3576,103.1,0.148,120.2,0.3978,0.5176,1.534,0,0,0,100,16.28,0.2636,403.8,200,1,0,0.3344,1,1,1,1,1,1,1,4,4,-1,[ OK ]
1049.2,4/13/2026 8:24:49 PM,3576,103.1,0.1482,119.7,0.3918,0.5183,1.527,0,0,0,100,16.28,0.2642,404.1,200,1,0,0.3258,1,1,1,1,1,1,1,4,4,-1,[ OK ]
1049.8,4/13/2026 8:24:50 PM,3577,103.1,0.1481,119.9,0.3934,0.5179,1.531,0,0,0,100,16.28,0.2632,403.8,200,1,0,0.3325,1,1,1,1,1,1,1,4,4,-1,[ OK ]
1050.4,4/13/2026 8:24:50 PM,3578,103.1,0.1479,120.5,0.3982,0.5184,1.526,0,0,0,100,16.28,0.2638,404,200,1,0,0.3271,1,1,1,1,1,1,1,4,4,-1,[ OK ]
1050.9,4/13/2026 8:24:51 PM,3578,103.1,0.1479,120.3,0.3937,0.5188,1.521,0,0,0,100,16.28,0.2637,403.9,200,1,0,0.3373,1,1,1,1,1,1,1,4,4,-1,[ OK ]
1051.5,4/13/2026 8:24:51 PM,3579,103.1,0.148,119.9,0.3949,0.5176,1.534,0,0,0,100,16.28,0.262,403.8,200,1,0,0.3333,1,1,1,1,1,1,1,4,4,-1,[ OK ]
1052.0,4/13/2026 8:24:52 PM,3579,103.1,0.1479,120.1,0.3929,0.518,1.53,0,0,0,100,16.28,0.2628,403.9,200,1,0,0.3555,1,1,1,1,1,1,1,4,4,-1,[ OK ]
1052.7,4/13/2026 8:24:52 PM,3580,103.1,0.1479,120,0.3935,0.518,1.53,0,0,0,100,16.28,0.2618,403.9,200,1,0,0.3431,1,1,1,1,1,1,1,4,4,-1,[ OK ]
1053.3,4/13/2026 8:24:53 PM,3580,103.1,0.148,119.7,0.3991,0.5182,1.529,0,0,0,100,16.28,0.2631,404,200,1,0,0.342,1,1,1,1,1,1,1,4,4,-1,[ OK ]
1053.8,4/13/2026 8:24:54 PM,3581,103.1,0.1481,119.6,0.4044,0.5182,1.529,0,0,0,100,16.28,0.2641,404.2,200,1,0,0.3346,1,1,1,1,1,1,1,4,4,-1,[ OK ]
1054.3,4/13/2026 8:24:54 PM,3582,103.1,0.148,119.7,0.396,0.5187,1.525,0,0,0,100,16.28,0.2633,404.2,200,1,0,0.3314,1,1,1,1,1,1,1,4,4,-1,[ OK ]
1054.8,4/13/2026 8:24:55 PM,3582,103.1,0.148,119.8,0.3939,0.5184,1.527,0,0,0,100,16.28,0.2648,404.2,200,1,0,0.3396,1,1,1,1,1,1,1,4,4,-1,[ OK ]
1055.4,4/13/2026 8:24:55 PM,3583,103.1,0.1478,120.6,0.4024,0.5182,1.531,0,0,0,100,16.28,0.2623,403.9,200,1,0,0.3323,1,1,1,1,1,1,1,4,4,-1,[ OK ]
1056.0,4/13/2026 8:24:56 PM,3583,103.1,0.148,119.8,0.3977,0.5187,1.525,0,0,0,100,16.28,0.2617,404.1,200,1,0,0.3351,1,1,1,1,1,1,1,4,4,-1,[ OK ]
1056.6,4/13/2026 8:24:56 PM,3584,103.1,0.148,119.7,0.4013,0.5179,1.533,0,0,0,100,16.28,0.2628,403.8,200,1,0,0.3394,1,1,1,1,1,1,1,4,4,-1,[ OK ]
1057.1,4/13/2026 8:24:57 PM,3584,103.1,0.148,119.7,0.4042,0.5184,1.528,0,0,0,100,16.28,0.2627,404,200,1,0,0.3377,1,1,1,1,1,1,1,4,4,-1,[ OK ]
1057.7,4/13/2026 8:24:57 PM,3585,103.1,0.1481,119.6,0.4001,0.5182,1.531,0,0,0,100,16.28,0.2627,403.9,200,1,0,0.3382,1,1,1,1,1,1,1,4,4,-1,[ OK ]
1058.2,4/13/2026 8:24:58 PM,3585,103.1,0.1481,119.6,0.3946,0.5184,1.529,0,0,0,100,16.28,0.262,403.9,200,1,0,0.3458,1,1,1,1,1,1,1,4,4,-1,[ OK ]
1058.7,4/13/2026 8:24:59 PM,3586,103.1,0.148,119.9,0.4002,0.5189,1.523,0,0,0,100,16.28,0.2619,404.4,200,1,0,0.3346,1,1,1,1,1,1,1,4,4,-1,[ OK ]
1059.1,4/13/2026 8:24:59 PM,3586,103.1,0.1481,119.6,0.3953,0.5187,1.525,0,0,0,100,16.28,0.2619,404.1,200,1,0,0.3411,1,1,1,1,1,1,1,4,4,-1,[ OK ]
1059.7,4/13/2026 8:25:00 PM,3587,103.1,0.148,120.1,0.399,0.518,1.533,0,0,0,100,16.28,0.2647,403.8,200,1,0,0.3308,1,1,1,1,1,1,1,4,4,-1,[ OK ]
1060.3,4/13/2026 8:25:00 PM,3588,103.1,0.1481,119.9,0.4023,0.518,1.532,0,0,0,100,16.28,0.2656,403.9,200,1,0,0.3426,1,1,1,1,1,1,1,4,4,-1,[ OK ]
1060.9,4/13/2026 8:25:01 PM,3588,103.1,0.1481,119.9,0.402,0.5179,1.534,0,0,0,100,16.28,0.2623,404.2,200,1,0,0.3457,1,1,1,1,1,1,1,4,4,-1,[ OK ]
1061.4,4/13/2026 8:25:01 PM,3589,103.1,0.1481,119.8,0.4021,0.5185,1.528,0,0,0,100,16.28,0.262,404,200,1,0,0.3415,1,1,1,1,1,1,1,4,4,-1,[ OK ]
1061.9,4/13/2026 8:25:02 PM,3589,103.1,0.1479,120.3,0.3974,0.5181,1.531,0,0,0,100,16.28,0.2634,403.8,200,1,0,0.336,1,1,1,1,1,1,1,4,4,-1,[ OK ]
1062.4,4/13/2026 8:25:02 PM,3590,103.1,0.1481,119.9,0.392,0.5188,1.524,0,0,0,100,16.28,0.2641,403.9,200,1,0,0.3388,1,1,1,1,1,1,1,4,4,-1,[ OK ]
1063.0,4/13/2026 8:25:03 PM,3590,103.1,0.1479,120.4,0.3918,0.5186,1.525,0,0,0,100,16.28,0.2633,403.9,200,1,0,0.3458,1,1,1,1,1,1,1,4,4,-1,[ OK ]
1063.6,4/13/2026 8:25:03 PM,3591,103.1,0.148,119.9,0.3981,0.5184,1.527,0,0,0,100,16.28,0.2627,403.8,200,1,0,0.3371,1,1,1,1,1,1,1,4,4,-1,[ OK ]
1064.1,4/13/2026 8:25:04 PM,3591,103.1,0.148,120,0.3968,0.5183,1.528,0,0,0,100,16.28,0.2664,404.2,200,1,0,0.3257,1,1,1,1,1,1,1,4,4,-1,[ OK ]
1064.7,4/13/2026 8:25:05 PM,3592,103.1,0.148,120.2,0.397,0.5179,1.532,0,0,0,100,16.28,0.2618,404.1,200,1,0,0.3419,1,1,1,1,1,1,1,4,4,-1,[ OK ]
1065.2,4/13/2026 8:25:05 PM,3592,103.1,0.148,120,0.4036,0.5183,1.528,0,0,0,100,16.28,0.2625,403.9,200,1,0,0.3402,1,1,1,1,1,1,1,4,4,-1,[ OK ]
1065.9,4/13/2026 8:25:06 PM,3593,103.1,0.148,120.1,0.395,0.5176,1.535,0,0,0,100,16.28,0.2618,403.9,200,1,0,0.348,1,1,1,1,1,1,1,4,4,-1,[ OK ]
1066.4,4/13/2026 8:25:06 PM,3594,103.1,0.1481,119.7,0.3953,0.5186,1.524,0,0,0,100,16.28,0.261,404.1,200,1,0,0.3343,1,1,1,1,1,1,1,4,4,-1,[ OK ]
1066.9,4/13/2026 8:25:07 PM,3594,103.1,0.148,120,0.4003,0.5186,1.525,0,0,0,100,16.28,0.2602,404.1,200,1,0,0.3358,1,1,1,1,1,1,1,4,4,-1,[ OK ]
1067.5,4/13/2026 8:25:07 PM,3595,103.1,0.148,120.2,0.4048,0.5182,1.529,0,0,0,100,16.28,0.2628,404.2,200,1,0,0.3424,1,1,1,1,1,1,1,4,4,-1,[ OK ]
1068.1,4/13/2026 8:25:08 PM,3595,103.1,0.148,119.9,0.3919,0.5187,1.522,0,0,0,100,16.28,0.2604,404.1,200,1,0,0.3488,1,1,1,1,1,1,1,4,4,-1,[ OK ]
1068.7,4/13/2026 8:25:08 PM,3596,103.1,0.1479,120.3,0.3966,0.5187,1.524,0,0,0,100,16.28,0.2635,403.7,200,1,0,0.3395,1,1,1,1,1,1,1,4,4,-1,[ OK ]
1069.2,4/13/2026 8:25:09 PM,3596,103.1,0.1479,120.3,0.3992,0.5179,1.534,0,0,0,100,16.28,0.2626,404.2,200,1,0,0.3352,1,1,1,1,1,1,1,4,4,-1,[ OK ]
1069.8,4/13/2026 8:25:10 PM,3597,103.1,0.148,120,0.4036,0.5188,1.524,0,0,0,100,16.28,0.261,404,200,1,0,0.3388,1,1,1,1,1,1,1,4,4,-1,[ OK ]
1070.3,4/13/2026 8:25:10 PM,3598,103.1,0.1481,119.8,0.3964,0.5185,1.527,0,0,0,100,16.28,0.2633,403.8,200,1,0,0.3311,1,1,1,1,1,1,1,4,4,-1,[ OK ]
1071.0,4/13/2026 8:25:11 PM,3598,103.1,0.1481,119.8,0.3969,0.5186,1.526,0,0,0,100,16.28,0.2635,404.2,200,1,0,0.3322,1,1,1,1,1,1,1,4,4,-1,[ OK ]
1071.7,4/13/2026 8:25:11 PM,3599,103.1,0.1482,119.4,0.4018,0.5184,1.529,0,0,0,100,16.28,0.2617,403.7,200,1,0,0.3439,1,1,1,1,1,1,1,4,4,-1,[ OK ]
1072.2,4/13/2026 8:25:12 PM,3599,103.1,0.1481,119.8,0.4014,0.5184,1.528,0,0,0,100,16.28,0.261,404.1,200,1,0,0.3368,1,1,1,1,1,1,1,4,4,-1,[ OK ]
1072.7,4/13/2026 8:25:13 PM,3600,103.1,0.148,120.3,0.3932,0.5187,1.525,0,0,0,100,16.28,0.2641,404.1,200,1,0,0.342,1,1,1,1,1,1,1,4,4,-1,[ OK ]
1073.2,4/13/2026 8:25:13 PM,3600,103.1,0.1482,119.4,0.3967,0.5187,1.525,0,0,0,100,16.28,0.2639,404.1,200,1,0,0.338,1,1,1,1,1,1,1,4,4,-1,[ OK ]
1073.7,4/13/2026 8:25:14 PM,3601,103.1,0.148,120.2,0.3918,0.5184,1.528,0,0,0,100,16.28,0.2631,404.2,200,1,0,0.3431,1,1,1,1,1,1,1,4,4,-1,[ OK ]
1074.3,4/13/2026 8:25:14 PM,3601,103.1,0.1479,120.5,0.3919,0.5181,1.531,0,0,0,100,16.28,0.2664,404.1,200,1,0,0.338,1,1,1,1,1,1,1,4,4,-1,[ OK ]
1074.8,4/13/2026 8:25:15 PM,3602,103.1,0.148,120.2,0.4013,0.5181,1.531,0,0,0,100,16.28,0.2634,404.1,200,1,0,0.3491,1,1,1,1,1,1,1,4,4,-1,[ OK ]
1075.3,4/13/2026 8:25:15 PM,3603,103.1,0.1482,119.6,0.3975,0.518,1.532,0,0,0,100,16.28,0.2623,404.1,200,1,0,0.3435,1,1,1,1,1,1,1,4,4,-1,[ OK ]
1075.8,4/13/2026 8:25:16 PM,3603,103.1,0.1485,118.5,0.3985,0.519,1.521,0,0,0,100,16.28,0.2626,403.9,200,1,0,0.3481,1,1,1,1,1,1,1,4,4,-1,[ OK ]
1076.5,4/13/2026 8:25:16 PM,3604,103.1,0.1481,119.9,0.3975,0.5186,1.526,0,0,0,100,16.28,0.2624,404.1,200,1,0,0.3416,1,1,1,1,1,1,1,4,4,-1,[ OK ]
1077.0,4/13/2026 8:25:17 PM,3604,103.1,0.1481,119.7,0.3999,0.519,1.522,0,0,0,100,16.28,0.26,404.2,200,1,0,0.3487,1,1,1,1,1,1,1,4,4,-1,[ OK ]
1077.5,4/13/2026 8:25:17 PM,3605,103.1,0.1478,120.7,0.4002,0.5189,1.523,0,0,0,100,16.28,0.2622,403.9,200,1,0,0.3407,1,1,1,1,1,1,1,4,4,-1,[ OK ]
1078.0,4/13/2026 8:25:18 PM,3605,103.1,0.1481,119.8,0.398,0.5181,1.53,0,0,0,100,16.28,0.26,404.2,200,1,0,0.3596,1,1,1,1,1,1,1,4,4,-1,[ OK ]
1078.4,4/13/2026 8:25:18 PM,3606,103.1,0.1481,119.7,0.3918,0.5187,1.524,0,0,0,100,16.28,0.2631,404,200,1,0,0.3494,1,1,1,1,1,1,1,4,4,-1,[ OK ]
1078.9,4/13/2026 8:25:19 PM,3606,103.1,0.148,120.2,0.3989,0.5189,1.522,0,0,0,100,16.28,0.2602,404.1,200,1,0,0.3437,1,1,1,1,1,1,1,4,4,-1,[ OK ]
1079.6,4/13/2026 8:25:19 PM,3607,103.1,0.1481,119.7,0.3986,0.5186,1.524,0,0,0,100,16.28,0.2601,404.1,200,1,0,0.3393,1,1,1,1,1,1,1,4,4,-1,[ OK ]
1080.3,4/13/2026 8:25:20 PM,3607,103.1,0.148,120.1,0.3918,0.5186,1.525,0,0,0,100,16.28,0.2604,404.2,200,1,0,0.3421,1,1,1,1,1,1,1,4,4,-1,[ OK ]
1081.1,4/13/2026 8:25:21 PM,3608,103.1,0.1481,120,0.3966,0.5179,1.532,0,0,0,100,16.28,0.2596,404.2,200,1,0,0.3425,1,1,1,1,1,1,1,4,4,-1,[ OK ]
1081.6,4/13/2026 8:25:21 PM,3609,103.1,0.1482,119.6,0.4,0.5183,1.528,0,0,0,100,16.28,0.2598,404.1,200,1,0,0.3561,1,1,1,1,1,1,1,4,4,-1,[ OK ]
1082.2,4/13/2026 8:25:22 PM,3609,103.1,0.1483,119.2,0.3964,0.5182,1.529,0,0,0,100,16.28,0.26,404,200,1,0,0.3679,1,1,1,1,1,1,1,4,4,-1,[ OK ]
1082.9,4/13/2026 8:25:23 PM,3610,103.1,0.1482,119.7,0.3971,0.5182,1.531,0,0,0,100,16.28,0.2609,404,200,1,0,0.3551,1,1,1,1,1,1,1,4,4,-1,[ OK ]
1083.4,4/13/2026 8:25:23 PM,3611,103.1,0.148,120.2,0.3961,0.518,1.533,0,0,0,100,16.28,0.261,404.2,200,1,0,0.3573,1,1,1,1,1,1,1,4,4,-1,[ OK ]
1083.9,4/13/2026 8:25:24 PM,3611,103.1,0.1483,119.3,0.398,0.5191,1.52,0,0,0,100,16.28,0.2591,404,200,1,0,0.3524,1,1,1,1,1,1,1,4,4,-1,[ OK ]
1084.4,4/13/2026 8:25:24 PM,3612,103.1,0.1482,119.7,0.3959,0.5186,1.525,0,0,0,100,16.28,0.2579,403.9,200,1,0,0.3493,1,1,1,1,1,1,1,4,4,-1,[ OK ]
1085.1,4/13/2026 8:25:25 PM,3612,103.1,0.1481,120,0.3949,0.5191,1.52,0,0,0,100,16.28,0.2594,403.9,200,1,0,0.3392,1,1,1,1,1,1,1,4,4,-1,[ OK ]
1085.7,4/13/2026 8:25:25 PM,3613,103.1,0.1481,120.1,0.4039,0.5178,1.533,0,0,0,100,16.28,0.2608,404.3,200,1,0,0.3427,1,1,1,1,1,1,1,4,4,-1,[ OK ]
1086.3,4/13/2026 8:25:26 PM,3614,103.1,0.1484,119.1,0.4065,0.5187,1.522,0,0,0,100,16.28,0.2585,404.3,200,1,0,0.3452,1,1,1,1,1,1,1,4,4,-1,[ OK ]
1087.0,4/13/2026 8:25:27 PM,3614,103.1,0.1483,119.6,0.3966,0.5188,1.522,0,0,0,100,16.28,0.2615,403.8,200,1,0,0.344,1,1,1,1,1,1,1,4,4,-1,[ OK ]
1087.6,4/13/2026 8:25:27 PM,3615,103.1,0.1482,120,0.4015,0.5189,1.521,0,0,0,100,16.28,0.2594,404,200,1,0,0.351,1,1,1,1,1,1,1,4,4,-1,[ OK ]
1088.3,4/13/2026 8:25:28 PM,3615,103.1,0.1481,120.4,0.3993,0.5185,1.526,0,0,0,100,16.28,0.2586,403.8,200,1,0,0.3467,1,1,1,1,1,1,1,4,4,-1,[ OK ]
1089.0,4/13/2026 8:25:29 PM,3616,103.1,0.148,120.4,0.3989,0.5184,1.527,0,0,0,100,16.28,0.2597,404.1,200,1,0,0.3443,1,1,1,1,1,1,1,4,4,-1,[ OK ]
1089.6,4/13/2026 8:25:29 PM,3617,103.1,0.1481,120.1,0.3973,0.5191,1.519,0,0,0,100,16.28,0.2572,403.8,200,1,0,0.3463,1,1,1,1,1,1,1,4,4,-1,[ OK ]
1090.1,4/13/2026 8:25:30 PM,3617,103.1,0.1483,119.3,0.3987,0.5181,1.53,0,0,0,100,16.28,0.2567,403.8,200,1,0,0.3653,1,1,1,1,1,1,1,4,4,-1,[ OK ]
1090.8,4/13/2026 8:25:31 PM,3618,103.1,0.148,120.4,0.3959,0.5179,1.532,0,0,0,100,16.28,0.2587,403.9,200,1,0,0.3445,1,1,1,1,1,1,1,4,4,-1,[ OK ]
1091.3,4/13/2026 8:25:31 PM,3618,103.1,0.1479,120.6,0.3957,0.5182,1.53,0,0,0,100,16.28,0.2576,403.8,200,1,0,0.3481,1,1,1,1,1,1,1,4,4,-1,[ OK ]
1091.8,4/13/2026 8:25:32 PM,3619,103.1,0.1481,120,0.398,0.5176,1.537,0,0,0,100,16.28,0.2547,404.2,200,1,0,0.3642,1,1,1,1,1,1,1,4,4,-1,[ OK ]
1092.4,4/13/2026 8:25:32 PM,3620,103.1,0.1482,119.9,0.398,0.5178,1.534,0,0,0,100,16.28,0.2587,403.8,200,1,0,0.3474,1,1,1,1,1,1,1,4,4,-1,[ OK ]
1093.0,4/13/2026 8:25:33 PM,3620,103.1,0.1482,119.8,0.3966,0.5182,1.529,0,0,0,100,16.28,0.2565,403.8,200,1,0,0.3584,1,1,1,1,1,1,1,4,4,-1,[ OK ]
1093.6,4/13/2026 8:25:33 PM,3621,103.1,0.1482,119.9,0.3989,0.5188,1.524,0,0,0,100,16.28,0.2564,404,200,1,0,0.3482,1,1,1,1,1,1,1,4,4,-1,[ OK ]
1094.4,4/13/2026 8:25:34 PM,3622,103.1,0.1485,118.9,0.4013,0.5186,1.526,0,0,0,100,16.28,0.2578,403.9,200,1,0,0.3575,1,1,1,1,1,1,1,4,4,-1,[ OK ]
1095.1,4/13/2026 8:25:35 PM,3622,103.1,0.1481,120.2,0.3921,0.5184,1.527,0,0,0,100,16.28,0.2546,404.1,200,1,0,0.3598,1,1,1,1,1,1,1,4,4,-1,[ OK ]
1096.2,4/13/2026 8:25:36 PM,3623,103.1,0.1481,120.2,0.3931,0.5182,1.528,0,0,0,100,16.28,0.2568,403.9,200,1,0,0.3625,1,1,1,1,1,1,1,4,4,-1,[ OK ]
1097.0,4/13/2026 8:25:37 PM,3624,103.1,0.1482,119.8,0.4044,0.5184,1.527,0,0,0,100,16.28,0.2582,403.9,200,1,0,0.3427,1,1,1,1,1,1,1,4,4,-1,[ OK ]
1097.5,4/13/2026 8:25:37 PM,3625,103.1,0.148,120.3,0.3959,0.5182,1.53,0,0,0,100,16.28,0.2576,403.9,200,1,0,0.3496,1,1,1,1,1,1,1,4,4,-1,[ OK ]
1098.1,4/13/2026 8:25:38 PM,3625,103.1,0.148,120.3,0.3939,0.5176,1.536,0,0,0,100,16.28,0.2582,404.2,200,1,0,0.341,1,1,1,1,1,1,1,4,4,-1,[ OK ]
1098.7,4/13/2026 8:25:39 PM,3626,103.1,0.1483,119.5,0.398,0.5181,1.531,0,0,0,100,16.28,0.2549,404.1,200,1,0,0.3495,1,1,1,1,1,1,1,4,4,-1,[ OK ]
1099.3,4/13/2026 8:25:39 PM,3627,103.1,0.1481,120.2,0.3965,0.5186,1.525,0,0,0,100,16.28,0.2569,404.2,200,1,0,0.3495,1,1,1,1,1,1,1,4,4,-1,[ OK ]
1100.0,4/13/2026 8:25:40 PM,3627,103.1,0.1483,119.2,0.4003,0.519,1.521,0,0,0,100,16.28,0.2557,403.9,200,1,0,0.3502,1,1,1,1,1,1,1,4,4,-1,[ OK ]
1100.6,4/13/2026 8:25:40 PM,3628,103.1,0.1483,119.5,0.3975,0.5181,1.53,0,0,0,100,16.28,0.2564,403.9,200,1,0,0.3509,1,1,1,1,1,1,1,4,4,-1,[ OK ]
1101.2,4/13/2026 8:25:41 PM,3628,103.1,0.1482,119.7,0.3997,0.5186,1.524,0,0,0,100,16.28,0.2558,404,200,1,0,0.3577,1,1,1,1,1,1,1,4,4,-1,[ OK ]
1101.8,4/13/2026 8:25:42 PM,3629,103.1,0.1483,119.3,0.3997,0.5178,1.534,0,0,0,100,16.28,0.2558,403.9,200,1,0,0.3594,1,1,1,1,1,1,1,4,4,-1,[ OK ]
1102.5,4/13/2026 8:25:42 PM,3630,103.1,0.1479,120.6,0.3995,0.5182,1.531,0,0,0,100,16.28,0.2562,403.8,200,1,0,0.3538,1,1,1,1,1,1,1,4,4,-1,[ OK ]
1103.2,4/13/2026 8:25:43 PM,3630,103.1,0.148,120.1,0.3932,0.5184,1.528,0,0,0,100,16.28,0.2564,404,200,1,0,0.3522,1,1,1,1,1,1,1,4,4,-1,[ OK ]
1104.0,4/13/2026 8:25:44 PM,3631,103.1,0.148,120.2,0.4014,0.5184,1.527,0,0,0,100,16.28,0.2552,404.2,200,1,0,0.3529,1,1,1,1,1,1,1,4,4,-1,[ OK ]
1104.5,4/13/2026 8:25:44 PM,3632,103.1,0.1481,119.8,0.4043,0.5181,1.53,0,0,0,100,16.28,0.2557,403.8,200,1,0,0.3637,1,1,1,1,1,1,1,4,4,-1,[ OK ]
1105.0,4/13/2026 8:25:45 PM,3632,103.1,0.1481,119.8,0.398,0.5185,1.525,0,0,0,100,16.28,0.2568,403.9,200,1,0,0.3481,1,1,1,1,1,1,1,4,4,-1,[ OK ]
1105.7,4/13/2026 8:25:45 PM,3633,103.1,0.1481,120,0.3982,0.5186,1.524,0,0,0,100,16.28,0.2572,403.8,200,1,0,0.3578,1,1,1,1,1,1,1,4,4,-1,[ OK ]
1106.4,4/13/2026 8:25:46 PM,3634,103.1,0.148,120.1,0.3985,0.5181,1.529,0,0,0,100,16.28,0.2535,404,200,1,0,0.3531,1,1,1,1,1,1,1,4,4,-1,[ OK ]
1107.0,4/13/2026 8:25:47 PM,3634,103.1,0.1479,120.4,0.4043,0.5183,1.526,0,0,0,100,16.28,0.2556,404.2,200,1,0,0.3479,1,1,1,1,1,1,1,4,4,-1,[ OK ]
1107.7,4/13/2026 8:25:48 PM,3635,103.1,0.1483,119.3,0.3985,0.5178,1.534,0,0,0,100,16.28,0.2544,403.9,200,1,0,0.3637,1,1,1,1,1,1,1,4,4,-1,[ OK ]
1108.3,4/13/2026 8:25:48 PM,3636,103.1,0.1482,119.8,0.3952,0.5182,1.529,0,0,0,100,16.28,0.2553,404,200,1,0,0.3608,1,1,1,1,1,1,1,4,4,-1,[ OK ]
1109.0,4/13/2026 8:25:49 PM,3636,103.1,0.1481,120,0.3939,0.5179,1.532,0,0,0,100,16.28,0.2559,403.9,200,1,0,0.3488,1,1,1,1,1,1,1,4,4,-1,[ OK ]
1109.6,4/13/2026 8:25:49 PM,3637,103.1,0.1481,119.9,0.4018,0.519,1.521,0,0,0,100,16.28,0.2553,404.2,200,1,0,0.3587,1,1,1,1,1,1,1,4,4,-1,[ OK ]
1110.2,4/13/2026 8:25:50 PM,3637,103.1,0.1483,119.5,0.3981,0.5183,1.529,0,0,0,100,16.28,0.2544,404,200,1,0,0.3559,1,1,1,1,1,1,1,4,4,-1,[ OK ]
1111.3,4/13/2026 8:25:51 PM,3638,103.1,0.1479,120.8,0.397,0.518,1.532,0,0,0,100,16.28,0.2571,403.8,200,1,0,0.3582,1,1,1,-1,1,1,1,3.875,4,3,[ OK ]
1112.8,4/13/2026 8:25:53 PM,3639,103.1,0,69.02,0.04374,0.5182,1.53,0,0,0,100,16.28,0.2094,404,200,1,0,0,1,0,1,-1,1,0,1,3.625,4,3,[ OK ]
1114.0,4/13/2026 8:25:54 PM,3641,103.1,0,12.4,0.04314,0.5177,1.538,0,0,0,100,16.28,0.2106,403.9,200,1,0,0,1,0,1,-1,1,0,1,3.625,4,3,[ OK ]
1115.4,4/13/2026 8:25:55 PM,3642,103.1,0,4.075,0.04205,0.518,1.533,0,0,0,100,16.28,0.2113,404,200,0,0,0,1,0,1,-1,1,0,1,3.125,4,3,[ OK ]
1116.8,4/13/2026 8:25:57 PM,3644,103.1,0,2.26,0.04235,0.5186,1.521,0,0,0,100,16.28,0.00282,5.247,200,0,0,0,1,0,1,-1,1,0,2.702,3,3,-1,[ OK ]
1118.7,4/13/2026 8:25:59 PM,3646,103.1,0,1.449,0.04543,0.5178,1.531,0,0,0,100,16.28,0.003182,0,200,0,0,0,1,0,1,-1,1,0,3,3,3,-1,[ OK ]
1119.6,4/13/2026 8:25:59 PM,3647,103.1,0,0.9391,0.03947,0.5177,1.532,0,0,0,100,16.28,0.00282,0.03172,200,0,0,0,1,0,1,-1,1,0,4,3,3,-1,[ OK ]
1120.2,4/13/2026 8:26:00 PM,3647,103.1,0,1.433,0.04156,0.5184,1.525,0,0,0,100,16.28,0.003908,0,200,0,0,0,1,0,1,-1,1,0,4,3,3,-1,[ OK ]
1120.7,4/13/2026 8:26:01 PM,3648,103.1,0,1.369,0.04225,0.5177,1.533,0,0,0,100,16.28,0.00282,0.01269,200,0,0,0,1,0,1,-1,1,0,4,3,3,-1,[ OK ]
1121.4,4/13/2026 8:26:01 PM,3649,103.1,0,1.464,0.04195,0.5184,1.526,0,0,0,100,16.28,0.002498,0,200,0,0,0,1,0,1,-1,1,0,4,3,3,-1,[ OK ]
1122.1,4/13/2026 8:26:02 PM,3649,103.1,0,1.846,0.04166,0.5183,1.526,0,0,0,100,16.28,0.002739,0,200,0,0,0,1,0,1,-1,1,0,4,3,3,-1,[ OK ]
1122.6,4/13/2026 8:26:02 PM,3650,103.1,0,1.289,0.04424,0.5184,1.525,0,0,0,100,16.28,0.00278,0,200,0,0,0,1,0,1,-1,1,0,4,3,3,-1,[ OK ]
1123.2,4/13/2026 8:26:03 PM,3650,103.1,0,1.91,0.04205,0.5181,1.529,0,0,0,100,16.28,0.002981,0,200,0,0,0,1,0,1,-1,1,0,4,3,3,-1,[ OK ]
1123.7,4/13/2026 8:26:04 PM,3651,103.1,0,1.257,0.04225,0.5184,1.525,0,0,0,100,16.28,0.002659,0,200,0,0,0,1,0,1,-1,1,0,4,3,3,-1,[ OK ]
1124.2,4/13/2026 8:26:04 PM,3651,103.1,0,1.48,0.04493,0.5183,1.526,0,0,0,100,16.28,0.0029,0.1459,200,0,0,0,1,0,1,-1,1,0,4,3,3,-1,[ OK ]
1124.8,4/13/2026 8:26:05 PM,3652,103.1,0,1.321,0.04344,0.518,1.53,0,0,0,100,16.28,0.002739,0,200,0,0,0,1,0,1,-1,1,0,4,3,3,-1,[ OK ]
1125.3,4/13/2026 8:26:05 PM,3653,103.1,0,1.767,0.04186,0.5184,1.526,0,0,0,100,16.28,0.003303,0,200,0,0,0,1,0,1,-1,1,0,4,3,3,-1,[ OK ]
1125.9,4/13/2026 8:26:06 PM,3653,103.1,0,1.273,0.03957,0.5184,1.525,0,0,0,100,16.28,0.00278,0,200,0,0,0,1,0,1,-1,1,0,4,3,3,-1,[ OK ]
1126.4,4/13/2026 8:26:06 PM,3654,103.1,0,1.783,0.04275,0.5185,1.525,0,0,0,100,16.28,0.003988,0.04441,200,0,0,0,1,0,1,-1,1,0,4,3,3,-1,[ OK ]
1127.0,4/13/2026 8:26:07 PM,3654,103.1,0,1.321,0.04245,0.5183,1.527,0,0,0,100,16.28,0.0029,0,200,0,0,0,1,0,1,-1,1,0,4,3,3,-1,[ OK ]
1127.5,4/13/2026 8:26:07 PM,3655,103.1,0,1.289,0.03868,0.5187,1.522,0,0,0,100,16.28,0.002699,0,200,0,0,0,1,0,1,-1,1,0,4,3,3,-1,[ OK ]
1128.1,4/13/2026 8:26:08 PM,3655,103.1,0,1.305,0.04503,0.5178,1.533,0,0,0,100,16.28,0.00282,0,200,0,0,0,1,0,1,-1,1,0,4,3,3,-1,[ OK ]
1128.6,4/13/2026 8:26:08 PM,3656,103.1,0,0.9869,0.04215,0.5178,1.532,0,0,0,100,16.28,0.001934,0.006345,200,0,0,0,1,0,1,-1,1,0,4,3,3,-1,[ OK ]
1129.2,4/13/2026 8:26:09 PM,3656,103.1,0,1.003,0.04523,0.5186,1.524,0,0,0,100,16.28,0.002578,0,200,0,0,0,1,0,1,-1,1,0,4,3,3,-1,[ OK ]
1130.7,4/13/2026 8:26:10 PM,3657,103.1,0,1.719,0.04096,0,0.01088,0,0,0,100,16.28,0.001732,0.1015,200,0,0,0,1,0,1,-1,1,0,4,2,3,2,[ OK ]
1857.6,4/13/2026 8:38:17 PM,4384,103.1,0,1.496,0.04334,0,0.001913,0,0,0,100,16.28,0.002336,0,200,0,0,0,1,0,1,-1,1,0,4,2.25,2,3,[ OK ]
1859.2,4/13/2026 8:38:19 PM,4386,103.1,0,0.9391,0.04235,0.2419,0.1678,0,0,0,100,16.28,0.002457,0,200,0,0,0,1,0,1,-1,1,0,4,3,2,3,[ OK ]
1861.1,4/13/2026 8:38:21 PM,4388,103.1,0,0.8914,0.03947,0.366,0.879,0,0,0,100,16.28,0.003666,0,200,0,0,0,1,0,1,-1,1,0,4,3,3,-1,[ OK ]
1862.3,4/13/2026 8:38:22 PM,4390,103.1,0,0.589,0.04195,0.4183,1.169,0,0,0,100,16.28,0.002417,0,200,0,0,0,1,0,1,-1,1,0,4,3,3,-1,[ OK ]
1863.0,4/13/2026 8:38:23 PM,4390,103.1,0,1.464,0.04136,0.4306,1.243,0,0,0,100,16.28,0.003182,0,200,0,0,0,1,0,1,-1,1,0,4,3,3,-1,[ OK ]
1863.5,4/13/2026 8:38:23 PM,4391,103.1,0,0.4616,0.04493,0.4392,1.291,0,0,0,100,16.28,0.003827,0.01903,200,0,0,0,1,0,1,-1,1,0,4,3,3,-1,[ OK ]
1864.1,4/13/2026 8:38:24 PM,4391,103.1,0,1.035,0.04285,0.4463,1.333,0,0,0,100,16.28,0.00286,0,200,0,0,0,1,0,1,-1,1,0,4,3,3,-1,[ OK ]
1864.7,4/13/2026 8:38:25 PM,4392,103.1,0,0.8755,0.03828,0.4536,1.369,0,0,0,100,16.28,0.002699,0,200,0,0,0,1,0,1,-1,1,0,4,3,3,-1,[ OK ]
1865.3,4/13/2026 8:38:25 PM,4393,103.1,0,1.13,0.04176,0.4584,1.396,0,0,0,100,16.28,0.002659,0.1079,200,0,0,0,1,0,1,-1,1,0,4,3,3,-1,[ OK ]
1865.8,4/13/2026 8:38:26 PM,4393,103.1,0,0.8118,0.03947,0.4631,1.41,0,0,0,100,16.28,0.003102,0.2094,200,0,0,0,1,0,1,-1,1,0,4,3,3,-1,[ OK ]
1866.4,4/13/2026 8:38:26 PM,4394,103.1,0,1.019,0.04225,0.467,1.424,0,0,0,100,16.28,0.003344,0,200,0,0,0,1,0,1,-1,1,0,4,3,3,-1,[ OK ]
1866.9,4/13/2026 8:38:27 PM,4394,103.1,0,0.4457,0.04543,0.4687,1.451,0,0,0,100,16.28,0.002216,0,200,0,0,0,1,0,1,-1,1,0,4,3,3,-1,[ OK ]
1868.3,4/13/2026 8:38:28 PM,4395,103.1,0,1.098,0.03858,0.4717,1.467,0,0,0,100,16.28,0.003344,0.01269,200,0,0,0,1,0,1,-1,1,0,4,3.053,3,4,[ OK ]
1869.9,4/13/2026 8:38:30 PM,4396,103.1,0,1.449,0.04265,0.4768,1.495,0,0,0,100,16.28,0.2101,404.4,200,0,0,0,1,0,1,-1,1,0,1,3.211,3,4,[ OK ]
1871.5,4/13/2026 8:38:31 PM,4398,103.1,0,1.051,0.03908,0.4807,1.504,0,0,0,100,16.28,0.2104,404.1,200,0,0,0,1,0,1,-1,1,0,1,3.316,3,4,[ OK ]
1873.1,4/13/2026 8:38:33 PM,4400,103.1,0,1.146,0.03898,0.4827,1.517,0,0,0,100,16.28,0.2088,404.4,200,1,0,0,1,0,1,-1,1,0,1,3.474,3,4,[ OK ]
1874.9,4/13/2026 8:38:35 PM,4401,103.1,0.03014,17.8,0.04394,0.4861,1.514,0,0,0,100,16.28,0.2098,404.2,200,1,0,-1,1,0,1,-1,1,1,1,3.632,3,4,[ OK ]
1876.6,4/13/2026 8:38:36 PM,4403,103.1,0.03844,30,0.04205,0.4875,1.513,0,0,0,100,16.28,0.2075,404.1,200,1,0,-1,1,0,1,-1,1,1,1,3.684,3,4,[ OK ]
1878.1,4/13/2026 8:38:38 PM,4405,103.1,0.04204,39.27,0.04493,0.6203,2.221,0,0,0,100,16.28,0.2122,404.1,200,1,0,-1,1,0,1,-1,1,1,1,3.789,3,4,[ OK ]
1879.7,4/13/2026 8:38:39 PM,4406,103.1,0.04496,43.49,0.04344,0.6683,2.475,0,0,0,100,16.28,0.2132,404.3,200,1,0,-1,1,0,1,-1,1,1,1,3.789,3,4,[ OK ]
1880.9,4/13/2026 8:38:41 PM,4408,103.1,0.04626,46.26,0.04582,0.6947,2.591,0,0,0,100,16.28,0.2128,404.4,200,1,0,-1,1,0,1,-1,1,1,1,3.789,3,4,[ OK ]
1881.9,4/13/2026 8:38:42 PM,4409,103.1,0.04694,47.34,0.04602,0.7103,2.632,0,0,0,100,16.28,0.2127,404.5,200,1,0,-1,1,0,1,-1,1,1,1,3.789,3,4,[ OK ]
1882.9,4/13/2026 8:38:43 PM,4410,103.1,0.04697,48.9,0.05138,0.7196,2.667,0,0,0,100,16.28,0.213,404.5,200,1,0,-1,1,0,1,-1,1,1,1,3.789,3,4,[ OK ]
1883.6,4/13/2026 8:38:43 PM,4411,103.1,0.04736,48.9,0.05088,0.7259,2.685,0,0,0,100,16.28,0.2108,404.1,200,1,0,-1,1,0,1,-1,1,1,1,3.789,3,4,[ OK ]
1884.3,4/13/2026 8:38:44 PM,4411,103.1,0.04754,49.03,0.04781,0.7312,2.697,0,0,0,100,16.28,0.2114,404.4,200,1,0,-1,1,0,1,-1,1,1,1,3.789,3,4,[ OK ]
1885.1,4/13/2026 8:38:45 PM,4412,103.1,0.04774,49.2,0.04691,0.7367,2.715,0,0,0,100,16.28,0.2123,404.3,200,1,0,-1,1,0,1,-1,1,1,1,3.789,3,4,[ OK ]
1885.9,4/13/2026 8:38:46 PM,4413,103.1,0.04802,48.9,0.04592,0.7417,2.72,0,0,0,100,16.28,0.2109,404.5,200,1,0,-1,1,0,1,-1,1,1,1,3.789,3,4,[ OK ]
1886.6,4/13/2026 8:38:46 PM,4414,103.1,0.048,49.52,0.04652,0.7461,2.733,0,0,0,100,16.28,0.2131,404.2,200,1,0,-1,1,0,1,-1,1,1,1,3.789,3,4,[ OK ]
1887.4,4/13/2026 8:38:47 PM,4414,103.1,0.04824,49.14,0.05049,0.7492,2.741,0,0,0,100,16.28,0.2116,403.9,200,1,0,-1,1,0,1,-1,1,1,1,3.789,3,4,[ OK ]
1888.2,4/13/2026 8:38:48 PM,4415,103.1,0.04832,49.28,0.04761,0.7536,2.745,0,0,0,100,16.28,0.2115,404,200,1,0,-1,1,0,1,-1,1,1,1,3.789,3,4,[ OK ]
1888.8,4/13/2026 8:38:49 PM,4416,103.1,0.04827,49.65,0.05207,0.7561,2.754,0,0,0,100,16.28,0.2116,404.3,200,1,0,-1,1,0,1,-1,1,1,1,3.789,3,4,[ OK ]
1889.6,4/13/2026 8:38:49 PM,4417,103.1,0.04915,47.61,0.1519,0.7613,2.743,0,0,0,100,16.28,0.2186,404,200,1,0,-0.4228,1,1,1,-1,1,1,1,3.789,3,4,[ OK ]
1890.8,4/13/2026 8:38:51 PM,4417,103.1,0.04988,46.5,0.1887,0.6732,2.313,0,0,0,100,16.28,0.2205,404.1,200,1,0,-0.1686,1,1,1,-1,1,1,1,3.947,3,4,[ OK ]
1892.1,4/13/2026 8:38:52 PM,4419,103.1,0.05128,46.54,0.1289,0.6164,2.02,0,0,0,100,16.28,0.2223,404,200,1,0,-0.6075,1,1,1,1,1,1,1,4,4,-1,[ OK ]
1894.3,4/13/2026 8:38:54 PM,4421,103.1,0.05833,51.57,0.1177,0.5638,1.743,0,0,0,100,16.28,0.2266,404,200,1,0,-0.9851,1,1,1,1,1,1,1,4,4,-1,[ OK ]
1895.3,4/13/2026 8:38:55 PM,4422,103.1,0.06878,57.67,0.131,0.5502,1.68,0,0,0,100,16.28,0.2288,404.1,200,1,0,-0.6595,1,1,1,1,1,1,1,4,4,-1,[ OK ]
1895.8,4/13/2026 8:38:56 PM,4423,103.1,0.07622,61.06,0.1458,0.544,1.672,0,0,0,100,16.28,0.232,404.1,200,1,0,-0.6392,1,1,1,1,1,1,1,4,4,-1,[ OK ]
1896.3,4/13/2026 8:38:56 PM,4424,103.1,0.08037,66.49,0.1536,0.539,1.652,0,0,0,100,16.28,0.2336,404.1,200,1,0,-0.5145,1,1,1,1,1,1,1,4,4,-1,[ OK ]
1897.3,4/13/2026 8:38:57 PM,4424,103.1,0.09274,71.79,0.1747,0.5365,1.626,0,0,0,100,16.28,0.2378,404.5,200,1,0,-0.3519,1,1,1,1,1,1,1,4,4,-1,[ OK ]
1898.1,4/13/2026 8:38:58 PM,4425,103.1,0.1045,82.6,0.3592,0.5315,1.585,0,0,0,100,16.28,0.2589,404.4,200,1,0,0.2833,1,1,1,1,1,1,1,4,4,-1,[ OK ]
1898.6,4/13/2026 8:38:58 PM,4426,103.1,0.1096,84.62,0.3735,0.5293,1.579,0,0,0,100,16.28,0.2604,404.2,200,1,0,0.3017,1,1,1,1,1,1,1,4,4,-1,[ OK ]
1899.2,4/13/2026 8:38:59 PM,4426,103.1,0.1148,88.5,0.3975,0.5269,1.575,0,0,0,100,16.28,0.2612,404.2,200,1,0,0.3413,1,1,1,1,1,1,1,4,4,-1,[ OK ]
1899.8,4/13/2026 8:39:00 PM,4427,103.1,0.1195,91.77,0.4059,0.5263,1.558,0,0,0,100,16.28,0.264,404,200,1,0,0.3543,1,1,1,1,1,1,1,4,4,-1,[ OK ]
1900.6,4/13/2026 8:39:00 PM,4428,103.1,0.1241,95.79,0.4225,0.5245,1.554,0,0,0,100,16.28,0.2656,404,200,1,0,0.3562,1,1,1,1,1,1,1,4,4,-1,[ OK ]
1901.2,4/13/2026 8:39:01 PM,4428,103.1,0.1276,98.28,0.4214,0.5236,1.547,0,0,0,100,16.28,0.2632,404.1,200,1,0,0.3746,1,1,1,1,1,1,1,4,4,-1,[ OK ]
1901.8,4/13/2026 8:39:02 PM,4429,103.1,0.1304,101.6,0.4255,0.5224,1.547,0,0,0,100,16.28,0.263,404,200,1,0,0.3667,1,1,1,1,1,1,1,4,4,-1,[ OK ]
1902.4,4/13/2026 8:39:02 PM,4430,103.1,0.1332,103.1,0.4299,0.5214,1.547,0,0,0,100,16.28,0.2668,404.2,200,1,0,0.3736,1,1,1,1,1,1,1,4,4,-1,[ OK ]
1903.1,4/13/2026 8:39:03 PM,4430,103.1,0.1352,105.9,0.4259,0.5215,1.535,0,0,0,100,16.28,0.2656,404.3,200,1,0,0.378,1,1,1,1,1,1,1,4,4,-1,[ OK ]
1903.7,4/13/2026 8:39:03 PM,4431,103.1,0.1371,107.7,0.4194,0.5207,1.536,0,0,0,100,16.28,0.2662,404,200,1,0,0.3788,1,1,1,1,1,1,1,4,4,-1,[ OK ]
1904.3,4/13/2026 8:39:04 PM,4432,103.1,0.1388,108.9,0.4291,0.52,1.537,0,0,0,100,16.28,0.2664,404.3,200,1,0,0.3687,1,1,1,1,1,1,1,4,4,-1,[ OK ]
1904.8,4/13/2026 8:39:05 PM,4432,103.1,0.1399,110.5,0.4278,0.5189,1.547,0,0,0,100,16.28,0.2676,404.3,200,1,0,0.381,1,1,1,1,1,1,1,4,4,-1,[ OK ]
1905.4,4/13/2026 8:39:05 PM,4433,103.1,0.141,112.2,0.4301,0.52,1.53,0,0,0,100,16.28,0.2659,404.4,200,1,0,0.386,1,1,1,1,1,1,1,4,4,-1,[ OK ]
1905.9,4/13/2026 8:39:06 PM,4433,103.1,0.1416,114.1,0.4343,0.5205,1.521,0,0,0,100,16.28,0.2646,404.5,200,1,0,0.3847,1,1,1,1,1,1,1,4,4,-1,[ OK ]
1906.6,4/13/2026 8:39:06 PM,4434,103.1,0.1428,114.2,0.433,0.5194,1.529,0,0,0,100,16.28,0.2664,404.1,200,1,0,0.3801,1,1,1,1,1,1,1,4,4,-1,[ OK ]
1907.1,4/13/2026 8:39:07 PM,4434,103.1,0.1434,115,0.431,0.5187,1.534,0,0,0,100,16.28,0.2668,404.2,200,1,0,0.3839,1,1,1,1,1,1,1,4,4,-1,[ OK ]
1907.7,4/13/2026 8:39:08 PM,4435,103.1,0.1444,115,0.4264,0.5184,1.535,0,0,0,100,16.28,0.2662,404.3,200,1,0,0.3818,1,1,1,1,1,1,1,4,4,-1,[ OK ]
1908.3,4/13/2026 8:39:08 PM,4436,103.1,0.1447,116.4,0.4264,0.5183,1.536,0,0,0,100,16.28,0.2651,404.4,200,1,0,0.3763,1,1,1,1,1,1,1,4,4,-1,[ OK ]
1908.9,4/13/2026 8:39:09 PM,4436,103.1,0.1454,116.1,0.4267,0.5194,1.523,0,0,0,100,16.28,0.2665,404.2,200,1,0,0.3795,1,1,1,1,1,1,1,4,4,-1,[ OK ]
1909.4,4/13/2026 8:39:09 PM,4437,103.1,0.1454,117.8,0.4243,0.5185,1.53,0,0,0,100,16.28,0.2667,403.8,200,1,0,0.3692,1,1,1,1,1,1,1,4,4,-1,[ OK ]
1909.9,4/13/2026 8:39:10 PM,4437,103.1,0.1461,117.1,0.4231,0.5185,1.53,0,0,0,100,16.28,0.2647,404,200,1,0,0.3739,1,1,1,1,1,1,1,4,4,-1,[ OK ]
1910.4,4/13/2026 8:39:10 PM,4438,103.1,0.1462,118.2,0.4299,0.5189,1.524,0,0,0,100,16.28,0.2641,404.3,200,1,0,0.3812,1,1,1,1,1,1,1,4,4,-1,[ OK ]
1910.9,4/13/2026 8:39:11 PM,4438,103.1,0.1467,117.6,0.422,0.518,1.533,0,0,0,100,16.28,0.265,404.3,200,1,0,0.3709,1,1,1,1,1,1,1,4,4,-1,[ OK ]
1911.5,4/13/2026 8:39:11 PM,4439,103.1,0.1468,118.4,0.4231,0.5184,1.528,0,0,0,100,16.28,0.2635,404.4,200,1,0,0.3863,1,1,1,1,1,1,1,4,4,-1,[ OK ]
1911.9,4/13/2026 8:39:12 PM,4439,103.1,0.1468,118.7,0.4208,0.5176,1.536,0,0,0,100,16.28,0.2655,404.3,200,1,0,0.3857,1,1,1,1,1,1,1,4,4,-1,[ OK ]
1912.4,4/13/2026 8:39:12 PM,4440,103.1,0.147,118.8,0.4243,0.5182,1.528,0,0,0,100,16.28,0.2616,404.1,200,1,0,0.3933,1,1,1,1,1,1,1,4,4,-1,[ OK ]
1913.0,4/13/2026 8:39:13 PM,4440,103.1,0.1473,118.7,0.4159,0.5183,1.526,0,0,0,100,16.28,0.2623,404.3,200,1,0,0.3712,1,1,1,1,1,1,1,4,4,-1,[ OK ]
1913.6,4/13/2026 8:39:13 PM,4441,103.1,0.1472,119.4,0.4204,0.5186,1.524,0,0,0,100,16.28,0.2614,404.1,200,1,0,0.3824,1,1,1,1,1,1,1,4,4,-1,[ OK ]
1914.1,4/13/2026 8:39:14 PM,4441,103.1,0.1472,119.8,0.4231,0.5177,1.532,0,0,0,100,16.28,0.2634,404.2,200,1,0,0.3744,1,1,1,1,1,1,1,4,4,-1,[ OK ]
1914.6,4/13/2026 8:39:14 PM,4442,103.1,0.1476,119,0.4172,0.5183,1.526,0,0,0,100,16.28,0.2623,404.4,200,1,0,0.3847,1,1,1,1,1,1,1,4,4,-1,[ OK ]
1915.1,4/13/2026 8:39:15 PM,4442,103.1,0.1476,119.5,0.4203,0.5182,1.528,0,0,0,100,16.28,0.2631,403.9,200,1,0,0.3689,1,1,1,1,1,1,1,4,4,-1,[ OK ]
1915.6,4/13/2026 8:39:15 PM,4443,103.1,0.1478,119.3,0.4169,0.5186,1.523,0,0,0,100,16.28,0.2618,404.1,200,1,0,0.3688,1,1,1,1,1,1,1,4,4,-1,[ OK ]
1916.2,4/13/2026 8:39:16 PM,4443,103.1,0.1478,119.4,0.4187,0.5182,1.526,0,0,0,100,16.28,0.2618,404.3,200,1,0,0.3712,1,1,1,1,1,1,1,4,4,-1,[ OK ]
1916.7,4/13/2026 8:39:16 PM,4444,103.1,0.1479,119.5,0.4162,0.5177,1.531,0,0,0,100,16.28,0.2616,404,200,1,0,0.3705,1,1,1,1,1,1,1,4,4,-1,[ OK ]
1917.2,4/13/2026 8:39:17 PM,4444,103.1,0.1478,119.7,0.4105,0.5185,1.522,0,0,0,100,16.28,0.2643,404.2,200,1,0,0.3706,1,1,1,1,1,1,1,4,4,-1,[ OK ]
1917.6,4/13/2026 8:39:17 PM,4445,103.1,0.1479,119.7,0.4116,0.5174,1.534,0,0,0,100,16.28,0.2636,404,200,1,0,0.3554,1,1,1,1,1,1,1,4,4,-1,[ OK ]
1918.0,4/13/2026 8:39:18 PM,4445,103.1,0.1478,120.2,0.4177,0.5178,1.53,0,0,0,100,16.28,0.2636,404.4,200,1,0,0.3561,1,1,1,1,1,1,1,4,4,-1,[ OK ]
1918.6,4/13/2026 8:39:18 PM,4446,103.1,0.1478,120.3,0.4122,0.5176,1.532,0,0,0,100,16.28,0.2621,404.1,200,1,0,0.363,1,1,1,1,1,1,1,4,4,-1,[ OK ]
1919.0,4/13/2026 8:39:19 PM,4446,103.1,0.1478,120.1,0.4151,0.5184,1.523,0,0,0,100,16.28,0.261,404.1,200,1,0,0.3721,1,1,1,1,1,1,1,4,4,-1,[ OK ]
1919.5,4/13/2026 8:39:19 PM,4447,103.1,0.1479,119.9,0.406,0.518,1.527,0,0,0,100,16.28,0.2626,404.3,200,1,0,0.3661,1,1,1,1,1,1,1,4,4,-1,[ OK ]
1920.0,4/13/2026 8:39:20 PM,4447,103.1,0.1479,120,0.417,0.5177,1.531,0,0,0,100,16.28,0.2627,404.3,200,1,0,0.3604,1,1,1,1,1,1,1,4,4,-1,[ OK ]
1920.4,4/13/2026 8:39:20 PM,4448,103.1,0.1477,120.6,0.4116,0.5177,1.53,0,0,0,100,16.28,0.261,404.2,200,1,0,0.3572,1,1,1,1,1,1,1,4,4,-1,[ OK ]
1920.9,4/13/2026 8:39:21 PM,4448,103.1,0.1479,119.9,0.4101,0.5183,1.523,0,0,0,100,16.28,0.2612,404.3,200,1,0,0.358,1,1,1,1,1,1,1,4,4,-1,[ OK ]
1921.3,4/13/2026 8:39:21 PM,4448,103.1,0.1479,120.1,0.4108,0.5179,1.527,0,0,0,100,16.28,0.2617,404.3,200,1,0,0.3561,1,1,1,1,1,1,1,4,4,-1,[ OK ]
1921.8,4/13/2026 8:39:22 PM,4449,103.1,0.1479,120.1,0.4062,0.5175,1.531,0,0,0,100,16.28,0.2626,404.2,200,1,0,0.3571,1,1,1,1,1,1,1,4,4,-1,[ OK ]
1922.2,4/13/2026 8:39:22 PM,4449,103.1,0.148,119.6,0.409,0.5179,1.527,0,0,0,100,16.28,0.2623,404.5,200,1,0,0.3549,1,1,1,1,1,1,1,4,4,-1,[ OK ]
1922.6,4/13/2026 8:39:22 PM,4450,103.1,0.1479,120.1,0.4037,0.518,1.526,0,0,0,100,16.28,0.261,404.2,200,1,0,0.354,1,1,1,1,1,1,1,4,4,-1,[ OK ]
1923.2,4/13/2026 8:39:23 PM,4450,103.1,0.1477,120.6,0.4073,0.5186,1.521,0,0,0,100,16.28,0.261,404.3,200,1,0,0.351,1,1,1,1,1,1,1,4,4,-1,[ OK ]
1923.8,4/13/2026 8:39:24 PM,4451,103.1,0.1478,120.3,0.4034,0.5184,1.522,0,0,0,100,16.28,0.262,404.1,200,1,0,0.3584,1,1,1,1,1,1,1,4,4,-1,[ OK ]
1924.3,4/13/2026 8:39:24 PM,4452,103.1,0.1479,119.8,0.406,0.5178,1.53,0,0,0,100,16.28,0.2592,404,200,1,0,0.3678,1,1,1,1,1,1,1,4,4,-1,[ OK ]
1924.8,4/13/2026 8:39:25 PM,4452,103.1,0.1478,120,0.3944,0.5173,1.535,0,0,0,100,16.28,0.2591,404,200,1,0,0.3652,1,1,1,1,1,1,1,4,4,-1,[ OK ]
1925.3,4/13/2026 8:39:25 PM,4453,103.1,0.1476,120.7,0.4021,0.5183,1.523,0,0,0,100,16.28,0.2588,404,200,1,0,0.3625,1,1,1,1,1,1,1,4,4,-1,[ OK ]
1926.0,4/13/2026 8:39:26 PM,4453,103.1,0.1479,119.6,0.4018,0.5176,1.532,0,0,0,100,16.28,0.2606,404,200,1,0,0.3603,1,1,1,1,1,1,1,4,4,-1,[ OK ]
1926.5,4/13/2026 8:39:26 PM,4454,103.1,0.1478,119.9,0.4046,0.5179,1.528,0,0,0,100,16.28,0.2594,404,200,1,0,0.351,1,1,1,1,1,1,1,4,4,-1,[ OK ]
1927.0,4/13/2026 8:39:27 PM,4454,103.1,0.1478,119.8,0.3982,0.5186,1.52,0,0,0,100,16.28,0.2586,404,200,1,0,0.3583,1,1,1,1,1,1,1,4,4,-1,[ OK ]
1927.5,4/13/2026 8:39:27 PM,4455,103.1,0.1478,119.8,0.3998,0.5179,1.527,0,0,0,100,16.28,0.2604,404.3,200,1,0,0.3434,1,1,1,1,1,1,1,4,4,-1,[ OK ]
1927.9,4/13/2026 8:39:28 PM,4455,103.1,0.1477,120.2,0.3972,0.5184,1.522,0,0,0,100,16.28,0.2584,404,200,1,0,0.3481,1,1,1,1,1,1,1,4,4,-1,[ OK ]
1928.3,4/13/2026 8:39:28 PM,4456,103.1,0.1478,119.6,0.4013,0.5183,1.521,0,0,0,100,16.28,0.2591,404.2,200,1,0,0.3513,1,1,1,1,1,1,1,4,4,-1,[ OK ]
1928.9,4/13/2026 8:39:29 PM,4456,103.1,0.1477,120,0.4048,0.5184,1.522,0,0,0,100,16.28,0.2594,404.4,200,1,0,0.3608,1,1,1,1,1,1,1,4,4,-1,[ OK ]
1929.3,4/13/2026 8:39:29 PM,4457,103.1,0.1475,120.5,0.3977,0.5182,1.522,0,0,0,100,16.28,0.26,404.2,200,1,0,0.3564,1,1,1,1,1,1,1,4,4,-1,[ OK ]
1929.7,4/13/2026 8:39:30 PM,4457,103.1,0.1476,120.2,0.3984,0.518,1.524,0,0,0,100,16.28,0.2598,404.1,200,1,0,0.3527,1,1,1,1,1,1,1,4,4,-1,[ OK ]
1930.1,4/13/2026 8:39:30 PM,4457,103.1,0.1477,119.6,0.3975,0.5174,1.531,0,0,0,100,16.28,0.2616,404.4,200,1,0,0.3412,1,1,1,1,1,1,1,4,4,-1,[ OK ]
1930.7,4/13/2026 8:39:30 PM,4458,103.1,0.1476,120,0.3946,0.5178,1.528,0,0,0,100,16.28,0.2598,404,200,1,0,0.3557,1,1,1,1,1,1,1,4,4,-1,[ OK ]
1931.2,4/13/2026 8:39:31 PM,4458,103.1,0.1476,120,0.3966,0.5177,1.529,0,0,0,100,16.28,0.2596,404.5,200,1,0,0.3406,1,1,1,1,1,1,1,4,4,-1,[ OK ]
1931.6,4/13/2026 8:39:31 PM,4459,103.1,0.1475,120.2,0.4015,0.5184,1.522,0,0,0,100,16.28,0.261,404.1,200,1,0,0.3546,1,1,1,1,1,1,1,4,4,-1,[ OK ]
1932.1,4/13/2026 8:39:32 PM,4459,103.1,0.1475,120.2,0.4075,0.5179,1.527,0,0,0,100,16.28,0.2624,404.3,200,1,0,0.3466,1,1,1,1,1,1,1,4,4,-1,[ OK ]
1932.6,4/13/2026 8:39:32 PM,4460,103.1,0.1475,120.1,0.3989,0.5174,1.532,0,0,0,100,16.28,0.2645,404.1,200,1,0,0.336,1,1,1,1,1,1,1,4,4,-1,[ OK ]
1933.1,4/13/2026 8:39:33 PM,4460,103.1,0.1475,119.9,0.396,0.5171,1.536,0,0,0,100,16.28,0.2652,404.3,200,1,0,0.3419,1,1,1,1,1,1,1,4,4,-1,[ OK ]
1933.6,4/13/2026 8:39:33 PM,4461,103.1,0.1475,120,0.3986,0.5175,1.531,0,0,0,100,16.28,0.2623,404,200,1,0,0.3325,1,1,1,1,1,1,1,4,4,-1,[ OK ]
1934.1,4/13/2026 8:39:34 PM,4461,103.1,0.1475,120.1,0.3951,0.5183,1.523,0,0,0,100,16.28,0.263,404.3,200,1,0,0.342,1,1,1,1,1,1,1,4,4,-1,[ OK ]
1934.5,4/13/2026 8:39:34 PM,4462,103.1,0.1475,119.9,0.3956,0.5179,1.527,0,0,0,100,16.28,0.2621,404.3,200,1,0,0.3362,1,1,1,1,1,1,1,4,4,-1,[ OK ]
1934.9,4/13/2026 8:39:35 PM,4462,103.1,0.1473,120.4,0.4016,0.5178,1.528,0,0,0,100,16.28,0.2607,404.3,200,1,0,0.3503,1,1,1,1,1,1,1,4,4,-1,[ OK ]
1935.5,4/13/2026 8:39:35 PM,4463,103.1,0.1475,119.7,0.3971,0.5184,1.522,0,0,0,100,16.28,0.2591,404.3,200,1,0,0.3468,1,1,1,1,1,1,1,4,4,-1,[ OK ]
1936.0,4/13/2026 8:39:36 PM,4463,103.1,0.1472,120.7,0.3941,0.5183,1.522,0,0,0,100,16.28,0.2634,403.9,200,1,0,0.3302,1,1,1,1,1,1,1,4,4,-1,[ OK ]
1936.4,4/13/2026 8:39:36 PM,4464,103.1,0.1475,119.7,0.393,0.5178,1.528,0,0,0,100,16.28,0.2615,404.2,200,1,0,0.3502,1,1,1,1,1,1,1,4,4,-1,[ OK ]
1936.8,4/13/2026 8:39:37 PM,4464,103.1,0.1475,119.7,0.3967,0.5177,1.528,0,0,0,100,16.28,0.2618,404.1,200,1,0,0.3447,1,1,1,1,1,1,1,4,4,-1,[ OK ]
1937.3,4/13/2026 8:39:37 PM,4465,103.1,0.1474,120.1,0.4016,0.518,1.526,0,0,0,100,16.28,0.2609,404.4,200,1,0,0.3374,1,1,1,1,1,1,1,4,4,-1,[ OK ]
1937.8,4/13/2026 8:39:38 PM,4465,103.1,0.1475,119.4,0.3978,0.5179,1.526,0,0,0,100,16.28,0.262,404.3,200,1,0,0.3349,1,1,1,1,1,1,1,4,4,-1,[ OK ]
1938.2,4/13/2026 8:39:38 PM,4465,103.1,0.1471,120.8,0.3942,0.5178,1.527,0,0,0,100,16.28,0.262,404.1,200,1,0,0.334,1,1,1,1,1,1,1,4,4,-1,[ OK ]
1938.7,4/13/2026 8:39:39 PM,4466,103.1,0.1473,119.8,0.3918,0.5181,1.524,0,0,0,100,16.28,0.2603,404,200,1,0,0.3484,1,1,1,1,1,1,1,4,4,-1,[ OK ]
1939.2,4/13/2026 8:39:39 PM,4466,103.1,0.1473,120,0.3923,0.5171,1.535,0,0,0,100,16.28,0.2623,404.5,200,1,0,0.344,1,1,1,1,1,1,1,4,4,-1,[ OK ]
1939.6,4/13/2026 8:39:39 PM,4467,103.1,0.1474,119.7,0.3982,0.518,1.524,0,0,0,100,16.28,0.2633,404,200,1,0,0.3457,1,1,1,1,1,1,1,4,4,-1,[ OK ]
1940.1,4/13/2026 8:39:40 PM,4467,103.1,0.1477,118.8,0.3969,0.5179,1.525,0,0,0,100,16.28,0.2606,404,200,1,0,0.3432,1,1,1,1,1,1,1,4,4,-1,[ OK ]
1940.7,4/13/2026 8:39:40 PM,4468,103.1,0.1472,120.3,0.399,0.5175,1.528,0,0,0,100,16.28,0.2601,404.3,200,1,0,0.3392,1,1,1,1,1,1,1,4,4,-1,[ OK ]
1941.1,4/13/2026 8:39:41 PM,4468,103.1,0.1473,119.7,0.3935,0.5176,1.527,0,0,0,100,16.28,0.2613,404.1,200,1,0,0.3334,1,1,1,1,1,1,1,4,4,-1,[ OK ]
1941.7,4/13/2026 8:39:42 PM,4469,103.1,0.1473,120,0.3918,0.5174,1.528,0,0,0,100,16.28,0.2631,404.1,200,1,0,0.3352,1,1,1,1,1,1,1,4,4,-1,[ OK ]
1942.1,4/13/2026 8:39:42 PM,4469,103.1,0.1472,120.3,0.3966,0.5173,1.53,0,0,0,100,16.28,0.261,404,200,1,0,0.3363,1,1,1,1,1,1,1,4,4,-1,[ OK ]
1942.8,4/13/2026 8:39:43 PM,4470,103.1,0.1473,119.7,0.3929,0.5176,1.528,0,0,0,100,16.28,0.2602,404.4,200,1,0,0.3434,1,1,1,1,1,1,1,4,4,-1,[ OK ]
1943.2,4/13/2026 8:39:43 PM,4470,103.1,0.1474,119.7,0.3941,0.5172,1.533,0,0,0,100,16.28,0.2614,404.2,200,1,0,0.3497,1,1,1,1,1,1,1,4,4,-1,[ OK ]
1943.8,4/13/2026 8:39:44 PM,4471,103.1,0.1473,120.1,0.3918,0.5179,1.525,0,0,0,100,16.28,0.2624,404.1,200,1,0,0.3419,1,1,1,1,1,1,1,4,4,-1,[ OK ]
1944.4,4/13/2026 8:39:44 PM,4472,103.1,0.1473,119.9,0.3918,0.5175,1.53,0,0,0,100,16.28,0.2605,404,200,1,0,0.3418,1,1,1,1,1,1,1,4,4,-1,[ OK ]
1945.0,4/13/2026 8:39:45 PM,4472,103.1,0.1473,120,0.3938,0.5176,1.528,0,0,0,100,16.28,0.2606,404,200,1,0,0.3412,1,1,1,1,1,1,1,4,4,-1,[ OK ]
1945.5,4/13/2026 8:39:45 PM,4473,103.1,0.1473,119.8,0.3923,0.5178,1.527,0,0,0,100,16.28,0.2601,404.2,200,1,0,0.3363,1,1,1,1,1,1,1,4,4,-1,[ OK ]
1946.0,4/13/2026 8:39:46 PM,4473,103.1,0.1472,120.1,0.3918,0.5176,1.529,0,0,0,100,16.28,0.2623,404.3,200,1,0,0.3372,1,1,1,1,1,1,1,4,4,-1,[ OK ]
1946.6,4/13/2026 8:39:46 PM,4474,103.1,0.1473,119.8,0.3997,0.5181,1.524,0,0,0,100,16.28,0.2608,404.4,200,1,0,0.3344,1,1,1,1,1,1,1,4,4,-1,[ OK ]
1947.0,4/13/2026 8:39:47 PM,4474,103.1,0.1475,119.3,0.3985,0.5176,1.528,0,0,0,100,16.28,0.2616,403.9,200,1,0,0.3324,1,1,1,1,1,1,1,4,4,-1,[ OK ]
1947.7,4/13/2026 8:39:47 PM,4475,103.1,0.1473,120.2,0.4006,0.518,1.523,0,0,0,100,16.28,0.2617,404.2,200,1,0,0.3338,1,1,1,1,1,1,1,4,4,-1,[ OK ]
1948.3,4/13/2026 8:39:48 PM,4475,103.1,0.1472,120.2,0.384,0.5182,1.522,0,0,0,100,16.28,0.2611,404,200,1,0,0.3417,1,1,1,1,1,1,1,4,4,-1,[ OK ]
1948.9,4/13/2026 8:39:49 PM,4476,103.1,0.1474,119.7,0.3942,0.5173,1.531,0,0,0,100,16.28,0.2608,404.2,200,1,0,0.3398,1,1,1,1,1,1,1,4,4,-1,[ OK ]
1949.5,4/13/2026 8:39:49 PM,4477,103.1,0.1474,119.5,0.393,0.5173,1.532,0,0,0,100,16.28,0.2618,404.2,200,1,0,0.3408,1,1,1,1,1,1,1,4,4,-1,[ OK ]
1949.9,4/13/2026 8:39:50 PM,4477,103.1,0.1471,120.4,0.3959,0.5179,1.524,0,0,0,100,16.28,0.2608,403.9,200,1,0,0.3347,1,1,1,1,1,1,1,4,4,-1,[ OK ]
1950.7,4/13/2026 8:39:50 PM,4478,103.1,0.1474,119.7,0.4012,0.5178,1.526,0,0,0,100,16.28,0.2604,404,200,1,0,0.3429,1,1,1,1,1,1,1,4,4,-1,[ OK ]
1951.1,4/13/2026 8:39:51 PM,4478,103.1,0.1473,119.7,0.3988,0.5175,1.529,0,0,0,100,16.28,0.2581,404,200,1,0,0.3451,1,1,1,1,1,1,1,4,4,-1,[ OK ]
1951.7,4/13/2026 8:39:52 PM,4479,103.1,0.1475,119,0.3933,0.518,1.525,0,0,0,100,16.28,0.2616,404.1,200,1,0,0.3381,1,1,1,1,1,1,1,4,4,-1,[ OK ]
1952.2,4/13/2026 8:39:52 PM,4479,103.1,0.1472,120,0.398,0.517,1.535,0,0,0,100,16.28,0.2593,404.3,200,1,0,0.3393,1,1,1,1,1,1,1,4,4,-1,[ OK ]
1952.8,4/13/2026 8:39:53 PM,4480,103.1,0.1474,119.3,0.3951,0.5172,1.533,0,0,0,100,16.28,0.2613,404.2,200,1,0,0.3332,1,1,1,1,1,1,1,4,4,-1,[ OK ]
1953.3,4/13/2026 8:39:53 PM,4480,103.1,0.1472,120.1,0.4001,0.5176,1.529,0,0,0,100,16.28,0.2587,404,200,1,0,0.3476,1,1,1,1,1,1,1,4,4,-1,[ OK ]
1953.7,4/13/2026 8:39:53 PM,4481,103.1,0.1471,120.4,0.3918,0.5171,1.534,0,0,0,100,16.28,0.2587,404.1,200,1,0,0.3499,1,1,1,1,1,1,1,4,4,-1,[ OK ]
1954.1,4/13/2026 8:39:54 PM,4481,103.1,0.1474,119.2,0.3981,0.5169,1.537,0,0,0,100,16.28,0.2575,404.2,200,1,0,0.3495,1,1,1,1,1,1,1,4,4,-1,[ OK ]
1954.5,4/13/2026 8:39:54 PM,4482,103.1,0.1471,120.4,0.3918,0.5172,1.534,0,0,0,100,16.28,0.2591,404.1,200,1,0,0.3396,1,1,1,1,1,1,1,4,4,-1,[ OK ]
1955.2,4/13/2026 8:39:55 PM,4482,103.1,0.1471,120.2,0.3961,0.5177,1.529,0,0,0,100,16.28,0.2587,404,200,1,0,0.3414,1,1,1,1,1,1,1,4,4,-1,[ OK ]
1955.7,4/13/2026 8:39:55 PM,4483,103.1,0.1471,120.1,0.3919,0.5175,1.531,0,0,0,100,16.28,0.2579,404.4,200,1,0,0.3436,1,1,1,1,1,1,1,4,4,-1,[ OK ]
1956.2,4/13/2026 8:39:56 PM,4483,103.1,0.1473,119.7,0.3954,0.5183,1.521,0,0,0,100,16.28,0.2602,404.1,200,1,0,0.336,1,1,1,1,1,1,1,4,4,-1,[ OK ]
1956.8,4/13/2026 8:39:57 PM,4484,103.1,0.1474,119.4,0.3987,0.518,1.526,0,0,0,100,16.28,0.2591,404.2,200,1,0,0.3483,1,1,1,1,1,1,1,4,4,-1,[ OK ]
1957.4,4/13/2026 8:39:57 PM,4485,103.1,0.1472,120.2,0.3918,0.5174,1.532,0,0,0,100,16.28,0.2595,404.3,200,1,0,0.3376,1,1,1,1,1,1,1,4,4,-1,[ OK ]
1958.1,4/13/2026 8:39:58 PM,4485,103.1,0.1474,119.4,0.3942,0.5175,1.529,0,0,0,100,16.28,0.2547,404,200,1,0,0.37,1,1,1,1,1,1,1,4,4,-1,[ OK ]
1958.5,4/13/2026 8:39:58 PM,4486,103.1,0.1472,120,0.3944,0.5173,1.532,0,0,0,100,16.28,0.2566,403.8,200,1,0,0.355,1,1,1,1,1,1,1,4,4,-1,[ OK ]
1959.1,4/13/2026 8:39:59 PM,4486,103.1,0.1473,119.6,0.3945,0.5173,1.533,0,0,0,100,16.28,0.2562,404.1,200,1,0,0.3462,1,1,1,1,1,1,1,4,4,-1,[ OK ]
1959.7,4/13/2026 8:40:00 PM,4487,103.1,0.1469,121,0.3974,0.5182,1.523,0,0,0,100,16.28,0.2565,404.2,200,1,0,0.3453,1,1,1,1,1,1,1,4,4,-1,[ OK ]
1960.3,4/13/2026 8:40:00 PM,4488,103.1,0.1469,120.7,0.3918,0.5176,1.53,0,0,0,100,16.28,0.2578,403.9,200,1,0,0.3453,1,1,1,1,1,1,1,4,4,-1,[ OK ]
1961.1,4/13/2026 8:40:01 PM,4488,103.1,0.1474,119.4,0.3971,0.5175,1.53,0,0,0,100,16.28,0.2587,404,200,1,0,0.3518,1,1,1,1,1,1,1,4,4,-1,[ OK ]
1961.7,4/13/2026 8:40:02 PM,4489,103.1,0.1471,120.5,0.3918,0.5183,1.522,0,0,0,100,16.28,0.2565,403.9,200,1,0,0.3507,1,1,1,1,1,1,1,4,4,-1,[ OK ]
1962.4,4/13/2026 8:40:02 PM,4490,103.1,0.1472,120,0.3964,0.5176,1.529,0,0,0,100,16.28,0.2568,404.3,200,1,0,0.3576,1,1,1,1,1,1,1,4,4,-1,[ OK ]
1963.2,4/13/2026 8:40:03 PM,4490,103.2,0.1472,120.1,0.3954,0.5182,1.524,0,0,0,100,16.28,0.253,404.1,200,1,0,0.3545,1,1,1,1,1,1,1,4,4,-1,[ OK ]
1964.1,4/13/2026 8:40:04 PM,4491,103.2,0.1472,120,0.3918,0.5181,1.523,0,0,0,100,16.28,0.255,404.2,200,1,0,0.35,1,1,1,1,1,1,1,4,4,-1,[ OK ]
1964.8,4/13/2026 8:40:05 PM,4492,103.2,0.1472,120,0.395,0.5178,1.526,0,0,0,100,16.28,0.2573,404.2,200,1,0,0.3585,1,1,1,1,1,1,1,4,4,-1,[ OK ]
1965.4,4/13/2026 8:40:05 PM,4493,103.2,0.1472,119.8,0.3918,0.5175,1.529,0,0,0,100,16.28,0.2575,404.1,200,1,0,0.3453,1,1,1,1,1,1,1,4,4,-1,[ OK ]
1966.1,4/13/2026 8:40:06 PM,4493,103.2,0.1472,119.9,0.3982,0.5178,1.526,0,0,0,100,16.28,0.2544,404,200,1,0,0.3509,1,1,1,1,1,1,1,4,4,-1,[ OK ]
1967.1,4/13/2026 8:40:07 PM,4494,103.2,0.1473,119.4,0.3918,0.5171,1.534,0,0,0,100,16.28,0.2545,404.1,200,1,0,0.3504,1,1,1,1,1,1,1,4,4,-1,[ OK ]
1967.9,4/13/2026 8:40:08 PM,4495,103.2,0.1471,120,0.3975,0.518,1.524,0,0,0,100,16.28,0.2519,404.3,200,1,0,0.3572,1,1,1,1,1,1,1,4,4,-1,[ OK ]
1968.8,4/13/2026 8:40:09 PM,4496,103.2,0.1472,119.9,0.3958,0.5176,1.528,0,0,0,100,16.28,0.2555,404.3,200,1,0,0.3519,1,1,1,1,1,1,1,4,4,-1,[ OK ]
1969.8,4/13/2026 8:40:10 PM,4497,103.2,0.1471,120.2,0.3933,0.5172,1.533,0,0,0,100,16.28,0.2544,404.3,200,1,0,0.3617,1,1,1,1,1,1,1,4,4,-1,[ OK ]
1970.8,4/13/2026 8:40:11 PM,4498,103.2,0.1471,120.3,0.3918,0.5176,1.529,0,0,0,100,16.28,0.2564,403.9,200,1,0,0.346,1,1,1,1,1,1,1,4,4,-1,[ OK ]
1971.8,4/13/2026 8:40:12 PM,4499,103.2,0.1471,120.2,0.3955,0.5177,1.528,0,0,0,100,16.28,0.2564,404.3,200,1,0,0.3495,1,1,1,1,1,1,1,4,4,-1,[ OK ]
1972.8,4/13/2026 8:40:13 PM,4500,103.2,0.1472,120.2,0.3986,0.5181,1.523,0,0,0,100,16.28,0.2578,404,200,1,0,0.3421,1,1,1,1,1,1,1,4,4,-1,[ OK ]
1973.9,4/13/2026 8:40:14 PM,4501,103.2,0.1472,120,0.3953,0.5178,1.527,0,0,0,100,16.28,0.2575,403.9,200,1,0,0.344,1,1,1,1,1,1,1,4,4,-1,[ OK ]
1974.9,4/13/2026 8:40:15 PM,4502,103.2,0.1473,119.9,0.3981,0.5175,1.53,0,0,0,100,16.28,0.256,404.3,200,1,0,0.3557,1,1,1,1,1,1,1,4,4,-1,[ OK ]
1975.8,4/13/2026 8:40:16 PM,4503,103.2,0.1472,120.2,0.3981,0.5171,1.534,0,0,0,100,16.28,0.255,404.2,200,1,0,0.3493,1,1,1,1,1,1,1,4,4,-1,[ OK ]
1976.6,4/13/2026 8:40:16 PM,4504,103.2,0.147,120.7,0.3942,0.5177,1.528,0,0,0,100,16.28,0.2584,404.1,200,1,0,0.3421,1,1,1,1,1,1,1,4,4,-1,[ OK ]
1977.5,4/13/2026 8:40:17 PM,4505,103.2,0.1474,119.4,0.3942,0.518,1.525,0,0,0,100,16.28,0.2561,404.3,200,1,0,0.3496,1,1,1,1,1,1,1,4,4,-1,[ OK ]
1978.4,4/13/2026 8:40:18 PM,4506,103.2,0.1472,120,0.3975,0.5171,1.534,0,0,0,100,16.28,0.2588,404.3,200,1,0,0.3417,1,1,1,1,1,1,1,4,4,-1,[ OK ]
1979.3,4/13/2026 8:40:19 PM,4507,103.2,0.1471,120.1,0.3918,0.5182,1.522,0,0,0,100,16.28,0.2564,404.1,200,1,0,0.3484,1,1,1,1,1,1,1,4,4,-1,[ OK ]
1980.3,4/13/2026 8:40:20 PM,4507,103.2,0.1472,119.9,0.3924,0.5182,1.522,0,0,0,100,16.28,0.2553,404.3,200,1,0,0.3708,1,1,1,1,1,1,1,4,4,-1,[ OK ]
1981.2,4/13/2026 8:40:21 PM,4508,103.2,0.1472,120,0.3918,0.5178,1.526,0,0,0,100,16.28,0.2567,404,200,1,0,0.3448,1,1,1,1,1,1,1,4,4,-1,[ OK ]
1982.1,4/13/2026 8:40:22 PM,4509,103.2,0.147,120.3,0.3932,0.5177,1.527,0,0,0,100,16.28,0.2566,403.9,200,1,0,0.346,1,1,1,1,1,1,1,4,4,-1,[ OK ]
1983.0,4/13/2026 8:40:23 PM,4510,103.2,0.1475,119,0.3935,0.5182,1.522,0,0,0,100,16.28,0.2569,404.3,200,1,0,0.3527,1,1,1,1,1,1,1,4,4,-1,[ OK ]
1984.0,4/13/2026 8:40:24 PM,4511,103.2,0.1474,119.1,0.3918,0.5173,1.532,0,0,0,100,16.28,0.2558,404.3,200,1,0,0.3562,1,1,1,1,1,1,1,4,4,-1,[ OK ]
1984.8,4/13/2026 8:40:25 PM,4512,103.2,0.147,120.4,0.3852,0.5181,1.524,0,0,0,100,16.28,0.2562,404.1,200,1,0,0.3567,1,1,1,1,1,1,1,4,4,-1,[ OK ]
1985.6,4/13/2026 8:40:25 PM,4513,103.2,0.1472,119.8,0.3919,0.5176,1.529,0,0,0,100,16.28,0.2572,403.9,200,1,0,0.3527,1,1,1,1,1,1,1,4,4,-1,[ OK ]
1986.4,4/13/2026 8:40:26 PM,4514,103.2,0.1472,120.1,0.3947,0.5174,1.531,0,0,0,100,16.28,0.2564,404,200,1,0,0.3457,1,1,1,1,1,1,1,4,4,-1,[ OK ]
1987.2,4/13/2026 8:40:27 PM,4514,103.2,0.1475,119.2,0.3918,0.5176,1.53,0,0,0,100,16.28,0.2565,404.2,200,1,0,0.3453,1,1,1,1,1,1,1,4,4,-1,[ OK ]
1987.8,4/13/2026 8:40:28 PM,4515,103.2,0.1473,119.9,0.3998,0.5172,1.534,0,0,0,100,16.28,0.2564,404.1,200,1,0,0.347,1,1,1,1,1,1,1,4,4,-1,[ OK ]
1988.4,4/13/2026 8:40:28 PM,4516,103.2,0.1473,120,0.3919,0.5175,1.531,0,0,0,100,16.28,0.2561,404.1,200,1,0,0.3486,1,1,1,1,1,1,1,4,4,-1,[ OK ]
1989.1,4/13/2026 8:40:29 PM,4516,103.2,0.1473,119.8,0.3918,0.5172,1.534,0,0,0,100,16.28,0.2551,404.3,200,1,0,0.3489,1,1,1,1,1,1,1,4,4,-1,[ OK ]
1989.7,4/13/2026 8:40:29 PM,4517,103.2,0.1471,120.3,0.3965,0.5172,1.533,0,0,0,100,16.28,0.254,403.9,200,1,0,0.3518,1,1,1,1,1,1,1,4,4,-1,[ OK ]
1990.3,4/13/2026 8:40:30 PM,4517,103.2,0.1473,119.7,0.3918,0.5172,1.533,0,0,0,100,16.28,0.2547,404.4,200,1,0,0.35,1,1,1,1,1,1,1,4,4,-1,[ OK ]
1990.9,4/13/2026 8:40:31 PM,4518,103.2,0.1472,119.9,0.3919,0.5179,1.527,0,0,0,100,16.28,0.2564,404.3,200,1,0,0.3491,1,1,1,1,1,1,1,4,4,-1,[ OK ]
1991.4,4/13/2026 8:40:31 PM,4519,103.2,0.1474,119.5,0.3949,0.518,1.525,0,0,0,100,16.28,0.2542,404.3,200,1,0,0.3588,1,1,1,1,1,1,1,4,4,-1,[ OK ]
1991.9,4/13/2026 8:40:32 PM,4519,103.2,0.1473,119.7,0.3925,0.5178,1.528,0,0,0,100,16.28,0.255,404,200,1,0,0.3491,1,1,1,1,1,1,1,4,4,-1,[ OK ]
1992.5,4/13/2026 8:40:32 PM,4520,103.2,0.1471,120.2,0.3918,0.5183,1.521,0,0,0,100,16.28,0.2563,404,200,1,0,0.353,1,1,1,1,1,1,1,4,4,-1,[ OK ]
1993.0,4/13/2026 8:40:33 PM,4520,103.2,0.1472,120.1,0.3922,0.5179,1.527,0,0,0,100,16.28,0.2562,404,200,1,0,0.3474,1,1,1,1,1,1,1,4,4,-1,[ OK ]
1993.5,4/13/2026 8:40:33 PM,4521,103.2,0.1472,120.1,0.392,0.518,1.526,0,0,0,100,16.28,0.2549,404.1,200,1,0,0.3552,1,1,1,1,1,1,1,4,4,-1,[ OK ]
1994.0,4/13/2026 8:40:34 PM,4521,103.2,0.1472,119.9,0.3985,0.5181,1.525,0,0,0,100,16.28,0.2529,404,200,1,0,0.3546,1,1,1,1,1,1,1,4,4,-1,[ OK ]
1994.7,4/13/2026 8:40:34 PM,4522,103.2,0.1471,120.2,0.3997,0.5176,1.53,0,0,0,100,16.28,0.2561,404.2,200,1,0,0.3463,1,1,1,1,1,1,1,4,4,-1,[ OK ]
1995.4,4/13/2026 8:40:35 PM,4523,103.2,0.1471,120.1,0.3972,0.5181,1.526,0,0,0,100,16.28,0.2537,403.9,200,1,0,0.3526,1,1,1,1,1,1,1,4,4,-1,[ OK ]
1996.1,4/13/2026 8:40:36 PM,4523,103.2,0.147,120.5,0.3951,0.518,1.525,0,0,0,100,16.28,0.254,404.2,200,1,0,0.3518,1,1,1,1,1,1,1,4,4,-1,[ OK ]
1996.7,4/13/2026 8:40:37 PM,4524,103.2,0.1472,119.8,0.3825,0.517,1.537,0,0,0,100,16.28,0.2555,404.1,200,1,0,0.3484,1,1,1,1,1,1,1,4,4,-1,[ OK ]
1997.2,4/13/2026 8:40:37 PM,4524,103.2,0.1471,120.3,0.3989,0.5171,1.536,0,0,0,100,16.28,0.2551,404.2,200,1,0,0.3489,1,1,1,1,1,1,1,4,4,-1,[ OK ]
1997.8,4/13/2026 8:40:38 PM,4525,103.2,0.1471,120.1,0.383,0.5175,1.53,0,0,0,100,16.28,0.2527,404,200,1,0,0.3558,1,1,1,1,1,1,1,4,4,-1,[ OK ]
1998.3,4/13/2026 8:40:38 PM,4525,103.2,0.1472,119.7,0.3918,0.518,1.526,0,0,0,100,16.28,0.2558,404,200,1,0,0.3501,1,1,1,1,1,1,1,4,4,-1,[ OK ]
1998.9,4/13/2026 8:40:39 PM,4526,103.2,0.1472,119.7,0.3976,0.5173,1.534,0,0,0,100,16.28,0.2546,403.9,200,1,0,0.3502,1,1,1,1,1,1,1,4,4,-1,[ OK ]
1999.5,4/13/2026 8:40:39 PM,4527,103.2,0.1472,119.9,0.3918,0.5181,1.526,0,0,0,100,16.28,0.2539,404,200,1,0,0.3576,1,1,1,1,1,1,1,4,4,-1,[ OK ]
2000.0,4/13/2026 8:40:40 PM,4527,103.2,0.1473,119.6,0.3983,0.5172,1.536,0,0,0,100,16.28,0.2549,404,200,1,0,0.3496,1,1,1,1,1,1,1,4,4,-1,[ OK ]
2000.7,4/13/2026 8:40:40 PM,4528,103.2,0.1472,120,0.3918,0.5183,1.523,0,0,0,100,16.28,0.2562,404.3,200,1,0,0.3462,1,1,1,1,1,1,1,4,4,-1,[ OK ]
2001.3,4/13/2026 8:40:41 PM,4528,103.2,0.1474,119.4,0.3966,0.5176,1.531,0,0,0,100,16.28,0.257,404.2,200,1,0,0.3442,1,1,1,1,1,1,1,4,4,-1,[ OK ]
2001.9,4/13/2026 8:40:42 PM,4529,103.2,0.1473,119.7,0.3958,0.5179,1.527,0,0,0,100,16.28,0.2571,404,200,1,0,0.3504,1,1,1,1,1,1,1,4,4,-1,[ OK ]
2002.4,4/13/2026 8:40:42 PM,4530,103.2,0.147,120.7,0.3918,0.5179,1.526,0,0,0,100,16.28,0.2554,404.3,200,1,0,0.3484,1,1,1,1,1,1,1,4,4,-1,[ OK ]
2003.1,4/13/2026 8:40:43 PM,4530,103.2,0.1473,119.7,0.4013,0.5181,1.524,0,0,0,100,16.28,0.2565,404.3,200,1,0,0.3453,1,1,1,1,1,1,1,4,4,-1,[ OK ]
2003.7,4/13/2026 8:40:43 PM,4531,103.2,0.1473,119.9,0.3957,0.5174,1.532,0,0,0,100,16.28,0.2572,403.9,200,1,0,0.3533,1,1,1,1,1,1,1,4,4,-1,[ OK ]
2004.2,4/13/2026 8:40:44 PM,4531,103.2,0.1471,120.5,0.3918,0.5175,1.53,0,0,0,100,16.28,0.2559,403.9,200,1,0,0.3468,1,1,1,1,1,1,1,4,4,-1,[ OK ]
2004.7,4/13/2026 8:40:45 PM,4532,103.2,0.1472,120.1,0.3939,0.5173,1.532,0,0,0,100,16.28,0.2572,404.3,200,1,0,0.348,1,1,1,1,1,1,1,4,4,-1,[ OK ]
2005.2,4/13/2026 8:40:45 PM,4532,103.2,0.1472,120,0.3975,0.5179,1.525,0,0,0,100,16.28,0.2583,404.3,200,1,0,0.3408,1,1,1,1,1,1,1,4,4,-1,[ OK ]
2005.8,4/13/2026 8:40:46 PM,4533,103.2,0.1472,120.1,0.3934,0.5182,1.522,0,0,0,100,16.28,0.2572,404.3,200,1,0,0.3437,1,1,1,1,1,1,1,4,4,-1,[ OK ]
2006.3,4/13/2026 8:40:46 PM,4533,103.2,0.1474,119.6,0.3925,0.5176,1.528,0,0,0,100,16.28,0.2571,404.3,200,1,0,0.3538,1,1,1,1,1,1,1,4,4,-1,[ OK ]
2006.9,4/13/2026 8:40:47 PM,4534,103.2,0.1471,120.4,0.3939,0.518,1.524,0,0,0,100,16.28,0.2553,404.2,200,1,0,0.355,1,1,1,1,1,1,1,4,4,-1,[ OK ]
2007.4,4/13/2026 8:40:47 PM,4535,103.2,0.1471,120.4,0.3978,0.517,1.534,0,0,0,100,16.28,0.257,404.2,200,1,0,0.3442,1,1,1,1,1,1,1,4,4,-1,[ OK ]
2007.9,4/13/2026 8:40:48 PM,4535,103.2,0.1474,119.6,0.3918,0.5173,1.531,0,0,0,100,16.28,0.2568,404.2,200,1,0,0.3535,1,1,1,1,1,1,1,4,4,-1,[ OK ]
2008.5,4/13/2026 8:40:48 PM,4536,103.2,0.1472,120.4,0.3981,0.5179,1.523,0,0,0,100,16.28,0.2561,404.3,200,1,0,0.3509,1,1,1,1,1,1,1,4,4,-1,[ OK ]
2009.0,4/13/2026 8:40:49 PM,4536,103.2,0.1474,119.5,0.3918,0.517,1.534,0,0,0,100,16.28,0.2558,403.9,200,1,0,0.3474,1,1,1,1,1,1,1,4,4,-1,[ OK ]
2009.6,4/13/2026 8:40:49 PM,4537,103.2,0.1472,120.1,0.3918,0.5182,1.521,0,0,0,100,16.28,0.2588,404.3,200,1,0,0.3394,1,1,1,1,1,1,1,4,4,-1,[ OK ]
2010.1,4/13/2026 8:40:50 PM,4537,103.2,0.1471,120.5,0.3918,0.5179,1.523,0,0,0,100,16.28,0.2558,404.1,200,1,0,0.3471,1,1,1,1,1,1,1,4,4,-1,[ OK ]
2010.6,4/13/2026 8:40:50 PM,4538,103.2,0.1471,120.4,0.3957,0.5172,1.531,0,0,0,100,16.28,0.2556,404,200,1,0,0.3476,1,1,1,1,1,1,1,4,4,-1,[ OK ]
2011.1,4/13/2026 8:40:51 PM,4538,103.2,0.1472,120.2,0.3918,0.5177,1.526,0,0,0,100,16.28,0.2563,404,200,1,0,0.3458,1,1,1,1,1,1,1,4,4,-1,[ OK ]
2011.7,4/13/2026 8:40:52 PM,4539,103.2,0.1473,120.1,0.3937,0.5178,1.525,0,0,0,100,16.28,0.2575,404.3,200,1,0,0.3438,1,1,1,1,1,1,1,4,4,-1,[ OK ]
2012.3,4/13/2026 8:40:52 PM,4540,103.2,0.1471,120.6,0.3955,0.5179,1.525,0,0,0,100,16.28,0.2566,403.9,200,1,0,0.3452,1,1,1,1,1,1,1,4,4,-1,[ OK ]
2012.9,4/13/2026 8:40:53 PM,4540,103.2,0.147,120.8,0.3918,0.5185,1.517,0,0,0,100,16.28,0.2562,404.2,200,1,0,0.3461,1,1,1,1,1,1,1,4,4,-1,[ OK ]
2013.5,4/13/2026 8:40:53 PM,4541,103.2,0.1474,119.4,0.3933,0.5176,1.527,0,0,0,100,16.28,0.2549,403.9,200,1,0,0.3578,1,1,1,1,1,1,1,4,4,-1,[ OK ]
2014.1,4/13/2026 8:40:54 PM,4541,103.2,0.1471,120.4,0.3921,0.5174,1.53,0,0,0,100,16.28,0.2564,403.9,200,1,0,0.3457,1,1,1,1,1,1,1,4,4,-1,[ OK ]
2014.7,4/13/2026 8:40:55 PM,4542,103.2,0.1472,120,0.3925,0.517,1.534,0,0,0,100,16.28,0.2559,404.1,200,1,0,0.3566,1,1,1,1,1,1,1,4,4,-1,[ OK ]
2015.2,4/13/2026 8:40:55 PM,4542,103.2,0.1474,119.2,0.394,0.5169,1.536,0,0,0,100,16.28,0.2564,404.2,200,1,0,0.3457,1,1,1,1,1,1,1,4,4,-1,[ OK ]
2015.7,4/13/2026 8:40:56 PM,4543,103.2,0.1469,121,0.4,0.5179,1.525,0,0,0,100,16.28,0.256,403.9,200,1,0,0.3474,1,1,1,1,1,1,1,4,4,-1,[ OK ]
2016.2,4/13/2026 8:40:56 PM,4543,103.2,0.1471,120.3,0.3918,0.518,1.525,0,0,0,100,16.28,0.2557,404.3,200,1,0,0.3475,1,1,1,1,1,1,1,4,4,-1,[ OK ]
2016.6,4/13/2026 8:40:56 PM,4544,103.2,0.1472,120.1,0.3837,0.5172,1.534,0,0,0,100,16.28,0.2565,404.4,200,1,0,0.3453,1,1,1,1,1,1,1,4,4,-1,[ OK ]
2017.1,4/13/2026 8:40:57 PM,4544,103.2,0.1471,120.2,0.3931,0.5176,1.53,0,0,0,100,16.28,0.2561,403.9,200,1,0,0.3464,1,1,1,1,1,1,1,4,4,-1,[ OK ]
2017.7,4/13/2026 8:40:58 PM,4545,103.2,0.1472,119.9,0.3941,0.5177,1.528,0,0,0,100,16.28,0.2562,404.3,200,1,0,0.3597,1,1,1,1,1,1,1,4,4,-1,[ OK ]
2018.3,4/13/2026 8:40:58 PM,4545,103.2,0.1471,120.1,0.3918,0.518,1.524,0,0,0,100,16.28,0.2569,404,200,1,0,0.3491,1,1,1,1,1,1,1,4,4,-1,[ OK ]
2018.8,4/13/2026 8:40:59 PM,4546,103.2,0.1472,120.1,0.3947,0.5179,1.525,0,0,0,100,16.28,0.2581,403.9,200,1,0,0.3515,1,1,1,1,1,1,1,4,4,-1,[ OK ]
2019.3,4/13/2026 8:40:59 PM,4547,103.2,0.1472,119.9,0.3918,0.5184,1.519,0,0,0,100,16.28,0.2563,404.3,200,1,0,0.3461,1,1,1,1,1,1,1,4,4,-1,[ OK ]
2019.8,4/13/2026 8:41:00 PM,4547,103.2,0.1471,120.1,0.3918,0.5179,1.525,0,0,0,100,16.28,0.2541,404.3,200,1,0,0.361,1,1,1,1,1,1,1,4,4,-1,[ OK ]
2020.3,4/13/2026 8:41:00 PM,4548,103.2,0.1473,119.8,0.3934,0.5181,1.523,0,0,0,100,16.28,0.2547,404.3,200,1,0,0.35,1,1,1,1,1,1,1,4,4,-1,[ OK ]
2020.8,4/13/2026 8:41:01 PM,4548,103.2,0.1471,120.5,0.3918,0.518,1.525,0,0,0,100,16.28,0.2565,404,200,1,0,0.3531,1,1,1,1,1,1,1,4,4,-1,[ OK ]
2021.4,4/13/2026 8:41:01 PM,4549,103.2,0.1471,120.2,0.3921,0.518,1.525,0,0,0,100,16.28,0.2568,404,200,1,0,0.3446,1,1,1,1,1,1,1,4,4,-1,[ OK ]
2022.0,4/13/2026 8:41:02 PM,4549,103.2,0.1473,119.8,0.3934,0.5171,1.534,0,0,0,100,16.28,0.2546,404.3,200,1,0,0.3502,1,1,1,1,1,1,1,4,4,-1,[ OK ]
2022.6,4/13/2026 8:41:02 PM,4550,103.2,0.1473,119.9,0.3918,0.5182,1.522,0,0,0,100,16.28,0.2558,403.8,200,1,0,0.3472,1,1,1,1,1,1,1,4,4,-1,[ OK ]
2023.1,4/13/2026 8:41:03 PM,4550,103.2,0.1472,120,0.3974,0.5182,1.523,0,0,0,100,16.28,0.2548,404,200,1,0,0.3497,1,1,1,1,1,1,1,4,4,-1,[ OK ]
2023.6,4/13/2026 8:41:03 PM,4551,103.2,0.1472,120,0.3919,0.5179,1.526,0,0,0,100,16.28,0.2571,404.2,200,1,0,0.3438,1,1,1,1,1,1,1,4,4,-1,[ OK ]
2024.1,4/13/2026 8:41:04 PM,4551,103.2,0.1475,119.3,0.3918,0.5172,1.534,0,0,0,100,16.28,0.2546,404.1,200,1,0,0.3538,1,1,1,1,1,1,1,4,4,-1,[ OK ]
2024.6,4/13/2026 8:41:04 PM,4552,103.2,0.1474,119.6,0.3973,0.5184,1.52,0,0,0,100,16.28,0.2536,404.1,200,1,0,0.3595,1,1,1,1,1,1,1,4,4,-1,[ OK ]
2025.1,4/13/2026 8:41:05 PM,4552,103.2,0.1474,119.5,0.3837,0.5175,1.528,0,0,0,100,16.28,0.2546,404,200,1,0,0.3501,1,1,1,1,1,1,1,4,4,-1,[ OK ]
2025.7,4/13/2026 8:41:06 PM,4553,103.2,0.1473,119.7,0.3973,0.5185,1.518,0,0,0,100,16.28,0.2563,404.1,200,1,0,0.3458,1,1,1,1,1,1,1,4,4,-1,[ OK ]
2026.3,4/13/2026 8:41:06 PM,4553,103.2,0.1473,119.9,0.3965,0.5171,1.534,0,0,0,100,16.28,0.2545,404,200,1,0,0.3504,1,1,1,1,1,1,1,4,4,-1,[ OK ]
2026.8,4/13/2026 8:41:07 PM,4554,103.2,0.1473,119.9,0.398,0.5178,1.527,0,0,0,100,16.28,0.256,404.3,200,1,0,0.3565,1,1,1,1,1,1,1,4,4,-1,[ OK ]
2027.2,4/13/2026 8:41:07 PM,4554,103.2,0.1471,120.5,0.3918,0.5185,1.519,0,0,0,100,16.28,0.2527,404.4,200,1,0,0.341,1,1,1,1,1,1,1,4,4,-1,[ OK ]
2027.7,4/13/2026 8:41:08 PM,4555,103.2,0.1474,119.6,0.3964,0.5181,1.523,0,0,0,100,16.28,0.2565,404,200,1,0,0.3478,1,1,1,1,1,1,1,4,4,-1,[ OK ]
2028.1,4/13/2026 8:41:08 PM,4555,103.2,0.1471,120.4,0.3918,0.5184,1.519,0,0,0,100,16.28,0.2541,403.8,200,1,0,0.3516,1,1,1,1,1,1,1,4,4,-1,[ OK ]
2028.7,4/13/2026 8:41:08 PM,4556,103.2,0.1473,119.8,0.3922,0.518,1.523,0,0,0,100,16.28,0.2539,404.1,200,1,0,0.3535,1,1,1,1,1,1,1,4,4,-1,[ OK ]
2029.1,4/13/2026 8:41:09 PM,4556,103.2,0.1472,120.1,0.3966,0.5174,1.529,0,0,0,100,16.28,0.2568,404.2,200,1,0,0.3326,1,1,1,1,1,1,1,4,4,-1,[ OK ]
2029.7,4/13/2026 8:41:10 PM,4557,103.2,0.1473,119.8,0.3933,0.518,1.523,0,0,0,100,16.28,0.2579,404.1,200,1,0,0.3418,1,1,1,1,1,1,1,4,4,-1,[ OK ]
2030.1,4/13/2026 8:41:10 PM,4557,103.2,0.1474,119.7,0.3926,0.5176,1.529,0,0,0,100,16.28,0.2577,404.2,200,1,0,0.3423,1,1,1,1,1,1,1,4,4,-1,[ OK ]
2030.6,4/13/2026 8:41:10 PM,4558,103.2,0.1472,120.3,0.3934,0.5177,1.527,0,0,0,100,16.28,0.2578,404,200,1,0,0.3445,1,1,1,1,1,1,1,4,4,-1,[ OK ]
2031.1,4/13/2026 8:41:11 PM,4558,103.2,0.1475,119.3,0.3996,0.5179,1.525,0,0,0,100,16.28,0.2564,403.9,200,1,0,0.3494,1,1,1,1,1,1,1,4,4,-1,[ OK ]
2031.7,4/13/2026 8:41:11 PM,4559,103.2,0.1473,120,0.3922,0.5178,1.526,0,0,0,100,16.28,0.2566,404.2,200,1,0,0.3478,1,1,1,1,1,1,1,4,4,-1,[ OK ]
2032.1,4/13/2026 8:41:12 PM,4559,103.2,0.1473,120,0.3966,0.518,1.523,0,0,0,100,16.28,0.2558,403.9,200,1,0,0.3555,1,1,1,1,1,1,1,4,4,-1,[ OK ]
2032.7,4/13/2026 8:41:13 PM,4560,103.2,0.1474,119.7,0.3918,0.5174,1.53,0,0,0,100,16.28,0.2553,404,200,1,0,0.3485,1,1,1,1,1,1,1,4,4,-1,[ OK ]
2033.1,4/13/2026 8:41:13 PM,4560,103.2,0.1474,119.8,0.4,0.5173,1.53,0,0,0,100,16.28,0.2559,404.1,200,1,0,0.3496,1,1,1,1,1,1,1,4,4,-1,[ OK ]
2033.8,4/13/2026 8:41:14 PM,4561,103.2,0.1473,119.9,0.395,0.518,1.523,0,0,0,100,16.28,0.2554,404.1,200,1,0,0.3586,1,1,1,1,1,1,1,4,4,-1,[ OK ]
2034.2,4/13/2026 8:41:14 PM,4561,103.2,0.1472,120.4,0.3918,0.5177,1.527,0,0,0,100,16.28,0.2545,404.1,200,1,0,0.3522,1,1,1,1,1,1,1,4,4,-1,[ OK ]
2034.7,4/13/2026 8:41:15 PM,4562,103.2,0.147,120.8,0.3977,0.5182,1.522,0,0,0,100,16.28,0.2536,404.1,200,1,0,0.3604,1,1,1,1,1,1,1,4,4,-1,[ OK ]
2035.1,4/13/2026 8:41:15 PM,4562,103.2,0.1473,120.1,0.3918,0.517,1.536,0,0,0,100,16.28,0.2537,403.9,200,1,0,0.3546,1,1,1,1,1,1,1,4,4,-1,[ OK ]
2035.8,4/13/2026 8:41:16 PM,4563,103.2,0.1471,120.8,0.3918,0.5171,1.534,0,0,0,100,16.28,0.2535,403.8,200,1,0,0.3531,1,1,1,1,1,1,1,4,4,-1,[ OK ]
2036.2,4/13/2026 8:41:16 PM,4563,103.2,0.1474,119.8,0.3938,0.5178,1.526,0,0,0,100,16.28,0.2534,404.1,200,1,0,0.3533,1,1,1,1,1,1,1,4,4,-1,[ OK ]
2036.8,4/13/2026 8:41:17 PM,4564,103.2,0.1473,120.3,0.3958,0.5172,1.532,0,0,0,100,16.28,0.2548,404.2,200,1,0,0.3559,1,1,1,1,1,1,1,4,4,-1,[ OK ]
2037.3,4/13/2026 8:41:17 PM,4565,103.2,0.1471,120.9,0.3929,0.5173,1.532,0,0,0,100,16.28,0.2533,404.4,200,1,0,0.3536,1,1,1,1,1,1,1,4,4,-1,[ OK ]
2037.8,4/13/2026 8:41:18 PM,4565,103.2,0.1474,119.8,0.3985,0.5181,1.524,0,0,0,100,16.28,0.2536,404.4,200,1,0,0.3667,1,1,1,1,1,1,1,4,4,-1,[ OK ]
2038.4,4/13/2026 8:41:18 PM,4566,103.2,0.1472,120.3,0.3996,0.5176,1.53,0,0,0,100,16.28,0.2529,404.3,200,1,0,0.3573,1,1,1,1,1,1,1,4,4,-1,[ OK ]
2038.9,4/13/2026 8:41:19 PM,4566,103.2,0.1473,119.9,0.3918,0.5185,1.521,0,0,0,100,16.28,0.2552,404.1,200,1,0,0.3487,1,1,1,1,1,1,1,4,4,-1,[ OK ]
2039.4,4/13/2026 8:41:19 PM,4567,103.2,0.1473,120,0.3981,0.5174,1.533,0,0,0,100,16.28,0.2514,404,200,1,0,0.3647,1,1,1,1,1,1,1,4,4,-1,[ OK ]
2039.9,4/13/2026 8:41:20 PM,4567,103.2,0.1474,119.8,0.3934,0.517,1.538,0,0,0,100,16.28,0.2566,404.1,200,1,0,0.3495,1,1,1,1,1,1,1,4,4,-1,[ OK ]
2040.3,4/13/2026 8:41:20 PM,4568,103.2,0.1474,119.8,0.4013,0.518,1.527,0,0,0,100,16.28,0.2549,403.9,200,1,0,0.3494,1,1,1,1,1,1,1,4,4,-1,[ OK ]
2040.9,4/13/2026 8:41:21 PM,4568,103.2,0.1472,120.5,0.3978,0.5176,1.531,0,0,0,100,16.28,0.2546,404,200,1,0,0.354,1,1,1,1,1,1,1,4,4,-1,[ OK ]
2041.4,4/13/2026 8:41:21 PM,4569,103.2,0.1473,120.1,0.3918,0.5176,1.531,0,0,0,100,16.28,0.2527,404.3,200,1,0,0.3659,1,1,1,1,1,1,1,4,4,-1,[ OK ]
2041.9,4/13/2026 8:41:22 PM,4569,103.2,0.1474,119.8,0.395,0.5177,1.53,0,0,0,100,16.28,0.2539,404,200,1,0,0.3674,1,1,1,1,1,1,1,4,4,-1,[ OK ]
2042.3,4/13/2026 8:41:22 PM,4570,103.2,0.1475,119.4,0.3967,0.5174,1.534,0,0,0,100,16.28,0.2518,404.3,200,1,0,0.3573,1,1,1,1,1,1,1,4,4,-1,[ OK ]
2042.8,4/13/2026 8:41:23 PM,4570,103.2,0.1473,120.1,0.3918,0.5181,1.526,0,0,0,100,16.28,0.2529,403.9,200,1,0,0.3559,1,1,1,1,1,1,1,4,4,-1,[ OK ]
2043.4,4/13/2026 8:41:23 PM,4571,103.2,0.1474,119.7,0.3918,0.517,1.537,0,0,0,100,16.28,0.253,404,200,1,0,0.3544,1,1,1,1,1,1,1,4,4,-1,[ OK ]
2044.0,4/13/2026 8:41:24 PM,4571,103.2,0.1475,119.4,0.3813,0.5181,1.525,0,0,0,100,16.28,0.2495,404.3,200,1,0,0.3719,1,1,1,1,1,1,1,4,4,-1,[ OK ]
2044.5,4/13/2026 8:41:24 PM,4572,103.2,0.1474,119.7,0.3962,0.5187,1.519,0,0,0,100,16.28,0.2494,403.8,200,1,0,0.37,1,1,1,1,1,1,1,4,4,-1,[ OK ]
2045.0,4/13/2026 8:41:25 PM,4572,103.2,0.1473,120.2,0.3926,0.5178,1.528,0,0,0,100,16.28,0.252,404.2,200,1,0,0.3568,1,1,1,1,1,1,1,4,4,-1,[ OK ]
2045.6,4/13/2026 8:41:25 PM,4573,103.2,0.1473,120.2,0.3958,0.5174,1.532,0,0,0,100,16.28,0.2494,404.2,200,1,0,0.3664,1,1,1,1,1,1,1,4,4,-1,[ OK ]
2046.2,4/13/2026 8:41:26 PM,4573,103.2,0.1473,120.3,0.3984,0.5172,1.535,0,0,0,100,16.28,0.2494,403.8,200,1,0,0.3634,1,1,1,1,1,1,1,4,4,-1,[ OK ]
2046.7,4/13/2026 8:41:26 PM,4574,103.2,0.1474,119.8,0.3918,0.5176,1.529,0,0,0,100,16.28,0.2499,404.2,200,1,0,0.3722,1,1,1,1,1,1,1,4,4,-1,[ OK ]
2047.2,4/13/2026 8:41:27 PM,4574,103.2,0.1472,120.6,0.397,0.5175,1.531,0,0,0,100,16.28,0.2496,403.9,200,1,0,0.3631,1,1,1,1,1,1,1,4,4,-1,[ OK ]
2047.7,4/13/2026 8:41:28 PM,4575,103.2,0.1473,120.3,0.3963,0.5178,1.526,0,0,0,100,16.28,0.2508,404.2,200,1,0,0.3705,1,1,1,1,1,1,1,4,4,-1,[ OK ]
2048.2,4/13/2026 8:41:28 PM,4575,103.2,0.1473,120.6,0.395,0.518,1.525,0,0,0,100,16.28,0.2511,403.9,200,1,0,0.3643,1,1,1,1,1,1,1,4,4,-1,[ OK ]
2048.8,4/13/2026 8:41:29 PM,4576,103.2,0.1474,120.1,0.3919,0.5177,1.527,0,0,0,100,16.28,0.2482,403.9,200,1,0,0.3717,1,1,1,1,1,1,1,4,4,-1,[ OK ]
2049.3,4/13/2026 8:41:29 PM,4577,103.2,0.1472,120.6,0.3945,0.5179,1.526,0,0,0,100,16.28,0.2505,403.9,200,1,0,0.3633,1,1,1,1,1,1,1,4,4,-1,[ OK ]
2049.8,4/13/2026 8:41:30 PM,4577,103.2,0.1475,119.8,0.3981,0.5176,1.529,0,0,0,100,16.28,0.2506,404.2,200,1,0,0.3696,1,1,1,1,1,1,1,4,4,-1,[ OK ]
2050.3,4/13/2026 8:41:30 PM,4578,103.2,0.1473,120.4,0.3918,0.5168,1.538,0,0,0,100,16.28,0.2495,404.2,200,1,0,0.3732,1,1,1,1,1,1,1,4,4,-1,[ OK ]
2050.9,4/13/2026 8:41:31 PM,4578,103.2,0.1475,119.8,0.3953,0.5178,1.527,0,0,0,100,16.28,0.252,404.2,200,1,0,0.3659,1,1,1,1,1,1,1,4,4,-1,[ OK ]
2051.3,4/13/2026 8:41:31 PM,4578,103.2,0.1473,120.4,0.3945,0.5179,1.526,0,0,0,100,16.28,0.2491,404.3,200,1,0,0.3672,1,1,1,1,1,1,1,4,4,-1,[ OK ]
2051.8,4/13/2026 8:41:32 PM,4579,103.2,0.1473,120.3,0.3983,0.5179,1.526,0,0,0,100,16.28,0.2521,403.9,200,1,0,0.3566,1,1,1,1,1,1,1,4,4,-1,[ OK ]
2052.3,4/13/2026 8:41:32 PM,4580,103.2,0.1475,119.7,0.3939,0.5174,1.532,0,0,0,100,16.28,0.2539,404,200,1,0,0.352,1,1,1,1,1,1,1,4,4,-1,[ OK ]
2052.9,4/13/2026 8:41:33 PM,4580,103.2,0.1474,120,0.3918,0.518,1.526,0,0,0,100,16.28,0.2542,404.2,200,1,0,0.3512,1,1,1,1,1,1,1,4,4,-1,[ OK ]
2053.4,4/13/2026 8:41:33 PM,4581,103.2,0.1473,120.2,0.3922,0.5179,1.526,0,0,0,100,16.28,0.2543,404.4,200,1,0,0.3592,1,1,1,1,1,1,1,4,4,-1,[ OK ]
2054.0,4/13/2026 8:41:34 PM,4581,103.2,0.1476,119.3,0.3965,0.5176,1.53,0,0,0,100,16.28,0.2536,404,200,1,0,0.3627,1,1,1,1,1,1,1,4,4,-1,[ OK ]
2054.6,4/13/2026 8:41:34 PM,4582,103.2,0.1475,119.8,0.3988,0.5184,1.521,0,0,0,100,16.28,0.2553,404,200,1,0,0.3602,1,1,1,1,1,1,1,4,4,-1,[ OK ]
2055.1,4/13/2026 8:41:35 PM,4582,103.2,0.1475,119.8,0.3918,0.5179,1.528,0,0,0,100,16.28,0.2571,404.1,200,1,0,0.3439,1,1,1,1,1,1,1,4,4,-1,[ OK ]
2055.7,4/13/2026 8:41:35 PM,4583,103.2,0.1476,119.4,0.3918,0.5178,1.529,0,0,0,100,16.28,0.2565,404,200,1,0,0.3466,1,1,1,1,1,1,1,4,4,-1,[ OK ]
2056.2,4/13/2026 8:41:36 PM,4583,103.2,0.1476,119.6,0.3979,0.5181,1.525,0,0,0,100,16.28,0.2562,404,200,1,0,0.3538,1,1,1,1,1,1,1,4,4,-1,[ OK ]
2056.7,4/13/2026 8:41:37 PM,4584,103.2,0.1476,119.5,0.3918,0.5176,1.531,0,0,0,100,16.28,0.2609,404.2,200,1,0,0.3342,1,1,1,1,1,1,1,4,4,-1,[ OK ]
2057.1,4/13/2026 8:41:37 PM,4584,103.2,0.1475,119.7,0.3966,0.5176,1.531,0,0,0,100,16.28,0.2589,403.9,200,1,0,0.3472,1,1,1,1,1,1,1,4,4,-1,[ OK ]
2057.6,4/13/2026 8:41:37 PM,4585,103.2,0.1475,119.8,0.3955,0.5178,1.527,0,0,0,100,16.28,0.2597,404,200,1,0,0.3428,1,1,1,1,1,1,1,4,4,-1,[ OK ]
2058.2,4/13/2026 8:41:38 PM,4585,103.2,0.1476,119.7,0.4009,0.5179,1.526,0,0,0,100,16.28,0.2585,404.1,200,1,0,0.3456,1,1,1,1,1,1,1,4,4,-1,[ OK ]
2058.8,4/13/2026 8:41:39 PM,4586,103.2,0.1475,119.7,0.3925,0.5173,1.532,0,0,0,100,16.28,0.2583,403.8,200,1,0,0.3464,1,1,1,1,1,1,1,4,4,-1,[ OK ]
2059.3,4/13/2026 8:41:39 PM,4587,103.2,0.1472,120.7,0.3929,0.5172,1.532,0,0,0,100,16.28,0.2555,403.9,200,1,0,0.3532,1,1,1,1,1,1,1,4,4,-1,[ OK ]
2059.8,4/13/2026 8:41:40 PM,4587,103.2,0.1474,120,0.3993,0.5174,1.531,0,0,0,100,16.28,0.2584,404.2,200,1,0,0.3406,1,1,1,1,1,1,1,4,4,-1,[ OK ]
2060.3,4/13/2026 8:41:40 PM,4588,103.2,0.1474,120.1,0.3921,0.5182,1.523,0,0,0,100,16.28,0.2573,404.4,200,1,0,0.3515,1,1,1,1,1,1,1,4,4,-1,[ OK ]
2061.0,4/13/2026 8:41:41 PM,4588,103.2,0.1473,120.4,0.3937,0.5176,1.528,0,0,0,100,16.28,0.2567,404.3,200,1,0,0.3448,1,1,1,1,1,1,1,4,4,-1,[ OK ]
2061.6,4/13/2026 8:41:41 PM,4589,103.2,0.1474,120,0.3964,0.5175,1.531,0,0,0,100,16.28,0.254,404,200,1,0,0.3517,1,1,1,1,1,1,1,4,4,-1,[ OK ]
2062.1,4/13/2026 8:41:42 PM,4589,103.2,0.1476,119.4,0.3986,0.5181,1.524,0,0,0,100,16.28,0.2562,403.9,200,1,0,0.3514,1,1,1,1,1,1,1,4,4,-1,[ OK ]
2062.6,4/13/2026 8:41:42 PM,4590,103.2,0.1475,119.7,0.3981,0.5185,1.519,0,0,0,100,16.28,0.257,404.3,200,1,0,0.3512,1,1,1,1,1,1,1,4,4,-1,[ OK ]
2063.1,4/13/2026 8:41:43 PM,4590,103.2,0.1475,119.7,0.3918,0.5174,1.531,0,0,0,100,16.28,0.2562,404.3,200,1,0,0.3574,1,1,1,1,1,1,1,4,4,-1,[ OK ]
2063.7,4/13/2026 8:41:43 PM,4591,103.2,0.1474,119.9,0.3921,0.5178,1.527,0,0,0,100,16.28,0.2564,404.4,200,1,0,0.3458,1,1,1,1,1,1,1,4,4,-1,[ OK ]
2064.1,4/13/2026 8:41:44 PM,4591,103.2,0.1473,120.2,0.3982,0.5178,1.527,0,0,0,100,16.28,0.2575,404.1,200,1,0,0.3463,1,1,1,1,1,1,1,4,4,-1,[ OK ]
2064.7,4/13/2026 8:41:45 PM,4592,103.2,0.1476,119.2,0.3951,0.5176,1.529,0,0,0,100,16.28,0.2572,404.1,200,1,0,0.3476,1,1,1,1,1,1,1,4,4,-1,[ OK ]
2065.2,4/13/2026 8:41:45 PM,4592,103.2,0.1474,120.2,0.3918,0.5176,1.53,0,0,0,100,16.28,0.2565,404,200,1,0,0.3533,1,1,1,1,1,1,1,4,4,-1,[ OK ]
2065.9,4/13/2026 8:41:46 PM,4593,103.2,0.1474,120.1,0.3976,0.518,1.526,0,0,0,100,16.28,0.254,404,200,1,0,0.3517,1,1,1,1,1,1,1,4,4,-1,[ OK ]
2066.4,4/13/2026 8:41:46 PM,4594,103.2,0.1473,120.3,0.3918,0.5179,1.526,0,0,0,100,16.28,0.2562,404.3,200,1,0,0.3462,1,1,1,1,1,1,1,4,4,-1,[ OK ]
2067.0,4/13/2026 8:41:47 PM,4594,103.2,0.1475,119.8,0.3926,0.5178,1.528,0,0,0,100,16.28,0.2551,403.8,200,1,0,0.3489,1,1,1,1,1,1,1,4,4,-1,[ OK ]
2067.5,4/13/2026 8:41:47 PM,4595,103.2,0.1473,120.2,0.3963,0.5178,1.528,0,0,0,100,16.28,0.2555,403.8,200,1,0,0.3544,1,1,1,1,1,1,1,4,4,-1,[ OK ]
2068.1,4/13/2026 8:41:48 PM,4595,103.2,0.1473,120.2,0.3918,0.5174,1.531,0,0,0,100,16.28,0.2567,404.3,200,1,0,0.3575,1,1,1,1,1,1,1,4,4,-1,[ OK ]
2068.7,4/13/2026 8:41:48 PM,4596,103.2,0.1476,119.4,0.3918,0.5178,1.527,0,0,0,100,16.28,0.2564,404.2,200,1,0,0.3455,1,1,1,1,1,1,1,4,4,-1,[ OK ]
2069.2,4/13/2026 8:41:49 PM,4596,103.2,0.1474,120.1,0.3957,0.5177,1.528,0,0,0,100,16.28,0.258,404,200,1,0,0.3474,1,1,1,1,1,1,1,4,4,-1,[ OK ]
2069.8,4/13/2026 8:41:50 PM,4597,103.2,0.1475,119.8,0.3918,0.518,1.526,0,0,0,100,16.28,0.2578,404.3,200,1,0,0.3445,1,1,1,1,1,1,1,4,4,-1,[ OK ]
2070.3,4/13/2026 8:41:50 PM,4598,103.2,0.1473,120.4,0.3918,0.5183,1.522,0,0,0,100,16.28,0.2573,404,200,1,0,0.3434,1,1,1,1,1,1,1,4,4,-1,[ OK ]
2070.8,4/13/2026 8:41:51 PM,4598,103.2,0.1474,120.1,0.3918,0.518,1.526,0,0,0,100,16.28,0.2565,404.1,200,1,0,0.3454,1,1,1,1,1,1,1,4,4,-1,[ OK ]
2071.4,4/13/2026 8:41:51 PM,4599,103.2,0.1475,120,0.4024,0.5181,1.525,0,0,0,100,16.28,0.2566,403.9,200,1,0,0.345,1,1,1,1,1,1,1,4,4,-1,[ OK ]
2071.9,4/13/2026 8:41:52 PM,4599,103.2,0.1475,119.9,0.3985,0.5172,1.535,0,0,0,100,16.28,0.2568,404,200,1,0,0.3469,1,1,1,1,1,1,1,4,4,-1,[ OK ]
2072.4,4/13/2026 8:41:52 PM,4600,103.2,0.1476,119.4,0.3962,0.5181,1.525,0,0,0,100,16.28,0.2571,403.9,200,1,0,0.3465,1,1,1,1,1,1,1,4,4,-1,[ OK ]
2073.0,4/13/2026 8:41:53 PM,4600,103.2,0.1474,120.2,0.392,0.5172,1.534,0,0,0,100,16.28,0.26,404.2,200,1,0,0.3364,1,1,1,1,1,1,1,4,4,-1,[ OK ]
2073.6,4/13/2026 8:41:53 PM,4601,103.2,0.1475,119.9,0.3941,0.5177,1.53,0,0,0,100,16.28,0.2591,404.1,200,1,0,0.3387,1,1,1,1,1,1,1,4,4,-1,[ OK ]
2074.2,4/13/2026 8:41:54 PM,4601,103.2,0.1474,120.1,0.3966,0.5179,1.528,0,0,0,100,16.28,0.2571,404.2,200,1,0,0.3473,1,1,1,1,1,1,1,4,4,-1,[ OK ]
2074.8,4/13/2026 8:41:55 PM,4602,103.2,0.1473,120.3,0.3989,0.5174,1.533,0,0,0,100,16.28,0.2574,403.9,200,1,0,0.331,1,1,1,1,1,1,1,4,4,-1,[ OK ]
2075.3,4/13/2026 8:41:55 PM,4603,103.2,0.1475,119.7,0.3937,0.5178,1.527,0,0,0,100,16.28,0.2592,403.9,200,1,0,0.3424,1,1,1,1,1,1,1,4,4,-1,[ OK ]
2075.9,4/13/2026 8:41:56 PM,4603,103.2,0.1473,120.4,0.3927,0.5181,1.524,0,0,0,100,16.28,0.2604,404.3,200,1,0,0.3386,1,1,1,1,1,1,1,4,4,-1,[ OK ]
2076.6,4/13/2026 8:41:56 PM,4604,103.2,0.1476,119.4,0.3974,0.518,1.525,0,0,0,100,16.28,0.2586,403.9,200,1,0,0.3439,1,1,1,1,1,1,1,4,4,-1,[ OK ]
2077.3,4/13/2026 8:41:57 PM,4605,103.2,0.1474,120.2,0.3918,0.5173,1.534,0,0,0,100,16.28,0.2605,404.1,200,1,0,0.3357,1,1,1,1,1,1,1,4,4,-1,[ OK ]
2077.9,4/13/2026 8:41:58 PM,4605,103.2,0.1476,119.5,0.3918,0.5183,1.524,0,0,0,100,16.28,0.2591,404.4,200,1,0,0.3499,1,1,1,1,1,1,1,4,4,-1,[ OK ]
2078.4,4/13/2026 8:41:58 PM,4606,103.2,0.1474,120,0.3965,0.518,1.526,0,0,0,100,16.28,0.26,404.3,200,1,0,0.3414,1,1,1,1,1,1,1,4,4,-1,[ OK ]
2078.9,4/13/2026 8:41:59 PM,4606,103.2,0.1476,119.4,0.3989,0.5179,1.528,0,0,0,100,16.28,0.2578,404.3,200,1,0,0.342,1,1,1,1,1,1,1,4,4,-1,[ OK ]
2079.5,4/13/2026 8:41:59 PM,4607,103.2,0.1479,118.6,0.3976,0.5176,1.531,0,0,0,100,16.28,0.258,404.2,200,1,0,0.3415,1,1,1,1,1,1,1,4,4,-1,[ OK ]
2080.0,4/13/2026 8:42:00 PM,4607,103.2,0.1474,120.2,0.4068,0.5179,1.528,0,0,0,100,16.28,0.2569,404,200,1,0,0.3444,1,1,1,1,1,1,1,4,4,-1,[ OK ]
2080.5,4/13/2026 8:42:00 PM,4608,103.2,0.1474,120.1,0.4002,0.5178,1.528,0,0,0,100,16.28,0.2572,404,200,1,0,0.3441,1,1,1,1,1,1,1,4,4,-1,[ OK ]
2081.1,4/13/2026 8:42:01 PM,4608,103.2,0.1474,120.1,0.3918,0.5174,1.533,0,0,0,100,16.28,0.2565,404.3,200,1,0,0.3454,1,1,1,1,1,1,1,4,4,-1,[ OK ]
2081.8,4/13/2026 8:42:02 PM,4609,103.2,0.1475,119.9,0.3918,0.5182,1.524,0,0,0,100,16.28,0.2568,403.9,200,1,0,0.3446,1,1,1,1,1,1,1,4,4,-1,[ OK ]
2082.3,4/13/2026 8:42:02 PM,4610,103.2,0.1474,120.4,0.3922,0.5176,1.531,0,0,0,100,16.28,0.2568,404.2,200,1,0,0.3446,1,1,1,1,1,1,1,4,4,-1,[ OK ]
2082.9,4/13/2026 8:42:03 PM,4610,103.2,0.1473,120.5,0.3918,0.5184,1.521,0,0,0,100,16.28,0.2594,404.2,200,1,0,0.3429,1,1,1,1,1,1,1,4,4,-1,[ OK ]
2083.4,4/13/2026 8:42:03 PM,4611,103.2,0.1476,119.5,0.395,0.5182,1.524,0,0,0,100,16.28,0.2584,404,200,1,0,0.3441,1,1,1,1,1,1,1,4,4,-1,[ OK ]
2084.1,4/13/2026 8:42:04 PM,4611,103.2,0.1477,119.5,0.3923,0.5184,1.521,0,0,0,100,16.28,0.2572,404.1,200,1,0,0.3619,1,1,1,1,1,1,1,4,4,-1,[ OK ]
2084.6,4/13/2026 8:42:04 PM,4612,103.2,0.1475,120,0.3918,0.5178,1.526,0,0,0,100,16.28,0.2578,404.1,200,1,0,0.3421,1,1,1,1,1,1,1,4,4,-1,[ OK ]
2085.2,4/13/2026 8:42:05 PM,4612,103.2,0.1476,119.6,0.3918,0.5176,1.529,0,0,0,100,16.28,0.2573,404.3,200,1,0,0.3445,1,1,1,1,1,1,1,4,4,-1,[ OK ]
2085.8,4/13/2026 8:42:06 PM,4613,103.2,0.1474,120.2,0.3961,0.5171,1.534,0,0,0,100,16.28,0.2597,404.3,200,1,0,0.3372,1,1,1,1,1,1,1,4,4,-1,[ OK ]
2086.3,4/13/2026 8:42:06 PM,4614,103.2,0.1472,120.9,0.3972,0.5178,1.527,0,0,0,100,16.28,0.2607,404.1,200,1,0,0.3453,1,1,1,1,1,1,1,4,4,-1,[ OK ]
2087.0,4/13/2026 8:42:07 PM,4614,103.2,0.1475,120,0.3933,0.5177,1.528,0,0,0,100,16.28,0.262,404.3,200,1,0,0.3326,1,1,1,1,1,1,1,4,4,-1,[ OK ]
2087.5,4/13/2026 8:42:07 PM,4615,103.2,0.1475,119.8,0.3962,0.5176,1.529,0,0,0,100,16.28,0.2605,404.2,200,1,0,0.3447,1,1,1,1,1,1,1,4,4,-1,[ OK ]
2088.1,4/13/2026 8:42:08 PM,4615,103.2,0.1476,119.5,0.3947,0.5181,1.523,0,0,0,100,16.28,0.2623,404,200,1,0,0.3398,1,1,1,1,1,1,1,4,4,-1,[ OK ]
2088.6,4/13/2026 8:42:08 PM,4616,103.2,0.1475,119.8,0.3918,0.5183,1.521,0,0,0,100,16.28,0.2614,404.2,200,1,0,0.3376,1,1,1,1,1,1,1,4,4,-1,[ OK ]
2089.2,4/13/2026 8:42:09 PM,4616,103.2,0.1473,120.3,0.4012,0.5178,1.526,0,0,0,100,16.28,0.2609,404,200,1,0,0.335,1,1,1,1,1,1,1,4,4,-1,[ OK ]
2090.0,4/13/2026 8:42:10 PM,4617,103.2,0.1474,120.1,0.3981,0.5177,1.527,0,0,0,100,16.28,0.2609,404.2,200,1,0,0.3369,1,1,1,1,1,1,1,4,4,-1,[ OK ]
2090.5,4/13/2026 8:42:10 PM,4618,103.2,0.1474,119.9,0.3942,0.5178,1.526,0,0,0,100,16.28,0.2598,404.2,200,1,0,0.3371,1,1,1,1,1,1,1,4,4,-1,[ OK ]
2091.0,4/13/2026 8:42:11 PM,4618,103.2,0.1475,119.7,0.3919,0.5181,1.524,0,0,0,100,16.28,0.26,403.9,200,1,0,0.3434,1,1,1,1,1,1,1,4,4,-1,[ OK ]
2091.6,4/13/2026 8:42:11 PM,4619,103.2,0.1476,119.4,0.3943,0.518,1.525,0,0,0,100,16.28,0.2634,404.3,200,1,0,0.3278,1,1,1,1,1,1,1,4,4,-1,[ OK ]
2092.3,4/13/2026 8:42:12 PM,4619,103.2,0.1472,120.6,0.3918,0.5178,1.527,0,0,0,100,16.28,0.261,403.9,200,1,0,0.3394,1,1,1,1,1,1,1,4,4,-1,[ OK ]
2092.9,4/13/2026 8:42:13 PM,4620,103.2,0.1474,119.9,0.3918,0.518,1.524,0,0,0,100,16.28,0.2599,404,200,1,0,0.349,1,1,1,1,1,1,1,4,4,-1,[ OK ]
2093.4,4/13/2026 8:42:13 PM,4621,103.2,0.1475,119.8,0.3924,0.5171,1.534,0,0,0,100,16.28,0.2606,404.3,200,1,0,0.3352,1,1,1,1,1,1,1,4,4,-1,[ OK ]
2094.0,4/13/2026 8:42:14 PM,4621,103.2,0.1476,119.3,0.3972,0.5176,1.53,0,0,0,100,16.28,0.261,404,200,1,0,0.3339,1,1,1,1,1,1,1,4,4,-1,[ OK ]
2094.7,4/13/2026 8:42:14 PM,4622,103.2,0.1476,119.3,0.3918,0.5182,1.524,0,0,0,100,16.28,0.2622,403.8,200,1,0,0.3412,1,1,1,1,1,1,1,4,4,-1,[ OK ]
2095.3,4/13/2026 8:42:15 PM,4622,103.2,0.1472,120.5,0.4001,0.5186,1.519,0,0,0,100,16.28,0.2602,404.2,200,1,0,0.3358,1,1,1,1,1,1,1,4,4,-1,[ OK ]
2096.0,4/13/2026 8:42:16 PM,4623,103.2,0.1472,120.8,0.3994,0.5171,1.535,0,0,0,100,16.28,0.2588,404.2,200,1,0,0.3454,1,1,1,1,1,1,1,4,4,-1,[ OK ]
2096.5,4/13/2026 8:42:16 PM,4624,103.2,0.1476,119.4,0.3928,0.5181,1.524,0,0,0,100,16.28,0.2614,403.8,200,1,0,0.3389,1,1,1,1,1,1,1,4,4,-1,[ OK ]
2097.2,4/13/2026 8:42:17 PM,4624,103.2,0.1476,119.6,0.3918,0.5175,1.53,0,0,0,100,16.28,0.2605,403.9,200,1,0,0.3356,1,1,1,1,1,1,1,4,4,-1,[ OK ]
2097.8,4/13/2026 8:42:18 PM,4625,103.2,0.1473,120.4,0.3984,0.5179,1.526,0,0,0,100,16.28,0.261,403.9,200,1,0,0.3359,1,1,1,1,1,1,1,4,4,-1,[ OK ]
2098.3,4/13/2026 8:42:18 PM,4626,103.2,0.1474,120.2,0.3952,0.5179,1.527,0,0,0,100,16.28,0.2594,404.2,200,1,0,0.3379,1,1,1,1,1,1,1,4,4,-1,[ OK ]
2098.9,4/13/2026 8:42:19 PM,4626,103.2,0.1474,120.1,0.392,0.5183,1.523,0,0,0,100,16.28,0.2584,403.9,200,1,0,0.3405,1,1,1,1,1,1,1,4,4,-1,[ OK ]
2099.5,4/13/2026 8:42:19 PM,4627,103.2,0.1475,119.9,0.3993,0.5179,1.526,0,0,0,100,16.28,0.2606,404.1,200,1,0,0.3348,1,1,1,1,1,1,1,4,4,-1,[ OK ]
2100.2,4/13/2026 8:42:20 PM,4627,103.2,0.1476,119.4,0.3978,0.5178,1.527,0,0,0,100,16.28,0.2594,404.2,200,1,0,0.3424,1,1,1,1,1,1,1,4,4,-1,[ OK ]
2100.8,4/13/2026 8:42:21 PM,4628,103.2,0.1476,119.7,0.3918,0.5173,1.532,0,0,0,100,16.28,0.2587,404.2,200,1,0,0.3445,1,1,1,1,1,1,1,4,4,-1,[ OK ]
2101.3,4/13/2026 8:42:21 PM,4629,103.2,0.1475,119.9,0.3963,0.5183,1.521,0,0,0,100,16.28,0.2588,404.1,200,1,0,0.3502,1,1,1,1,1,1,1,4,4,-1,[ OK ]
2101.8,4/13/2026 8:42:22 PM,4629,103.2,0.1475,119.9,0.3918,0.5178,1.527,0,0,0,100,16.28,0.2595,404,200,1,0,0.343,1,1,1,1,1,1,1,4,4,-1,[ OK ]
2102.5,4/13/2026 8:42:22 PM,4630,103.2,0.1475,119.9,0.3987,0.5179,1.526,0,0,0,100,16.28,0.2591,404.2,200,1,0,0.3422,1,1,1,1,1,1,1,4,4,-1,[ OK ]
2103.1,4/13/2026 8:42:23 PM,4630,103.2,0.1473,120.5,0.3974,0.5179,1.526,0,0,0,100,16.28,0.2581,404.3,200,1,0,0.3415,1,1,1,1,1,1,1,4,4,-1,[ OK ]
2103.7,4/13/2026 8:42:24 PM,4631,103.2,0.1473,120.4,0.3991,0.5175,1.531,0,0,0,100,16.28,0.2592,404.3,200,1,0,0.3384,1,1,1,1,1,1,1,4,4,-1,[ OK ]
2104.2,4/13/2026 8:42:24 PM,4631,103.2,0.1474,120.1,0.3954,0.5172,1.533,0,0,0,100,16.28,0.2569,404.2,200,1,0,0.3444,1,1,1,1,1,1,1,4,4,-1,[ OK ]
2104.8,4/13/2026 8:42:25 PM,4632,103.2,0.1472,120.9,0.3932,0.5171,1.534,0,0,0,100,16.28,0.2579,404,200,1,0,0.3456,1,1,1,1,1,1,1,4,4,-1,[ OK ]
2105.5,4/13/2026 8:42:25 PM,4633,103.2,0.1475,119.6,0.3921,0.5176,1.529,0,0,0,100,16.28,0.2564,403.9,200,1,0,0.3455,1,1,1,1,1,1,1,4,4,-1,[ OK ]
2106.1,4/13/2026 8:42:26 PM,4633,103.2,0.1475,119.7,0.3926,0.5179,1.525,0,0,0,100,16.28,0.2595,404.1,200,1,0,0.3377,1,1,1,1,1,1,1,4,4,-1,[ OK ]
2106.7,4/13/2026 8:42:27 PM,4634,103.2,0.1475,119.8,0.3946,0.5178,1.528,0,0,0,100,16.28,0.2598,403.9,200,1,0,0.3509,1,1,1,1,1,1,1,4,4,-1,[ OK ]
2107.4,4/13/2026 8:42:27 PM,4635,103.2,0.1476,119.5,0.3978,0.5174,1.532,0,0,0,100,16.28,0.2585,403.9,200,1,0,0.3403,1,1,1,1,1,1,1,4,4,-1,[ OK ]
2108.0,4/13/2026 8:42:28 PM,4635,103.2,0.1477,119.3,0.3949,0.5185,1.52,0,0,0,100,16.28,0.2583,404,200,1,0,0.3519,1,1,1,1,1,1,1,4,4,-1,[ OK ]
2108.5,4/13/2026 8:42:28 PM,4636,103.2,0.1474,120.1,0.3918,0.5186,1.518,0,0,0,100,16.28,0.2598,404,200,1,0,0.3454,1,1,1,1,1,1,1,4,4,-1,[ OK ]
2109.0,4/13/2026 8:42:29 PM,4636,103.2,0.1475,119.9,0.3918,0.5181,1.523,0,0,0,100,16.28,0.2589,404.3,200,1,0,0.3391,1,1,1,1,1,1,1,4,4,-1,[ OK ]
2109.6,4/13/2026 8:42:29 PM,4637,103.2,0.1475,120.1,0.3918,0.517,1.535,0,0,0,100,16.28,0.2595,404.2,200,1,0,0.3482,1,1,1,1,1,1,1,4,4,-1,[ OK ]
2110.3,4/13/2026 8:42:30 PM,4637,103.2,0.1476,119.6,0.3919,0.518,1.525,0,0,0,100,16.28,0.2592,404.1,200,1,0,0.3393,1,1,1,1,1,1,1,4,4,-1,[ OK ]
2110.9,4/13/2026 8:42:31 PM,4638,103.2,0.1476,119.9,0.3981,0.5181,1.524,0,0,0,100,16.28,0.2584,404.5,200,1,0,0.3522,1,1,1,1,1,1,1,4,4,-1,[ OK ]
2111.5,4/13/2026 8:42:31 PM,4639,103.2,0.1476,119.8,0.3943,0.5185,1.52,0,0,0,100,16.28,0.2571,404,200,1,0,0.3444,1,1,1,1,1,1,1,4,4,-1,[ OK ]
2112.1,4/13/2026 8:42:32 PM,4639,103.2,0.1474,120.4,0.3918,0.5177,1.529,0,0,0,100,16.28,0.2561,403.9,200,1,0,0.3567,1,1,1,1,1,1,1,4,4,-1,[ OK ]
2112.7,4/13/2026 8:42:33 PM,4640,103.2,0.1476,119.7,0.3964,0.5179,1.526,0,0,0,100,16.28,0.2579,404.3,200,1,0,0.3483,1,1,1,1,1,1,1,4,4,-1,[ OK ]
2113.4,4/13/2026 8:42:33 PM,4641,103.2,0.1476,119.8,0.393,0.5173,1.533,0,0,0,100,16.28,0.2589,403.9,200,1,0,0.3391,1,1,1,1,1,1,1,4,4,-1,[ OK ]
2114.0,4/13/2026 8:42:34 PM,4641,103.2,0.1471,121.1,0.398,0.5183,1.522,0,0,0,100,16.28,0.2602,404.2,200,1,0,0.3478,1,1,1,1,1,1,1,4,4,-1,[ OK ]
2114.5,4/13/2026 8:42:34 PM,4642,103.2,0.1477,119.3,0.3918,0.5183,1.521,0,0,0,100,16.28,0.2606,404.2,200,1,0,0.3472,1,1,1,1,1,1,1,4,4,-1,[ OK ]
2115.0,4/13/2026 8:42:35 PM,4642,103.2,0.1473,120.8,0.3965,0.5179,1.525,0,0,0,100,16.28,0.2582,403.9,200,1,0,0.341,1,1,1,1,1,1,1,4,4,-1,[ OK ]
2115.6,4/13/2026 8:42:35 PM,4643,103.2,0.1475,120.1,0.3928,0.5177,1.527,0,0,0,100,16.28,0.2597,403.9,200,1,0,0.3496,1,1,1,1,1,1,1,4,4,-1,[ OK ]
2116.3,4/13/2026 8:42:36 PM,4643,103.2,0.1475,119.9,0.3927,0.5178,1.526,0,0,0,100,16.28,0.2597,404.1,200,1,0,0.3399,1,1,1,1,1,1,1,4,4,-1,[ OK ]
2116.8,4/13/2026 8:42:37 PM,4644,103.2,0.1476,119.7,0.3952,0.5176,1.528,0,0,0,100,16.28,0.2604,404.2,200,1,0,0.3434,1,1,1,1,1,1,1,4,4,-1,[ OK ]
2117.3,4/13/2026 8:42:37 PM,4645,103.2,0.1478,119.2,0.3964,0.518,1.525,0,0,0,100,16.28,0.2597,404.1,200,1,0,0.348,1,1,1,1,1,1,1,4,4,-1,[ OK ]
2117.8,4/13/2026 8:42:38 PM,4645,103.2,0.1477,119.6,0.3918,0.5181,1.524,0,0,0,100,16.28,0.2592,404.1,200,1,0,0.3478,1,1,1,1,1,1,1,4,4,-1,[ OK ]
2118.4,4/13/2026 8:42:38 PM,4646,103.2,0.1475,119.9,0.399,0.5175,1.53,0,0,0,100,16.28,0.26,403.9,200,1,0,0.3464,1,1,1,1,1,1,1,4,4,-1,[ OK ]
2119.0,4/13/2026 8:42:39 PM,4646,103.2,0.1474,120.3,0.3956,0.5181,1.524,0,0,0,100,16.28,0.2599,404,200,1,0,0.3383,1,1,1,1,1,1,1,4,4,-1,[ OK ]
2119.5,4/13/2026 8:42:39 PM,4647,103.2,0.1474,120.2,0.3951,0.5179,1.526,0,0,0,100,16.28,0.2598,404.3,200,1,0,0.3396,1,1,1,1,1,1,1,4,4,-1,[ OK ]
2120.1,4/13/2026 8:42:40 PM,4647,103.2,0.1475,119.9,0.3949,0.5182,1.522,0,0,0,100,16.28,0.2604,403.9,200,1,0,0.3355,1,1,1,1,1,1,1,4,4,-1,[ OK ]
2120.6,4/13/2026 8:42:40 PM,4648,103.2,0.1475,120.1,0.3952,0.5176,1.531,0,0,0,100,16.28,0.2603,404.2,200,1,0,0.3356,1,1,1,1,1,1,1,4,4,-1,[ OK ]
2121.2,4/13/2026 8:42:41 PM,4648,103.2,0.1474,120.5,0.3946,0.5173,1.533,0,0,0,100,16.28,0.2604,404.2,200,1,0,0.3414,1,1,1,1,1,1,1,4,4,-1,[ OK ]
2121.8,4/13/2026 8:42:42 PM,4649,103.2,0.1475,120,0.3953,0.5181,1.523,0,0,0,100,16.28,0.2593,404.2,200,1,0,0.3498,1,1,1,1,1,1,1,4,4,-1,[ OK ]
2122.3,4/13/2026 8:42:42 PM,4650,103.2,0.1476,119.9,0.3962,0.518,1.525,0,0,0,100,16.28,0.2565,403.9,200,1,0,0.357,1,1,1,1,1,1,1,4,4,-1,[ OK ]
2122.8,4/13/2026 8:42:43 PM,4650,103.2,0.1476,119.8,0.3918,0.5173,1.532,0,0,0,100,16.28,0.2595,404.2,200,1,0,0.35,1,1,1,1,1,1,1,4,4,-1,[ OK ]
2123.3,4/13/2026 8:42:43 PM,4651,103.2,0.1476,119.8,0.3974,0.517,1.536,0,0,0,100,16.28,0.2604,404.1,200,1,0,0.3437,1,1,1,1,1,1,1,4,4,-1,[ OK ]
2123.9,4/13/2026 8:42:44 PM,4651,103.2,0.1476,119.8,0.3934,0.5173,1.532,0,0,0,100,16.28,0.2578,404.3,200,1,0,0.3585,1,1,1,1,1,1,1,4,4,-1,[ OK ]
2124.4,4/13/2026 8:42:44 PM,4652,103.2,0.1475,120.2,0.3918,0.5178,1.526,0,0,0,100,16.28,0.2609,404.2,200,1,0,0.3392,1,1,1,1,1,1,1,4,4,-1,[ OK ]
2124.9,4/13/2026 8:42:45 PM,4652,103.2,0.1478,119.3,0.3952,0.5176,1.528,0,0,0,100,16.28,0.2585,404.2,200,1,0,0.3521,1,1,1,1,1,1,1,4,4,-1,[ OK ]
2125.4,4/13/2026 8:42:45 PM,4653,103.2,0.1476,120,0.3954,0.5175,1.528,0,0,0,100,16.28,0.2582,404.2,200,1,0,0.344,1,1,1,1,1,1,1,4,4,-1,[ OK ]
2126.0,4/13/2026 8:42:46 PM,4653,103.2,0.1476,120.1,0.3953,0.5175,1.528,0,0,0,100,16.28,0.2568,403.9,200,1,0,0.3445,1,1,1,1,1,1,1,4,4,-1,[ OK ]
2126.5,4/13/2026 8:42:46 PM,4654,103.2,0.1477,119.8,0.3918,0.5176,1.528,0,0,0,100,16.28,0.2562,404,200,1,0,0.3533,1,1,1,1,1,1,1,4,4,-1,[ OK ]
2127.0,4/13/2026 8:42:47 PM,4654,103.2,0.1476,120,0.3926,0.5173,1.531,0,0,0,100,16.28,0.2564,403.9,200,1,0,0.3457,1,1,1,1,1,1,1,4,4,-1,[ OK ]
2127.4,4/13/2026 8:42:47 PM,4655,103.2,0.1478,119.3,0.3973,0.5172,1.532,0,0,0,100,16.28,0.2572,404.2,200,1,0,0.3471,1,1,1,1,1,1,1,4,4,-1,[ OK ]
2127.8,4/13/2026 8:42:48 PM,4655,103.2,0.1476,120.2,0.3925,0.5178,1.527,0,0,0,100,16.28,0.2553,404,200,1,0,0.3498,1,1,1,1,1,1,1,4,4,-1,[ OK ]
2128.2,4/13/2026 8:42:48 PM,4655,103.2,0.1477,119.8,0.3941,0.5186,1.518,0,0,0,100,16.28,0.256,404,200,1,0,0.3466,1,1,1,1,1,1,1,4,4,-1,[ OK ]
2128.8,4/13/2026 8:42:49 PM,4656,103.2,0.1477,120,0.3957,0.5181,1.523,0,0,0,100,16.28,0.2559,404,200,1,0,0.3468,1,1,1,1,1,1,1,4,4,-1,[ OK ]
2129.3,4/13/2026 8:42:49 PM,4657,103.2,0.1476,120.3,0.3941,0.5176,1.528,0,0,0,100,16.28,0.2562,403.9,200,1,0,0.3558,1,1,1,1,1,1,1,4,4,-1,[ OK ]
2129.8,4/13/2026 8:42:50 PM,4657,103.2,0.1476,120.1,0.3978,0.5174,1.53,0,0,0,100,16.28,0.2559,404,200,1,0,0.3515,1,1,1,1,1,1,1,4,4,-1,[ OK ]
2130.4,4/13/2026 8:42:50 PM,4658,103.2,0.1475,120.2,0.3858,0.5173,1.531,0,0,0,100,16.28,0.2573,404.1,200,1,0,0.3459,1,1,1,1,1,1,1,4,4,-1,[ OK ]
2131.0,4/13/2026 8:42:51 PM,4658,103.2,0.1478,119.3,0.3941,0.5181,1.523,0,0,0,100,16.28,0.2546,404.2,200,1,0,0.3503,1,1,1,1,1,1,1,4,4,-1,[ OK ]
2131.5,4/13/2026 8:42:51 PM,4659,103.2,0.1475,120.5,0.3932,0.5182,1.522,0,0,0,100,16.28,0.2571,404,200,1,0,0.3451,1,1,1,1,1,1,1,4,4,-1,[ OK ]
2132.0,4/13/2026 8:42:52 PM,4659,103.2,0.1477,119.7,0.3953,0.5182,1.522,0,0,0,100,16.28,0.2571,403.9,200,1,0,0.3438,1,1,1,1,1,1,1,4,4,-1,[ OK ]
2132.5,4/13/2026 8:42:52 PM,4660,103.2,0.1475,120.4,0.3918,0.518,1.525,0,0,0,100,16.28,0.2558,404,200,1,0,0.352,1,1,1,1,1,1,1,4,4,-1,[ OK ]
2133.1,4/13/2026 8:42:53 PM,4660,103.2,0.1477,119.8,0.4016,0.5181,1.524,0,0,0,100,16.28,0.2546,403.8,200,1,0,0.3537,1,1,1,1,1,1,1,4,4,-1,[ OK ]
2133.7,4/13/2026 8:42:53 PM,4661,103.2,0.1477,120,0.3996,0.5181,1.523,0,0,0,100,16.28,0.257,404.3,200,1,0,0.3481,1,1,1,1,1,1,1,4,4,-1,[ OK ]
2134.2,4/13/2026 8:42:54 PM,4661,103.2,0.1476,120,0.3989,0.5176,1.53,0,0,0,100,16.28,0.2573,404.2,200,1,0,0.3556,1,1,1,1,1,1,1,4,4,-1,[ OK ]
2134.6,4/13/2026 8:42:54 PM,4662,103.2,0.1477,119.9,0.3947,0.5179,1.527,0,0,0,100,16.28,0.2552,404.2,200,1,0,0.3487,1,1,1,1,1,1,1,4,4,-1,[ OK ]
2135.0,4/13/2026 8:42:55 PM,4662,103.2,0.1476,119.9,0.3941,0.5185,1.521,0,0,0,100,16.28,0.2566,404.3,200,1,0,0.3537,1,1,1,1,1,1,1,4,4,-1,[ OK ]
2135.5,4/13/2026 8:42:55 PM,4663,103.2,0.1479,119.1,0.3933,0.5174,1.532,0,0,0,100,16.28,0.2591,404.2,200,1,0,0.3412,1,1,1,1,1,1,1,4,4,-1,[ OK ]
2136.2,4/13/2026 8:42:56 PM,4663,103.2,0.1476,120,0.3922,0.5173,1.533,0,0,0,100,16.28,0.256,403.8,200,1,0,0.354,1,1,1,1,1,1,1,4,4,-1,[ OK ]
2136.7,4/13/2026 8:42:56 PM,4664,103.2,0.1472,121.2,0.3972,0.5176,1.529,0,0,0,100,16.28,0.2558,403.9,200,1,0,0.3472,1,1,1,1,1,1,1,4,4,-1,[ OK ]
2137.3,4/13/2026 8:42:57 PM,4665,103.2,0.1476,119.9,0.3918,0.5178,1.528,0,0,0,100,16.28,0.2574,403.9,200,1,0,0.3522,1,1,1,1,1,1,1,4,4,-1,[ OK ]
2137.8,4/13/2026 8:42:58 PM,4665,103.2,0.1475,120.2,0.3919,0.5182,1.523,0,0,0,100,16.28,0.2579,404.1,200,1,0,0.3545,1,1,1,1,1,1,1,4,4,-1,[ OK ]
2138.3,4/13/2026 8:42:58 PM,4666,103.2,0.1476,120,0.3918,0.5181,1.525,0,0,0,100,16.28,0.2571,404.2,200,1,0,0.3595,1,1,1,1,1,1,1,4,4,-1,[ OK ]
2138.9,4/13/2026 8:42:59 PM,4666,103.2,0.1475,120.2,0.4007,0.518,1.527,0,0,0,100,16.28,0.255,404.1,200,1,0,0.3699,1,1,1,1,1,1,1,4,4,-1,[ OK ]
2139.4,4/13/2026 8:42:59 PM,4667,103.2,0.1475,120.2,0.4037,0.5185,1.521,0,0,0,100,16.28,0.2562,404.2,200,1,0,0.3561,1,1,1,1,1,1,1,4,4,-1,[ OK ]
2139.9,4/13/2026 8:43:00 PM,4667,103.2,0.1478,119.2,0.3981,0.5179,1.528,0,0,0,100,16.28,0.2584,403.9,200,1,0,0.3549,1,1,1,1,1,1,1,4,4,-1,[ OK ]
2140.4,4/13/2026 8:43:00 PM,4668,103.2,0.1475,120.2,0.379,0.5183,1.522,0,0,0,100,16.28,0.2562,404.2,200,1,0,0.3594,1,1,1,1,1,1,1,4,4,-1,[ OK ]
2141.1,4/13/2026 8:43:01 PM,4668,103.2,0.1476,119.8,0.3928,0.5178,1.527,0,0,0,100,16.28,0.2556,404,200,1,0,0.3565,1,1,1,1,1,1,1,4,4,-1,[ OK ]
2141.7,4/13/2026 8:43:01 PM,4669,103.2,0.1477,119.4,0.3918,0.5182,1.524,0,0,0,100,16.28,0.2558,404.3,200,1,0,0.3471,1,1,1,1,1,1,1,4,4,-1,[ OK ]
2142.4,4/13/2026 8:43:02 PM,4670,103.2,0.1476,119.8,0.3984,0.5174,1.533,0,0,0,100,16.28,0.2582,404,200,1,0,0.3507,1,1,1,1,1,1,1,4,4,-1,[ OK ]
2143.2,4/13/2026 8:43:03 PM,4670,103.2,0.1474,120.4,0.4049,0.5174,1.533,0,0,0,100,16.28,0.2588,404.2,200,1,0,0.3478,1,1,1,1,1,1,1,4,4,-1,[ OK ]
2143.9,4/13/2026 8:43:04 PM,4671,103.2,0.1475,120.2,0.3967,0.517,1.537,0,0,0,100,16.28,0.2585,403.9,200,1,0,0.3525,1,1,1,1,1,1,1,4,4,-1,[ OK ]
2144.5,4/13/2026 8:43:04 PM,4672,103.2,0.1476,120.2,0.3918,0.5185,1.52,0,0,0,100,16.28,0.259,404.2,200,1,0,0.339,1,1,1,1,1,1,1,4,4,-1,[ OK ]
2145.1,4/13/2026 8:43:05 PM,4672,103.2,0.1478,119.4,0.3992,0.5175,1.531,0,0,0,100,16.28,0.2591,404,200,1,0,0.3535,1,1,1,1,1,1,1,4,4,-1,[ OK ]
2145.6,4/13/2026 8:43:05 PM,4673,103.2,0.1476,120.2,0.3918,0.5175,1.533,0,0,0,100,16.28,0.2595,404.2,200,1,0,0.3377,1,1,1,1,1,1,1,4,4,-1,[ OK ]
2146.2,4/13/2026 8:43:06 PM,4673,103.2,0.1478,119.5,0.392,0.5173,1.535,0,0,0,100,16.28,0.258,403.8,200,1,0,0.3517,1,1,1,1,1,1,1,4,4,-1,[ OK ]
2146.8,4/13/2026 8:43:07 PM,4674,103.2,0.1478,119.7,0.397,0.5176,1.531,0,0,0,100,16.28,0.2581,404.1,200,1,0,0.344,1,1,1,1,1,1,1,4,4,-1,[ OK ]
2147.4,4/13/2026 8:43:07 PM,4675,103.2,0.1477,119.8,0.3942,0.5182,1.524,0,0,0,100,16.28,0.26,403.9,200,1,0,0.3366,1,1,1,1,1,1,1,4,4,-1,[ OK ]
2148.0,4/13/2026 8:43:08 PM,4675,103.2,0.1475,120.2,0.3918,0.5177,1.53,0,0,0,100,16.28,0.2583,404.4,200,1,0,0.3422,1,1,1,1,1,1,1,4,4,-1,[ OK ]
2148.6,4/13/2026 8:43:08 PM,4676,103.2,0.1476,120,0.3956,0.5176,1.531,0,0,0,100,16.28,0.256,404.2,200,1,0,0.3514,1,1,1,1,1,1,1,4,4,-1,[ OK ]
2149.3,4/13/2026 8:43:09 PM,4677,103.2,0.1476,119.8,0.3958,0.5185,1.521,0,0,0,100,16.28,0.2585,404,200,1,0,0.3492,1,1,1,1,1,1,1,4,4,-1,[ OK ]
2150.1,4/13/2026 8:43:10 PM,4677,103.2,0.1477,119.7,0.3986,0.5176,1.53,0,0,0,100,16.28,0.2583,403.9,200,1,0,0.3441,1,1,1,1,1,1,1,4,4,-1,[ OK ]
2150.7,4/13/2026 8:43:11 PM,4678,103.2,0.1476,120.1,0.3999,0.5183,1.522,0,0,0,100,16.28,0.259,404.2,200,1,0,0.3393,1,1,1,1,1,1,1,4,4,-1,[ OK ]
2151.4,4/13/2026 8:43:11 PM,4679,103.2,0.1475,120.3,0.3918,0.5176,1.53,0,0,0,100,16.28,0.2578,404.3,200,1,0,0.3468,1,1,1,1,1,1,1,4,4,-1,[ OK ]
2152.2,4/13/2026 8:43:12 PM,4679,103.2,0.1479,119,0.3923,0.518,1.526,0,0,0,100,16.28,0.2586,404.2,200,1,0,0.34,1,1,1,1,1,1,1,4,4,-1,[ OK ]
2152.8,4/13/2026 8:43:13 PM,4680,103.2,0.1474,120.8,0.3918,0.5177,1.53,0,0,0,100,16.28,0.2578,404.1,200,1,0,0.3476,1,1,1,1,1,1,1,4,4,-1,[ OK ]
2153.4,4/13/2026 8:43:13 PM,4681,103.2,0.1475,120.1,0.3995,0.5175,1.532,0,0,0,100,16.28,0.2571,404.1,200,1,0,0.3449,1,1,1,1,1,1,1,4,4,-1,[ OK ]
2154.2,4/13/2026 8:43:14 PM,4681,103.2,0.1476,119.9,0.3922,0.5182,1.525,0,0,0,100,16.28,0.2586,404,200,1,0,0.3426,1,1,1,1,1,1,1,4,4,-1,[ OK ]
2155.1,4/13/2026 8:43:15 PM,4682,103.2,0.1475,120.2,0.3962,0.5185,1.521,0,0,0,100,16.28,0.2574,404.4,200,1,0,0.3522,1,1,1,1,1,1,1,4,4,-1,[ OK ]
2155.7,4/13/2026 8:43:15 PM,4683,103.2,0.1476,119.9,0.4011,0.518,1.527,0,0,0,100,16.28,0.2573,404.1,200,1,0,0.3433,1,1,1,1,1,1,1,4,4,-1,[ OK ]
2156.4,4/13/2026 8:43:16 PM,4684,103.2,0.1475,120.3,0.3928,0.5178,1.53,0,0,0,100,16.28,0.2565,404.2,200,1,0,0.3534,1,1,1,1,1,1,1,4,4,-1,[ OK ]
2157.1,4/13/2026 8:43:17 PM,4684,103.2,0.1476,120,0.3984,0.5173,1.536,0,0,0,100,16.28,0.2552,404.1,200,1,0,0.3486,1,1,1,1,1,1,1,4,4,-1,[ OK ]
2157.7,4/13/2026 8:43:18 PM,4685,103.2,0.1477,119.8,0.3979,0.5177,1.532,0,0,0,100,16.28,0.2568,404.1,200,1,0,0.3446,1,1,1,1,1,1,1,4,4,-1,[ OK ]
2158.5,4/13/2026 8:43:18 PM,4686,103.2,0.1476,120.1,0.3925,0.5178,1.53,0,0,0,100,16.28,0.2559,404.3,200,1,0,0.3473,1,1,1,1,1,1,1,4,4,-1,[ OK ]
2159.4,4/13/2026 8:43:19 PM,4687,103.2,0.1476,120,0.395,0.5184,1.524,0,0,0,100,16.28,0.2565,404.2,200,1,0,0.3597,1,1,1,1,1,1,1,4,4,-1,[ OK ]
2160.1,4/13/2026 8:43:20 PM,4687,103.2,0.1478,119.5,0.3918,0.5184,1.523,0,0,0,100,16.28,0.2587,404.2,200,1,0,0.3484,1,1,1,1,1,1,1,4,4,-1,[ OK ]
2160.6,4/13/2026 8:43:20 PM,4688,103.2,0.1477,119.7,0.395,0.5181,1.526,0,0,0,100,16.28,0.2613,404,200,1,0,0.3388,1,1,1,1,1,1,1,4,4,-1,[ OK ]
2161.3,4/13/2026 8:43:21 PM,4688,103.2,0.1478,119.6,0.3955,0.5181,1.526,0,0,0,100,16.28,0.2568,404.2,200,1,0,0.3535,1,1,1,1,1,1,1,4,4,-1,[ OK ]
2161.9,4/13/2026 8:43:22 PM,4689,103.2,0.1477,119.6,0.3921,0.5182,1.526,0,0,0,100,16.28,0.258,404,200,1,0,0.3565,1,1,1,1,1,1,1,4,4,-1,[ OK ]
2162.6,4/13/2026 8:43:22 PM,4690,103.2,0.1476,119.9,0.3943,0.5185,1.522,0,0,0,100,16.28,0.2554,404.2,200,1,0,0.3572,1,1,1,1,1,1,1,4,4,-1,[ OK ]
2163.3,4/13/2026 8:43:23 PM,4691,103.2,0.1476,120.1,0.3918,0.5176,1.532,0,0,0,100,16.28,0.2577,403.9,200,1,0,0.3501,1,1,1,1,1,1,1,4,4,-1,[ OK ]
2164.0,4/13/2026 8:43:24 PM,4691,103.2,0.1475,120.4,0.3935,0.518,1.527,0,0,0,100,16.28,0.258,404,200,1,0,0.3519,1,1,1,1,1,1,1,4,4,-1,[ OK ]
2164.8,4/13/2026 8:43:25 PM,4692,103.2,0.1477,120.1,0.3999,0.5177,1.53,0,0,0,100,16.28,0.2574,404.3,200,1,0,0.3491,1,1,1,1,1,1,1,4,4,-1,[ OK ]
2165.4,4/13/2026 8:43:25 PM,4693,103.2,0.1475,120.6,0.3965,0.5184,1.522,0,0,0,100,16.28,0.2568,404.4,200,1,0,0.3514,1,1,1,1,1,1,1,4,4,-1,[ OK ]
2166.0,4/13/2026 8:43:26 PM,4693,103.2,0.1478,119.6,0.3918,0.5174,1.533,0,0,0,100,16.28,0.2552,404.1,200,1,0,0.3526,1,1,1,1,1,1,1,4,4,-1,[ OK ]
2166.8,4/13/2026 8:43:27 PM,4694,103.2,0.1476,120.3,0.3946,0.5172,1.536,0,0,0,100,16.28,0.2552,404,200,1,0,0.3585,1,1,1,1,1,1,1,4,4,-1,[ OK ]
2167.7,4/13/2026 8:43:27 PM,4695,103.2,0.1474,120.8,0.4012,0.5183,1.525,0,0,0,100,16.28,0.2565,404.3,200,1,0,0.3453,1,1,1,1,1,1,1,4,4,-1,[ OK ]
2168.3,4/13/2026 8:43:28 PM,4696,103.2,0.1477,119.9,0.3939,0.5187,1.519,0,0,0,100,16.28,0.2591,404.4,200,1,0,0.3449,1,1,1,1,1,1,1,4,4,-1,[ OK ]
2168.9,4/13/2026 8:43:29 PM,4696,103.2,0.1477,120,0.3976,0.518,1.526,0,0,0,100,16.28,0.2582,403.9,200,1,0,0.3503,1,1,1,1,1,1,1,4,4,-1,[ OK ]
2169.5,4/13/2026 8:43:29 PM,4697,103.2,0.148,119.2,0.4024,0.5175,1.532,0,0,0,100,16.28,0.2568,404,200,1,0,0.3447,1,1,1,1,1,1,1,4,4,-1,[ OK ]
2170.2,4/13/2026 8:43:30 PM,4697,103.2,0.1477,120.1,0.399,0.5183,1.523,0,0,0,100,16.28,0.2573,404.3,200,1,0,0.3464,1,1,1,1,1,1,1,4,4,-1,[ OK ]
2170.8,4/13/2026 8:43:31 PM,4698,103.2,0.1474,121,0.401,0.5188,1.518,0,0,0,100,16.28,0.2581,404.4,200,1,0,0.3583,1,1,1,1,1,1,1,4,4,-1,[ OK ]
2171.4,4/13/2026 8:43:31 PM,4699,103.2,0.1476,120.2,0.3945,0.5184,1.523,0,0,0,100,16.28,0.2546,404,200,1,0,0.3503,1,1,1,1,1,1,1,4,4,-1,[ OK ]
2171.9,4/13/2026 8:43:32 PM,4699,103.2,0.1476,120.2,0.3979,0.518,1.527,0,0,0,100,16.28,0.2587,404.3,200,1,0,0.3502,1,1,1,1,1,1,1,4,4,-1,[ OK ]
2172.5,4/13/2026 8:43:32 PM,4700,103.2,0.1476,120.4,0.3918,0.5176,1.531,0,0,0,100,16.28,0.2572,404.3,200,1,0,0.3457,1,1,1,1,1,1,1,4,4,-1,[ OK ]
2173.1,4/13/2026 8:43:33 PM,4700,103.2,0.1476,120.3,0.3918,0.5178,1.529,0,0,0,100,16.28,0.2565,404,200,1,0,0.3548,1,1,1,1,1,1,1,4,4,-1,[ OK ]
2173.7,4/13/2026 8:43:34 PM,4701,103.2,0.1478,119.7,0.3925,0.5185,1.522,0,0,0,100,16.28,0.256,404,200,1,0,0.3466,1,1,1,1,1,1,1,4,4,-1,[ OK ]
2174.4,4/13/2026 8:43:34 PM,4702,103.2,0.1477,120.2,0.3975,0.5177,1.532,0,0,0,100,16.28,0.257,404.3,200,1,0,0.3455,1,1,1,1,1,1,1,4,4,-1,[ OK ]
2175.0,4/13/2026 8:43:35 PM,4702,103.2,0.1478,119.8,0.3981,0.5181,1.528,0,0,0,100,16.28,0.2581,404.4,200,1,0,0.3581,1,1,1,1,1,1,1,4,4,-1,[ OK ]
2175.9,4/13/2026 8:43:36 PM,4703,103.2,0.1479,119.3,0.3976,0.5186,1.523,0,0,0,100,16.28,0.2582,404.3,200,1,0,0.3445,1,1,1,1,1,1,1,4,4,-1,[ OK ]
2176.6,4/13/2026 8:43:36 PM,4704,103.2,0.1477,120.1,0.4024,0.5182,1.528,0,0,0,100,16.28,0.2595,404.2,200,1,0,0.3386,1,1,1,1,1,1,1,4,4,-1,[ OK ]
2177.3,4/13/2026 8:43:37 PM,4705,103.2,0.1476,120.2,0.3925,0.5181,1.529,0,0,0,100,16.28,0.2609,404,200,1,0,0.3409,1,1,1,1,1,1,1,4,4,-1,[ OK ]
2178.2,4/13/2026 8:43:38 PM,4705,103.2,0.1474,120.9,0.3918,0.5179,1.531,0,0,0,100,16.28,0.2591,404.2,200,1,0,0.3435,1,1,1,1,1,1,1,4,4,-1,[ OK ]
2178.8,4/13/2026 8:43:39 PM,4706,103.2,0.1479,119.4,0.4005,0.5178,1.532,0,0,0,100,16.28,0.261,404,200,1,0,0.3416,1,1,1,1,1,1,1,4,4,-1,[ OK ]
2179.5,4/13/2026 8:43:39 PM,4707,103.2,0.1477,119.9,0.3918,0.5178,1.533,0,0,0,100,16.28,0.2592,404,200,1,0,0.3475,1,1,1,1,1,1,1,4,4,-1,[ OK ]
2180.2,4/13/2026 8:43:40 PM,4707,103.2,0.1478,119.7,0.3959,0.5183,1.528,0,0,0,100,16.28,0.2602,403.9,200,1,0,0.3364,1,1,1,1,1,1,1,4,4,-1,[ OK ]
2180.9,4/13/2026 8:43:41 PM,4708,103.2,0.1476,120.2,0.3918,0.5177,1.534,0,0,0,100,16.28,0.2633,404.2,200,1,0,0.3384,1,1,1,1,1,1,1,4,4,-1,[ OK ]
2181.6,4/13/2026 8:43:41 PM,4709,103.2,0.1477,119.9,0.3992,0.5183,1.527,0,0,0,100,16.28,0.2639,404.2,200,1,0,0.345,1,1,1,1,1,1,1,4,4,-1,[ OK ]
2182.2,4/13/2026 8:43:42 PM,4709,103.2,0.1477,120,0.3993,0.5182,1.528,0,0,0,100,16.28,0.2639,404.2,200,1,0,0.3292,1,1,1,1,1,1,1,4,4,-1,[ OK ]
2182.8,4/13/2026 8:43:43 PM,4710,103.2,0.1476,120.1,0.392,0.5178,1.532,0,0,0,100,16.28,0.2652,404.3,200,1,0,0.3365,1,1,1,1,1,1,1,4,4,-1,[ OK ]
2183.5,4/13/2026 8:43:43 PM,4711,103.2,0.1477,119.8,0.3982,0.5182,1.527,0,0,0,100,16.28,0.2611,404.1,200,1,0,0.3442,1,1,1,1,1,1,1,4,4,-1,[ OK ]
2184.3,4/13/2026 8:43:44 PM,4711,103.2,0.1476,120.2,0.4057,0.5187,1.521,0,0,0,100,16.28,0.2639,404,200,1,0,0.3265,1,1,1,1,1,1,1,4,4,-1,[ OK ]
2184.9,4/13/2026 8:43:45 PM,4712,103.2,0.1475,120.6,0.3982,0.5187,1.522,0,0,0,100,16.28,0.2636,404.2,200,1,0,0.3321,1,1,1,1,1,1,1,4,4,-1,[ OK ]
2185.5,4/13/2026 8:43:45 PM,4713,103.2,0.1477,120,0.3918,0.5172,1.538,0,0,0,100,16.28,0.2637,404.3,200,1,0,0.33,1,1,1,1,1,1,1,4,4,-1,[ OK ]
2186.3,4/13/2026 8:43:46 PM,4714,103.2,0.1476,120.2,0.3999,0.5186,1.523,0,0,0,100,16.28,0.2611,404.2,200,1,0,0.3435,1,1,1,1,1,1,1,4,4,-1,[ OK ]
2187.0,4/13/2026 8:43:47 PM,4714,103.2,0.1478,119.8,0.3927,0.5176,1.535,0,0,0,100,16.28,0.2655,404.2,200,1,0,0.3371,1,1,1,1,1,1,1,4,4,-1,[ OK ]
2187.7,4/13/2026 8:43:47 PM,4715,103.2,0.1478,119.7,0.3984,0.5188,1.521,0,0,0,100,16.28,0.264,404,200,1,0,0.3404,1,1,1,1,1,1,1,4,4,-1,[ OK ]
2188.5,4/13/2026 8:43:48 PM,4716,103.2,0.1477,120.2,0.3957,0.5181,1.529,0,0,0,100,16.28,0.2633,403.9,200,1,0,0.3384,1,1,1,1,1,1,1,4,4,-1,[ OK ]
2189.2,4/13/2026 8:43:49 PM,4716,103.2,0.1478,120,0.4011,0.5189,1.521,0,0,0,100,16.28,0.2617,404.2,200,1,0,0.3403,1,1,1,1,1,1,1,4,4,-1,[ OK ]
2189.9,4/13/2026 8:43:50 PM,4717,103.2,0.1475,120.9,0.4003,0.5183,1.528,0,0,0,100,16.28,0.2614,404.2,200,1,0,0.3421,1,1,1,1,1,1,1,4,4,-1,[ OK ]
2190.7,4/13/2026 8:43:50 PM,4718,103.2,0.1477,120.2,0.4001,0.5181,1.53,0,0,0,100,16.28,0.2616,404.3,200,1,0,0.3376,1,1,1,1,1,1,1,4,4,-1,[ OK ]
2191.3,4/13/2026 8:43:51 PM,4719,103.2,0.1478,120,0.3967,0.5187,1.524,0,0,0,100,16.28,0.262,404.2,200,1,0,0.3389,1,1,1,1,1,1,1,4,4,-1,[ OK ]
2191.9,4/13/2026 8:43:52 PM,4719,103.2,0.1477,120.2,0.3921,0.5184,1.526,0,0,0,100,16.28,0.2618,404.1,200,1,0,0.3379,1,1,1,1,1,1,1,4,4,-1,[ OK ]
2192.5,4/13/2026 8:43:52 PM,4720,103.2,0.1478,119.9,0.395,0.5184,1.527,0,0,0,100,16.28,0.2623,404.2,200,1,0,0.3375,1,1,1,1,1,1,1,4,4,-1,[ OK ]
2193.1,4/13/2026 8:43:53 PM,4720,103.2,0.1476,120.4,0.4007,0.5173,1.539,0,0,0,100,16.28,0.2625,404,200,1,0,0.34,1,1,1,1,1,1,1,4,4,-1,[ OK ]
2193.7,4/13/2026 8:43:53 PM,4721,103.2,0.1478,119.9,0.399,0.5182,1.529,0,0,0,100,16.28,0.2614,404.2,200,1,0,0.343,1,1,1,1,1,1,1,4,4,-1,[ OK ]
2194.5,4/13/2026 8:43:54 PM,4722,103.2,0.1476,120.6,0.3984,0.5183,1.527,0,0,0,100,16.28,0.2617,404.1,200,1,0,0.3555,1,1,1,1,1,1,1,4,4,-1,[ OK ]
2195.1,4/13/2026 8:43:55 PM,4722,103.2,0.1479,119.6,0.394,0.5183,1.527,0,0,0,100,16.28,0.2611,404.1,200,1,0,0.3337,1,1,1,1,1,1,1,4,4,-1,[ OK ]
2195.8,4/13/2026 8:43:56 PM,4723,103.2,0.1478,119.9,0.3967,0.5174,1.537,0,0,0,100,16.28,0.2641,404,200,1,0,0.3332,1,1,1,1,1,1,1,4,4,-1,[ OK ]
2196.4,4/13/2026 8:43:56 PM,4724,103.2,0.1479,119.5,0.392,0.5187,1.523,0,0,0,100,16.28,0.2605,403.9,200,1,0,0.336,1,1,1,1,1,1,1,4,4,-1,[ OK ]
2197.0,4/13/2026 8:43:57 PM,4724,103.2,0.1479,119.4,0.3977,0.5188,1.522,0,0,0,100,16.28,0.2606,404.2,200,1,0,0.336,1,1,1,1,1,1,1,4,4,-1,[ OK ]
2197.6,4/13/2026 8:43:57 PM,4725,103.2,0.1477,120.3,0.3975,0.5185,1.524,0,0,0,100,16.28,0.26,404,200,1,0,0.3462,1,1,1,1,1,1,1,4,4,-1,[ OK ]
2198.2,4/13/2026 8:43:58 PM,4725,103.2,0.1478,120.1,0.4007,0.5182,1.528,0,0,0,100,16.28,0.259,404.1,200,1,0,0.3395,1,1,1,1,1,1,1,4,4,-1,[ OK ]
2198.9,4/13/2026 8:43:59 PM,4726,103.2,0.148,119.4,0.3985,0.5175,1.536,0,0,0,100,16.28,0.2598,404.2,200,1,0,0.3441,1,1,1,1,1,1,1,4,4,-1,[ OK ]
2199.7,4/13/2026 8:44:00 PM,4727,103.2,0.1479,119.8,0.3939,0.5182,1.527,0,0,0,100,16.28,0.2594,404.2,200,1,0,0.3437,1,1,1,1,1,1,1,4,4,-1,[ OK ]
2200.5,4/13/2026 8:44:00 PM,4728,103.2,0.1479,119.4,0.4032,0.5181,1.528,0,0,0,100,16.28,0.2613,404.2,200,1,0,0.3336,1,1,1,1,1,1,1,4,4,-1,[ OK ]
2201.5,4/13/2026 8:44:01 PM,4729,103.2,0.1475,120.9,0.3948,0.5185,1.525,0,0,0,100,16.28,0.2618,404,200,1,0,0.3317,1,1,1,1,1,1,1,4,4,-1,[ OK ]
2202.1,4/13/2026 8:44:02 PM,4729,103.2,0.1478,119.8,0.3965,0.5176,1.534,0,0,0,100,16.28,0.2618,404.2,200,1,0,0.3493,1,1,1,1,1,1,1,4,4,-1,[ OK ]
2202.8,4/13/2026 8:44:03 PM,4730,103.2,0.1477,120.2,0.3925,0.5182,1.527,0,0,0,100,16.28,0.261,404.2,200,1,0,0.3421,1,1,1,1,1,1,1,4,4,-1,[ OK ]
2203.4,4/13/2026 8:44:03 PM,4731,103.2,0.1478,119.9,0.3975,0.5174,1.536,0,0,0,100,16.28,0.2595,404,200,1,0,0.3393,1,1,1,1,1,1,1,4,4,-1,[ OK ]
2204.2,4/13/2026 8:44:04 PM,4731,103.2,0.1478,119.7,0.3989,0.5187,1.523,0,0,0,100,16.28,0.2601,404.2,200,1,0,0.3367,1,1,1,1,1,1,1,4,4,-1,[ OK ]
2204.8,4/13/2026 8:44:05 PM,4732,103.2,0.1477,120.1,0.3939,0.5184,1.525,0,0,0,100,16.28,0.2584,404.3,200,1,0,0.3457,1,1,1,1,1,1,1,4,4,-1,[ OK ]
2205.5,4/13/2026 8:44:05 PM,4733,103.2,0.1477,120.1,0.3918,0.518,1.528,0,0,0,100,16.28,0.262,404.3,200,1,0,0.3414,1,1,1,1,1,1,1,4,4,-1,[ OK ]
2206.1,4/13/2026 8:44:06 PM,4733,103.2,0.1478,119.9,0.4008,0.5178,1.531,0,0,0,100,16.28,0.2605,404.3,200,1,0,0.3356,1,1,1,1,1,1,1,4,4,-1,[ OK ]
2206.6,4/13/2026 8:44:06 PM,4734,103.2,0.1477,120.2,0.3923,0.5182,1.528,0,0,0,100,16.28,0.2592,404.3,200,1,0,0.3541,1,1,1,1,1,1,1,4,4,-1,[ OK ]
2207.3,4/13/2026 8:44:07 PM,4734,103.2,0.1478,120,0.3939,0.5179,1.53,0,0,0,100,16.28,0.2608,404.3,200,1,0,0.3456,1,1,1,1,1,1,1,4,4,-1,[ OK ]
2207.9,4/13/2026 8:44:08 PM,4735,103.2,0.1481,118.8,0.3953,0.5182,1.527,0,0,0,100,16.28,0.2593,404.3,200,1,0,0.3383,1,1,1,1,1,1,1,4,4,-1,[ OK ]
2208.5,4/13/2026 8:44:08 PM,4736,103.2,0.1478,120,0.3942,0.518,1.528,0,0,0,100,16.28,0.2603,404.1,200,1,0,0.3376,1,1,1,1,1,1,1,4,4,-1,[ OK ]
2209.2,4/13/2026 8:44:09 PM,4736,103.2,0.1477,120.4,0.3962,0.5179,1.53,0,0,0,100,16.28,0.2604,404,200,1,0,0.3557,1,1,1,1,1,1,1,4,4,-1,[ OK ]
2210.0,4/13/2026 8:44:10 PM,4737,103.2,0.1478,120.1,0.4012,0.5186,1.523,0,0,0,100,16.28,0.2601,403.9,200,1,0,0.3459,1,1,1,1,1,1,1,4,4,-1,[ OK ]
2210.6,4/13/2026 8:44:10 PM,4738,103.2,0.1478,119.8,0.3975,0.5183,1.525,0,0,0,100,16.28,0.2602,404.2,200,1,0,0.3503,1,1,1,1,1,1,1,4,4,-1,[ OK ]
2211.2,4/13/2026 8:44:11 PM,4738,103.2,0.1476,120.6,0.3942,0.5176,1.532,0,0,0,100,16.28,0.2583,404.3,200,1,0,0.341,1,1,1,1,1,1,1,4,4,-1,[ OK ]
2211.8,4/13/2026 8:44:12 PM,4739,103.2,0.1477,120.3,0.3978,0.519,1.518,0,0,0,100,16.28,0.2605,404.4,200,1,0,0.3427,1,1,1,1,1,1,1,4,4,-1,[ OK ]
2212.4,4/13/2026 8:44:12 PM,4740,103.2,0.1478,120.1,0.396,0.5183,1.525,0,0,0,100,16.28,0.2598,403.9,200,1,0,0.3427,1,1,1,1,1,1,1,4,4,-1,[ OK ]
2213.1,4/13/2026 8:44:13 PM,4740,103.2,0.148,119.4,0.3953,0.5186,1.522,0,0,0,100,16.28,0.2604,404.2,200,1,0,0.3394,1,1,1,1,1,1,1,4,4,-1,[ OK ]
2213.8,4/13/2026 8:44:14 PM,4741,103.2,0.1477,120.5,0.3973,0.5174,1.535,0,0,0,100,16.28,0.2604,404.2,200,1,0,0.351,1,1,1,1,1,1,1,4,4,-1,[ OK ]
2214.5,4/13/2026 8:44:14 PM,4742,103.2,0.1477,120.6,0.4052,0.5179,1.53,0,0,0,100,16.28,0.2617,404.3,200,1,0,0.3478,1,1,1,1,1,1,1,4,4,-1,[ OK ]
2215.3,4/13/2026 8:44:15 PM,4742,103.2,0.1481,119.3,0.3947,0.5174,1.535,0,0,0,100,16.28,0.2598,404.2,200,1,0,0.3485,1,1,1,1,1,1,1,4,4,-1,[ OK ]
2215.9,4/13/2026 8:44:16 PM,4743,103.2,0.1478,120.1,0.3939,0.5173,1.536,0,0,0,100,16.28,0.2613,404.2,200,1,0,0.3378,1,1,1,1,1,1,1,4,4,-1,[ OK ]
2216.6,4/13/2026 8:44:16 PM,4744,103.2,0.1478,120.1,0.3918,0.5178,1.532,0,0,0,100,16.28,0.2615,404.4,200,1,0,0.342,1,1,1,1,1,1,1,4,4,-1,[ OK ]
2217.2,4/13/2026 8:44:17 PM,4744,103.2,0.1476,120.7,0.3918,0.5178,1.532,0,0,0,100,16.28,0.262,404,200,1,0,0.3359,1,1,1,1,1,1,1,4,4,-1,[ OK ]
2217.8,4/13/2026 8:44:18 PM,4745,103.2,0.1478,120.1,0.4012,0.5179,1.53,0,0,0,100,16.28,0.2628,403.9,200,1,0,0.3312,1,1,1,1,1,1,1,4,4,-1,[ OK ]
2218.5,4/13/2026 8:44:18 PM,4746,103.2,0.148,119.4,0.393,0.518,1.53,0,0,0,100,16.28,0.2593,403.9,200,1,0,0.3417,1,1,1,1,1,1,1,4,4,-1,[ OK ]
2218.9,4/13/2026 8:44:19 PM,4746,103.2,0.1479,119.7,0.3977,0.5184,1.525,0,0,0,100,16.28,0.261,404,200,1,0,0.3523,1,1,1,1,1,1,1,4,4,-1,[ OK ]
2219.5,4/13/2026 8:44:19 PM,4747,103.2,0.1478,120,0.4015,0.518,1.53,0,0,0,100,16.28,0.2601,403.9,200,1,0,0.3485,1,1,1,1,1,1,1,4,4,-1,[ OK ]
2220.1,4/13/2026 8:44:20 PM,4747,103.2,0.1478,120,0.4001,0.5182,1.527,0,0,0,100,16.28,0.2605,404.1,200,1,0,0.3424,1,1,1,1,1,1,1,4,4,-1,[ OK ]
2220.8,4/13/2026 8:44:21 PM,4748,103.2,0.1477,120.4,0.4013,0.5174,1.535,0,0,0,100,16.28,0.2618,404,200,1,0,0.3417,1,1,1,1,1,1,1,4,4,-1,[ OK ]
2221.5,4/13/2026 8:44:21 PM,4749,103.2,0.1475,121.1,0.4002,0.5179,1.529,0,0,0,100,16.28,0.2591,403.9,200,1,0,0.3427,1,1,1,1,1,1,1,4,4,-1,[ OK ]
2222.0,4/13/2026 8:44:22 PM,4749,103.2,0.1478,120,0.3982,0.5178,1.53,0,0,0,100,16.28,0.2598,404.3,200,1,0,0.3576,1,1,1,1,1,1,1,4,4,-1,[ OK ]
2222.7,4/13/2026 8:44:23 PM,4750,103.2,0.1479,119.7,0.3921,0.5176,1.531,0,0,0,100,16.28,0.2587,404.4,200,1,0,0.3487,1,1,1,1,1,1,1,4,4,-1,[ OK ]
2223.4,4/13/2026 8:44:23 PM,4751,103.2,0.1479,119.8,0.3941,0.5176,1.533,0,0,0,100,16.28,0.2598,404.2,200,1,0,0.3501,1,1,1,1,1,1,1,4,4,-1,[ OK ]
2224.1,4/13/2026 8:44:24 PM,4751,103.2,0.148,119.7,0.3977,0.518,1.529,0,0,0,100,16.28,0.2603,404,200,1,0,0.3436,1,1,1,1,1,1,1,4,4,-1,[ OK ]
2224.6,4/13/2026 8:44:24 PM,4752,103.2,0.1477,120.6,0.3919,0.5182,1.527,0,0,0,100,16.28,0.2608,404,200,1,0,0.3471,1,1,1,1,1,1,1,4,4,-1,[ OK ]
2225.1,4/13/2026 8:44:25 PM,4752,103.2,0.1478,120.1,0.4012,0.5182,1.527,0,0,0,100,16.28,0.2592,403.9,200,1,0,0.3598,1,1,1,1,1,1,1,4,4,-1,[ OK ]
2225.7,4/13/2026 8:44:26 PM,4753,103.2,0.1479,119.9,0.4016,0.5189,1.519,0,0,0,100,16.28,0.2607,404.3,200,1,0,0.3431,1,1,1,1,1,1,1,4,4,-1,[ OK ]
2226.3,4/13/2026 8:44:26 PM,4754,103.2,0.1478,120.1,0.3982,0.5184,1.525,0,0,0,100,16.28,0.2572,404.2,200,1,0,0.3569,1,1,1,1,1,1,1,4,4,-1,[ OK ]
2227.0,4/13/2026 8:44:27 PM,4754,103.2,0.148,119.5,0.3993,0.5176,1.534,0,0,0,100,16.28,0.26,404.1,200,1,0,0.3417,1,1,1,1,1,1,1,4,4,-1,[ OK ]
2227.5,4/13/2026 8:44:27 PM,4755,103.2,0.148,119.6,0.3941,0.5184,1.526,0,0,0,100,16.28,0.2605,404.3,200,1,0,0.3527,1,1,1,1,1,1,1,4,4,-1,[ OK ]
2227.9,4/13/2026 8:44:28 PM,4755,103.2,0.1478,120.2,0.4028,0.5177,1.533,0,0,0,100,16.28,0.2578,404.2,200,1,0,0.3425,1,1,1,1,1,1,1,4,4,-1,[ OK ]
2228.5,4/13/2026 8:44:28 PM,4756,103.2,0.1479,119.8,0.3966,0.5188,1.521,0,0,0,100,16.28,0.2617,404.1,200,1,0,0.3435,1,1,1,1,1,1,1,4,4,-1,[ OK ]
2229.2,4/13/2026 8:44:29 PM,4756,103.2,0.1477,120.2,0.3965,0.5189,1.519,0,0,0,100,16.28,0.2601,404.2,200,1,0,0.3373,1,1,1,1,1,1,1,4,4,-1,[ OK ]
2229.9,4/13/2026 8:44:30 PM,4757,103.2,0.1478,120,0.4005,0.5178,1.531,0,0,0,100,16.28,0.26,404,200,1,0,0.3552,1,1,1,1,1,1,1,4,4,-1,[ OK ]
2230.5,4/13/2026 8:44:30 PM,4758,103.2,0.1479,119.7,0.3971,0.5182,1.526,0,0,0,100,16.28,0.2612,404,200,1,0,0.348,1,1,1,1,1,1,1,4,4,-1,[ OK ]
2231.0,4/13/2026 8:44:31 PM,4758,103.2,0.1478,120,0.3978,0.518,1.529,0,0,0,100,16.28,0.2618,404.1,200,1,0,0.3383,1,1,1,1,1,1,1,4,4,-1,[ OK ]
2231.6,4/13/2026 8:44:31 PM,4759,103.2,0.1478,120.2,0.3977,0.5185,1.525,0,0,0,100,16.28,0.2597,403.8,200,1,0,0.3551,1,1,1,1,1,1,1,4,4,-1,[ OK ]
2232.3,4/13/2026 8:44:32 PM,4759,103.2,0.1478,120,0.3988,0.5184,1.526,0,0,0,100,16.28,0.2604,404.3,200,1,0,0.3355,1,1,1,1,1,1,1,4,4,-1,[ OK ]
2232.9,4/13/2026 8:44:33 PM,4760,103.2,0.1478,120,0.397,0.5178,1.532,0,0,0,100,16.28,0.261,404.2,200,1,0,0.3339,1,1,1,1,1,1,1,4,4,-1,[ OK ]
2233.5,4/13/2026 8:44:33 PM,4761,103.2,0.1478,120,0.3968,0.5186,1.524,0,0,0,100,16.28,0.2604,404.1,200,1,0,0.351,1,1,1,1,1,1,1,4,4,-1,[ OK ]
2234.1,4/13/2026 8:44:34 PM,4761,103.2,0.1479,119.8,0.4013,0.5177,1.534,0,0,0,100,16.28,0.2595,404,200,1,0,0.3434,1,1,1,1,1,1,1,4,4,-1,[ OK ]
2234.8,4/13/2026 8:44:35 PM,4762,103.2,0.1476,120.7,0.3949,0.5183,1.528,0,0,0,100,16.28,0.2587,404.1,200,1,0,0.3576,1,1,1,1,1,1,1,4,4,-1,[ OK ]
2235.4,4/13/2026 8:44:35 PM,4763,103.2,0.1479,119.9,0.3979,0.5187,1.524,0,0,0,100,16.28,0.2604,403.8,200,1,0,0.3494,1,1,1,1,1,1,1,4,4,-1,[ OK ]
2236.0,4/13/2026 8:44:36 PM,4763,103.2,0.1478,120.2,0.396,0.5179,1.531,0,0,0,100,16.28,0.2581,403.9,200,1,0,0.3436,1,1,1,1,1,1,1,4,4,-1,[ OK ]
2236.6,4/13/2026 8:44:36 PM,4764,103.2,0.1479,119.8,0.3937,0.5183,1.527,0,0,0,100,16.28,0.2591,404.2,200,1,0,0.352,1,1,1,1,1,1,1,4,4,-1,[ OK ]
2237.1,4/13/2026 8:44:37 PM,4764,103.2,0.1479,119.9,0.4014,0.5187,1.522,0,0,0,100,16.28,0.26,404.3,200,1,0,0.3475,1,1,1,1,1,1,1,4,4,-1,[ OK ]
2237.7,4/13/2026 8:44:37 PM,4765,103.2,0.1476,120.7,0.3976,0.5179,1.53,0,0,0,100,16.28,0.2584,404.2,200,1,0,0.3593,1,1,1,1,1,1,1,4,4,-1,[ OK ]
2238.2,4/13/2026 8:44:38 PM,4765,103.2,0.1478,120.1,0.394,0.5182,1.527,0,0,0,100,16.28,0.2587,404.3,200,1,0,0.3452,1,1,1,1,1,1,1,4,4,-1,[ OK ]
2238.7,4/13/2026 8:44:39 PM,4766,103.2,0.1477,120.6,0.3985,0.5178,1.532,0,0,0,100,16.28,0.2575,403.9,200,1,0,0.3543,1,1,1,1,1,1,1,4,4,-1,[ OK ]
2239.2,4/13/2026 8:44:39 PM,4766,103.2,0.1477,120.5,0.3932,0.5175,1.537,0,0,0,100,16.28,0.2605,404.3,200,1,0,0.3439,1,1,1,1,1,1,1,4,4,-1,[ OK ]
2240.0,4/13/2026 8:44:40 PM,4767,103.2,0.1479,119.7,0.3918,0.5182,1.529,0,0,0,100,16.28,0.2594,404.1,200,1,0,0.343,1,1,1,1,1,1,1,4,4,-1,[ OK ]
2240.6,4/13/2026 8:44:40 PM,4768,103.2,0.1479,119.7,0.3942,0.5177,1.534,0,0,0,100,16.28,0.26,404.2,200,1,0,0.3414,1,1,1,1,1,1,1,4,4,-1,[ OK ]
2241.1,4/13/2026 8:44:41 PM,4768,103.2,0.1477,120.4,0.3982,0.5186,1.523,0,0,0,100,16.28,0.2586,404.2,200,1,0,0.349,1,1,1,1,1,1,1,4,4,-1,[ OK ]
2241.7,4/13/2026 8:44:42 PM,4769,103.2,0.148,119.6,0.3952,0.5179,1.531,0,0,0,100,16.28,0.2591,404.4,200,1,0,0.3528,1,1,1,1,1,1,1,4,4,-1,[ OK ]
2242.3,4/13/2026 8:44:42 PM,4770,103.2,0.1478,120.1,0.4008,0.5182,1.527,0,0,0,100,16.28,0.2586,404.1,200,1,0,0.344,1,1,1,1,1,1,1,4,4,-1,[ OK ]
2243.0,4/13/2026 8:44:43 PM,4770,103.2,0.1481,119.4,0.3982,0.518,1.529,0,0,0,100,16.28,0.2598,403.9,200,1,0,0.3512,1,1,1,1,1,1,1,4,4,-1,[ OK ]
2243.6,4/13/2026 8:44:43 PM,4771,103.2,0.1479,119.9,0.3962,0.5184,1.525,0,0,0,100,16.28,0.2605,403.8,200,1,0,0.3485,1,1,1,1,1,1,1,4,4,-1,[ OK ]
2244.0,4/13/2026 8:44:44 PM,4771,103.2,0.1478,120.5,0.3948,0.5182,1.527,0,0,0,100,16.28,0.2601,403.8,200,1,0,0.3467,1,1,1,1,1,1,1,4,4,-1,[ OK ]
2244.5,4/13/2026 8:44:44 PM,4772,103.2,0.148,119.9,0.4024,0.5183,1.526,0,0,0,100,16.28,0.2594,404,200,1,0,0.3526,1,1,1,1,1,1,1,4,4,-1,[ OK ]
2245.1,4/13/2026 8:44:45 PM,4772,103.2,0.148,119.7,0.3939,0.5173,1.536,0,0,0,100,16.28,0.2606,404.2,200,1,0,0.3503,1,1,1,1,1,1,1,4,4,-1,[ OK ]
2245.9,4/13/2026 8:44:46 PM,4773,103.2,0.1479,120,0.3974,0.518,1.529,0,0,0,100,16.28,0.2614,404.2,200,1,0,0.3475,1,1,1,1,1,1,1,4,4,-1,[ OK ]
2246.5,4/13/2026 8:44:46 PM,4774,103.2,0.1478,120.3,0.3968,0.5178,1.531,0,0,0,100,16.28,0.26,404.1,200,1,0,0.3366,1,1,1,1,1,1,1,4,4,-1,[ OK ]
2247.0,4/13/2026 8:44:47 PM,4774,103.2,0.1478,120.2,0.3981,0.518,1.529,0,0,0,100,16.28,0.2604,404.1,200,1,0,0.3481,1,1,1,1,1,1,1,4,4,-1,[ OK ]
2247.6,4/13/2026 8:44:47 PM,4775,103.2,0.1481,119.3,0.3982,0.5184,1.523,0,0,0,100,16.28,0.2615,403.9,200,1,0,0.342,1,1,1,1,1,1,1,4,4,-1,[ OK ]
2248.1,4/13/2026 8:44:48 PM,4775,103.2,0.1478,120.5,0.3937,0.5183,1.525,0,0,0,100,16.28,0.2608,403.9,200,1,0,0.3496,1,1,1,1,1,1,1,4,4,-1,[ OK ]
2248.7,4/13/2026 8:44:48 PM,4776,103.2,0.1478,120.4,0.3951,0.5173,1.538,0,0,0,100,16.28,0.2608,403.9,200,1,0,0.3429,1,1,1,1,1,1,1,4,4,-1,[ OK ]
2249.2,4/13/2026 8:44:49 PM,4776,103.2,0.1479,119.9,0.3918,0.5185,1.523,0,0,0,100,16.28,0.2627,403.8,200,1,0,0.3295,1,1,1,1,1,1,1,4,4,-1,[ OK ]
2249.6,4/13/2026 8:44:49 PM,4777,103.2,0.1479,119.9,0.399,0.5177,1.531,0,0,0,100,16.28,0.262,404.1,200,1,0,0.3418,1,1,1,1,1,1,1,4,4,-1,[ OK ]
2250.3,4/13/2026 8:44:50 PM,4778,103.2,0.1481,119.3,0.3935,0.5182,1.525,0,0,0,100,16.28,0.2605,404.2,200,1,0,0.3545,1,1,1,1,1,1,1,4,4,-1,[ OK ]
2250.9,4/13/2026 8:44:51 PM,4778,103.2,0.1479,119.9,0.3978,0.5171,1.537,0,0,0,100,16.28,0.261,404.2,200,1,0,0.3462,1,1,1,1,1,1,1,4,4,-1,[ OK ]
2251.5,4/13/2026 8:44:51 PM,4779,103.2,0.148,119.8,0.3948,0.518,1.528,0,0,0,100,16.28,0.26,404.3,200,1,0,0.35,1,1,1,1,1,1,1,4,4,-1,[ OK ]
2252.0,4/13/2026 8:44:52 PM,4779,103.2,0.1478,120.4,0.3976,0.5183,1.526,0,0,0,100,16.28,0.2601,404.2,200,1,0,0.3363,1,1,1,1,1,1,1,4,4,-1,[ OK ]
2252.6,4/13/2026 8:44:52 PM,4780,103.2,0.1479,120.1,0.3986,0.5182,1.527,0,0,0,100,16.28,0.2603,404,200,1,0,0.3454,1,1,1,1,1,1,1,4,4,-1,[ OK ]
2253.2,4/13/2026 8:44:53 PM,4780,103.2,0.1476,121.1,0.4005,0.5178,1.532,0,0,0,100,16.28,0.2603,403.9,200,1,0,0.34,1,1,1,1,1,1,1,4,4,-1,[ OK ]
2253.9,4/13/2026 8:44:54 PM,4781,103.2,0.1478,120.5,0.3964,0.5179,1.531,0,0,0,100,16.28,0.2595,404,200,1,0,0.3377,1,1,1,1,1,1,1,4,4,-1,[ OK ]
2254.6,4/13/2026 8:44:54 PM,4782,103.2,0.1479,120.1,0.397,0.5183,1.526,0,0,0,100,16.28,0.261,403.9,200,1,0,0.3386,1,1,1,1,1,1,1,4,4,-1,[ OK ]
2255.2,4/13/2026 8:44:55 PM,4782,103.2,0.148,119.8,0.4013,0.5172,1.538,0,0,0,100,16.28,0.2604,403.9,200,1,0,0.3473,1,1,1,1,1,1,1,4,4,-1,[ OK ]
2255.7,4/13/2026 8:44:56 PM,4783,103.2,0.1478,120.4,0.3981,0.5179,1.531,0,0,0,100,16.28,0.2611,404.1,200,1,0,0.3347,1,1,1,1,1,1,1,4,4,-1,[ OK ]
2256.3,4/13/2026 8:44:56 PM,4783,103.2,0.1479,120.1,0.3831,0.5176,1.534,0,0,0,100,16.28,0.2627,404.3,200,1,0,0.3329,1,1,1,1,1,1,1,4,4,-1,[ OK ]
2256.9,4/13/2026 8:44:57 PM,4784,103.2,0.1481,119.4,0.3951,0.5189,1.519,0,0,0,100,16.28,0.2607,404,200,1,0,0.3419,1,1,1,1,1,1,1,4,4,-1,[ OK ]
2257.6,4/13/2026 8:44:57 PM,4785,103.2,0.148,119.7,0.3921,0.5185,1.524,0,0,0,100,16.28,0.2616,404.2,200,1,0,0.335,1,1,1,1,1,1,1,4,4,-1,[ OK ]
2258.1,4/13/2026 8:44:58 PM,4785,103.2,0.1479,119.8,0.3941,0.5181,1.529,0,0,0,100,16.28,0.2612,404,200,1,0,0.3418,1,1,1,1,1,1,1,4,4,-1,[ OK ]
2258.8,4/13/2026 8:44:59 PM,4786,103.2,0.1479,120.1,0.3918,0.5183,1.527,0,0,0,100,16.28,0.2628,403.9,200,1,0,0.3322,1,1,1,1,1,1,1,4,4,-1,[ OK ]
2259.3,4/13/2026 8:44:59 PM,4786,103.2,0.148,119.7,0.3954,0.5173,1.536,0,0,0,100,16.28,0.2608,404.3,200,1,0,0.3443,1,1,1,1,1,1,1,4,4,-1,[ OK ]
2259.9,4/13/2026 8:45:00 PM,4787,103.2,0.1479,120,0.4036,0.5189,1.519,0,0,0,100,16.28,0.2614,404,200,1,0,0.3367,1,1,1,1,1,1,1,4,4,-1,[ OK ]
2260.5,4/13/2026 8:45:00 PM,4788,103.2,0.1479,119.9,0.4003,0.5181,1.528,0,0,0,100,16.28,0.26,404.2,200,1,0,0.3437,1,1,1,1,1,1,1,4,4,-1,[ OK ]
2260.9,4/13/2026 8:45:01 PM,4788,103.2,0.1478,120.4,0.395,0.5178,1.53,0,0,0,100,16.28,0.2618,404,200,1,0,0.354,1,1,1,1,1,1,1,4,4,-1,[ OK ]
2261.4,4/13/2026 8:45:01 PM,4789,103.2,0.1479,120.2,0.3978,0.518,1.529,0,0,0,100,16.28,0.2618,404,200,1,0,0.3452,1,1,1,1,1,1,1,4,4,-1,[ OK ]
2261.9,4/13/2026 8:45:02 PM,4789,103.2,0.1479,120.1,0.3921,0.5174,1.534,0,0,0,100,16.28,0.2627,404.1,200,1,0,0.3304,1,1,1,1,1,1,1,4,4,-1,[ OK ]
2262.5,4/13/2026 8:45:02 PM,4790,103.2,0.1477,120.7,0.3967,0.5183,1.524,0,0,0,100,16.28,0.2615,403.7,200,1,0,0.3326,1,1,1,1,1,1,1,4,4,-1,[ OK ]
2263.1,4/13/2026 8:45:03 PM,4790,103.2,0.1479,119.9,0.3918,0.5186,1.521,0,0,0,100,16.28,0.2584,403.8,200,1,0,0.345,1,1,1,1,1,1,1,4,4,-1,[ OK ]
2263.7,4/13/2026 8:45:04 PM,4791,103.2,0.148,119.7,0.3944,0.5171,1.538,0,0,0,100,16.28,0.2604,404.2,200,1,0,0.3459,1,1,1,1,1,1,1,4,4,-1,[ OK ]
2264.3,4/13/2026 8:45:04 PM,4791,103.2,0.1479,120.1,0.3936,0.5185,1.523,0,0,0,100,16.28,0.2612,404.3,200,1,0,0.3367,1,1,1,1,1,1,1,4,4,-1,[ OK ]
2264.9,4/13/2026 8:45:05 PM,4792,103.2,0.148,119.9,0.3942,0.5183,1.524,0,0,0,100,16.28,0.2625,404.1,200,1,0,0.3304,1,1,1,1,1,1,1,4,4,-1,[ OK ]
2265.5,4/13/2026 8:45:05 PM,4793,103.2,0.1477,120.5,0.3966,0.5183,1.526,0,0,0,100,16.28,0.2622,403.9,200,1,0,0.3375,1,1,1,1,1,1,1,4,4,-1,[ OK ]
2266.0,4/13/2026 8:45:06 PM,4793,103.2,0.148,119.7,0.402,0.5174,1.535,0,0,0,100,16.28,0.2616,403.9,200,1,0,0.3355,1,1,1,1,1,1,1,4,4,-1,[ OK ]
2266.5,4/13/2026 8:45:06 PM,4794,103.2,0.148,119.7,0.392,0.518,1.528,0,0,0,100,16.28,0.2594,403.9,200,1,0,0.3508,1,1,1,1,1,1,1,4,4,-1,[ OK ]
2267.1,4/13/2026 8:45:07 PM,4794,103.2,0.148,119.8,0.3931,0.5183,1.525,0,0,0,100,16.28,0.2614,403.9,200,1,0,0.337,1,1,1,1,1,1,1,4,4,-1,[ OK ]
2267.6,4/13/2026 8:45:07 PM,4795,103.2,0.1479,120.1,0.4024,0.5189,1.519,0,0,0,100,16.28,0.2597,403.8,200,1,0,0.3463,1,1,1,1,1,1,1,4,4,-1,[ OK ]
2268.1,4/13/2026 8:45:08 PM,4795,103.2,0.148,119.8,0.3957,0.5181,1.527,0,0,0,100,16.28,0.2577,404.2,200,1,0,0.3474,1,1,1,1,1,1,1,4,4,-1,[ OK ]
2268.7,4/13/2026 8:45:09 PM,4796,103.2,0.1479,120.2,0.3989,0.5179,1.53,0,0,0,100,16.28,0.2595,404.1,200,1,0,0.3535,1,1,1,1,1,1,1,4,4,-1,[ OK ]
2269.3,4/13/2026 8:45:09 PM,4796,103.2,0.1481,119.6,0.3971,0.518,1.528,0,0,0,100,16.28,0.2596,404.2,200,1,0,0.3463,1,1,1,1,1,1,1,4,4,-1,[ OK ]
2269.9,4/13/2026 8:45:10 PM,4797,103.2,0.1481,119.8,0.395,0.5176,1.532,0,0,0,100,16.28,0.2593,404.4,200,1,0,0.3429,1,1,1,1,1,1,1,4,4,-1,[ OK ]
2270.3,4/13/2026 8:45:10 PM,4798,103.2,0.1481,119.6,0.4054,0.5178,1.529,0,0,0,100,16.28,0.261,403.8,200,1,0,0.3496,1,1,1,1,1,1,1,4,4,-1,[ OK ]
2270.9,4/13/2026 8:45:11 PM,4798,103.2,0.148,119.9,0.4044,0.5184,1.524,0,0,0,100,16.28,0.2606,403.9,200,1,0,0.345,1,1,1,1,1,1,1,4,4,-1,[ OK ]
2271.5,4/13/2026 8:45:11 PM,4799,103.2,0.1476,121.1,0.3963,0.5181,1.528,0,0,0,100,16.28,0.2614,404.3,200,1,0,0.3329,1,1,1,1,1,1,1,4,4,-1,[ OK ]
2272.2,4/13/2026 8:45:12 PM,4799,103.2,0.148,119.9,0.3918,0.5181,1.527,0,0,0,100,16.28,0.2618,404.2,200,1,0,0.3409,1,1,1,1,1,1,1,4,4,-1,[ OK ]
2272.7,4/13/2026 8:45:12 PM,4800,103.2,0.148,119.7,0.395,0.5172,1.536,0,0,0,100,16.28,0.2626,404.1,200,1,0,0.3449,1,1,1,1,1,1,1,4,4,-1,[ OK ]
2273.2,4/13/2026 8:45:13 PM,4800,103.2,0.1479,120.2,0.3949,0.5182,1.525,0,0,0,100,16.28,0.2614,404.2,200,1,0,0.3441,1,1,1,1,1,1,1,4,4,-1,[ OK ]
2273.8,4/13/2026 8:45:14 PM,4801,103.2,0.148,119.7,0.3974,0.5176,1.532,0,0,0,100,16.28,0.2605,404.1,200,1,0,0.3386,1,1,1,1,1,1,1,4,4,-1,[ OK ]
2274.3,4/13/2026 8:45:14 PM,4802,103.2,0.148,119.7,0.4039,0.518,1.528,0,0,0,100,16.28,0.2604,404,200,1,0,0.3478,1,1,1,1,1,1,1,4,4,-1,[ OK ]
2274.9,4/13/2026 8:45:15 PM,4802,103.2,0.148,119.7,0.3931,0.5181,1.526,0,0,0,100,16.28,0.2616,403.8,200,1,0,0.3488,1,1,1,1,1,1,1,4,4,-1,[ OK ]
2275.4,4/13/2026 8:45:15 PM,4803,103.2,0.1479,120,0.3965,0.5185,1.524,0,0,0,100,16.28,0.262,403.9,200,1,0,0.3447,1,1,1,1,1,1,1,4,4,-1,[ OK ]
2275.9,4/13/2026 8:45:16 PM,4803,103.2,0.148,119.7,0.395,0.5183,1.525,0,0,0,100,16.28,0.2618,404.1,200,1,0,0.3435,1,1,1,1,1,1,1,4,4,-1,[ OK ]
2276.4,4/13/2026 8:45:16 PM,4804,103.2,0.1482,119.3,0.4013,0.5176,1.533,0,0,0,100,16.28,0.2607,404.2,200,1,0,0.3449,1,1,1,1,1,1,1,4,4,-1,[ OK ]
2277.0,4/13/2026 8:45:17 PM,4804,103.2,0.1481,119.7,0.3971,0.5184,1.524,0,0,0,100,16.28,0.2598,403.9,200,1,0,0.345,1,1,1,1,1,1,1,4,4,-1,[ OK ]
2277.6,4/13/2026 8:45:17 PM,4805,103.2,0.1481,119.7,0.3973,0.5176,1.533,0,0,0,100,16.28,0.261,404,200,1,0,0.3434,1,1,1,1,1,1,1,4,4,-1,[ OK ]
2278.1,4/13/2026 8:45:18 PM,4805,103.2,0.1481,119.5,0.3966,0.5181,1.528,0,0,0,100,16.28,0.2605,404.3,200,1,0,0.3411,1,1,1,1,1,1,1,4,4,-1,[ OK ]
2278.7,4/13/2026 8:45:19 PM,4806,103.2,0.1478,120.5,0.398,0.5176,1.534,0,0,0,100,16.28,0.2626,404.3,200,1,0,0.3394,1,1,1,1,1,1,1,4,4,-1,[ OK ]
2279.3,4/13/2026 8:45:19 PM,4807,103.2,0.148,119.8,0.3979,0.5181,1.527,0,0,0,100,16.28,0.2589,403.9,200,1,0,0.3443,1,1,1,1,1,1,1,4,4,-1,[ OK ]
2280.0,4/13/2026 8:45:20 PM,4807,103.2,0.1479,120.2,0.3923,0.518,1.528,0,0,0,100,16.28,0.2607,404,200,1,0,0.3507,1,1,1,1,1,1,1,4,4,-1,[ OK ]
2280.6,4/13/2026 8:45:20 PM,4808,103.2,0.148,119.8,0.4044,0.5179,1.53,0,0,0,100,16.28,0.2604,404.2,200,1,0,0.3499,1,1,1,1,1,1,1,4,4,-1,[ OK ]
2281.2,4/13/2026 8:45:21 PM,4808,103.2,0.1481,119.7,0.4057,0.5184,1.525,0,0,0,100,16.28,0.2613,404,200,1,0,0.3417,1,1,1,1,1,1,1,4,4,-1,[ OK ]
2281.8,4/13/2026 8:45:22 PM,4809,103.2,0.1479,120.2,0.4001,0.5181,1.527,0,0,0,100,16.28,0.2605,403.9,200,1,0,0.3428,1,1,1,1,1,1,1,4,4,-1,[ OK ]
2282.4,4/13/2026 8:45:22 PM,4810,103.2,0.1479,120.2,0.3918,0.5189,1.518,0,0,0,100,16.28,0.2623,403.9,200,1,0,0.347,1,1,1,1,1,1,1,4,4,-1,[ OK ]
2283.1,4/13/2026 8:45:23 PM,4810,103.2,0.1479,120.1,0.3992,0.5183,1.524,0,0,0,100,16.28,0.2649,404,200,1,0,0.3427,1,1,1,1,1,1,1,4,4,-1,[ OK ]
2283.6,4/13/2026 8:45:23 PM,4811,103.2,0.148,119.9,0.4066,0.5179,1.529,0,0,0,100,16.28,0.2642,404.1,200,1,0,0.3343,1,1,1,1,1,1,1,4,4,-1,[ OK ]
2284.2,4/13/2026 8:45:24 PM,4811,103.2,0.148,120,0.395,0.5186,1.522,0,0,0,100,16.28,0.2603,403.9,200,1,0,0.3497,1,1,1,1,1,1,1,4,4,-1,[ OK ]
2284.8,4/13/2026 8:45:25 PM,4812,103.2,0.148,119.9,0.3954,0.5177,1.532,0,0,0,100,16.28,0.2621,404.2,200,1,0,0.3403,1,1,1,1,1,1,1,4,4,-1,[ OK ]
2285.5,4/13/2026 8:45:25 PM,4813,103.2,0.148,120.1,0.3994,0.5176,1.534,0,0,0,100,16.28,0.2615,403.9,200,1,0,0.3443,1,1,1,1,1,1,1,4,4,-1,[ OK ]
2286.1,4/13/2026 8:45:26 PM,4813,103.2,0.1479,120.3,0.3954,0.5182,1.528,0,0,0,100,16.28,0.2598,404.3,200,1,0,0.3568,1,1,1,1,1,1,1,4,4,-1,[ OK ]
2286.7,4/13/2026 8:45:27 PM,4814,103.2,0.148,120.1,0.3981,0.518,1.531,0,0,0,100,16.28,0.2604,404.2,200,1,0,0.3424,1,1,1,1,1,1,1,4,4,-1,[ OK ]
2287.3,4/13/2026 8:45:27 PM,4815,103.2,0.1481,120,0.4007,0.5185,1.525,0,0,0,100,16.28,0.2611,403.9,200,1,0,0.3505,1,1,1,1,1,1,1,4,4,-1,[ OK ]
2287.9,4/13/2026 8:45:28 PM,4815,103.2,0.1481,120,0.401,0.5176,1.534,0,0,0,100,16.28,0.261,404.1,200,1,0,0.345,1,1,1,1,1,1,1,4,4,-1,[ OK ]
2288.7,4/13/2026 8:45:28 PM,4816,103.2,0.1484,119,0.3921,0.5187,1.523,0,0,0,100,16.28,0.2617,404.2,200,1,0,0.3449,1,1,1,1,1,1,1,4,4,-1,[ OK ]
2289.4,4/13/2026 8:45:29 PM,4817,103.2,0.1482,119.5,0.3977,0.5182,1.529,0,0,0,100,16.28,0.2601,404.3,200,1,0,0.3408,1,1,1,1,1,1,1,4,4,-1,[ OK ]
2290.0,4/13/2026 8:45:30 PM,4817,103.2,0.1481,119.7,0.3933,0.5181,1.529,0,0,0,100,16.28,0.2611,404.1,200,1,0,0.3369,1,1,1,1,1,1,1,4,4,-1,[ OK ]
2290.6,4/13/2026 8:45:30 PM,4818,103.2,0.1481,119.7,0.3922,0.5187,1.523,0,0,0,100,16.28,0.2617,404.2,200,1,0,0.3353,1,1,1,1,1,1,1,4,4,-1,[ OK ]
2291.3,4/13/2026 8:45:31 PM,4818,103.2,0.1478,120.7,0.3998,0.5186,1.522,0,0,0,100,16.28,0.2632,404,200,1,0,0.3416,1,1,1,1,1,1,1,4,4,-1,[ OK ]
2291.9,4/13/2026 8:45:32 PM,4819,103.2,0.1482,119.5,0.3993,0.5176,1.532,0,0,0,100,16.28,0.2618,404.1,200,1,0,0.3507,1,1,1,1,1,1,1,4,4,-1,[ OK ]
2292.5,4/13/2026 8:45:32 PM,4820,103.2,0.1481,120,0.3926,0.5189,1.518,0,0,0,100,16.28,0.265,404.1,200,1,0,0.3389,1,1,1,1,1,1,1,4,4,-1,[ OK ]
2293.1,4/13/2026 8:45:33 PM,4820,103.2,0.1479,120.5,0.4013,0.5186,1.523,0,0,0,100,16.28,0.262,404.2,200,1,0,0.3503,1,1,1,1,1,1,1,4,4,-1,[ OK ]
2293.8,4/13/2026 8:45:34 PM,4821,103.2,0.1483,119.4,0.4044,0.5174,1.536,0,0,0,100,16.28,0.2639,404.1,200,1,0,0.3294,1,1,1,1,1,1,1,4,4,-1,[ OK ]
2294.4,4/13/2026 8:45:34 PM,4822,103.2,0.148,120.2,0.4018,0.5177,1.532,0,0,0,100,16.28,0.2634,403.8,200,1,0,0.3295,1,1,1,1,1,1,1,4,4,-1,[ OK ]
2295.0,4/13/2026 8:45:35 PM,4822,103.2,0.148,120.3,0.4008,0.5181,1.528,0,0,0,100,16.28,0.2643,404.1,200,1,0,0.3401,1,1,1,1,1,1,1,4,4,-1,[ OK ]
2295.6,4/13/2026 8:45:35 PM,4823,103.2,0.1483,119.1,0.4015,0.5178,1.531,0,0,0,100,16.28,0.2623,404.3,200,1,0,0.3518,1,1,1,1,1,1,1,4,4,-1,[ OK ]
2296.2,4/13/2026 8:45:36 PM,4823,103.2,0.148,120,0.4034,0.5179,1.53,0,0,0,100,16.28,0.262,404.2,200,1,0,0.3345,1,1,1,1,1,1,1,4,4,-1,[ OK ]
2296.8,4/13/2026 8:45:37 PM,4824,103.2,0.148,120,0.3964,0.5184,1.525,0,0,0,100,16.28,0.2631,404.2,200,1,0,0.3423,1,1,1,1,1,1,1,4,4,-1,[ OK ]
2297.3,4/13/2026 8:45:37 PM,4825,103.2,0.1482,119.5,0.4013,0.5176,1.534,0,0,0,100,16.28,0.263,404,200,1,0,0.3435,1,1,1,1,1,1,1,4,4,-1,[ OK ]
2297.9,4/13/2026 8:45:38 PM,4825,103.2,0.148,120,0.4018,0.5184,1.525,0,0,0,100,16.28,0.2633,404.2,200,1,0,0.3468,1,1,1,1,1,1,1,4,4,-1,[ OK ]
2298.4,4/13/2026 8:45:38 PM,4826,103.2,0.1479,120.6,0.403,0.5188,1.521,0,0,0,100,16.28,0.264,403.9,200,1,0,0.3441,1,1,1,1,1,1,1,4,4,-1,[ OK ]
2299.0,4/13/2026 8:45:39 PM,4826,103.2,0.148,120.1,0.4045,0.5182,1.527,0,0,0,100,16.28,0.2642,404.2,200,1,0,0.3345,1,1,1,1,1,1,1,4,4,-1,[ OK ]
2299.6,4/13/2026 8:45:39 PM,4827,103.2,0.1482,119.7,0.3953,0.5185,1.524,0,0,0,100,16.28,0.2636,404.2,200,1,0,0.355,1,1,1,1,1,1,1,4,4,-1,[ OK ]
2300.2,4/13/2026 8:45:40 PM,4827,103.2,0.1484,119,0.4029,0.5176,1.534,0,0,0,100,16.28,0.2639,403.8,200,1,0,0.3423,1,1,1,1,1,1,1,4,4,-1,[ OK ]
2300.8,4/13/2026 8:45:41 PM,4828,103.2,0.148,120.2,0.4056,0.5184,1.525,0,0,0,100,16.28,0.2639,403.8,200,1,0,0.3437,1,1,1,1,1,1,1,4,4,-1,[ OK ]
2301.3,4/13/2026 8:45:41 PM,4829,103.2,0.148,120.2,0.3997,0.5187,1.521,0,0,0,100,16.28,0.2621,403.7,200,1,0,0.3491,1,1,1,1,1,1,1,4,4,-1,[ OK ]
2302.0,4/13/2026 8:45:42 PM,4829,103.2,0.1479,120.5,0.3964,0.5181,1.527,0,0,0,100,16.28,0.2629,404.1,200,1,0,0.3387,1,1,1,1,1,1,1,4,4,-1,[ OK ]
2302.6,4/13/2026 8:45:42 PM,4830,103.2,0.148,120.4,0.3946,0.518,1.529,0,0,0,100,16.28,0.2622,403.8,200,1,0,0.3309,1,1,1,1,1,1,1,4,4,-1,[ OK ]
2303.2,4/13/2026 8:45:43 PM,4830,103.2,0.148,120.3,0.395,0.5176,1.534,0,0,0,100,16.28,0.2629,403.8,200,1,0,0.3397,1,1,1,1,1,1,1,4,4,-1,[ OK ]
2303.8,4/13/2026 8:45:44 PM,4831,103.2,0.1481,120,0.4003,0.5183,1.527,0,0,0,100,16.28,0.2649,404.1,200,1,0,0.3262,1,1,1,1,1,1,1,4,4,-1,[ OK ]
2304.4,4/13/2026 8:45:44 PM,4832,103.2,0.148,120.2,0.4016,0.5173,1.537,0,0,0,100,16.28,0.2649,404.1,200,1,0,0.3413,1,1,1,1,1,1,1,4,4,-1,[ OK ]
2305.0,4/13/2026 8:45:45 PM,4832,103.2,0.1481,119.9,0.3981,0.518,1.531,0,0,0,100,16.28,0.264,404,200,1,0,0.3297,1,1,1,1,1,1,1,4,4,-1,[ OK ]
2305.6,4/13/2026 8:45:45 PM,4833,103.2,0.1481,120,0.3963,0.5186,1.523,0,0,0,100,16.28,0.2632,404,200,1,0,0.3371,1,1,1,1,1,1,1,4,4,-1,[ OK ]
2306.1,4/13/2026 8:45:46 PM,4833,103.2,0.148,120.2,0.4012,0.5182,1.527,0,0,0,100,16.28,0.262,403.9,200,1,0,0.3475,1,1,1,1,1,1,1,4,4,-1,[ OK ]
2306.7,4/13/2026 8:45:47 PM,4834,103.2,0.148,120.1,0.4016,0.5179,1.53,0,0,0,100,16.28,0.2636,403.8,200,1,0,0.3394,1,1,1,1,1,1,1,4,4,-1,[ OK ]
2307.3,4/13/2026 8:45:47 PM,4835,103.2,0.148,120.2,0.3958,0.5179,1.532,0,0,0,100,16.28,0.2645,403.7,200,1,0,0.3304,1,1,1,1,1,1,1,4,4,-1,[ OK ]
2308.0,4/13/2026 8:45:48 PM,4835,103.2,0.1481,119.7,0.3966,0.5186,1.524,0,0,0,100,16.28,0.2637,404.2,200,1,0,0.3415,1,1,1,1,1,1,1,4,4,-1,[ OK ]
2308.6,4/13/2026 8:45:48 PM,4836,103.2,0.1478,120.7,0.3971,0.5189,1.521,0,0,0,100,16.28,0.2625,404.1,200,1,0,0.3477,1,1,1,1,1,1,1,4,4,-1,[ OK ]
2309.2,4/13/2026 8:45:49 PM,4836,103.2,0.1479,120.4,0.3933,0.5181,1.529,0,0,0,100,16.28,0.2609,404.2,200,1,0,0.3409,1,1,1,1,1,1,1,4,4,-1,[ OK ]
2310.0,4/13/2026 8:45:50 PM,4837,103.2,0.148,120.3,0.4001,0.5186,1.523,0,0,0,100,16.28,0.2634,404.2,200,1,0,0.3399,1,1,1,1,1,1,1,4,4,-1,[ OK ]
2310.5,4/13/2026 8:45:50 PM,4838,103.2,0.1481,120,0.3993,0.5182,1.527,0,0,0,100,16.28,0.2645,403.9,200,1,0,0.3377,1,1,1,1,1,1,1,4,4,-1,[ OK ]
2311.1,4/13/2026 8:45:51 PM,4838,103.2,0.1481,119.9,0.4008,0.5186,1.522,0,0,0,100,16.28,0.262,404.1,200,1,0,0.3523,1,1,1,1,1,1,1,4,4,-1,[ OK ]
2311.7,4/13/2026 8:45:52 PM,4839,103.2,0.1474,122.2,0.4024,0.5186,1.522,0,0,0,100,16.28,0.2616,403.8,200,1,0,0.3325,1,1,1,1,1,1,1,4,4,-1,[ OK ]
2312.2,4/13/2026 8:45:52 PM,4839,103.2,0.1482,119.5,0.395,0.518,1.529,0,0,0,100,16.28,0.2617,404.1,200,1,0,0.3444,1,1,1,1,1,1,1,4,4,-1,[ OK ]
2312.9,4/13/2026 8:45:53 PM,4840,103.2,0.1481,119.8,0.403,0.5178,1.531,0,0,0,100,16.28,0.2599,404.1,200,1,0,0.3557,1,1,1,1,1,1,1,4,4,-1,[ OK ]
2313.4,4/13/2026 8:45:53 PM,4841,103.2,0.1481,119.9,0.3965,0.5175,1.535,0,0,0,100,16.28,0.2626,404.2,200,1,0,0.3378,1,1,1,1,1,1,1,4,4,-1,[ OK ]
2314.0,4/13/2026 8:45:54 PM,4841,103.2,0.1479,120.6,0.4006,0.5188,1.52,0,0,0,100,16.28,0.2612,403.8,200,1,0,0.3396,1,1,1,1,1,1,1,4,4,-1,[ OK ]
2314.6,4/13/2026 8:45:54 PM,4842,103.2,0.1481,119.9,0.4038,0.5175,1.534,0,0,0,100,16.28,0.2609,403.9,200,1,0,0.3524,1,1,1,1,1,1,1,4,4,-1,[ OK ]
2315.1,4/13/2026 8:45:55 PM,4842,103.2,0.1481,120.1,0.3918,0.5182,1.528,0,0,0,100,16.28,0.2606,404.2,200,1,0,0.3492,1,1,1,1,1,1,1,4,4,-1,[ OK ]
2315.7,4/13/2026 8:45:55 PM,4843,103.2,0.1481,120,0.399,0.5183,1.526,0,0,0,100,16.28,0.2621,404.3,200,1,0,0.3454,1,1,1,1,1,1,1,4,4,-1,[ OK ]
2316.3,4/13/2026 8:45:56 PM,4844,103.2,0.1481,120,0.3966,0.5186,1.523,0,0,0,100,16.28,0.2617,403.9,200,1,0,0.3424,1,1,1,1,1,1,1,4,4,-1,[ OK ]
2317.0,4/13/2026 8:45:57 PM,4844,103.2,0.148,120.1,0.4014,0.5183,1.525,0,0,0,100,16.28,0.2634,403.9,200,1,0,0.3436,1,1,1,1,1,1,1,4,4,-1,[ OK ]
2317.7,4/13/2026 8:45:58 PM,4845,103.2,0.148,120.2,0.4052,0.518,1.53,0,0,0,100,16.28,0.2605,404,200,1,0,0.3439,1,1,1,1,1,1,1,4,4,-1,[ OK ]
2318.3,4/13/2026 8:45:58 PM,4845,103.2,0.148,120.1,0.3996,0.5175,1.536,0,0,0,100,16.28,0.2613,403.9,200,1,0,0.3502,1,1,1,1,1,1,1,4,4,-1,[ OK ]
2319.0,4/13/2026 8:45:59 PM,4846,103.2,0.1481,119.7,0.4043,0.5174,1.537,0,0,0,100,16.28,0.263,404.2,200,1,0,0.3523,1,1,1,1,1,1,1,4,4,-1,[ OK ]
2320.2,4/13/2026 8:46:00 PM,4847,103.2,0.1481,119.8,0.397,0.5178,1.533,0,0,0,100,16.28,0.261,404.2,200,1,0,0.3477,1,1,1,-1,1,1,1,3.875,4,3,[ OK ]
2322.0,4/13/2026 8:46:02 PM,4849,103.2,0,54.61,0.04543,0.5183,1.53,0,0,0,100,16.28,0.2153,404.1,200,1,0,0,1,0,1,-1,1,0,1,3.625,4,3,[ OK ]
2323.8,4/13/2026 8:46:04 PM,4850,103.2,0,8.15,0.04205,0.5185,1.524,0,0,0,100,16.28,0.2164,404.2,200,1,0,0,1,0,1,-1,1,0,1,3.25,4,3,[ OK ]
2325.6,4/13/2026 8:46:05 PM,4852,103.2,0,2.817,0.04176,0.5177,1.531,0,0,0,100,16.28,0.002498,0.4314,200,0,0,0,1,0,1,-1,1,0,3,3,3,-1,[ OK ]
2327.8,4/13/2026 8:46:08 PM,4855,103.2,0,1.48,0.04186,0.5177,1.531,0,0,0,100,16.28,0.0029,0,200,0,0,0,1,0,1,-1,1,0,4,3,3,-1,[ OK ]
2328.9,4/13/2026 8:46:09 PM,4856,103.2,0,1.56,0.04533,0.5177,1.531,0,0,0,100,16.28,0.00145,0.01269,200,0,0,0,1,0,1,-1,1,0,4,3,3,-1,[ OK ]
2329.5,4/13/2026 8:46:09 PM,4857,103.2,0,0.8118,0.04235,0.5183,1.525,0,0,0,100,16.28,0.00278,0,200,0,0,0,1,0,1,-1,1,0,4,3,3,-1,[ OK ]
2330.1,4/13/2026 8:46:10 PM,4857,103.2,0,1.019,0.04176,0.5176,1.534,0,0,0,100,16.28,0.0029,0,200,0,0,0,1,0,1,-1,1,0,4,3,3,-1,[ OK ]
2330.7,4/13/2026 8:46:11 PM,4858,103.2,0,1.417,0.04265,0.5176,1.534,0,0,0,100,16.28,0.001692,0,200,0,0,0,1,0,1,-1,1,0,4,3,3,-1,[ OK ]
2331.3,4/13/2026 8:46:11 PM,4858,103.2,0,1.098,0.04057,0.5178,1.531,0,0,0,100,16.28,0.00282,0.006345,200,0,0,0,1,0,1,-1,1,0,4,3,3,-1,[ OK ]
2331.8,4/13/2026 8:46:12 PM,4859,103.2,0,1.512,0.04166,0.5178,1.531,0,0,0,100,16.28,0.001732,0.006345,200,0,0,0,1,0,1,-1,1,0,4,3,3,-1,[ OK ]
2332.4,4/13/2026 8:46:12 PM,4860,103.2,0,1.321,0.04166,0.5176,1.533,0,0,0,100,16.28,0.00423,0,200,0,0,0,1,0,1,-1,1,0,4,3,3,-1,[ OK ]
2332.9,4/13/2026 8:46:13 PM,4860,103.2,0,1.512,0.04215,0.5183,1.526,0,0,0,100,16.28,0.003908,0,200,0,0,0,1,0,1,-1,1,0,4,3,3,-1,[ OK ]
2333.5,4/13/2026 8:46:13 PM,4861,103.2,0,0.8914,0.04096,0.5176,1.534,0,0,0,100,16.28,0.00282,0,200,0,0,0,1,0,1,-1,1,0,4,3,3,-1,[ OK ]
2334.0,4/13/2026 8:46:14 PM,4861,103.2,0,1.273,0.04245,0.5183,1.526,0,0,0,100,16.28,0.003102,0,200,0,0,0,1,0,1,-1,1,0,4,3,3,-1,[ OK ]
2334.6,4/13/2026 8:46:14 PM,4862,103.2,0,1.512,0.03947,0.5181,1.528,0,0,0,100,16.28,0.0029,0,200,0,0,0,1,0,1,-1,1,0,4,3,3,-1,[ OK ]
2335.1,4/13/2026 8:46:15 PM,4862,103.2,0,1.751,0.04186,0.5182,1.527,0,0,0,100,16.28,0.002457,0,200,0,0,0,1,0,1,-1,1,0,4,3,3,-1,[ OK ]
2336.2,4/13/2026 8:46:16 PM,4863,103.2,0,1.289,0.03967,0,0.009265,0,0,0,100,16.28,0.003021,0,200,0,0,0,1,0,1,-1,1,0,4,2,3,2,[ OK ]
2647.5,4/13/2026 8:51:27 PM,5174,103.2,0,0.9391,0.04265,0,0.01188,0,0,0,100,16.28,0.002578,0.09517,200,0,0,0,1,0,1,-1,1,0,4,2.25,2,3,[ OK ]
2649.2,4/13/2026 8:51:29 PM,5176,103.2,0,1.385,0.04225,0.2516,0.2159,0,0,0,100,16.28,0.002618,0,200,0,0,0,1,0,1,-1,1,0,4,3,2,3,[ OK ]
2651.1,4/13/2026 8:51:31 PM,5178,103.2,0,1.194,0.04096,0.3707,0.8987,0,0,0,100,16.28,0.002417,0,200,0,0,0,1,0,1,-1,1,0,4,3,3,-1,[ OK ]
2652.4,4/13/2026 8:51:32 PM,5180,103.2,0,1.146,0.04195,0.4239,1.194,0,0,0,100,16.28,0.002296,0,200,0,0,0,1,0,1,-1,1,0,4,3,3,-1,[ OK ]
2653.2,4/13/2026 8:51:33 PM,5180,103.2,0,1.019,0.04176,0.4369,1.273,0,0,0,100,16.28,0.00282,0,200,0,0,0,1,0,1,-1,1,0,4,3,3,-1,[ OK ]
2654.0,4/13/2026 8:51:34 PM,5181,103.2,0,1.082,0.04285,0.4475,1.328,0,0,0,100,16.28,0.00282,0,200,0,0,0,1,0,1,-1,1,0,4,3,3,-1,[ OK ]
2654.5,4/13/2026 8:51:34 PM,5182,103.2,0,1.051,0.03898,0.4537,1.358,0,0,0,100,16.28,0.0029,0,200,0,0,0,1,0,1,-1,1,0,4,3,3,-1,[ OK ]
2655.2,4/13/2026 8:51:35 PM,5182,103.2,0,0.971,0.04493,0.459,1.395,0,0,0,100,16.28,0.003867,0.02538,200,0,0,0,1,0,1,-1,1,0,4,3,3,-1,[ OK ]
2656.5,4/13/2026 8:51:36 PM,5183,103.2,0,1.003,0.04215,0.464,1.42,0,0,0,100,16.28,0.003062,0,200,0,0,0,1,0,1,-1,1,0,4,3.053,3,4,[ OK ]
2658.3,4/13/2026 8:51:38 PM,5185,103.2,0,1.162,0.04305,0.4731,1.47,0,0,0,100,16.28,0.2185,404.1,200,0,0,0,1,0,1,-1,1,0,1,3.211,3,4,[ OK ]
2660.1,4/13/2026 8:51:40 PM,5187,103.2,0,1.051,0.04275,0.4791,1.495,0,0,0,100,16.28,0.2179,404.2,200,0,0,0,1,0,1,-1,1,0,1,3.316,3,4,[ OK ]
2661.7,4/13/2026 8:51:42 PM,5188,103.2,0,0.5571,0.04572,0.4825,1.504,0,0,0,100,16.28,0.2176,404.1,200,1,0,0,1,0,1,-1,1,0,1,3.474,3,4,[ OK ]
2663.3,4/13/2026 8:51:43 PM,5190,103.2,0.02902,15.11,0.04741,0.4838,1.519,0,0,0,100,16.28,0.2185,404.3,200,1,0,-1,1,0,1,-1,1,1,1,3.632,3,4,[ OK ]
2664.9,4/13/2026 8:51:45 PM,5191,103.2,0.03684,30.07,0.04731,0.4868,1.512,0,0,0,100,16.28,0.2191,404,200,1,0,-1,1,0,1,-1,1,1,1,3.684,3,4,[ OK ]
2666.3,4/13/2026 8:51:46 PM,5193,103.2,0.0414,37.55,0.04612,0.6157,2.203,0,0,0,100,16.28,0.2193,404.4,200,1,0,-1,1,0,1,-1,1,1,1,3.789,3,4,[ OK ]
2667.7,4/13/2026 8:51:47 PM,5194,103.2,0.04427,42.13,0.0482,0.6617,2.439,0,0,0,100,16.28,0.2185,404.4,200,1,0,-1,1,0,1,-1,1,1,1,3.789,3,4,[ OK ]
2668.5,4/13/2026 8:51:48 PM,5196,103.2,0.04526,45.6,0.04731,0.6858,2.539,0,0,0,100,16.28,0.2179,404,200,1,0,-1,1,0,1,-1,1,1,1,3.789,3,4,[ OK ]
2669.3,4/13/2026 8:51:49 PM,5196,103.2,0.04633,45.73,0.04741,0.699,2.587,0,0,0,100,16.28,0.2171,404.4,200,1,0,-1,1,0,1,-1,1,1,1,3.789,3,4,[ OK ]
2670.2,4/13/2026 8:51:50 PM,5197,103.2,0.04619,48.9,0.04662,0.7092,2.63,0,0,0,100,16.28,0.2169,404.3,200,1,0,-1,1,0,1,-1,1,1,1,3.789,3,4,[ OK ]
2670.9,4/13/2026 8:51:51 PM,5198,103.2,0.04676,48.9,0.04682,0.7166,2.661,0,0,0,100,16.28,0.2183,404.2,200,1,0,-1,1,0,1,-1,1,1,1,3.789,3,4,[ OK ]
2671.7,4/13/2026 8:51:51 PM,5199,103.2,0.04709,48.9,0.05158,0.7243,2.682,0,0,0,100,16.28,0.2175,404.2,200,1,0,-1,1,0,1,-1,1,1,1,3.789,3,4,[ OK ]
2672.5,4/13/2026 8:51:52 PM,5200,103.2,0.04738,48.9,0.04711,0.7301,2.697,0,0,0,100,16.28,0.2174,404.3,200,1,0,-1,1,0,1,-1,1,1,1,3.789,3,4,[ OK ]
2673.4,4/13/2026 8:51:53 PM,5201,103.2,0.04785,48.33,0.04721,0.7364,2.716,0,0,0,100,16.28,0.2194,404.2,200,1,0,-1,1,0,1,-1,1,1,1,3.789,3,4,[ OK ]
2674.2,4/13/2026 8:51:54 PM,5201,103.2,0.04787,49.01,0.04672,0.7418,2.715,0,0,0,100,16.28,0.2175,404.1,200,1,0,-1,1,0,1,-1,1,1,1,3.789,3,4,[ OK ]
2675.0,4/13/2026 8:51:55 PM,5202,103.2,0.04793,49.5,0.04572,0.7457,2.733,0,0,0,100,16.28,0.2183,404.1,200,1,0,-1,1,0,1,-1,1,1,1,3.789,3,4,[ OK ]
2675.8,4/13/2026 8:51:56 PM,5203,103.2,0.04797,49.92,0.04582,0.7505,2.735,0,0,0,100,16.28,0.2182,404.2,200,1,0,-1,1,0,1,-1,1,1,1,3.789,3,4,[ OK ]
2676.5,4/13/2026 8:51:56 PM,5204,103.2,0.04826,49.38,0.04562,0.7532,2.743,0,0,0,100,16.28,0.2181,404.5,200,1,0,-1,1,0,1,-1,1,1,1,3.789,3,4,[ OK ]
2677.3,4/13/2026 8:51:57 PM,5204,103.2,0.04831,49.52,0.05217,0.7569,2.744,0,0,0,100,16.28,0.2185,404.5,200,1,0,-1,1,0,1,-1,1,1,1,3.789,3,4,[ OK ]
2678.7,4/13/2026 8:51:59 PM,5205,103.2,0.04873,48.9,0.1564,0.761,2.744,0,0,0,100,16.28,0.2262,404.2,200,1,0,-0.3762,1,1,1,-1,1,1,1,3.947,3,4,[ OK ]
2680.3,4/13/2026 8:52:00 PM,5207,103.2,0.05148,46.96,0.1188,0.6108,1.997,0,0,0,100,16.28,0.2265,404.4,200,1,0,-0.6429,1,1,1,1,1,1,1,4,4,-1,[ OK ]
2682.9,4/13/2026 8:52:03 PM,5210,103.2,0.06573,55,0.1379,0.5565,1.721,0,0,0,100,16.28,0.2333,404.3,200,1,0,-0.6919,1,1,1,1,1,1,1,4,4,-1,[ OK ]
2684.1,4/13/2026 8:52:04 PM,5211,103.2,0.07872,65.2,0.1396,0.5415,1.659,0,0,0,100,16.28,0.2335,404.3,200,1,0,-0.6729,1,1,1,1,1,1,1,4,4,-1,[ OK ]
2685.1,4/13/2026 8:52:05 PM,5212,103.2,0.09178,71.06,0.1539,0.5382,1.626,0,0,0,100,16.28,0.2372,404.3,200,1,0,-0.5464,1,1,1,1,1,1,1,4,4,-1,[ OK ]
2685.8,4/13/2026 8:52:06 PM,5213,103.2,0.1038,81.82,0.1678,0.5315,1.599,0,0,0,100,16.28,0.2407,404.2,200,1,0,-0.4532,1,1,1,1,1,1,1,4,4,-1,[ OK ]
2686.4,4/13/2026 8:52:06 PM,5214,103.2,0.1085,87.48,0.1771,0.5291,1.587,0,0,0,100,16.28,0.2421,404.3,200,1,0,-0.3931,1,1,1,1,1,1,1,4,4,-1,[ OK ]
2687.0,4/13/2026 8:52:07 PM,5214,103.2,0.1125,92.37,0.1887,0.5267,1.581,0,0,0,100,16.28,0.2426,404,200,1,0,-0.286,1,1,1,1,1,1,1,4,4,-1,[ OK ]
2687.7,4/13/2026 8:52:07 PM,5215,103.2,0.1161,95.89,0.3657,0.5251,1.573,0,0,0,100,16.28,0.2581,404.1,200,1,0,0.2958,1,1,1,1,1,1,1,4,4,-1,[ OK ]
2688.3,4/13/2026 8:52:08 PM,5216,103.2,0.1201,97.8,0.3727,0.5247,1.555,0,0,0,100,16.28,0.2593,404.1,200,1,0,0.2992,1,1,1,1,1,1,1,4,4,-1,[ OK ]
2689.0,4/13/2026 8:52:09 PM,5216,103.2,0.1245,98.8,0.3806,0.5232,1.55,0,0,0,100,16.28,0.2608,403.9,200,1,0,0.3101,1,1,1,1,1,1,1,4,4,-1,[ OK ]
2689.7,4/13/2026 8:52:10 PM,5217,103.2,0.1279,101.8,0.3918,0.5218,1.549,0,0,0,100,16.28,0.2606,403.9,200,1,0,0.3348,1,1,1,1,1,1,1,4,4,-1,[ OK ]
2690.4,4/13/2026 8:52:10 PM,5218,103.2,0.1306,103.8,0.3849,0.5209,1.547,0,0,0,100,16.28,0.2615,404.3,200,1,0,0.3327,1,1,1,1,1,1,1,4,4,-1,[ OK ]
2691.1,4/13/2026 8:52:11 PM,5218,103.2,0.1331,106.1,0.3918,0.52,1.547,0,0,0,100,16.28,0.2623,404.3,200,1,0,0.3464,1,1,1,1,1,1,1,4,4,-1,[ OK ]
2691.7,4/13/2026 8:52:12 PM,5219,103.3,0.1352,107.2,0.3978,0.5201,1.54,0,0,0,100,16.28,0.2639,404.3,200,1,0,0.3265,1,1,1,1,1,1,1,4,4,-1,[ OK ]
2692.4,4/13/2026 8:52:12 PM,5220,103.3,0.1371,109.1,0.3923,0.5199,1.535,0,0,0,100,16.28,0.2639,404.4,200,1,0,0.329,1,1,1,1,1,1,1,4,4,-1,[ OK ]
2693.1,4/13/2026 8:52:13 PM,5220,103.3,0.1384,110.8,0.3929,0.5193,1.535,0,0,0,100,16.28,0.2652,404,200,1,0,0.3231,1,1,1,1,1,1,1,4,4,-1,[ OK ]
2693.7,4/13/2026 8:52:13 PM,5221,103.3,0.1395,112.4,0.3943,0.5196,1.528,0,0,0,100,16.28,0.2645,404.1,200,1,0,0.3267,1,1,1,1,1,1,1,4,4,-1,[ OK ]
2694.2,4/13/2026 8:52:14 PM,5221,103.3,0.1404,112.8,0.4032,0.5191,1.529,0,0,0,100,16.28,0.2635,404,200,1,0,0.3295,1,1,1,1,1,1,1,4,4,-1,[ OK ]
2694.8,4/13/2026 8:52:15 PM,5222,103.3,0.1412,114.1,0.3918,0.5186,1.534,0,0,0,100,16.28,0.264,404,200,1,0,0.3375,1,1,1,1,1,1,1,4,4,-1,[ OK ]
2695.6,4/13/2026 8:52:15 PM,5223,103.3,0.1423,114.4,0.3987,0.5187,1.53,0,0,0,100,16.28,0.2656,404.2,200,1,0,0.3276,1,1,1,1,1,1,1,4,4,-1,[ OK ]
2696.2,4/13/2026 8:52:16 PM,5223,103.3,0.143,115.1,0.3987,0.5183,1.533,0,0,0,100,16.28,0.2641,403.9,200,1,0,0.3471,1,1,1,1,1,1,1,4,4,-1,[ OK ]
2696.8,4/13/2026 8:52:17 PM,5224,103.3,0.1435,116.1,0.3931,0.5192,1.521,0,0,0,100,16.28,0.2634,404.3,200,1,0,0.3359,1,1,1,1,1,1,1,4,4,-1,[ OK ]
2697.3,4/13/2026 8:52:17 PM,5225,103.3,0.1439,116.6,0.4077,0.5183,1.53,0,0,0,100,16.28,0.2667,404.1,200,1,0,0.3341,1,1,1,1,1,1,1,4,4,-1,[ OK ]
2697.8,4/13/2026 8:52:18 PM,5225,103.3,0.1445,116.4,0.4019,0.518,1.532,0,0,0,100,16.28,0.2644,404.3,200,1,0,0.3488,1,1,1,1,1,1,1,4,4,-1,[ OK ]
2698.4,4/13/2026 8:52:18 PM,5226,103.3,0.1447,117.2,0.4027,0.5167,1.547,0,0,0,100,16.28,0.2636,404.2,200,1,0,0.3457,1,1,1,1,1,1,1,4,4,-1,[ OK ]
2698.9,4/13/2026 8:52:19 PM,5226,103.3,0.145,117.6,0.3975,0.5184,1.527,0,0,0,100,16.28,0.263,404.2,200,1,0,0.3478,1,1,1,1,1,1,1,4,4,-1,[ OK ]
2699.4,4/13/2026 8:52:19 PM,5227,103.3,0.1455,117.4,0.4027,0.518,1.532,0,0,0,100,16.28,0.263,404.4,200,1,0,0.3482,1,1,1,1,1,1,1,4,4,-1,[ OK ]
2700.0,4/13/2026 8:52:20 PM,5227,103.3,0.1458,117.9,0.3958,0.5179,1.532,0,0,0,100,16.28,0.2637,404,200,1,0,0.3375,1,1,1,1,1,1,1,4,4,-1,[ OK ]
2700.4,4/13/2026 8:52:20 PM,5228,103.3,0.1458,118.5,0.4017,0.5182,1.528,0,0,0,100,16.28,0.2657,404.2,200,1,0,0.3435,1,1,1,1,1,1,1,4,4,-1,[ OK ]
2701.1,4/13/2026 8:52:21 PM,5228,103.3,0.1461,118.4,0.3981,0.518,1.53,0,0,0,100,16.28,0.2654,404.2,200,1,0,0.3347,1,1,1,1,1,1,1,4,4,-1,[ OK ]
2701.7,4/13/2026 8:52:21 PM,5229,103.3,0.1462,119.1,0.4023,0.5187,1.521,0,0,0,100,16.28,0.2645,404,200,1,0,0.3415,1,1,1,1,1,1,1,4,4,-1,[ OK ]
2702.3,4/13/2026 8:52:22 PM,5230,103.3,0.1466,118.6,0.4023,0.5184,1.523,0,0,0,100,16.28,0.2658,404.3,200,1,0,0.3399,1,1,1,1,1,1,1,4,4,-1,[ OK ]
2702.8,4/13/2026 8:52:23 PM,5230,103.3,0.1467,118.9,0.4078,0.517,1.537,0,0,0,100,16.28,0.2665,404,200,1,0,0.3331,1,1,1,1,1,1,1,4,4,-1,[ OK ]
2703.3,4/13/2026 8:52:23 PM,5231,103.3,0.1468,119.2,0.411,0.5188,1.519,0,0,0,100,16.28,0.2657,404.2,200,1,0,0.3441,1,1,1,1,1,1,1,4,4,-1,[ OK ]
2703.9,4/13/2026 8:52:24 PM,5231,103.3,0.1467,119.9,0.4096,0.5174,1.533,0,0,0,100,16.28,0.2664,404,200,1,0,0.3484,1,1,1,1,1,1,1,4,4,-1,[ OK ]
2704.4,4/13/2026 8:52:24 PM,5232,103.3,0.1468,120.1,0.4036,0.5179,1.528,0,0,0,100,16.28,0.2665,404,200,1,0,0.3431,1,1,1,1,1,1,1,4,4,-1,[ OK ]
2704.9,4/13/2026 8:52:25 PM,5232,103.3,0.1471,119.3,0.4101,0.5171,1.537,0,0,0,100,16.28,0.2642,404.3,200,1,0,0.3428,1,1,1,1,1,1,1,4,4,-1,[ OK ]
2705.3,4/13/2026 8:52:25 PM,5233,103.3,0.1471,119.6,0.4069,0.518,1.527,0,0,0,100,16.28,0.2662,404.3,200,1,0,0.342,1,1,1,1,1,1,1,4,4,-1,[ OK ]
2705.8,4/13/2026 8:52:26 PM,5233,103.3,0.1472,119.8,0.4013,0.5181,1.526,0,0,0,100,16.28,0.2655,404.1,200,1,0,0.3388,1,1,1,1,1,1,1,4,4,-1,[ OK ]
2706.4,4/13/2026 8:52:26 PM,5234,103.3,0.1475,119,0.4065,0.5174,1.534,0,0,0,100,16.28,0.2643,404,200,1,0,0.3485,1,1,1,1,1,1,1,4,4,-1,[ OK ]
2706.9,4/13/2026 8:52:27 PM,5234,103.3,0.1474,119.5,0.4032,0.5185,1.521,0,0,0,100,16.28,0.2643,404,200,1,0,0.3479,1,1,1,1,1,1,1,4,4,-1,[ OK ]
2707.3,4/13/2026 8:52:27 PM,5235,103.3,0.1475,119.3,0.3957,0.5184,1.523,0,0,0,100,16.28,0.266,404.3,200,1,0,0.35,1,1,1,1,1,1,1,4,4,-1,[ OK ]
2707.7,4/13/2026 8:52:28 PM,5235,103.3,0.1475,119.6,0.3998,0.5176,1.531,0,0,0,100,16.28,0.2635,404.1,200,1,0,0.3385,1,1,1,1,1,1,1,4,4,-1,[ OK ]
2708.2,4/13/2026 8:52:28 PM,5235,103.3,0.1474,119.8,0.4008,0.5176,1.531,0,0,0,100,16.28,0.2644,404.5,200,1,0,0.3411,1,1,1,1,1,1,1,4,4,-1,[ OK ]
2708.7,4/13/2026 8:52:28 PM,5236,103.3,0.1474,120.1,0.4068,0.5177,1.529,0,0,0,100,16.28,0.2666,404,200,1,0,0.3516,1,1,1,1,1,1,1,4,4,-1,[ OK ]
2709.1,4/13/2026 8:52:29 PM,5236,103.3,0.1476,119.6,0.3993,0.5183,1.523,0,0,0,100,16.28,0.2648,404.2,200,1,0,0.3395,1,1,1,1,1,1,1,4,4,-1,[ OK ]
2709.5,4/13/2026 8:52:29 PM,5237,103.3,0.1475,119.9,0.4092,0.5184,1.522,0,0,0,100,16.28,0.2651,404,200,1,0,0.3316,1,1,1,1,1,1,1,4,4,-1,[ OK ]
2710.1,4/13/2026 8:52:30 PM,5237,103.3,0.1476,119.9,0.4065,0.5177,1.53,0,0,0,100,16.28,0.2644,404.1,200,1,0,0.3417,1,1,1,1,1,1,1,4,4,-1,[ OK ]
2710.5,4/13/2026 8:52:30 PM,5238,103.3,0.1475,120.2,0.3974,0.5177,1.529,0,0,0,100,16.28,0.2639,404.1,200,1,0,0.3408,1,1,1,1,1,1,1,4,4,-1,[ OK ]
2711.0,4/13/2026 8:52:31 PM,5238,103.3,0.1476,119.8,0.4063,0.5176,1.531,0,0,0,100,16.28,0.2645,404,200,1,0,0.3478,1,1,1,1,1,1,1,4,4,-1,[ OK ]
2711.4,4/13/2026 8:52:31 PM,5239,103.3,0.1474,120.4,0.4006,0.5173,1.534,0,0,0,100,16.28,0.2624,404,200,1,0,0.3431,1,1,1,1,1,1,1,4,4,-1,[ OK ]
2712.0,4/13/2026 8:52:32 PM,5239,103.3,0.1475,120.4,0.3996,0.5176,1.531,0,0,0,100,16.28,0.2657,404,200,1,0,0.3436,1,1,1,1,1,1,1,4,4,-1,[ OK ]
2712.4,4/13/2026 8:52:32 PM,5240,103.3,0.1477,119.7,0.4071,0.5179,1.527,0,0,0,100,16.28,0.2643,403.9,200,1,0,0.3406,1,1,1,1,1,1,1,4,4,-1,[ OK ]
2712.8,4/13/2026 8:52:33 PM,5240,103.3,0.1476,119.9,0.4069,0.5176,1.53,0,0,0,100,16.28,0.263,404.1,200,1,0,0.3414,1,1,1,1,1,1,1,4,4,-1,[ OK ]
2713.4,4/13/2026 8:52:33 PM,5241,103.3,0.1478,119.4,0.4022,0.5178,1.528,0,0,0,100,16.28,0.2655,404,200,1,0,0.3385,1,1,1,1,1,1,1,4,4,-1,[ OK ]
2714.0,4/13/2026 8:52:34 PM,5241,103.3,0.1476,120,0.4014,0.5172,1.535,0,0,0,100,16.28,0.2641,404,200,1,0,0.3522,1,1,1,1,1,1,1,4,4,-1,[ OK ]
2714.4,4/13/2026 8:52:34 PM,5242,103.3,0.1477,119.9,0.4052,0.518,1.526,0,0,0,100,16.28,0.2658,404.1,200,1,0,0.3426,1,1,1,1,1,1,1,4,4,-1,[ OK ]
2715.0,4/13/2026 8:52:35 PM,5242,103.3,0.1476,120.1,0.4016,0.5182,1.524,0,0,0,100,16.28,0.2626,404.3,200,1,0,0.3419,1,1,1,1,1,1,1,4,4,-1,[ OK ]
2715.5,4/13/2026 8:52:35 PM,5243,103.3,0.1476,120.3,0.406,0.518,1.527,0,0,0,100,16.28,0.2652,404.2,200,1,0,0.3442,1,1,1,1,1,1,1,4,4,-1,[ OK ]
2716.1,4/13/2026 8:52:36 PM,5243,103.3,0.1478,119.6,0.4015,0.5181,1.525,0,0,0,100,16.28,0.2633,404.1,200,1,0,0.3359,1,1,1,1,1,1,1,4,4,-1,[ OK ]
2716.5,4/13/2026 8:52:36 PM,5244,103.3,0.1479,119.3,0.3942,0.5179,1.527,0,0,0,100,16.28,0.2631,404.3,200,1,0,0.3483,1,1,1,1,1,1,1,4,4,-1,[ OK ]
2716.9,4/13/2026 8:52:37 PM,5244,103.3,0.1477,120,0.4006,0.5177,1.529,0,0,0,100,16.28,0.2639,404.3,200,1,0,0.335,1,1,1,1,1,1,1,4,4,-1,[ OK ]
2717.4,4/13/2026 8:52:37 PM,5245,103.3,0.1475,120.7,0.4028,0.5177,1.53,0,0,0,100,16.28,0.2634,404.2,200,1,0,0.3456,1,1,1,1,1,1,1,4,4,-1,[ OK ]
2717.8,4/13/2026 8:52:38 PM,5245,103.3,0.1477,120.2,0.3978,0.5172,1.535,0,0,0,100,16.28,0.2656,404.1,200,1,0,0.3226,1,1,1,1,1,1,1,4,4,-1,[ OK ]
2718.3,4/13/2026 8:52:38 PM,5245,103.3,0.1476,120.3,0.3977,0.5173,1.533,0,0,0,100,16.28,0.2625,404.2,200,1,0,0.3478,1,1,1,1,1,1,1,4,4,-1,[ OK ]
2718.7,4/13/2026 8:52:38 PM,5246,103.3,0.1476,120.4,0.3998,0.518,1.526,0,0,0,100,16.28,0.2635,404.2,200,1,0,0.3508,1,1,1,1,1,1,1,4,4,-1,[ OK ]
2719.2,4/13/2026 8:52:39 PM,5246,103.3,0.1477,120.1,0.3998,0.5181,1.524,0,0,0,100,16.28,0.2639,404.3,200,1,0,0.3374,1,1,1,1,1,1,1,4,4,-1,[ OK ]
2719.7,4/13/2026 8:52:40 PM,5247,103.3,0.1477,119.9,0.4032,0.5181,1.524,0,0,0,100,16.28,0.263,404.2,200,1,0,0.3324,1,1,1,1,1,1,1,4,4,-1,[ OK ]
2720.1,4/13/2026 8:52:40 PM,5247,103.3,0.1477,120.1,0.4055,0.5175,1.531,0,0,0,100,16.28,0.2643,404.1,200,1,0,0.3375,1,1,1,1,1,1,1,4,4,-1,[ OK ]
2720.6,4/13/2026 8:52:40 PM,5248,103.3,0.1477,120,0.4018,0.5172,1.534,0,0,0,100,16.28,0.2628,403.8,200,1,0,0.3401,1,1,1,1,1,1,1,4,4,-1,[ OK ]
2721.1,4/13/2026 8:52:41 PM,5248,103.3,0.1476,120.4,0.4003,0.5171,1.535,0,0,0,100,16.28,0.2628,404,200,1,0,0.3475,1,1,1,1,1,1,1,4,4,-1,[ OK ]
2721.5,4/13/2026 8:52:41 PM,5249,103.3,0.1477,120,0.3998,0.5175,1.532,0,0,0,100,16.28,0.2658,404.2,200,1,0,0.3459,1,1,1,1,1,1,1,4,4,-1,[ OK ]
2721.9,4/13/2026 8:52:42 PM,5249,103.3,0.1476,120.3,0.3962,0.5176,1.53,0,0,0,100,16.28,0.2656,403.9,200,1,0,0.3312,1,1,1,1,1,1,1,4,4,-1,[ OK ]
2722.4,4/13/2026 8:52:42 PM,5250,103.3,0.1476,120.3,0.3997,0.5172,1.535,0,0,0,100,16.28,0.2631,404.3,200,1,0,0.3445,1,1,1,1,1,1,1,4,4,-1,[ OK ]
2722.9,4/13/2026 8:52:43 PM,5250,103.3,0.1479,119.5,0.3999,0.518,1.527,0,0,0,100,16.28,0.2653,404.2,200,1,0,0.3439,1,1,1,1,1,1,1,4,4,-1,[ OK ]
2723.3,4/13/2026 8:52:43 PM,5250,103.3,0.1478,120,0.4005,0.518,1.526,0,0,0,100,16.28,0.2629,404.1,200,1,0,0.3467,1,1,1,1,1,1,1,4,4,-1,[ OK ]
2723.7,4/13/2026 8:52:43 PM,5251,103.3,0.1478,119.7,0.3978,0.5177,1.53,0,0,0,100,16.28,0.2641,404,200,1,0,0.3346,1,1,1,1,1,1,1,4,4,-1,[ OK ]
2724.2,4/13/2026 8:52:44 PM,5251,103.3,0.1478,119.8,0.4014,0.5178,1.529,0,0,0,100,16.28,0.2636,404.3,200,1,0,0.3345,1,1,1,1,1,1,1,4,4,-1,[ OK ]
2724.7,4/13/2026 8:52:45 PM,5252,103.3,0.1478,119.7,0.3999,0.5187,1.519,0,0,0,100,16.28,0.2632,404.4,200,1,0,0.3424,1,1,1,1,1,1,1,4,4,-1,[ OK ]
2725.2,4/13/2026 8:52:45 PM,5252,103.3,0.1479,119.4,0.4005,0.517,1.537,0,0,0,100,16.28,0.2649,404.1,200,1,0,0.3319,1,1,1,1,1,1,1,4,4,-1,[ OK ]
2725.8,4/13/2026 8:52:46 PM,5253,103.3,0.1478,119.8,0.3933,0.5179,1.528,0,0,0,100,16.28,0.2656,404.3,200,1,0,0.332,1,1,1,1,1,1,1,4,4,-1,[ OK ]
2726.2,4/13/2026 8:52:46 PM,5253,103.3,0.1478,119.8,0.3934,0.5181,1.525,0,0,0,100,16.28,0.2665,403.9,200,1,0,0.3266,1,1,1,1,1,1,1,4,4,-1,[ OK ]
2726.7,4/13/2026 8:52:47 PM,5254,103.3,0.1477,120.4,0.3932,0.5173,1.533,0,0,0,100,16.28,0.2642,403.8,200,1,0,0.3358,1,1,1,1,1,1,1,4,4,-1,[ OK ]
2727.3,4/13/2026 8:52:47 PM,5255,103.3,0.1478,119.8,0.3977,0.5175,1.531,0,0,0,100,16.28,0.267,404.3,200,1,0,0.333,1,1,1,1,1,1,1,4,4,-1,[ OK ]
2727.7,4/13/2026 8:52:48 PM,5255,103.3,0.1477,120.2,0.402,0.518,1.527,0,0,0,100,16.28,0.2651,404.3,200,1,0,0.3423,1,1,1,1,1,1,1,4,4,-1,[ OK ]
2728.2,4/13/2026 8:52:48 PM,5255,103.3,0.1478,119.9,0.4052,0.5174,1.532,0,0,0,100,16.28,0.2658,404.3,200,1,0,0.3383,1,1,1,1,1,1,1,4,4,-1,[ OK ]
2728.6,4/13/2026 8:52:48 PM,5256,103.3,0.1478,119.9,0.4057,0.5183,1.523,0,0,0,100,16.28,0.2658,404,200,1,0,0.3311,1,1,1,1,1,1,1,4,4,-1,[ OK ]
2729.1,4/13/2026 8:52:49 PM,5256,103.3,0.1473,121.2,0.3998,0.5179,1.527,0,0,0,100,16.28,0.2651,404.1,200,1,0,0.3478,1,1,1,1,1,1,1,4,4,-1,[ OK ]
2729.5,4/13/2026 8:52:49 PM,5257,103.3,0.1478,119.7,0.3983,0.5173,1.532,0,0,0,100,16.28,0.2674,404,200,1,0,0.3177,1,1,1,1,1,1,1,4,4,-1,[ OK ]
2730.2,4/13/2026 8:52:50 PM,5257,103.3,0.1477,119.8,0.4014,0.5175,1.531,0,0,0,100,16.28,0.266,404.2,200,1,0,0.3297,1,1,1,1,1,1,1,4,4,-1,[ OK ]
2730.6,4/13/2026 8:52:50 PM,5258,103.3,0.1478,119.8,0.396,0.5173,1.534,0,0,0,100,16.28,0.2671,404.3,200,1,0,0.3371,1,1,1,1,1,1,1,4,4,-1,[ OK ]
2731.1,4/13/2026 8:52:51 PM,5258,103.3,0.1477,120,0.3991,0.5182,1.524,0,0,0,100,16.28,0.266,404.3,200,1,0,0.3464,1,1,1,1,1,1,1,4,4,-1,[ OK ]
2731.7,4/13/2026 8:52:52 PM,5259,103.3,0.1478,119.6,0.3952,0.5175,1.531,0,0,0,100,16.28,0.2677,404,200,1,0,0.3358,1,1,1,1,1,1,1,4,4,-1,[ OK ]
2732.2,4/13/2026 8:52:52 PM,5259,103.3,0.1479,119.3,0.3982,0.5176,1.53,0,0,0,100,16.28,0.2667,404.1,200,1,0,0.3352,1,1,1,1,1,1,1,4,4,-1,[ OK ]
2732.8,4/13/2026 8:52:53 PM,5260,103.3,0.1479,119.5,0.3997,0.5176,1.529,0,0,0,100,16.28,0.2649,404.4,200,1,0,0.3467,1,1,1,1,1,1,1,4,4,-1,[ OK ]
2733.3,4/13/2026 8:52:53 PM,5260,103.3,0.1477,120.3,0.3999,0.5174,1.532,0,0,0,100,16.28,0.2641,404.4,200,1,0,0.3325,1,1,1,1,1,1,1,4,4,-1,[ OK ]
2733.7,4/13/2026 8:52:54 PM,5261,103.3,0.1477,120,0.3965,0.5177,1.529,0,0,0,100,16.28,0.2658,404,200,1,0,0.3378,1,1,1,1,1,1,1,4,4,-1,[ OK ]
2734.3,4/13/2026 8:52:54 PM,5262,103.3,0.1478,119.9,0.3976,0.5171,1.537,0,0,0,100,16.28,0.2645,404.1,200,1,0,0.3394,1,1,1,1,1,1,1,4,4,-1,[ OK ]
2734.9,4/13/2026 8:52:55 PM,5262,103.3,0.1477,119.8,0.3989,0.5182,1.523,0,0,0,100,16.28,0.2668,404.3,200,1,0,0.3287,1,1,1,1,1,1,1,4,4,-1,[ OK ]
2735.4,4/13/2026 8:52:55 PM,5263,103.3,0.1478,119.7,0.3953,0.5176,1.53,0,0,0,100,16.28,0.2669,404.3,200,1,0,0.3285,1,1,1,1,1,1,1,4,4,-1,[ OK ]
2735.9,4/13/2026 8:52:56 PM,5263,103.3,0.1479,119.6,0.3957,0.5182,1.524,0,0,0,100,16.28,0.2691,404,200,1,0,0.3394,1,1,1,1,1,1,1,4,4,-1,[ OK ]
2736.5,4/13/2026 8:52:56 PM,5264,103.3,0.1478,119.9,0.3975,0.5178,1.527,0,0,0,100,16.28,0.2655,404,200,1,0,0.3353,1,1,1,1,1,1,1,4,4,-1,[ OK ]
2736.9,4/13/2026 8:52:57 PM,5264,103.3,0.1477,120.2,0.3948,0.5175,1.529,0,0,0,100,16.28,0.2679,404.1,200,1,0,0.3306,1,1,1,1,1,1,1,4,4,-1,[ OK ]
2737.5,4/13/2026 8:52:57 PM,5265,103.3,0.1478,119.6,0.4049,0.5175,1.53,0,0,0,100,16.28,0.2663,404.2,200,1,0,0.3377,1,1,1,1,1,1,1,4,4,-1,[ OK ]
2738.2,4/13/2026 8:52:58 PM,5265,103.3,0.1477,120.1,0.3966,0.5179,1.525,0,0,0,100,16.28,0.2659,404.3,200,1,0,0.338,1,1,1,1,1,1,1,4,4,-1,[ OK ]
2738.6,4/13/2026 8:52:58 PM,5266,103.3,0.1479,119.4,0.4019,0.5178,1.526,0,0,0,100,16.28,0.2649,403.9,200,1,0,0.3376,1,1,1,1,1,1,1,4,4,-1,[ OK ]
2739.0,4/13/2026 8:52:59 PM,5266,103.3,0.1477,120.2,0.399,0.5181,1.522,0,0,0,100,16.28,0.2662,404.4,200,1,0,0.336,1,1,1,1,1,1,1,4,4,-1,[ OK ]
2739.6,4/13/2026 8:52:59 PM,5267,103.3,0.1477,120.1,0.3981,0.5176,1.527,0,0,0,100,16.28,0.2662,404,200,1,0,0.3326,1,1,1,1,1,1,1,4,4,-1,[ OK ]
2740.0,4/13/2026 8:53:00 PM,5267,103.3,0.1478,120,0.4014,0.5177,1.526,0,0,0,100,16.28,0.2679,404.1,200,1,0,0.3257,1,1,1,1,1,1,1,4,4,-1,[ OK ]
2740.5,4/13/2026 8:53:00 PM,5268,103.3,0.1478,119.8,0.3953,0.5178,1.526,0,0,0,100,16.28,0.2639,403.9,200,1,0,0.3438,1,1,1,1,1,1,1,4,4,-1,[ OK ]
2741.1,4/13/2026 8:53:01 PM,5268,103.3,0.1479,119.6,0.4043,0.5183,1.52,0,0,0,100,16.28,0.2649,404.3,200,1,0,0.3439,1,1,1,1,1,1,1,4,4,-1,[ OK ]
2741.6,4/13/2026 8:53:01 PM,5269,103.3,0.1476,120.6,0.3994,0.518,1.523,0,0,0,100,16.28,0.2668,404,200,1,0,0.319,1,1,1,1,1,1,1,4,4,-1,[ OK ]
2742.0,4/13/2026 8:53:02 PM,5269,103.3,0.1478,119.9,0.3965,0.5169,1.536,0,0,0,100,16.28,0.2675,404.2,200,1,0,0.3264,1,1,1,1,1,1,1,4,4,-1,[ OK ]
2742.5,4/13/2026 8:53:02 PM,5270,103.3,0.1478,120,0.4064,0.5176,1.529,0,0,0,100,16.28,0.2671,404.4,200,1,0,0.3302,1,1,1,1,1,1,1,4,4,-1,[ OK ]
2743.0,4/13/2026 8:53:03 PM,5270,103.3,0.1477,120.3,0.4011,0.518,1.524,0,0,0,100,16.28,0.265,404.1,200,1,0,0.3316,1,1,1,1,1,1,1,4,4,-1,[ OK ]
2743.6,4/13/2026 8:53:03 PM,5271,103.3,0.1479,119.6,0.4037,0.5186,1.517,0,0,0,100,16.28,0.2676,403.7,200,1,0,0.3394,1,1,1,1,1,1,1,4,4,-1,[ OK ]
2744.2,4/13/2026 8:53:04 PM,5271,103.3,0.1475,120.9,0.3994,0.5179,1.526,0,0,0,100,16.28,0.2656,404.2,200,1,0,0.3311,1,1,1,1,1,1,1,4,4,-1,[ OK ]
2744.8,4/13/2026 8:53:05 PM,5272,103.3,0.1479,119.7,0.3974,0.5172,1.533,0,0,0,100,16.28,0.2668,404.2,200,1,0,0.34,1,1,1,1,1,1,1,4,4,-1,[ OK ]
2745.2,4/13/2026 8:53:05 PM,5272,103.3,0.1477,120.2,0.4026,0.5181,1.523,0,0,0,100,16.28,0.2639,404.4,200,1,0,0.3409,1,1,1,1,1,1,1,4,4,-1,[ OK ]
2745.9,4/13/2026 8:53:06 PM,5273,103.3,0.1479,119.8,0.4045,0.5171,1.534,0,0,0,100,16.28,0.2659,404.1,200,1,0,0.3428,1,1,1,1,1,1,1,4,4,-1,[ OK ]
2746.5,4/13/2026 8:53:06 PM,5274,103.3,0.1481,119.2,0.401,0.5175,1.53,0,0,0,100,16.28,0.2678,404.3,200,1,0,0.3322,1,1,1,1,1,1,1,4,4,-1,[ OK ]
2747.1,4/13/2026 8:53:07 PM,5274,103.3,0.1478,120,0.4031,0.5181,1.524,0,0,0,100,16.28,0.2665,404,200,1,0,0.3414,1,1,1,1,1,1,1,4,4,-1,[ OK ]
2747.7,4/13/2026 8:53:08 PM,5275,103.3,0.1477,120.3,0.3977,0.5172,1.534,0,0,0,100,16.28,0.2689,404.1,200,1,0,0.3275,1,1,1,1,1,1,1,4,4,-1,[ OK ]
2748.3,4/13/2026 8:53:08 PM,5275,103.3,0.148,119.5,0.3972,0.5181,1.524,0,0,0,100,16.28,0.2664,404.3,200,1,0,0.3335,1,1,1,1,1,1,1,4,4,-1,[ OK ]
2748.8,4/13/2026 8:53:09 PM,5276,103.3,0.1479,119.7,0.403,0.5175,1.531,0,0,0,100,16.28,0.2669,404,200,1,0,0.3452,1,1,1,1,1,1,1,4,4,-1,[ OK ]
2749.4,4/13/2026 8:53:09 PM,5277,103.3,0.1479,119.8,0.3989,0.518,1.526,0,0,0,100,16.28,0.2674,404,200,1,0,0.3341,1,1,1,1,1,1,1,4,4,-1,[ OK ]
2750.0,4/13/2026 8:53:10 PM,5277,103.3,0.1479,119.9,0.4044,0.5181,1.525,0,0,0,100,16.28,0.266,404.2,200,1,0,0.324,1,1,1,1,1,1,1,4,4,-1,[ OK ]
2750.6,4/13/2026 8:53:10 PM,5278,103.3,0.1478,120.2,0.3972,0.5176,1.531,0,0,0,100,16.28,0.2645,404.1,200,1,0,0.3467,1,1,1,1,1,1,1,4,4,-1,[ OK ]
2751.3,4/13/2026 8:53:11 PM,5278,103.3,0.1479,119.9,0.4,0.5182,1.523,0,0,0,100,16.28,0.2658,404.2,200,1,0,0.3411,1,1,1,1,1,1,1,4,4,-1,[ OK ]
2751.9,4/13/2026 8:53:12 PM,5279,103.3,0.1478,120,0.4033,0.5176,1.53,0,0,0,100,16.28,0.2656,403.9,200,1,0,0.3427,1,1,1,1,1,1,1,4,4,-1,[ OK ]
2752.5,4/13/2026 8:53:12 PM,5280,103.3,0.1477,120.2,0.4028,0.518,1.525,0,0,0,100,16.28,0.2661,404.1,200,1,0,0.3262,1,1,1,1,1,1,1,4,4,-1,[ OK ]
2753.2,4/13/2026 8:53:13 PM,5280,103.3,0.1477,120.3,0.3989,0.5171,1.536,0,0,0,100,16.28,0.2679,404.3,200,1,0,0.3372,1,1,1,1,1,1,1,4,4,-1,[ OK ]
2754.0,4/13/2026 8:53:14 PM,5281,103.3,0.1478,120.1,0.3974,0.5178,1.527,0,0,0,100,16.28,0.2685,404,200,1,0,0.3304,1,1,1,1,1,1,1,4,4,-1,[ OK ]
2754.6,4/13/2026 8:53:14 PM,5282,103.3,0.1478,120.2,0.3987,0.5181,1.524,0,0,0,100,16.28,0.2687,404.3,200,1,0,0.3278,1,1,1,1,1,1,1,4,4,-1,[ OK ]
2755.3,4/13/2026 8:53:15 PM,5283,103.3,0.1478,120.2,0.4045,0.5177,1.527,0,0,0,100,16.28,0.2675,404.2,200,1,0,0.3355,1,1,1,1,1,1,1,4,4,-1,[ OK ]
2756.0,4/13/2026 8:53:16 PM,5283,103.3,0.1476,120.8,0.4006,0.5181,1.523,0,0,0,100,16.28,0.2655,403.9,200,1,0,0.3352,1,1,1,1,1,1,1,4,4,-1,[ OK ]
2757.0,4/13/2026 8:53:17 PM,5284,103.3,0.1477,120.7,0.3976,0.5171,1.534,0,0,0,100,16.28,0.2667,404.3,200,1,0,0.3408,1,1,1,1,1,1,1,4,4,-1,[ OK ]
2757.9,4/13/2026 8:53:18 PM,5285,103.3,0.1477,120.5,0.399,0.5174,1.53,0,0,0,100,16.28,0.2629,404.3,200,1,0,0.346,1,1,1,1,1,1,1,4,4,-1,[ OK ]
2758.8,4/13/2026 8:53:19 PM,5286,103.3,0.1478,120.2,0.3976,0.5177,1.529,0,0,0,100,16.28,0.2641,404.3,200,1,0,0.3274,1,1,1,1,1,1,1,4,4,-1,[ OK ]
2759.7,4/13/2026 8:53:20 PM,5287,103.3,0.1478,120.1,0.3989,0.5179,1.526,0,0,0,100,16.28,0.2635,404.2,200,1,0,0.3508,1,1,1,1,1,1,1,4,4,-1,[ OK ]
2760.6,4/13/2026 8:53:20 PM,5288,103.3,0.1478,120.1,0.4023,0.5183,1.521,0,0,0,100,16.28,0.2633,404.3,200,1,0,0.3403,1,1,1,1,1,1,1,4,4,-1,[ OK ]
2761.4,4/13/2026 8:53:21 PM,5289,103.3,0.1478,120.2,0.4044,0.5171,1.534,0,0,0,100,16.28,0.2639,404.1,200,1,0,0.333,1,1,1,1,1,1,1,4,4,-1,[ OK ]
2762.1,4/13/2026 8:53:22 PM,5289,103.3,0.1478,120.2,0.3851,0.5177,1.529,0,0,0,100,16.28,0.2629,403.9,200,1,0,0.3406,1,1,1,1,1,1,1,4,4,-1,[ OK ]
2762.9,4/13/2026 8:53:23 PM,5290,103.3,0.1478,120.1,0.3979,0.5183,1.523,0,0,0,100,16.28,0.2612,404.3,200,1,0,0.3599,1,1,1,1,1,1,1,4,4,-1,[ OK ]
2763.9,4/13/2026 8:53:24 PM,5291,103.3,0.1478,120.1,0.3967,0.5174,1.532,0,0,0,100,16.28,0.2628,404.3,200,1,0,0.3474,1,1,1,1,1,1,1,4,4,-1,[ OK ]
2764.8,4/13/2026 8:53:25 PM,5292,103.3,0.1478,120.1,0.4008,0.5177,1.529,0,0,0,100,16.28,0.2629,404,200,1,0,0.3462,1,1,1,1,1,1,1,4,4,-1,[ OK ]
2765.4,4/13/2026 8:53:25 PM,5293,103.3,0.1479,120,0.4062,0.5182,1.524,0,0,0,100,16.28,0.2617,404.2,200,1,0,0.3491,1,1,1,1,1,1,1,4,4,-1,[ OK ]
2766.4,4/13/2026 8:53:26 PM,5294,103.3,0.148,119.8,0.4061,0.5184,1.521,0,0,0,100,16.28,0.2616,404.1,200,1,0,0.3457,1,1,1,1,1,1,1,4,4,-1,[ OK ]
2767.2,4/13/2026 8:53:27 PM,5294,103.3,0.1478,120.4,0.4065,0.5178,1.528,0,0,0,100,16.28,0.2631,404.2,200,1,0,0.3501,1,1,1,1,1,1,1,4,4,-1,[ OK ]
2768.2,4/13/2026 8:53:28 PM,5295,103.3,0.1479,120,0.4052,0.5173,1.532,0,0,0,100,16.28,0.2602,404.3,200,1,0,0.3512,1,1,1,1,1,1,1,4,4,-1,[ OK ]
2769.1,4/13/2026 8:53:29 PM,5296,103.3,0.1479,120.1,0.3974,0.5176,1.53,0,0,0,100,16.28,0.2634,404,200,1,0,0.3464,1,1,1,1,1,1,1,4,4,-1,[ OK ]
2770.1,4/13/2026 8:53:30 PM,5297,103.3,0.1478,120.1,0.3999,0.518,1.526,0,0,0,100,16.28,0.263,404,200,1,0,0.3381,1,1,1,1,1,1,1,4,4,-1,[ OK ]
2770.8,4/13/2026 8:53:31 PM,5298,103.3,0.1479,120,0.396,0.5181,1.524,0,0,0,100,16.28,0.2623,404.2,200,1,0,0.3373,1,1,1,1,1,1,1,4,4,-1,[ OK ]
2771.6,4/13/2026 8:53:31 PM,5299,103.3,0.148,119.6,0.3965,0.517,1.536,0,0,0,100,16.28,0.263,404,200,1,0,0.3548,1,1,1,1,1,1,1,4,4,-1,[ OK ]
2772.3,4/13/2026 8:53:32 PM,5300,103.3,0.1478,120.3,0.3964,0.5184,1.521,0,0,0,100,16.28,0.2624,404,200,1,0,0.3394,1,1,1,1,1,1,1,4,4,-1,[ OK ]
2773.0,4/13/2026 8:53:33 PM,5300,103.3,0.148,119.5,0.4044,0.5179,1.526,0,0,0,100,16.28,0.2616,403.9,200,1,0,0.3474,1,1,1,1,1,1,1,4,4,-1,[ OK ]
2773.8,4/13/2026 8:53:34 PM,5301,103.3,0.1478,120.1,0.406,0.5182,1.523,0,0,0,100,16.28,0.2623,403.9,200,1,0,0.3413,1,1,1,1,1,1,1,4,4,-1,[ OK ]
2774.4,4/13/2026 8:53:34 PM,5302,103.3,0.1479,119.8,0.4047,0.5174,1.531,0,0,0,100,16.28,0.2607,404.2,200,1,0,0.3586,1,1,1,1,1,1,1,4,4,-1,[ OK ]
2775.1,4/13/2026 8:53:35 PM,5302,103.3,0.1479,119.7,0.4044,0.5178,1.527,0,0,0,100,16.28,0.2606,404.3,200,1,0,0.3482,1,1,1,1,1,1,1,4,4,-1,[ OK ]
2775.8,4/13/2026 8:53:36 PM,5303,103.3,0.148,119.7,0.4037,0.5184,1.521,0,0,0,100,16.28,0.2628,404.1,200,1,0,0.345,1,1,1,1,1,1,1,4,4,-1,[ OK ]
2776.4,4/13/2026 8:53:36 PM,5304,103.3,0.1479,120.1,0.4001,0.5176,1.529,0,0,0,100,16.28,0.2608,404.3,200,1,0,0.3547,1,1,1,1,1,1,1,4,4,-1,[ OK ]
2777.1,4/13/2026 8:53:37 PM,5304,103.3,0.148,119.6,0.4016,0.5176,1.53,0,0,0,100,16.28,0.2591,403.9,200,1,0,0.3567,1,1,1,1,1,1,1,4,4,-1,[ OK ]
2777.7,4/13/2026 8:53:38 PM,5305,103.3,0.1479,120.1,0.4069,0.5183,1.523,0,0,0,100,16.28,0.2586,404.2,200,1,0,0.3522,1,1,1,1,1,1,1,4,4,-1,[ OK ]
2778.3,4/13/2026 8:53:38 PM,5306,103.3,0.1477,120.6,0.3972,0.5174,1.532,0,0,0,100,16.28,0.2603,404.1,200,1,0,0.3475,1,1,1,1,1,1,1,4,4,-1,[ OK ]
2779.1,4/13/2026 8:53:39 PM,5306,103.3,0.1478,120.4,0.3976,0.5181,1.524,0,0,0,100,16.28,0.2591,404.1,200,1,0,0.3542,1,1,1,1,1,1,1,4,4,-1,[ OK ]
2779.7,4/13/2026 8:53:40 PM,5307,103.3,0.1478,120.3,0.4043,0.5174,1.533,0,0,0,100,16.28,0.2605,404,200,1,0,0.3531,1,1,1,1,1,1,1,4,4,-1,[ OK ]
2780.3,4/13/2026 8:53:40 PM,5308,103.3,0.1479,119.9,0.4031,0.5179,1.526,0,0,0,100,16.28,0.2595,403.9,200,1,0,0.3508,1,1,1,1,1,1,1,4,4,-1,[ OK ]
2780.9,4/13/2026 8:53:41 PM,5308,103.3,0.1478,120.2,0.4027,0.5175,1.531,0,0,0,100,16.28,0.2593,404.3,200,1,0,0.3486,1,1,1,1,1,1,1,4,4,-1,[ OK ]
2781.5,4/13/2026 8:53:41 PM,5309,103.3,0.148,119.5,0.4013,0.5181,1.525,0,0,0,100,16.28,0.2581,404.3,200,1,0,0.3612,1,1,1,1,1,1,1,4,4,-1,[ OK ]
2782.1,4/13/2026 8:53:42 PM,5309,103.3,0.1478,120.2,0.3999,0.5179,1.527,0,0,0,100,16.28,0.2589,403.9,200,1,0,0.3572,1,1,1,1,1,1,1,4,4,-1,[ OK ]
2782.7,4/13/2026 8:53:43 PM,5310,103.3,0.1477,120.8,0.3968,0.5177,1.529,0,0,0,100,16.28,0.2602,403.9,200,1,0,0.3544,1,1,1,1,1,1,1,4,4,-1,[ OK ]
2783.2,4/13/2026 8:53:43 PM,5310,103.3,0.148,119.8,0.401,0.5172,1.533,0,0,0,100,16.28,0.2596,404.1,200,1,0,0.3594,1,1,1,1,1,1,1,4,4,-1,[ OK ]
2783.8,4/13/2026 8:53:44 PM,5311,103.3,0.1479,120.2,0.4051,0.5176,1.53,0,0,0,100,16.28,0.2607,403.9,200,1,0,0.3401,1,1,1,1,1,1,1,4,4,-1,[ OK ]
2784.5,4/13/2026 8:53:44 PM,5312,103.3,0.148,119.7,0.3981,0.5183,1.522,0,0,0,100,16.28,0.2612,404,200,1,0,0.3614,1,1,1,1,1,1,1,4,4,-1,[ OK ]
2785.0,4/13/2026 8:53:45 PM,5312,103.3,0.1478,120.4,0.3935,0.5172,1.533,0,0,0,100,16.28,0.258,404,200,1,0,0.3539,1,1,1,1,1,1,1,4,4,-1,[ OK ]
2785.5,4/13/2026 8:53:45 PM,5313,103.3,0.148,119.5,0.4014,0.5174,1.532,0,0,0,100,16.28,0.2591,404.2,200,1,0,0.3618,1,1,1,1,1,1,1,4,4,-1,[ OK ]
2786.0,4/13/2026 8:53:46 PM,5313,103.3,0.1479,120,0.4044,0.5175,1.531,0,0,0,100,16.28,0.2579,403.9,200,1,0,0.3523,1,1,1,1,1,1,1,4,4,-1,[ OK ]
2786.5,4/13/2026 8:53:46 PM,5314,103.3,0.148,119.8,0.397,0.5175,1.531,0,0,0,100,16.28,0.2597,404.3,200,1,0,0.3452,1,1,1,1,1,1,1,4,4,-1,[ OK ]
2787.1,4/13/2026 8:53:47 PM,5314,103.3,0.1478,120.2,0.4014,0.5176,1.531,0,0,0,100,16.28,0.2598,404.3,200,1,0,0.3568,1,1,1,1,1,1,1,4,4,-1,[ OK ]
2787.6,4/13/2026 8:53:47 PM,5315,103.3,0.1479,119.8,0.3931,0.5175,1.532,0,0,0,100,16.28,0.2616,404,200,1,0,0.3508,1,1,1,1,1,1,1,4,4,-1,[ OK ]
2788.1,4/13/2026 8:53:48 PM,5315,103.3,0.1481,119.3,0.3965,0.5175,1.533,0,0,0,100,16.28,0.2588,404.1,200,1,0,0.3617,1,1,1,1,1,1,1,4,4,-1,[ OK ]
2788.6,4/13/2026 8:53:48 PM,5316,103.3,0.1477,120.4,0.3981,0.5177,1.53,0,0,0,100,16.28,0.2616,404.3,200,1,0,0.3391,1,1,1,1,1,1,1,4,4,-1,[ OK ]
2789.2,4/13/2026 8:53:49 PM,5316,103.3,0.1479,119.7,0.3983,0.5182,1.524,0,0,0,100,16.28,0.2616,404.2,200,1,0,0.3333,1,1,1,1,1,1,1,4,4,-1,[ OK ]
2789.8,4/13/2026 8:53:50 PM,5317,103.3,0.1479,119.7,0.3949,0.5179,1.527,0,0,0,100,16.28,0.2583,404,200,1,0,0.3616,1,1,1,1,1,1,1,4,4,-1,[ OK ]
2790.3,4/13/2026 8:53:50 PM,5318,103.3,0.1478,120,0.4003,0.5184,1.522,0,0,0,100,16.28,0.2595,404.1,200,1,0,0.3479,1,1,1,1,1,1,1,4,4,-1,[ OK ]
2790.8,4/13/2026 8:53:51 PM,5318,103.3,0.1478,120.2,0.395,0.5175,1.532,0,0,0,100,16.28,0.2618,404,200,1,0,0.3467,1,1,1,1,1,1,1,4,4,-1,[ OK ]
2791.3,4/13/2026 8:53:51 PM,5319,103.3,0.148,119.7,0.3938,0.5176,1.531,0,0,0,100,16.28,0.2593,404,200,1,0,0.3558,1,1,1,1,1,1,1,4,4,-1,[ OK ]
2791.8,4/13/2026 8:53:52 PM,5319,103.3,0.1479,120,0.4029,0.5186,1.52,0,0,0,100,16.28,0.2587,404.1,200,1,0,0.3556,1,1,1,1,1,1,1,4,4,-1,[ OK ]
2792.4,4/13/2026 8:53:52 PM,5320,103.3,0.1479,120,0.3947,0.518,1.525,0,0,0,100,16.28,0.2585,404.1,200,1,0,0.3527,1,1,1,1,1,1,1,4,4,-1,[ OK ]
2793.0,4/13/2026 8:53:53 PM,5320,103.3,0.1477,120.6,0.4016,0.5176,1.53,0,0,0,100,16.28,0.2593,404,200,1,0,0.3545,1,1,1,1,1,1,1,4,4,-1,[ OK ]
2793.5,4/13/2026 8:53:53 PM,5321,103.3,0.1476,121.1,0.4013,0.5175,1.531,0,0,0,100,16.28,0.2599,404.3,200,1,0,0.3436,1,1,1,1,1,1,1,4,4,-1,[ OK ]
2794.1,4/13/2026 8:53:54 PM,5321,103.3,0.1479,119.9,0.4055,0.5173,1.533,0,0,0,100,16.28,0.2578,404.3,200,1,0,0.3567,1,1,1,1,1,1,1,4,4,-1,[ OK ]
2794.8,4/13/2026 8:53:55 PM,5322,103.3,0.148,119.4,0.4036,0.5188,1.517,0,0,0,100,16.28,0.2598,404.2,200,1,0,0.3556,1,1,1,1,1,1,1,4,4,-1,[ OK ]
2795.4,4/13/2026 8:53:55 PM,5323,103.3,0.1479,119.9,0.4014,0.5177,1.529,0,0,0,100,16.28,0.2597,404.2,200,1,0,0.3551,1,1,1,1,1,1,1,4,4,-1,[ OK ]
2796.1,4/13/2026 8:53:56 PM,5323,103.3,0.1479,120.2,0.3918,0.5173,1.534,0,0,0,100,16.28,0.2601,404.3,200,1,0,0.3376,1,1,1,1,1,1,1,4,4,-1,[ OK ]
2796.6,4/13/2026 8:53:56 PM,5324,103.3,0.148,119.6,0.4063,0.5176,1.53,0,0,0,100,16.28,0.2607,404.2,200,1,0,0.3507,1,1,1,1,1,1,1,4,4,-1,[ OK ]
2797.1,4/13/2026 8:53:57 PM,5324,103.3,0.1477,120.6,0.3953,0.5174,1.533,0,0,0,100,16.28,0.2594,404.2,200,1,0,0.3454,1,1,1,1,1,1,1,4,4,-1,[ OK ]
2797.8,4/13/2026 8:53:58 PM,5325,103.3,0.1477,120.4,0.4024,0.5175,1.532,0,0,0,100,16.28,0.2604,404.1,200,1,0,0.3535,1,1,1,1,1,1,1,4,4,-1,[ OK ]
2798.4,4/13/2026 8:53:58 PM,5326,103.3,0.1483,118.7,0.4022,0.5181,1.525,0,0,0,100,16.28,0.26,404,200,1,0,0.3505,1,1,1,1,1,1,1,4,4,-1,[ OK ]
2799.0,4/13/2026 8:53:59 PM,5326,103.3,0.1477,120.4,0.3918,0.5183,1.522,0,0,0,100,16.28,0.2577,404,200,1,0,0.3439,1,1,1,1,1,1,1,4,4,-1,[ OK ]
2799.5,4/13/2026 8:53:59 PM,5327,103.3,0.1479,119.9,0.3949,0.5179,1.525,0,0,0,100,16.28,0.2597,404.2,200,1,0,0.358,1,1,1,1,1,1,1,4,4,-1,[ OK ]
2800.2,4/13/2026 8:54:00 PM,5327,103.3,0.1479,119.8,0.4066,0.5179,1.524,0,0,0,100,16.28,0.2584,404.3,200,1,0,0.3519,1,1,1,1,1,1,1,4,4,-1,[ OK ]
2800.9,4/13/2026 8:54:01 PM,5328,103.3,0.148,119.6,0.4012,0.5177,1.526,0,0,0,100,16.28,0.2585,404.2,200,1,0,0.3463,1,1,1,1,1,1,1,4,4,-1,[ OK ]
2801.4,4/13/2026 8:54:01 PM,5329,103.3,0.1477,120.4,0.396,0.5174,1.53,0,0,0,100,16.28,0.2596,403.9,200,1,0,0.3491,1,1,1,1,1,1,1,4,4,-1,[ OK ]
2802.0,4/13/2026 8:54:02 PM,5329,103.3,0.148,119.4,0.3918,0.5176,1.528,0,0,0,100,16.28,0.2574,404,200,1,0,0.3509,1,1,1,1,1,1,1,4,4,-1,[ OK ]
2802.6,4/13/2026 8:54:02 PM,5330,103.3,0.1481,119.2,0.3959,0.5173,1.531,0,0,0,100,16.28,0.2596,403.8,200,1,0,0.3619,1,1,1,1,1,1,1,4,4,-1,[ OK ]
2803.3,4/13/2026 8:54:03 PM,5330,103.3,0.1479,120.1,0.3918,0.5179,1.525,0,0,0,100,16.28,0.2598,404.2,200,1,0,0.3407,1,1,1,1,1,1,1,4,4,-1,[ OK ]
2803.8,4/13/2026 8:54:04 PM,5331,103.3,0.1479,119.8,0.3971,0.5183,1.521,0,0,0,100,16.28,0.2601,403.9,200,1,0,0.3494,1,1,1,1,1,1,1,4,4,-1,[ OK ]
2804.3,4/13/2026 8:54:04 PM,5332,103.3,0.1478,120.2,0.4008,0.5179,1.525,0,0,0,100,16.28,0.2608,403.9,200,1,0,0.3408,1,1,1,1,1,1,1,4,4,-1,[ OK ]
2804.9,4/13/2026 8:54:05 PM,5332,103.3,0.148,119.7,0.3985,0.5175,1.529,0,0,0,100,16.28,0.2573,404.3,200,1,0,0.3516,1,1,1,1,1,1,1,4,4,-1,[ OK ]
2805.5,4/13/2026 8:54:05 PM,5333,103.3,0.1477,120.5,0.3949,0.5174,1.531,0,0,0,100,16.28,0.2578,404.3,200,1,0,0.3573,1,1,1,1,1,1,1,4,4,-1,[ OK ]
2806.1,4/13/2026 8:54:06 PM,5333,103.3,0.1479,120,0.3984,0.5182,1.522,0,0,0,100,16.28,0.2612,404,200,1,0,0.3347,1,1,1,1,1,1,1,4,4,-1,[ OK ]
2806.6,4/13/2026 8:54:06 PM,5334,103.3,0.1481,119.6,0.3971,0.5184,1.52,0,0,0,100,16.28,0.2599,404,200,1,0,0.3416,1,1,1,1,1,1,1,4,4,-1,[ OK ]
2807.2,4/13/2026 8:54:07 PM,5334,103.3,0.1479,120,0.4024,0.5174,1.531,0,0,0,100,16.28,0.261,404.2,200,1,0,0.3416,1,1,1,1,1,1,1,4,4,-1,[ OK ]
2807.8,4/13/2026 8:54:08 PM,5335,103.3,0.1479,120,0.3988,0.5176,1.528,0,0,0,100,16.28,0.2587,404,200,1,0,0.3598,1,1,1,1,1,1,1,4,4,-1,[ OK ]
2808.3,4/13/2026 8:54:08 PM,5336,103.3,0.1479,120,0.3952,0.5178,1.526,0,0,0,100,16.28,0.2572,404.2,200,1,0,0.3463,1,1,1,1,1,1,1,4,4,-1,[ OK ]
2809.0,4/13/2026 8:54:09 PM,5336,103.3,0.148,119.7,0.3965,0.5176,1.528,0,0,0,100,16.28,0.2599,404,200,1,0,0.3457,1,1,1,1,1,1,1,4,4,-1,[ OK ]
2809.5,4/13/2026 8:54:09 PM,5337,103.3,0.148,119.6,0.3953,0.5175,1.529,0,0,0,100,16.28,0.2604,404.2,200,1,0,0.3533,1,1,1,1,1,1,1,4,4,-1,[ OK ]
2810.0,4/13/2026 8:54:10 PM,5337,103.3,0.1479,120,0.3975,0.5181,1.523,0,0,0,100,16.28,0.2608,404.2,200,1,0,0.3488,1,1,1,1,1,1,1,4,4,-1,[ OK ]
2810.4,4/13/2026 8:54:10 PM,5338,103.3,0.1478,120.1,0.3965,0.518,1.524,0,0,0,100,16.28,0.2609,404,200,1,0,0.3386,1,1,1,1,1,1,1,4,4,-1,[ OK ]
2811.0,4/13/2026 8:54:11 PM,5338,103.3,0.1479,119.8,0.3966,0.5173,1.532,0,0,0,100,16.28,0.2602,403.9,200,1,0,0.3536,1,1,1,1,1,1,1,4,4,-1,[ OK ]
2811.6,4/13/2026 8:54:11 PM,5339,103.3,0.1479,119.9,0.4083,0.5179,1.524,0,0,0,100,16.28,0.2628,404,200,1,0,0.34,1,1,1,1,1,1,1,4,4,-1,[ OK ]
2812.2,4/13/2026 8:54:12 PM,5339,103.3,0.148,119.6,0.3979,0.5176,1.529,0,0,0,100,16.28,0.2614,404.1,200,1,0,0.3426,1,1,1,1,1,1,1,4,4,-1,[ OK ]
2812.7,4/13/2026 8:54:13 PM,5340,103.3,0.1477,120.5,0.4006,0.5176,1.529,0,0,0,100,16.28,0.2607,404,200,1,0,0.3478,1,1,1,1,1,1,1,4,4,-1,[ OK ]
2813.3,4/13/2026 8:54:13 PM,5341,103.3,0.1479,120.1,0.3955,0.5177,1.528,0,0,0,100,16.28,0.2605,404.2,200,1,0,0.3598,1,1,1,1,1,1,1,4,4,-1,[ OK ]
2814.0,4/13/2026 8:54:14 PM,5341,103.3,0.1479,120.1,0.3989,0.5175,1.53,0,0,0,100,16.28,0.2593,404,200,1,0,0.3405,1,1,1,1,1,1,1,4,4,-1,[ OK ]
2814.4,4/13/2026 8:54:14 PM,5342,103.3,0.1478,120.4,0.3942,0.5177,1.528,0,0,0,100,16.28,0.2588,404,200,1,0,0.3524,1,1,1,1,1,1,1,4,4,-1,[ OK ]
2815.0,4/13/2026 8:54:15 PM,5342,103.3,0.148,119.8,0.3992,0.5168,1.539,0,0,0,100,16.28,0.2575,404.4,200,1,0,0.3539,1,1,1,1,1,1,1,4,4,-1,[ OK ]
2815.5,4/13/2026 8:54:15 PM,5343,103.3,0.1482,119.3,0.4013,0.5177,1.529,0,0,0,100,16.28,0.2591,404.2,200,1,0,0.3544,1,1,1,1,1,1,1,4,4,-1,[ OK ]
2816.0,4/13/2026 8:54:16 PM,5343,103.3,0.1479,120.1,0.3918,0.5177,1.527,0,0,0,100,16.28,0.259,404.1,200,1,0,0.3478,1,1,1,1,1,1,1,4,4,-1,[ OK ]
2816.5,4/13/2026 8:54:16 PM,5344,103.3,0.1477,120.6,0.3996,0.5172,1.533,0,0,0,100,16.28,0.2604,404.3,200,1,0,0.3484,1,1,1,1,1,1,1,4,4,-1,[ OK ]
2817.1,4/13/2026 8:54:17 PM,5344,103.3,0.148,119.9,0.3998,0.5173,1.533,0,0,0,100,16.28,0.2614,404.1,200,1,0,0.3488,1,1,1,1,1,1,1,4,4,-1,[ OK ]
2817.6,4/13/2026 8:54:17 PM,5345,103.3,0.1479,120.2,0.3918,0.5176,1.53,0,0,0,100,16.28,0.2598,404.1,200,1,0,0.3488,1,1,1,1,1,1,1,4,4,-1,[ OK ]
2818.1,4/13/2026 8:54:18 PM,5345,103.3,0.148,119.7,0.3921,0.5175,1.532,0,0,0,100,16.28,0.2599,404.2,200,1,0,0.3408,1,1,1,1,1,1,1,4,4,-1,[ OK ]
2818.5,4/13/2026 8:54:18 PM,5346,103.3,0.1479,120,0.4016,0.5179,1.527,0,0,0,100,16.28,0.2602,404.3,200,1,0,0.3361,1,1,1,1,1,1,1,4,4,-1,[ OK ]
2819.1,4/13/2026 8:54:19 PM,5346,103.3,0.148,119.8,0.3967,0.5179,1.527,0,0,0,100,16.28,0.2597,404.3,200,1,0,0.3451,1,1,1,1,1,1,1,4,4,-1,[ OK ]
2819.6,4/13/2026 8:54:19 PM,5347,103.3,0.1478,120.4,0.3918,0.5168,1.537,0,0,0,100,16.28,0.2591,404.1,200,1,0,0.3417,1,1,1,1,1,1,1,4,4,-1,[ OK ]
2820.0,4/13/2026 8:54:20 PM,5347,103.3,0.148,119.8,0.3918,0.5174,1.53,0,0,0,100,16.28,0.2604,403.9,200,1,0,0.3422,1,1,1,1,1,1,1,4,4,-1,[ OK ]
2820.5,4/13/2026 8:54:20 PM,5348,103.3,0.1479,120.1,0.3967,0.518,1.524,0,0,0,100,16.28,0.2594,404.3,200,1,0,0.351,1,1,1,1,1,1,1,4,4,-1,[ OK ]
2821.0,4/13/2026 8:54:21 PM,5348,103.3,0.1477,120.5,0.404,0.5182,1.523,0,0,0,100,16.28,0.2609,403.8,200,1,0,0.3486,1,1,1,1,1,1,1,4,4,-1,[ OK ]
2821.6,4/13/2026 8:54:21 PM,5349,103.3,0.1479,119.9,0.4026,0.5178,1.528,0,0,0,100,16.28,0.2602,404.3,200,1,0,0.344,1,1,1,1,1,1,1,4,4,-1,[ OK ]
2822.2,4/13/2026 8:54:22 PM,5349,103.3,0.1479,120.2,0.4075,0.5174,1.533,0,0,0,100,16.28,0.259,403.8,200,1,0,0.3491,1,1,1,1,1,1,1,4,4,-1,[ OK ]
2822.7,4/13/2026 8:54:23 PM,5350,103.3,0.1481,119.3,0.3941,0.5175,1.532,0,0,0,100,16.28,0.2606,404.3,200,1,0,0.3477,1,1,1,1,1,1,1,4,4,-1,[ OK ]
2823.2,4/13/2026 8:54:23 PM,5350,103.3,0.1479,120,0.3946,0.5173,1.534,0,0,0,100,16.28,0.2591,403.9,200,1,0,0.3452,1,1,1,1,1,1,1,4,4,-1,[ OK ]
2823.8,4/13/2026 8:54:24 PM,5351,103.3,0.1478,120.4,0.4003,0.5182,1.524,0,0,0,100,16.28,0.2607,404.2,200,1,0,0.3351,1,1,1,1,1,1,1,4,4,-1,[ OK ]
2824.3,4/13/2026 8:54:24 PM,5351,103.3,0.1478,120.4,0.3981,0.5177,1.529,0,0,0,100,16.28,0.2602,403.9,200,1,0,0.354,1,1,1,1,1,1,1,4,4,-1,[ OK ]
2825.0,4/13/2026 8:54:25 PM,5352,103.3,0.148,119.7,0.4037,0.5183,1.521,0,0,0,100,16.28,0.2596,404.2,200,1,0,0.3488,1,1,1,1,1,1,1,4,4,-1,[ OK ]
2825.5,4/13/2026 8:54:25 PM,5353,103.3,0.1478,120.4,0.3933,0.5175,1.53,0,0,0,100,16.28,0.2594,404.2,200,1,0,0.3508,1,1,1,1,1,1,1,4,4,-1,[ OK ]
2826.0,4/13/2026 8:54:26 PM,5353,103.3,0.1476,120.8,0.3961,0.5173,1.532,0,0,0,100,16.28,0.2592,404.2,200,1,0,0.3446,1,1,1,1,1,1,1,4,4,-1,[ OK ]
2826.5,4/13/2026 8:54:26 PM,5354,103.3,0.148,119.7,0.3993,0.5174,1.532,0,0,0,100,16.28,0.2623,403.9,200,1,0,0.336,1,1,1,1,1,1,1,4,4,-1,[ OK ]
2827.1,4/13/2026 8:54:27 PM,5354,103.3,0.1481,119.3,0.3948,0.5186,1.52,0,0,0,100,16.28,0.2613,404.2,200,1,0,0.3516,1,1,1,1,1,1,1,4,4,-1,[ OK ]
2827.5,4/13/2026 8:54:27 PM,5355,103.3,0.148,119.5,0.3966,0.5179,1.527,0,0,0,100,16.28,0.26,404.3,200,1,0,0.3364,1,1,1,1,1,1,1,4,4,-1,[ OK ]
2828.1,4/13/2026 8:54:28 PM,5355,103.3,0.1479,119.8,0.3926,0.5172,1.535,0,0,0,100,16.28,0.2618,404,200,1,0,0.3504,1,1,1,1,1,1,1,4,4,-1,[ OK ]
2828.5,4/13/2026 8:54:28 PM,5356,103.3,0.1478,120.2,0.3939,0.5179,1.527,0,0,0,100,16.28,0.2609,404.2,200,1,0,0.3344,1,1,1,1,1,1,1,4,4,-1,[ OK ]
2829.1,4/13/2026 8:54:29 PM,5356,103.3,0.1479,120,0.3952,0.5175,1.532,0,0,0,100,16.28,0.2623,404.1,200,1,0,0.3361,1,1,1,1,1,1,1,4,4,-1,[ OK ]
2829.7,4/13/2026 8:54:29 PM,5357,103.3,0.1478,120.2,0.401,0.5172,1.534,0,0,0,100,16.28,0.2627,404.2,200,1,0,0.332,1,1,1,1,1,1,1,4,4,-1,[ OK ]
2830.2,4/13/2026 8:54:30 PM,5357,103.3,0.1478,120.2,0.4009,0.518,1.524,0,0,0,100,16.28,0.2626,404.2,200,1,0,0.3413,1,1,1,1,1,1,1,4,4,-1,[ OK ]
2830.7,4/13/2026 8:54:31 PM,5358,103.3,0.148,119.7,0.403,0.5184,1.521,0,0,0,100,16.28,0.2621,404,200,1,0,0.3347,1,1,1,1,1,1,1,4,4,-1,[ OK ]
2831.1,4/13/2026 8:54:31 PM,5358,103.3,0.148,119.8,0.3946,0.5173,1.533,0,0,0,100,16.28,0.2632,404.1,200,1,0,0.3144,1,1,1,1,1,1,1,4,4,-1,[ OK ]
2831.6,4/13/2026 8:54:31 PM,5359,103.3,0.1482,119,0.4003,0.5183,1.521,0,0,0,100,16.28,0.2612,404,200,1,0,0.3485,1,1,1,1,1,1,1,4,4,-1,[ OK ]
2832.2,4/13/2026 8:54:32 PM,5359,103.3,0.148,119.9,0.3961,0.5172,1.532,0,0,0,100,16.28,0.261,404,200,1,0,0.3423,1,1,1,1,1,1,1,4,4,-1,[ OK ]
2832.6,4/13/2026 8:54:32 PM,5360,103.3,0.1478,120.7,0.3997,0.5178,1.526,0,0,0,100,16.28,0.2616,404.2,200,1,0,0.3465,1,1,1,1,1,1,1,4,4,-1,[ OK ]
2833.2,4/13/2026 8:54:33 PM,5360,103.3,0.1479,120.2,0.3945,0.5179,1.525,0,0,0,100,16.28,0.263,404.2,200,1,0,0.3374,1,1,1,1,1,1,1,4,4,-1,[ OK ]
2833.8,4/13/2026 8:54:34 PM,5361,103.3,0.148,120,0.3924,0.518,1.525,0,0,0,100,16.28,0.2636,404.3,200,1,0,0.3382,1,1,1,1,1,1,1,4,4,-1,[ OK ]
2834.4,4/13/2026 8:54:34 PM,5362,103.3,0.148,119.9,0.4,0.5175,1.531,0,0,0,100,16.28,0.2615,404,200,1,0,0.3497,1,1,1,1,1,1,1,4,4,-1,[ OK ]
2835.1,4/13/2026 8:54:35 PM,5362,103.3,0.1482,119.3,0.3986,0.5177,1.529,0,0,0,100,16.28,0.26,404,200,1,0,0.3506,1,1,1,1,1,1,1,4,4,-1,[ OK ]
2835.6,4/13/2026 8:54:35 PM,5363,103.3,0.148,119.9,0.3997,0.5176,1.53,0,0,0,100,16.28,0.2591,404.2,200,1,0,0.3472,1,1,1,1,1,1,1,4,4,-1,[ OK ]
2836.2,4/13/2026 8:54:36 PM,5363,103.3,0.1481,119.4,0.3985,0.5187,1.518,0,0,0,100,16.28,0.2626,404.2,200,1,0,0.3355,1,1,1,1,1,1,1,4,4,-1,[ OK ]
2836.8,4/13/2026 8:54:37 PM,5364,103.3,0.148,119.7,0.3921,0.5173,1.532,0,0,0,100,16.28,0.2618,404.1,200,1,0,0.3458,1,1,1,1,1,1,1,4,4,-1,[ OK ]
2837.3,4/13/2026 8:54:37 PM,5365,103.3,0.1479,120.1,0.3954,0.5175,1.53,0,0,0,100,16.28,0.2623,404.2,200,1,0,0.3438,1,1,1,1,1,1,1,4,4,-1,[ OK ]
2838.0,4/13/2026 8:54:38 PM,5365,103.3,0.1478,120.6,0.3998,0.5178,1.527,0,0,0,100,16.28,0.2623,404.4,200,1,0,0.3492,1,1,1,1,1,1,1,4,4,-1,[ OK ]
2838.6,4/13/2026 8:54:38 PM,5366,103.3,0.1477,120.7,0.3992,0.5179,1.527,0,0,0,100,16.28,0.2609,404.2,200,1,0,0.348,1,1,1,1,1,1,1,4,4,-1,[ OK ]
2839.1,4/13/2026 8:54:39 PM,5366,103.3,0.1479,120.1,0.4018,0.5181,1.524,0,0,0,100,16.28,0.2615,404,200,1,0,0.3385,1,1,1,1,1,1,1,4,4,-1,[ OK ]
2839.6,4/13/2026 8:54:39 PM,5367,103.3,0.1479,119.9,0.3998,0.5181,1.524,0,0,0,100,16.28,0.262,404.2,200,1,0,0.3465,1,1,1,1,1,1,1,4,4,-1,[ OK ]
2840.1,4/13/2026 8:54:40 PM,5367,103.3,0.148,119.6,0.3996,0.5172,1.534,0,0,0,100,16.28,0.2601,403.9,200,1,0,0.3428,1,1,1,1,1,1,1,4,4,-1,[ OK ]
2840.7,4/13/2026 8:54:40 PM,5368,103.3,0.1478,120.4,0.4014,0.5179,1.526,0,0,0,100,16.28,0.2602,404.2,200,1,0,0.3481,1,1,1,1,1,1,1,4,4,-1,[ OK ]
2841.3,4/13/2026 8:54:41 PM,5369,103.3,0.1478,120.6,0.3974,0.518,1.525,0,0,0,100,16.28,0.259,404.1,200,1,0,0.3529,1,1,1,1,1,1,1,4,4,-1,[ OK ]
2841.9,4/13/2026 8:54:42 PM,5369,103.3,0.148,119.8,0.3967,0.518,1.525,0,0,0,100,16.28,0.2616,404.4,200,1,0,0.3403,1,1,1,1,1,1,1,4,4,-1,[ OK ]
2842.4,4/13/2026 8:54:42 PM,5370,103.3,0.1479,120,0.3959,0.5173,1.531,0,0,0,100,16.28,0.2629,404,200,1,0,0.3585,1,1,1,1,1,1,1,4,4,-1,[ OK ]
2843.1,4/13/2026 8:54:43 PM,5370,103.3,0.1477,120.9,0.4026,0.5173,1.533,0,0,0,100,16.28,0.2598,404.2,200,1,0,0.3485,1,1,1,1,1,1,1,4,4,-1,[ OK ]
2843.7,4/13/2026 8:54:43 PM,5371,103.3,0.1478,120.3,0.3923,0.5179,1.525,0,0,0,100,16.28,0.261,404,200,1,0,0.3225,1,1,1,1,1,1,1,4,4,-1,[ OK ]
2844.3,4/13/2026 8:54:44 PM,5372,103.3,0.1479,120.2,0.3927,0.5167,1.538,0,0,0,100,16.28,0.261,403.8,200,1,0,0.3391,1,1,1,1,1,1,1,4,4,-1,[ OK ]
2844.9,4/13/2026 8:54:45 PM,5372,103.3,0.148,119.9,0.3963,0.5173,1.533,0,0,0,100,16.28,0.2624,403.9,200,1,0,0.3346,1,1,1,1,1,1,1,4,4,-1,[ OK ]
2845.4,4/13/2026 8:54:45 PM,5373,103.3,0.1477,120.7,0.393,0.5175,1.53,0,0,0,100,16.28,0.2627,404.2,200,1,0,0.3397,1,1,1,1,1,1,1,4,4,-1,[ OK ]
2846.1,4/13/2026 8:54:46 PM,5373,103.3,0.148,119.8,0.3946,0.5184,1.52,0,0,0,100,16.28,0.2625,404.2,200,1,0,0.3407,1,1,1,1,1,1,1,4,4,-1,[ OK ]
2846.7,4/13/2026 8:54:47 PM,5374,103.3,0.1476,120.8,0.3999,0.5179,1.525,0,0,0,100,16.28,0.2628,404,200,1,0,0.3298,1,1,1,1,1,1,1,4,4,-1,[ OK ]
2847.3,4/13/2026 8:54:47 PM,5375,103.3,0.148,119.7,0.3965,0.517,1.535,0,0,0,100,16.28,0.2627,404.3,200,1,0,0.3456,1,1,1,1,1,1,1,4,4,-1,[ OK ]
2847.9,4/13/2026 8:54:48 PM,5375,103.3,0.148,119.5,0.3969,0.5178,1.527,0,0,0,100,16.28,0.2614,404.3,200,1,0,0.348,1,1,1,1,1,1,1,4,4,-1,[ OK ]
2848.5,4/13/2026 8:54:48 PM,5376,103.3,0.1478,120.1,0.3952,0.5182,1.522,0,0,0,100,16.28,0.2616,403.8,200,1,0,0.3339,1,1,1,1,1,1,1,4,4,-1,[ OK ]
2849.0,4/13/2026 8:54:49 PM,5376,103.3,0.1477,120.4,0.3998,0.517,1.535,0,0,0,100,16.28,0.262,403.8,200,1,0,0.349,1,1,1,1,1,1,1,4,4,-1,[ OK ]
2849.5,4/13/2026 8:54:49 PM,5377,103.3,0.148,119.6,0.393,0.5174,1.531,0,0,0,100,16.28,0.2635,404.3,200,1,0,0.3443,1,1,1,1,1,1,1,4,4,-1,[ OK ]
2850.1,4/13/2026 8:54:50 PM,5377,103.3,0.1479,120.1,0.3967,0.5177,1.527,0,0,0,100,16.28,0.262,403.8,200,1,0,0.3313,1,1,1,1,1,1,1,4,4,-1,[ OK ]
2850.6,4/13/2026 8:54:50 PM,5378,103.3,0.1478,120.3,0.3967,0.5175,1.53,0,0,0,100,16.28,0.2609,404,200,1,0,0.3355,1,1,1,1,1,1,1,4,4,-1,[ OK ]
2851.3,4/13/2026 8:54:51 PM,5378,103.3,0.1482,118.8,0.3933,0.5171,1.534,0,0,0,100,16.28,0.263,404,200,1,0,0.3421,1,1,1,1,1,1,1,4,4,-1,[ OK ]
2851.9,4/13/2026 8:54:52 PM,5379,103.3,0.1478,120.4,0.3996,0.5179,1.525,0,0,0,100,16.28,0.2621,404,200,1,0,0.3446,1,1,1,1,1,1,1,4,4,-1,[ OK ]
2852.5,4/13/2026 8:54:52 PM,5380,103.3,0.148,119.7,0.3948,0.5171,1.534,0,0,0,100,16.28,0.2602,403.9,200,1,0,0.3374,1,1,1,1,1,1,1,4,4,-1,[ OK ]
2853.1,4/13/2026 8:54:53 PM,5380,103.3,0.1481,119.2,0.402,0.5177,1.527,0,0,0,100,16.28,0.2593,403.9,200,1,0,0.3556,1,1,1,1,1,1,1,4,4,-1,[ OK ]
2853.7,4/13/2026 8:54:54 PM,5381,103.3,0.1478,120.1,0.3939,0.5171,1.534,0,0,0,100,16.28,0.2604,404.2,200,1,0,0.3353,1,1,1,1,1,1,1,4,4,-1,[ OK ]
2854.3,4/13/2026 8:54:54 PM,5381,103.3,0.1478,120.2,0.3946,0.5182,1.523,0,0,0,100,16.28,0.2598,403.9,200,1,0,0.3442,1,1,1,1,1,1,1,4,4,-1,[ OK ]
2854.9,4/13/2026 8:54:55 PM,5382,103.3,0.148,119.7,0.4022,0.5179,1.526,0,0,0,100,16.28,0.2627,404.3,200,1,0,0.3403,1,1,1,1,1,1,1,4,4,-1,[ OK ]
2855.4,4/13/2026 8:54:55 PM,5383,103.3,0.148,119.6,0.3936,0.5176,1.531,0,0,0,100,16.28,0.2617,404.2,200,1,0,0.3375,1,1,1,1,1,1,1,4,4,-1,[ OK ]
2855.9,4/13/2026 8:54:56 PM,5383,103.3,0.1479,119.9,0.3949,0.5179,1.527,0,0,0,100,16.28,0.2614,404,200,1,0,0.3408,1,1,1,1,1,1,1,4,4,-1,[ OK ]
2856.4,4/13/2026 8:54:56 PM,5384,103.3,0.1481,119.3,0.4037,0.5185,1.521,0,0,0,100,16.28,0.2628,404.3,200,1,0,0.3358,1,1,1,1,1,1,1,4,4,-1,[ OK ]
2857.0,4/13/2026 8:54:57 PM,5384,103.3,0.1479,119.9,0.3965,0.5183,1.523,0,0,0,100,16.28,0.2619,404.3,200,1,0,0.3368,1,1,1,1,1,1,1,4,4,-1,[ OK ]
2857.5,4/13/2026 8:54:57 PM,5385,103.3,0.1481,119.2,0.3945,0.5184,1.522,0,0,0,100,16.28,0.261,404,200,1,0,0.3501,1,1,1,1,1,1,1,4,4,-1,[ OK ]
2858.0,4/13/2026 8:54:58 PM,5385,103.3,0.1478,120.2,0.3918,0.5178,1.528,0,0,0,100,16.28,0.2604,404.2,200,1,0,0.3434,1,1,1,1,1,1,1,4,4,-1,[ OK ]
2858.5,4/13/2026 8:54:58 PM,5386,103.3,0.1479,119.8,0.4025,0.5183,1.522,0,0,0,100,16.28,0.2586,403.9,200,1,0,0.3431,1,1,1,1,1,1,1,4,4,-1,[ OK ]
2859.1,4/13/2026 8:54:59 PM,5386,103.3,0.1479,120.1,0.3976,0.518,1.526,0,0,0,100,16.28,0.2627,404,200,1,0,0.3381,1,1,1,1,1,1,1,4,4,-1,[ OK ]
2859.7,4/13/2026 8:54:59 PM,5387,103.3,0.1478,120.2,0.4045,0.5173,1.534,0,0,0,100,16.28,0.2601,404,200,1,0,0.3398,1,1,1,1,1,1,1,4,4,-1,[ OK ]
2860.3,4/13/2026 8:55:00 PM,5388,103.3,0.1479,119.8,0.4036,0.5177,1.53,0,0,0,100,16.28,0.2606,404.2,200,1,0,0.3475,1,1,1,1,1,1,1,4,4,-1,[ OK ]
2860.9,4/13/2026 8:55:01 PM,5388,103.3,0.1478,120.2,0.3969,0.5182,1.524,0,0,0,100,16.28,0.2605,404,200,1,0,0.3351,1,1,1,1,1,1,1,4,4,-1,[ OK ]
2861.4,4/13/2026 8:55:01 PM,5389,103.3,0.148,119.7,0.4002,0.5181,1.525,0,0,0,100,16.28,0.2619,403.9,200,1,0,0.3446,1,1,1,1,1,1,1,4,4,-1,[ OK ]
2862.1,4/13/2026 8:55:02 PM,5389,103.3,0.1478,120.5,0.3918,0.5186,1.519,0,0,0,100,16.28,0.2608,404.2,200,1,0,0.345,1,1,1,1,1,1,1,4,4,-1,[ OK ]
2862.7,4/13/2026 8:55:03 PM,5390,103.3,0.1479,120.1,0.396,0.5174,1.532,0,0,0,100,16.28,0.2601,403.9,200,1,0,0.3363,1,1,1,1,1,1,1,4,4,-1,[ OK ]
2863.3,4/13/2026 8:55:03 PM,5391,103.3,0.1482,119.2,0.3949,0.5179,1.527,0,0,0,100,16.28,0.2612,404,200,1,0,0.3484,1,1,1,1,1,1,1,4,4,-1,[ OK ]
2863.9,4/13/2026 8:55:04 PM,5391,103.3,0.1479,119.9,0.3992,0.5172,1.535,0,0,0,100,16.28,0.259,404,200,1,0,0.3582,1,1,1,1,1,1,1,4,4,-1,[ OK ]
2864.5,4/13/2026 8:55:04 PM,5392,103.3,0.1478,120.1,0.3918,0.5184,1.521,0,0,0,100,16.28,0.2617,403.9,200,1,0,0.3426,1,1,1,1,1,1,1,4,4,-1,[ OK ]
2865.2,4/13/2026 8:55:05 PM,5392,103.3,0.1477,120.5,0.4,0.5183,1.523,0,0,0,100,16.28,0.2595,404,200,1,0,0.3501,1,1,1,1,1,1,1,4,4,-1,[ OK ]
2865.8,4/13/2026 8:55:06 PM,5393,103.3,0.1477,120.8,0.3961,0.5185,1.521,0,0,0,100,16.28,0.261,404.3,200,1,0,0.3475,1,1,1,1,1,1,1,4,4,-1,[ OK ]
2866.4,4/13/2026 8:55:06 PM,5394,103.3,0.148,119.7,0.3973,0.5182,1.523,0,0,0,100,16.28,0.2583,404.3,200,1,0,0.3408,1,1,1,1,1,1,1,4,4,-1,[ OK ]
2867.0,4/13/2026 8:55:07 PM,5394,103.3,0.1479,120.2,0.4005,0.5182,1.523,0,0,0,100,16.28,0.259,403.8,200,1,0,0.3406,1,1,1,1,1,1,1,4,4,-1,[ OK ]
2867.6,4/13/2026 8:55:07 PM,5395,103.3,0.148,119.8,0.3984,0.5181,1.524,0,0,0,100,16.28,0.2569,403.8,200,1,0,0.3591,1,1,1,1,1,1,1,4,4,-1,[ OK ]
2868.2,4/13/2026 8:55:08 PM,5395,103.3,0.1479,120.1,0.3961,0.5182,1.524,0,0,0,100,16.28,0.2587,403.9,200,1,0,0.3524,1,1,1,1,1,1,1,4,4,-1,[ OK ]
2868.8,4/13/2026 8:55:09 PM,5396,103.3,0.1478,120.5,0.3977,0.5181,1.525,0,0,0,100,16.28,0.2601,403.9,200,1,0,0.3379,1,1,1,1,1,1,1,4,4,-1,[ OK ]
2869.4,4/13/2026 8:55:09 PM,5397,103.3,0.148,120,0.4002,0.5183,1.524,0,0,0,100,16.28,0.2601,404.2,200,1,0,0.3566,1,1,1,1,1,1,1,4,4,-1,[ OK ]
2870.2,4/13/2026 8:55:10 PM,5397,103.3,0.1477,120.7,0.3966,0.5181,1.526,0,0,0,100,16.28,0.259,404.2,200,1,0,0.3495,1,1,1,1,1,1,1,4,4,-1,[ OK ]
2870.8,4/13/2026 8:55:11 PM,5398,103.3,0.1481,119.5,0.4029,0.5182,1.525,0,0,0,100,16.28,0.2598,403.9,200,1,0,0.3477,1,1,1,1,1,1,1,4,4,-1,[ OK ]
2871.4,4/13/2026 8:55:11 PM,5399,103.3,0.1479,120.1,0.4023,0.5183,1.522,0,0,0,100,16.28,0.2578,403.9,200,1,0,0.3513,1,1,1,1,1,1,1,4,4,-1,[ OK ]
2872.0,4/13/2026 8:55:12 PM,5399,103.3,0.1481,119.6,0.4005,0.5175,1.531,0,0,0,100,16.28,0.2604,404.2,200,1,0,0.3441,1,1,1,1,1,1,1,4,4,-1,[ OK ]
2872.6,4/13/2026 8:55:12 PM,5400,103.3,0.1479,120,0.3926,0.518,1.526,0,0,0,100,16.28,0.258,403.7,200,1,0,0.3519,1,1,1,1,1,1,1,4,4,-1,[ OK ]
2873.3,4/13/2026 8:55:13 PM,5400,103.3,0.1481,119.4,0.3955,0.5179,1.527,0,0,0,100,16.28,0.2597,404.1,200,1,0,0.3503,1,1,1,1,1,1,1,4,4,-1,[ OK ]
2873.8,4/13/2026 8:55:14 PM,5401,103.3,0.1479,120.1,0.3929,0.5182,1.523,0,0,0,100,16.28,0.2589,404.2,200,1,0,0.3488,1,1,1,1,1,1,1,4,4,-1,[ OK ]
2874.4,4/13/2026 8:55:14 PM,5402,103.3,0.1478,120.3,0.3996,0.5173,1.533,0,0,0,100,16.28,0.2608,404,200,1,0,0.3356,1,1,1,1,1,1,1,4,4,-1,[ OK ]
2875.1,4/13/2026 8:55:15 PM,5402,103.3,0.148,119.7,0.3938,0.5182,1.524,0,0,0,100,16.28,0.26,404.3,200,1,0,0.3416,1,1,1,1,1,1,1,4,4,-1,[ OK ]
2875.6,4/13/2026 8:55:15 PM,5403,103.3,0.148,119.7,0.3934,0.5179,1.527,0,0,0,100,16.28,0.259,403.9,200,1,0,0.3525,1,1,1,1,1,1,1,4,4,-1,[ OK ]
2876.3,4/13/2026 8:55:16 PM,5403,103.3,0.1478,120.6,0.3965,0.5173,1.534,0,0,0,100,16.28,0.2584,404,200,1,0,0.3548,1,1,1,1,1,1,1,4,4,-1,[ OK ]
2876.9,4/13/2026 8:55:17 PM,5404,103.3,0.1478,120.4,0.399,0.5175,1.532,0,0,0,100,16.28,0.2591,404,200,1,0,0.3428,1,1,1,1,1,1,1,4,4,-1,[ OK ]
2877.4,4/13/2026 8:55:17 PM,5405,103.3,0.1479,120.3,0.3994,0.5175,1.532,0,0,0,100,16.28,0.2586,404.3,200,1,0,0.3546,1,1,1,1,1,1,1,4,4,-1,[ OK ]
2878.0,4/13/2026 8:55:18 PM,5405,103.3,0.1482,119.5,0.3984,0.5181,1.526,0,0,0,100,16.28,0.2581,403.9,200,1,0,0.3437,1,1,1,1,1,1,1,4,4,-1,[ OK ]
2878.6,4/13/2026 8:55:18 PM,5406,103.3,0.1482,119.3,0.4,0.5174,1.534,0,0,0,100,16.28,0.2554,404.2,200,1,0,0.3594,1,1,1,1,1,1,1,4,4,-1,[ OK ]
2879.2,4/13/2026 8:55:19 PM,5406,103.3,0.148,120.1,0.3998,0.5187,1.52,0,0,0,100,16.28,0.2598,404,200,1,0,0.3375,1,1,1,1,1,1,1,4,4,-1,[ OK ]
2879.7,4/13/2026 8:55:20 PM,5407,103.3,0.1477,121,0.3944,0.5173,1.534,0,0,0,100,16.28,0.2584,404.2,200,1,0,0.341,1,1,1,1,1,1,1,4,4,-1,[ OK ]
2880.2,4/13/2026 8:55:20 PM,5407,103.3,0.1481,119.9,0.4,0.5179,1.527,0,0,0,100,16.28,0.2598,404.2,200,1,0,0.3429,1,1,1,1,1,1,1,4,4,-1,[ OK ]
2880.7,4/13/2026 8:55:21 PM,5408,103.3,0.1481,119.7,0.3971,0.5185,1.521,0,0,0,100,16.28,0.2587,403.9,200,1,0,0.3613,1,1,1,1,1,1,1,4,4,-1,[ OK ]
2881.4,4/13/2026 8:55:21 PM,5409,103.3,0.1482,119.6,0.3989,0.5169,1.537,0,0,0,100,16.28,0.2567,404.2,200,1,0,0.3513,1,1,1,1,1,1,1,4,4,-1,[ OK ]
2882.0,4/13/2026 8:55:22 PM,5409,103.3,0.1483,119.4,0.3953,0.5179,1.527,0,0,0,100,16.28,0.2591,404,200,1,0,0.3581,1,1,1,1,1,1,1,4,4,-1,[ OK ]
2882.5,4/13/2026 8:55:22 PM,5410,103.3,0.1478,120.9,0.3962,0.5175,1.531,0,0,0,100,16.28,0.2604,403.9,200,1,0,0.3423,1,1,1,1,1,1,1,4,4,-1,[ OK ]
2883.1,4/13/2026 8:55:23 PM,5410,103.3,0.1485,118.7,0.397,0.5178,1.527,0,0,0,100,16.28,0.2579,404.2,200,1,0,0.3538,1,1,1,1,1,1,1,4,4,-1,[ OK ]
2883.6,4/13/2026 8:55:23 PM,5411,103.3,0.148,120.2,0.4027,0.5185,1.519,0,0,0,100,16.28,0.2605,403.9,200,1,0,0.3381,1,1,1,1,1,1,1,4,4,-1,[ OK ]
2884.2,4/13/2026 8:55:24 PM,5411,103.3,0.1479,120.3,0.3934,0.518,1.525,0,0,0,100,16.28,0.2602,404.2,200,1,0,0.344,1,1,1,1,1,1,1,4,4,-1,[ OK ]
2884.7,4/13/2026 8:55:25 PM,5412,103.3,0.1485,118.4,0.4003,0.5177,1.528,0,0,0,100,16.28,0.2571,404.1,200,1,0,0.3613,1,1,1,1,1,1,1,4,4,-1,[ OK ]
2885.3,4/13/2026 8:55:25 PM,5413,103.3,0.148,119.9,0.4035,0.5173,1.533,0,0,0,100,16.28,0.2601,404,200,1,0,0.3401,1,1,1,1,1,1,1,4,4,-1,[ OK ]
2886.0,4/13/2026 8:55:26 PM,5413,103.3,0.1479,120.4,0.4016,0.518,1.526,0,0,0,100,16.28,0.2605,403.8,200,1,0,0.3379,1,1,1,1,1,1,1,4,4,-1,[ OK ]
2886.7,4/13/2026 8:55:26 PM,5414,103.3,0.1478,120.7,0.3962,0.5176,1.531,0,0,0,100,16.28,0.2568,404.1,200,1,0,0.3593,1,1,1,1,1,1,1,4,4,-1,[ OK ]
2887.3,4/13/2026 8:55:27 PM,5414,103.3,0.148,120,0.3961,0.5178,1.528,0,0,0,100,16.28,0.2589,404.2,200,1,0,0.3466,1,1,1,1,1,1,1,4,4,-1,[ OK ]
2888.0,4/13/2026 8:55:28 PM,5415,103.3,0.1482,119.5,0.404,0.5181,1.525,0,0,0,100,16.28,0.2604,404.2,200,1,0,0.3539,1,1,1,1,1,1,1,4,4,-1,[ OK ]
2888.5,4/13/2026 8:55:28 PM,5416,103.3,0.1479,120.2,0.3918,0.5175,1.531,0,0,0,100,16.28,0.262,404,200,1,0,0.3502,1,1,1,1,1,1,1,4,4,-1,[ OK ]
2889.1,4/13/2026 8:55:29 PM,5416,103.3,0.1481,119.6,0.3952,0.5178,1.528,0,0,0,100,16.28,0.2604,404,200,1,0,0.3396,1,1,1,1,1,1,1,4,4,-1,[ OK ]
2889.7,4/13/2026 8:55:29 PM,5417,103.3,0.1482,119.3,0.4077,0.5179,1.527,0,0,0,100,16.28,0.2584,404,200,1,0,0.3617,1,1,1,1,1,1,1,4,4,-1,[ OK ]
2890.3,4/13/2026 8:55:30 PM,5418,103.3,0.1479,120.2,0.3979,0.5183,1.522,0,0,0,100,16.28,0.2581,404.2,200,1,0,0.3525,1,1,1,1,1,1,1,4,4,-1,[ OK ]
2891.0,4/13/2026 8:55:31 PM,5418,103.3,0.1479,120.2,0.3975,0.5182,1.524,0,0,0,100,16.28,0.2602,404.2,200,1,0,0.3464,1,1,1,1,1,1,1,4,4,-1,[ OK ]
2891.5,4/13/2026 8:55:31 PM,5419,103.3,0.1479,120.1,0.398,0.5185,1.519,0,0,0,100,16.28,0.2605,404.2,200,1,0,0.3485,1,1,1,1,1,1,1,4,4,-1,[ OK ]
2892.2,4/13/2026 8:55:32 PM,5419,103.3,0.148,119.8,0.3966,0.5181,1.523,0,0,0,100,16.28,0.2609,403.9,200,1,0,0.3445,1,1,1,1,1,1,1,4,4,-1,[ OK ]
2892.8,4/13/2026 8:55:33 PM,5420,103.3,0.148,119.9,0.399,0.5174,1.531,0,0,0,100,16.28,0.2612,404.1,200,1,0,0.3387,1,1,1,1,1,1,1,4,4,-1,[ OK ]
2893.4,4/13/2026 8:55:33 PM,5421,103.3,0.148,120.1,0.4013,0.518,1.526,0,0,0,100,16.28,0.2604,404.2,200,1,0,0.338,1,1,1,1,1,1,1,4,4,-1,[ OK ]
2894.0,4/13/2026 8:55:34 PM,5421,103.3,0.1482,119.4,0.3989,0.5177,1.528,0,0,0,100,16.28,0.2599,404.1,200,1,0,0.3433,1,1,1,1,1,1,1,4,4,-1,[ OK ]
2894.6,4/13/2026 8:55:34 PM,5422,103.3,0.148,119.9,0.3973,0.5176,1.53,0,0,0,100,16.28,0.2591,404,200,1,0,0.3387,1,1,1,1,1,1,1,4,4,-1,[ OK ]
2895.3,4/13/2026 8:55:35 PM,5422,103.3,0.1479,120.2,0.3985,0.5179,1.526,0,0,0,100,16.28,0.2613,404,200,1,0,0.3409,1,1,1,1,1,1,1,4,4,-1,[ OK ]
2895.9,4/13/2026 8:55:36 PM,5423,103.3,0.1478,120.5,0.4032,0.5185,1.52,0,0,0,100,16.28,0.2612,403.9,200,1,0,0.3466,1,1,1,1,1,1,1,4,4,-1,[ OK ]
2896.5,4/13/2026 8:55:36 PM,5424,103.3,0.1479,120.3,0.3918,0.5182,1.524,0,0,0,100,16.28,0.2604,403.8,200,1,0,0.3528,1,1,1,1,1,1,1,4,4,-1,[ OK ]
2897.1,4/13/2026 8:55:37 PM,5424,103.3,0.1482,119.4,0.3918,0.5176,1.53,0,0,0,100,16.28,0.2569,404.3,200,1,0,0.3443,1,1,1,1,1,1,1,4,4,-1,[ OK ]
2897.8,4/13/2026 8:55:38 PM,5425,103.3,0.1481,119.7,0.4037,0.5173,1.534,0,0,0,100,16.28,0.2572,403.9,200,1,0,0.3535,1,1,1,1,1,1,1,4,4,-1,[ OK ]
2898.3,4/13/2026 8:55:38 PM,5425,103.3,0.148,119.9,0.4001,0.5172,1.534,0,0,0,100,16.28,0.2594,403.8,200,1,0,0.3419,1,1,1,1,1,1,1,4,4,-1,[ OK ]
2898.9,4/13/2026 8:55:39 PM,5426,103.3,0.1478,120.6,0.3962,0.5176,1.529,0,0,0,100,16.28,0.2593,404.2,200,1,0,0.3408,1,1,1,1,1,1,1,4,4,-1,[ OK ]
2899.4,4/13/2026 8:55:39 PM,5427,103.3,0.1479,120.5,0.4015,0.517,1.537,0,0,0,100,16.28,0.2585,403.9,200,1,0,0.3589,1,1,1,1,1,1,1,4,4,-1,[ OK ]
2900.0,4/13/2026 8:55:40 PM,5427,103.3,0.1481,119.7,0.402,0.5183,1.523,0,0,0,100,16.28,0.2566,403.9,200,1,0,0.3528,1,1,1,1,1,1,1,4,4,-1,[ OK ]
2900.6,4/13/2026 8:55:40 PM,5428,103.3,0.1483,119.3,0.3976,0.5178,1.528,0,0,0,100,16.28,0.2588,404.2,200,1,0,0.3528,1,1,1,1,1,1,1,4,4,-1,[ OK ]
2901.2,4/13/2026 8:55:41 PM,5428,103.3,0.1481,119.7,0.402,0.5172,1.535,0,0,0,100,16.28,0.2595,404,200,1,0,0.3538,1,1,1,1,1,1,1,4,4,-1,[ OK ]
2901.7,4/13/2026 8:55:42 PM,5429,103.3,0.1479,120.7,0.3935,0.5176,1.53,0,0,0,100,16.28,0.2581,403.9,200,1,0,0.3563,1,1,1,1,1,1,1,4,4,-1,[ OK ]
2902.3,4/13/2026 8:55:42 PM,5430,103.3,0.148,120.1,0.3922,0.5174,1.532,0,0,0,100,16.28,0.2558,404.2,200,1,0,0.35,1,1,1,1,1,1,1,4,4,-1,[ OK ]
2902.9,4/13/2026 8:55:43 PM,5430,103.3,0.1481,120,0.4012,0.5177,1.528,0,0,0,100,16.28,0.2583,403.8,200,1,0,0.3443,1,1,1,1,1,1,1,4,4,-1,[ OK ]
2903.6,4/13/2026 8:55:43 PM,5431,103.3,0.1482,119.7,0.3947,0.5183,1.522,0,0,0,100,16.28,0.2587,403.8,200,1,0,0.3529,1,1,1,1,1,1,1,4,4,-1,[ OK ]
2904.2,4/13/2026 8:55:44 PM,5431,103.3,0.148,120.2,0.3918,0.5181,1.524,0,0,0,100,16.28,0.2567,404.2,200,1,0,0.3609,1,1,1,1,1,1,1,4,4,-1,[ OK ]
2904.7,4/13/2026 8:55:45 PM,5432,103.3,0.1482,119.6,0.4059,0.5178,1.527,0,0,0,100,16.28,0.2581,403.9,200,1,0,0.3569,1,1,1,1,1,1,1,4,4,-1,[ OK ]
2905.3,4/13/2026 8:55:45 PM,5433,103.3,0.148,120.2,0.399,0.5182,1.524,0,0,0,100,16.28,0.2605,404.2,200,1,0,0.3508,1,1,1,1,1,1,1,4,4,-1,[ OK ]
2906.0,4/13/2026 8:55:46 PM,5433,103.3,0.148,120.1,0.3924,0.5178,1.527,0,0,0,100,16.28,0.2594,403.9,200,1,0,0.3445,1,1,1,1,1,1,1,4,4,-1,[ OK ]
2906.5,4/13/2026 8:55:46 PM,5434,103.3,0.1479,120.5,0.3971,0.5173,1.534,0,0,0,100,16.28,0.2585,404.2,200,1,0,0.3502,1,1,1,1,1,1,1,4,4,-1,[ OK ]
2907.1,4/13/2026 8:55:47 PM,5434,103.3,0.148,120.2,0.3946,0.5172,1.536,0,0,0,100,16.28,0.2606,403.9,200,1,0,0.345,1,1,1,1,1,1,1,4,4,-1,[ OK ]
2907.6,4/13/2026 8:55:47 PM,5435,103.3,0.148,120.3,0.3991,0.5175,1.533,0,0,0,100,16.28,0.2593,404.3,200,1,0,0.3383,1,1,1,1,1,1,1,4,4,-1,[ OK ]
2908.2,4/13/2026 8:55:48 PM,5435,103.3,0.1481,119.9,0.3941,0.5175,1.533,0,0,0,100,16.28,0.2602,404.2,200,1,0,0.3421,1,1,1,1,1,1,1,4,4,-1,[ OK ]
2908.8,4/13/2026 8:55:49 PM,5436,103.3,0.1482,119.5,0.4037,0.5179,1.529,0,0,0,100,16.28,0.2611,404.1,200,1,0,0.3522,1,1,1,1,1,1,1,4,4,-1,[ OK ]
2909.3,4/13/2026 8:55:49 PM,5437,103.3,0.1482,119.4,0.3982,0.5176,1.532,0,0,0,100,16.28,0.2608,403.9,200,1,0,0.3529,1,1,1,1,1,1,1,4,4,-1,[ OK ]
2909.9,4/13/2026 8:55:50 PM,5437,103.3,0.148,119.9,0.3997,0.5183,1.524,0,0,0,100,16.28,0.2608,404.2,200,1,0,0.3501,1,1,1,1,1,1,1,4,4,-1,[ OK ]
2910.4,4/13/2026 8:55:50 PM,5438,103.3,0.148,119.9,0.3975,0.5179,1.528,0,0,0,100,16.28,0.2598,404,200,1,0,0.3369,1,1,1,1,1,1,1,4,4,-1,[ OK ]
2911.1,4/13/2026 8:55:51 PM,5438,103.3,0.1481,119.5,0.3983,0.5181,1.526,0,0,0,100,16.28,0.2578,403.9,200,1,0,0.3584,1,1,1,1,1,1,1,4,4,-1,[ OK ]
2911.6,4/13/2026 8:55:51 PM,5439,103.3,0.1479,120.1,0.3998,0.518,1.527,0,0,0,100,16.28,0.2617,404.1,200,1,0,0.3429,1,1,1,1,1,1,1,4,4,-1,[ OK ]
2912.1,4/13/2026 8:55:52 PM,5439,103.3,0.148,119.8,0.3967,0.5174,1.532,0,0,0,100,16.28,0.2607,404.2,200,1,0,0.3463,1,1,1,1,1,1,1,4,4,-1,[ OK ]
2912.6,4/13/2026 8:55:52 PM,5440,103.3,0.148,119.8,0.3926,0.5183,1.522,0,0,0,100,16.28,0.2585,404,200,1,0,0.3463,1,1,1,1,1,1,1,4,4,-1,[ OK ]
2913.1,4/13/2026 8:55:53 PM,5440,103.3,0.148,119.7,0.3982,0.5173,1.533,0,0,0,100,16.28,0.2586,403.9,200,1,0,0.3606,1,1,1,1,1,1,1,4,4,-1,[ OK ]
2913.7,4/13/2026 8:55:54 PM,5441,103.3,0.148,119.8,0.3987,0.5175,1.532,0,0,0,100,16.28,0.2608,403.9,200,1,0,0.3502,1,1,1,1,1,1,1,4,4,-1,[ OK ]
2914.3,4/13/2026 8:55:54 PM,5441,103.3,0.1477,121,0.3965,0.5184,1.521,0,0,0,100,16.28,0.2611,404.3,200,1,0,0.3483,1,1,1,1,1,1,1,4,4,-1,[ OK ]
2914.9,4/13/2026 8:55:55 PM,5442,103.3,0.1478,120.7,0.3942,0.5174,1.533,0,0,0,100,16.28,0.2601,404.1,200,1,0,0.3467,1,1,1,1,1,1,1,4,4,-1,[ OK ]
2915.5,4/13/2026 8:55:55 PM,5443,103.3,0.1482,119.3,0.3955,0.5176,1.53,0,0,0,100,16.28,0.2624,404.2,200,1,0,0.3448,1,1,1,1,1,1,1,4,4,-1,[ OK ]
2916.1,4/13/2026 8:55:56 PM,5443,103.3,0.148,120,0.3987,0.5177,1.529,0,0,0,100,16.28,0.26,404.1,200,1,0,0.3404,1,1,1,1,1,1,1,4,4,-1,[ OK ]
2916.7,4/13/2026 8:55:56 PM,5444,103.3,0.148,120,0.4006,0.5174,1.533,0,0,0,100,16.28,0.2592,403.8,200,1,0,0.3385,1,1,1,1,1,1,1,4,4,-1,[ OK ]
2917.3,4/13/2026 8:55:57 PM,5445,103.3,0.1482,119.5,0.3928,0.5183,1.523,0,0,0,100,16.28,0.2599,404.1,200,1,0,0.3413,1,1,1,1,1,1,1,4,4,-1,[ OK ]
2917.9,4/13/2026 8:55:58 PM,5445,103.3,0.1482,119.5,0.3975,0.518,1.527,0,0,0,100,16.28,0.2584,404.1,200,1,0,0.3443,1,1,1,1,1,1,1,4,4,-1,[ OK ]
2918.4,4/13/2026 8:55:58 PM,5446,103.3,0.1481,119.7,0.395,0.5184,1.522,0,0,0,100,16.28,0.2612,404.3,200,1,0,0.3424,1,1,1,1,1,1,1,4,4,-1,[ OK ]
2919.0,4/13/2026 8:55:59 PM,5446,103.3,0.148,120.2,0.3969,0.5175,1.532,0,0,0,100,16.28,0.2601,403.9,200,1,0,0.3522,1,1,1,1,1,1,1,4,4,-1,[ OK ]
2919.5,4/13/2026 8:55:59 PM,5447,103.3,0.148,119.8,0.3974,0.5184,1.523,0,0,0,100,16.28,0.2607,404.2,200,1,0,0.347,1,1,1,1,1,1,1,4,4,-1,[ OK ]
2920.1,4/13/2026 8:56:00 PM,5447,103.3,0.1477,120.9,0.4013,0.5177,1.531,0,0,0,100,16.28,0.26,403.9,200,1,0,0.3407,1,1,1,1,1,1,1,4,4,-1,[ OK ]
2920.7,4/13/2026 8:56:01 PM,5448,103.3,0.1479,120.2,0.4015,0.5181,1.526,0,0,0,100,16.28,0.2607,403.9,200,1,0,0.3491,1,1,1,1,1,1,1,4,4,-1,[ OK ]
2921.3,4/13/2026 8:56:01 PM,5449,103.3,0.1479,120.1,0.4016,0.5185,1.52,0,0,0,100,16.28,0.2582,404.2,200,1,0,0.341,1,1,1,1,1,1,1,4,4,-1,[ OK ]
2921.9,4/13/2026 8:56:02 PM,5449,103.3,0.148,120.1,0.4002,0.5182,1.525,0,0,0,100,16.28,0.261,404.2,200,1,0,0.3512,1,1,1,1,1,1,1,4,4,-1,[ OK ]
2922.6,4/13/2026 8:56:02 PM,5450,103.3,0.148,120.1,0.3945,0.518,1.527,0,0,0,100,16.28,0.2604,404,200,1,0,0.3499,1,1,1,1,1,1,1,4,4,-1,[ OK ]
2923.2,4/13/2026 8:56:03 PM,5450,103.3,0.148,120.2,0.3989,0.5181,1.524,0,0,0,100,16.28,0.2612,404.2,200,1,0,0.3466,1,1,1,1,1,1,1,4,4,-1,[ OK ]
2923.7,4/13/2026 8:56:04 PM,5451,103.3,0.1481,119.9,0.3918,0.5178,1.528,0,0,0,100,16.28,0.26,404,200,1,0,0.3659,1,1,1,1,1,1,1,4,4,-1,[ OK ]
2924.2,4/13/2026 8:56:04 PM,5451,103.3,0.1482,119.6,0.4029,0.5181,1.524,0,0,0,100,16.28,0.2596,403.9,200,1,0,0.3475,1,1,1,1,1,1,1,4,4,-1,[ OK ]
2924.9,4/13/2026 8:56:05 PM,5452,103.3,0.1482,119.7,0.4059,0.5174,1.532,0,0,0,100,16.28,0.2618,404.2,200,1,0,0.3534,1,1,1,1,1,1,1,4,4,-1,[ OK ]
2925.5,4/13/2026 8:56:05 PM,5453,103.3,0.1474,122.2,0.3927,0.5181,1.524,0,0,0,100,16.28,0.2591,403.9,200,1,0,0.3538,1,1,1,1,1,1,1,4,4,-1,[ OK ]
2926.1,4/13/2026 8:56:06 PM,5453,103.3,0.1481,119.8,0.398,0.5176,1.53,0,0,0,100,16.28,0.2588,404,200,1,0,0.3422,1,1,1,1,1,1,1,4,4,-1,[ OK ]
2926.6,4/13/2026 8:56:06 PM,5454,103.3,0.1481,120,0.4092,0.5183,1.522,0,0,0,100,16.28,0.2604,403.9,200,1,0,0.3454,1,1,1,1,1,1,1,4,4,-1,[ OK ]
2927.1,4/13/2026 8:56:07 PM,5454,103.3,0.1481,120,0.4014,0.5178,1.528,0,0,0,100,16.28,0.2632,404.1,200,1,0,0.333,1,1,1,1,1,1,1,4,4,-1,[ OK ]
2927.8,4/13/2026 8:56:08 PM,5455,103.3,0.1481,120.1,0.4035,0.5172,1.534,0,0,0,100,16.28,0.263,403.9,200,1,0,0.3389,1,1,1,1,1,1,1,4,4,-1,[ OK ]
2928.3,4/13/2026 8:56:08 PM,5456,103.3,0.1482,119.6,0.3939,0.5176,1.53,0,0,0,100,16.28,0.2623,404,200,1,0,0.336,1,1,1,1,1,1,1,4,4,-1,[ OK ]
2928.9,4/13/2026 8:56:09 PM,5456,103.3,0.1481,120.1,0.4023,0.5167,1.54,0,0,0,100,16.28,0.2604,404,200,1,0,0.3517,1,1,1,1,1,1,1,4,4,-1,[ OK ]
2929.5,4/13/2026 8:56:09 PM,5457,103.3,0.1482,119.8,0.3943,0.5173,1.533,0,0,0,100,16.28,0.2631,403.8,200,1,0,0.3335,1,1,1,1,1,1,1,4,4,-1,[ OK ]
2930.1,4/13/2026 8:56:10 PM,5457,103.3,0.148,120.2,0.3929,0.518,1.525,0,0,0,100,16.28,0.2616,404.2,200,1,0,0.3478,1,1,1,1,1,1,1,4,4,-1,[ OK ]
2930.6,4/13/2026 8:56:10 PM,5458,103.3,0.1478,121,0.3942,0.5182,1.523,0,0,0,100,16.28,0.2607,403.8,200,1,0,0.3388,1,1,1,1,1,1,1,4,4,-1,[ OK ]
2931.2,4/13/2026 8:56:11 PM,5458,103.3,0.1481,120.1,0.3997,0.5173,1.533,0,0,0,100,16.28,0.2635,404,200,1,0,0.3285,1,1,1,1,1,1,1,4,4,-1,[ OK ]
2931.7,4/13/2026 8:56:12 PM,5459,103.3,0.1481,120.1,0.3981,0.5183,1.523,0,0,0,100,16.28,0.2636,404.1,200,1,0,0.3272,1,1,1,1,1,1,1,4,4,-1,[ OK ]
2932.3,4/13/2026 8:56:12 PM,5460,103.3,0.1481,119.9,0.399,0.5174,1.532,0,0,0,100,16.28,0.2611,403.8,200,1,0,0.3463,1,1,1,1,1,1,1,4,4,-1,[ OK ]
2932.9,4/13/2026 8:56:13 PM,5460,103.3,0.1479,120.8,0.4005,0.5182,1.524,0,0,0,100,16.28,0.2616,404.3,200,1,0,0.3466,1,1,1,1,1,1,1,4,4,-1,[ OK ]
2933.5,4/13/2026 8:56:13 PM,5461,103.3,0.1479,120.7,0.4009,0.5174,1.533,0,0,0,100,16.28,0.2617,404,200,1,0,0.3343,1,1,1,1,1,1,1,4,4,-1,[ OK ]
2934.1,4/13/2026 8:56:14 PM,5461,103.3,0.1483,119.2,0.3965,0.517,1.536,0,0,0,100,16.28,0.2611,404,200,1,0,0.3417,1,1,1,1,1,1,1,4,4,-1,[ OK ]
2934.6,4/13/2026 8:56:14 PM,5462,103.3,0.1479,120.5,0.404,0.5185,1.521,0,0,0,100,16.28,0.2629,404.1,200,1,0,0.3406,1,1,1,1,1,1,1,4,4,-1,[ OK ]
2935.2,4/13/2026 8:56:15 PM,5462,103.3,0.1482,119.6,0.4057,0.518,1.526,0,0,0,100,16.28,0.2633,404.1,200,1,0,0.3518,1,1,1,1,1,1,1,4,4,-1,[ OK ]
2935.8,4/13/2026 8:56:16 PM,5463,103.3,0.1481,120.1,0.4029,0.5177,1.529,0,0,0,100,16.28,0.262,404.1,200,1,0,0.3507,1,1,1,1,1,1,1,4,4,-1,[ OK ]
2936.4,4/13/2026 8:56:16 PM,5464,103.3,0.1481,119.9,0.3987,0.5176,1.53,0,0,0,100,16.28,0.2638,404.3,200,1,0,0.3299,1,1,1,1,1,1,1,4,4,-1,[ OK ]
2936.9,4/13/2026 8:56:17 PM,5464,103.3,0.1478,121,0.3937,0.5174,1.532,0,0,0,100,16.28,0.2645,404.1,200,1,0,0.334,1,1,1,1,1,1,1,4,4,-1,[ OK ]
2937.5,4/13/2026 8:56:17 PM,5465,103.3,0.1481,120.1,0.3972,0.5174,1.532,0,0,0,100,16.28,0.2618,404,200,1,0,0.3462,1,1,1,1,1,1,1,4,4,-1,[ OK ]
2938.1,4/13/2026 8:56:18 PM,5465,103.3,0.1478,120.8,0.4068,0.5179,1.527,0,0,0,100,16.28,0.2658,404,200,1,0,0.3338,1,1,1,1,1,1,1,4,4,-1,[ OK ]
2938.7,4/13/2026 8:56:18 PM,5466,103.3,0.1481,119.8,0.4013,0.5184,1.522,0,0,0,100,16.28,0.2632,404.3,200,1,0,0.3456,1,1,1,1,1,1,1,4,4,-1,[ OK ]
2939.2,4/13/2026 8:56:19 PM,5466,103.3,0.1481,119.9,0.4037,0.5179,1.527,0,0,0,100,16.28,0.2612,404,200,1,0,0.3446,1,1,1,1,1,1,1,4,4,-1,[ OK ]
2939.6,4/13/2026 8:56:19 PM,5467,103.3,0.1481,119.9,0.3989,0.5173,1.533,0,0,0,100,16.28,0.2599,404.3,200,1,0,0.3528,1,1,1,1,1,1,1,4,4,-1,[ OK ]
2940.2,4/13/2026 8:56:20 PM,5467,103.3,0.1483,119.3,0.3966,0.5181,1.525,0,0,0,100,16.28,0.261,403.9,200,1,0,0.3545,1,1,1,1,1,1,1,4,4,-1,[ OK ]
2941.0,4/13/2026 8:56:21 PM,5468,103.3,0.1479,120.5,0.4041,0.5177,1.53,0,0,0,100,16.28,0.2607,404.2,200,1,0,0.3475,1,1,1,1,1,1,1,4,4,-1,[ OK ]
2941.5,4/13/2026 8:56:21 PM,5469,103.3,0.1481,120.2,0.4015,0.5174,1.532,0,0,0,100,16.28,0.2592,404.2,200,1,0,0.3431,1,1,1,1,1,1,1,4,4,-1,[ OK ]
2942.0,4/13/2026 8:56:22 PM,5469,103.3,0.1483,119.4,0.404,0.5175,1.531,0,0,0,100,16.28,0.2614,404.2,200,1,0,0.3477,1,1,1,1,1,1,1,4,4,-1,[ OK ]
2942.5,4/13/2026 8:56:22 PM,5470,103.3,0.1481,120.2,0.3959,0.5184,1.522,0,0,0,100,16.28,0.2591,404.1,200,1,0,0.3545,1,1,1,1,1,1,1,4,4,-1,[ OK ]
2943.1,4/13/2026 8:56:23 PM,5470,103.3,0.1482,120,0.3981,0.5183,1.524,0,0,0,100,16.28,0.2592,404.2,200,1,0,0.3532,1,1,1,1,1,1,1,4,4,-1,[ OK ]
2943.8,4/13/2026 8:56:24 PM,5471,103.3,0.1481,120.2,0.4022,0.5172,1.535,0,0,0,100,16.28,0.2581,404.2,200,1,0,0.3567,1,1,1,1,1,1,1,4,4,-1,[ OK ]
2944.3,4/13/2026 8:56:24 PM,5471,103.3,0.1483,119.7,0.3989,0.5184,1.521,0,0,0,100,16.28,0.2636,404,200,1,0,0.3463,1,1,1,1,1,1,1,4,4,-1,[ OK ]
2944.8,4/13/2026 8:56:25 PM,5472,103.3,0.1483,119.8,0.4045,0.5174,1.532,0,0,0,100,16.28,0.2624,404.2,200,1,0,0.3498,1,1,1,1,1,1,1,4,4,-1,[ OK ]
2945.3,4/13/2026 8:56:25 PM,5473,103.3,0.1482,119.8,0.3976,0.5177,1.529,0,0,0,100,16.28,0.2607,404.2,200,1,0,0.3393,1,1,1,1,1,1,1,4,4,-1,[ OK ]
2945.9,4/13/2026 8:56:26 PM,5473,103.3,0.1482,119.8,0.3986,0.5169,1.538,0,0,0,100,16.28,0.2622,404.2,200,1,0,0.3506,1,1,1,1,1,1,1,4,4,-1,[ OK ]
2946.5,4/13/2026 8:56:26 PM,5474,103.3,0.1481,120.4,0.3993,0.5183,1.523,0,0,0,100,16.28,0.2635,403.9,200,1,0,0.3485,1,1,1,1,1,1,1,4,4,-1,[ OK ]
2947.1,4/13/2026 8:56:27 PM,5474,103.3,0.1482,119.9,0.4002,0.5176,1.529,0,0,0,100,16.28,0.2606,404.1,200,1,0,0.3501,1,1,1,1,1,1,1,4,4,-1,[ OK ]
2947.6,4/13/2026 8:56:27 PM,5475,103.3,0.1483,119.5,0.3968,0.517,1.537,0,0,0,100,16.28,0.2618,404.1,200,1,0,0.3503,1,1,1,1,1,1,1,4,4,-1,[ OK ]
2948.2,4/13/2026 8:56:28 PM,5475,103.3,0.1482,119.8,0.4015,0.5169,1.539,0,0,0,100,16.28,0.2638,404.2,200,1,0,0.3339,1,1,1,1,1,1,1,4,4,-1,[ OK ]
2948.8,4/13/2026 8:56:29 PM,5476,103.3,0.1481,120,0.4,0.5182,1.525,0,0,0,100,16.28,0.263,403.9,200,1,0,0.3454,1,1,1,1,1,1,1,4,4,-1,[ OK ]
2949.4,4/13/2026 8:56:29 PM,5477,103.3,0.1482,119.6,0.4013,0.5183,1.523,0,0,0,100,16.28,0.2629,403.9,200,1,0,0.3473,1,1,1,1,1,1,1,4,4,-1,[ OK ]
2950.0,4/13/2026 8:56:30 PM,5477,103.3,0.148,120.5,0.3991,0.5178,1.528,0,0,0,100,16.28,0.2608,404.1,200,1,0,0.3399,1,1,1,1,1,1,1,4,4,-1,[ OK ]
2950.6,4/13/2026 8:56:30 PM,5478,103.3,0.1479,120.7,0.3931,0.5185,1.521,0,0,0,100,16.28,0.2636,404.2,200,1,0,0.3483,1,1,1,1,1,1,1,4,4,-1,[ OK ]
2951.2,4/13/2026 8:56:31 PM,5478,103.3,0.1479,120.9,0.3946,0.5173,1.534,0,0,0,100,16.28,0.2646,403.8,200,1,0,0.3265,1,1,1,1,1,1,1,4,4,-1,[ OK ]
2951.8,4/13/2026 8:56:32 PM,5479,103.3,0.1481,120.3,0.3973,0.518,1.526,0,0,0,100,16.28,0.2634,404.2,200,1,0,0.328,1,1,1,1,1,1,1,4,4,-1,[ OK ]
2952.4,4/13/2026 8:56:32 PM,5480,103.3,0.1483,119.4,0.3952,0.5177,1.53,0,0,0,100,16.28,0.261,404.2,200,1,0,0.3492,1,1,1,1,1,1,1,4,4,-1,[ OK ]
2953.0,4/13/2026 8:56:33 PM,5480,103.3,0.1483,119.3,0.3967,0.5183,1.524,0,0,0,100,16.28,0.2629,404.1,200,1,0,0.3369,1,1,1,1,1,1,1,4,4,-1,[ OK ]
2953.6,4/13/2026 8:56:33 PM,5481,103.3,0.1483,119.6,0.4016,0.5185,1.521,0,0,0,100,16.28,0.2658,404.1,200,1,0,0.3375,1,1,1,1,1,1,1,4,4,-1,[ OK ]
2954.2,4/13/2026 8:56:34 PM,5481,103.3,0.148,120.4,0.3959,0.5173,1.534,0,0,0,100,16.28,0.2617,404.2,200,1,0,0.3321,1,1,1,1,1,1,1,4,4,-1,[ OK ]
2954.8,4/13/2026 8:56:35 PM,5482,103.3,0.1482,119.9,0.3982,0.5174,1.534,0,0,0,100,16.28,0.2631,404.2,200,1,0,0.3299,1,1,1,1,1,1,1,4,4,-1,[ OK ]
2955.4,4/13/2026 8:56:35 PM,5483,103.3,0.1484,119.2,0.3929,0.518,1.527,0,0,0,100,16.28,0.263,403.8,200,1,0,0.3441,1,1,1,1,1,1,1,4,4,-1,[ OK ]
2956.0,4/13/2026 8:56:36 PM,5483,103.3,0.1482,119.9,0.4013,0.5179,1.528,0,0,0,100,16.28,0.2615,404.1,200,1,0,0.3427,1,1,1,1,1,1,1,4,4,-1,[ OK ]
2956.6,4/13/2026 8:56:36 PM,5484,103.3,0.1482,119.9,0.3984,0.5177,1.531,0,0,0,100,16.28,0.2633,404.2,200,1,0,0.3478,1,1,1,1,1,1,1,4,4,-1,[ OK ]
2957.2,4/13/2026 8:56:37 PM,5484,103.3,0.1483,119.7,0.3984,0.5176,1.531,0,0,0,100,16.28,0.2655,404,200,1,0,0.3432,1,1,1,1,1,1,1,4,4,-1,[ OK ]
2957.8,4/13/2026 8:56:38 PM,5485,103.3,0.1483,119.7,0.4034,0.5177,1.53,0,0,0,100,16.28,0.2665,404.2,200,1,0,0.3304,1,1,1,1,1,1,1,4,4,-1,[ OK ]
2958.4,4/13/2026 8:56:38 PM,5486,103.3,0.1482,120.1,0.3974,0.5179,1.528,0,0,0,100,16.28,0.2649,404,200,1,0,0.3272,1,1,1,1,1,1,1,4,4,-1,[ OK ]
2959.0,4/13/2026 8:56:39 PM,5486,103.3,0.1484,119.4,0.4013,0.5176,1.532,0,0,0,100,16.28,0.2655,404.1,200,1,0,0.3278,1,1,1,1,1,1,1,4,4,-1,[ OK ]
2959.6,4/13/2026 8:56:39 PM,5487,103.3,0.1481,120.1,0.4026,0.5179,1.528,0,0,0,100,16.28,0.2642,404.1,200,1,0,0.3434,1,1,1,1,1,1,1,4,4,-1,[ OK ]
2960.1,4/13/2026 8:56:40 PM,5487,103.3,0.1483,119.4,0.4026,0.518,1.527,0,0,0,100,16.28,0.2643,404,200,1,0,0.3416,1,1,1,1,1,1,1,4,4,-1,[ OK ]
2960.6,4/13/2026 8:56:40 PM,5488,103.3,0.1482,119.9,0.4082,0.5173,1.535,0,0,0,100,16.28,0.2631,404,200,1,0,0.3459,1,1,1,1,1,1,1,4,4,-1,[ OK ]
2961.1,4/13/2026 8:56:41 PM,5488,103.3,0.1483,119.7,0.4066,0.5182,1.525,0,0,0,100,16.28,0.2655,404.1,200,1,0,0.3357,1,1,1,1,1,1,1,4,4,-1,[ OK ]
2961.6,4/13/2026 8:56:41 PM,5489,103.3,0.148,120.6,0.3992,0.5179,1.528,0,0,0,100,16.28,0.2637,404.2,200,1,0,0.3326,1,1,1,1,1,1,1,4,4,-1,[ OK ]
2962.3,4/13/2026 8:56:42 PM,5489,103.3,0.1483,119.9,0.4049,0.518,1.527,0,0,0,100,16.28,0.2645,403.7,200,1,0,0.337,1,1,1,1,1,1,1,4,4,-1,[ OK ]
2962.8,4/13/2026 8:56:43 PM,5490,103.3,0.1482,120.2,0.3994,0.5179,1.527,0,0,0,100,16.28,0.2622,404,200,1,0,0.3497,1,1,1,1,1,1,1,4,4,-1,[ OK ]
2963.4,4/13/2026 8:56:43 PM,5491,103.3,0.1482,120.1,0.4024,0.5179,1.527,0,0,0,100,16.28,0.2633,404.2,200,1,0,0.3337,1,1,1,1,1,1,1,4,4,-1,[ OK ]
2964.0,4/13/2026 8:56:44 PM,5491,103.3,0.1483,119.6,0.4008,0.5179,1.528,0,0,0,100,16.28,0.2653,404.2,200,1,0,0.3384,1,1,1,1,1,1,1,4,4,-1,[ OK ]
2964.6,4/13/2026 8:56:44 PM,5492,103.3,0.148,120.6,0.3962,0.5182,1.524,0,0,0,100,16.28,0.2653,404.2,200,1,0,0.3325,1,1,1,1,1,1,1,4,4,-1,[ OK ]
2965.3,4/13/2026 8:56:45 PM,5492,103.3,0.1482,119.9,0.3948,0.5174,1.533,0,0,0,100,16.28,0.2655,404,200,1,0,0.3225,1,1,1,1,1,1,1,4,4,-1,[ OK ]
2965.8,4/13/2026 8:56:46 PM,5493,103.3,0.1483,119.7,0.3971,0.5181,1.525,0,0,0,100,16.28,0.2647,403.8,200,1,0,0.3377,1,1,1,1,1,1,1,4,4,-1,[ OK ]
2966.4,4/13/2026 8:56:46 PM,5494,103.3,0.1483,119.6,0.3995,0.5181,1.525,0,0,0,100,16.28,0.2652,403.9,200,1,0,0.3443,1,1,1,1,1,1,1,4,4,-1,[ OK ]
2966.9,4/13/2026 8:56:47 PM,5494,103.3,0.1481,120.1,0.3969,0.5186,1.52,0,0,0,100,16.28,0.2649,404.1,200,1,0,0.335,1,1,1,1,1,1,1,4,4,-1,[ OK ]
2967.6,4/13/2026 8:56:47 PM,5495,103.3,0.1482,119.9,0.3957,0.518,1.526,0,0,0,100,16.28,0.2623,404.2,200,1,0,0.3449,1,1,1,1,1,1,1,4,4,-1,[ OK ]
2968.1,4/13/2026 8:56:48 PM,5495,103.3,0.1483,119.7,0.399,0.5182,1.524,0,0,0,100,16.28,0.2635,403.9,200,1,0,0.3349,1,1,1,1,1,1,1,4,4,-1,[ OK ]
2968.7,4/13/2026 8:56:49 PM,5496,103.3,0.1481,120.2,0.3991,0.5178,1.529,0,0,0,100,16.28,0.264,404.1,200,1,0,0.3396,1,1,1,1,1,1,1,4,4,-1,[ OK ]
2969.2,4/13/2026 8:56:49 PM,5496,103.3,0.1483,119.7,0.396,0.5175,1.531,0,0,0,100,16.28,0.2644,404.2,200,1,0,0.3253,1,1,1,1,1,1,1,4,4,-1,[ OK ]
2969.8,4/13/2026 8:56:50 PM,5497,103.3,0.1482,120.2,0.4024,0.518,1.526,0,0,0,100,16.28,0.2645,404,200,1,0,0.3248,1,1,1,1,1,1,1,4,4,-1,[ OK ]
2970.5,4/13/2026 8:56:50 PM,5498,103.3,0.1481,120.5,0.395,0.5179,1.527,0,0,0,100,16.28,0.2628,404.2,200,1,0,0.3334,1,1,1,1,1,1,1,4,4,-1,[ OK ]
2971.2,4/13/2026 8:56:51 PM,5498,103.3,0.148,120.7,0.3949,0.5182,1.525,0,0,0,100,16.28,0.2665,404.1,200,1,0,0.3396,1,1,1,1,1,1,1,4,4,-1,[ OK ]
2971.8,4/13/2026 8:56:52 PM,5499,103.3,0.1485,119,0.3992,0.5184,1.522,0,0,0,100,16.28,0.2631,404.2,200,1,0,0.3353,1,1,1,1,1,1,1,4,4,-1,[ OK ]
2972.3,4/13/2026 8:56:52 PM,5500,103.3,0.1481,120.2,0.399,0.5185,1.52,0,0,0,100,16.28,0.2636,403.9,200,1,0,0.3374,1,1,1,1,1,1,1,4,4,-1,[ OK ]
2973.0,4/13/2026 8:56:53 PM,5500,103.3,0.1483,119.7,0.3994,0.5175,1.532,0,0,0,100,16.28,0.2654,404.3,200,1,0,0.3227,1,1,1,1,1,1,1,4,4,-1,[ OK ]
2973.6,4/13/2026 8:56:53 PM,5501,103.3,0.1481,120.2,0.3981,0.5184,1.521,0,0,0,100,16.28,0.263,403.9,200,1,0,0.3374,1,1,1,1,1,1,1,4,4,-1,[ OK ]
2974.1,4/13/2026 8:56:54 PM,5501,103.3,0.1481,120.4,0.3989,0.5172,1.534,0,0,0,100,16.28,0.2649,403.8,200,1,0,0.3402,1,1,1,1,1,1,1,4,4,-1,[ OK ]
2974.7,4/13/2026 8:56:55 PM,5502,103.3,0.1482,120,0.4002,0.518,1.526,0,0,0,100,16.28,0.2652,403.9,200,1,0,0.3288,1,1,1,1,1,1,1,4,4,-1,[ OK ]
2975.2,4/13/2026 8:56:55 PM,5502,103.3,0.1481,120.4,0.4016,0.5175,1.532,0,0,0,100,16.28,0.2646,403.8,200,1,0,0.3449,1,1,1,1,1,1,1,4,4,-1,[ OK ]
2975.9,4/13/2026 8:56:56 PM,5503,103.3,0.1484,119.3,0.4031,0.5179,1.528,0,0,0,100,16.28,0.263,403.9,200,1,0,0.3459,1,1,1,1,1,1,1,4,4,-1,[ OK ]
2976.5,4/13/2026 8:56:56 PM,5504,103.3,0.1482,119.9,0.3985,0.5171,1.537,0,0,0,100,16.28,0.2647,404,200,1,0,0.3245,1,1,1,1,1,1,1,4,4,-1,[ OK ]
2977.0,4/13/2026 8:56:57 PM,5504,103.3,0.1483,119.7,0.3994,0.5173,1.535,0,0,0,100,16.28,0.2646,404,200,1,0,0.3315,1,1,1,1,1,1,1,4,4,-1,[ OK ]
2977.6,4/13/2026 8:56:57 PM,5505,103.3,0.1483,119.7,0.3994,0.5176,1.533,0,0,0,100,16.28,0.2637,403.9,200,1,0,0.3383,1,1,1,1,1,1,1,4,4,-1,[ OK ]
2978.2,4/13/2026 8:56:58 PM,5505,103.3,0.1483,119.8,0.4002,0.5182,1.526,0,0,0,100,16.28,0.2662,404.2,200,1,0,0.3293,1,1,1,1,1,1,1,4,4,-1,[ OK ]
2978.9,4/13/2026 8:56:59 PM,5506,103.3,0.1483,119.7,0.4014,0.5179,1.529,0,0,0,100,16.28,0.2637,403.8,200,1,0,0.3383,1,1,1,1,1,1,1,4,4,-1,[ OK ]
2979.4,4/13/2026 8:56:59 PM,5507,103.3,0.148,120.7,0.3988,0.5186,1.52,0,0,0,100,16.28,0.2655,404.2,200,1,0,0.341,1,1,1,1,1,1,1,4,4,-1,[ OK ]
2980.0,4/13/2026 8:57:00 PM,5507,103.3,0.1482,119.9,0.3971,0.5184,1.521,0,0,0,100,16.28,0.2645,403.9,200,1,0,0.3267,1,1,1,1,1,1,1,4,4,-1,[ OK ]
2980.5,4/13/2026 8:57:00 PM,5508,103.3,0.1482,120.1,0.4006,0.5179,1.527,0,0,0,100,16.28,0.2662,403.8,200,1,0,0.3353,1,1,1,1,1,1,1,4,4,-1,[ OK ]
2981.1,4/13/2026 8:57:01 PM,5508,103.3,0.1482,119.9,0.3985,0.5167,1.54,0,0,0,100,16.28,0.2643,403.8,200,1,0,0.3348,1,1,1,1,1,1,1,4,4,-1,[ OK ]
2981.7,4/13/2026 8:57:01 PM,5509,103.3,0.1483,119.9,0.4013,0.5174,1.533,0,0,0,100,16.28,0.2648,403.8,200,1,0,0.3309,1,1,1,1,1,1,1,4,4,-1,[ OK ]
2982.3,4/13/2026 8:57:02 PM,5510,103.3,0.148,120.7,0.4013,0.5176,1.532,0,0,0,100,16.28,0.2674,403.8,200,1,0,0.3346,1,1,1,1,1,1,1,4,4,-1,[ OK ]
2982.9,4/13/2026 8:57:03 PM,5510,103.3,0.1482,120,0.399,0.5179,1.529,0,0,0,100,16.28,0.2666,404.1,200,1,0,0.3317,1,1,1,1,1,1,1,4,4,-1,[ OK ]
2983.5,4/13/2026 8:57:03 PM,5511,103.3,0.1482,120.1,0.405,0.5174,1.534,0,0,0,100,16.28,0.2636,404.2,200,1,0,0.3405,1,1,1,1,1,1,1,4,4,-1,[ OK ]
2984.2,4/13/2026 8:57:04 PM,5511,103.3,0.1484,119.4,0.397,0.5177,1.531,0,0,0,100,16.28,0.2661,404.3,200,1,0,0.348,1,1,1,1,1,1,1,4,4,-1,[ OK ]
2984.7,4/13/2026 8:57:04 PM,5512,103.3,0.148,121,0.4036,0.5182,1.525,0,0,0,100,16.28,0.2651,404.1,200,1,0,0.3263,1,1,1,1,1,1,1,4,4,-1,[ OK ]
2985.3,4/13/2026 8:57:05 PM,5513,103.3,0.1485,119.3,0.399,0.5178,1.529,0,0,0,100,16.28,0.2646,404,200,1,0,0.3388,1,1,1,1,1,1,1,4,4,-1,[ OK ]
2985.8,4/13/2026 8:57:06 PM,5513,103.3,0.1482,120.1,0.4027,0.5172,1.536,0,0,0,100,16.28,0.2649,403.9,200,1,0,0.3346,1,1,1,1,1,1,1,4,4,-1,[ OK ]
2986.5,4/13/2026 8:57:06 PM,5514,103.3,0.1482,119.9,0.3999,0.5186,1.521,0,0,0,100,16.28,0.2646,403.8,200,1,0,0.338,1,1,1,1,1,1,1,4,4,-1,[ OK ]
2987.0,4/13/2026 8:57:07 PM,5514,103.3,0.148,120.5,0.4039,0.5172,1.536,0,0,0,100,16.28,0.2651,403.8,200,1,0,0.3274,1,1,1,1,1,1,1,4,4,-1,[ OK ]
2987.7,4/13/2026 8:57:08 PM,5515,103.3,0.1481,120.2,0.3988,0.5178,1.529,0,0,0,100,16.28,0.2642,403.8,200,1,0,0.3417,1,1,1,1,1,1,1,4,4,-1,[ OK ]
2988.4,4/13/2026 8:57:08 PM,5516,103.3,0.1483,119.6,0.3938,0.5178,1.529,0,0,0,100,16.28,0.2681,404.2,200,1,0,0.324,1,1,1,1,1,1,1,4,4,-1,[ OK ]
2989.2,4/13/2026 8:57:09 PM,5516,103.3,0.1482,120.2,0.402,0.5183,1.523,0,0,0,100,16.28,0.267,404.2,200,1,0,0.3405,1,1,1,1,1,1,1,4,4,-1,[ OK ]
2989.9,4/13/2026 8:57:10 PM,5517,103.3,0.1482,120.2,0.397,0.5177,1.53,0,0,0,100,16.28,0.2664,403.9,200,1,0,0.3294,1,1,1,1,1,1,1,4,4,-1,[ OK ]
2990.5,4/13/2026 8:57:10 PM,5518,103.3,0.1481,120.4,0.398,0.5178,1.529,0,0,0,100,16.28,0.2668,404,200,1,0,0.3252,1,1,1,1,1,1,1,4,4,-1,[ OK ]
2991.0,4/13/2026 8:57:11 PM,5518,103.3,0.1482,120,0.3998,0.5174,1.535,0,0,0,100,16.28,0.263,404.2,200,1,0,0.3353,1,1,1,1,1,1,1,4,4,-1,[ OK ]
2991.5,4/13/2026 8:57:11 PM,5519,103.3,0.1481,120.5,0.3999,0.5184,1.524,0,0,0,100,16.28,0.2649,403.8,200,1,0,0.3427,1,1,1,1,1,1,1,4,4,-1,[ OK ]
2992.2,4/13/2026 8:57:12 PM,5519,103.3,0.1484,119.4,0.4012,0.5179,1.529,0,0,0,100,16.28,0.2617,404.2,200,1,0,0.3475,1,1,1,1,1,1,1,4,4,-1,[ OK ]
2992.8,4/13/2026 8:57:13 PM,5520,103.3,0.1481,120.2,0.402,0.5171,1.538,0,0,0,100,16.28,0.2649,403.8,200,1,0,0.3359,1,1,1,1,1,1,1,4,4,-1,[ OK ]
2993.4,4/13/2026 8:57:13 PM,5521,103.3,0.148,120.7,0.395,0.5183,1.524,0,0,0,100,16.28,0.2649,404.2,200,1,0,0.3393,1,1,1,1,1,1,1,4,4,-1,[ OK ]
2993.9,4/13/2026 8:57:14 PM,5521,103.3,0.1483,119.7,0.4015,0.5172,1.535,0,0,0,100,16.28,0.2653,404,200,1,0,0.3418,1,1,1,1,1,1,1,4,4,-1,[ OK ]
2994.4,4/13/2026 8:57:14 PM,5522,103.3,0.1482,120.1,0.3997,0.518,1.526,0,0,0,100,16.28,0.2668,404.3,200,1,0,0.3235,1,1,1,1,1,1,1,4,4,-1,[ OK ]
2995.1,4/13/2026 8:57:15 PM,5522,103.3,0.148,120.6,0.4011,0.5178,1.528,0,0,0,100,16.28,0.2654,404.1,200,1,0,0.3336,1,1,1,1,1,1,1,4,4,-1,[ OK ]
2995.7,4/13/2026 8:57:15 PM,5523,103.3,0.1482,120.1,0.402,0.5182,1.525,0,0,0,100,16.28,0.2654,403.8,200,1,0,0.3394,1,1,1,1,1,1,1,4,4,-1,[ OK ]
2996.3,4/13/2026 8:57:16 PM,5524,103.3,0.148,120.7,0.403,0.5175,1.532,0,0,0,100,16.28,0.2629,404.2,200,1,0,0.346,1,1,1,1,1,1,1,4,4,-1,[ OK ]
2996.9,4/13/2026 8:57:17 PM,5524,103.3,0.1482,120.1,0.3993,0.5172,1.535,0,0,0,100,16.28,0.2637,404.2,200,1,0,0.3441,1,1,1,1,1,1,1,4,4,-1,[ OK ]
2997.6,4/13/2026 8:57:17 PM,5525,103.3,0.1481,120.4,0.4024,0.5176,1.532,0,0,0,100,16.28,0.2664,403.8,200,1,0,0.32,1,1,1,1,1,1,1,4,4,-1,[ OK ]
2998.1,4/13/2026 8:57:18 PM,5525,103.3,0.1484,119.5,0.397,0.517,1.538,0,0,0,100,16.28,0.2631,404.1,200,1,0,0.3378,1,1,1,1,1,1,1,4,4,-1,[ OK ]
2998.7,4/13/2026 8:57:19 PM,5526,103.3,0.1483,119.9,0.3983,0.5181,1.526,0,0,0,100,16.28,0.2658,404.1,200,1,0,0.3347,1,1,1,1,1,1,1,4,4,-1,[ OK ]
2999.4,4/13/2026 8:57:19 PM,5527,103.3,0.1481,120.5,0.3985,0.518,1.527,0,0,0,100,16.28,0.2649,404.1,200,1,0,0.3294,1,1,1,1,1,1,1,4,4,-1,[ OK ]
3000.0,4/13/2026 8:57:20 PM,5527,103.3,0.1485,119.3,0.3981,0.5175,1.532,0,0,0,100,16.28,0.2668,404.1,200,1,0,0.3299,1,1,1,1,1,1,1,4,4,-1,[ OK ]
3000.7,4/13/2026 8:57:20 PM,5528,103.3,0.1482,120.3,0.3946,0.5179,1.528,0,0,0,100,16.28,0.2666,404.1,200,1,0,0.3438,1,1,1,1,1,1,1,4,4,-1,[ OK ]
3001.3,4/13/2026 8:57:21 PM,5529,103.3,0.1481,120.6,0.404,0.5172,1.534,0,0,0,100,16.28,0.2672,404.1,200,1,0,0.338,1,1,1,1,1,1,1,4,4,-1,[ OK ]
3001.8,4/13/2026 8:57:22 PM,5529,103.3,0.1481,120.4,0.3947,0.5181,1.525,0,0,0,100,16.28,0.2649,403.9,200,1,0,0.3512,1,1,1,1,1,1,1,4,4,-1,[ OK ]
3002.3,4/13/2026 8:57:22 PM,5530,103.3,0.1483,119.8,0.3966,0.5178,1.529,0,0,0,100,16.28,0.2653,403.9,200,1,0,0.3289,1,1,1,1,1,1,1,4,4,-1,[ OK ]
3002.9,4/13/2026 8:57:23 PM,5530,103.3,0.148,120.7,0.4016,0.5175,1.532,0,0,0,100,16.28,0.263,403.9,200,1,0,0.3368,1,1,1,1,1,1,1,4,4,-1,[ OK ]
3003.4,4/13/2026 8:57:23 PM,5531,103.3,0.1483,119.9,0.4036,0.5176,1.531,0,0,0,100,16.28,0.262,403.9,200,1,0,0.3513,1,1,1,1,1,1,1,4,4,-1,[ OK ]
3003.9,4/13/2026 8:57:24 PM,5531,103.3,0.1481,120.5,0.3918,0.5171,1.536,0,0,0,100,16.28,0.2623,403.9,200,1,0,0.336,1,1,1,1,1,1,1,4,4,-1,[ OK ]
3004.4,4/13/2026 8:57:24 PM,5532,103.3,0.1483,119.8,0.4008,0.518,1.526,0,0,0,100,16.28,0.2633,404.1,200,1,0,0.328,1,1,1,1,1,1,1,4,4,-1,[ OK ]
3004.9,4/13/2026 8:57:25 PM,5532,103.3,0.1485,119.3,0.397,0.5171,1.536,0,0,0,100,16.28,0.2631,404.1,200,1,0,0.338,1,1,1,1,1,1,1,4,4,-1,[ OK ]
3005.6,4/13/2026 8:57:25 PM,5533,103.3,0.1483,120.2,0.406,0.5183,1.523,0,0,0,100,16.28,0.2626,404.1,200,1,0,0.3405,1,1,1,1,1,1,1,4,4,-1,[ OK ]
3006.2,4/13/2026 8:57:26 PM,5533,103.3,0.1482,120.4,0.3982,0.5178,1.528,0,0,0,100,16.28,0.2627,404,200,1,0,0.3397,1,1,1,1,1,1,1,4,4,-1,[ OK ]
3006.7,4/13/2026 8:57:27 PM,5534,103.3,0.1481,120.6,0.3998,0.5173,1.535,0,0,0,100,16.28,0.263,404,200,1,0,0.343,1,1,1,1,1,1,1,4,4,-1,[ OK ]
3007.3,4/13/2026 8:57:27 PM,5535,103.3,0.1483,119.9,0.3948,0.5178,1.53,0,0,0,100,16.28,0.263,404,200,1,0,0.3485,1,1,1,1,1,1,1,4,4,-1,[ OK ]
3007.8,4/13/2026 8:57:28 PM,5535,103.3,0.1484,119.7,0.3962,0.5171,1.537,0,0,0,100,16.28,0.2632,404.1,200,1,0,0.3487,1,1,1,1,1,1,1,4,4,-1,[ OK ]
3008.4,4/13/2026 8:57:28 PM,5536,103.3,0.1483,120.3,0.4057,0.518,1.527,0,0,0,100,16.28,0.2629,403.9,200,1,0,0.3496,1,1,1,1,1,1,1,4,4,-1,[ OK ]
3008.9,4/13/2026 8:57:29 PM,5536,103.3,0.1483,120.1,0.3918,0.5175,1.532,0,0,0,100,16.28,0.2612,403.9,200,1,0,0.3436,1,1,1,1,1,1,1,4,4,-1,[ OK ]
3009.4,4/13/2026 8:57:29 PM,5537,103.3,0.148,121,0.3958,0.5184,1.522,0,0,0,100,16.28,0.2616,403.9,200,1,0,0.3505,1,1,1,1,1,1,1,4,4,-1,[ OK ]
3009.9,4/13/2026 8:57:30 PM,5537,103.3,0.1483,119.9,0.404,0.5179,1.528,0,0,0,100,16.28,0.2623,404,200,1,0,0.3469,1,1,1,1,1,1,1,4,4,-1,[ OK ]
3010.4,4/13/2026 8:57:30 PM,5538,103.3,0.1482,120.2,0.3971,0.5179,1.528,0,0,0,100,16.28,0.2634,404.2,200,1,0,0.3317,1,1,1,1,1,1,1,4,4,-1,[ OK ]
3011.0,4/13/2026 8:57:31 PM,5538,103.3,0.1481,120.4,0.3935,0.5176,1.532,0,0,0,100,16.28,0.2609,404.1,200,1,0,0.3365,1,1,1,1,1,1,1,4,4,-1,[ OK ]
3011.6,4/13/2026 8:57:31 PM,5539,103.3,0.1483,120,0.3935,0.5176,1.532,0,0,0,100,16.28,0.265,403.9,200,1,0,0.342,1,1,1,1,1,1,1,4,4,-1,[ OK ]
3012.2,4/13/2026 8:57:32 PM,5539,103.3,0.1482,120.2,0.4011,0.5174,1.534,0,0,0,100,16.28,0.2643,404.1,200,1,0,0.345,1,1,1,1,1,1,1,4,4,-1,[ OK ]
3012.8,4/13/2026 8:57:33 PM,5540,103.3,0.1485,119.4,0.3968,0.5181,1.527,0,0,0,100,16.28,0.2635,404,200,1,0,0.351,1,1,1,1,1,1,1,4,4,-1,[ OK ]
3013.4,4/13/2026 8:57:33 PM,5541,103.3,0.1481,120.5,0.3987,0.5183,1.525,0,0,0,100,16.28,0.2635,404,200,1,0,0.3434,1,1,1,1,1,1,1,4,4,-1,[ OK ]
3014.0,4/13/2026 8:57:34 PM,5541,103.3,0.1482,120.1,0.3967,0.5184,1.523,0,0,0,100,16.28,0.262,404.2,200,1,0,0.3374,1,1,1,1,1,1,1,4,4,-1,[ OK ]
3014.5,4/13/2026 8:57:34 PM,5542,103.3,0.1483,120,0.3968,0.5176,1.532,0,0,0,100,16.28,0.2633,404.1,200,1,0,0.3397,1,1,1,1,1,1,1,4,4,-1,[ OK ]
3015.0,4/13/2026 8:57:35 PM,5542,103.3,0.1484,119.6,0.3948,0.5175,1.534,0,0,0,100,16.28,0.2608,404.2,200,1,0,0.3493,1,1,1,1,1,1,1,4,4,-1,[ OK ]
3015.5,4/13/2026 8:57:35 PM,5543,103.3,0.1482,120.2,0.3923,0.5175,1.534,0,0,0,100,16.28,0.262,404,200,1,0,0.3382,1,1,1,1,1,1,1,4,4,-1,[ OK ]
3016.1,4/13/2026 8:57:36 PM,5543,103.3,0.1483,119.9,0.396,0.518,1.529,0,0,0,100,16.28,0.2612,404.3,200,1,0,0.344,1,1,1,1,1,1,1,4,4,-1,[ OK ]
3016.8,4/13/2026 8:57:37 PM,5544,103.3,0.1483,120,0.4003,0.518,1.528,0,0,0,100,16.28,0.263,404.1,200,1,0,0.3489,1,1,1,1,1,1,1,4,4,-1,[ OK ]
3017.4,4/13/2026 8:57:37 PM,5545,103.3,0.1481,120.6,0.4037,0.5181,1.527,0,0,0,100,16.28,0.2604,403.9,200,1,0,0.3529,1,1,1,1,1,1,1,4,4,-1,[ OK ]
3017.9,4/13/2026 8:57:38 PM,5545,103.3,0.1482,120.2,0.3933,0.5178,1.531,0,0,0,100,16.28,0.2616,404.1,200,1,0,0.3468,1,1,1,1,1,1,1,4,4,-1,[ OK ]
3018.5,4/13/2026 8:57:38 PM,5546,103.3,0.1483,119.8,0.3933,0.5187,1.521,0,0,0,100,16.28,0.2606,404.1,200,1,0,0.3567,1,1,1,1,1,1,1,4,4,-1,[ OK ]
3019.2,4/13/2026 8:57:39 PM,5546,103.3,0.1483,119.7,0.3956,0.5175,1.532,0,0,0,100,16.28,0.2605,403.9,200,1,0,0.3549,1,1,1,1,1,1,1,4,4,-1,[ OK ]
3019.7,4/13/2026 8:57:39 PM,5547,103.3,0.148,120.8,0.3957,0.5179,1.528,0,0,0,100,16.28,0.2606,403.8,200,1,0,0.3377,1,1,1,1,1,1,1,4,4,-1,[ OK ]
3020.3,4/13/2026 8:57:40 PM,5548,103.3,0.1483,119.6,0.3992,0.5183,1.523,0,0,0,100,16.28,0.2632,404.2,200,1,0,0.3436,1,1,1,1,1,1,1,4,4,-1,[ OK ]
3020.8,4/13/2026 8:57:41 PM,5548,103.3,0.1483,119.7,0.4014,0.5178,1.529,0,0,0,100,16.28,0.2616,404.1,200,1,0,0.3484,1,1,1,1,1,1,1,4,4,-1,[ OK ]
3021.3,4/13/2026 8:57:41 PM,5549,103.3,0.1483,119.8,0.3951,0.5176,1.532,0,0,0,100,16.28,0.2629,403.9,200,1,0,0.3416,1,1,1,1,1,1,1,4,4,-1,[ OK ]
3021.9,4/13/2026 8:57:42 PM,5549,103.3,0.1487,118.5,0.404,0.5175,1.532,0,0,0,100,16.28,0.2639,403.9,200,1,0,0.343,1,1,1,1,1,1,1,4,4,-1,[ OK ]
3022.4,4/13/2026 8:57:42 PM,5550,103.3,0.1482,120.4,0.4001,0.5173,1.535,0,0,0,100,16.28,0.2623,404.1,200,1,0,0.3337,1,1,1,1,1,1,1,4,4,-1,[ OK ]
3022.9,4/13/2026 8:57:43 PM,5550,103.3,0.1484,119.6,0.3981,0.5178,1.529,0,0,0,100,16.28,0.2614,404.2,200,1,0,0.3385,1,1,1,1,1,1,1,4,4,-1,[ OK ]
3023.5,4/13/2026 8:57:43 PM,5551,103.3,0.1482,120.1,0.3947,0.5183,1.524,0,0,0,100,16.28,0.2624,403.9,200,1,0,0.3382,1,1,1,1,1,1,1,4,4,-1,[ OK ]
3024.1,4/13/2026 8:57:44 PM,5551,103.3,0.1482,120.1,0.3966,0.5182,1.524,0,0,0,100,16.28,0.2634,403.8,200,1,0,0.3326,1,1,1,1,1,1,1,4,4,-1,[ OK ]
3024.7,4/13/2026 8:57:44 PM,5552,103.3,0.1481,120.4,0.3952,0.5173,1.535,0,0,0,100,16.28,0.263,404.1,200,1,0,0.3387,1,1,1,1,1,1,1,4,4,-1,[ OK ]
3025.3,4/13/2026 8:57:45 PM,5553,103.3,0.1482,120,0.3992,0.5179,1.529,0,0,0,100,16.28,0.263,404.1,200,1,0,0.3335,1,1,1,1,1,1,1,4,4,-1,[ OK ]
3025.8,4/13/2026 8:57:46 PM,5553,103.3,0.1483,119.9,0.3932,0.5177,1.53,0,0,0,100,16.28,0.2641,404,200,1,0,0.3405,1,1,1,1,1,1,1,4,4,-1,[ OK ]
3026.4,4/13/2026 8:57:46 PM,5554,103.3,0.1483,119.8,0.4028,0.5179,1.528,0,0,0,100,16.28,0.2628,404.2,200,1,0,0.3472,1,1,1,1,1,1,1,4,4,-1,[ OK ]
3027.0,4/13/2026 8:57:47 PM,5554,103.3,0.148,120.7,0.3966,0.5177,1.53,0,0,0,100,16.28,0.2623,404.2,200,1,0,0.3434,1,1,1,1,1,1,1,4,4,-1,[ OK ]
3027.6,4/13/2026 8:57:47 PM,5555,103.3,0.1482,120.2,0.4019,0.5174,1.533,0,0,0,100,16.28,0.2629,404.2,200,1,0,0.3412,1,1,1,1,1,1,1,4,4,-1,[ OK ]
3028.1,4/13/2026 8:57:48 PM,5555,103.3,0.1483,119.7,0.4016,0.5182,1.524,0,0,0,100,16.28,0.2643,404,200,1,0,0.3381,1,1,1,1,1,1,1,4,4,-1,[ OK ]
3028.6,4/13/2026 8:57:48 PM,5556,103.3,0.1483,119.7,0.4015,0.5179,1.529,0,0,0,100,16.28,0.2646,403.9,200,1,0,0.344,1,1,1,1,1,1,1,4,4,-1,[ OK ]
3029.1,4/13/2026 8:57:49 PM,5556,103.3,0.1481,120.5,0.4016,0.5177,1.531,0,0,0,100,16.28,0.2645,404.3,200,1,0,0.3303,1,1,1,1,1,1,1,4,4,-1,[ OK ]
3029.8,4/13/2026 8:57:50 PM,5557,103.3,0.1483,119.8,0.3937,0.518,1.527,0,0,0,100,16.28,0.2645,403.8,200,1,0,0.342,1,1,1,1,1,1,1,4,4,-1,[ OK ]
3030.4,4/13/2026 8:57:50 PM,5558,103.3,0.1481,120.4,0.3963,0.5179,1.528,0,0,0,100,16.28,0.2634,403.9,200,1,0,0.3397,1,1,1,1,1,1,1,4,4,-1,[ OK ]
3030.9,4/13/2026 8:57:51 PM,5558,103.3,0.1482,120,0.3922,0.5188,1.518,0,0,0,100,16.28,0.2635,404.1,200,1,0,0.3333,1,1,1,1,1,1,1,4,4,-1,[ OK ]
3031.5,4/13/2026 8:57:51 PM,5559,103.3,0.1481,120.3,0.3968,0.5179,1.527,0,0,0,100,16.28,0.2643,404.1,200,1,0,0.3295,1,1,1,1,1,1,1,4,4,-1,[ OK ]
3032.0,4/13/2026 8:57:52 PM,5559,103.3,0.1481,120.4,0.3979,0.5176,1.53,0,0,0,100,16.28,0.2641,403.8,200,1,0,0.3259,1,1,1,1,1,1,1,4,4,-1,[ OK ]
3032.6,4/13/2026 8:57:52 PM,5560,103.3,0.1482,120,0.3978,0.5179,1.527,0,0,0,100,16.28,0.2639,404.2,200,1,0,0.3292,1,1,1,1,1,1,1,4,4,-1,[ OK ]
3033.1,4/13/2026 8:57:53 PM,5560,103.3,0.1482,120.1,0.3994,0.5177,1.528,0,0,0,100,16.28,0.2644,404,200,1,0,0.3375,1,1,1,1,1,1,1,4,4,-1,[ OK ]
3033.7,4/13/2026 8:57:54 PM,5561,103.3,0.1483,119.9,0.4031,0.5183,1.522,0,0,0,100,16.28,0.2641,403.8,200,1,0,0.3339,1,1,1,1,1,1,1,4,4,-1,[ OK ]
3034.2,4/13/2026 8:57:54 PM,5561,103.3,0.1482,120.2,0.3988,0.5173,1.534,0,0,0,100,16.28,0.2634,404.3,200,1,0,0.3443,1,1,1,1,1,1,1,4,4,-1,[ OK ]
3034.7,4/13/2026 8:57:55 PM,5562,103.3,0.1481,120.4,0.3992,0.5184,1.522,0,0,0,100,16.28,0.2616,404.2,200,1,0,0.3449,1,1,1,1,1,1,1,4,4,-1,[ OK ]
3035.4,4/13/2026 8:57:55 PM,5563,103.3,0.148,120.7,0.4035,0.5174,1.533,0,0,0,100,16.28,0.2659,404.2,200,1,0,0.3288,1,1,1,1,1,1,1,4,4,-1,[ OK ]
3036.0,4/13/2026 8:57:56 PM,5563,103.3,0.1482,120.1,0.3955,0.5181,1.525,0,0,0,100,16.28,0.2636,403.9,200,1,0,0.3393,1,1,1,1,1,1,1,4,4,-1,[ OK ]
3036.6,4/13/2026 8:57:56 PM,5564,103.3,0.1483,119.7,0.3986,0.518,1.527,0,0,0,100,16.28,0.262,403.9,200,1,0,0.3468,1,1,1,1,1,1,1,4,4,-1,[ OK ]
3037.2,4/13/2026 8:57:57 PM,5564,103.3,0.1482,119.9,0.3921,0.5182,1.523,0,0,0,100,16.28,0.2627,404.1,200,1,0,0.3352,1,1,1,1,1,1,1,4,4,-1,[ OK ]
3037.9,4/13/2026 8:57:58 PM,5565,103.3,0.1482,120.1,0.3976,0.5174,1.531,0,0,0,100,16.28,0.2617,404,200,1,0,0.3507,1,1,1,1,1,1,1,4,4,-1,[ OK ]
3038.5,4/13/2026 8:57:58 PM,5566,103.3,0.1481,120.3,0.4016,0.5181,1.524,0,0,0,100,16.28,0.2617,404.1,200,1,0,0.336,1,1,1,1,1,1,1,4,4,-1,[ OK ]
3039.1,4/13/2026 8:57:59 PM,5566,103.3,0.1482,119.8,0.4061,0.5177,1.529,0,0,0,100,16.28,0.2629,403.9,200,1,0,0.3431,1,1,1,1,1,1,1,4,4,-1,[ OK ]
3039.7,4/13/2026 8:58:00 PM,5567,103.3,0.1484,119.4,0.3982,0.5177,1.53,0,0,0,100,16.28,0.263,404.2,200,1,0,0.3472,1,1,1,1,1,1,1,4,4,-1,[ OK ]
3040.4,4/13/2026 8:58:00 PM,5568,103.3,0.1483,119.7,0.4023,0.518,1.526,0,0,0,100,16.28,0.2616,404,200,1,0,0.3453,1,1,1,1,1,1,1,4,4,-1,[ OK ]
3041.0,4/13/2026 8:58:01 PM,5568,103.3,0.1479,121,0.3977,0.518,1.526,0,0,0,100,16.28,0.2613,404.1,200,1,0,0.3444,1,1,1,1,1,1,1,4,4,-1,[ OK ]
3041.6,4/13/2026 8:58:01 PM,5569,103.3,0.1482,120.1,0.3942,0.517,1.538,0,0,0,100,16.28,0.2618,403.9,200,1,0,0.334,1,1,1,1,1,1,1,4,4,-1,[ OK ]
3042.2,4/13/2026 8:58:02 PM,5569,103.3,0.1483,119.7,0.3994,0.5181,1.526,0,0,0,100,16.28,0.263,404.2,200,1,0,0.3479,1,1,1,1,1,1,1,4,4,-1,[ OK ]
3042.8,4/13/2026 8:58:03 PM,5570,103.3,0.1481,120.5,0.3939,0.5178,1.53,0,0,0,100,16.28,0.2614,404,200,1,0,0.3397,1,1,1,1,1,1,1,4,4,-1,[ OK ]
3043.5,4/13/2026 8:58:03 PM,5571,103.3,0.1481,120.4,0.3983,0.5178,1.529,0,0,0,100,16.28,0.262,404,200,1,0,0.3494,1,1,1,1,1,1,1,4,4,-1,[ OK ]
3044.1,4/13/2026 8:58:04 PM,5571,103.3,0.1482,120.2,0.3926,0.5179,1.528,0,0,0,100,16.28,0.2624,404.1,200,1,0,0.3463,1,1,1,1,1,1,1,4,4,-1,[ OK ]
3044.7,4/13/2026 8:58:05 PM,5572,103.3,0.1486,118.7,0.4015,0.5174,1.534,0,0,0,100,16.28,0.2618,404.2,200,1,0,0.341,1,1,1,1,1,1,1,4,4,-1,[ OK ]
3045.3,4/13/2026 8:58:05 PM,5573,103.3,0.1483,119.6,0.3967,0.5174,1.534,0,0,0,100,16.28,0.2604,404,200,1,0,0.3488,1,1,1,1,1,1,1,4,4,-1,[ OK ]
3045.8,4/13/2026 8:58:06 PM,5573,103.3,0.1482,120.1,0.398,0.5178,1.53,0,0,0,100,16.28,0.2618,403.9,200,1,0,0.3395,1,1,1,1,1,1,1,4,4,-1,[ OK ]
3046.4,4/13/2026 8:58:06 PM,5574,103.3,0.1483,120,0.3964,0.5176,1.532,0,0,0,100,16.28,0.2616,404.2,200,1,0,0.3479,1,1,1,1,1,1,1,4,4,-1,[ OK ]
3046.9,4/13/2026 8:58:07 PM,5574,103.3,0.1482,120.3,0.3994,0.5188,1.518,0,0,0,100,16.28,0.2632,404.1,200,1,0,0.3294,1,1,1,1,1,1,1,4,4,-1,[ OK ]
3047.5,4/13/2026 8:58:07 PM,5575,103.3,0.1483,119.8,0.3974,0.5183,1.524,0,0,0,100,16.28,0.2616,404.1,200,1,0,0.3373,1,1,1,1,1,1,1,4,4,-1,[ OK ]
3048.1,4/13/2026 8:58:08 PM,5575,103.3,0.1482,120,0.4034,0.5179,1.528,0,0,0,100,16.28,0.2606,404,200,1,0,0.3427,1,1,1,1,1,1,1,4,4,-1,[ OK ]
3048.7,4/13/2026 8:58:08 PM,5576,103.3,0.148,120.8,0.3965,0.5178,1.529,0,0,0,100,16.28,0.2593,404.2,200,1,0,0.3471,1,1,1,1,1,1,1,4,4,-1,[ OK ]
3049.3,4/13/2026 8:58:09 PM,5576,103.3,0.1482,120.1,0.3985,0.518,1.527,0,0,0,100,16.28,0.2621,404.2,200,1,0,0.3531,1,1,1,1,1,1,1,4,4,-1,[ OK ]
3049.7,4/13/2026 8:58:10 PM,5577,103.3,0.1482,120.1,0.3943,0.5179,1.528,0,0,0,100,16.28,0.2592,404.2,200,1,0,0.352,1,1,1,1,1,1,1,4,4,-1,[ OK ]
3050.2,4/13/2026 8:58:10 PM,5577,103.3,0.1483,119.7,0.401,0.5181,1.526,0,0,0,100,16.28,0.2615,404,200,1,0,0.3489,1,1,1,1,1,1,1,4,4,-1,[ OK ]
3050.7,4/13/2026 8:58:11 PM,5578,103.3,0.1481,120.5,0.3993,0.5184,1.523,0,0,0,100,16.28,0.2604,403.9,200,1,0,0.3498,1,1,1,1,1,1,1,4,4,-1,[ OK ]
3051.4,4/13/2026 8:58:11 PM,5579,103.4,0.1482,120,0.3985,0.5182,1.525,0,0,0,100,16.28,0.2607,404.2,200,1,0,0.3418,1,1,1,1,1,1,1,4,4,-1,[ OK ]
3051.9,4/13/2026 8:58:12 PM,5579,103.4,0.1481,120.4,0.4005,0.5183,1.524,0,0,0,100,16.28,0.2606,403.9,200,1,0,0.3481,1,1,1,1,1,1,1,4,4,-1,[ OK ]
3052.5,4/13/2026 8:58:12 PM,5580,103.4,0.1483,119.8,0.3999,0.518,1.526,0,0,0,100,16.28,0.2618,403.9,200,1,0,0.3337,1,1,1,1,1,1,1,4,4,-1,[ OK ]
3053.0,4/13/2026 8:58:13 PM,5580,103.4,0.1482,120,0.393,0.5179,1.528,0,0,0,100,16.28,0.2628,404.2,200,1,0,0.3388,1,1,1,1,1,1,1,4,4,-1,[ OK ]
3053.6,4/13/2026 8:58:13 PM,5581,103.4,0.1483,119.8,0.3942,0.5178,1.528,0,0,0,100,16.28,0.2598,403.8,200,1,0,0.3434,1,1,1,1,1,1,1,4,4,-1,[ OK ]
3054.3,4/13/2026 8:58:14 PM,5581,103.4,0.1485,119.2,0.4006,0.5173,1.534,0,0,0,100,16.28,0.2602,404.3,200,1,0,0.3495,1,1,1,1,1,1,1,4,4,-1,[ OK ]
3054.8,4/13/2026 8:58:15 PM,5582,103.4,0.1483,119.7,0.3976,0.5175,1.533,0,0,0,100,16.28,0.2591,403.8,200,1,0,0.3545,1,1,1,1,1,1,1,4,4,-1,[ OK ]
3055.3,4/13/2026 8:58:15 PM,5583,103.4,0.1485,119.2,0.4061,0.5182,1.525,0,0,0,100,16.28,0.2616,403.9,200,1,0,0.3463,1,1,1,1,1,1,1,4,4,-1,[ OK ]
3055.8,4/13/2026 8:58:16 PM,5583,103.4,0.1484,119.8,0.4036,0.5181,1.527,0,0,0,100,16.28,0.2589,404,200,1,0,0.3444,1,1,1,1,1,1,1,4,4,-1,[ OK ]
3056.5,4/13/2026 8:58:16 PM,5584,103.4,0.1486,119,0.3983,0.5175,1.534,0,0,0,100,16.28,0.2617,404.1,200,1,0,0.3436,1,1,1,1,1,1,1,4,4,-1,[ OK ]
3057.0,4/13/2026 8:58:17 PM,5584,103.4,0.1484,119.8,0.4029,0.5173,1.536,0,0,0,100,16.28,0.2626,403.9,200,1,0,0.3353,1,1,1,1,1,1,1,4,4,-1,[ OK ]
3057.6,4/13/2026 8:58:17 PM,5585,103.4,0.1484,119.7,0.398,0.5189,1.519,0,0,0,100,16.28,0.261,404.2,200,1,0,0.3483,1,1,1,1,1,1,1,4,4,-1,[ OK ]
3058.2,4/13/2026 8:58:18 PM,5585,103.4,0.1483,119.9,0.4028,0.5185,1.523,0,0,0,100,16.28,0.2626,403.8,200,1,0,0.3452,1,1,1,1,1,1,1,4,4,-1,[ OK ]
3058.7,4/13/2026 8:58:19 PM,5586,103.4,0.1484,119.6,0.4077,0.5177,1.531,0,0,0,100,16.28,0.261,404.2,200,1,0,0.3526,1,1,1,1,1,1,1,4,4,-1,[ OK ]
3059.2,4/13/2026 8:58:19 PM,5586,103.4,0.1483,119.7,0.4014,0.5185,1.522,0,0,0,100,16.28,0.261,403.8,200,1,0,0.3412,1,1,1,1,1,1,1,4,4,-1,[ OK ]
3059.7,4/13/2026 8:58:19 PM,5587,103.4,0.1483,119.9,0.4096,0.5175,1.532,0,0,0,100,16.28,0.2615,403.9,200,1,0,0.3366,1,1,1,1,1,1,1,4,4,-1,[ OK ]
3060.2,4/13/2026 8:58:20 PM,5587,103.4,0.1483,119.7,0.4043,0.5182,1.524,0,0,0,100,16.28,0.2629,404.1,200,1,0,0.3431,1,1,1,1,1,1,1,4,4,-1,[ OK ]
3060.8,4/13/2026 8:58:21 PM,5588,103.4,0.1482,120.2,0.3981,0.5178,1.528,0,0,0,100,16.28,0.2635,403.9,200,1,0,0.3419,1,1,1,1,1,1,1,4,4,-1,[ OK ]
3061.5,4/13/2026 8:58:21 PM,5589,103.4,0.1482,120.2,0.3999,0.5186,1.52,0,0,0,100,16.28,0.2634,403.9,200,1,0,0.3371,1,1,1,1,1,1,1,4,4,-1,[ OK ]
3062.0,4/13/2026 8:58:22 PM,5589,103.4,0.1483,119.9,0.401,0.5182,1.524,0,0,0,100,16.28,0.2634,403.9,200,1,0,0.3326,1,1,1,1,1,1,1,4,4,-1,[ OK ]
3062.5,4/13/2026 8:58:22 PM,5590,103.4,0.1483,120,0.3949,0.5177,1.529,0,0,0,100,16.28,0.2629,403.8,200,1,0,0.3394,1,1,1,1,1,1,1,4,4,-1,[ OK ]
3063.0,4/13/2026 8:58:23 PM,5590,103.4,0.1483,120,0.3918,0.518,1.525,0,0,0,100,16.28,0.2619,403.9,200,1,0,0.3355,1,1,1,1,1,1,1,4,4,-1,[ OK ]
3063.6,4/13/2026 8:58:23 PM,5591,103.4,0.1484,119.7,0.3961,0.5178,1.527,0,0,0,100,16.28,0.2618,404.1,200,1,0,0.3378,1,1,1,1,1,1,1,4,4,-1,[ OK ]
3064.2,4/13/2026 8:58:24 PM,5591,103.4,0.1483,119.8,0.4001,0.518,1.525,0,0,0,100,16.28,0.2638,403.8,200,1,0,0.3467,1,1,1,1,1,1,1,4,4,-1,[ OK ]
3064.7,4/13/2026 8:58:24 PM,5592,103.4,0.1484,119.8,0.3971,0.518,1.525,0,0,0,100,16.28,0.2635,404.3,200,1,0,0.3432,1,1,1,1,1,1,1,4,4,-1,[ OK ]
3065.2,4/13/2026 8:58:25 PM,5592,103.4,0.1483,120,0.4024,0.5181,1.524,0,0,0,100,16.28,0.262,404.1,200,1,0,0.343,1,1,1,1,1,1,1,4,4,-1,[ OK ]
3065.7,4/13/2026 8:58:26 PM,5593,103.4,0.1486,118.9,0.3955,0.5174,1.532,0,0,0,100,16.28,0.2645,404.1,200,1,0,0.3385,1,1,1,1,1,1,1,4,4,-1,[ OK ]
3066.2,4/13/2026 8:58:26 PM,5593,103.4,0.1484,119.9,0.4068,0.5184,1.52,0,0,0,100,16.28,0.2642,404.1,200,1,0,0.3436,1,1,1,1,1,1,1,4,4,-1,[ OK ]
3066.8,4/13/2026 8:58:27 PM,5594,103.4,0.1484,119.7,0.3962,0.5176,1.531,0,0,0,100,16.28,0.2634,403.8,200,1,0,0.338,1,1,1,1,1,1,1,4,4,-1,[ OK ]
3067.4,4/13/2026 8:58:27 PM,5595,103.4,0.1483,120.3,0.4014,0.5176,1.53,0,0,0,100,16.28,0.2631,404.3,200,1,0,0.3384,1,1,1,1,1,1,1,4,4,-1,[ OK ]
3067.9,4/13/2026 8:58:28 PM,5595,103.4,0.1485,119.6,0.4021,0.5177,1.528,0,0,0,100,16.28,0.2612,403.9,200,1,0,0.3388,1,1,1,1,1,1,1,4,4,-1,[ OK ]
3068.5,4/13/2026 8:58:28 PM,5596,103.4,0.1484,119.8,0.4015,0.518,1.527,0,0,0,100,16.28,0.2633,404.2,200,1,0,0.3399,1,1,1,1,1,1,1,4,4,-1,[ OK ]
3069.0,4/13/2026 8:58:29 PM,5596,103.4,0.1484,119.9,0.3955,0.5178,1.528,0,0,0,100,16.28,0.2631,403.9,200,1,0,0.3327,1,1,1,1,1,1,1,4,4,-1,[ OK ]
3069.6,4/13/2026 8:58:29 PM,5597,103.4,0.1484,120.1,0.4035,0.5179,1.527,0,0,0,100,16.28,0.2641,404.1,200,1,0,0.3563,1,1,1,1,1,1,1,4,4,-1,[ OK ]
3070.1,4/13/2026 8:58:30 PM,5597,103.4,0.1485,119.7,0.3929,0.518,1.525,0,0,0,100,16.28,0.2603,403.8,200,1,0,0.3437,1,1,1,1,1,1,1,4,4,-1,[ OK ]
3070.7,4/13/2026 8:58:31 PM,5598,103.4,0.1484,119.9,0.3981,0.5182,1.523,0,0,0,100,16.28,0.2608,403.8,200,1,0,0.3536,1,1,1,1,1,1,1,4,4,-1,[ OK ]
3071.2,4/13/2026 8:58:31 PM,5598,103.4,0.1485,119.8,0.4014,0.5174,1.532,0,0,0,100,16.28,0.2626,403.9,200,1,0,0.3401,1,1,1,1,1,1,1,4,4,-1,[ OK ]
3071.7,4/13/2026 8:58:32 PM,5599,103.4,0.1486,119.3,0.4027,0.5178,1.528,0,0,0,100,16.28,0.261,404.1,200,1,0,0.3557,1,1,1,1,1,1,1,4,4,-1,[ OK ]
3072.3,4/13/2026 8:58:32 PM,5599,103.4,0.1484,119.9,0.3929,0.5184,1.521,0,0,0,100,16.28,0.2608,403.9,200,1,0,0.3404,1,1,1,1,1,1,1,4,4,-1,[ OK ]
3072.8,4/13/2026 8:58:33 PM,5600,103.4,0.1486,119.4,0.4013,0.5178,1.528,0,0,0,100,16.28,0.2604,404.1,200,1,0,0.3494,1,1,1,1,1,1,1,4,4,-1,[ OK ]
3073.2,4/13/2026 8:58:33 PM,5600,103.4,0.1484,120,0.3939,0.5178,1.529,0,0,0,100,16.28,0.2636,404.2,200,1,0,0.3483,1,1,1,1,1,1,1,4,4,-1,[ OK ]
3073.7,4/13/2026 8:58:34 PM,5601,103.4,0.1483,120.2,0.3981,0.5178,1.53,0,0,0,100,16.28,0.2625,404.2,200,1,0,0.3485,1,1,1,1,1,1,1,4,4,-1,[ OK ]
3074.2,4/13/2026 8:58:34 PM,5601,103.4,0.1484,119.8,0.4006,0.5177,1.53,0,0,0,100,16.28,0.2621,404.3,200,1,0,0.3509,1,1,1,1,1,1,1,4,4,-1,[ OK ]
3074.8,4/13/2026 8:58:35 PM,5602,103.4,0.1484,119.9,0.3995,0.5183,1.523,0,0,0,100,16.28,0.2632,403.9,200,1,0,0.3468,1,1,1,1,1,1,1,4,4,-1,[ OK ]
3075.3,4/13/2026 8:58:35 PM,5603,103.4,0.1483,120.2,0.3974,0.5182,1.524,0,0,0,100,16.28,0.263,404,200,1,0,0.3449,1,1,1,1,1,1,1,4,4,-1,[ OK ]
3075.8,4/13/2026 8:58:36 PM,5603,103.4,0.1483,120.4,0.3998,0.518,1.526,0,0,0,100,16.28,0.2604,404.1,200,1,0,0.3392,1,1,1,1,1,1,1,4,4,-1,[ OK ]
3076.4,4/13/2026 8:58:36 PM,5604,103.4,0.1484,120,0.4037,0.5175,1.531,0,0,0,100,16.28,0.2621,404.1,200,1,0,0.339,1,1,1,1,1,1,1,4,4,-1,[ OK ]
3077.0,4/13/2026 8:58:37 PM,5604,103.4,0.1487,119.2,0.4037,0.5175,1.531,0,0,0,100,16.28,0.2627,404.2,200,1,0,0.3349,1,1,1,1,1,1,1,4,4,-1,[ OK ]
3077.5,4/13/2026 8:58:37 PM,5605,103.4,0.1484,120.1,0.4034,0.5175,1.532,0,0,0,100,16.28,0.2633,404.1,200,1,0,0.3335,1,1,1,1,1,1,1,4,4,-1,[ OK ]
3078.0,4/13/2026 8:58:38 PM,5605,103.4,0.1486,119.6,0.3933,0.5181,1.526,0,0,0,100,16.28,0.2627,404.1,200,1,0,0.3469,1,1,1,1,1,1,1,4,4,-1,[ OK ]
3078.5,4/13/2026 8:58:38 PM,5606,103.4,0.1485,119.8,0.3976,0.5185,1.522,0,0,0,100,16.28,0.2605,403.9,200,1,0,0.3536,1,1,1,1,1,1,1,4,4,-1,[ OK ]
3078.9,4/13/2026 8:58:39 PM,5606,103.4,0.1483,120.4,0.3967,0.5178,1.529,0,0,0,100,16.28,0.2623,403.8,200,1,0,0.3513,1,1,1,1,1,1,1,4,4,-1,[ OK ]
3079.5,4/13/2026 8:58:39 PM,5607,103.4,0.1484,120.1,0.4006,0.5173,1.535,0,0,0,100,16.28,0.2609,403.8,200,1,0,0.3455,1,1,1,1,1,1,1,4,4,-1,[ OK ]
3080.0,4/13/2026 8:58:40 PM,5607,103.4,0.1485,119.7,0.3966,0.5178,1.53,0,0,0,100,16.28,0.2627,404.2,200,1,0,0.3314,1,1,1,1,1,1,1,4,4,-1,[ OK ]
3080.5,4/13/2026 8:58:40 PM,5608,103.4,0.1484,120,0.3966,0.518,1.528,0,0,0,100,16.28,0.2649,404,200,1,0,0.3435,1,1,1,1,1,1,1,4,4,-1,[ OK ]
3081.1,4/13/2026 8:58:41 PM,5608,103.4,0.1483,120.4,0.4079,0.5182,1.525,0,0,0,100,16.28,0.2607,404.2,200,1,0,0.3419,1,1,1,1,1,1,1,4,4,-1,[ OK ]
3081.6,4/13/2026 8:58:41 PM,5609,103.4,0.1484,120.1,0.403,0.5184,1.524,0,0,0,100,16.28,0.2635,404.1,200,1,0,0.3423,1,1,1,1,1,1,1,4,4,-1,[ OK ]
3082.2,4/13/2026 8:58:42 PM,5609,103.4,0.1485,119.6,0.4014,0.5185,1.521,0,0,0,100,16.28,0.2623,404,200,1,0,0.3364,1,1,1,1,1,1,1,4,4,-1,[ OK ]
3082.7,4/13/2026 8:58:42 PM,5610,103.4,0.1484,120.2,0.3967,0.5182,1.526,0,0,0,100,16.28,0.2605,404.2,200,1,0,0.3592,1,1,1,1,1,1,1,4,4,-1,[ OK ]
3083.3,4/13/2026 8:58:43 PM,5611,103.4,0.1487,119.3,0.3987,0.5174,1.535,0,0,0,100,16.28,0.2647,403.9,200,1,0,0.3507,1,1,1,1,1,1,1,4,4,-1,[ OK ]
3083.8,4/13/2026 8:58:44 PM,5611,103.4,0.1485,119.9,0.3966,0.5177,1.531,0,0,0,100,16.28,0.2624,404.1,200,1,0,0.3562,1,1,1,1,1,1,1,4,4,-1,[ OK ]
3084.3,4/13/2026 8:58:44 PM,5612,103.4,0.1485,119.6,0.4,0.5174,1.535,0,0,0,100,16.28,0.2615,404.2,200,1,0,0.3495,1,1,1,1,1,1,1,4,4,-1,[ OK ]
3084.9,4/13/2026 8:58:45 PM,5612,103.4,0.1483,120.4,0.3918,0.5187,1.52,0,0,0,100,16.28,0.261,404,200,1,0,0.3487,1,1,1,1,1,1,1,4,4,-1,[ OK ]
3085.4,4/13/2026 8:58:45 PM,5613,103.4,0.1483,120.2,0.3963,0.5179,1.529,0,0,0,100,16.28,0.2631,404.2,200,1,0,0.3431,1,1,1,1,1,1,1,4,4,-1,[ OK ]
3085.9,4/13/2026 8:58:46 PM,5613,103.4,0.1484,120.1,0.3981,0.5179,1.528,0,0,0,100,16.28,0.2615,403.9,200,1,0,0.3548,1,1,1,1,1,1,1,4,4,-1,[ OK ]
3086.5,4/13/2026 8:58:46 PM,5614,103.4,0.1482,120.6,0.406,0.5184,1.523,0,0,0,100,16.28,0.2613,404.2,200,1,0,0.3457,1,1,1,1,1,1,1,4,4,-1,[ OK ]
3087.1,4/13/2026 8:58:47 PM,5614,103.4,0.1482,120.7,0.4011,0.5183,1.524,0,0,0,100,16.28,0.2603,404.2,200,1,0,0.3383,1,1,1,1,1,1,1,4,4,-1,[ OK ]
3087.6,4/13/2026 8:58:47 PM,5615,103.4,0.1483,120.2,0.4051,0.5182,1.525,0,0,0,100,16.28,0.2627,404.3,200,1,0,0.351,1,1,1,1,1,1,1,4,4,-1,[ OK ]
3088.1,4/13/2026 8:58:48 PM,5615,103.4,0.1483,120.2,0.3981,0.5181,1.526,0,0,0,100,16.28,0.2621,404.1,200,1,0,0.3383,1,1,1,1,1,1,1,4,4,-1,[ OK ]
3088.5,4/13/2026 8:58:48 PM,5616,103.4,0.1484,119.8,0.3979,0.5182,1.526,0,0,0,100,16.28,0.2622,404.1,200,1,0,0.3481,1,1,1,1,1,1,1,4,4,-1,[ OK ]
3089.0,4/13/2026 8:58:49 PM,5616,103.4,0.1484,119.9,0.3944,0.5177,1.531,0,0,0,100,16.28,0.2622,404.1,200,1,0,0.337,1,1,1,1,1,1,1,4,4,-1,[ OK ]
3089.6,4/13/2026 8:58:49 PM,5617,103.4,0.1483,120.4,0.4041,0.5172,1.537,0,0,0,100,16.28,0.2604,404.2,200,1,0,0.3476,1,1,1,1,1,1,1,4,4,-1,[ OK ]
3090.2,4/13/2026 8:58:50 PM,5617,103.4,0.1482,120.7,0.4057,0.5187,1.521,0,0,0,100,16.28,0.2617,404,200,1,0,0.3483,1,1,1,1,1,1,1,4,4,-1,[ OK ]
3090.7,4/13/2026 8:58:51 PM,5618,103.4,0.1484,120,0.3953,0.5183,1.526,0,0,0,100,16.28,0.2612,403.9,200,1,0,0.3378,1,1,1,1,1,1,1,4,4,-1,[ OK ]
3091.3,4/13/2026 8:58:51 PM,5619,103.4,0.1483,120.3,0.4024,0.5176,1.533,0,0,0,100,16.28,0.2615,403.9,200,1,0,0.3406,1,1,1,1,1,1,1,4,4,-1,[ OK ]
3091.8,4/13/2026 8:58:52 PM,5619,103.4,0.1484,119.9,0.4018,0.5178,1.531,0,0,0,100,16.28,0.2618,404,200,1,0,0.354,1,1,1,1,1,1,1,4,4,-1,[ OK ]
3092.4,4/13/2026 8:58:52 PM,5620,103.4,0.1482,120.6,0.3995,0.5178,1.531,0,0,0,100,16.28,0.2598,404,200,1,0,0.3562,1,1,1,1,1,1,1,4,4,-1,[ OK ]
3092.9,4/13/2026 8:58:53 PM,5620,103.4,0.1483,120.5,0.3935,0.5188,1.52,0,0,0,100,16.28,0.2598,404.2,200,1,0,0.3551,1,1,1,1,1,1,1,4,4,-1,[ OK ]
3093.4,4/13/2026 8:58:53 PM,5621,103.4,0.1485,119.9,0.3925,0.5184,1.524,0,0,0,100,16.28,0.2604,404.1,200,1,0,0.3538,1,1,1,1,1,1,1,4,4,-1,[ OK ]
3093.9,4/13/2026 8:58:54 PM,5621,103.4,0.1484,120.2,0.4045,0.5185,1.524,0,0,0,100,16.28,0.2595,404.2,200,1,0,0.3579,1,1,1,1,1,1,1,4,4,-1,[ OK ]
3094.5,4/13/2026 8:58:54 PM,5622,103.4,0.1484,120,0.4075,0.5179,1.531,0,0,0,100,16.28,0.2608,404.1,200,1,0,0.3423,1,1,1,1,1,1,1,4,4,-1,[ OK ]
3095.0,4/13/2026 8:58:55 PM,5622,103.4,0.1484,120.3,0.4018,0.5177,1.533,0,0,0,100,16.28,0.261,404.1,200,1,0,0.3403,1,1,1,1,1,1,1,4,4,-1,[ OK ]
3095.5,4/13/2026 8:58:55 PM,5623,103.4,0.1484,120,0.3999,0.5177,1.533,0,0,0,100,16.28,0.2608,403.7,200,1,0,0.3393,1,1,1,1,1,1,1,4,4,-1,[ OK ]
3096.0,4/13/2026 8:58:56 PM,5623,103.4,0.1484,120.2,0.3982,0.5184,1.525,0,0,0,100,16.28,0.2611,404,200,1,0,0.3429,1,1,1,1,1,1,1,4,4,-1,[ OK ]
3096.5,4/13/2026 8:58:56 PM,5624,103.4,0.1486,119.4,0.4039,0.5186,1.524,0,0,0,100,16.28,0.2613,404.1,200,1,0,0.3472,1,1,1,1,1,1,1,4,4,-1,[ OK ]
3097.0,4/13/2026 8:58:57 PM,5624,103.4,0.1484,120,0.3971,0.5176,1.534,0,0,0,100,16.28,0.2601,403.8,200,1,0,0.3529,1,1,1,1,1,1,1,4,4,-1,[ OK ]
3097.6,4/13/2026 8:58:57 PM,5625,103.4,0.1488,118.7,0.4054,0.5175,1.536,0,0,0,100,16.28,0.2606,404.2,200,1,0,0.3607,1,1,1,1,1,1,1,4,4,-1,[ OK ]
3098.2,4/13/2026 8:58:58 PM,5625,103.4,0.1484,119.8,0.4052,0.5183,1.526,0,0,0,100,16.28,0.2605,404.2,200,1,0,0.3455,1,1,1,1,1,1,1,4,4,-1,[ OK ]
3098.8,4/13/2026 8:58:59 PM,5626,103.4,0.1483,120.2,0.3965,0.5176,1.534,0,0,0,100,16.28,0.2623,403.8,200,1,0,0.3513,1,1,1,1,1,1,1,4,4,-1,[ OK ]
3099.3,4/13/2026 8:58:59 PM,5627,103.4,0.1485,119.9,0.3974,0.5188,1.521,0,0,0,100,16.28,0.261,404.2,200,1,0,0.3403,1,1,1,1,1,1,1,4,4,-1,[ OK ]
3099.9,4/13/2026 8:59:00 PM,5627,103.4,0.1485,119.7,0.3996,0.5177,1.533,0,0,0,100,16.28,0.2612,404.2,200,1,0,0.3386,1,1,1,1,1,1,1,4,4,-1,[ OK ]
3100.4,4/13/2026 8:59:00 PM,5628,103.4,0.1484,120,0.3969,0.5181,1.529,0,0,0,100,16.28,0.2612,403.9,200,1,0,0.3462,1,1,1,1,1,1,1,4,4,-1,[ OK ]
3100.8,4/13/2026 8:59:01 PM,5628,103.4,0.1486,119.4,0.3992,0.5175,1.536,0,0,0,100,16.28,0.2604,403.9,200,1,0,0.3353,1,1,1,1,1,1,1,4,4,-1,[ OK ]
3101.3,4/13/2026 8:59:01 PM,5629,103.4,0.1484,119.9,0.399,0.518,1.53,0,0,0,100,16.28,0.2597,403.9,200,1,0,0.3439,1,1,1,1,1,1,1,4,4,-1,[ OK ]
3101.8,4/13/2026 8:59:02 PM,5629,103.4,0.1484,119.9,0.3965,0.5184,1.524,0,0,0,100,16.28,0.2593,404.1,200,1,0,0.342,1,1,1,1,1,1,1,4,4,-1,[ OK ]
3102.5,4/13/2026 8:59:02 PM,5630,103.4,0.1485,119.7,0.4034,0.5179,1.53,0,0,0,100,16.28,0.2607,404,200,1,0,0.3523,1,1,1,1,1,1,1,4,4,-1,[ OK ]
3103.0,4/13/2026 8:59:03 PM,5630,103.4,0.1483,120.4,0.3945,0.5181,1.527,0,0,0,100,16.28,0.2628,403.8,200,1,0,0.3424,1,1,1,1,1,1,1,4,4,-1,[ OK ]
3103.6,4/13/2026 8:59:03 PM,5631,103.4,0.1484,120,0.3997,0.5177,1.533,0,0,0,100,16.28,0.2628,404,200,1,0,0.338,1,1,1,1,1,1,1,4,4,-1,[ OK ]
3104.1,4/13/2026 8:59:04 PM,5631,103.4,0.1482,120.8,0.3938,0.5186,1.522,0,0,0,100,16.28,0.2621,404.1,200,1,0,0.3431,1,1,1,1,1,1,1,4,4,-1,[ OK ]
3104.7,4/13/2026 8:59:05 PM,5632,103.4,0.1482,120.4,0.3995,0.5172,1.536,0,0,0,100,16.28,0.2601,404.2,200,1,0,0.343,1,1,1,1,1,1,1,4,4,-1,[ OK ]
3105.3,4/13/2026 8:59:05 PM,5632,103.4,0.1486,119.3,0.4032,0.5188,1.52,0,0,0,100,16.28,0.2627,404.1,200,1,0,0.3481,1,1,1,1,1,1,1,4,4,-1,[ OK ]
3105.8,4/13/2026 8:59:06 PM,5633,103.4,0.1486,119.4,0.4,0.5175,1.534,0,0,0,100,16.28,0.2629,404.2,200,1,0,0.3467,1,1,1,1,1,1,1,4,4,-1,[ OK ]
3106.5,4/13/2026 8:59:06 PM,5634,103.4,0.1485,119.7,0.3978,0.518,1.528,0,0,0,100,16.28,0.2605,404.1,200,1,0,0.3552,1,1,1,1,1,1,1,4,4,-1,[ OK ]
3107.1,4/13/2026 8:59:07 PM,5634,103.4,0.1484,120.1,0.4004,0.5177,1.531,0,0,0,100,16.28,0.2633,404.1,200,1,0,0.3491,1,1,1,1,1,1,1,4,4,-1,[ OK ]
3107.8,4/13/2026 8:59:08 PM,5635,103.4,0.1483,120.3,0.3918,0.5179,1.53,0,0,0,100,16.28,0.263,403.8,200,1,0,0.3451,1,1,1,1,1,1,1,4,4,-1,[ OK ]
3108.3,4/13/2026 8:59:08 PM,5635,103.4,0.1485,119.6,0.3971,0.518,1.529,0,0,0,100,16.28,0.2641,403.9,200,1,0,0.3315,1,1,1,1,1,1,1,4,4,-1,[ OK ]
3108.9,4/13/2026 8:59:09 PM,5636,103.4,0.1481,121,0.3963,0.5184,1.525,0,0,0,100,16.28,0.2617,404.1,200,1,0,0.3459,1,1,1,1,1,1,1,4,4,-1,[ OK ]
3109.5,4/13/2026 8:59:09 PM,5637,103.4,0.1487,119,0.4005,0.5188,1.522,0,0,0,100,16.28,0.2634,404,200,1,0,0.3484,1,1,1,1,1,1,1,4,4,-1,[ OK ]
3110.1,4/13/2026 8:59:10 PM,5637,103.4,0.1485,119.6,0.3983,0.5175,1.536,0,0,0,100,16.28,0.2616,404,200,1,0,0.3534,1,1,1,1,1,1,1,4,4,-1,[ OK ]
3110.7,4/13/2026 8:59:10 PM,5638,103.4,0.1484,120,0.3957,0.5173,1.538,0,0,0,100,16.28,0.2619,404.1,200,1,0,0.3528,1,1,1,1,1,1,1,4,4,-1,[ OK ]
3111.3,4/13/2026 8:59:11 PM,5638,103.4,0.1485,120,0.3954,0.5182,1.528,0,0,0,100,16.28,0.2629,404,200,1,0,0.3522,1,1,1,1,1,1,1,4,4,-1,[ OK ]
3111.8,4/13/2026 8:59:12 PM,5639,103.4,0.1486,119.7,0.3993,0.5185,1.525,0,0,0,100,16.28,0.2633,403.8,200,1,0,0.3464,1,1,1,1,1,1,1,4,4,-1,[ OK ]
3112.4,4/13/2026 8:59:12 PM,5640,103.4,0.1484,120.3,0.4021,0.5184,1.525,0,0,0,100,16.28,0.2633,404.2,200,1,0,0.3537,1,1,1,1,1,1,1,4,4,-1,[ OK ]
3112.9,4/13/2026 8:59:13 PM,5640,103.4,0.1484,120.2,0.3953,0.5179,1.531,0,0,0,100,16.28,0.2625,404.3,200,1,0,0.3474,1,1,1,1,1,1,1,4,4,-1,[ OK ]
3113.6,4/13/2026 8:59:13 PM,5641,103.4,0.1485,119.9,0.4059,0.5179,1.531,0,0,0,100,16.28,0.2643,404,200,1,0,0.3329,1,1,1,1,1,1,1,4,4,-1,[ OK ]
3114.1,4/13/2026 8:59:14 PM,5641,103.4,0.1483,120.6,0.3958,0.5179,1.531,0,0,0,100,16.28,0.261,404.1,200,1,0,0.3431,1,1,1,1,1,1,1,4,4,-1,[ OK ]
3114.7,4/13/2026 8:59:15 PM,5642,103.4,0.1485,119.9,0.3996,0.518,1.53,0,0,0,100,16.28,0.2639,403.9,200,1,0,0.3444,1,1,1,1,1,1,1,4,4,-1,[ OK ]
3115.2,4/13/2026 8:59:15 PM,5642,103.4,0.1485,120.1,0.3951,0.5186,1.524,0,0,0,100,16.28,0.2617,404,200,1,0,0.3484,1,1,1,1,1,1,1,4,4,-1,[ OK ]
3115.7,4/13/2026 8:59:16 PM,5643,103.4,0.1486,119.6,0.4033,0.5186,1.523,0,0,0,100,16.28,0.2625,404,200,1,0,0.3497,1,1,1,1,1,1,1,4,4,-1,[ OK ]
3116.3,4/13/2026 8:59:16 PM,5643,103.4,0.1486,119.8,0.3939,0.5179,1.531,0,0,0,100,16.28,0.2619,403.9,200,1,0,0.3422,1,1,1,1,1,1,1,4,4,-1,[ OK ]
3116.8,4/13/2026 8:59:17 PM,5644,103.4,0.1485,120,0.4025,0.5181,1.529,0,0,0,100,16.28,0.2624,404.1,200,1,0,0.3521,1,1,1,1,1,1,1,4,4,-1,[ OK ]
3117.3,4/13/2026 8:59:17 PM,5645,103.4,0.1485,119.8,0.3995,0.5182,1.529,0,0,0,100,16.28,0.2648,404.2,200,1,0,0.3326,1,1,1,1,1,1,1,4,4,-1,[ OK ]
3117.8,4/13/2026 8:59:18 PM,5645,103.4,0.1484,120.1,0.403,0.5179,1.531,0,0,0,100,16.28,0.2638,404.1,200,1,0,0.3307,1,1,1,1,1,1,1,4,4,-1,[ OK ]
3118.5,4/13/2026 8:59:18 PM,5646,103.4,0.1482,120.6,0.3986,0.5187,1.523,0,0,0,100,16.28,0.264,404.2,200,1,0,0.3472,1,1,1,1,1,1,1,4,4,-1,[ OK ]
3119.0,4/13/2026 8:59:19 PM,5646,103.4,0.1486,119.4,0.4024,0.5174,1.537,0,0,0,100,16.28,0.2625,404.1,200,1,0,0.3357,1,1,1,1,1,1,1,4,4,-1,[ OK ]
3119.5,4/13/2026 8:59:19 PM,5647,103.4,0.1486,119.4,0.4005,0.5177,1.534,0,0,0,100,16.28,0.2631,404,200,1,0,0.3428,1,1,1,1,1,1,1,4,4,-1,[ OK ]
3120.1,4/13/2026 8:59:20 PM,5647,103.4,0.1484,119.9,0.4076,0.5185,1.526,0,0,0,100,16.28,0.2606,404.1,200,1,0,0.3534,1,1,1,1,1,1,1,4,4,-1,[ OK ]
3120.7,4/13/2026 8:59:21 PM,5648,103.4,0.1484,120.2,0.4014,0.518,1.531,0,0,0,100,16.28,0.2626,403.8,200,1,0,0.3553,1,1,1,1,1,1,1,4,4,-1,[ OK ]
3121.5,4/13/2026 8:59:21 PM,5649,103.4,0.1486,119.4,0.395,0.5174,1.537,0,0,0,100,16.28,0.2636,404.2,200,1,0,0.3452,1,1,1,1,1,1,1,4,4,-1,[ OK ]
3122.2,4/13/2026 8:59:22 PM,5649,103.4,0.1483,120.4,0.3939,0.5184,1.527,0,0,0,100,16.28,0.2626,404,200,1,0,0.3392,1,1,1,1,1,1,1,4,4,-1,[ OK ]
3123.4,4/13/2026 8:59:23 PM,5650,103.4,0.1482,120.8,0.3998,0.5179,1.53,0,0,0,100,16.28,0.2643,403.9,200,1,0,0.3369,1,1,1,-1,1,1,1,3.875,4,3,[ OK ]
3125.1,4/13/2026 8:59:25 PM,5652,103.4,0,62.02,0.04344,0.5178,1.533,0,0,0,100,16.28,0.2186,404.2,200,1,0,0,1,0,1,-1,1,0,1,3.625,4,3,[ OK ]
3127.1,4/13/2026 8:59:27 PM,5654,103.4,0,8.15,0.03938,0.5184,1.526,0,0,0,100,16.28,0.2179,403.9,200,1,0,0,1,0,1,-1,1,0,1,3.25,4,3,[ OK ]
3128.9,4/13/2026 8:59:29 PM,5655,103.4,0,2.77,0.04235,0.5179,1.53,0,0,0,100,16.28,0.002941,0.4505,200,0,0,0,1,0,1,-1,1,0,3,3,3,-1,[ OK ]
3131.2,4/13/2026 8:59:31 PM,5658,103.4,0,2.053,0.04582,0.518,1.53,0,0,0,100,16.28,0.001652,0,200,0,0,0,1,0,1,-1,1,0,4,3,3,-1,[ OK ]
3132.3,4/13/2026 8:59:32 PM,5659,103.4,0,1.48,0.04057,0.5176,1.534,0,0,0,100,16.28,0.001611,0.1015,200,0,0,0,1,0,1,-1,1,0,4,3,3,-1,[ OK ]
3132.8,4/13/2026 8:59:33 PM,5660,103.4,0,1.512,0.04453,0.5183,1.526,0,0,0,100,16.28,0.002417,0,200,0,0,0,1,0,1,-1,1,0,4,3,3,-1,[ OK ]
3133.5,4/13/2026 8:59:33 PM,5661,103.4,0,1.321,0.04225,0.5186,1.523,0,0,0,100,16.28,0.002538,0,200,0,0,0,1,0,1,-1,1,0,4,3,3,-1,[ OK ]
3134.0,4/13/2026 8:59:34 PM,5661,103.4,0,1.433,0.04195,0.5184,1.524,0,0,0,100,16.28,0.001249,0,200,0,0,0,1,0,1,-1,1,0,4,3,3,-1,[ OK ]
3134.7,4/13/2026 8:59:34 PM,5662,103.4,0,1.273,0.04572,0.5175,1.535,0,0,0,100,16.28,0.00282,0,200,0,0,0,1,0,1,-1,1,0,4,3,3,-1,[ OK ]
3135.2,4/13/2026 8:59:35 PM,5662,103.4,0,1.48,0.04275,0.5178,1.532,0,0,0,100,16.28,0.002981,0.09517,200,0,0,0,1,0,1,-1,1,0,4,3,3,-1,[ OK ]
3135.8,4/13/2026 8:59:36 PM,5663,103.4,0,1.257,0.03828,0.5184,1.525,0,0,0,100,16.28,0.003666,0,200,0,0,0,1,0,1,-1,1,0,4,3,3,-1,[ OK ]
3136.4,4/13/2026 8:59:36 PM,5664,103.4,0,1.242,0.04126,0.5185,1.524,0,0,0,100,16.28,0.002739,0,200,0,0,0,1,0,1,-1,1,0,4,3,3,-1,[ OK ]
3136.9,4/13/2026 8:59:37 PM,5664,103.4,0,1.385,0.04195,0.5184,1.524,0,0,0,100,16.28,0.002659,0,200,0,0,0,1,0,1,-1,1,0,4,3,3,-1,[ OK ]
3137.4,4/13/2026 8:59:37 PM,5665,103.4,0,1.353,0.04156,0.5179,1.53,0,0,0,100,16.28,0.003505,0.02538,200,0,0,0,1,0,1,-1,1,0,4,3,3,-1,[ OK ]
3138.0,4/13/2026 8:59:38 PM,5665,103.4,0,1.194,0.04215,0.5179,1.529,0,0,0,100,16.28,0.002659,0,200,0,0,0,1,0,1,-1,1,0,4,3,3,-1,[ OK ]
3138.6,4/13/2026 8:59:38 PM,5666,103.4,0,1.337,0.03947,0.5179,1.53,0,0,0,100,16.28,0.002739,0.08883,200,0,0,0,1,0,1,-1,1,0,4,3,3,-1,[ OK ]
3139.3,4/13/2026 8:59:39 PM,5667,103.4,0,0.7481,0.04255,0.5179,1.53,0,0,0,100,16.28,0.001289,0,200,0,0,0,1,0,1,-1,1,0,4,3,3,-1,[ OK ]
3139.8,4/13/2026 8:59:40 PM,5667,103.4,0,1.194,0.04245,0.5186,1.524,0,0,0,100,16.28,0.002659,0,200,0,0,0,1,0,1,-1,1,0,4,3,3,-1,[ OK ]
3141.2,4/13/2026 8:59:41 PM,5668,103.4,0,1.289,0.03947,0,0.01078,0,0,0,100,16.28,0.002538,0,200,0,0,0,1,0,1,-1,1,0,4,2,3,2,[ OK ]
3965.9,4/13/2026 9:13:26 PM,6493,103.4,0,1.082,0.03868,0,0.002316,0,0,0,100,16.28,0.001934,0,200,0,0,0,1,0,1,-1,1,0,4,2.25,2,3,[ OK ]
3967.7,4/13/2026 9:13:27 PM,6494,103.4,0,0.8118,0.04186,0.251,0.212,0,0,0,100,16.28,0.002336,0,200,0,0,0,1,0,1,-1,1,0,4,3,2,3,[ OK ]
3970.0,4/13/2026 9:13:30 PM,6497,103.4,0,1.003,0.04265,0.3854,0.9941,0,0,0,100,16.28,0.0029,0,200,0,0,0,1,0,1,-1,1,0,4,3,3,-1,[ OK ]
3971.8,4/13/2026 9:13:32 PM,6499,103.4,0,1.162,0.04215,0.4383,1.282,0,0,0,100,16.28,0.003545,0,200,0,0,0,1,0,1,-1,1,0,4,3,3,-1,[ OK ]
3972.8,4/13/2026 9:13:33 PM,6500,103.4,0,0.9391,0.04265,0.4509,1.35,0,0,0,100,16.28,0.001249,0,200,0,0,0,1,0,1,-1,1,0,4,3,3,-1,[ OK ]
3973.5,4/13/2026 9:13:33 PM,6501,103.4,0,0.9391,0.04354,0.4585,1.385,0,0,0,100,16.28,0.002538,0.01269,200,0,0,0,1,0,1,-1,1,0,4,3,3,-1,[ OK ]
3975.1,4/13/2026 9:13:35 PM,6502,103.4,0,1.449,0.04314,0.4644,1.426,0,0,0,100,16.28,0.002578,0.1396,200,0,0,0,1,0,1,-1,1,0,4,3.053,3,4,[ OK ]
3977.3,4/13/2026 9:13:37 PM,6504,103.4,0,0.9391,0.04245,0.475,1.474,0,0,0,100,16.28,0.2174,404.3,200,0,0,0,1,0,1,-1,1,0,1,3.211,3,4,[ OK ]
3979.5,4/13/2026 9:13:39 PM,6506,103.4,0,1.098,0.04255,0.4811,1.496,0,0,0,100,16.28,0.217,404.5,200,0,0,0,1,0,1,-1,1,0,1,3.316,3,4,[ OK ]
3981.4,4/13/2026 9:13:41 PM,6508,103.4,0,0.8755,0.04265,0.4833,1.516,0,0,0,100,16.28,0.2158,404.2,200,1,0,0,1,0,1,-1,1,0,1,3.474,3,4,[ OK ]
3983.2,4/13/2026 9:13:43 PM,6510,103.4,0.03022,17.03,0.04592,0.4858,1.519,0,0,0,100,16.28,0.2184,404.3,200,1,0,-1,1,0,1,-1,1,1,1,3.632,3,4,[ OK ]
3985.1,4/13/2026 9:13:45 PM,6512,103.4,0.03852,33.27,0.04503,0.4873,1.52,0,0,0,100,16.28,0.2179,404,200,1,0,-1,1,0,1,-1,1,1,1,3.684,3,4,[ OK ]
3987.2,4/13/2026 9:13:47 PM,6514,103.4,0.04337,41.21,0.04731,0.6395,2.32,0,0,0,100,16.28,0.2189,404.2,200,1,0,-1,1,0,1,-1,1,1,1,3.789,3,4,[ OK ]
3989.0,4/13/2026 9:13:49 PM,6516,103.4,0.04574,45.6,0.04979,0.6849,2.535,0,0,0,100,16.28,0.2161,404.4,200,1,0,-1,1,0,1,-1,1,1,1,3.789,3,4,[ OK ]
3990.4,4/13/2026 9:13:50 PM,6517,103.4,0.04686,47.35,0.0483,0.7084,2.637,0,0,0,100,16.28,0.221,404.3,200,1,0,-1,1,0,1,-1,1,1,1,3.789,3,4,[ OK ]
3991.7,4/13/2026 9:13:51 PM,6519,103.4,0.0471,48.9,0.04602,0.7216,2.681,0,0,0,100,16.28,0.2191,404.2,200,1,0,-1,1,0,1,-1,1,1,1,3.789,3,4,[ OK ]
3992.5,4/13/2026 9:13:52 PM,6520,103.4,0.04742,48.9,0.05078,0.7297,2.687,0,0,0,100,16.28,0.2193,404.1,200,1,0,-1,1,0,1,-1,1,1,1,3.789,3,4,[ OK ]
3993.5,4/13/2026 9:13:53 PM,6521,103.4,0.04756,49.54,0.0486,0.7355,2.713,0,0,0,100,16.28,0.219,404.4,200,1,0,-1,1,0,1,-1,1,1,1,3.789,3,4,[ OK ]
3994.3,4/13/2026 9:13:54 PM,6521,103.4,0.04781,49.38,0.05128,0.7399,2.733,0,0,0,100,16.28,0.2207,404,200,1,0,-1,1,0,1,-1,1,1,1,3.789,3,4,[ OK ]
3995.2,4/13/2026 9:13:55 PM,6522,103.4,0.04815,48.9,0.04741,0.7469,2.72,0,0,0,100,16.28,0.2204,404.2,200,1,0,-1,1,0,1,-1,1,1,1,3.789,3,4,[ OK ]
3995.9,4/13/2026 9:13:56 PM,6523,103.4,0.04814,49.49,0.04662,0.7503,2.738,0,0,0,100,16.28,0.2179,404.2,200,1,0,-1,1,0,1,-1,1,1,1,3.789,3,4,[ OK ]
3996.6,4/13/2026 9:13:56 PM,6524,103.4,0.04823,49.55,0.04305,0.7539,2.738,0,0,0,100,16.28,0.2208,404,200,1,0,-1,1,0,1,-1,1,1,1,3.789,3,4,[ OK ]
3997.5,4/13/2026 9:13:57 PM,6525,103.4,0.04826,49.81,0.07023,0.7578,2.744,0,0,0,100,16.28,0.2205,404,200,1,0,-1,1,0,1,-1,1,1,1,3.789,3,4,[ OK ]
3999.0,4/13/2026 9:13:59 PM,6525,103.4,0.04919,47.78,0.1568,0.7611,2.754,0,0,0,100,16.28,0.2262,403.9,200,1,0,-0.4108,1,1,1,-1,1,1,1,3.947,3,4,[ OK ]
4000.7,4/13/2026 9:14:01 PM,6527,103.4,0.05161,47.1,0.126,0.6056,1.967,0,0,0,100,16.28,0.2287,404,200,1,0,-0.6583,1,1,1,1,1,1,1,4,4,-1,[ OK ]
4003.6,4/13/2026 9:14:03 PM,6530,103.4,0.06779,57.11,0.1287,0.5524,1.693,0,0,0,100,16.28,0.2324,404.2,200,1,0,-0.8755,1,1,1,1,1,1,1,4,4,-1,[ OK ]
4005.6,4/13/2026 9:14:05 PM,6532,103.4,0.09303,73.35,0.1598,0.5376,1.616,0,0,0,100,16.28,0.2391,404.1,200,1,0,-0.514,1,1,1,1,1,1,1,4,4,-1,[ OK ]
4006.7,4/13/2026 9:14:07 PM,6534,103.4,0.1082,87.85,0.1973,0.5292,1.582,0,0,0,100,16.28,0.2449,404.3,200,1,0,-0.2489,1,1,1,1,1,1,1,4,4,-1,[ OK ]
4007.7,4/13/2026 9:14:08 PM,6535,103.4,0.1163,91.75,0.3818,0.5259,1.569,0,0,0,100,16.28,0.2663,404.4,200,1,0,0.3054,1,1,1,1,1,1,1,4,4,-1,[ OK ]
4008.6,4/13/2026 9:14:08 PM,6536,103.4,0.122,94.85,0.3938,0.5247,1.554,0,0,0,100,16.28,0.2649,404.4,200,1,0,0.324,1,1,1,1,1,1,1,4,4,-1,[ OK ]
4009.4,4/13/2026 9:14:09 PM,6537,103.4,0.1265,98.77,0.398,0.5226,1.555,0,0,0,100,16.28,0.2656,404.1,200,1,0,0.3367,1,1,1,1,1,1,1,4,4,-1,[ OK ]
4010.2,4/13/2026 9:14:10 PM,6537,103.4,0.1302,102.6,0.4021,0.5217,1.547,0,0,0,100,16.28,0.2653,404.3,200,1,0,0.3441,1,1,1,1,1,1,1,4,4,-1,[ OK ]
4010.9,4/13/2026 9:14:11 PM,6538,103.4,0.1331,104.8,0.4093,0.5206,1.547,0,0,0,100,16.28,0.2692,404.3,200,1,0,0.332,1,1,1,1,1,1,1,4,4,-1,[ OK ]
4011.7,4/13/2026 9:14:11 PM,6539,103.4,0.1353,107.4,0.4047,0.5208,1.534,0,0,0,100,16.28,0.2663,404.3,200,1,0,0.3421,1,1,1,1,1,1,1,4,4,-1,[ OK ]
4012.4,4/13/2026 9:14:12 PM,6540,103.4,0.1374,109,0.4045,0.5197,1.539,0,0,0,100,16.28,0.2687,404.4,200,1,0,0.3418,1,1,1,1,1,1,1,4,4,-1,[ OK ]
4013.1,4/13/2026 9:14:13 PM,6540,103.4,0.139,111,0.405,0.5196,1.534,0,0,0,100,16.28,0.2663,404.3,200,1,0,0.3546,1,1,1,1,1,1,1,4,4,-1,[ OK ]
4013.7,4/13/2026 9:14:14 PM,6541,103.4,0.1401,112.7,0.4128,0.5192,1.534,0,0,0,100,16.28,0.2657,404.4,200,1,0,0.3482,1,1,1,1,1,1,1,4,4,-1,[ OK ]
4014.4,4/13/2026 9:14:14 PM,6542,103.4,0.1414,112.7,0.4101,0.5186,1.536,0,0,0,100,16.28,0.2665,404.3,200,1,0,0.3427,1,1,1,1,1,1,1,4,4,-1,[ OK ]
4015.1,4/13/2026 9:14:15 PM,6542,103.4,0.1422,114.6,0.4068,0.5182,1.537,0,0,0,100,16.28,0.2709,404.3,200,1,0,0.3404,1,1,1,1,1,1,1,4,4,-1,[ OK ]
4015.7,4/13/2026 9:14:16 PM,6543,103.4,0.1431,115,0.4107,0.5179,1.538,0,0,0,100,16.28,0.2644,404.2,200,1,0,0.3482,1,1,1,1,1,1,1,4,4,-1,[ OK ]
4016.2,4/13/2026 9:14:16 PM,6543,103.4,0.1436,115.5,0.4134,0.5181,1.535,0,0,0,100,16.28,0.2624,404,200,1,0,0.3526,1,1,1,1,1,1,1,4,4,-1,[ OK ]
4016.9,4/13/2026 9:14:17 PM,6544,103.4,0.1444,115.8,0.4092,0.5181,1.533,0,0,0,100,16.28,0.2666,404.2,200,1,0,0.3446,1,1,1,1,1,1,1,4,4,-1,[ OK ]
4017.5,4/13/2026 9:14:17 PM,6545,103.4,0.1447,117,0.41,0.5179,1.534,0,0,0,100,16.28,0.2655,404.3,200,1,0,0.3448,1,1,1,1,1,1,1,4,4,-1,[ OK ]
4018.1,4/13/2026 9:14:18 PM,6545,103.4,0.1456,115.9,0.4082,0.5188,1.524,0,0,0,100,16.28,0.2656,404.2,200,1,0,0.3484,1,1,1,1,1,1,1,4,4,-1,[ OK ]
4018.6,4/13/2026 9:14:18 PM,6546,103.4,0.1457,117.2,0.4158,0.5186,1.525,0,0,0,100,16.28,0.2633,404,200,1,0,0.363,1,1,1,1,1,1,1,4,4,-1,[ OK ]
4019.1,4/13/2026 9:14:19 PM,6546,103.4,0.1458,117.8,0.4146,0.518,1.531,0,0,0,100,16.28,0.2649,404.3,200,1,0,0.3558,1,1,1,1,1,1,1,4,4,-1,[ OK ]
4019.7,4/13/2026 9:14:19 PM,6547,103.4,0.1461,118,0.4082,0.5182,1.529,0,0,0,100,16.28,0.2664,404.3,200,1,0,0.3383,1,1,1,1,1,1,1,4,4,-1,[ OK ]
4020.1,4/13/2026 9:14:20 PM,6547,103.4,0.1463,118.2,0.4075,0.5176,1.536,0,0,0,100,16.28,0.2658,404.2,200,1,0,0.3579,1,1,1,1,1,1,1,4,4,-1,[ OK ]
4020.7,4/13/2026 9:14:21 PM,6548,103.4,0.1464,118.9,0.4089,0.518,1.531,0,0,0,100,16.28,0.2632,404.3,200,1,0,0.3517,1,1,1,1,1,1,1,4,4,-1,[ OK ]
4021.3,4/13/2026 9:14:21 PM,6549,103.4,0.1467,118.9,0.4149,0.5175,1.536,0,0,0,100,16.28,0.2622,404.4,200,1,0,0.3503,1,1,1,1,1,1,1,4,4,-1,[ OK ]
4021.9,4/13/2026 9:14:22 PM,6549,103.4,0.147,118.7,0.4036,0.5177,1.534,0,0,0,100,16.28,0.2629,404.3,200,1,0,0.3446,1,1,1,1,1,1,1,4,4,-1,[ OK ]
4022.6,4/13/2026 9:14:22 PM,6550,103.4,0.1472,118.8,0.4074,0.5182,1.528,0,0,0,100,16.28,0.2644,404.1,200,1,0,0.3552,1,1,1,1,1,1,1,4,4,-1,[ OK ]
4023.2,4/13/2026 9:14:23 PM,6550,103.4,0.1471,119.4,0.4098,0.5177,1.532,0,0,0,100,16.28,0.2624,404,200,1,0,0.3574,1,1,1,1,1,1,1,4,4,-1,[ OK ]
4023.8,4/13/2026 9:14:24 PM,6551,103.4,0.1472,119.6,0.4,0.5185,1.523,0,0,0,100,16.28,0.2615,404.3,200,1,0,0.3525,1,1,1,1,1,1,1,4,4,-1,[ OK ]
4024.4,4/13/2026 9:14:24 PM,6552,103.4,0.1474,119.2,0.3997,0.5177,1.531,0,0,0,100,16.28,0.2615,404.3,200,1,0,0.3571,1,1,1,1,1,1,1,4,4,-1,[ OK ]
4024.9,4/13/2026 9:14:25 PM,6552,103.4,0.1473,119.8,0.402,0.5176,1.532,0,0,0,100,16.28,0.2618,404.1,200,1,0,0.3516,1,1,1,1,1,1,1,4,4,-1,[ OK ]
4025.5,4/13/2026 9:14:25 PM,6553,103.4,0.1476,119.2,0.4039,0.5181,1.526,0,0,0,100,16.28,0.2649,404,200,1,0,0.3394,1,1,1,1,1,1,1,4,4,-1,[ OK ]
4025.9,4/13/2026 9:14:26 PM,6553,103.4,0.1474,119.9,0.4039,0.5172,1.536,0,0,0,100,16.28,0.2595,404.1,200,1,0,0.3596,1,1,1,1,1,1,1,4,4,-1,[ OK ]
4026.3,4/13/2026 9:14:26 PM,6554,103.4,0.1477,119.2,0.409,0.5179,1.528,0,0,0,100,16.28,0.2605,404.3,200,1,0,0.3444,1,1,1,1,1,1,1,4,4,-1,[ OK ]
4026.9,4/13/2026 9:14:27 PM,6554,103.4,0.1477,119.4,0.4089,0.5174,1.534,0,0,0,100,16.28,0.2598,404.3,200,1,0,0.3526,1,1,1,1,1,1,1,4,4,-1,[ OK ]
4027.3,4/13/2026 9:14:27 PM,6555,103.4,0.1475,119.9,0.3994,0.5178,1.528,0,0,0,100,16.28,0.261,404.3,200,1,0,0.3534,1,1,1,1,1,1,1,4,4,-1,[ OK ]
4027.8,4/13/2026 9:14:28 PM,6555,103.4,0.1475,120.2,0.4027,0.5173,1.534,0,0,0,100,16.28,0.261,404.4,200,1,0,0.353,1,1,1,1,1,1,1,4,4,-1,[ OK ]
4028.3,4/13/2026 9:14:28 PM,6556,103.4,0.1475,120.1,0.4036,0.5173,1.534,0,0,0,100,16.28,0.2591,404.5,200,1,0,0.3574,1,1,1,1,1,1,1,4,4,-1,[ OK ]
4028.8,4/13/2026 9:14:29 PM,6556,103.4,0.1475,120.3,0.4078,0.5174,1.533,0,0,0,100,16.28,0.2584,404,200,1,0,0.3523,1,1,1,1,1,1,1,4,4,-1,[ OK ]
4029.2,4/13/2026 9:14:29 PM,6556,103.4,0.1474,120.7,0.4063,0.5174,1.533,0,0,0,100,16.28,0.2618,404.1,200,1,0,0.3502,1,1,1,1,1,1,1,4,4,-1,[ OK ]
4029.6,4/13/2026 9:14:29 PM,6557,103.4,0.1478,119.4,0.4042,0.5181,1.524,0,0,0,100,16.28,0.26,404,200,1,0,0.3463,1,1,1,1,1,1,1,4,4,-1,[ OK ]
4030.1,4/13/2026 9:14:30 PM,6557,103.4,0.1475,120.4,0.4014,0.5179,1.526,0,0,0,100,16.28,0.2592,404,200,1,0,0.3485,1,1,1,1,1,1,1,4,4,-1,[ OK ]
4030.6,4/13/2026 9:14:30 PM,6558,103.4,0.148,118.9,0.4032,0.5173,1.532,0,0,0,100,16.28,0.2615,404.4,200,1,0,0.3383,1,1,1,1,1,1,1,4,4,-1,[ OK ]
4031.1,4/13/2026 9:14:31 PM,6558,103.4,0.1477,120.1,0.4022,0.5173,1.532,0,0,0,100,16.28,0.2624,404,200,1,0,0.3461,1,1,1,1,1,1,1,4,4,-1,[ OK ]
4031.5,4/13/2026 9:14:31 PM,6559,103.4,0.1477,119.9,0.401,0.5184,1.52,0,0,0,100,16.28,0.2595,404.2,200,1,0,0.3529,1,1,1,1,1,1,1,4,4,-1,[ OK ]
4032.1,4/13/2026 9:14:32 PM,6559,103.4,0.1475,120.4,0.3973,0.5176,1.529,0,0,0,100,16.28,0.2598,404.2,200,1,0,0.3458,1,1,1,1,1,1,1,4,4,-1,[ OK ]
4032.6,4/13/2026 9:14:32 PM,6560,103.4,0.1478,119.7,0.4034,0.5173,1.532,0,0,0,100,16.28,0.2622,403.9,200,1,0,0.3383,1,1,1,1,1,1,1,4,4,-1,[ OK ]
4033.1,4/13/2026 9:14:33 PM,6560,103.4,0.1477,119.9,0.3925,0.5183,1.521,0,0,0,100,16.28,0.2604,404.2,200,1,0,0.3554,1,1,1,1,1,1,1,4,4,-1,[ OK ]
4033.6,4/13/2026 9:14:33 PM,6561,103.4,0.1479,119.6,0.3935,0.5182,1.522,0,0,0,100,16.28,0.262,404.1,200,1,0,0.3417,1,1,1,1,1,1,1,4,4,-1,[ OK ]
4034.1,4/13/2026 9:14:34 PM,6561,103.4,0.1476,120.4,0.3957,0.5186,1.517,0,0,0,100,16.28,0.261,404.1,200,1,0,0.3519,1,1,1,1,1,1,1,4,4,-1,[ OK ]
4034.8,4/13/2026 9:14:35 PM,6562,103.4,0.1478,119.9,0.3942,0.5174,1.53,0,0,0,100,16.28,0.2565,404,200,1,0,0.3545,1,1,1,1,1,1,1,4,4,-1,[ OK ]
4035.2,4/13/2026 9:14:35 PM,6562,103.4,0.1477,120.2,0.3919,0.5171,1.533,0,0,0,100,16.28,0.2604,404.1,200,1,0,0.3428,1,1,1,1,1,1,1,4,4,-1,[ OK ]
4035.7,4/13/2026 9:14:35 PM,6563,103.4,0.1476,120.5,0.4013,0.518,1.523,0,0,0,100,16.28,0.2582,404.3,200,1,0,0.3616,1,1,1,1,1,1,1,4,4,-1,[ OK ]
4036.2,4/13/2026 9:14:36 PM,6563,103.4,0.1478,119.8,0.3957,0.5181,1.521,0,0,0,100,16.28,0.2618,404.3,200,1,0,0.3547,1,1,1,1,1,1,1,4,4,-1,[ OK ]
4036.7,4/13/2026 9:14:37 PM,6564,103.4,0.1479,119.7,0.4004,0.5182,1.52,0,0,0,100,16.28,0.2604,404,200,1,0,0.3473,1,1,1,1,1,1,1,4,4,-1,[ OK ]
4037.3,4/13/2026 9:14:37 PM,6564,103.4,0.1476,120.6,0.3982,0.5179,1.524,0,0,0,100,16.28,0.2594,404.3,200,1,0,0.3421,1,1,1,1,1,1,1,4,4,-1,[ OK ]
4037.8,4/13/2026 9:14:38 PM,6565,103.4,0.148,119.5,0.3998,0.5171,1.533,0,0,0,100,16.28,0.2614,403.8,200,1,0,0.3441,1,1,1,1,1,1,1,4,4,-1,[ OK ]
4038.4,4/13/2026 9:14:38 PM,6566,103.4,0.1479,119.8,0.4029,0.5186,1.517,0,0,0,100,16.28,0.2587,404.4,200,1,0,0.347,1,1,1,1,1,1,1,4,4,-1,[ OK ]
4038.8,4/13/2026 9:14:39 PM,6566,103.4,0.1479,119.7,0.4034,0.5184,1.518,0,0,0,100,16.28,0.2618,404.2,200,1,0,0.3399,1,1,1,1,1,1,1,4,4,-1,[ OK ]
4039.3,4/13/2026 9:14:39 PM,6567,103.4,0.1478,120.1,0.4015,0.5179,1.522,0,0,0,100,16.28,0.2646,404.1,200,1,0,0.3372,1,1,1,1,1,1,1,4,4,-1,[ OK ]
4039.9,4/13/2026 9:14:40 PM,6567,103.4,0.1476,120.5,0.3941,0.5176,1.526,0,0,0,100,16.28,0.2597,404.3,200,1,0,0.3522,1,1,1,1,1,1,1,4,4,-1,[ OK ]
4040.5,4/13/2026 9:14:40 PM,6568,103.4,0.1478,120,0.3946,0.5176,1.526,0,0,0,100,16.28,0.2607,404.1,200,1,0,0.3346,1,1,1,1,1,1,1,4,4,-1,[ OK ]
4040.9,4/13/2026 9:14:41 PM,6568,103.4,0.1475,120.9,0.4045,0.5171,1.532,0,0,0,100,16.28,0.2603,404,200,1,0,0.3496,1,1,1,1,1,1,1,4,4,-1,[ OK ]
4041.4,4/13/2026 9:14:41 PM,6569,103.4,0.1477,120.4,0.3982,0.5174,1.529,0,0,0,100,16.28,0.2573,404,200,1,0,0.3637,1,1,1,1,1,1,1,4,4,-1,[ OK ]
4041.8,4/13/2026 9:14:42 PM,6569,103.4,0.1476,120.7,0.4005,0.5179,1.524,0,0,0,100,16.28,0.2577,404,200,1,0,0.3581,1,1,1,1,1,1,1,4,4,-1,[ OK ]
4042.5,4/13/2026 9:14:42 PM,6570,103.4,0.1477,120.5,0.4003,0.5175,1.529,0,0,0,100,16.28,0.2563,404.4,200,1,0,0.3647,1,1,1,1,1,1,1,4,4,-1,[ OK ]
4042.9,4/13/2026 9:14:43 PM,6570,103.4,0.1478,120.1,0.3941,0.5172,1.532,0,0,0,100,16.28,0.256,404,200,1,0,0.3505,1,1,1,1,1,1,1,4,4,-1,[ OK ]
4043.3,4/13/2026 9:14:43 PM,6571,103.4,0.1476,120.4,0.4033,0.5179,1.524,0,0,0,100,16.28,0.261,404.4,200,1,0,0.3516,1,1,1,1,1,1,1,4,4,-1,[ OK ]
4043.8,4/13/2026 9:14:44 PM,6571,103.4,0.1477,120,0.3991,0.5177,1.527,0,0,0,100,16.28,0.2614,403.9,200,1,0,0.3469,1,1,1,1,1,1,1,4,4,-1,[ OK ]
4044.3,4/13/2026 9:14:44 PM,6572,103.4,0.1478,119.9,0.3928,0.517,1.534,0,0,0,100,16.28,0.2565,404,200,1,0,0.3488,1,1,1,1,1,1,1,4,4,-1,[ OK ]
4044.9,4/13/2026 9:14:45 PM,6572,103.4,0.1477,120.1,0.3938,0.5175,1.53,0,0,0,100,16.28,0.2579,404.2,200,1,0,0.3418,1,1,1,1,1,1,1,4,4,-1,[ OK ]
4045.3,4/13/2026 9:14:45 PM,6572,103.4,0.1476,120.6,0.4014,0.5172,1.532,0,0,0,100,16.28,0.2598,404,200,1,0,0.3396,1,1,1,1,1,1,1,4,4,-1,[ OK ]
4045.9,4/13/2026 9:14:46 PM,6573,103.4,0.1478,120,0.3933,0.5171,1.533,0,0,0,100,16.28,0.2591,404.1,200,1,0,0.3521,1,1,1,1,1,1,1,4,4,-1,[ OK ]
4046.4,4/13/2026 9:14:46 PM,6574,103.4,0.1476,120.4,0.3918,0.5183,1.52,0,0,0,100,16.28,0.2602,404.4,200,1,0,0.3424,1,1,1,1,1,1,1,4,4,-1,[ OK ]
4046.9,4/13/2026 9:14:47 PM,6574,103.4,0.1476,120.3,0.3957,0.5175,1.528,0,0,0,100,16.28,0.2591,404.1,200,1,0,0.3505,1,1,1,1,1,1,1,4,4,-1,[ OK ]
4047.4,4/13/2026 9:14:47 PM,6575,103.4,0.1477,119.9,0.399,0.5179,1.524,0,0,0,100,16.28,0.2584,404.3,200,1,0,0.3509,1,1,1,1,1,1,1,4,4,-1,[ OK ]
4048.0,4/13/2026 9:14:48 PM,6575,103.4,0.1475,120.5,0.3935,0.5178,1.525,0,0,0,100,16.28,0.2577,403.8,200,1,0,0.3497,1,1,1,1,1,1,1,4,4,-1,[ OK ]
4048.5,4/13/2026 9:14:48 PM,6576,103.4,0.1477,120,0.3942,0.5178,1.525,0,0,0,100,16.28,0.2576,404.1,200,1,0,0.3499,1,1,1,1,1,1,1,4,4,-1,[ OK ]
4049.0,4/13/2026 9:14:49 PM,6576,103.4,0.1477,119.9,0.3969,0.5179,1.523,0,0,0,100,16.28,0.2582,404,200,1,0,0.3546,1,1,1,1,1,1,1,4,4,-1,[ OK ]
4049.6,4/13/2026 9:14:49 PM,6577,103.4,0.1477,120,0.3922,0.5177,1.525,0,0,0,100,16.28,0.2576,404.2,200,1,0,0.3439,1,1,1,1,1,1,1,4,4,-1,[ OK ]
4050.2,4/13/2026 9:14:50 PM,6577,103.4,0.1478,119.7,0.3918,0.5167,1.537,0,0,0,100,16.28,0.2584,404,200,1,0,0.3421,1,1,1,1,1,1,1,4,4,-1,[ OK ]
4050.6,4/13/2026 9:14:50 PM,6578,103.4,0.1476,120.1,0.3918,0.5178,1.524,0,0,0,100,16.28,0.259,404.3,200,1,0,0.3512,1,1,1,1,1,1,1,4,4,-1,[ OK ]
4051.3,4/13/2026 9:14:51 PM,6579,103.4,0.1478,119.7,0.398,0.5178,1.525,0,0,0,100,16.28,0.2561,404.3,200,1,0,0.3535,1,1,1,1,1,1,1,4,4,-1,[ OK ]
4051.7,4/13/2026 9:14:52 PM,6579,103.4,0.1477,120.1,0.394,0.5171,1.532,0,0,0,100,16.28,0.2613,404.1,200,1,0,0.3331,1,1,1,1,1,1,1,4,4,-1,[ OK ]
4052.4,4/13/2026 9:14:52 PM,6580,103.4,0.1477,120,0.3918,0.5175,1.528,0,0,0,100,16.28,0.2592,404.3,200,1,0,0.3524,1,1,1,1,1,1,1,4,4,-1,[ OK ]
4053.0,4/13/2026 9:14:53 PM,6580,103.4,0.1475,120.3,0.3979,0.5169,1.536,0,0,0,100,16.28,0.259,404.2,200,1,0,0.3424,1,1,1,1,1,1,1,4,4,-1,[ OK ]
4053.6,4/13/2026 9:14:53 PM,6581,103.4,0.1476,120,0.3918,0.5176,1.528,0,0,0,100,16.28,0.2599,404.4,200,1,0,0.3103,1,1,1,1,1,1,1,4,4,-1,[ OK ]
4054.3,4/13/2026 9:14:54 PM,6582,103.4,0.1476,119.9,0.3983,0.5173,1.532,0,0,0,100,16.28,0.2604,404.2,200,1,0,0.3434,1,1,1,1,1,1,1,4,4,-1,[ OK ]
4054.7,4/13/2026 9:14:55 PM,6582,103.4,0.1476,119.9,0.3922,0.517,1.534,0,0,0,100,16.28,0.2583,404.3,200,1,0,0.3466,1,1,1,1,1,1,1,4,4,-1,[ OK ]
4055.5,4/13/2026 9:14:55 PM,6583,103.4,0.1469,122.2,0.3918,0.5176,1.529,0,0,0,100,16.28,0.2605,404.4,200,1,0,0.3413,1,1,1,1,1,1,1,4,4,-1,[ OK ]
4056.2,4/13/2026 9:14:56 PM,6583,103.4,0.1474,120.6,0.3993,0.5178,1.527,0,0,0,100,16.28,0.2568,404,200,1,0,0.3497,1,1,1,1,1,1,1,4,4,-1,[ OK ]
4056.8,4/13/2026 9:14:57 PM,6584,103.4,0.1473,120.9,0.3801,0.5182,1.522,0,0,0,100,16.28,0.2601,404.1,200,1,0,0.3364,1,1,1,1,1,1,1,4,4,-1,[ OK ]
4057.5,4/13/2026 9:14:57 PM,6585,103.4,0.1475,120.1,0.3958,0.5169,1.535,0,0,0,100,16.28,0.2595,403.9,200,1,0,0.3378,1,1,1,1,1,1,1,4,4,-1,[ OK ]
4058.2,4/13/2026 9:14:58 PM,6585,103.4,0.1476,119.8,0.3989,0.5179,1.524,0,0,0,100,16.28,0.2607,404.3,200,1,0,0.3346,1,1,1,1,1,1,1,4,4,-1,[ OK ]
4058.7,4/13/2026 9:14:58 PM,6586,103.4,0.1475,120,0.3941,0.5167,1.537,0,0,0,100,16.28,0.2584,403.7,200,1,0,0.3445,1,1,1,1,1,1,1,4,4,-1,[ OK ]
4059.2,4/13/2026 9:14:59 PM,6586,103.4,0.1474,120.5,0.3957,0.518,1.523,0,0,0,100,16.28,0.2578,404,200,1,0,0.344,1,1,1,1,1,1,1,4,4,-1,[ OK ]
4059.9,4/13/2026 9:15:00 PM,6587,103.4,0.1476,119.9,0.3959,0.5181,1.521,0,0,0,100,16.28,0.2591,404.4,200,1,0,0.3427,1,1,1,1,1,1,1,4,4,-1,[ OK ]
4060.3,4/13/2026 9:15:00 PM,6588,103.4,0.1475,120.2,0.3926,0.518,1.522,0,0,0,100,16.28,0.2592,404.2,200,1,0,0.345,1,1,1,1,1,1,1,4,4,-1,[ OK ]
4060.7,4/13/2026 9:15:01 PM,6588,103.4,0.1476,119.7,0.3944,0.5174,1.528,0,0,0,100,16.28,0.261,404.2,200,1,0,0.3377,1,1,1,1,1,1,1,4,4,-1,[ OK ]
4061.4,4/13/2026 9:15:01 PM,6589,103.4,0.1476,119.9,0.3918,0.5169,1.536,0,0,0,100,16.28,0.2586,404.1,200,1,0,0.34,1,1,1,1,1,1,1,4,4,-1,[ OK ]
4062.0,4/13/2026 9:15:02 PM,6589,103.4,0.1476,120,0.3918,0.5175,1.528,0,0,0,100,16.28,0.2605,404,200,1,0,0.3386,1,1,1,1,1,1,1,4,4,-1,[ OK ]
4062.4,4/13/2026 9:15:02 PM,6590,103.4,0.1475,120.2,0.3923,0.5173,1.531,0,0,0,100,16.28,0.2619,403.9,200,1,0,0.3391,1,1,1,1,1,1,1,4,4,-1,[ OK ]
4062.8,4/13/2026 9:15:03 PM,6590,103.4,0.1475,120.1,0.3918,0.5173,1.53,0,0,0,100,16.28,0.2592,403.9,200,1,0,0.3384,1,1,1,1,1,1,1,4,4,-1,[ OK ]
4063.3,4/13/2026 9:15:03 PM,6590,103.4,0.1476,119.8,0.3918,0.5171,1.533,0,0,0,100,16.28,0.2613,404.3,200,1,0,0.3332,1,1,1,1,1,1,1,4,4,-1,[ OK ]
4063.7,4/13/2026 9:15:03 PM,6591,103.4,0.1476,119.7,0.3953,0.5173,1.532,0,0,0,100,16.28,0.2608,403.9,200,1,0,0.3344,1,1,1,1,1,1,1,4,4,-1,[ OK ]
4064.2,4/13/2026 9:15:04 PM,6591,103.4,0.1477,119.6,0.395,0.5172,1.533,0,0,0,100,16.28,0.261,404.4,200,1,0,0.3367,1,1,1,1,1,1,1,4,4,-1,[ OK ]
4064.8,4/13/2026 9:15:05 PM,6592,103.4,0.1476,119.8,0.3918,0.5174,1.531,0,0,0,100,16.28,0.2613,404,200,1,0,0.3386,1,1,1,1,1,1,1,4,4,-1,[ OK ]
4065.3,4/13/2026 9:15:05 PM,6593,103.4,0.1476,120,0.392,0.5174,1.53,0,0,0,100,16.28,0.2616,404.3,200,1,0,0.3324,1,1,1,1,1,1,1,4,4,-1,[ OK ]
4065.8,4/13/2026 9:15:06 PM,6593,103.4,0.1475,120.2,0.3919,0.5173,1.532,0,0,0,100,16.28,0.2587,404.3,200,1,0,0.356,1,1,1,1,1,1,1,4,4,-1,[ OK ]
4066.3,4/13/2026 9:15:06 PM,6593,103.4,0.1475,120.3,0.3918,0.5178,1.526,0,0,0,100,16.28,0.2584,404.2,200,1,0,0.3405,1,1,1,1,1,1,1,4,4,-1,[ OK ]
4066.8,4/13/2026 9:15:07 PM,6594,103.4,0.1476,119.9,0.3918,0.5179,1.524,0,0,0,100,16.28,0.2594,404.2,200,1,0,0.3379,1,1,1,1,1,1,1,4,4,-1,[ OK ]
4067.4,4/13/2026 9:15:07 PM,6595,103.4,0.1476,119.9,0.3918,0.5182,1.519,0,0,0,100,16.28,0.2604,404,200,1,0,0.3354,1,1,1,1,1,1,1,4,4,-1,[ OK ]
4067.9,4/13/2026 9:15:08 PM,6595,103.4,0.1475,120.1,0.3992,0.5168,1.534,0,0,0,100,16.28,0.2598,404,200,1,0,0.3441,1,1,1,1,1,1,1,4,4,-1,[ OK ]
4068.7,4/13/2026 9:15:08 PM,6596,103.4,0.1476,119.8,0.3973,0.5176,1.526,0,0,0,100,16.28,0.2608,404,200,1,0,0.3397,1,1,1,1,1,1,1,4,4,-1,[ OK ]
4069.5,4/13/2026 9:15:09 PM,6597,103.4,0.1476,120,0.3957,0.5172,1.531,0,0,0,100,16.28,0.2594,403.9,200,1,0,0.338,1,1,1,1,1,1,1,4,4,-1,[ OK ]
4070.3,4/13/2026 9:15:10 PM,6598,103.4,0.1474,120.5,0.3949,0.5179,1.523,0,0,0,100,16.28,0.261,404.3,200,1,0,0.3339,1,1,1,1,1,1,1,4,4,-1,[ OK ]
4071.0,4/13/2026 9:15:11 PM,6598,103.4,0.1475,120.1,0.3968,0.5172,1.532,0,0,0,100,16.28,0.2609,403.9,200,1,0,0.3386,1,1,1,1,1,1,1,4,4,-1,[ OK ]
4071.8,4/13/2026 9:15:12 PM,6599,103.4,0.1474,120.3,0.3919,0.5177,1.527,0,0,0,100,16.28,0.2628,404.3,200,1,0,0.3294,1,1,1,1,1,1,1,4,4,-1,[ OK ]
4072.6,4/13/2026 9:15:12 PM,6600,103.4,0.1474,120.6,0.3919,0.5169,1.535,0,0,0,100,16.28,0.261,404.2,200,1,0,0.3364,1,1,1,1,1,1,1,4,4,-1,[ OK ]
4073.4,4/13/2026 9:15:13 PM,6601,103.4,0.1477,119.8,0.396,0.5178,1.525,0,0,0,100,16.28,0.2608,404.3,200,1,0,0.3452,1,1,1,1,1,1,1,4,4,-1,[ OK ]
4074.2,4/13/2026 9:15:14 PM,6601,103.4,0.1476,119.9,0.3928,0.5174,1.529,0,0,0,100,16.28,0.2597,404,200,1,0,0.3373,1,1,1,1,1,1,1,4,4,-1,[ OK ]
4075.1,4/13/2026 9:15:15 PM,6602,103.4,0.1476,119.9,0.3972,0.5174,1.529,0,0,0,100,16.28,0.2591,404.1,200,1,0,0.3386,1,1,1,1,1,1,1,4,4,-1,[ OK ]
4076.2,4/13/2026 9:15:16 PM,6603,103.4,0.1475,120.2,0.3918,0.5175,1.527,0,0,0,100,16.28,0.2591,404.3,200,1,0,0.344,1,1,1,1,1,1,1,4,4,-1,[ OK ]
4077.4,4/13/2026 9:15:17 PM,6605,103.4,0.1476,119.8,0.3989,0.5175,1.527,0,0,0,100,16.28,0.2605,404,200,1,0,0.3421,1,1,1,1,1,1,1,4,4,-1,[ OK ]
4078.8,4/13/2026 9:15:19 PM,6606,103.4,0.1476,119.7,0.392,0.5171,1.532,0,0,0,100,16.28,0.261,404,200,1,0,0.3462,1,1,1,1,1,1,1,4,4,-1,[ OK ]
4080.6,4/13/2026 9:15:20 PM,6608,103.4,0.1476,120.1,0.3933,0.5168,1.536,0,0,0,100,16.28,0.2602,404.3,200,1,0,0.3361,1,1,1,1,1,1,1,4,4,-1,[ OK ]
4082.3,4/13/2026 9:15:22 PM,6610,103.4,0.1475,120.4,0.397,0.5173,1.53,0,0,0,100,16.28,0.2613,404,200,1,0,0.3332,1,1,1,1,1,1,1,4,4,-1,[ OK ]
4084.2,4/13/2026 9:15:24 PM,6611,103.4,0.148,118.7,0.396,0.5177,1.525,0,0,0,100,16.28,0.2614,403.9,200,1,0,0.3357,1,1,1,1,1,1,1,4,4,-1,[ OK ]
4086.0,4/13/2026 9:15:26 PM,6613,103.4,0.1474,120.7,0.3918,0.518,1.523,0,0,0,100,16.28,0.2584,404.2,200,1,0,0.3406,1,1,1,1,1,1,1,4,4,-1,[ OK ]
4087.9,4/13/2026 9:15:28 PM,6615,103.4,0.1477,119.7,0.3954,0.5173,1.53,0,0,0,100,16.28,0.2593,404.2,200,1,0,0.3383,1,1,1,1,1,1,1,4,4,-1,[ OK ]
4089.8,4/13/2026 9:15:30 PM,6617,103.4,0.1477,119.8,0.3918,0.5173,1.53,0,0,0,100,16.28,0.2605,404.2,200,1,0,0.3233,1,1,1,1,1,1,1,4,4,-1,[ OK ]
4091.6,4/13/2026 9:15:31 PM,6619,103.4,0.1476,120.1,0.3919,0.5187,1.515,0,0,0,100,16.28,0.2611,404.1,200,1,0,0.3412,1,1,1,1,1,1,1,4,4,-1,[ OK ]
4093.4,4/13/2026 9:15:33 PM,6621,103.4,0.1476,120,0.395,0.5182,1.521,0,0,0,100,16.28,0.2608,403.9,200,1,0,0.3395,1,1,1,1,1,1,1,4,4,-1,[ OK ]
4094.5,4/13/2026 9:15:34 PM,6622,103.4,0.1475,120.1,0.3949,0.5171,1.533,0,0,0,100,16.28,0.2597,403.9,200,1,0,0.3392,1,1,1,1,1,1,1,4,4,-1,[ OK ]
4095.4,4/13/2026 9:15:35 PM,6623,103.4,0.1475,120.2,0.3918,0.5179,1.523,0,0,0,100,16.28,0.2608,404.3,200,1,0,0.3393,1,1,1,1,1,1,1,4,4,-1,[ OK ]
4096.2,4/13/2026 9:15:36 PM,6623,103.4,0.1475,120.2,0.3928,0.5178,1.525,0,0,0,100,16.28,0.2583,404,200,1,0,0.3407,1,1,1,1,1,1,1,4,4,-1,[ OK ]
4097.1,4/13/2026 9:15:37 PM,6624,103.4,0.1477,119.6,0.401,0.5168,1.536,0,0,0,100,16.28,0.259,404.2,200,1,0,0.339,1,1,1,1,1,1,1,4,4,-1,[ OK ]
4097.7,4/13/2026 9:15:37 PM,6625,103.4,0.1473,120.9,0.3995,0.518,1.523,0,0,0,100,16.28,0.2598,404,200,1,0,0.3371,1,1,1,1,1,1,1,4,4,-1,[ OK ]
4098.3,4/13/2026 9:15:38 PM,6626,103.4,0.1477,119.5,0.3925,0.517,1.534,0,0,0,100,16.28,0.2599,404.3,200,1,0,0.3368,1,1,1,1,1,1,1,4,4,-1,[ OK ]
4099.0,4/13/2026 9:15:39 PM,6626,103.4,0.1476,120,0.3854,0.5172,1.532,0,0,0,100,16.28,0.2587,404.2,200,1,0,0.3476,1,1,1,1,1,1,1,4,4,-1,[ OK ]
4099.6,4/13/2026 9:15:39 PM,6627,103.4,0.1476,120,0.3918,0.5176,1.527,0,0,0,100,16.28,0.2604,403.9,200,1,0,0.3371,1,1,1,1,1,1,1,4,4,-1,[ OK ]
4100.4,4/13/2026 9:15:40 PM,6628,103.4,0.1475,120.2,0.3941,0.5181,1.523,0,0,0,100,16.28,0.2604,404.1,200,1,0,0.3353,1,1,1,1,1,1,1,4,4,-1,[ OK ]
4101.3,4/13/2026 9:15:41 PM,6629,103.4,0.1478,119.4,0.3918,0.5184,1.519,0,0,0,100,16.28,0.2596,403.9,200,1,0,0.3383,1,1,1,1,1,1,1,4,4,-1,[ OK ]
4102.1,4/13/2026 9:15:42 PM,6629,103.4,0.1476,119.8,0.3947,0.5173,1.531,0,0,0,100,16.28,0.262,404.2,200,1,0,0.3313,1,1,1,1,1,1,1,4,4,-1,[ OK ]
4102.9,4/13/2026 9:15:43 PM,6630,103.4,0.1475,120.1,0.3941,0.5177,1.526,0,0,0,100,16.28,0.2592,403.9,200,1,0,0.3513,1,1,1,1,1,1,1,4,4,-1,[ OK ]
4103.6,4/13/2026 9:15:43 PM,6631,103.4,0.1477,119.7,0.3936,0.5171,1.532,0,0,0,100,16.28,0.2642,404.2,200,1,0,0.3323,1,1,1,1,1,1,1,4,4,-1,[ OK ]
4104.3,4/13/2026 9:15:44 PM,6632,103.4,0.1476,120,0.3942,0.517,1.534,0,0,0,100,16.28,0.26,404.1,200,1,0,0.3365,1,1,1,1,1,1,1,4,4,-1,[ OK ]
4105.0,4/13/2026 9:15:45 PM,6632,103.4,0.1476,119.8,0.3949,0.5172,1.532,0,0,0,100,16.28,0.2604,404.1,200,1,0,0.3441,1,1,1,1,1,1,1,4,4,-1,[ OK ]
4105.6,4/13/2026 9:15:45 PM,6633,103.4,0.1476,120,0.3965,0.517,1.534,0,0,0,100,16.28,0.262,404.3,200,1,0,0.3435,1,1,1,1,1,1,1,4,4,-1,[ OK ]
4106.3,4/13/2026 9:15:46 PM,6633,103.4,0.1478,119.4,0.3957,0.5174,1.529,0,0,0,100,16.28,0.2625,403.9,200,1,0,0.331,1,1,1,1,1,1,1,4,4,-1,[ OK ]
4106.9,4/13/2026 9:15:47 PM,6634,103.4,0.1477,119.7,0.395,0.5176,1.528,0,0,0,100,16.28,0.2612,404.2,200,1,0,0.3338,1,1,1,1,1,1,1,4,4,-1,[ OK ]
4107.6,4/13/2026 9:15:47 PM,6635,103.4,0.1476,120.1,0.3918,0.518,1.523,0,0,0,100,16.28,0.262,404,200,1,0,0.3439,1,1,1,1,1,1,1,4,4,-1,[ OK ]
4108.3,4/13/2026 9:15:48 PM,6636,103.4,0.1476,120.2,0.3967,0.518,1.523,0,0,0,100,16.28,0.2589,404.3,200,1,0,0.3461,1,1,1,1,1,1,1,4,4,-1,[ OK ]
4109.0,4/13/2026 9:15:49 PM,6636,103.4,0.1476,120.1,0.3963,0.5167,1.536,0,0,0,100,16.28,0.2577,404.2,200,1,0,0.3516,1,1,1,1,1,1,1,4,4,-1,[ OK ]
4109.6,4/13/2026 9:15:49 PM,6637,103.4,0.1477,119.7,0.395,0.5171,1.532,0,0,0,100,16.28,0.2591,404.2,200,1,0,0.3388,1,1,1,1,1,1,1,4,4,-1,[ OK ]
4110.3,4/13/2026 9:15:50 PM,6638,103.4,0.1476,120.1,0.3924,0.5177,1.525,0,0,0,100,16.28,0.2597,404.3,200,1,0,0.3426,1,1,1,1,1,1,1,4,4,-1,[ OK ]
4111.0,4/13/2026 9:15:51 PM,6638,103.4,0.1477,119.7,0.3938,0.5171,1.533,0,0,0,100,16.28,0.2637,404.3,200,1,0,0.327,1,1,1,1,1,1,1,4,4,-1,[ OK ]
4111.6,4/13/2026 9:15:51 PM,6639,103.4,0.1477,119.9,0.3969,0.517,1.534,0,0,0,100,16.28,0.26,404,200,1,0,0.3512,1,1,1,1,1,1,1,4,4,-1,[ OK ]
4112.3,4/13/2026 9:15:52 PM,6639,103.4,0.1476,120.2,0.3918,0.5183,1.519,0,0,0,100,16.28,0.2596,404,200,1,0,0.3453,1,1,1,1,1,1,1,4,4,-1,[ OK ]
4112.9,4/13/2026 9:15:53 PM,6640,103.4,0.1478,119.7,0.4005,0.5178,1.524,0,0,0,100,16.28,0.263,403.8,200,1,0,0.3289,1,1,1,1,1,1,1,4,4,-1,[ OK ]
4113.5,4/13/2026 9:15:53 PM,6641,103.4,0.1475,120.7,0.3919,0.5176,1.525,0,0,0,100,16.28,0.2584,404,200,1,0,0.3516,1,1,1,1,1,1,1,4,4,-1,[ OK ]
4114.1,4/13/2026 9:15:54 PM,6641,103.4,0.1478,119.6,0.3957,0.5174,1.528,0,0,0,100,16.28,0.2588,404,200,1,0,0.3517,1,1,1,1,1,1,1,4,4,-1,[ OK ]
4114.7,4/13/2026 9:15:55 PM,6642,103.4,0.1477,120,0.3953,0.5171,1.532,0,0,0,100,16.28,0.2605,404.4,200,1,0,0.352,1,1,1,1,1,1,1,4,4,-1,[ OK ]
4115.6,4/13/2026 9:15:55 PM,6643,103.4,0.1478,119.9,0.3955,0.5182,1.521,0,0,0,100,16.28,0.2602,404.3,200,1,0,0.3371,1,1,1,1,1,1,1,4,4,-1,[ OK ]
4116.2,4/13/2026 9:15:56 PM,6643,103.4,0.1478,119.6,0.3979,0.5174,1.529,0,0,0,100,16.28,0.2617,404.3,200,1,0,0.3321,1,1,1,1,1,1,1,4,4,-1,[ OK ]
4116.8,4/13/2026 9:15:57 PM,6644,103.4,0.1477,119.9,0.3918,0.5175,1.528,0,0,0,100,16.28,0.2588,404,200,1,0,0.3433,1,1,1,1,1,1,1,4,4,-1,[ OK ]
4117.3,4/13/2026 9:15:57 PM,6645,103.4,0.1476,120.3,0.3948,0.5175,1.528,0,0,0,100,16.28,0.2591,403.9,200,1,0,0.3423,1,1,1,1,1,1,1,4,4,-1,[ OK ]
4117.9,4/13/2026 9:15:58 PM,6645,103.4,0.1476,120.3,0.3935,0.5178,1.526,0,0,0,100,16.28,0.2607,403.9,200,1,0,0.3347,1,1,1,1,1,1,1,4,4,-1,[ OK ]
4118.6,4/13/2026 9:15:58 PM,6646,103.4,0.1479,119.4,0.3975,0.518,1.523,0,0,0,100,16.28,0.2597,404.2,200,1,0,0.3373,1,1,1,1,1,1,1,4,4,-1,[ OK ]
4119.5,4/13/2026 9:15:59 PM,6647,103.4,0.1478,119.4,0.3965,0.5171,1.534,0,0,0,100,16.28,0.2614,404.2,200,1,0,0.333,1,1,1,1,1,1,1,4,4,-1,[ OK ]
4120.3,4/13/2026 9:16:00 PM,6648,103.4,0.1477,120,0.3918,0.518,1.523,0,0,0,100,16.28,0.2576,404,200,1,0,0.3425,1,1,1,1,1,1,1,4,4,-1,[ OK ]
4121.3,4/13/2026 9:16:01 PM,6648,103.4,0.1477,120.1,0.3949,0.5173,1.53,0,0,0,100,16.28,0.2591,404,200,1,0,0.3539,1,1,1,1,1,1,1,4,4,-1,[ OK ]
4121.9,4/13/2026 9:16:02 PM,6649,103.4,0.1476,120.3,0.3918,0.518,1.523,0,0,0,100,16.28,0.2578,404.3,200,1,0,0.3424,1,1,1,1,1,1,1,4,4,-1,[ OK ]
4122.6,4/13/2026 9:16:02 PM,6650,103.4,0.1476,120.2,0.3929,0.5176,1.528,0,0,0,100,16.28,0.2616,404.2,200,1,0,0.333,1,1,1,1,1,1,1,4,4,-1,[ OK ]
4123.3,4/13/2026 9:16:03 PM,6651,103.4,0.1476,120.2,0.3923,0.5171,1.533,0,0,0,100,16.28,0.2607,404.2,200,1,0,0.3444,1,1,1,1,1,1,1,4,4,-1,[ OK ]
4124.2,4/13/2026 9:16:04 PM,6651,103.4,0.1478,119.4,0.3918,0.5179,1.524,0,0,0,100,16.28,0.2605,404.2,200,1,0,0.3399,1,1,1,1,1,1,1,4,4,-1,[ OK ]
4124.9,4/13/2026 9:16:05 PM,6652,103.4,0.1477,119.9,0.3918,0.5176,1.527,0,0,0,100,16.28,0.2617,403.9,200,1,0,0.3472,1,1,1,1,1,1,1,4,4,-1,[ OK ]
4125.6,4/13/2026 9:16:05 PM,6653,103.4,0.1475,120.5,0.3918,0.5175,1.527,0,0,0,100,16.28,0.2582,404,200,1,0,0.3411,1,1,1,1,1,1,1,4,4,-1,[ OK ]
4126.2,4/13/2026 9:16:06 PM,6653,103.4,0.1477,120,0.3982,0.5177,1.526,0,0,0,100,16.28,0.2591,404.1,200,1,0,0.3596,1,1,1,1,1,1,1,4,4,-1,[ OK ]
4126.9,4/13/2026 9:16:07 PM,6654,103.4,0.1476,120.3,0.3984,0.5175,1.527,0,0,0,100,16.28,0.2604,404.3,200,1,0,0.3361,1,1,1,1,1,1,1,4,4,-1,[ OK ]
4127.7,4/13/2026 9:16:07 PM,6655,103.4,0.1475,120.4,0.3931,0.5179,1.523,0,0,0,100,16.28,0.2589,404.4,200,1,0,0.3405,1,1,1,1,1,1,1,4,4,-1,[ OK ]
4128.3,4/13/2026 9:16:08 PM,6656,103.4,0.1476,120,0.3918,0.5178,1.524,0,0,0,100,16.28,0.259,404,200,1,0,0.3421,1,1,1,1,1,1,1,4,4,-1,[ OK ]
4128.9,4/13/2026 9:16:09 PM,6656,103.4,0.1476,120.2,0.3927,0.5173,1.529,0,0,0,100,16.28,0.2614,404.3,200,1,0,0.3336,1,1,1,1,1,1,1,4,4,-1,[ OK ]
4129.5,4/13/2026 9:16:09 PM,6657,103.4,0.1479,119.3,0.3986,0.5175,1.527,0,0,0,100,16.28,0.2581,403.9,200,1,0,0.3442,1,1,1,1,1,1,1,4,4,-1,[ OK ]
4130.2,4/13/2026 9:16:10 PM,6657,103.4,0.1478,119.4,0.3935,0.5178,1.524,0,0,0,100,16.28,0.2597,404.4,200,1,0,0.3372,1,1,1,1,1,1,1,4,4,-1,[ OK ]
4130.6,4/13/2026 9:16:10 PM,6658,103.4,0.1477,119.9,0.3994,0.5173,1.529,0,0,0,100,16.28,0.2608,404.2,200,1,0,0.3345,1,1,1,1,1,1,1,4,4,-1,[ OK ]
4131.2,4/13/2026 9:16:11 PM,6658,103.4,0.1478,119.8,0.3979,0.5176,1.526,0,0,0,100,16.28,0.2626,404.3,200,1,0,0.3396,1,1,1,1,1,1,1,4,4,-1,[ OK ]
4131.8,4/13/2026 9:16:12 PM,6659,103.4,0.1477,119.9,0.3968,0.5177,1.526,0,0,0,100,16.28,0.2592,404.3,200,1,0,0.3465,1,1,1,1,1,1,1,4,4,-1,[ OK ]
4132.5,4/13/2026 9:16:12 PM,6660,103.4,0.1479,119.4,0.3942,0.5166,1.537,0,0,0,100,16.28,0.2578,404.2,200,1,0,0.3169,1,1,1,1,1,1,1,4,4,-1,[ OK ]
4132.9,4/13/2026 9:16:13 PM,6660,103.4,0.1479,119.6,0.395,0.518,1.522,0,0,0,100,16.28,0.2564,403.9,200,1,0,0.348,1,1,1,1,1,1,1,4,4,-1,[ OK ]
4133.5,4/13/2026 9:16:13 PM,6661,103.4,0.1477,119.9,0.3918,0.5177,1.525,0,0,0,100,16.28,0.2584,404.2,200,1,0,0.3411,1,1,1,1,1,1,1,4,4,-1,[ OK ]
4134.1,4/13/2026 9:16:14 PM,6661,103.4,0.148,119.2,0.3938,0.5173,1.528,0,0,0,100,16.28,0.2583,404.3,200,1,0,0.3421,1,1,1,1,1,1,1,4,4,-1,[ OK ]
4134.5,4/13/2026 9:16:14 PM,6662,103.4,0.1479,119.5,0.3918,0.5171,1.531,0,0,0,100,16.28,0.2594,404.1,200,1,0,0.3418,1,1,1,1,1,1,1,4,4,-1,[ OK ]
4135.2,4/13/2026 9:16:15 PM,6662,103.4,0.1474,121.1,0.3918,0.5173,1.529,0,0,0,100,16.28,0.2591,404.3,200,1,0,0.3492,1,1,1,1,1,1,1,4,4,-1,[ OK ]
4135.8,4/13/2026 9:16:16 PM,6663,103.4,0.1478,119.8,0.3918,0.5178,1.523,0,0,0,100,16.28,0.2608,404.1,200,1,0,0.3437,1,1,1,1,1,1,1,4,4,-1,[ OK ]
4136.3,4/13/2026 9:16:16 PM,6664,103.4,0.1477,120.1,0.3918,0.5171,1.531,0,0,0,100,16.28,0.2571,404,200,1,0,0.3439,1,1,1,1,1,1,1,4,4,-1,[ OK ]
4136.8,4/13/2026 9:16:17 PM,6664,103.4,0.1478,119.9,0.3921,0.5177,1.524,0,0,0,100,16.28,0.2618,403.9,200,1,0,0.34,1,1,1,1,1,1,1,4,4,-1,[ OK ]
4137.3,4/13/2026 9:16:17 PM,6665,103.4,0.1479,119.7,0.3985,0.5171,1.531,0,0,0,100,16.28,0.2581,404.3,200,1,0,0.3412,1,1,1,1,1,1,1,4,4,-1,[ OK ]
4137.8,4/13/2026 9:16:18 PM,6665,103.4,0.1475,120.7,0.3918,0.517,1.532,0,0,0,100,16.28,0.2563,404,200,1,0,0.3483,1,1,1,1,1,1,1,4,4,-1,[ OK ]
4138.3,4/13/2026 9:16:18 PM,6666,103.4,0.1477,120.3,0.392,0.5169,1.535,0,0,0,100,16.28,0.261,404,200,1,0,0.3352,1,1,1,1,1,1,1,4,4,-1,[ OK ]
4138.8,4/13/2026 9:16:19 PM,6666,103.4,0.1478,119.8,0.3941,0.5177,1.526,0,0,0,100,16.28,0.2589,404,200,1,0,0.3403,1,1,1,1,1,1,1,4,4,-1,[ OK ]
4139.2,4/13/2026 9:16:19 PM,6666,103.4,0.1477,120.1,0.3957,0.518,1.523,0,0,0,100,16.28,0.2599,404,200,1,0,0.3396,1,1,1,1,1,1,1,4,4,-1,[ OK ]
4139.7,4/13/2026 9:16:20 PM,6667,103.4,0.1478,119.8,0.3925,0.5171,1.533,0,0,0,100,16.28,0.2585,404.3,200,1,0,0.3414,1,1,1,1,1,1,1,4,4,-1,[ OK ]
4140.3,4/13/2026 9:16:20 PM,6667,103.4,0.1477,120.1,0.3918,0.5179,1.524,0,0,0,100,16.28,0.2573,404.1,200,1,0,0.355,1,1,1,1,1,1,1,4,4,-1,[ OK ]
4140.7,4/13/2026 9:16:20 PM,6668,103.4,0.1477,120.1,0.3932,0.5178,1.525,0,0,0,100,16.28,0.2582,403.8,200,1,0,0.341,1,1,1,1,1,1,1,4,4,-1,[ OK ]
4141.2,4/13/2026 9:16:21 PM,6668,103.4,0.1478,119.7,0.398,0.5173,1.53,0,0,0,100,16.28,0.2558,404.1,200,1,0,0.3546,1,1,1,1,1,1,1,4,4,-1,[ OK ]
4141.6,4/13/2026 9:16:21 PM,6669,103.4,0.1477,120,0.3959,0.5169,1.536,0,0,0,100,16.28,0.2584,404.2,200,1,0,0.3406,1,1,1,1,1,1,1,4,4,-1,[ OK ]
4142.1,4/13/2026 9:16:22 PM,6669,103.4,0.1478,119.7,0.3918,0.5173,1.531,0,0,0,100,16.28,0.2591,404.1,200,1,0,0.3429,1,1,1,1,1,1,1,4,4,-1,[ OK ]
4142.6,4/13/2026 9:16:22 PM,6670,103.4,0.1479,119.4,0.3981,0.517,1.535,0,0,0,100,16.28,0.2565,404.2,200,1,0,0.3259,1,1,1,1,1,1,1,4,4,-1,[ OK ]
4143.1,4/13/2026 9:16:23 PM,6670,103.4,0.1479,119.7,0.3918,0.518,1.524,0,0,0,100,16.28,0.2577,404,200,1,0,0.3496,1,1,1,1,1,1,1,4,4,-1,[ OK ]
4143.6,4/13/2026 9:16:23 PM,6671,103.4,0.1478,119.8,0.3946,0.5184,1.519,0,0,0,100,16.28,0.2604,403.9,200,1,0,0.3367,1,1,1,1,1,1,1,4,4,-1,[ OK ]
4144.0,4/13/2026 9:16:24 PM,6671,103.4,0.1478,119.9,0.3922,0.5179,1.525,0,0,0,100,16.28,0.2589,403.9,200,1,0,0.3418,1,1,1,1,1,1,1,4,4,-1,[ OK ]
4144.5,4/13/2026 9:16:24 PM,6672,103.4,0.1479,119.7,0.3957,0.5176,1.529,0,0,0,100,16.28,0.2589,404.2,200,1,0,0.3496,1,1,1,1,1,1,1,4,4,-1,[ OK ]
4145.1,4/13/2026 9:16:25 PM,6672,103.4,0.1478,120.1,0.4007,0.5174,1.531,0,0,0,100,16.28,0.2597,404,200,1,0,0.3426,1,1,1,1,1,1,1,4,4,-1,[ OK ]
4145.6,4/13/2026 9:16:25 PM,6673,103.4,0.1478,120,0.3945,0.5175,1.531,0,0,0,100,16.28,0.2608,404.1,200,1,0,0.3344,1,1,1,1,1,1,1,4,4,-1,[ OK ]
4146.0,4/13/2026 9:16:26 PM,6673,103.4,0.1478,120.2,0.3918,0.5171,1.535,0,0,0,100,16.28,0.2606,404.2,200,1,0,0.3461,1,1,1,1,1,1,1,4,4,-1,[ OK ]
4146.5,4/13/2026 9:16:26 PM,6674,103.4,0.1478,120.1,0.3922,0.5172,1.534,0,0,0,100,16.28,0.2585,403.9,200,1,0,0.3485,1,1,1,1,1,1,1,4,4,-1,[ OK ]
4147.1,4/13/2026 9:16:27 PM,6674,103.4,0.1478,120.1,0.3923,0.5178,1.526,0,0,0,100,16.28,0.2584,404,200,1,0,0.35,1,1,1,1,1,1,1,4,4,-1,[ OK ]
4147.7,4/13/2026 9:16:27 PM,6675,103.4,0.1478,120.1,0.393,0.518,1.525,0,0,0,100,16.28,0.2626,404.4,200,1,0,0.3335,1,1,1,1,1,1,1,4,4,-1,[ OK ]
4148.1,4/13/2026 9:16:28 PM,6675,103.4,0.148,119.4,0.3918,0.5179,1.525,0,0,0,100,16.28,0.2586,404.3,200,1,0,0.3518,1,1,1,1,1,1,1,4,4,-1,[ OK ]
4148.7,4/13/2026 9:16:29 PM,6676,103.4,0.1479,119.6,0.3942,0.5176,1.529,0,0,0,100,16.28,0.2587,404,200,1,0,0.3397,1,1,1,1,1,1,1,4,4,-1,[ OK ]
4149.1,4/13/2026 9:16:29 PM,6676,103.4,0.1478,120,0.4008,0.5169,1.536,0,0,0,100,16.28,0.2591,404.1,200,1,0,0.3387,1,1,1,1,1,1,1,4,4,-1,[ OK ]
4149.7,4/13/2026 9:16:30 PM,6677,103.4,0.1478,120,0.3937,0.5176,1.528,0,0,0,100,16.28,0.2574,403.9,200,1,0,0.3431,1,1,1,1,1,1,1,4,4,-1,[ OK ]
4150.1,4/13/2026 9:16:30 PM,6677,103.4,0.1479,119.7,0.3976,0.5173,1.532,0,0,0,100,16.28,0.2594,404.2,200,1,0,0.3379,1,1,1,1,1,1,1,4,4,-1,[ OK ]
4150.7,4/13/2026 9:16:30 PM,6678,103.4,0.1479,119.5,0.3941,0.5178,1.527,0,0,0,100,16.28,0.2596,404,200,1,0,0.3422,1,1,1,1,1,1,1,4,4,-1,[ OK ]
4151.2,4/13/2026 9:16:31 PM,6678,103.4,0.1478,119.9,0.3918,0.5174,1.53,0,0,0,100,16.28,0.2581,404.2,200,1,0,0.3412,1,1,1,1,1,1,1,4,4,-1,[ OK ]
4151.6,4/13/2026 9:16:31 PM,6679,103.4,0.1478,120.1,0.3968,0.5178,1.526,0,0,0,100,16.28,0.2608,403.8,200,1,0,0.3345,1,1,1,1,1,1,1,4,4,-1,[ OK ]
4152.0,4/13/2026 9:16:32 PM,6679,103.4,0.1477,120.4,0.3926,0.518,1.524,0,0,0,100,16.28,0.2588,403.9,200,1,0,0.3396,1,1,1,1,1,1,1,4,4,-1,[ OK ]
4152.5,4/13/2026 9:16:32 PM,6680,103.4,0.1476,120.7,0.3936,0.5169,1.536,0,0,0,100,16.28,0.2581,403.9,200,1,0,0.3514,1,1,1,1,1,1,1,4,4,-1,[ OK ]
4153.1,4/13/2026 9:16:33 PM,6680,103.4,0.1477,120.3,0.395,0.5177,1.528,0,0,0,100,16.28,0.2581,404,200,1,0,0.3413,1,1,1,1,1,1,1,4,4,-1,[ OK ]
4153.6,4/13/2026 9:16:33 PM,6681,103.4,0.1477,120.2,0.3958,0.5179,1.524,0,0,0,100,16.28,0.2597,403.9,200,1,0,0.3438,1,1,1,1,1,1,1,4,4,-1,[ OK ]
4154.1,4/13/2026 9:16:34 PM,6681,103.4,0.1477,120.2,0.3944,0.5172,1.532,0,0,0,100,16.28,0.261,404.3,200,1,0,0.3401,1,1,1,1,1,1,1,4,4,-1,[ OK ]
4155.4,4/13/2026 9:16:35 PM,6683,103.4,0.1476,120.4,0.3933,0.5174,1.531,0,0,0,100,16.28,0.2573,404,200,1,0,0.3435,1,1,1,1,1,1,1,4,4,-1,[ OK ]
4156.0,4/13/2026 9:16:36 PM,6683,103.4,0.1478,119.9,0.3919,0.5179,1.526,0,0,0,100,16.28,0.2607,404.1,200,1,0,0.3347,1,1,1,1,1,1,1,4,4,-1,[ OK ]
4156.6,4/13/2026 9:16:36 PM,6684,103.4,0.1478,119.7,0.3918,0.5177,1.528,0,0,0,100,16.28,0.2575,404.3,200,1,0,0.3486,1,1,1,1,1,1,1,4,4,-1,[ OK ]
4157.2,4/13/2026 9:16:37 PM,6684,103.4,0.1478,119.9,0.3918,0.5172,1.532,0,0,0,100,16.28,0.2562,403.9,200,1,0,0.3487,1,1,1,1,1,1,1,4,4,-1,[ OK ]
4157.8,4/13/2026 9:16:38 PM,6685,103.4,0.1478,119.9,0.3981,0.5172,1.534,0,0,0,100,16.28,0.2579,403.9,200,1,0,0.3418,1,1,1,1,1,1,1,4,4,-1,[ OK ]
4158.4,4/13/2026 9:16:38 PM,6686,103.4,0.1477,120.3,0.392,0.5174,1.532,0,0,0,100,16.28,0.2607,403.8,200,1,0,0.3365,1,1,1,1,1,1,1,4,4,-1,[ OK ]
4159.1,4/13/2026 9:16:39 PM,6686,103.4,0.1477,120.3,0.3923,0.5175,1.531,0,0,0,100,16.28,0.2575,404,200,1,0,0.3429,1,1,1,1,1,1,1,4,4,-1,[ OK ]
4159.6,4/13/2026 9:16:39 PM,6687,103.4,0.1478,120,0.3851,0.5177,1.527,0,0,0,100,16.28,0.2564,403.9,200,1,0,0.357,1,1,1,1,1,1,1,4,4,-1,[ OK ]
4160.2,4/13/2026 9:16:40 PM,6687,103.4,0.1478,120,0.3941,0.517,1.535,0,0,0,100,16.28,0.2584,404.1,200,1,0,0.3405,1,1,1,1,1,1,1,4,4,-1,[ OK ]
4160.9,4/13/2026 9:16:41 PM,6688,103.4,0.1478,120.1,0.3977,0.5179,1.525,0,0,0,100,16.28,0.2593,403.9,200,1,0,0.3385,1,1,1,1,1,1,1,4,4,-1,[ OK ]
4161.7,4/13/2026 9:16:41 PM,6689,103.4,0.1477,120.3,0.3918,0.5171,1.534,0,0,0,100,16.28,0.2583,403.9,200,1,0,0.3451,1,1,1,1,1,1,1,4,4,-1,[ OK ]
4162.3,4/13/2026 9:16:42 PM,6690,103.4,0.1478,120,0.3955,0.5178,1.526,0,0,0,100,16.28,0.2568,403.9,200,1,0,0.3499,1,1,1,1,1,1,1,4,4,-1,[ OK ]
4163.0,4/13/2026 9:16:43 PM,6690,103.4,0.1476,120.8,0.3918,0.518,1.524,0,0,0,100,16.28,0.2575,404.3,200,1,0,0.3439,1,1,1,1,1,1,1,4,4,-1,[ OK ]
4163.6,4/13/2026 9:16:43 PM,6691,103.4,0.1477,120.4,0.3952,0.5179,1.525,0,0,0,100,16.28,0.256,404.2,200,1,0,0.3465,1,1,1,1,1,1,1,4,4,-1,[ OK ]
4164.3,4/13/2026 9:16:44 PM,6691,103.4,0.1484,118.3,0.3934,0.5183,1.522,0,0,0,100,16.28,0.2585,404,200,1,0,0.3462,1,1,1,1,1,1,1,4,4,-1,[ OK ]
4164.9,4/13/2026 9:16:45 PM,6692,103.4,0.1479,119.9,0.3982,0.5179,1.525,0,0,0,100,16.28,0.2567,404,200,1,0,0.3533,1,1,1,1,1,1,1,4,4,-1,[ OK ]
4165.6,4/13/2026 9:16:45 PM,6693,103.4,0.1479,119.8,0.3918,0.5183,1.521,0,0,0,100,16.28,0.2565,403.9,200,1,0,0.3453,1,1,1,1,1,1,1,4,4,-1,[ OK ]
4166.2,4/13/2026 9:16:46 PM,6693,103.4,0.1478,120.1,0.3965,0.5179,1.525,0,0,0,100,16.28,0.2586,404.2,200,1,0,0.3464,1,1,1,1,1,1,1,4,4,-1,[ OK ]
4167.0,4/13/2026 9:16:47 PM,6694,103.4,0.1478,120.1,0.3974,0.5178,1.526,0,0,0,100,16.28,0.2587,404.2,200,1,0,0.3475,1,1,1,1,1,1,1,4,4,-1,[ OK ]
4167.8,4/13/2026 9:16:48 PM,6695,103.4,0.1479,119.6,0.3957,0.5175,1.529,0,0,0,100,16.28,0.2562,403.9,200,1,0,0.346,1,1,1,1,1,1,1,4,4,-1,[ OK ]
4168.4,4/13/2026 9:16:48 PM,6696,103.4,0.1478,120,0.3918,0.518,1.523,0,0,0,100,16.28,0.2581,404,200,1,0,0.3413,1,1,1,1,1,1,1,4,4,-1,[ OK ]
4169.1,4/13/2026 9:16:49 PM,6696,103.4,0.1478,120.1,0.401,0.5179,1.524,0,0,0,100,16.28,0.2567,404.2,200,1,0,0.3449,1,1,1,1,1,1,1,4,4,-1,[ OK ]
4169.8,4/13/2026 9:16:50 PM,6697,103.4,0.1478,120.1,0.3832,0.518,1.523,0,0,0,100,16.28,0.2593,404.1,200,1,0,0.3406,1,1,1,1,1,1,1,4,4,-1,[ OK ]
4170.6,4/13/2026 9:16:50 PM,6698,103.4,0.1476,120.5,0.3918,0.5174,1.529,0,0,0,100,16.28,0.2558,404.2,200,1,0,0.3472,1,1,1,1,1,1,1,4,4,-1,[ OK ]
4171.3,4/13/2026 9:16:51 PM,6699,103.4,0.1479,119.7,0.3949,0.517,1.533,0,0,0,100,16.28,0.2578,403.9,200,1,0,0.342,1,1,1,1,1,1,1,4,4,-1,[ OK ]
4171.9,4/13/2026 9:16:52 PM,6699,103.4,0.148,119.2,0.3918,0.517,1.534,0,0,0,100,16.28,0.2578,404.4,200,1,0,0.3474,1,1,1,1,1,1,1,4,4,-1,[ OK ]
4172.5,4/13/2026 9:16:52 PM,6700,103.4,0.1477,120.3,0.3939,0.5174,1.53,0,0,0,100,16.28,0.2587,404,200,1,0,0.342,1,1,1,1,1,1,1,4,4,-1,[ OK ]
4173.3,4/13/2026 9:16:53 PM,6700,103.4,0.1478,119.8,0.3966,0.517,1.535,0,0,0,100,16.28,0.2568,403.9,200,1,0,0.3459,1,1,1,1,1,1,1,4,4,-1,[ OK ]
4173.9,4/13/2026 9:16:54 PM,6701,103.4,0.1477,120,0.3918,0.5181,1.524,0,0,0,100,16.28,0.2603,404.2,200,1,0,0.3445,1,1,1,1,1,1,1,4,4,-1,[ OK ]
4174.5,4/13/2026 9:16:54 PM,6702,103.4,0.1477,120.2,0.3918,0.5178,1.526,0,0,0,100,16.28,0.2556,404.3,200,1,0,0.3477,1,1,1,1,1,1,1,4,4,-1,[ OK ]
4175.2,4/13/2026 9:16:55 PM,6702,103.4,0.1477,120.1,0.3918,0.5177,1.527,0,0,0,100,16.28,0.2593,404.2,200,1,0,0.3389,1,1,1,1,1,1,1,4,4,-1,[ OK ]
4175.9,4/13/2026 9:16:56 PM,6703,103.4,0.1477,120.2,0.3965,0.5175,1.529,0,0,0,100,16.28,0.2587,403.9,200,1,0,0.3495,1,1,1,1,1,1,1,4,4,-1,[ OK ]
4176.6,4/13/2026 9:16:56 PM,6704,103.4,0.1476,120.4,0.3927,0.5181,1.523,0,0,0,100,16.28,0.2568,404.2,200,1,0,0.3447,1,1,1,1,1,1,1,4,4,-1,[ OK ]
4177.3,4/13/2026 9:16:57 PM,6705,103.4,0.1478,119.9,0.3918,0.5171,1.534,0,0,0,100,16.28,0.2559,404.2,200,1,0,0.3488,1,1,1,1,1,1,1,4,4,-1,[ OK ]
4178.0,4/13/2026 9:16:58 PM,6705,103.4,0.1478,120.2,0.3918,0.5173,1.532,0,0,0,100,16.28,0.2578,403.8,200,1,0,0.342,1,1,1,1,1,1,1,4,4,-1,[ OK ]
4178.6,4/13/2026 9:16:58 PM,6706,103.4,0.1478,120,0.3918,0.5174,1.531,0,0,0,100,16.28,0.2585,404.1,200,1,0,0.3404,1,1,1,1,1,1,1,4,4,-1,[ OK ]
4179.4,4/13/2026 9:16:59 PM,6707,103.4,0.1479,119.5,0.3971,0.5175,1.529,0,0,0,100,16.28,0.2583,404.1,200,1,0,0.3408,1,1,1,1,1,1,1,4,4,-1,[ OK ]
4179.9,4/13/2026 9:17:00 PM,6707,103.4,0.1476,120.4,0.3918,0.5178,1.526,0,0,0,100,16.28,0.2574,404,200,1,0,0.3506,1,1,1,1,1,1,1,4,4,-1,[ OK ]
4180.5,4/13/2026 9:17:00 PM,6708,103.4,0.1478,119.9,0.3918,0.5171,1.534,0,0,0,100,16.28,0.2581,404.2,200,1,0,0.3528,1,1,1,1,1,1,1,4,4,-1,[ OK ]
4181.1,4/13/2026 9:17:01 PM,6708,103.4,0.1477,120.3,0.395,0.5173,1.532,0,0,0,100,16.28,0.2581,404.3,200,1,0,0.3506,1,1,1,1,1,1,1,4,4,-1,[ OK ]
4181.6,4/13/2026 9:17:01 PM,6709,103.4,0.1478,120.1,0.3918,0.5175,1.53,0,0,0,100,16.28,0.2586,404.2,200,1,0,0.34,1,1,1,1,1,1,1,4,4,-1,[ OK ]
4182.3,4/13/2026 9:17:02 PM,6709,103.4,0.1477,120.5,0.3965,0.5174,1.531,0,0,0,100,16.28,0.2552,403.9,200,1,0,0.3628,1,1,1,1,1,1,1,4,4,-1,[ OK ]
4182.9,4/13/2026 9:17:03 PM,6710,103.4,0.148,119.4,0.3927,0.5169,1.536,0,0,0,100,16.28,0.2563,404,200,1,0,0.3483,1,1,1,1,1,1,1,4,4,-1,[ OK ]
4183.6,4/13/2026 9:17:03 PM,6711,103.4,0.148,119.5,0.3925,0.5178,1.525,0,0,0,100,16.28,0.2575,403.8,200,1,0,0.3525,1,1,1,1,1,1,1,4,4,-1,[ OK ]
4184.2,4/13/2026 9:17:04 PM,6711,103.4,0.148,119.3,0.3918,0.5183,1.52,0,0,0,100,16.28,0.2589,404.2,200,1,0,0.3455,1,1,1,1,1,1,1,4,4,-1,[ OK ]
4185.0,4/13/2026 9:17:05 PM,6712,103.4,0.1477,120.3,0.3942,0.5183,1.521,0,0,0,100,16.28,0.2591,404,200,1,0,0.3486,1,1,1,1,1,1,1,4,4,-1,[ OK ]
4185.7,4/13/2026 9:17:05 PM,6713,103.4,0.1477,120.2,0.4002,0.5172,1.531,0,0,0,100,16.28,0.2568,404.3,200,1,0,0.3473,1,1,1,1,1,1,1,4,4,-1,[ OK ]
4186.4,4/13/2026 9:17:06 PM,6714,103.4,0.1478,119.8,0.3929,0.5179,1.526,0,0,0,100,16.28,0.26,404.2,200,1,0,0.3364,1,1,1,1,1,1,1,4,4,-1,[ OK ]
4187.1,4/13/2026 9:17:07 PM,6714,103.4,0.1478,120.1,0.3918,0.5174,1.53,0,0,0,100,16.28,0.2597,404.2,200,1,0,0.3399,1,1,1,1,1,1,1,4,4,-1,[ OK ]
4187.8,4/13/2026 9:17:08 PM,6715,103.4,0.148,119.3,0.3948,0.5172,1.532,0,0,0,100,16.28,0.2574,404.3,200,1,0,0.343,1,1,1,1,1,1,1,4,4,-1,[ OK ]
4188.4,4/13/2026 9:17:08 PM,6716,103.4,0.1479,119.7,0.3918,0.5184,1.519,0,0,0,100,16.28,0.2585,404.2,200,1,0,0.3496,1,1,1,1,1,1,1,4,4,-1,[ OK ]
4189.0,4/13/2026 9:17:09 PM,6716,103.4,0.1477,120.4,0.3918,0.5179,1.524,0,0,0,100,16.28,0.2576,404.3,200,1,0,0.351,1,1,1,1,1,1,1,4,4,-1,[ OK ]
4189.6,4/13/2026 9:17:09 PM,6717,103.4,0.1479,119.9,0.3964,0.5179,1.524,0,0,0,100,16.28,0.2602,404.3,200,1,0,0.3358,1,1,1,1,1,1,1,4,4,-1,[ OK ]
4190.3,4/13/2026 9:17:10 PM,6718,103.4,0.1479,120,0.395,0.5175,1.528,0,0,0,100,16.28,0.2594,404.3,200,1,0,0.3402,1,1,1,1,1,1,1,4,4,-1,[ OK ]
4191.1,4/13/2026 9:17:11 PM,6718,103.4,0.1479,120,0.397,0.5172,1.532,0,0,0,100,16.28,0.2558,404.2,200,1,0,0.353,1,1,1,1,1,1,1,4,4,-1,[ OK ]
4191.7,4/13/2026 9:17:11 PM,6719,103.4,0.1481,119,0.3938,0.5173,1.532,0,0,0,100,16.28,0.2594,404,200,1,0,0.3442,1,1,1,1,1,1,1,4,4,-1,[ OK ]
4192.4,4/13/2026 9:17:12 PM,6720,103.4,0.1475,121.1,0.3918,0.5177,1.527,0,0,0,100,16.28,0.2575,404,200,1,0,0.3428,1,1,1,1,1,1,1,4,4,-1,[ OK ]
4193.1,4/13/2026 9:17:13 PM,6720,103.4,0.1479,119.8,0.4008,0.5177,1.526,0,0,0,100,16.28,0.2573,404,200,1,0,0.3434,1,1,1,1,1,1,1,4,4,-1,[ OK ]
4193.8,4/13/2026 9:17:14 PM,6721,103.4,0.1479,119.8,0.396,0.5179,1.524,0,0,0,100,16.28,0.2578,404,200,1,0,0.3476,1,1,1,1,1,1,1,4,4,-1,[ OK ]
4194.5,4/13/2026 9:17:14 PM,6722,103.4,0.1478,120.2,0.3966,0.5179,1.524,0,0,0,100,16.28,0.2576,404.2,200,1,0,0.3426,1,1,1,1,1,1,1,4,4,-1,[ OK ]
4195.1,4/13/2026 9:17:15 PM,6722,103.4,0.1481,119.4,0.3948,0.5178,1.526,0,0,0,100,16.28,0.2564,403.9,200,1,0,0.3549,1,1,1,1,1,1,1,4,4,-1,[ OK ]
4195.7,4/13/2026 9:17:16 PM,6723,103.4,0.1479,119.7,0.384,0.518,1.522,0,0,0,100,16.28,0.2597,404,200,1,0,0.338,1,1,1,1,1,1,1,4,4,-1,[ OK ]
4196.5,4/13/2026 9:17:16 PM,6724,103.4,0.1479,119.8,0.396,0.5169,1.535,0,0,0,100,16.28,0.258,403.9,200,1,0,0.3432,1,1,1,1,1,1,1,4,4,-1,[ OK ]
4197.3,4/13/2026 9:17:17 PM,6724,103.4,0.1479,119.8,0.401,0.5181,1.522,0,0,0,100,16.28,0.2567,404.2,200,1,0,0.3449,1,1,1,1,1,1,1,4,4,-1,[ OK ]
4197.9,4/13/2026 9:17:18 PM,6725,103.4,0.1479,119.9,0.3981,0.5179,1.524,0,0,0,100,16.28,0.2587,404.2,200,1,0,0.3522,1,1,1,1,1,1,1,4,4,-1,[ OK ]
4198.8,4/13/2026 9:17:19 PM,6726,103.4,0.1479,119.8,0.3974,0.5179,1.525,0,0,0,100,16.28,0.2581,404.2,200,1,0,0.3435,1,1,1,1,1,1,1,4,4,-1,[ OK ]
4199.6,4/13/2026 9:17:19 PM,6727,103.4,0.1477,120.4,0.393,0.5172,1.532,0,0,0,100,16.28,0.2585,404,200,1,0,0.3502,1,1,1,1,1,1,1,4,4,-1,[ OK ]
4200.3,4/13/2026 9:17:20 PM,6727,103.4,0.1481,119.3,0.3939,0.5173,1.531,0,0,0,100,16.28,0.2568,403.9,200,1,0,0.3551,1,1,1,1,1,1,1,4,4,-1,[ OK ]
4201.2,4/13/2026 9:17:21 PM,6728,103.4,0.1477,120.4,0.3955,0.5172,1.532,0,0,0,100,16.28,0.2579,403.9,200,1,0,0.3452,1,1,1,1,1,1,1,4,4,-1,[ OK ]
4201.9,4/13/2026 9:17:22 PM,6729,103.4,0.1478,120.2,0.3918,0.5178,1.525,0,0,0,100,16.28,0.259,404.2,200,1,0,0.3516,1,1,1,1,1,1,1,4,4,-1,[ OK ]
4202.6,4/13/2026 9:17:22 PM,6730,103.4,0.1478,120.2,0.3918,0.5178,1.525,0,0,0,100,16.28,0.2564,403.9,200,1,0,0.3478,1,1,1,1,1,1,1,4,4,-1,[ OK ]
4203.6,4/13/2026 9:17:23 PM,6731,103.4,0.1479,119.9,0.3918,0.5178,1.525,0,0,0,100,16.28,0.2606,404,200,1,0,0.3355,1,1,1,1,1,1,1,4,4,-1,[ OK ]
4204.3,4/13/2026 9:17:24 PM,6732,103.4,0.1479,120,0.3968,0.5181,1.522,0,0,0,100,16.28,0.2581,403.9,200,1,0,0.3416,1,1,1,1,1,1,1,4,4,-1,[ OK ]
4205.1,4/13/2026 9:17:25 PM,6732,103.4,0.148,119.8,0.3918,0.517,1.534,0,0,0,100,16.28,0.2578,404,200,1,0,0.3422,1,1,1,1,1,1,1,4,4,-1,[ OK ]
4205.8,4/13/2026 9:17:26 PM,6733,103.4,0.1478,120.3,0.3919,0.5185,1.519,0,0,0,100,16.28,0.2573,403.9,200,1,0,0.3527,1,1,1,1,1,1,1,4,4,-1,[ OK ]
4206.6,4/13/2026 9:17:26 PM,6734,103.4,0.1478,120.4,0.3918,0.5175,1.529,0,0,0,100,16.28,0.2578,404.4,200,1,0,0.3421,1,1,1,1,1,1,1,4,4,-1,[ OK ]
4207.4,4/13/2026 9:17:27 PM,6735,103.4,0.148,119.8,0.3924,0.5174,1.531,0,0,0,100,16.28,0.259,404,200,1,0,0.3446,1,1,1,1,1,1,1,4,4,-1,[ OK ]
4208.0,4/13/2026 9:17:28 PM,6735,103.4,0.1481,119.5,0.3918,0.5181,1.522,0,0,0,100,16.28,0.2578,403.9,200,1,0,0.3431,1,1,1,1,1,1,1,4,4,-1,[ OK ]
4208.6,4/13/2026 9:17:28 PM,6736,103.4,0.1478,120.2,0.3955,0.5177,1.527,0,0,0,100,16.28,0.2585,404,200,1,0,0.3403,1,1,1,1,1,1,1,4,4,-1,[ OK ]
4209.3,4/13/2026 9:17:29 PM,6737,103.4,0.1477,120.3,0.3964,0.5181,1.523,0,0,0,100,16.28,0.2606,404.2,200,1,0,0.3432,1,1,1,1,1,1,1,4,4,-1,[ OK ]
4210.1,4/13/2026 9:17:30 PM,6737,103.4,0.148,119.6,0.3981,0.5173,1.532,0,0,0,100,16.28,0.2598,404.2,200,1,0,0.339,1,1,1,1,1,1,1,4,4,-1,[ OK ]
4211.0,4/13/2026 9:17:31 PM,6738,103.4,0.1478,120.1,0.3934,0.5178,1.527,0,0,0,100,16.28,0.2592,404,200,1,0,0.3417,1,1,1,1,1,1,1,4,4,-1,[ OK ]
4211.7,4/13/2026 9:17:32 PM,6739,103.4,0.1479,119.7,0.3987,0.5179,1.525,0,0,0,100,16.28,0.2567,404.1,200,1,0,0.3514,1,1,1,1,1,1,1,4,4,-1,[ OK ]
4212.5,4/13/2026 9:17:32 PM,6740,103.4,0.1478,120.3,0.3942,0.5175,1.53,0,0,0,100,16.28,0.2587,404,200,1,0,0.3399,1,1,1,1,1,1,1,4,4,-1,[ OK ]
4213.3,4/13/2026 9:17:33 PM,6740,103.4,0.1478,120.2,0.4006,0.5176,1.529,0,0,0,100,16.28,0.2546,404.3,200,1,0,0.3501,1,1,1,1,1,1,1,4,4,-1,[ OK ]
4214.0,4/13/2026 9:17:34 PM,6741,103.4,0.1478,120.2,0.3922,0.5173,1.533,0,0,0,100,16.28,0.2596,404,200,1,0,0.3376,1,1,1,1,1,1,1,4,4,-1,[ OK ]
4214.6,4/13/2026 9:17:34 PM,6742,103.4,0.1479,119.9,0.3918,0.5179,1.526,0,0,0,100,16.28,0.2575,403.9,200,1,0,0.348,1,1,1,1,1,1,1,4,4,-1,[ OK ]
4215.4,4/13/2026 9:17:35 PM,6743,103.4,0.1482,118.9,0.3948,0.5177,1.527,0,0,0,100,16.28,0.2584,404.1,200,1,0,0.3409,1,1,1,1,1,1,1,4,4,-1,[ OK ]
4216.3,4/13/2026 9:17:36 PM,6743,103.4,0.148,119.6,0.3918,0.5178,1.526,0,0,0,100,16.28,0.257,404,200,1,0,0.3441,1,1,1,1,1,1,1,4,4,-1,[ OK ]
4217.0,4/13/2026 9:17:37 PM,6744,103.4,0.1477,120.5,0.3918,0.5175,1.529,0,0,0,100,16.28,0.2591,404,200,1,0,0.3473,1,1,1,1,1,1,1,4,4,-1,[ OK ]
4217.7,4/13/2026 9:17:38 PM,6745,103.4,0.1481,119.1,0.3918,0.5175,1.529,0,0,0,100,16.28,0.2593,403.9,200,1,0,0.3472,1,1,1,1,1,1,1,4,4,-1,[ OK ]
4218.4,4/13/2026 9:17:38 PM,6746,103.4,0.1479,119.8,0.3966,0.5171,1.534,0,0,0,100,16.28,0.2592,404.2,200,1,0,0.3385,1,1,1,1,1,1,1,4,4,-1,[ OK ]
4219.4,4/13/2026 9:17:39 PM,6747,103.4,0.1477,120.4,0.3918,0.5177,1.528,0,0,0,100,16.28,0.2588,403.9,200,1,0,0.3268,1,1,1,1,1,1,1,4,4,-1,[ OK ]
4220.1,4/13/2026 9:17:40 PM,6747,103.4,0.1479,119.7,0.3918,0.5182,1.523,0,0,0,100,16.28,0.2574,404.3,200,1,0,0.349,1,1,1,1,1,1,1,4,4,-1,[ OK ]
4220.8,4/13/2026 9:17:41 PM,6748,103.4,0.1478,120.1,0.3929,0.5179,1.526,0,0,0,100,16.28,0.2582,404.2,200,1,0,0.3536,1,1,1,1,1,1,1,4,4,-1,[ OK ]
4221.6,4/13/2026 9:17:41 PM,6749,103.4,0.1478,120.1,0.3918,0.5175,1.531,0,0,0,100,16.28,0.26,404.2,200,1,0,0.3463,1,1,1,1,1,1,1,4,4,-1,[ OK ]
4222.6,4/13/2026 9:17:42 PM,6750,103.4,0.1479,119.7,0.3971,0.5176,1.53,0,0,0,100,16.28,0.2566,404.3,200,1,0,0.3527,1,1,1,1,1,1,1,4,4,-1,[ OK ]
4223.5,4/13/2026 9:17:43 PM,6751,103.4,0.1478,120.1,0.3943,0.5175,1.53,0,0,0,100,16.28,0.2598,404,200,1,0,0.3438,1,1,1,1,1,1,1,4,4,-1,[ OK ]
4224.3,4/13/2026 9:17:44 PM,6752,103.4,0.1478,120.4,0.3921,0.5172,1.533,0,0,0,100,16.28,0.2604,404,200,1,0,0.3442,1,1,1,1,1,1,1,4,4,-1,[ OK ]
4225.7,4/13/2026 9:17:46 PM,6753,103.4,0.1478,120.5,0.3979,0.5181,1.524,0,0,0,100,16.28,0.2571,404.1,200,1,0,0.3489,1,1,1,1,1,1,1,4,4,-1,[ OK ]
4227.0,4/13/2026 9:17:47 PM,6754,103.4,0.1477,120.7,0.394,0.5174,1.531,0,0,0,100,16.28,0.2559,404,200,1,0,0.3572,1,1,1,1,1,1,1,4,4,-1,[ OK ]
4227.9,4/13/2026 9:17:48 PM,6755,103.4,0.1478,120.6,0.3918,0.5179,1.526,0,0,0,100,16.28,0.2591,404,200,1,0,0.3387,1,1,1,1,1,1,1,4,4,-1,[ OK ]
4228.6,4/13/2026 9:17:48 PM,6756,103.4,0.1481,119.5,0.3918,0.5171,1.535,0,0,0,100,16.28,0.2615,404.2,200,1,0,0.3327,1,1,1,1,1,1,1,4,4,-1,[ OK ]
4229.3,4/13/2026 9:17:49 PM,6757,103.4,0.1477,121.1,0.3932,0.518,1.524,0,0,0,100,16.28,0.2597,404.2,200,1,0,0.3506,1,1,1,1,1,1,1,4,4,-1,[ OK ]
4230.2,4/13/2026 9:17:50 PM,6757,103.4,0.1478,120.6,0.3971,0.5173,1.532,0,0,0,100,16.28,0.2597,404,200,1,0,0.3486,1,1,1,1,1,1,1,4,4,-1,[ OK ]
4231.0,4/13/2026 9:17:51 PM,6758,103.4,0.148,120,0.399,0.5172,1.534,0,0,0,100,16.28,0.2572,404.2,200,1,0,0.3437,1,1,1,1,1,1,1,4,4,-1,[ OK ]
4231.8,4/13/2026 9:17:52 PM,6759,103.4,0.1483,119.1,0.3988,0.518,1.524,0,0,0,100,16.28,0.2588,404,200,1,0,0.316,1,1,1,1,1,1,1,4,4,-1,[ OK ]
4232.6,4/13/2026 9:17:52 PM,6760,103.4,0.148,120,0.3988,0.5181,1.524,0,0,0,100,16.28,0.2583,404,200,1,0,0.3484,1,1,1,1,1,1,1,4,4,-1,[ OK ]
4233.7,4/13/2026 9:17:53 PM,6761,103.4,0.1482,119.4,0.3978,0.5172,1.533,0,0,0,100,16.28,0.2589,404,200,1,0,0.3442,1,1,1,1,1,1,1,4,4,-1,[ OK ]
4234.4,4/13/2026 9:17:54 PM,6762,103.4,0.148,120.2,0.3918,0.5178,1.527,0,0,0,100,16.28,0.2584,404.2,200,1,0,0.3467,1,1,1,1,1,1,1,4,4,-1,[ OK ]
4235.1,4/13/2026 9:17:55 PM,6762,103.4,0.1481,119.9,0.3944,0.5171,1.534,0,0,0,100,16.28,0.261,404.2,200,1,0,0.3391,1,1,1,1,1,1,1,4,4,-1,[ OK ]
4235.8,4/13/2026 9:17:56 PM,6763,103.4,0.1481,119.8,0.3936,0.518,1.524,0,0,0,100,16.28,0.2601,404.1,200,1,0,0.3449,1,1,1,1,1,1,1,4,4,-1,[ OK ]
4236.6,4/13/2026 9:17:56 PM,6764,103.4,0.1478,120.7,0.3918,0.518,1.523,0,0,0,100,16.28,0.2626,403.9,200,1,0,0.3333,1,1,1,1,1,1,1,4,4,-1,[ OK ]
4237.5,4/13/2026 9:17:57 PM,6765,103.4,0.148,119.9,0.3934,0.5179,1.525,0,0,0,100,16.28,0.2604,404,200,1,0,0.3353,1,1,1,1,1,1,1,4,4,-1,[ OK ]
4238.3,4/13/2026 9:17:58 PM,6766,103.4,0.1478,120.6,0.3929,0.518,1.523,0,0,0,100,16.28,0.2602,403.9,200,1,0,0.3193,1,1,1,1,1,1,1,4,4,-1,[ OK ]
4239.1,4/13/2026 9:17:59 PM,6766,103.4,0.148,120,0.3988,0.5171,1.535,0,0,0,100,16.28,0.2584,403.8,200,1,0,0.3405,1,1,1,1,1,1,1,4,4,-1,[ OK ]
4240.0,4/13/2026 9:18:00 PM,6767,103.4,0.1479,120.4,0.392,0.5184,1.52,0,0,0,100,16.28,0.2578,404.2,200,1,0,0.3421,1,1,1,1,1,1,1,4,4,-1,[ OK ]
4241.0,4/13/2026 9:18:01 PM,6768,103.4,0.1479,120.3,0.3918,0.5174,1.531,0,0,0,100,16.28,0.255,404,200,1,0,0.355,1,1,1,1,1,1,1,4,4,-1,[ OK ]
4241.9,4/13/2026 9:18:02 PM,6769,103.4,0.148,120.1,0.399,0.5174,1.531,0,0,0,100,16.28,0.2573,404,200,1,0,0.3477,1,1,1,1,1,1,1,4,4,-1,[ OK ]
4242.8,4/13/2026 9:18:03 PM,6770,103.4,0.1482,119.3,0.3918,0.5174,1.531,0,0,0,100,16.28,0.2589,403.8,200,1,0,0.3278,1,1,1,1,1,1,1,4,4,-1,[ OK ]
4243.6,4/13/2026 9:18:03 PM,6771,103.4,0.1482,119.4,0.3968,0.5177,1.529,0,0,0,100,16.28,0.2578,404,200,1,0,0.3454,1,1,1,1,1,1,1,4,4,-1,[ OK ]
4244.3,4/13/2026 9:18:04 PM,6772,103.4,0.1479,120.3,0.3977,0.518,1.525,0,0,0,100,16.28,0.2581,404.3,200,1,0,0.3501,1,1,1,1,1,1,1,4,4,-1,[ OK ]
4245.3,4/13/2026 9:18:05 PM,6773,103.4,0.1478,120.5,0.3968,0.518,1.525,0,0,0,100,16.28,0.257,403.9,200,1,0,0.3442,1,1,1,1,1,1,1,4,4,-1,[ OK ]
4246.0,4/13/2026 9:18:06 PM,6773,103.4,0.148,120,0.3918,0.5182,1.524,0,0,0,100,16.28,0.257,404.3,200,1,0,0.3442,1,1,1,1,1,1,1,4,4,-1,[ OK ]
4246.6,4/13/2026 9:18:06 PM,6774,103.4,0.148,119.8,0.3931,0.5181,1.525,0,0,0,100,16.28,0.2562,404.3,200,1,0,0.346,1,1,1,1,1,1,1,4,4,-1,[ OK ]
4247.4,4/13/2026 9:18:07 PM,6775,103.4,0.1479,120.2,0.3957,0.5171,1.536,0,0,0,100,16.28,0.2568,403.9,200,1,0,0.345,1,1,1,1,1,1,1,4,4,-1,[ OK ]
4248.0,4/13/2026 9:18:08 PM,6775,103.4,0.148,120,0.3938,0.518,1.526,0,0,0,100,16.28,0.2562,404.3,200,1,0,0.3461,1,1,1,1,1,1,1,4,4,-1,[ OK ]
4248.7,4/13/2026 9:18:09 PM,6776,103.4,0.148,119.9,0.3918,0.518,1.525,0,0,0,100,16.28,0.2576,404.2,200,1,0,0.3437,1,1,1,1,1,1,1,4,4,-1,[ OK ]
4249.4,4/13/2026 9:18:09 PM,6777,103.4,0.1481,119.7,0.3972,0.5179,1.528,0,0,0,100,16.28,0.2571,404.1,200,1,0,0.3438,1,1,1,1,1,1,1,4,4,-1,[ OK ]
4250.2,4/13/2026 9:18:10 PM,6777,103.4,0.1479,120.3,0.3918,0.5175,1.533,0,0,0,100,16.28,0.2551,404,200,1,0,0.3497,1,1,1,1,1,1,1,4,4,-1,[ OK ]
4250.9,4/13/2026 9:18:11 PM,6778,103.4,0.148,119.9,0.3918,0.5181,1.526,0,0,0,100,16.28,0.2557,404.4,200,1,0,0.3542,1,1,1,1,1,1,1,4,4,-1,[ OK ]
4251.6,4/13/2026 9:18:11 PM,6779,103.5,0.1479,120.1,0.3944,0.5181,1.526,0,0,0,100,16.28,0.2552,404.3,200,1,0,0.3486,1,1,1,1,1,1,1,4,4,-1,[ OK ]
4252.3,4/13/2026 9:18:12 PM,6780,103.5,0.1482,119.2,0.3985,0.5182,1.525,0,0,0,100,16.28,0.2575,404.2,200,1,0,0.3429,1,1,1,1,1,1,1,4,4,-1,[ OK ]
4253.1,4/13/2026 9:18:13 PM,6780,103.5,0.1479,120.2,0.3967,0.5179,1.526,0,0,0,100,16.28,0.2577,404,200,1,0,0.3422,1,1,1,1,1,1,1,4,4,-1,[ OK ]
4253.8,4/13/2026 9:18:14 PM,6781,103.5,0.1479,120,0.4011,0.5182,1.524,0,0,0,100,16.28,0.2584,404.1,200,1,0,0.3419,1,1,1,1,1,1,1,4,4,-1,[ OK ]
4254.4,4/13/2026 9:18:14 PM,6782,103.5,0.1479,120.2,0.3918,0.518,1.526,0,0,0,100,16.28,0.2581,404,200,1,0,0.3498,1,1,1,1,1,1,1,4,4,-1,[ OK ]
4255.1,4/13/2026 9:18:15 PM,6782,103.5,0.148,119.9,0.393,0.518,1.524,0,0,0,100,16.28,0.2584,403.9,200,1,0,0.3406,1,1,1,1,1,1,1,4,4,-1,[ OK ]
4256.0,4/13/2026 9:18:16 PM,6783,103.5,0.1479,120.2,0.3983,0.5171,1.534,0,0,0,100,16.28,0.2569,403.9,200,1,0,0.3474,1,1,1,1,1,1,1,4,4,-1,[ OK ]
4256.8,4/13/2026 9:18:17 PM,6784,103.5,0.1478,120.5,0.3934,0.5182,1.523,0,0,0,100,16.28,0.2562,404,200,1,0,0.3474,1,1,1,1,1,1,1,4,4,-1,[ OK ]
4257.5,4/13/2026 9:18:17 PM,6785,103.5,0.148,119.8,0.3931,0.518,1.526,0,0,0,100,16.28,0.2577,404,200,1,0,0.3422,1,1,1,1,1,1,1,4,4,-1,[ OK ]
4258.3,4/13/2026 9:18:18 PM,6786,103.5,0.148,120,0.3918,0.5175,1.531,0,0,0,100,16.28,0.256,404.3,200,1,0,0.3504,1,1,1,1,1,1,1,4,4,-1,[ OK ]
4259.1,4/13/2026 9:18:19 PM,6786,103.5,0.1481,119.5,0.3918,0.5181,1.526,0,0,0,100,16.28,0.2568,404,200,1,0,0.3518,1,1,1,1,1,1,1,4,4,-1,[ OK ]
4260.0,4/13/2026 9:18:20 PM,6787,103.5,0.148,119.8,0.3921,0.5183,1.524,0,0,0,100,16.28,0.2562,404.2,200,1,0,0.3473,1,1,1,1,1,1,1,4,4,-1,[ OK ]
4260.8,4/13/2026 9:18:21 PM,6788,103.5,0.1478,120.6,0.3949,0.5173,1.535,0,0,0,100,16.28,0.2584,404.3,200,1,0,0.3406,1,1,1,1,1,1,1,4,4,-1,[ OK ]
4261.5,4/13/2026 9:18:21 PM,6789,103.5,0.1478,120.4,0.3957,0.5169,1.54,0,0,0,100,16.28,0.2587,404.1,200,1,0,0.3399,1,1,1,1,1,1,1,4,4,-1,[ OK ]
4262.2,4/13/2026 9:18:22 PM,6789,103.5,0.148,120,0.3973,0.5174,1.535,0,0,0,100,16.28,0.2567,404.2,200,1,0,0.3515,1,1,1,1,1,1,1,4,4,-1,[ OK ]
4263.0,4/13/2026 9:18:23 PM,6790,103.5,0.148,119.9,0.3957,0.5183,1.524,0,0,0,100,16.28,0.2564,404,200,1,0,0.357,1,1,1,1,1,1,1,4,4,-1,[ OK ]
4263.8,4/13/2026 9:18:24 PM,6791,103.5,0.1479,120.1,0.3951,0.5182,1.525,0,0,0,100,16.28,0.2586,403.9,200,1,0,0.3411,1,1,1,1,1,1,1,4,4,-1,[ OK ]
4264.5,4/13/2026 9:18:24 PM,6792,103.5,0.148,120.1,0.3918,0.5176,1.531,0,0,0,100,16.28,0.2562,404.3,200,1,0,0.355,1,1,1,1,1,1,1,4,4,-1,[ OK ]
4265.3,4/13/2026 9:18:25 PM,6793,103.5,0.1479,120.3,0.3938,0.5175,1.532,0,0,0,100,16.28,0.2568,404.2,200,1,0,0.3459,1,1,1,1,1,1,1,4,4,-1,[ OK ]
4266.1,4/13/2026 9:18:26 PM,6793,103.5,0.148,120,0.3984,0.5176,1.531,0,0,0,100,16.28,0.2582,403.9,200,1,0,0.3443,1,1,1,1,1,1,1,4,4,-1,[ OK ]
4266.8,4/13/2026 9:18:27 PM,6794,103.5,0.1481,119.8,0.3975,0.5181,1.526,0,0,0,100,16.28,0.2556,404.1,200,1,0,0.3593,1,1,1,1,1,1,1,4,4,-1,[ OK ]
4267.5,4/13/2026 9:18:27 PM,6795,103.5,0.1481,119.8,0.3942,0.5183,1.522,0,0,0,100,16.28,0.2583,404.2,200,1,0,0.3409,1,1,1,1,1,1,1,4,4,-1,[ OK ]
4268.2,4/13/2026 9:18:28 PM,6795,103.5,0.1482,119.6,0.3918,0.5177,1.529,0,0,0,100,16.28,0.2599,403.9,200,1,0,0.3368,1,1,1,1,1,1,1,4,4,-1,[ OK ]
4269.0,4/13/2026 9:18:29 PM,6796,103.5,0.1479,120.4,0.3918,0.5183,1.523,0,0,0,100,16.28,0.2556,404,200,1,0,0.353,1,1,1,1,1,1,1,4,4,-1,[ OK ]
4269.7,4/13/2026 9:18:29 PM,6797,103.5,0.1481,119.9,0.3977,0.5175,1.532,0,0,0,100,16.28,0.2586,403.9,200,1,0,0.3487,1,1,1,1,1,1,1,4,4,-1,[ OK ]
4270.4,4/13/2026 9:18:30 PM,6798,103.5,0.1481,119.8,0.3946,0.5177,1.53,0,0,0,100,16.28,0.258,404.2,200,1,0,0.3416,1,1,1,1,1,1,1,4,4,-1,[ OK ]
4271.1,4/13/2026 9:18:31 PM,6798,103.5,0.1478,120.7,0.3953,0.5173,1.534,0,0,0,100,16.28,0.2561,404.2,200,1,0,0.3464,1,1,1,1,1,1,1,4,4,-1,[ OK ]
4271.8,4/13/2026 9:18:32 PM,6799,103.5,0.1481,119.7,0.3854,0.5176,1.531,0,0,0,100,16.28,0.2584,404.1,200,1,0,0.3422,1,1,1,1,1,1,1,4,4,-1,[ OK ]
4272.6,4/13/2026 9:18:32 PM,6800,103.5,0.1481,120,0.3946,0.517,1.538,0,0,0,100,16.28,0.2585,404.2,200,1,0,0.3478,1,1,1,1,1,1,1,4,4,-1,[ OK ]
4273.3,4/13/2026 9:18:33 PM,6801,103.5,0.1481,119.9,0.395,0.5182,1.525,0,0,0,100,16.28,0.2582,403.9,200,1,0,0.3508,1,1,1,1,1,1,1,4,4,-1,[ OK ]
4273.9,4/13/2026 9:18:34 PM,6801,103.5,0.1481,120,0.3918,0.518,1.527,0,0,0,100,16.28,0.257,404.1,200,1,0,0.3447,1,1,1,1,1,1,1,4,4,-1,[ OK ]
4274.5,4/13/2026 9:18:34 PM,6802,103.5,0.1482,119.6,0.3921,0.5176,1.533,0,0,0,100,16.28,0.261,404.2,200,1,0,0.3444,1,1,1,1,1,1,1,4,4,-1,[ OK ]
4275.3,4/13/2026 9:18:35 PM,6802,103.5,0.1481,119.9,0.3984,0.5185,1.522,0,0,0,100,16.28,0.261,404.3,200,1,0,0.3358,1,1,1,1,1,1,1,4,4,-1,[ OK ]
4276.0,4/13/2026 9:18:36 PM,6803,103.5,0.1481,120,0.3969,0.5178,1.53,0,0,0,100,16.28,0.2587,404.3,200,1,0,0.3398,1,1,1,1,1,1,1,4,4,-1,[ OK ]
4276.8,4/13/2026 9:18:37 PM,6804,103.5,0.1481,119.8,0.3946,0.5175,1.534,0,0,0,100,16.28,0.2587,404.1,200,1,0,0.3538,1,1,1,1,1,1,1,4,4,-1,[ OK ]
4277.4,4/13/2026 9:18:37 PM,6805,103.5,0.1478,120.7,0.392,0.5177,1.532,0,0,0,100,16.28,0.2595,404.1,200,1,0,0.3422,1,1,1,1,1,1,1,4,4,-1,[ OK ]
4278.1,4/13/2026 9:18:38 PM,6805,103.5,0.1481,119.7,0.3959,0.5187,1.521,0,0,0,100,16.28,0.2581,404.2,200,1,0,0.3331,1,1,1,1,1,1,1,4,4,-1,[ OK ]
4278.9,4/13/2026 9:18:39 PM,6806,103.5,0.1484,118.9,0.3921,0.5179,1.529,0,0,0,100,16.28,0.2567,404.1,200,1,0,0.36,1,1,1,1,1,1,1,4,4,-1,[ OK ]
4279.7,4/13/2026 9:18:40 PM,6807,103.5,0.1481,120,0.3981,0.517,1.539,0,0,0,100,16.28,0.2587,404.2,200,1,0,0.3457,1,1,1,1,1,1,1,4,4,-1,[ OK ]
4280.4,4/13/2026 9:18:40 PM,6808,103.5,0.148,120.2,0.3918,0.5178,1.531,0,0,0,100,16.28,0.2602,404.2,200,1,0,0.3507,1,1,1,1,1,1,1,4,4,-1,[ OK ]
4281.0,4/13/2026 9:18:41 PM,6808,103.5,0.1481,119.8,0.3985,0.5184,1.524,0,0,0,100,16.28,0.2573,403.9,200,1,0,0.3536,1,1,1,1,1,1,1,4,4,-1,[ OK ]
4281.8,4/13/2026 9:18:42 PM,6809,103.5,0.1481,120.1,0.3942,0.5178,1.531,0,0,0,100,16.28,0.2575,404.1,200,1,0,0.355,1,1,1,1,1,1,1,4,4,-1,[ OK ]
4282.5,4/13/2026 9:18:42 PM,6810,103.5,0.1477,121.1,0.3958,0.5179,1.53,0,0,0,100,16.28,0.2566,404.1,200,1,0,0.3622,1,1,1,1,1,1,1,4,4,-1,[ OK ]
4283.0,4/13/2026 9:18:43 PM,6810,103.5,0.1479,120.4,0.3967,0.5184,1.525,0,0,0,100,16.28,0.2569,404.4,200,1,0,0.3492,1,1,1,1,1,1,1,4,4,-1,[ OK ]
4283.7,4/13/2026 9:18:44 PM,6811,103.5,0.1479,120.3,0.3918,0.5178,1.532,0,0,0,100,16.28,0.2589,404,200,1,0,0.3434,1,1,1,1,1,1,1,4,4,-1,[ OK ]
4284.4,4/13/2026 9:18:44 PM,6812,103.5,0.148,120.1,0.4028,0.5177,1.534,0,0,0,100,16.28,0.2559,404.2,200,1,0,0.3468,1,1,1,1,1,1,1,4,4,-1,[ OK ]
4285.1,4/13/2026 9:18:45 PM,6812,103.5,0.1481,120,0.3918,0.5176,1.534,0,0,0,100,16.28,0.2615,404.2,200,1,0,0.3326,1,1,1,1,1,1,1,4,4,-1,[ OK ]
4285.8,4/13/2026 9:18:46 PM,6813,103.5,0.1481,119.8,0.3918,0.5176,1.533,0,0,0,100,16.28,0.2591,404.3,200,1,0,0.3387,1,1,1,1,1,1,1,4,4,-1,[ OK ]
4286.3,4/13/2026 9:18:46 PM,6814,103.5,0.148,120.1,0.3976,0.5174,1.535,0,0,0,100,16.28,0.2565,404.3,200,1,0,0.3453,1,1,1,1,1,1,1,4,4,-1,[ OK ]
4287.0,4/13/2026 9:18:47 PM,6814,103.5,0.1479,120.4,0.3918,0.5184,1.525,0,0,0,100,16.28,0.2574,403.9,200,1,0,0.349,1,1,1,1,1,1,1,4,4,-1,[ OK ]
4287.7,4/13/2026 9:18:47 PM,6815,103.5,0.148,120.2,0.3928,0.5182,1.527,0,0,0,100,16.28,0.2555,404.2,200,1,0,0.3479,1,1,1,1,1,1,1,4,4,-1,[ OK ]
4288.3,4/13/2026 9:18:48 PM,6816,103.5,0.1481,119.8,0.3928,0.5176,1.533,0,0,0,100,16.28,0.2583,403.9,200,1,0,0.3408,1,1,1,1,1,1,1,4,4,-1,[ OK ]
4289.0,4/13/2026 9:18:49 PM,6816,103.5,0.1481,119.9,0.3827,0.5183,1.526,0,0,0,100,16.28,0.2571,404.3,200,1,0,0.3525,1,1,1,1,1,1,1,4,4,-1,[ OK ]
4289.7,4/13/2026 9:18:50 PM,6817,103.5,0.1479,120.5,0.3973,0.5177,1.534,0,0,0,100,16.28,0.2574,403.9,200,1,0,0.3492,1,1,1,1,1,1,1,4,4,-1,[ OK ]
4290.5,4/13/2026 9:18:50 PM,6818,103.5,0.1481,120,0.3959,0.519,1.519,0,0,0,100,16.28,0.2587,404,200,1,0,0.3293,1,1,1,1,1,1,1,4,4,-1,[ OK ]
4291.3,4/13/2026 9:18:51 PM,6819,103.5,0.1479,120.6,0.3921,0.5178,1.532,0,0,0,100,16.28,0.2593,404.2,200,1,0,0.3492,1,1,1,1,1,1,1,4,4,-1,[ OK ]
4292.0,4/13/2026 9:18:52 PM,6819,103.5,0.1479,120.6,0.3971,0.5179,1.53,0,0,0,100,16.28,0.2578,404.1,200,1,0,0.3441,1,1,1,1,1,1,1,4,4,-1,[ OK ]
4292.7,4/13/2026 9:18:53 PM,6820,103.5,0.1479,120.5,0.3986,0.5173,1.536,0,0,0,100,16.28,0.2604,404.2,200,1,0,0.3414,1,1,1,1,1,1,1,4,4,-1,[ OK ]
4293.4,4/13/2026 9:18:53 PM,6821,103.5,0.1481,119.7,0.3952,0.5188,1.52,0,0,0,100,16.28,0.2584,403.9,200,1,0,0.3409,1,1,1,1,1,1,1,4,4,-1,[ OK ]
4294.0,4/13/2026 9:18:54 PM,6821,103.5,0.148,120.2,0.3918,0.5179,1.529,0,0,0,100,16.28,0.2564,404.2,200,1,0,0.3556,1,1,1,1,1,1,1,4,4,-1,[ OK ]
4294.7,4/13/2026 9:18:55 PM,6822,103.5,0.1481,119.7,0.4009,0.5179,1.53,0,0,0,100,16.28,0.2597,404.2,200,1,0,0.344,1,1,1,1,1,1,1,4,4,-1,[ OK ]
4295.4,4/13/2026 9:18:55 PM,6823,103.5,0.1481,119.6,0.3931,0.5185,1.524,0,0,0,100,16.28,0.2566,404.3,200,1,0,0.3534,1,1,1,1,1,1,1,4,4,-1,[ OK ]
4296.2,4/13/2026 9:18:56 PM,6823,103.5,0.148,120.2,0.4038,0.518,1.53,0,0,0,100,16.28,0.2552,404.2,200,1,0,0.3529,1,1,1,1,1,1,1,4,4,-1,[ OK ]
4296.9,4/13/2026 9:18:57 PM,6824,103.5,0.1479,120.2,0.3928,0.5186,1.524,0,0,0,100,16.28,0.2585,404.1,200,1,0,0.3546,1,1,1,1,1,1,1,4,4,-1,[ OK ]
4297.7,4/13/2026 9:18:58 PM,6825,103.5,0.1481,119.7,0.3962,0.5179,1.53,0,0,0,100,16.28,0.2575,404.4,200,1,0,0.3428,1,1,1,1,1,1,1,4,4,-1,[ OK ]
4298.5,4/13/2026 9:18:58 PM,6826,103.5,0.1481,119.8,0.3923,0.5186,1.524,0,0,0,100,16.28,0.2565,404.2,200,1,0,0.3453,1,1,1,1,1,1,1,4,4,-1,[ OK ]
4299.2,4/13/2026 9:18:59 PM,6826,103.5,0.148,120.1,0.3933,0.5185,1.524,0,0,0,100,16.28,0.2587,403.9,200,1,0,0.3418,1,1,1,1,1,1,1,4,4,-1,[ OK ]
4300.0,4/13/2026 9:19:00 PM,6827,103.5,0.148,120.1,0.3946,0.5178,1.532,0,0,0,100,16.28,0.2553,404,200,1,0,0.3485,1,1,1,1,1,1,1,4,4,-1,[ OK ]
4300.6,4/13/2026 9:19:00 PM,6828,103.5,0.148,120.1,0.3918,0.5182,1.527,0,0,0,100,16.28,0.2578,404.5,200,1,0,0.3461,1,1,1,1,1,1,1,4,4,-1,[ OK ]
4301.2,4/13/2026 9:19:01 PM,6828,103.5,0.1481,119.8,0.3957,0.5184,1.524,0,0,0,100,16.28,0.2562,404.1,200,1,0,0.3489,1,1,1,1,1,1,1,4,4,-1,[ OK ]
4302.0,4/13/2026 9:19:02 PM,6829,103.5,0.148,120.2,0.3945,0.5179,1.53,0,0,0,100,16.28,0.2592,404,200,1,0,0.3385,1,1,1,1,1,1,1,4,4,-1,[ OK ]
4302.7,4/13/2026 9:19:02 PM,6830,103.5,0.1481,120.1,0.3981,0.5181,1.528,0,0,0,100,16.28,0.2581,403.9,200,1,0,0.3464,1,1,1,1,1,1,1,4,4,-1,[ OK ]
4303.3,4/13/2026 9:19:03 PM,6831,103.5,0.148,120.3,0.4029,0.5179,1.531,0,0,0,100,16.28,0.2588,404.2,200,1,0,0.3396,1,1,1,1,1,1,1,4,4,-1,[ OK ]
4304.0,4/13/2026 9:19:04 PM,6831,103.5,0.1481,119.8,0.3948,0.5182,1.528,0,0,0,100,16.28,0.2563,403.7,200,1,0,0.3525,1,1,1,1,1,1,1,4,4,-1,[ OK ]
4304.7,4/13/2026 9:19:05 PM,6832,103.5,0.148,120.2,0.3973,0.5184,1.525,0,0,0,100,16.28,0.2584,404.1,200,1,0,0.3424,1,1,1,1,1,1,1,4,4,-1,[ OK ]
4305.5,4/13/2026 9:19:05 PM,6833,103.5,0.1481,119.7,0.3918,0.5174,1.535,0,0,0,100,16.28,0.2587,404.2,200,1,0,0.3541,1,1,1,1,1,1,1,4,4,-1,[ OK ]
4306.2,4/13/2026 9:19:06 PM,6833,103.5,0.1481,119.7,0.3967,0.5184,1.526,0,0,0,100,16.28,0.2564,404.1,200,1,0,0.3536,1,1,1,1,1,1,1,4,4,-1,[ OK ]
4306.9,4/13/2026 9:19:07 PM,6834,103.5,0.1481,119.9,0.3935,0.5171,1.539,0,0,0,100,16.28,0.2571,404.2,200,1,0,0.3542,1,1,1,1,1,1,1,4,4,-1,[ OK ]
4307.6,4/13/2026 9:19:07 PM,6835,103.5,0.1481,119.9,0.3943,0.5182,1.527,0,0,0,100,16.28,0.2577,404.1,200,1,0,0.3424,1,1,1,1,1,1,1,4,4,-1,[ OK ]
4308.4,4/13/2026 9:19:08 PM,6836,103.5,0.1479,120.4,0.4004,0.5182,1.527,0,0,0,100,16.28,0.2577,403.9,200,1,0,0.3451,1,1,1,1,1,1,1,4,4,-1,[ OK ]
4309.1,4/13/2026 9:19:09 PM,6836,103.5,0.1481,119.9,0.3964,0.5177,1.534,0,0,0,100,16.28,0.2585,404.3,200,1,0,0.3417,1,1,1,1,1,1,1,4,4,-1,[ OK ]
4309.8,4/13/2026 9:19:10 PM,6837,103.5,0.148,120.1,0.3939,0.518,1.529,0,0,0,100,16.28,0.2584,404.3,200,1,0,0.3459,1,1,1,1,1,1,1,4,4,-1,[ OK ]
4310.5,4/13/2026 9:19:10 PM,6838,103.5,0.1481,119.8,0.3997,0.5184,1.525,0,0,0,100,16.28,0.2579,404,200,1,0,0.3533,1,1,1,1,1,1,1,4,4,-1,[ OK ]
4311.3,4/13/2026 9:19:11 PM,6838,103.5,0.1481,120.1,0.3973,0.5186,1.522,0,0,0,100,16.28,0.2572,404.1,200,1,0,0.344,1,1,1,1,1,1,1,4,4,-1,[ OK ]
4312.0,4/13/2026 9:19:12 PM,6839,103.5,0.1479,120.8,0.3948,0.5178,1.531,0,0,0,100,16.28,0.2585,404.3,200,1,0,0.345,1,1,1,1,1,1,1,4,4,-1,[ OK ]
4312.7,4/13/2026 9:19:13 PM,6840,103.5,0.1481,119.9,0.3947,0.5183,1.525,0,0,0,100,16.28,0.2585,404,200,1,0,0.3404,1,1,1,1,1,1,1,4,4,-1,[ OK ]
4313.3,4/13/2026 9:19:13 PM,6841,103.5,0.1481,120,0.3958,0.5184,1.524,0,0,0,100,16.28,0.2572,404,200,1,0,0.3436,1,1,1,1,1,1,1,4,4,-1,[ OK ]
4314.0,4/13/2026 9:19:14 PM,6841,103.5,0.1483,119.2,0.3918,0.5176,1.535,0,0,0,100,16.28,0.2585,404.1,200,1,0,0.3475,1,1,1,1,1,1,1,4,4,-1,[ OK ]
4314.9,4/13/2026 9:19:15 PM,6842,103.5,0.1481,119.9,0.3968,0.5192,1.516,0,0,0,100,16.28,0.26,404,200,1,0,0.3406,1,1,1,1,1,1,1,4,4,-1,[ OK ]
4315.6,4/13/2026 9:19:15 PM,6843,103.5,0.1482,119.6,0.3926,0.5185,1.523,0,0,0,100,16.28,0.257,404.2,200,1,0,0.3447,1,1,1,1,1,1,1,4,4,-1,[ OK ]
4316.3,4/13/2026 9:19:16 PM,6844,103.5,0.148,120.2,0.3918,0.5178,1.531,0,0,0,100,16.28,0.2587,404,200,1,0,0.3495,1,1,1,1,1,1,1,4,4,-1,[ OK ]
4317.0,4/13/2026 9:19:17 PM,6844,103.5,0.148,120,0.3974,0.518,1.529,0,0,0,100,16.28,0.2573,403.8,200,1,0,0.3516,1,1,1,1,1,1,1,4,4,-1,[ OK ]
4317.8,4/13/2026 9:19:18 PM,6845,103.5,0.148,120.1,0.3957,0.5183,1.526,0,0,0,100,16.28,0.2578,404.3,200,1,0,0.3471,1,1,1,1,1,1,1,4,4,-1,[ OK ]
4318.5,4/13/2026 9:19:18 PM,6846,103.5,0.1481,119.7,0.3996,0.5182,1.526,0,0,0,100,16.28,0.26,404.1,200,1,0,0.3439,1,1,1,1,1,1,1,4,4,-1,[ OK ]
4319.3,4/13/2026 9:19:19 PM,6847,103.5,0.148,120.3,0.3918,0.5186,1.522,0,0,0,100,16.28,0.2581,404.1,200,1,0,0.357,1,1,1,1,1,1,1,4,4,-1,[ OK ]
4320.0,4/13/2026 9:19:20 PM,6847,103.5,0.1482,119.6,0.3923,0.518,1.529,0,0,0,100,16.28,0.2586,404,200,1,0,0.3274,1,1,1,1,1,1,1,4,4,-1,[ OK ]
4320.7,4/13/2026 9:19:21 PM,6848,103.5,0.148,120.2,0.3918,0.5181,1.527,0,0,0,100,16.28,0.2591,403.9,200,1,0,0.3413,1,1,1,1,1,1,1,4,4,-1,[ OK ]
4321.3,4/13/2026 9:19:21 PM,6848,103.5,0.148,120.3,0.3949,0.5174,1.534,0,0,0,100,16.28,0.2577,404,200,1,0,0.3461,1,1,1,1,1,1,1,4,4,-1,[ OK ]
4322.0,4/13/2026 9:19:22 PM,6849,103.5,0.1481,119.9,0.3968,0.5175,1.535,0,0,0,100,16.28,0.2556,404.2,200,1,0,0.3598,1,1,1,1,1,1,1,4,4,-1,[ OK ]
4322.7,4/13/2026 9:19:23 PM,6850,103.5,0.1482,119.7,0.3924,0.518,1.528,0,0,0,100,16.28,0.2585,404,200,1,0,0.3484,1,1,1,1,1,1,1,4,4,-1,[ OK ]
4323.4,4/13/2026 9:19:23 PM,6851,103.5,0.1482,119.6,0.3965,0.5183,1.526,0,0,0,100,16.28,0.2584,404.1,200,1,0,0.3521,1,1,1,1,1,1,1,4,4,-1,[ OK ]
4324.3,4/13/2026 9:19:24 PM,6851,103.5,0.1481,120.3,0.3918,0.5179,1.53,0,0,0,100,16.28,0.2568,404.2,200,1,0,0.3488,1,1,1,1,1,1,1,4,4,-1,[ OK ]
4325.1,4/13/2026 9:19:25 PM,6852,103.5,0.148,120.5,0.4005,0.5179,1.529,0,0,0,100,16.28,0.2607,404.1,200,1,0,0.3376,1,1,1,1,1,1,1,4,4,-1,[ OK ]
4325.8,4/13/2026 9:19:26 PM,6853,103.5,0.1482,120,0.4002,0.5177,1.53,0,0,0,100,16.28,0.2594,404.3,200,1,0,0.3553,1,1,1,1,1,1,1,4,4,-1,[ OK ]
4326.4,4/13/2026 9:19:26 PM,6854,103.5,0.1481,120.1,0.3935,0.5176,1.532,0,0,0,100,16.28,0.2557,404,200,1,0,0.3561,1,1,1,1,1,1,1,4,4,-1,[ OK ]
4327.2,4/13/2026 9:19:27 PM,6854,103.5,0.1479,120.7,0.4024,0.5175,1.534,0,0,0,100,16.28,0.2607,404.1,200,1,0,0.338,1,1,1,1,1,1,1,4,4,-1,[ OK ]
4327.9,4/13/2026 9:19:28 PM,6855,103.5,0.1481,120.2,0.3977,0.5178,1.53,0,0,0,100,16.28,0.2591,404.2,200,1,0,0.3439,1,1,1,1,1,1,1,4,4,-1,[ OK ]
4328.6,4/13/2026 9:19:28 PM,6856,103.5,0.1483,119.6,0.3965,0.5181,1.527,0,0,0,100,16.28,0.2612,404.3,200,1,0,0.3499,1,1,1,1,1,1,1,4,4,-1,[ OK ]
4329.3,4/13/2026 9:19:29 PM,6857,103.5,0.148,120.6,0.3967,0.5184,1.523,0,0,0,100,16.28,0.2571,403.9,200,1,0,0.3517,1,1,1,1,1,1,1,4,4,-1,[ OK ]
4330.0,4/13/2026 9:19:30 PM,6857,103.5,0.1481,120.1,0.3957,0.5186,1.521,0,0,0,100,16.28,0.2581,403.9,200,1,0,0.3455,1,1,1,1,1,1,1,4,4,-1,[ OK ]
4330.8,4/13/2026 9:19:31 PM,6858,103.5,0.1482,119.8,0.3918,0.5183,1.524,0,0,0,100,16.28,0.2566,403.9,200,1,0,0.3452,1,1,1,1,1,1,1,4,4,-1,[ OK ]
4331.4,4/13/2026 9:19:31 PM,6859,103.5,0.1482,120,0.3918,0.5181,1.527,0,0,0,100,16.28,0.2568,404.1,200,1,0,0.3448,1,1,1,1,1,1,1,4,4,-1,[ OK ]
4332.1,4/13/2026 9:19:32 PM,6859,103.5,0.1481,120.1,0.3955,0.5182,1.526,0,0,0,100,16.28,0.2557,404,200,1,0,0.3495,1,1,1,1,1,1,1,4,4,-1,[ OK ]
4332.9,4/13/2026 9:19:33 PM,6860,103.5,0.1482,119.8,0.3918,0.5177,1.531,0,0,0,100,16.28,0.2573,403.9,200,1,0,0.3435,1,1,1,1,1,1,1,4,4,-1,[ OK ]
4333.6,4/13/2026 9:19:33 PM,6861,103.5,0.1482,119.9,0.3918,0.5177,1.532,0,0,0,100,16.28,0.2563,403.9,200,1,0,0.3465,1,1,1,1,1,1,1,4,4,-1,[ OK ]
4334.3,4/13/2026 9:19:34 PM,6862,103.5,0.1481,120.2,0.3992,0.5184,1.525,0,0,0,100,16.28,0.257,404,200,1,0,0.3494,1,1,1,1,1,1,1,4,4,-1,[ OK ]
4335.0,4/13/2026 9:19:35 PM,6862,103.5,0.148,120.6,0.4052,0.5179,1.53,0,0,0,100,16.28,0.2622,403.9,200,1,0,0.3402,1,1,1,1,1,1,1,4,4,-1,[ OK ]
4335.8,4/13/2026 9:19:36 PM,6863,103.5,0.1481,120.2,0.399,0.5188,1.521,0,0,0,100,16.28,0.2552,404.2,200,1,0,0.3658,1,1,1,1,1,1,1,4,4,-1,[ OK ]
4336.6,4/13/2026 9:19:36 PM,6864,103.5,0.1482,119.8,0.3991,0.5185,1.523,0,0,0,100,16.28,0.257,404.2,200,1,0,0.3519,1,1,1,1,1,1,1,4,4,-1,[ OK ]
4337.3,4/13/2026 9:19:37 PM,6865,103.5,0.1481,120.2,0.3992,0.518,1.53,0,0,0,100,16.28,0.2572,403.9,200,1,0,0.3496,1,1,1,1,1,1,1,4,4,-1,[ OK ]
4338.0,4/13/2026 9:19:38 PM,6865,103.5,0.1482,120,0.4,0.5181,1.528,0,0,0,100,16.28,0.2569,404,200,1,0,0.3479,1,1,1,1,1,1,1,4,4,-1,[ OK ]
4338.7,4/13/2026 9:19:39 PM,6866,103.5,0.1481,120.1,0.3918,0.5183,1.526,0,0,0,100,16.28,0.2576,404.1,200,1,0,0.3427,1,1,1,1,1,1,1,4,4,-1,[ OK ]
4339.4,4/13/2026 9:19:39 PM,6867,103.5,0.1482,120.1,0.3976,0.5181,1.529,0,0,0,100,16.28,0.2568,404.1,200,1,0,0.3521,1,1,1,1,1,1,1,4,4,-1,[ OK ]
4340.1,4/13/2026 9:19:40 PM,6867,103.5,0.1483,119.6,0.3997,0.5183,1.528,0,0,0,100,16.28,0.2574,403.8,200,1,0,0.3534,1,1,1,1,1,1,1,4,4,-1,[ OK ]
4340.9,4/13/2026 9:19:41 PM,6868,103.5,0.1481,120.3,0.4005,0.5186,1.523,0,0,0,100,16.28,0.2595,404.3,200,1,0,0.3377,1,1,1,1,1,1,1,4,4,-1,[ OK ]
4341.7,4/13/2026 9:19:42 PM,6869,103.5,0.1482,120,0.4017,0.5186,1.523,0,0,0,100,16.28,0.2597,403.9,200,1,0,0.3386,1,1,1,1,1,1,1,4,4,-1,[ OK ]
4342.4,4/13/2026 9:19:42 PM,6870,103.5,0.1482,120,0.3918,0.5184,1.525,0,0,0,100,16.28,0.2594,404.2,200,1,0,0.3432,1,1,1,1,1,1,1,4,4,-1,[ OK ]
4343.3,4/13/2026 9:19:43 PM,6870,103.5,0.1483,119.5,0.392,0.5182,1.527,0,0,0,100,16.28,0.2591,404,200,1,0,0.3388,1,1,1,1,1,1,1,4,4,-1,[ OK ]
4344.2,4/13/2026 9:19:44 PM,6871,103.5,0.1482,119.9,0.3962,0.5186,1.523,0,0,0,100,16.28,0.2602,403.9,200,1,0,0.3514,1,1,1,1,1,1,1,4,4,-1,[ OK ]
4345.0,4/13/2026 9:19:45 PM,6872,103.5,0.148,120.5,0.4013,0.5179,1.531,0,0,0,100,16.28,0.2585,403.9,200,1,0,0.3586,1,1,1,1,1,1,1,4,4,-1,[ OK ]
4345.9,4/13/2026 9:19:46 PM,6873,103.5,0.1483,119.7,0.4009,0.5181,1.528,0,0,0,100,16.28,0.2605,403.9,200,1,0,0.3411,1,1,1,1,1,1,1,4,4,-1,[ OK ]
4346.9,4/13/2026 9:19:47 PM,6874,103.5,0.1483,119.9,0.3918,0.5182,1.527,0,0,0,100,16.28,0.2602,404.1,200,1,0,0.3505,1,1,1,1,1,1,1,4,4,-1,[ OK ]
4347.6,4/13/2026 9:19:47 PM,6875,103.5,0.1483,119.9,0.3999,0.5181,1.528,0,0,0,100,16.28,0.2587,404.1,200,1,0,0.3462,1,1,1,1,1,1,1,4,4,-1,[ OK ]
4348.4,4/13/2026 9:19:48 PM,6876,103.5,0.148,121,0.3976,0.5186,1.522,0,0,0,100,16.28,0.2592,404.2,200,1,0,0.3411,1,1,1,1,1,1,1,4,4,-1,[ OK ]
4349.4,4/13/2026 9:19:49 PM,6877,103.5,0.1481,120.4,0.3982,0.5174,1.536,0,0,0,100,16.28,0.2603,403.8,200,1,0,0.341,1,1,1,1,1,1,1,4,4,-1,[ OK ]
4350.3,4/13/2026 9:19:50 PM,6878,103.5,0.1483,119.9,0.3988,0.5184,1.525,0,0,0,100,16.28,0.2579,404,200,1,0,0.343,1,1,1,1,1,1,1,4,4,-1,[ OK ]
4351.2,4/13/2026 9:19:51 PM,6878,103.5,0.1482,120.2,0.4009,0.5184,1.525,0,0,0,100,16.28,0.26,404,200,1,0,0.3429,1,1,1,1,1,1,1,4,4,-1,[ OK ]
4351.9,4/13/2026 9:19:52 PM,6879,103.5,0.1481,120.6,0.3989,0.5189,1.519,0,0,0,100,16.28,0.261,404.2,200,1,0,0.3494,1,1,1,1,1,1,1,4,4,-1,[ OK ]
4352.7,4/13/2026 9:19:52 PM,6880,103.5,0.1482,120.2,0.4032,0.5181,1.527,0,0,0,100,16.28,0.261,403.9,200,1,0,0.3341,1,1,1,1,1,1,1,4,4,-1,[ OK ]
4353.5,4/13/2026 9:19:53 PM,6881,103.5,0.1485,119.6,0.4016,0.5178,1.53,0,0,0,100,16.28,0.2575,403.9,200,1,0,0.3507,1,1,1,1,1,1,1,4,4,-1,[ OK ]
4354.5,4/13/2026 9:19:54 PM,6882,103.5,0.1484,119.8,0.3994,0.5179,1.53,0,0,0,100,16.28,0.2608,403.9,200,1,0,0.3414,1,1,1,1,1,1,1,4,4,-1,[ OK ]
4355.3,4/13/2026 9:19:55 PM,6883,103.5,0.1485,119.4,0.4023,0.518,1.528,0,0,0,100,16.28,0.2589,404.1,200,1,0,0.345,1,1,1,1,1,1,1,4,4,-1,[ OK ]
4356.1,4/13/2026 9:19:56 PM,6883,103.5,0.1483,120.2,0.3999,0.5184,1.524,0,0,0,100,16.28,0.2595,404.1,200,1,0,0.3377,1,1,1,1,1,1,1,4,4,-1,[ OK ]
4356.8,4/13/2026 9:19:57 PM,6884,103.5,0.1482,120.4,0.3925,0.5177,1.531,0,0,0,100,16.28,0.2604,404.1,200,1,0,0.3467,1,1,1,1,1,1,1,4,4,-1,[ OK ]
4357.5,4/13/2026 9:19:57 PM,6885,103.5,0.1481,120.6,0.3961,0.5176,1.533,0,0,0,100,16.28,0.2589,404.3,200,1,0,0.3431,1,1,1,1,1,1,1,4,4,-1,[ OK ]
4358.3,4/13/2026 9:19:58 PM,6886,103.5,0.1482,120.3,0.4008,0.5183,1.524,0,0,0,100,16.28,0.2591,403.9,200,1,0,0.3545,1,1,1,1,1,1,1,4,4,-1,[ OK ]
4359.1,4/13/2026 9:19:59 PM,6886,103.5,0.1481,120.6,0.4006,0.5186,1.521,0,0,0,100,16.28,0.2591,404.1,200,1,0,0.3386,1,1,1,1,1,1,1,4,4,-1,[ OK ]
4359.8,4/13/2026 9:20:00 PM,6887,103.5,0.1482,120.1,0.3918,0.5184,1.523,0,0,0,100,16.28,0.2629,404.3,200,1,0,0.329,1,1,1,1,1,1,1,4,4,-1,[ OK ]
4360.6,4/13/2026 9:20:00 PM,6888,103.5,0.1481,120.3,0.3925,0.5174,1.534,0,0,0,100,16.28,0.26,404.1,200,1,0,0.3442,1,1,1,1,1,1,1,4,4,-1,[ OK ]
4361.5,4/13/2026 9:20:01 PM,6889,103.5,0.1482,120.2,0.4045,0.5176,1.532,0,0,0,100,16.28,0.2571,404,200,1,0,0.3584,1,1,1,1,1,1,1,4,4,-1,[ OK ]
4362.2,4/13/2026 9:20:02 PM,6889,103.5,0.1484,119.5,0.4,0.5181,1.528,0,0,0,100,16.28,0.2571,404,200,1,0,0.3439,1,1,1,1,1,1,1,4,4,-1,[ OK ]
4363.1,4/13/2026 9:20:03 PM,6890,103.5,0.1482,120.2,0.3997,0.5178,1.53,0,0,0,100,16.28,0.2597,404,200,1,0,0.3436,1,1,1,1,1,1,1,4,4,-1,[ OK ]
4363.8,4/13/2026 9:20:04 PM,6891,103.5,0.1481,120.3,0.4005,0.5188,1.519,0,0,0,100,16.28,0.2606,404.3,200,1,0,0.3475,1,1,1,1,1,1,1,4,4,-1,[ OK ]
4364.5,4/13/2026 9:20:04 PM,6892,103.5,0.1481,120.4,0.3954,0.5186,1.521,0,0,0,100,16.28,0.2608,404.1,200,1,0,0.3485,1,1,1,1,1,1,1,4,4,-1,[ OK ]
4365.2,4/13/2026 9:20:05 PM,6892,103.5,0.1483,119.9,0.3984,0.5182,1.525,0,0,0,100,16.28,0.2575,403.8,200,1,0,0.352,1,1,1,1,1,1,1,4,4,-1,[ OK ]
4366.0,4/13/2026 9:20:06 PM,6893,103.5,0.1482,120.1,0.4003,0.5184,1.523,0,0,0,100,16.28,0.2627,403.9,200,1,0,0.3389,1,1,1,1,1,1,1,4,4,-1,[ OK ]
4366.7,4/13/2026 9:20:07 PM,6894,103.5,0.1482,120.2,0.392,0.5183,1.523,0,0,0,100,16.28,0.2591,404.1,200,1,0,0.3404,1,1,1,1,1,1,1,4,4,-1,[ OK ]
4367.4,4/13/2026 9:20:07 PM,6895,103.5,0.1484,119.4,0.393,0.5185,1.522,0,0,0,100,16.28,0.2584,403.9,200,1,0,0.3479,1,1,1,1,1,1,1,4,4,-1,[ OK ]
4368.1,4/13/2026 9:20:08 PM,6895,103.5,0.1481,120.4,0.3918,0.5173,1.536,0,0,0,100,16.28,0.2598,403.9,200,1,0,0.3381,1,1,1,1,1,1,1,4,4,-1,[ OK ]
4368.9,4/13/2026 9:20:09 PM,6896,103.5,0.1482,120.2,0.3969,0.5187,1.52,0,0,0,100,16.28,0.2576,403.9,200,1,0,0.3556,1,1,1,1,1,1,1,4,4,-1,[ OK ]
4369.7,4/13/2026 9:20:10 PM,6897,103.5,0.1484,119.7,0.3918,0.5182,1.527,0,0,0,100,16.28,0.2604,404.2,200,1,0,0.3423,1,1,1,1,1,1,1,4,4,-1,[ OK ]
4370.5,4/13/2026 9:20:10 PM,6898,103.5,0.1484,119.7,0.3918,0.5175,1.534,0,0,0,100,16.28,0.2579,404.4,200,1,0,0.3481,1,1,1,1,1,1,1,4,4,-1,[ OK ]
4371.3,4/13/2026 9:20:11 PM,6899,103.5,0.148,120.9,0.3918,0.5174,1.535,0,0,0,100,16.28,0.2593,403.9,200,1,0,0.3398,1,1,1,1,1,1,1,4,4,-1,[ OK ]
4372.2,4/13/2026 9:20:12 PM,6899,103.5,0.1482,120.2,0.3925,0.5176,1.532,0,0,0,100,16.28,0.2584,404,200,1,0,0.3406,1,1,1,1,1,1,1,4,4,-1,[ OK ]
4372.9,4/13/2026 9:20:13 PM,6900,103.5,0.1482,120.4,0.3918,0.5181,1.526,0,0,0,100,16.28,0.2584,404,200,1,0,0.3416,1,1,1,1,1,1,1,4,4,-1,[ OK ]
4373.6,4/13/2026 9:20:13 PM,6901,103.5,0.1484,119.5,0.3989,0.5177,1.53,0,0,0,100,16.28,0.2605,403.9,200,1,0,0.3405,1,1,1,1,1,1,1,4,4,-1,[ OK ]
4374.3,4/13/2026 9:20:14 PM,6902,103.5,0.1482,120.2,0.3918,0.5178,1.53,0,0,0,100,16.28,0.2576,403.8,200,1,0,0.3586,1,1,1,1,1,1,1,4,4,-1,[ OK ]
4375.1,4/13/2026 9:20:15 PM,6902,103.5,0.1484,119.3,0.3918,0.5171,1.537,0,0,0,100,16.28,0.2593,404.1,200,1,0,0.3382,1,1,1,1,1,1,1,4,4,-1,[ OK ]
4376.0,4/13/2026 9:20:16 PM,6903,103.5,0.1483,119.7,0.3974,0.5178,1.53,0,0,0,100,16.28,0.2594,404.2,200,1,0,0.3406,1,1,1,1,1,1,1,4,4,-1,[ OK ]
4376.7,4/13/2026 9:20:17 PM,6904,103.5,0.148,120.6,0.3962,0.518,1.527,0,0,0,100,16.28,0.2566,404.3,200,1,0,0.3501,1,1,1,1,1,1,1,4,4,-1,[ OK ]
4377.4,4/13/2026 9:20:17 PM,6905,103.5,0.1482,120.1,0.4032,0.5182,1.525,0,0,0,100,16.28,0.2584,403.9,200,1,0,0.3537,1,1,1,1,1,1,1,4,4,-1,[ OK ]
4378.3,4/13/2026 9:20:18 PM,6905,103.5,0.1483,119.7,0.4004,0.5177,1.53,0,0,0,100,16.28,0.2571,404.2,200,1,0,0.3534,1,1,1,1,1,1,1,4,4,-1,[ OK ]
4379.0,4/13/2026 9:20:19 PM,6906,103.5,0.1484,119.6,0.3918,0.5183,1.524,0,0,0,100,16.28,0.2608,404,200,1,0,0.3449,1,1,1,1,1,1,1,4,4,-1,[ OK ]
4379.8,4/13/2026 9:20:20 PM,6907,103.5,0.1482,120.2,0.4005,0.5173,1.535,0,0,0,100,16.28,0.2601,404.2,200,1,0,0.3547,1,1,1,1,1,1,1,4,4,-1,[ OK ]
4380.6,4/13/2026 9:20:20 PM,6908,103.5,0.1484,119.6,0.3999,0.5179,1.528,0,0,0,100,16.28,0.2604,403.8,200,1,0,0.3539,1,1,1,1,1,1,1,4,4,-1,[ OK ]
4381.6,4/13/2026 9:20:21 PM,6909,103.5,0.1484,120,0.3967,0.5186,1.52,0,0,0,100,16.28,0.2588,404.3,200,1,0,0.3442,1,1,1,1,1,1,1,4,4,-1,[ OK ]
4382.4,4/13/2026 9:20:22 PM,6910,103.5,0.1483,120.2,0.4002,0.5183,1.524,0,0,0,100,16.28,0.2581,404.2,200,1,0,0.3531,1,1,1,1,1,1,1,4,4,-1,[ OK ]
4383.1,4/13/2026 9:20:23 PM,6910,103.5,0.1484,119.8,0.3978,0.5179,1.529,0,0,0,100,16.28,0.2588,403.9,200,1,0,0.3499,1,1,1,1,1,1,1,4,4,-1,[ OK ]
4383.8,4/13/2026 9:20:24 PM,6911,103.5,0.1484,119.9,0.3956,0.5178,1.531,0,0,0,100,16.28,0.2589,404.2,200,1,0,0.3484,1,1,1,1,1,1,1,4,4,-1,[ OK ]
4384.6,4/13/2026 9:20:24 PM,6912,103.5,0.1483,120.3,0.3979,0.5184,1.524,0,0,0,100,16.28,0.2566,404.4,200,1,0,0.3612,1,1,1,1,1,1,1,4,4,-1,[ OK ]
4385.3,4/13/2026 9:20:25 PM,6913,103.5,0.1483,120,0.3986,0.5173,1.537,0,0,0,100,16.28,0.2612,404.2,200,1,0,0.3335,1,1,1,1,1,1,1,4,4,-1,[ OK ]
4386.0,4/13/2026 9:20:26 PM,6913,103.5,0.1484,119.9,0.395,0.5178,1.531,0,0,0,100,16.28,0.2572,403.9,200,1,0,0.3501,1,1,1,1,1,1,1,4,4,-1,[ OK ]
4386.6,4/13/2026 9:20:26 PM,6914,103.5,0.1483,120.1,0.3974,0.5187,1.521,0,0,0,100,16.28,0.2578,403.8,200,1,0,0.3498,1,1,1,1,1,1,1,4,4,-1,[ OK ]
4387.4,4/13/2026 9:20:27 PM,6915,103.5,0.1484,119.9,0.3981,0.5177,1.531,0,0,0,100,16.28,0.2566,404.1,200,1,0,0.3558,1,1,1,1,1,1,1,4,4,-1,[ OK ]
4388.2,4/13/2026 9:20:28 PM,6915,103.5,0.1485,119.5,0.3934,0.5183,1.525,0,0,0,100,16.28,0.2575,404.1,200,1,0,0.35,1,1,1,1,1,1,1,4,4,-1,[ OK ]
4389.0,4/13/2026 9:20:29 PM,6916,103.5,0.1483,119.8,0.3971,0.5177,1.531,0,0,0,100,16.28,0.2577,404,200,1,0,0.3496,1,1,1,1,1,1,1,4,4,-1,[ OK ]
4389.7,4/13/2026 9:20:30 PM,6917,103.5,0.1484,119.6,0.4007,0.518,1.527,0,0,0,100,16.28,0.2614,404,200,1,0,0.3434,1,1,1,1,1,1,1,4,4,-1,[ OK ]
4390.5,4/13/2026 9:20:30 PM,6918,103.5,0.1482,120.2,0.4005,0.518,1.529,0,0,0,100,16.28,0.2568,403.9,200,1,0,0.3624,1,1,1,1,1,1,1,4,4,-1,[ OK ]
4391.3,4/13/2026 9:20:31 PM,6919,103.5,0.1483,119.7,0.3987,0.5181,1.527,0,0,0,100,16.28,0.2587,404.3,200,1,0,0.3554,1,1,1,1,1,1,1,4,4,-1,[ OK ]
4392.1,4/13/2026 9:20:32 PM,6919,103.5,0.1483,119.9,0.3929,0.5175,1.534,0,0,0,100,16.28,0.2587,404.1,200,1,0,0.3575,1,1,1,1,1,1,1,4,4,-1,[ OK ]
4393.0,4/13/2026 9:20:33 PM,6920,103.5,0.1482,120.5,0.3982,0.5181,1.527,0,0,0,100,16.28,0.2604,404,200,1,0,0.354,1,1,1,1,1,1,1,4,4,-1,[ OK ]
4393.9,4/13/2026 9:20:34 PM,6921,103.5,0.1484,119.7,0.4051,0.5178,1.531,0,0,0,100,16.28,0.2597,403.9,200,1,0,0.3372,1,1,1,1,1,1,1,4,4,-1,[ OK ]
4394.7,4/13/2026 9:20:35 PM,6922,103.5,0.1485,119.5,0.4074,0.518,1.528,0,0,0,100,16.28,0.2617,403.9,200,1,0,0.3377,1,1,1,1,1,1,1,4,4,-1,[ OK ]
4395.4,4/13/2026 9:20:35 PM,6923,103.5,0.1484,119.8,0.3919,0.5182,1.526,0,0,0,100,16.28,0.2598,404,200,1,0,0.3419,1,1,1,1,1,1,1,4,4,-1,[ OK ]
4396.2,4/13/2026 9:20:36 PM,6923,103.5,0.1483,120,0.3987,0.5185,1.522,0,0,0,100,16.28,0.2616,404.1,200,1,0,0.3404,1,1,1,1,1,1,1,4,4,-1,[ OK ]
4397.0,4/13/2026 9:20:37 PM,6924,103.5,0.1483,120.1,0.3992,0.5185,1.523,0,0,0,100,16.28,0.2629,404.3,200,1,0,0.3357,1,1,1,1,1,1,1,4,4,-1,[ OK ]
4397.6,4/13/2026 9:20:37 PM,6925,103.5,0.1482,120.3,0.395,0.5185,1.522,0,0,0,100,16.28,0.2616,403.8,200,1,0,0.3388,1,1,1,1,1,1,1,4,4,-1,[ OK ]
4398.3,4/13/2026 9:20:38 PM,6926,103.5,0.1484,119.8,0.3978,0.5178,1.531,0,0,0,100,16.28,0.2573,404.1,200,1,0,0.3496,1,1,1,1,1,1,1,4,4,-1,[ OK ]
4399.0,4/13/2026 9:20:39 PM,6926,103.5,0.1485,119.4,0.3933,0.5184,1.524,0,0,0,100,16.28,0.2598,404.1,200,1,0,0.347,1,1,1,1,1,1,1,4,4,-1,[ OK ]
4399.7,4/13/2026 9:20:40 PM,6927,103.5,0.1483,120.2,0.3929,0.5181,1.527,0,0,0,100,16.28,0.257,404,200,1,0,0.3493,1,1,1,1,1,1,1,4,4,-1,[ OK ]
4400.5,4/13/2026 9:20:40 PM,6928,103.5,0.1483,120.2,0.399,0.5179,1.529,0,0,0,100,16.28,0.2591,404.1,200,1,0,0.3428,1,1,1,1,1,1,1,4,4,-1,[ OK ]
4401.2,4/13/2026 9:20:41 PM,6928,103.5,0.1483,120.2,0.4011,0.5179,1.528,0,0,0,100,16.28,0.2581,404.5,200,1,0,0.3425,1,1,1,1,1,1,1,4,4,-1,[ OK ]
4401.9,4/13/2026 9:20:42 PM,6929,103.5,0.1483,119.9,0.3949,0.5177,1.53,0,0,0,100,16.28,0.261,403.8,200,1,0,0.334,1,1,1,1,1,1,1,4,4,-1,[ OK ]
4402.6,4/13/2026 9:20:42 PM,6930,103.5,0.1483,120,0.3964,0.5181,1.526,0,0,0,100,16.28,0.2614,404.2,200,1,0,0.3331,1,1,1,1,1,1,1,4,4,-1,[ OK ]
4403.4,4/13/2026 9:20:43 PM,6931,103.5,0.1482,120.3,0.3918,0.5181,1.526,0,0,0,100,16.28,0.2587,403.8,200,1,0,0.3561,1,1,1,1,1,1,1,4,4,-1,[ OK ]
4404.0,4/13/2026 9:20:44 PM,6931,103.5,0.1484,119.7,0.3934,0.5176,1.532,0,0,0,100,16.28,0.261,404.2,200,1,0,0.337,1,1,1,1,1,1,1,4,4,-1,[ OK ]
4404.6,4/13/2026 9:20:44 PM,6932,103.5,0.1482,120.2,0.3946,0.5183,1.524,0,0,0,100,16.28,0.2594,404,200,1,0,0.3445,1,1,1,1,1,1,1,4,4,-1,[ OK ]
4405.4,4/13/2026 9:20:45 PM,6933,103.5,0.1481,120.6,0.3934,0.5174,1.534,0,0,0,100,16.28,0.2602,403.8,200,1,0,0.3358,1,1,1,1,1,1,1,4,4,-1,[ OK ]
4406.2,4/13/2026 9:20:46 PM,6933,103.5,0.1483,120,0.3953,0.5181,1.526,0,0,0,100,16.28,0.2622,403.9,200,1,0,0.3329,1,1,1,1,1,1,1,4,4,-1,[ OK ]
4406.8,4/13/2026 9:20:47 PM,6934,103.5,0.1482,120.2,0.3918,0.5177,1.53,0,0,0,100,16.28,0.2612,404.4,200,1,0,0.3401,1,1,1,1,1,1,1,4,4,-1,[ OK ]
4407.4,4/13/2026 9:20:47 PM,6935,103.5,0.1481,120.7,0.3982,0.5182,1.526,0,0,0,100,16.28,0.2596,403.9,200,1,0,0.3443,1,1,1,1,1,1,1,4,4,-1,[ OK ]
4408.1,4/13/2026 9:20:48 PM,6935,103.5,0.1481,120.6,0.3951,0.5187,1.521,0,0,0,100,16.28,0.2606,404.2,200,1,0,0.3428,1,1,1,1,1,1,1,4,4,-1,[ OK ]
4408.9,4/13/2026 9:20:49 PM,6936,103.5,0.1484,119.7,0.3918,0.5175,1.534,0,0,0,100,16.28,0.2606,404.3,200,1,0,0.3348,1,1,1,1,1,1,1,4,4,-1,[ OK ]
4409.6,4/13/2026 9:20:49 PM,6937,103.5,0.1483,120.1,0.3928,0.5184,1.524,0,0,0,100,16.28,0.2589,404.2,200,1,0,0.3504,1,1,1,1,1,1,1,4,4,-1,[ OK ]
4410.4,4/13/2026 9:20:50 PM,6938,103.5,0.1485,119.3,0.4014,0.5182,1.525,0,0,0,100,16.28,0.2597,403.9,200,1,0,0.3486,1,1,1,1,1,1,1,4,4,-1,[ OK ]
4411.1,4/13/2026 9:20:51 PM,6938,103.5,0.1483,119.8,0.3938,0.5175,1.532,0,0,0,100,16.28,0.2581,404,200,1,0,0.3471,1,1,1,1,1,1,1,4,4,-1,[ OK ]
4411.7,4/13/2026 9:20:51 PM,6939,103.5,0.1482,120.2,0.3967,0.5183,1.523,0,0,0,100,16.28,0.2605,403.8,200,1,0,0.343,1,1,1,1,1,1,1,4,4,-1,[ OK ]
4412.4,4/13/2026 9:20:52 PM,6940,103.5,0.1484,119.7,0.3951,0.5187,1.52,0,0,0,100,16.28,0.2604,404.3,200,1,0,0.3381,1,1,1,1,1,1,1,4,4,-1,[ OK ]
4413.1,4/13/2026 9:20:53 PM,6940,103.5,0.1483,120.1,0.3918,0.5179,1.529,0,0,0,100,16.28,0.2592,403.9,200,1,0,0.3391,1,1,1,1,1,1,1,4,4,-1,[ OK ]
4413.8,4/13/2026 9:20:54 PM,6941,103.5,0.1483,120,0.3956,0.5183,1.524,0,0,0,100,16.28,0.2589,404.3,200,1,0,0.3486,1,1,1,1,1,1,1,4,4,-1,[ OK ]
4414.6,4/13/2026 9:20:54 PM,6942,103.5,0.1486,119.2,0.3961,0.5184,1.523,0,0,0,100,16.28,0.2601,404.2,200,1,0,0.3376,1,1,1,1,1,1,1,4,4,-1,[ OK ]
4415.3,4/13/2026 9:20:55 PM,6942,103.5,0.1482,120.2,0.3932,0.5177,1.531,0,0,0,100,16.28,0.2581,403.9,200,1,0,0.3491,1,1,1,1,1,1,1,4,4,-1,[ OK ]
4415.8,4/13/2026 9:20:56 PM,6943,103.5,0.1484,119.7,0.3967,0.5185,1.522,0,0,0,100,16.28,0.2609,404,200,1,0,0.3396,1,1,1,1,1,1,1,4,4,-1,[ OK ]
4416.5,4/13/2026 9:20:56 PM,6944,103.5,0.1483,119.8,0.3918,0.5183,1.525,0,0,0,100,16.28,0.2589,404.1,200,1,0,0.3431,1,1,1,1,1,1,1,4,4,-1,[ OK ]
4417.2,4/13/2026 9:20:57 PM,6944,103.5,0.1483,119.8,0.4013,0.5179,1.529,0,0,0,100,16.28,0.2586,404,200,1,0,0.3457,1,1,1,1,1,1,1,4,4,-1,[ OK ]
4418.1,4/13/2026 9:20:58 PM,6945,103.5,0.1483,120,0.4053,0.5182,1.526,0,0,0,100,16.28,0.2587,404,200,1,0,0.3534,1,1,1,1,1,1,1,4,4,-1,[ OK ]
4418.8,4/13/2026 9:20:59 PM,6946,103.5,0.1486,119.3,0.3966,0.5178,1.531,0,0,0,100,16.28,0.2579,403.8,200,1,0,0.3562,1,1,1,1,1,1,1,4,4,-1,[ OK ]
4419.5,4/13/2026 9:20:59 PM,6947,103.5,0.1484,119.7,0.3918,0.5174,1.536,0,0,0,100,16.28,0.2614,403.9,200,1,0,0.334,1,1,1,1,1,1,1,4,4,-1,[ OK ]
4420.3,4/13/2026 9:21:00 PM,6948,103.5,0.1484,119.8,0.401,0.5182,1.527,0,0,0,100,16.28,0.2607,403.8,200,1,0,0.3391,1,1,1,1,1,1,1,4,4,-1,[ OK ]
4421.1,4/13/2026 9:21:01 PM,6948,103.5,0.1485,119.6,0.3918,0.5187,1.521,0,0,0,100,16.28,0.2585,404.2,200,1,0,0.343,1,1,1,1,1,1,1,4,4,-1,[ OK ]
4421.8,4/13/2026 9:21:02 PM,6949,103.5,0.1484,119.7,0.3918,0.5185,1.523,0,0,0,100,16.28,0.2581,403.9,200,1,0,0.3413,1,1,1,1,1,1,1,4,4,-1,[ OK ]
4422.5,4/13/2026 9:21:02 PM,6950,103.5,0.1486,119.3,0.3989,0.5179,1.529,0,0,0,100,16.28,0.2589,403.9,200,1,0,0.3503,1,1,1,1,1,1,1,4,4,-1,[ OK ]
4423.2,4/13/2026 9:21:03 PM,6950,103.5,0.1483,120.2,0.3918,0.5182,1.526,0,0,0,100,16.28,0.2593,403.8,200,1,0,0.3435,1,1,1,1,1,1,1,4,4,-1,[ OK ]
4424.0,4/13/2026 9:21:04 PM,6951,103.5,0.1483,120.1,0.4036,0.5182,1.525,0,0,0,100,16.28,0.2583,404,200,1,0,0.3496,1,1,1,1,1,1,1,4,4,-1,[ OK ]
4424.7,4/13/2026 9:21:04 PM,6952,103.5,0.1483,120,0.3961,0.5173,1.536,0,0,0,100,16.28,0.2593,403.9,200,1,0,0.3436,1,1,1,1,1,1,1,4,4,-1,[ OK ]
4425.4,4/13/2026 9:21:05 PM,6953,103.5,0.1481,120.6,0.3949,0.5187,1.519,0,0,0,100,16.28,0.2593,403.8,200,1,0,0.34,1,1,1,1,1,1,1,4,4,-1,[ OK ]
4426.1,4/13/2026 9:21:06 PM,6953,103.5,0.1485,119.3,0.3921,0.5183,1.524,0,0,0,100,16.28,0.2572,403.9,200,1,0,0.3476,1,1,1,1,1,1,1,4,4,-1,[ OK ]
4426.9,4/13/2026 9:21:07 PM,6954,103.5,0.1483,120,0.396,0.5183,1.524,0,0,0,100,16.28,0.2604,403.9,200,1,0,0.3353,1,1,1,1,1,1,1,4,4,-1,[ OK ]
4427.6,4/13/2026 9:21:07 PM,6955,103.5,0.148,121,0.3971,0.518,1.526,0,0,0,100,16.28,0.2596,403.9,200,1,0,0.3374,1,1,1,1,1,1,1,4,4,-1,[ OK ]
4428.3,4/13/2026 9:21:08 PM,6956,103.5,0.1483,120,0.3939,0.5188,1.518,0,0,0,100,16.28,0.2597,404.1,200,1,0,0.3372,1,1,1,1,1,1,1,4,4,-1,[ OK ]
4429.1,4/13/2026 9:21:09 PM,6956,103.5,0.1484,119.8,0.3921,0.5185,1.522,0,0,0,100,16.28,0.2585,404.1,200,1,0,0.3404,1,1,1,1,1,1,1,4,4,-1,[ OK ]
4429.8,4/13/2026 9:21:10 PM,6957,103.5,0.1483,120.3,0.3953,0.5172,1.536,0,0,0,100,16.28,0.2594,403.9,200,1,0,0.3426,1,1,1,1,1,1,1,4,4,-1,[ OK ]
4430.6,4/13/2026 9:21:10 PM,6958,103.5,0.1484,119.9,0.3918,0.5177,1.531,0,0,0,100,16.28,0.2588,404.2,200,1,0,0.3455,1,1,1,1,1,1,1,4,4,-1,[ OK ]
4431.3,4/13/2026 9:21:11 PM,6959,103.5,0.1485,119.4,0.3921,0.5177,1.531,0,0,0,100,16.28,0.2582,403.9,200,1,0,0.3411,1,1,1,1,1,1,1,4,4,-1,[ OK ]
4431.8,4/13/2026 9:21:12 PM,6959,103.5,0.1482,120.6,0.3977,0.518,1.528,0,0,0,100,16.28,0.2587,404.3,200,1,0,0.3411,1,1,1,1,1,1,1,4,4,-1,[ OK ]
4432.5,4/13/2026 9:21:12 PM,6960,103.5,0.1481,120.8,0.3993,0.5184,1.523,0,0,0,100,16.28,0.2593,404.1,200,1,0,0.3415,1,1,1,1,1,1,1,4,4,-1,[ OK ]
4433.3,4/13/2026 9:21:13 PM,6960,103.5,0.1484,119.9,0.3918,0.518,1.528,0,0,0,100,16.28,0.2598,404,200,1,0,0.3452,1,1,1,1,1,1,1,4,4,-1,[ OK ]
4433.9,4/13/2026 9:21:14 PM,6961,103.5,0.1483,120.1,0.3984,0.5177,1.532,0,0,0,100,16.28,0.2587,403.9,200,1,0,0.3427,1,1,1,1,1,1,1,4,4,-1,[ OK ]
4434.6,4/13/2026 9:21:14 PM,6962,103.5,0.1484,120.1,0.3918,0.518,1.529,0,0,0,100,16.28,0.2606,404.2,200,1,0,0.3378,1,1,1,1,1,1,1,4,4,-1,[ OK ]
4435.3,4/13/2026 9:21:15 PM,6963,103.5,0.1483,120.1,0.4013,0.5179,1.53,0,0,0,100,16.28,0.2601,403.8,200,1,0,0.3437,1,1,1,1,1,1,1,4,4,-1,[ OK ]
4436.1,4/13/2026 9:21:16 PM,6963,103.5,0.1485,119.6,0.3918,0.5181,1.527,0,0,0,100,16.28,0.2601,404,200,1,0,0.3449,1,1,1,1,1,1,1,4,4,-1,[ OK ]
4436.9,4/13/2026 9:21:17 PM,6964,103.5,0.1485,119.7,0.3957,0.5177,1.532,0,0,0,100,16.28,0.2587,404.3,200,1,0,0.3397,1,1,1,1,1,1,1,4,4,-1,[ OK ]
4437.5,4/13/2026 9:21:17 PM,6965,103.5,0.1484,120,0.3989,0.5182,1.527,0,0,0,100,16.28,0.2591,403.8,200,1,0,0.3527,1,1,1,1,1,1,1,4,4,-1,[ OK ]
4438.2,4/13/2026 9:21:18 PM,6965,103.5,0.1483,120.2,0.4017,0.5179,1.53,0,0,0,100,16.28,0.2608,403.9,200,1,0,0.3373,1,1,1,1,1,1,1,4,4,-1,[ OK ]
4438.7,4/13/2026 9:21:19 PM,6966,103.5,0.1483,120,0.3965,0.518,1.528,0,0,0,100,16.28,0.2581,404.3,200,1,0,0.3487,1,1,1,1,1,1,1,4,4,-1,[ OK ]
4439.4,4/13/2026 9:21:19 PM,6967,103.5,0.1483,120.1,0.395,0.5179,1.53,0,0,0,100,16.28,0.2613,404.2,200,1,0,0.3416,1,1,1,1,1,1,1,4,4,-1,[ OK ]
4440.1,4/13/2026 9:21:20 PM,6967,103.5,0.1483,120.2,0.3856,0.5178,1.531,0,0,0,100,16.28,0.2593,404.2,200,1,0,0.3252,1,1,1,1,1,1,1,4,4,-1,[ OK ]
4440.8,4/13/2026 9:21:21 PM,6968,103.5,0.1481,120.8,0.3989,0.518,1.529,0,0,0,100,16.28,0.2598,404,200,1,0,0.3426,1,1,1,1,1,1,1,4,4,-1,[ OK ]
4441.5,4/13/2026 9:21:21 PM,6969,103.5,0.1484,119.8,0.3934,0.5183,1.524,0,0,0,100,16.28,0.2604,404.3,200,1,0,0.3444,1,1,1,1,1,1,1,4,4,-1,[ OK ]
4442.1,4/13/2026 9:21:22 PM,6969,103.5,0.1486,119.5,0.3965,0.5188,1.519,0,0,0,100,16.28,0.2601,404.1,200,1,0,0.3399,1,1,1,1,1,1,1,4,4,-1,[ OK ]
4442.8,4/13/2026 9:21:23 PM,6970,103.5,0.1485,119.7,0.3948,0.5181,1.526,0,0,0,100,16.28,0.2603,404.1,200,1,0,0.3372,1,1,1,1,1,1,1,4,4,-1,[ OK ]
4443.5,4/13/2026 9:21:23 PM,6971,103.5,0.1484,120.3,0.3941,0.5175,1.533,0,0,0,100,16.28,0.2598,404.1,200,1,0,0.345,1,1,1,1,1,1,1,4,4,-1,[ OK ]
4444.2,4/13/2026 9:21:24 PM,6971,103.5,0.1485,119.8,0.401,0.5184,1.524,0,0,0,100,16.28,0.2601,403.9,200,1,0,0.3569,1,1,1,1,1,1,1,4,4,-1,[ OK ]
4445.0,4/13/2026 9:21:25 PM,6972,103.5,0.1483,120.4,0.3918,0.5184,1.524,0,0,0,100,16.28,0.2611,403.9,200,1,0,0.3461,1,1,1,1,1,1,1,4,4,-1,[ OK ]
4445.7,4/13/2026 9:21:25 PM,6973,103.5,0.1484,119.9,0.392,0.5176,1.532,0,0,0,100,16.28,0.2598,404.1,200,1,0,0.3393,1,1,1,1,1,1,1,4,4,-1,[ OK ]
4446.4,4/13/2026 9:21:26 PM,6974,103.5,0.1486,119.6,0.3973,0.5186,1.521,0,0,0,100,16.28,0.2583,403.9,200,1,0,0.3519,1,1,1,1,1,1,1,4,4,-1,[ OK ]
4447.1,4/13/2026 9:21:27 PM,6974,103.5,0.1483,120.4,0.4002,0.5183,1.524,0,0,0,100,16.28,0.26,403.8,200,1,0,0.3435,1,1,1,1,1,1,1,4,4,-1,[ OK ]
4447.8,4/13/2026 9:21:28 PM,6975,103.5,0.1483,120.4,0.4013,0.5181,1.527,0,0,0,100,16.28,0.2581,404,200,1,0,0.3439,1,1,1,1,1,1,1,4,4,-1,[ OK ]
4448.6,4/13/2026 9:21:28 PM,6976,103.5,0.1483,120.4,0.3942,0.5178,1.529,0,0,0,100,16.28,0.2555,403.9,200,1,0,0.349,1,1,1,1,1,1,1,4,4,-1,[ OK ]
4449.3,4/13/2026 9:21:29 PM,6977,103.5,0.1483,120.3,0.3951,0.5183,1.524,0,0,0,100,16.28,0.2578,404.3,200,1,0,0.3486,1,1,1,1,1,1,1,4,4,-1,[ OK ]
4450.0,4/13/2026 9:21:30 PM,6977,103.5,0.1485,119.6,0.4034,0.5177,1.531,0,0,0,100,16.28,0.26,404.2,200,1,0,0.3502,1,1,1,1,1,1,1,4,4,-1,[ OK ]
4450.9,4/13/2026 9:21:31 PM,6978,103.5,0.1485,119.8,0.3972,0.5175,1.534,0,0,0,100,16.28,0.2603,404.2,200,1,0,0.3522,1,1,1,1,1,1,1,4,4,-1,[ OK ]
4451.6,4/13/2026 9:21:31 PM,6979,103.5,0.1484,120.1,0.4012,0.5179,1.53,0,0,0,100,16.28,0.258,404,200,1,0,0.3418,1,1,1,1,1,1,1,4,4,-1,[ OK ]
4452.3,4/13/2026 9:21:32 PM,6980,103.5,0.1485,119.8,0.3973,0.5179,1.531,0,0,0,100,16.28,0.2586,404,200,1,0,0.358,1,1,1,1,1,1,1,4,4,-1,[ OK ]
4453.0,4/13/2026 9:21:33 PM,6980,103.5,0.1485,119.9,0.3937,0.5181,1.527,0,0,0,100,16.28,0.2591,404.1,200,1,0,0.3502,1,1,1,1,1,1,1,4,4,-1,[ OK ]
4453.4,4/13/2026 9:21:33 PM,6981,103.5,0.1484,120.2,0.3929,0.518,1.53,0,0,0,100,16.28,0.2612,404,200,1,0,0.3519,1,1,1,1,1,1,1,4,4,-1,[ OK ]
4454.2,4/13/2026 9:21:34 PM,6981,103.5,0.1485,120,0.4041,0.5184,1.525,0,0,0,100,16.28,0.2606,404.1,200,1,0,0.3401,1,1,1,1,1,1,1,4,4,-1,[ OK ]
4454.8,4/13/2026 9:21:35 PM,6982,103.5,0.1483,120.5,0.4016,0.5183,1.526,0,0,0,100,16.28,0.2613,404.1,200,1,0,0.3461,1,1,1,1,1,1,1,4,4,-1,[ OK ]
4455.5,4/13/2026 9:21:35 PM,6983,103.5,0.1486,119.7,0.3988,0.5181,1.528,0,0,0,100,16.28,0.2589,403.9,200,1,0,0.3465,1,1,1,1,1,1,1,4,4,-1,[ OK ]
4456.3,4/13/2026 9:21:36 PM,6984,103.5,0.1484,120.2,0.4013,0.5175,1.534,0,0,0,100,16.28,0.2594,403.9,200,1,0,0.3467,1,1,1,1,1,1,1,4,4,-1,[ OK ]
4457.1,4/13/2026 9:21:37 PM,6984,103.5,0.1485,120,0.3949,0.5171,1.538,0,0,0,100,16.28,0.2612,403.9,200,1,0,0.3465,1,1,1,1,1,1,1,4,4,-1,[ OK ]
4457.9,4/13/2026 9:21:38 PM,6985,103.5,0.1485,120,0.3966,0.5187,1.521,0,0,0,100,16.28,0.26,404.3,200,1,0,0.356,1,1,1,1,1,1,1,4,4,-1,[ OK ]
4458.6,4/13/2026 9:21:38 PM,6986,103.5,0.1485,120,0.3945,0.5185,1.523,0,0,0,100,16.28,0.2604,403.9,200,1,0,0.3418,1,1,1,1,1,1,1,4,4,-1,[ OK ]
4459.2,4/13/2026 9:21:39 PM,6986,103.5,0.1484,120.1,0.395,0.5175,1.533,0,0,0,100,16.28,0.2586,404.1,200,1,0,0.344,1,1,1,1,1,1,1,4,4,-1,[ OK ]
4459.9,4/13/2026 9:21:40 PM,6987,103.5,0.1483,120.6,0.3933,0.5182,1.525,0,0,0,100,16.28,0.26,403.9,200,1,0,0.3379,1,1,1,1,1,1,1,4,4,-1,[ OK ]
4460.7,4/13/2026 9:21:40 PM,6988,103.5,0.1484,120.3,0.3921,0.5178,1.53,0,0,0,100,16.28,0.26,404.2,200,1,0,0.3507,1,1,1,1,1,1,1,4,4,-1,[ OK ]
4461.4,4/13/2026 9:21:41 PM,6989,103.5,0.1484,120.1,0.3918,0.5174,1.534,0,0,0,100,16.28,0.2584,404.3,200,1,0,0.3453,1,1,1,1,1,1,1,4,4,-1,[ OK ]
4462.1,4/13/2026 9:21:42 PM,6989,103.5,0.1485,119.7,0.3992,0.5179,1.529,0,0,0,100,16.28,0.2594,404.2,200,1,0,0.346,1,1,1,1,1,1,1,4,4,-1,[ OK ]
4462.8,4/13/2026 9:21:43 PM,6990,103.5,0.1485,119.8,0.3974,0.5179,1.53,0,0,0,100,16.28,0.2595,404.1,200,1,0,0.3378,1,1,1,1,1,1,1,4,4,-1,[ OK ]
4463.6,4/13/2026 9:21:43 PM,6991,103.5,0.1486,119.7,0.3995,0.5184,1.525,0,0,0,100,16.28,0.2604,404.2,200,1,0,0.341,1,1,1,1,1,1,1,4,4,-1,[ OK ]
4464.3,4/13/2026 9:21:44 PM,6992,103.5,0.1487,119.4,0.3918,0.5186,1.521,0,0,0,100,16.28,0.2602,403.9,200,1,0,0.3358,1,1,1,1,1,1,1,4,4,-1,[ OK ]
4465.0,4/13/2026 9:21:45 PM,6992,103.5,0.1484,120.1,0.4007,0.5187,1.519,0,0,0,100,16.28,0.2605,404.1,200,1,0,0.3418,1,1,1,1,1,1,1,4,4,-1,[ OK ]
4465.7,4/13/2026 9:21:46 PM,6993,103.5,0.1485,119.7,0.4006,0.5179,1.528,0,0,0,100,16.28,0.2608,403.9,200,1,0,0.3382,1,1,1,1,1,1,1,4,4,-1,[ OK ]
4466.4,4/13/2026 9:21:46 PM,6994,103.5,0.1484,120.2,0.3978,0.5177,1.532,0,0,0,100,16.28,0.2585,403.8,200,1,0,0.3507,1,1,1,1,1,1,1,4,4,-1,[ OK ]
4467.2,4/13/2026 9:21:47 PM,6994,103.5,0.1484,120.2,0.3957,0.5185,1.522,0,0,0,100,16.28,0.26,404,200,1,0,0.3521,1,1,1,1,1,1,1,4,4,-1,[ OK ]
4467.9,4/13/2026 9:21:48 PM,6995,103.5,0.1486,119.7,0.397,0.5181,1.526,0,0,0,100,16.28,0.2609,403.7,200,1,0,0.3409,1,1,1,1,1,1,1,4,4,-1,[ OK ]
4468.6,4/13/2026 9:21:48 PM,6996,103.5,0.1485,120.1,0.4038,0.5174,1.534,0,0,0,100,16.28,0.2617,404,200,1,0,0.348,1,1,1,1,1,1,1,4,4,-1,[ OK ]
4469.3,4/13/2026 9:21:49 PM,6997,103.5,0.1485,119.9,0.398,0.5176,1.532,0,0,0,100,16.28,0.2603,404.2,200,1,0,0.3461,1,1,1,1,1,1,1,4,4,-1,[ OK ]
4470.1,4/13/2026 9:21:50 PM,6997,103.5,0.1484,120.3,0.3992,0.5183,1.525,0,0,0,100,16.28,0.2613,403.8,200,1,0,0.3331,1,1,1,1,1,1,1,4,4,-1,[ OK ]
4470.8,4/13/2026 9:21:51 PM,6998,103.5,0.1485,120,0.3918,0.5183,1.525,0,0,0,100,16.28,0.261,404,200,1,0,0.338,1,1,1,1,1,1,1,4,4,-1,[ OK ]
4471.5,4/13/2026 9:21:51 PM,6999,103.5,0.1478,122.2,0.3962,0.5173,1.534,0,0,0,100,16.28,0.262,404.2,200,1,0,0.3436,1,1,1,1,1,1,1,4,4,-1,[ OK ]
4472.2,4/13/2026 9:21:52 PM,6999,103.5,0.1485,119.9,0.4001,0.5176,1.531,0,0,0,100,16.28,0.2619,404,200,1,0,0.3355,1,1,1,1,1,1,1,4,4,-1,[ OK ]
4473.1,4/13/2026 9:21:53 PM,7000,103.5,0.1484,120.4,0.3992,0.5176,1.53,0,0,0,100,16.28,0.2592,404,200,1,0,0.3602,1,1,1,1,1,1,1,4,4,-1,[ OK ]
4473.8,4/13/2026 9:21:54 PM,7001,103.5,0.1485,120.1,0.395,0.5175,1.532,0,0,0,100,16.28,0.2575,404,200,1,0,0.3598,1,1,1,1,1,1,1,4,4,-1,[ OK ]
4474.5,4/13/2026 9:21:54 PM,7002,103.5,0.1484,120.2,0.3981,0.5177,1.531,0,0,0,100,16.28,0.2618,404,200,1,0,0.3319,1,1,1,1,1,1,1,4,4,-1,[ OK ]
4475.2,4/13/2026 9:21:55 PM,7002,103.5,0.1486,119.6,0.3948,0.5181,1.526,0,0,0,100,16.28,0.2598,404.1,200,1,0,0.3432,1,1,1,1,1,1,1,4,4,-1,[ OK ]
4476.1,4/13/2026 9:21:56 PM,7003,103.5,0.1485,119.9,0.3918,0.5175,1.531,0,0,0,100,16.28,0.2585,403.9,200,1,0,0.3404,1,1,1,1,1,1,1,4,4,-1,[ OK ]
4477.0,4/13/2026 9:21:57 PM,7004,103.5,0.1486,119.6,0.3918,0.5181,1.526,0,0,0,100,16.28,0.2594,404,200,1,0,0.3436,1,1,1,1,1,1,1,4,4,-1,[ OK ]
4477.7,4/13/2026 9:21:58 PM,7005,103.5,0.1484,120.1,0.3965,0.518,1.528,0,0,0,100,16.28,0.2605,403.9,200,1,0,0.3523,1,1,1,1,1,1,1,4,4,-1,[ OK ]
4478.4,4/13/2026 9:21:58 PM,7006,103.5,0.1483,120.3,0.3994,0.5185,1.523,0,0,0,100,16.28,0.2576,404.3,200,1,0,0.3515,1,1,1,1,1,1,1,4,4,-1,[ OK ]
4479.1,4/13/2026 9:21:59 PM,7006,103.5,0.1486,119.4,0.401,0.5172,1.536,0,0,0,100,16.28,0.2601,404.2,200,1,0,0.3468,1,1,1,1,1,1,1,4,4,-1,[ OK ]
4480.0,4/13/2026 9:22:00 PM,7007,103.5,0.1483,120.2,0.3918,0.5177,1.531,0,0,0,100,16.28,0.2576,403.8,200,1,0,0.3425,1,1,1,1,1,1,1,4,4,-1,[ OK ]
4480.8,4/13/2026 9:22:01 PM,7008,103.5,0.1484,120.2,0.4021,0.518,1.528,0,0,0,100,16.28,0.2591,403.9,200,1,0,0.3387,1,1,1,1,1,1,1,4,4,-1,[ OK ]
4481.5,4/13/2026 9:22:01 PM,7009,103.5,0.1484,120.1,0.3939,0.5176,1.532,0,0,0,100,16.28,0.2591,404.2,200,1,0,0.352,1,1,1,1,1,1,1,4,4,-1,[ OK ]
4482.3,4/13/2026 9:22:02 PM,7009,103.5,0.1484,120.1,0.3987,0.5182,1.525,0,0,0,100,16.28,0.2602,404.2,200,1,0,0.3444,1,1,1,1,1,1,1,4,4,-1,[ OK ]
4483.0,4/13/2026 9:22:03 PM,7010,103.5,0.1486,119.6,0.3983,0.5186,1.521,0,0,0,100,16.28,0.2564,404.2,200,1,0,0.3489,1,1,1,1,1,1,1,4,4,-1,[ OK ]
4483.7,4/13/2026 9:22:04 PM,7011,103.5,0.1484,120.3,0.3918,0.518,1.527,0,0,0,100,16.28,0.2585,403.9,200,1,0,0.3412,1,1,1,1,1,1,1,4,4,-1,[ OK ]
4484.4,4/13/2026 9:22:04 PM,7012,103.5,0.1484,120,0.3951,0.5184,1.522,0,0,0,100,16.28,0.2586,404.1,200,1,0,0.3401,1,1,1,1,1,1,1,4,4,-1,[ OK ]
4485.1,4/13/2026 9:22:05 PM,7012,103.5,0.1484,120.2,0.3934,0.5179,1.528,0,0,0,100,16.28,0.2568,404.2,200,1,0,0.3538,1,1,1,1,1,1,1,4,4,-1,[ OK ]
4486.0,4/13/2026 9:22:06 PM,7013,103.5,0.1483,120.5,0.3966,0.5178,1.529,0,0,0,100,16.28,0.2566,404.4,200,1,0,0.3451,1,1,1,1,1,1,1,4,4,-1,[ OK ]
4486.7,4/13/2026 9:22:07 PM,7014,103.5,0.1484,120.3,0.3999,0.5179,1.527,0,0,0,100,16.28,0.2578,404.1,200,1,0,0.3547,1,1,1,1,1,1,1,4,4,-1,[ OK ]
4487.3,4/13/2026 9:22:07 PM,7015,103.5,0.1485,119.7,0.4032,0.5187,1.519,0,0,0,100,16.28,0.2584,404,200,1,0,0.3459,1,1,1,1,1,1,1,4,4,-1,[ OK ]
4488.0,4/13/2026 9:22:08 PM,7015,103.5,0.1486,119.7,0.3981,0.5181,1.525,0,0,0,100,16.28,0.2565,404,200,1,0,0.3478,1,1,1,1,1,1,1,4,4,-1,[ OK ]
4488.8,4/13/2026 9:22:09 PM,7016,103.5,0.1485,119.8,0.404,0.5183,1.524,0,0,0,100,16.28,0.2572,404.3,200,1,0,0.3548,1,1,1,1,1,1,1,4,4,-1,[ OK ]
4489.5,4/13/2026 9:22:09 PM,7017,103.5,0.1485,120,0.3944,0.5185,1.522,0,0,0,100,16.28,0.2602,404.2,200,1,0,0.3388,1,1,1,1,1,1,1,4,4,-1,[ OK ]
4490.3,4/13/2026 9:22:10 PM,7018,103.5,0.1488,118.8,0.3918,0.5188,1.519,0,0,0,100,16.28,0.2584,404.1,200,1,0,0.3487,1,1,1,1,1,1,1,4,4,-1,[ OK ]
4491.0,4/13/2026 9:22:11 PM,7018,103.5,0.1485,119.9,0.4011,0.518,1.527,0,0,0,100,16.28,0.2578,404.2,200,1,0,0.3454,1,1,1,1,1,1,1,4,4,-1,[ OK ]
4491.8,4/13/2026 9:22:12 PM,7019,103.5,0.1485,120,0.3955,0.5185,1.523,0,0,0,100,16.28,0.2573,403.9,200,1,0,0.3525,1,1,1,1,1,1,1,4,4,-1,[ OK ]
4492.5,4/13/2026 9:22:12 PM,7020,103.5,0.1484,120.2,0.3918,0.5186,1.52,0,0,0,100,16.28,0.2578,403.9,200,1,0,0.3536,1,1,1,1,1,1,1,4,4,-1,[ OK ]
4493.2,4/13/2026 9:22:13 PM,7020,103.5,0.1484,120,0.3925,0.5182,1.524,0,0,0,100,16.28,0.2584,404,200,1,0,0.3536,1,1,1,1,1,1,1,4,4,-1,[ OK ]
4494.1,4/13/2026 9:22:14 PM,7021,103.5,0.1483,120.2,0.3921,0.5176,1.531,0,0,0,100,16.28,0.2608,403.9,200,1,0,0.3427,1,1,1,1,1,1,1,4,4,-1,[ OK ]
4495.1,4/13/2026 9:22:15 PM,7022,103.5,0.1484,119.9,0.3997,0.5182,1.525,0,0,0,100,16.28,0.2565,404.4,200,1,0,0.3563,1,1,1,1,1,1,1,4,4,-1,[ OK ]
4495.8,4/13/2026 9:22:16 PM,7023,103.5,0.1485,119.8,0.3931,0.5179,1.528,0,0,0,100,16.28,0.2585,404.2,200,1,0,0.3439,1,1,1,1,1,1,1,4,4,-1,[ OK ]
4496.5,4/13/2026 9:22:16 PM,7024,103.5,0.1481,121,0.405,0.5182,1.526,0,0,0,100,16.28,0.2572,404,200,1,0,0.3437,1,1,1,1,1,1,1,4,4,-1,[ OK ]
4497.2,4/13/2026 9:22:17 PM,7024,103.5,0.1484,120.2,0.3979,0.5181,1.527,0,0,0,100,16.28,0.2562,404.2,200,1,0,0.3467,1,1,1,1,1,1,1,4,4,-1,[ OK ]
4498.1,4/13/2026 9:22:18 PM,7025,103.5,0.1485,119.8,0.3919,0.5183,1.524,0,0,0,100,16.28,0.2577,404.2,200,1,0,0.3428,1,1,1,1,1,1,1,4,4,-1,[ OK ]
4498.8,4/13/2026 9:22:19 PM,7026,103.5,0.1484,120.2,0.3945,0.5188,1.52,0,0,0,100,16.28,0.2604,403.9,200,1,0,0.3398,1,1,1,1,1,1,1,4,4,-1,[ OK ]
4499.8,4/13/2026 9:22:20 PM,7027,103.5,0.1484,120.1,0.4044,0.5181,1.527,0,0,0,100,16.28,0.2614,403.9,200,1,0,0.3445,1,1,1,1,1,1,1,4,4,-1,[ OK ]
4500.5,4/13/2026 9:22:20 PM,7028,103.5,0.1483,120.5,0.3954,0.5178,1.53,0,0,0,100,16.28,0.2572,403.8,200,1,0,0.361,1,1,1,1,1,1,1,4,4,-1,[ OK ]
4501.4,4/13/2026 9:22:21 PM,7029,103.5,0.1484,120.4,0.3973,0.5187,1.52,0,0,0,100,16.28,0.2586,404.2,200,1,0,0.3534,1,1,1,1,1,1,1,4,4,-1,[ OK ]
4502.2,4/13/2026 9:22:22 PM,7029,103.5,0.1485,120,0.3997,0.5178,1.53,0,0,0,100,16.28,0.2596,404,200,1,0,0.3497,1,1,1,1,1,1,1,4,4,-1,[ OK ]
4503.3,4/13/2026 9:22:23 PM,7031,103.5,0.1486,119.7,0.397,0.5186,1.522,0,0,0,100,16.28,0.2608,404.2,200,1,0,0.3349,1,1,1,1,1,1,1,4,4,-1,[ OK ]
4504.0,4/13/2026 9:22:24 PM,7031,103.5,0.1483,120.5,0.3957,0.5182,1.526,0,0,0,100,16.28,0.2583,403.9,200,1,0,0.3503,1,1,1,1,1,1,1,4,4,-1,[ OK ]
4504.9,4/13/2026 9:22:25 PM,7032,103.5,0.1483,120.8,0.3946,0.5186,1.522,0,0,0,100,16.28,0.2593,404.2,200,1,0,0.3472,1,1,1,1,1,1,1,4,4,-1,[ OK ]
4505.6,4/13/2026 9:22:25 PM,7033,103.5,0.1485,119.9,0.3951,0.519,1.518,0,0,0,100,16.28,0.2587,404.3,200,1,0,0.3528,1,1,1,1,1,1,1,4,4,-1,[ OK ]
4506.2,4/13/2026 9:22:26 PM,7033,103.5,0.1485,120.1,0.3983,0.5179,1.53,0,0,0,100,16.28,0.261,404.3,200,1,0,0.3478,1,1,1,1,1,1,1,4,4,-1,[ OK ]
4506.9,4/13/2026 9:22:27 PM,7034,103.5,0.1486,119.9,0.3918,0.5185,1.523,0,0,0,100,16.28,0.2602,404,200,1,0,0.3404,1,1,1,1,1,1,1,4,4,-1,[ OK ]
4507.6,4/13/2026 9:22:27 PM,7035,103.5,0.1487,119.5,0.3942,0.5183,1.525,0,0,0,100,16.28,0.261,404.3,200,1,0,0.335,1,1,1,1,1,1,1,4,4,-1,[ OK ]
4508.4,4/13/2026 9:22:28 PM,7036,103.5,0.1485,120.1,0.3976,0.5177,1.531,0,0,0,100,16.28,0.26,404.2,200,1,0,0.3431,1,1,1,1,1,1,1,4,4,-1,[ OK ]
4509.1,4/13/2026 9:22:29 PM,7036,103.5,0.1487,119.6,0.3997,0.5177,1.532,0,0,0,100,16.28,0.2582,404.1,200,1,0,0.3592,1,1,1,1,1,1,1,4,4,-1,[ OK ]
4509.8,4/13/2026 9:22:30 PM,7037,103.5,0.1486,119.8,0.3924,0.5182,1.526,0,0,0,100,16.28,0.2604,403.8,200,1,0,0.3488,1,1,1,1,1,1,1,4,4,-1,[ OK ]
4510.5,4/13/2026 9:22:30 PM,7038,103.5,0.1486,119.9,0.3966,0.5181,1.527,0,0,0,100,16.28,0.2588,404.2,200,1,0,0.3396,1,1,1,1,1,1,1,4,4,-1,[ OK ]
4511.3,4/13/2026 9:22:31 PM,7038,103.5,0.1492,117.9,0.3922,0.5183,1.523,0,0,0,100,16.28,0.259,403.9,200,1,0,0.3477,1,1,1,1,1,1,1,4,4,-1,[ OK ]
4512.0,4/13/2026 9:22:32 PM,7039,103.5,0.1485,120,0.3966,0.5175,1.533,0,0,0,100,16.28,0.2587,403.9,200,1,0,0.3441,1,1,1,1,1,1,1,4,4,-1,[ OK ]
4512.7,4/13/2026 9:22:33 PM,7040,103.5,0.1485,120,0.3984,0.5172,1.535,0,0,0,100,16.28,0.2604,404.1,200,1,0,0.3542,1,1,1,1,1,1,1,4,4,-1,[ OK ]
4513.4,4/13/2026 9:22:33 PM,7041,103.5,0.1484,120.4,0.3966,0.5177,1.529,0,0,0,100,16.28,0.2583,404.2,200,1,0,0.3415,1,1,1,1,1,1,1,4,4,-1,[ OK ]
4514.4,4/13/2026 9:22:34 PM,7042,103.5,0.1485,120.1,0.399,0.5183,1.524,0,0,0,100,16.28,0.2606,404.1,200,1,0,0.3464,1,1,1,1,1,1,1,4,4,-1,[ OK ]
4515.1,4/13/2026 9:22:35 PM,7042,103.5,0.1486,119.9,0.4001,0.5183,1.524,0,0,0,100,16.28,0.2583,404,200,1,0,0.3409,1,1,1,1,1,1,1,4,4,-1,[ OK ]
4515.8,4/13/2026 9:22:36 PM,7043,103.5,0.1484,120.3,0.3961,0.5172,1.536,0,0,0,100,16.28,0.2575,403.8,200,1,0,0.3484,1,1,1,1,1,1,1,4,4,-1,[ OK ]
4516.5,4/13/2026 9:22:36 PM,7044,103.5,0.1483,120.7,0.4034,0.5181,1.527,0,0,0,100,16.28,0.2575,404.1,200,1,0,0.3559,1,1,1,1,1,1,1,4,4,-1,[ OK ]
4517.3,4/13/2026 9:22:37 PM,7044,103.5,0.1485,120,0.3997,0.5174,1.534,0,0,0,100,16.28,0.258,404.3,200,1,0,0.3431,1,1,1,1,1,1,1,4,4,-1,[ OK ]
4518.0,4/13/2026 9:22:38 PM,7045,103.5,0.1485,120.2,0.3976,0.5177,1.531,0,0,0,100,16.28,0.2602,404.2,200,1,0,0.3511,1,1,1,1,1,1,1,4,4,-1,[ OK ]
4518.7,4/13/2026 9:22:39 PM,7046,103.5,0.1485,120,0.4027,0.5172,1.536,0,0,0,100,16.28,0.2596,404.3,200,1,0,0.3477,1,1,1,1,1,1,1,4,4,-1,[ OK ]
4519.4,4/13/2026 9:22:39 PM,7047,103.5,0.1485,120.2,0.3958,0.5178,1.529,0,0,0,100,16.28,0.2579,404.3,200,1,0,0.3418,1,1,1,1,1,1,1,4,4,-1,[ OK ]
4520.1,4/13/2026 9:22:40 PM,7047,103.5,0.1484,120.6,0.3967,0.5178,1.53,0,0,0,100,16.28,0.2568,404,200,1,0,0.3525,1,1,1,1,1,1,1,4,4,-1,[ OK ]
4520.9,4/13/2026 9:22:41 PM,7048,103.5,0.1487,119.8,0.3959,0.5184,1.524,0,0,0,100,16.28,0.2581,404.1,200,1,0,0.3449,1,1,1,1,1,1,1,4,4,-1,[ OK ]
4521.6,4/13/2026 9:22:41 PM,7049,103.5,0.1487,119.7,0.4008,0.5181,1.527,0,0,0,100,16.28,0.2587,404.1,200,1,0,0.3464,1,1,1,1,1,1,1,4,4,-1,[ OK ]
4522.3,4/13/2026 9:22:42 PM,7050,103.5,0.1486,120,0.3992,0.5182,1.525,0,0,0,100,16.28,0.2594,403.9,200,1,0,0.3407,1,1,1,1,1,1,1,4,4,-1,[ OK ]
4523.1,4/13/2026 9:22:43 PM,7050,103.5,0.1486,119.9,0.4059,0.5187,1.52,0,0,0,100,16.28,0.2575,404.1,200,1,0,0.3429,1,1,1,1,1,1,1,4,4,-1,[ OK ]
4524.0,4/13/2026 9:22:44 PM,7051,103.5,0.1485,120.1,0.3939,0.5186,1.521,0,0,0,100,16.28,0.256,403.9,200,1,0,0.3465,1,1,1,1,1,1,1,4,4,-1,[ OK ]
4524.7,4/13/2026 9:22:45 PM,7052,103.5,0.1484,120.5,0.3918,0.5185,1.523,0,0,0,100,16.28,0.2583,404.3,200,1,0,0.3596,1,1,1,1,1,1,1,4,4,-1,[ OK ]
4525.4,4/13/2026 9:22:45 PM,7053,103.5,0.1486,120.1,0.3933,0.5177,1.531,0,0,0,100,16.28,0.2567,404,200,1,0,0.36,1,1,1,1,1,1,1,4,4,-1,[ OK ]
4526.1,4/13/2026 9:22:46 PM,7053,103.5,0.1485,120.1,0.3918,0.5182,1.526,0,0,0,100,16.28,0.2584,404.2,200,1,0,0.3577,1,1,1,1,1,1,1,4,4,-1,[ OK ]
4526.9,4/13/2026 9:22:47 PM,7054,103.5,0.1485,120.2,0.3998,0.5177,1.531,0,0,0,100,16.28,0.259,404,200,1,0,0.3391,1,1,1,1,1,1,1,4,4,-1,[ OK ]
4527.6,4/13/2026 9:22:47 PM,7055,103.5,0.1484,120.4,0.3918,0.5173,1.536,0,0,0,100,16.28,0.2581,403.9,200,1,0,0.3519,1,1,1,1,1,1,1,4,4,-1,[ OK ]
4528.3,4/13/2026 9:22:48 PM,7056,103.5,0.1483,120.6,0.4002,0.5179,1.529,0,0,0,100,16.28,0.259,404.2,200,1,0,0.3531,1,1,1,1,1,1,1,4,4,-1,[ OK ]
4529.0,4/13/2026 9:22:49 PM,7056,103.5,0.1485,120.2,0.3993,0.5187,1.521,0,0,0,100,16.28,0.2567,404.2,200,1,0,0.3448,1,1,1,1,1,1,1,4,4,-1,[ OK ]
4529.8,4/13/2026 9:22:50 PM,7057,103.5,0.1486,119.8,0.3965,0.5176,1.532,0,0,0,100,16.28,0.2589,403.8,200,1,0,0.3526,1,1,1,1,1,1,1,4,4,-1,[ OK ]
4530.5,4/13/2026 9:22:50 PM,7058,103.5,0.1485,120.1,0.4038,0.5185,1.523,0,0,0,100,16.28,0.2589,404.2,200,1,0,0.3497,1,1,1,1,1,1,1,4,4,-1,[ OK ]
4531.1,4/13/2026 9:22:51 PM,7058,103.5,0.1486,119.8,0.3958,0.5181,1.527,0,0,0,100,16.28,0.2593,403.7,200,1,0,0.3509,1,1,1,1,1,1,1,4,4,-1,[ OK ]
4531.8,4/13/2026 9:22:52 PM,7059,103.5,0.1486,119.9,0.3918,0.5176,1.533,0,0,0,100,16.28,0.2585,404.4,200,1,0,0.3496,1,1,1,1,1,1,1,4,4,-1,[ OK ]
4532.6,4/13/2026 9:22:52 PM,7060,103.5,0.1484,120.2,0.3999,0.5182,1.526,0,0,0,100,16.28,0.2597,404,200,1,0,0.3423,1,1,1,1,1,1,1,4,4,-1,[ OK ]
4533.3,4/13/2026 9:22:53 PM,7061,103.5,0.1485,120,0.3994,0.5175,1.534,0,0,0,100,16.28,0.2572,404.2,200,1,0,0.3541,1,1,1,1,1,1,1,4,4,-1,[ OK ]
4534.0,4/13/2026 9:22:54 PM,7061,103.5,0.1485,120,0.3955,0.5183,1.526,0,0,0,100,16.28,0.2602,404.2,200,1,0,0.3461,1,1,1,1,1,1,1,4,4,-1,[ OK ]
4536.3,4/13/2026 9:22:56 PM,7063,103.5,0.1485,120.2,0.3971,0.5176,1.533,0,0,0,100,16.28,0.2585,403.8,200,1,0,0.3412,1,1,1,1,1,1,1,4,4,-1,[ OK ]
4537.6,4/13/2026 9:22:57 PM,7065,103.5,0.1487,119.3,0.3952,0.5176,1.533,0,0,0,100,16.28,0.2604,403.8,200,1,0,0.3394,1,1,1,1,1,1,1,4,4,-1,[ OK ]
4538.3,4/13/2026 9:22:58 PM,7066,103.5,0.1485,120.1,0.3944,0.5179,1.53,0,0,0,100,16.28,0.2607,403.9,200,1,0,0.3381,1,1,1,1,1,1,1,4,4,-1,[ OK ]
4539.0,4/13/2026 9:22:59 PM,7066,103.5,0.1486,119.9,0.3989,0.5175,1.533,0,0,0,100,16.28,0.2613,404.2,200,1,0,0.345,1,1,1,1,1,1,1,4,4,-1,[ OK ]
4539.8,4/13/2026 9:23:00 PM,7067,103.5,0.1487,119.5,0.3983,0.5179,1.53,0,0,0,100,16.28,0.2604,404.2,200,1,0,0.3385,1,1,1,1,1,1,1,4,4,-1,[ OK ]
4540.5,4/13/2026 9:23:00 PM,7068,103.5,0.1486,119.7,0.3966,0.5176,1.534,0,0,0,100,16.28,0.2597,404.3,200,1,0,0.3425,1,1,1,1,1,1,1,4,4,-1,[ OK ]
4541.2,4/13/2026 9:23:01 PM,7068,103.5,0.1485,120.1,0.3972,0.5181,1.527,0,0,0,100,16.28,0.2606,403.7,200,1,0,0.3452,1,1,1,1,1,1,1,4,4,-1,[ OK ]
4541.9,4/13/2026 9:23:02 PM,7069,103.5,0.1486,119.6,0.3921,0.5178,1.531,0,0,0,100,16.28,0.2618,404.1,200,1,0,0.3463,1,1,1,1,1,1,1,4,4,-1,[ OK ]
4542.7,4/13/2026 9:23:02 PM,7070,103.5,0.1487,119.3,0.394,0.518,1.529,0,0,0,100,16.28,0.2612,403.9,200,1,0,0.3418,1,1,1,1,1,1,1,4,4,-1,[ OK ]
4543.5,4/13/2026 9:23:03 PM,7071,103.5,0.1485,120.1,0.3919,0.5183,1.525,0,0,0,100,16.28,0.2601,404.1,200,1,0,0.3388,1,1,1,1,1,1,1,4,4,-1,[ OK ]
4544.2,4/13/2026 9:23:04 PM,7071,103.5,0.1489,118.7,0.4015,0.5179,1.53,0,0,0,100,16.28,0.261,404.1,200,1,0,0.3467,1,1,1,1,1,1,1,4,4,-1,[ OK ]
4544.9,4/13/2026 9:23:05 PM,7072,103.5,0.1487,119.5,0.3918,0.5186,1.523,0,0,0,100,16.28,0.2616,404,200,1,0,0.3324,1,1,1,1,1,1,1,4,4,-1,[ OK ]
4545.7,4/13/2026 9:23:05 PM,7073,103.5,0.1486,119.9,0.399,0.5173,1.536,0,0,0,100,16.28,0.2604,404.3,200,1,0,0.3502,1,1,1,1,1,1,1,4,4,-1,[ OK ]
4546.4,4/13/2026 9:23:06 PM,7074,103.5,0.1485,120.2,0.3973,0.5181,1.527,0,0,0,100,16.28,0.2588,404.1,200,1,0,0.3501,1,1,1,1,1,1,1,4,4,-1,[ OK ]
4547.1,4/13/2026 9:23:07 PM,7074,103.5,0.1484,120.3,0.3937,0.5176,1.533,0,0,0,100,16.28,0.2622,403.9,200,1,0,0.3309,1,1,1,1,1,1,1,4,4,-1,[ OK ]
4547.8,4/13/2026 9:23:08 PM,7075,103.5,0.1485,120.1,0.3937,0.5176,1.532,0,0,0,100,16.28,0.2596,404,200,1,0,0.3508,1,1,1,1,1,1,1,4,4,-1,[ OK ]
4548.6,4/13/2026 9:23:08 PM,7076,103.5,0.1487,119.6,0.4035,0.5183,1.524,0,0,0,100,16.28,0.2614,403.9,200,1,0,0.3362,1,1,1,1,1,1,1,4,4,-1,[ OK ]
4549.3,4/13/2026 9:23:09 PM,7076,103.5,0.1486,119.7,0.3918,0.5176,1.531,0,0,0,100,16.28,0.2616,404.3,200,1,0,0.3513,1,1,1,1,1,1,1,4,4,-1,[ OK ]
4550.0,4/13/2026 9:23:10 PM,7077,103.5,0.1486,119.8,0.3918,0.5177,1.53,0,0,0,100,16.28,0.2593,403.9,200,1,0,0.3433,1,1,1,1,1,1,1,4,4,-1,[ OK ]
4550.7,4/13/2026 9:23:11 PM,7078,103.5,0.1486,119.8,0.392,0.5186,1.52,0,0,0,100,16.28,0.2604,404.2,200,1,0,0.3409,1,1,1,1,1,1,1,4,4,-1,[ OK ]
4551.4,4/13/2026 9:23:11 PM,7079,103.5,0.1487,119.5,0.3948,0.5181,1.527,0,0,0,100,16.28,0.2604,403.9,200,1,0,0.3486,1,1,1,1,1,1,1,4,4,-1,[ OK ]
4552.2,4/13/2026 9:23:12 PM,7079,103.5,0.1485,120.1,0.3999,0.5177,1.531,0,0,0,100,16.28,0.261,404,200,1,0,0.3421,1,1,1,1,1,1,1,4,4,-1,[ OK ]
4552.9,4/13/2026 9:23:13 PM,7080,103.5,0.1486,119.7,0.3918,0.5176,1.532,0,0,0,100,16.28,0.2617,404.1,200,1,0,0.3518,1,1,1,1,1,1,1,4,4,-1,[ OK ]
4553.6,4/13/2026 9:23:13 PM,7081,103.5,0.1484,120.7,0.3934,0.5176,1.532,0,0,0,100,16.28,0.263,404.1,200,1,0,0.3368,1,1,1,1,1,1,1,4,4,-1,[ OK ]
4554.3,4/13/2026 9:23:14 PM,7082,103.5,0.1485,120.4,0.3992,0.5177,1.531,0,0,0,100,16.28,0.2598,403.8,200,1,0,0.3376,1,1,1,1,1,1,1,4,4,-1,[ OK ]
4555.1,4/13/2026 9:23:15 PM,7082,103.5,0.1485,120.1,0.3922,0.5179,1.529,0,0,0,100,16.28,0.2617,403.8,200,1,0,0.3367,1,1,1,1,1,1,1,4,4,-1,[ OK ]
4555.6,4/13/2026 9:23:15 PM,7083,103.5,0.1485,120.3,0.3954,0.5174,1.534,0,0,0,100,16.28,0.2611,403.9,200,1,0,0.3406,1,1,1,1,1,1,1,4,4,-1,[ OK ]
4556.3,4/13/2026 9:23:16 PM,7084,103.5,0.1486,119.9,0.3918,0.5178,1.53,0,0,0,100,16.28,0.258,404.1,200,1,0,0.3506,1,1,1,1,1,1,1,4,4,-1,[ OK ]
4556.9,4/13/2026 9:23:17 PM,7084,103.5,0.1486,119.9,0.3947,0.5185,1.521,0,0,0,100,16.28,0.2602,403.9,200,1,0,0.3467,1,1,1,1,1,1,1,4,4,-1,[ OK ]
4557.6,4/13/2026 9:23:17 PM,7085,103.5,0.1487,119.7,0.4013,0.5185,1.521,0,0,0,100,16.28,0.2603,404.1,200,1,0,0.3474,1,1,1,1,1,1,1,4,4,-1,[ OK ]
4558.4,4/13/2026 9:23:18 PM,7086,103.5,0.1486,119.8,0.3918,0.5185,1.521,0,0,0,100,16.28,0.2591,403.9,200,1,0,0.3402,1,1,1,1,1,1,1,4,4,-1,[ OK ]
4559.1,4/13/2026 9:23:19 PM,7086,103.5,0.1488,119.4,0.3934,0.5179,1.528,0,0,0,100,16.28,0.2604,403.9,200,1,0,0.3393,1,1,1,1,1,1,1,4,4,-1,[ OK ]
4559.9,4/13/2026 9:23:20 PM,7087,103.5,0.1486,119.9,0.3966,0.5179,1.528,0,0,0,100,16.28,0.2579,403.9,200,1,0,0.3457,1,1,1,1,1,1,1,4,4,-1,[ OK ]
4560.7,4/13/2026 9:23:20 PM,7088,103.5,0.1485,120.1,0.3989,0.5183,1.524,0,0,0,100,16.28,0.2606,403.9,200,1,0,0.335,1,1,1,1,1,1,1,4,4,-1,[ OK ]
4561.5,4/13/2026 9:23:21 PM,7089,103.5,0.1485,120.2,0.3938,0.518,1.527,0,0,0,100,16.28,0.2596,404.2,200,1,0,0.354,1,1,1,1,1,1,1,4,4,-1,[ OK ]
4562.2,4/13/2026 9:23:22 PM,7089,103.5,0.1486,119.8,0.4002,0.518,1.527,0,0,0,100,16.28,0.2598,403.8,200,1,0,0.3458,1,1,1,1,1,1,1,4,4,-1,[ OK ]
4562.8,4/13/2026 9:23:23 PM,7090,103.5,0.1485,120.2,0.3992,0.5177,1.53,0,0,0,100,16.28,0.2578,404.2,200,1,0,0.3571,1,1,1,1,1,1,1,4,4,-1,[ OK ]
4563.6,4/13/2026 9:23:23 PM,7091,103.5,0.1486,119.8,0.3982,0.5179,1.527,0,0,0,100,16.28,0.2593,403.9,200,1,0,0.3382,1,1,1,1,1,1,1,4,4,-1,[ OK ]
4564.3,4/13/2026 9:23:24 PM,7091,103.5,0.1486,119.7,0.3918,0.5177,1.53,0,0,0,100,16.28,0.2576,403.9,200,1,0,0.345,1,1,1,1,1,1,1,4,4,-1,[ OK ]
4565.1,4/13/2026 9:23:25 PM,7092,103.5,0.1486,119.7,0.3918,0.5176,1.531,0,0,0,100,16.28,0.2575,404.1,200,1,0,0.3537,1,1,1,1,1,1,1,4,4,-1,[ OK ]
4565.8,4/13/2026 9:23:26 PM,7093,103.5,0.1486,119.6,0.3971,0.5175,1.532,0,0,0,100,16.28,0.2566,404.3,200,1,0,0.3555,1,1,1,1,1,1,1,4,4,-1,[ OK ]
4566.5,4/13/2026 9:23:26 PM,7094,103.5,0.1486,120,0.3987,0.5182,1.525,0,0,0,100,16.28,0.2584,403.9,200,1,0,0.3498,1,1,1,1,1,1,1,4,4,-1,[ OK ]
4567.3,4/13/2026 9:23:27 PM,7094,103.5,0.1486,119.7,0.402,0.5183,1.524,0,0,0,100,16.28,0.2598,404,200,1,0,0.3528,1,1,1,1,1,1,1,4,4,-1,[ OK ]
4568.0,4/13/2026 9:23:28 PM,7095,103.5,0.1487,119.5,0.3964,0.5171,1.537,0,0,0,100,16.28,0.2571,404.1,200,1,0,0.3466,1,1,1,1,1,1,1,4,4,-1,[ OK ]
4568.7,4/13/2026 9:23:29 PM,7096,103.5,0.1487,119.6,0.4011,0.5183,1.525,0,0,0,100,16.28,0.2594,404.1,200,1,0,0.3516,1,1,1,1,1,1,1,4,4,-1,[ OK ]
4569.3,4/13/2026 9:23:29 PM,7097,103.5,0.1486,120,0.3959,0.5185,1.522,0,0,0,100,16.28,0.2594,404,200,1,0,0.3496,1,1,1,1,1,1,1,4,4,-1,[ OK ]
4570.1,4/13/2026 9:23:30 PM,7097,103.5,0.1485,120.2,0.3939,0.5177,1.531,0,0,0,100,16.28,0.2577,404,200,1,0,0.3553,1,1,1,1,1,1,1,4,4,-1,[ OK ]
4570.8,4/13/2026 9:23:31 PM,7098,103.5,0.1484,120.7,0.3965,0.5178,1.531,0,0,0,100,16.28,0.2602,404.2,200,1,0,0.3372,1,1,1,1,1,1,1,4,4,-1,[ OK ]
4571.5,4/13/2026 9:23:31 PM,7099,103.5,0.1486,120.1,0.3946,0.5188,1.519,0,0,0,100,16.28,0.2581,404,200,1,0,0.3492,1,1,1,1,1,1,1,4,4,-1,[ OK ]
4572.2,4/13/2026 9:23:32 PM,7099,103.5,0.1486,120.1,0.4021,0.5175,1.532,0,0,0,100,16.28,0.2611,403.9,200,1,0,0.3518,1,1,1,1,1,1,1,4,4,-1,[ OK ]
4573.0,4/13/2026 9:23:33 PM,7100,103.5,0.1487,119.6,0.3941,0.5182,1.525,0,0,0,100,16.28,0.2584,403.9,200,1,0,0.3487,1,1,1,1,1,1,1,4,4,-1,[ OK ]
4573.8,4/13/2026 9:23:34 PM,7101,103.5,0.1486,119.9,0.3946,0.5176,1.531,0,0,0,100,16.28,0.258,404.2,200,1,0,0.3464,1,1,1,1,1,1,1,4,4,-1,[ OK ]
4574.6,4/13/2026 9:23:34 PM,7102,103.5,0.1483,120.9,0.3942,0.5184,1.523,0,0,0,100,16.28,0.2586,404.2,200,1,0,0.3484,1,1,1,1,1,1,1,4,4,-1,[ OK ]
4575.4,4/13/2026 9:23:35 PM,7103,103.5,0.1487,119.7,0.3931,0.5176,1.532,0,0,0,100,16.28,0.2546,403.9,200,1,0,0.3503,1,1,1,1,1,1,1,4,4,-1,[ OK ]
4576.2,4/13/2026 9:23:36 PM,7103,103.5,0.1487,119.9,0.3961,0.5182,1.525,0,0,0,100,16.28,0.2549,404.2,200,1,0,0.3604,1,1,1,1,1,1,1,4,4,-1,[ OK ]
4576.9,4/13/2026 9:23:37 PM,7104,103.5,0.1489,119.4,0.4001,0.5175,1.533,0,0,0,100,16.28,0.2557,403.8,200,1,0,0.3528,1,1,1,1,1,1,1,4,4,-1,[ OK ]
4577.6,4/13/2026 9:23:37 PM,7105,103.5,0.1486,120.4,0.396,0.5173,1.535,0,0,0,100,16.28,0.2549,404.1,200,1,0,0.3645,1,1,1,1,1,1,1,4,4,-1,[ OK ]
4578.4,4/13/2026 9:23:38 PM,7106,103.5,0.1484,120.8,0.3957,0.5178,1.529,0,0,0,100,16.28,0.2567,403.9,200,1,0,0.3553,1,1,1,1,1,1,1,4,4,-1,[ OK ]
4579.1,4/13/2026 9:23:39 PM,7106,103.5,0.1486,120.1,0.3965,0.5176,1.531,0,0,0,100,16.28,0.2563,404,200,1,0,0.3486,1,1,1,1,1,1,1,4,4,-1,[ OK ]
4579.8,4/13/2026 9:23:40 PM,7107,103.5,0.1487,119.8,0.3978,0.5178,1.529,0,0,0,100,16.28,0.2554,403.8,200,1,0,0.3481,1,1,1,1,1,1,1,4,4,-1,[ OK ]
4580.5,4/13/2026 9:23:40 PM,7108,103.5,0.1485,120.3,0.3998,0.5174,1.533,0,0,0,100,16.28,0.2568,403.8,200,1,0,0.3523,1,1,1,1,1,1,1,4,4,-1,[ OK ]
4581.2,4/13/2026 9:23:41 PM,7108,103.5,0.1487,119.7,0.3989,0.5175,1.533,0,0,0,100,16.28,0.2569,404.3,200,1,0,0.3675,1,1,1,1,1,1,1,4,4,-1,[ OK ]
4582.0,4/13/2026 9:23:42 PM,7109,103.5,0.1485,120.2,0.3931,0.5179,1.528,0,0,0,100,16.28,0.2553,404.2,200,1,0,0.3614,1,1,1,1,1,1,1,4,4,-1,[ OK ]
4582.7,4/13/2026 9:23:42 PM,7110,103.5,0.1485,120.2,0.3965,0.5178,1.53,0,0,0,100,16.28,0.2564,404.2,200,1,0,0.3541,1,1,1,1,1,1,1,4,4,-1,[ OK ]
4583.4,4/13/2026 9:23:43 PM,7111,103.5,0.1484,120.6,0.3949,0.5175,1.534,0,0,0,100,16.28,0.2572,403.9,200,1,0,0.3493,1,1,1,1,1,1,1,4,4,-1,[ OK ]
4584.1,4/13/2026 9:23:44 PM,7111,103.5,0.1483,121,0.3918,0.5178,1.529,0,0,0,100,16.28,0.2559,404.2,200,1,0,0.3559,1,1,1,1,1,1,1,4,4,-1,[ OK ]
4584.9,4/13/2026 9:23:45 PM,7112,103.5,0.1486,119.9,0.3941,0.5183,1.523,0,0,0,100,16.28,0.2584,404.1,200,1,0,0.3406,1,1,1,1,1,1,1,4,4,-1,[ OK ]
4585.8,4/13/2026 9:23:46 PM,7113,103.5,0.1486,119.7,0.3918,0.5184,1.522,0,0,0,100,16.28,0.2585,403.8,200,1,0,0.3555,1,1,1,1,1,1,1,4,4,-1,[ OK ]
4586.5,4/13/2026 9:23:46 PM,7114,103.5,0.1486,120,0.4014,0.5183,1.523,0,0,0,100,16.28,0.259,404.3,200,1,0,0.3525,1,1,1,1,1,1,1,4,4,-1,[ OK ]
4587.2,4/13/2026 9:23:47 PM,7114,103.5,0.1484,120.5,0.3994,0.5182,1.524,0,0,0,100,16.28,0.2564,404.1,200,1,0,0.3541,1,1,1,1,1,1,1,4,4,-1,[ OK ]
4588.1,4/13/2026 9:23:48 PM,7115,103.5,0.1486,120,0.3923,0.5175,1.533,0,0,0,100,16.28,0.2554,403.9,200,1,0,0.3656,1,1,1,1,1,1,1,4,4,-1,[ OK ]
4588.8,4/13/2026 9:23:49 PM,7116,103.5,0.1488,119.3,0.4005,0.5184,1.523,0,0,0,100,16.28,0.2606,403.9,200,1,0,0.3484,1,1,1,1,1,1,1,4,4,-1,[ OK ]
4589.5,4/13/2026 9:23:49 PM,7117,103.5,0.1485,120.1,0.4016,0.5186,1.521,0,0,0,100,16.28,0.2555,403.8,200,1,0,0.3536,1,1,1,1,1,1,1,4,4,-1,[ OK ]
4590.2,4/13/2026 9:23:50 PM,7117,103.5,0.1486,120,0.4005,0.5182,1.525,0,0,0,100,16.28,0.2559,403.9,200,1,0,0.3533,1,1,1,1,1,1,1,4,4,-1,[ OK ]
4590.9,4/13/2026 9:23:51 PM,7118,103.5,0.1487,119.7,0.3946,0.5171,1.537,0,0,0,100,16.28,0.2544,403.9,200,1,0,0.3514,1,1,1,1,1,1,1,4,4,-1,[ OK ]
4591.7,4/13/2026 9:23:51 PM,7119,103.5,0.1487,119.8,0.4027,0.5177,1.532,0,0,0,100,16.28,0.255,404,200,1,0,0.359,1,1,1,1,1,1,1,4,4,-1,[ OK ]
4592.4,4/13/2026 9:23:52 PM,7120,103.5,0.1487,120,0.4041,0.5184,1.524,0,0,0,100,16.28,0.2553,403.9,200,1,0,0.3581,1,1,1,1,1,1,1,4,4,-1,[ OK ]
4593.2,4/13/2026 9:23:53 PM,7120,103.5,0.1483,121.2,0.4023,0.5176,1.533,0,0,0,100,16.28,0.2565,403.9,200,1,0,0.3556,1,1,1,1,1,1,1,4,4,-1,[ OK ]
4594.0,4/13/2026 9:23:54 PM,7121,103.5,0.1485,120.4,0.4029,0.5181,1.526,0,0,0,100,16.28,0.2542,404,200,1,0,0.3597,1,1,1,1,1,1,1,4,4,-1,[ OK ]
4595.0,4/13/2026 9:23:55 PM,7122,103.5,0.1488,119.6,0.402,0.5178,1.53,0,0,0,100,16.28,0.2542,403.8,200,1,0,0.3526,1,1,1,1,1,1,1,4,4,-1,[ OK ]
4595.6,4/13/2026 9:23:55 PM,7123,103.5,0.1486,120.1,0.3936,0.5181,1.526,0,0,0,100,16.28,0.254,404.2,200,1,0,0.3569,1,1,1,1,1,1,1,4,4,-1,[ OK ]
4596.1,4/13/2026 9:23:56 PM,7123,103.5,0.1485,120.6,0.4,0.5186,1.521,0,0,0,100,16.28,0.2538,404.2,200,1,0,0.3585,1,1,1,1,1,1,1,4,4,-1,[ OK ]
4596.6,4/13/2026 9:23:56 PM,7124,103.5,0.1488,119.5,0.4005,0.5176,1.531,0,0,0,100,16.28,0.2552,403.9,200,1,0,0.3622,1,1,1,1,1,1,1,4,4,-1,[ OK ]
4597.2,4/13/2026 9:23:57 PM,7124,103.5,0.1485,120.2,0.4042,0.5175,1.532,0,0,0,100,16.28,0.2565,404,200,1,0,0.3562,1,1,1,1,1,1,1,4,4,-1,[ OK ]
4597.9,4/13/2026 9:23:58 PM,7125,103.5,0.1486,119.8,0.3965,0.5177,1.53,0,0,0,100,16.28,0.2563,403.9,200,1,0,0.3605,1,1,1,1,1,1,1,4,4,-1,[ OK ]
4598.6,4/13/2026 9:23:58 PM,7126,103.5,0.1485,120.4,0.3952,0.5186,1.52,0,0,0,100,16.28,0.2553,403.9,200,1,0,0.3683,1,1,1,1,1,1,1,4,4,-1,[ OK ]
4599.3,4/13/2026 9:23:59 PM,7127,103.5,0.1487,119.8,0.3927,0.5184,1.523,0,0,0,100,16.28,0.2554,404.2,200,1,0,0.3492,1,1,1,1,1,1,1,4,4,-1,[ OK ]
4600.0,4/13/2026 9:24:00 PM,7127,103.5,0.1487,119.7,0.4021,0.5176,1.531,0,0,0,100,16.28,0.2578,403.8,200,1,0,0.3436,1,1,1,1,1,1,1,4,4,-1,[ OK ]
4600.9,4/13/2026 9:24:01 PM,7128,103.5,0.1487,119.7,0.3996,0.5175,1.532,0,0,0,100,16.28,0.2568,404,200,1,0,0.3566,1,1,1,1,1,1,1,4,4,-1,[ OK ]
4601.6,4/13/2026 9:24:01 PM,7129,103.5,0.1486,120.1,0.3924,0.5184,1.523,0,0,0,100,16.28,0.2561,404.1,200,1,0,0.3559,1,1,1,1,1,1,1,4,4,-1,[ OK ]
4602.3,4/13/2026 9:24:02 PM,7130,103.5,0.1487,119.8,0.3966,0.5184,1.524,0,0,0,100,16.28,0.2581,404,200,1,0,0.3473,1,1,1,1,1,1,1,4,4,-1,[ OK ]
4603.0,4/13/2026 9:24:03 PM,7130,103.5,0.1485,120.4,0.3961,0.5179,1.529,0,0,0,100,16.28,0.2593,404,200,1,0,0.3493,1,1,1,1,1,1,1,4,4,-1,[ OK ]
4603.8,4/13/2026 9:24:04 PM,7131,103.5,0.1488,119.7,0.3918,0.518,1.528,0,0,0,100,16.28,0.2573,403.8,200,1,0,0.3496,1,1,1,1,1,1,1,4,4,-1,[ OK ]
4604.5,4/13/2026 9:24:04 PM,7132,103.5,0.1486,120.1,0.3963,0.5185,1.523,0,0,0,100,16.28,0.2576,404.1,200,1,0,0.345,1,1,1,1,1,1,1,4,4,-1,[ OK ]
4605.2,4/13/2026 9:24:05 PM,7132,103.5,0.1487,119.9,0.3956,0.5175,1.534,0,0,0,100,16.28,0.2554,404.3,200,1,0,0.3543,1,1,1,1,1,1,1,4,4,-1,[ OK ]
4606.0,4/13/2026 9:24:06 PM,7133,103.5,0.1487,120,0.3952,0.5181,1.528,0,0,0,100,16.28,0.2572,404.2,200,1,0,0.3511,1,1,1,1,1,1,1,4,4,-1,[ OK ]
4606.9,4/13/2026 9:24:07 PM,7134,103.5,0.1486,120.4,0.3956,0.5185,1.524,0,0,0,100,16.28,0.255,403.9,200,1,0,0.3511,1,1,1,1,1,1,1,4,4,-1,[ OK ]
4607.6,4/13/2026 9:24:07 PM,7135,103.5,0.1489,119.6,0.3951,0.5176,1.534,0,0,0,100,16.28,0.2564,404.3,200,1,0,0.3603,1,1,1,1,1,1,1,4,4,-1,[ OK ]
4608.4,4/13/2026 9:24:08 PM,7136,103.5,0.1487,120.1,0.3983,0.5182,1.526,0,0,0,100,16.28,0.2571,404.2,200,1,0,0.367,1,1,1,1,1,1,1,4,4,-1,[ OK ]
4609.0,4/13/2026 9:24:09 PM,7136,103.5,0.1488,119.8,0.4036,0.5182,1.526,0,0,0,100,16.28,0.2581,403.9,200,1,0,0.3601,1,1,1,1,1,1,1,4,4,-1,[ OK ]
4609.7,4/13/2026 9:24:09 PM,7137,103.5,0.1487,120.2,0.4013,0.5178,1.531,0,0,0,100,16.28,0.2581,404.2,200,1,0,0.3628,1,1,1,1,1,1,1,4,4,-1,[ OK ]
4610.3,4/13/2026 9:24:10 PM,7138,103.5,0.1487,120.1,0.4033,0.5177,1.532,0,0,0,100,16.28,0.2549,403.8,200,1,0,0.3567,1,1,1,1,1,1,1,4,4,-1,[ OK ]
4610.9,4/13/2026 9:24:11 PM,7138,103.5,0.1488,119.8,0.4022,0.5184,1.525,0,0,0,100,16.28,0.2556,403.9,200,1,0,0.36,1,1,1,1,1,1,1,4,4,-1,[ OK ]
4611.5,4/13/2026 9:24:11 PM,7139,103.6,0.1486,120.1,0.3952,0.5176,1.534,0,0,0,100,16.28,0.2581,404,200,1,0,0.3452,1,1,1,1,1,1,1,4,4,-1,[ OK ]
4612.2,4/13/2026 9:24:12 PM,7139,103.6,0.1488,119.9,0.4014,0.518,1.529,0,0,0,100,16.28,0.2561,404.2,200,1,0,0.3612,1,1,1,1,1,1,1,4,4,-1,[ OK ]
4613.0,4/13/2026 9:24:13 PM,7140,103.6,0.1488,119.9,0.4014,0.5185,1.523,0,0,0,100,16.28,0.2582,403.9,200,1,0,0.3576,1,1,1,1,1,1,1,4,4,-1,[ OK ]
4613.7,4/13/2026 9:24:13 PM,7141,103.6,0.1486,120.3,0.3994,0.5185,1.522,0,0,0,100,16.28,0.2581,404,200,1,0,0.3574,1,1,1,1,1,1,1,4,4,-1,[ OK ]
4614.4,4/13/2026 9:24:14 PM,7142,103.6,0.1488,119.7,0.4051,0.5184,1.523,0,0,0,100,16.28,0.2584,404,200,1,0,0.3534,1,1,1,1,1,1,1,4,4,-1,[ OK ]
4615.1,4/13/2026 9:24:15 PM,7142,103.6,0.1487,120.2,0.3987,0.5183,1.524,0,0,0,100,16.28,0.2602,404.2,200,1,0,0.3499,1,1,1,1,1,1,1,4,4,-1,[ OK ]
4615.9,4/13/2026 9:24:16 PM,7143,103.6,0.149,119.1,0.3961,0.5186,1.521,0,0,0,100,16.28,0.2591,404.1,200,1,0,0.339,1,1,1,1,1,1,1,4,4,-1,[ OK ]
4616.6,4/13/2026 9:24:16 PM,7144,103.6,0.1488,119.9,0.4019,0.5182,1.525,0,0,0,100,16.28,0.2575,403.8,200,1,0,0.3509,1,1,1,1,1,1,1,4,4,-1,[ OK ]
4617.3,4/13/2026 9:24:17 PM,7145,103.6,0.149,119.4,0.4009,0.5185,1.522,0,0,0,100,16.28,0.2595,404.1,200,1,0,0.3376,1,1,1,1,1,1,1,4,4,-1,[ OK ]
4618.0,4/13/2026 9:24:18 PM,7145,103.6,0.1487,120.1,0.3961,0.5186,1.521,0,0,0,100,16.28,0.2581,404.2,200,1,0,0.3432,1,1,1,1,1,1,1,4,4,-1,[ OK ]
4618.8,4/13/2026 9:24:19 PM,7146,103.6,0.1487,120.2,0.3947,0.5179,1.529,0,0,0,100,16.28,0.2559,404,200,1,0,0.3545,1,1,1,1,1,1,1,4,4,-1,[ OK ]
4619.5,4/13/2026 9:24:19 PM,7147,103.6,0.1486,120.5,0.4001,0.5184,1.524,0,0,0,100,16.28,0.255,404.1,200,1,0,0.359,1,1,1,1,1,1,1,4,4,-1,[ OK ]
4620.2,4/13/2026 9:24:20 PM,7147,103.6,0.149,119.1,0.3964,0.518,1.528,0,0,0,100,16.28,0.256,404.2,200,1,0,0.347,1,1,1,1,1,1,1,4,4,-1,[ OK ]
4620.9,4/13/2026 9:24:21 PM,7148,103.6,0.1487,120,0.3965,0.5181,1.528,0,0,0,100,16.28,0.2564,404,200,1,0,0.357,1,1,1,1,1,1,1,4,4,-1,[ OK ]
4621.6,4/13/2026 9:24:21 PM,7149,103.6,0.1489,119.4,0.399,0.5171,1.538,0,0,0,100,16.28,0.2531,404.2,200,1,0,0.3572,1,1,1,1,1,1,1,4,4,-1,[ OK ]
4622.4,4/13/2026 9:24:22 PM,7150,103.6,0.1486,120.3,0.3924,0.5178,1.531,0,0,0,100,16.28,0.2539,403.9,200,1,0,0.3529,1,1,1,1,1,1,1,4,4,-1,[ OK ]
4623.1,4/13/2026 9:24:23 PM,7150,103.6,0.1488,119.6,0.4012,0.5178,1.531,0,0,0,100,16.28,0.2543,404,200,1,0,0.3661,1,1,1,1,1,1,1,4,4,-1,[ OK ]
4623.8,4/13/2026 9:24:24 PM,7151,103.6,0.1487,119.8,0.3937,0.518,1.528,0,0,0,100,16.28,0.2519,404.1,200,1,0,0.3653,1,1,1,1,1,1,1,4,4,-1,[ OK ]
4624.5,4/13/2026 9:24:24 PM,7152,103.6,0.1486,120.4,0.4,0.518,1.528,0,0,0,100,16.28,0.2548,404.2,200,1,0,0.3603,1,1,1,1,1,1,1,4,4,-1,[ OK ]
4625.3,4/13/2026 9:24:25 PM,7152,103.6,0.1487,119.9,0.408,0.5182,1.525,0,0,0,100,16.28,0.2552,403.9,200,1,0,0.3564,1,1,1,1,1,1,1,4,4,-1,[ OK ]
4626.0,4/13/2026 9:24:26 PM,7153,103.6,0.1488,119.7,0.3918,0.5184,1.522,0,0,0,100,16.28,0.2555,404.1,200,1,0,0.353,1,1,1,1,1,1,1,4,4,-1,[ OK ]
4626.8,4/13/2026 9:24:27 PM,7154,103.6,0.1487,120.1,0.4001,0.5177,1.53,0,0,0,100,16.28,0.2548,403.9,200,1,0,0.3606,1,1,1,1,1,1,1,4,4,-1,[ OK ]
4627.5,4/13/2026 9:24:27 PM,7155,103.6,0.1488,119.8,0.3989,0.5176,1.53,0,0,0,100,16.28,0.2552,404.1,200,1,0,0.3496,1,1,1,1,1,1,1,4,4,-1,[ OK ]
4628.3,4/13/2026 9:24:28 PM,7155,103.6,0.1487,120.2,0.4052,0.5177,1.53,0,0,0,100,16.28,0.2581,404.2,200,1,0,0.3442,1,1,1,1,1,1,1,4,4,-1,[ OK ]
4629.0,4/13/2026 9:24:29 PM,7156,103.6,0.1487,120,0.3941,0.5179,1.528,0,0,0,100,16.28,0.2544,403.8,200,1,0,0.3666,1,1,1,1,1,1,1,4,4,-1,[ OK ]
4629.6,4/13/2026 9:24:29 PM,7157,103.6,0.1485,120.9,0.3945,0.5175,1.533,0,0,0,100,16.28,0.2519,404.3,200,1,0,0.3637,1,1,1,1,1,1,1,4,4,-1,[ OK ]
4630.2,4/13/2026 9:24:30 PM,7157,103.6,0.1487,120,0.3935,0.5184,1.523,0,0,0,100,16.28,0.2527,404.1,200,1,0,0.3625,1,1,1,1,1,1,1,4,4,-1,[ OK ]
4630.9,4/13/2026 9:24:31 PM,7158,103.6,0.1487,120.2,0.3938,0.5175,1.533,0,0,0,100,16.28,0.2529,403.8,200,1,0,0.3571,1,1,1,1,1,1,1,4,4,-1,[ OK ]
4631.7,4/13/2026 9:24:31 PM,7159,103.6,0.1484,121.2,0.3935,0.5182,1.524,0,0,0,100,16.28,0.2538,404.2,200,1,0,0.3536,1,1,1,1,1,1,1,4,4,-1,[ OK ]
4632.4,4/13/2026 9:24:32 PM,7160,103.6,0.1487,120,0.3973,0.5177,1.53,0,0,0,100,16.28,0.2539,403.9,200,1,0,0.36,1,1,1,1,1,1,1,4,4,-1,[ OK ]
4633.1,4/13/2026 9:24:33 PM,7160,103.6,0.1487,120.1,0.4011,0.518,1.526,0,0,0,100,16.28,0.2542,404.2,200,1,0,0.3514,1,1,1,1,1,1,1,4,4,-1,[ OK ]
4633.8,4/13/2026 9:24:34 PM,7161,103.6,0.1487,119.9,0.3939,0.5179,1.527,0,0,0,100,16.28,0.2541,404.1,200,1,0,0.3602,1,1,1,1,1,1,1,4,4,-1,[ OK ]
4634.5,4/13/2026 9:24:34 PM,7162,103.6,0.1487,120,0.3918,0.5174,1.532,0,0,0,100,16.28,0.2535,404.2,200,1,0,0.3683,1,1,1,1,1,1,1,4,4,-1,[ OK ]
4635.1,4/13/2026 9:24:35 PM,7162,103.6,0.1487,120,0.3975,0.5178,1.53,0,0,0,100,16.28,0.2516,404,200,1,0,0.3579,1,1,1,1,1,1,1,4,4,-1,[ OK ]
4635.8,4/13/2026 9:24:36 PM,7163,103.6,0.1488,119.6,0.3959,0.5183,1.524,0,0,0,100,16.28,0.2538,404,200,1,0,0.353,1,1,1,1,1,1,1,4,4,-1,[ OK ]
4636.4,4/13/2026 9:24:36 PM,7164,103.6,0.1486,120.2,0.3956,0.5179,1.529,0,0,0,100,16.28,0.2533,404.1,200,1,0,0.3675,1,1,1,1,1,1,1,4,4,-1,[ OK ]
4637.1,4/13/2026 9:24:37 PM,7164,103.6,0.1487,120.2,0.395,0.5177,1.531,0,0,0,100,16.28,0.2564,404.3,200,1,0,0.3625,1,1,1,1,1,1,1,4,4,-1,[ OK ]
4637.9,4/13/2026 9:24:38 PM,7165,103.6,0.1487,120.1,0.4032,0.5186,1.521,0,0,0,100,16.28,0.2539,404.2,200,1,0,0.3606,1,1,1,1,1,1,1,4,4,-1,[ OK ]
4638.6,4/13/2026 9:24:38 PM,7166,103.6,0.1489,119.6,0.3998,0.518,1.527,0,0,0,100,16.28,0.2526,403.9,200,1,0,0.363,1,1,1,1,1,1,1,4,4,-1,[ OK ]
4639.3,4/13/2026 9:24:39 PM,7167,103.6,0.1488,119.7,0.3934,0.5176,1.531,0,0,0,100,16.28,0.2523,404.2,200,1,0,0.3642,1,1,1,1,1,1,1,4,4,-1,[ OK ]
4640.2,4/13/2026 9:24:40 PM,7167,103.6,0.1487,120.1,0.4024,0.517,1.537,0,0,0,100,16.28,0.252,404,200,1,0,0.3568,1,1,1,1,1,1,1,4,4,-1,[ OK ]
4640.9,4/13/2026 9:24:41 PM,7168,103.6,0.1488,119.9,0.3969,0.5182,1.524,0,0,0,100,16.28,0.2517,404.1,200,1,0,0.365,1,1,1,1,1,1,1,4,4,-1,[ OK ]
4641.6,4/13/2026 9:24:41 PM,7169,103.6,0.1487,120.1,0.3977,0.5181,1.525,0,0,0,100,16.28,0.2507,403.9,200,1,0,0.3692,1,1,1,1,1,1,1,4,4,-1,[ OK ]
4642.3,4/13/2026 9:24:42 PM,7170,103.6,0.1489,119.4,0.4001,0.5183,1.522,0,0,0,100,16.28,0.2522,403.9,200,1,0,0.3575,1,1,1,1,1,1,1,4,4,-1,[ OK ]
4643.0,4/13/2026 9:24:43 PM,7170,103.6,0.1487,119.9,0.3982,0.5183,1.522,0,0,0,100,16.28,0.2523,403.9,200,1,0,0.362,1,1,1,1,1,1,1,4,4,-1,[ OK ]
4643.7,4/13/2026 9:24:43 PM,7171,103.6,0.1486,120.1,0.3993,0.5175,1.53,0,0,0,100,16.28,0.2505,404.3,200,1,0,0.3606,1,1,1,1,1,1,1,4,4,-1,[ OK ]
4644.4,4/13/2026 9:24:44 PM,7172,103.6,0.1488,119.7,0.4007,0.5176,1.529,0,0,0,100,16.28,0.2525,404.1,200,1,0,0.3658,1,1,1,1,1,1,1,4,4,-1,[ OK ]
4645.1,4/13/2026 9:24:45 PM,7172,103.6,0.1488,119.6,0.4013,0.5178,1.527,0,0,0,100,16.28,0.2527,404.1,200,1,0,0.3645,1,1,1,1,1,1,1,4,4,-1,[ OK ]
4645.7,4/13/2026 9:24:46 PM,7173,103.6,0.1487,119.8,0.3923,0.5175,1.532,0,0,0,100,16.28,0.2529,404.2,200,1,0,0.3705,1,1,1,1,1,1,1,4,4,-1,[ OK ]
4646.3,4/13/2026 9:24:46 PM,7173,103.6,0.1484,120.8,0.3963,0.5177,1.53,0,0,0,100,16.28,0.2508,404.2,200,1,0,0.3714,1,1,1,1,1,1,1,4,4,-1,[ OK ]
4647.0,4/13/2026 9:24:47 PM,7174,103.6,0.1486,120.1,0.4017,0.518,1.528,0,0,0,100,16.28,0.2521,404.2,200,1,0,0.3704,1,1,1,1,1,1,1,4,4,-1,[ OK ]
4647.6,4/13/2026 9:24:47 PM,7175,103.6,0.1487,119.7,0.3963,0.5185,1.523,0,0,0,100,16.28,0.2537,404.1,200,1,0,0.3636,1,1,1,1,1,1,1,4,4,-1,[ OK ]
4648.3,4/13/2026 9:24:48 PM,7176,103.6,0.1486,120,0.3926,0.5181,1.526,0,0,0,100,16.28,0.2545,403.9,200,1,0,0.3632,1,1,1,1,1,1,1,4,4,-1,[ OK ]
4649.1,4/13/2026 9:24:49 PM,7176,103.6,0.1486,120.1,0.3966,0.5181,1.525,0,0,0,100,16.28,0.2552,403.9,200,1,0,0.3638,1,1,1,1,1,1,1,4,4,-1,[ OK ]
4649.8,4/13/2026 9:24:50 PM,7177,103.6,0.1489,119.4,0.3976,0.518,1.527,0,0,0,100,16.28,0.2556,404,200,1,0,0.3589,1,1,1,1,1,1,1,4,4,-1,[ OK ]
4650.5,4/13/2026 9:24:50 PM,7178,103.6,0.1487,120,0.3918,0.5179,1.528,0,0,0,100,16.28,0.2551,404.2,200,1,0,0.357,1,1,1,1,1,1,1,4,4,-1,[ OK ]
4651.2,4/13/2026 9:24:51 PM,7178,103.6,0.1487,119.9,0.396,0.5175,1.532,0,0,0,100,16.28,0.2548,404,200,1,0,0.3506,1,1,1,1,1,1,1,4,4,-1,[ OK ]
4651.8,4/13/2026 9:24:52 PM,7179,103.6,0.1487,120,0.402,0.5174,1.533,0,0,0,100,16.28,0.2567,403.8,200,1,0,0.3449,1,1,1,1,1,1,1,4,4,-1,[ OK ]
4652.6,4/13/2026 9:24:52 PM,7180,103.6,0.1487,119.9,0.4061,0.5179,1.527,0,0,0,100,16.28,0.2552,404,200,1,0,0.3509,1,1,1,1,1,1,1,4,4,-1,[ OK ]
4653.3,4/13/2026 9:24:53 PM,7181,103.6,0.1488,119.5,0.402,0.5179,1.527,0,0,0,100,16.28,0.2538,403.9,200,1,0,0.3522,1,1,1,1,1,1,1,4,4,-1,[ OK ]
4654.0,4/13/2026 9:24:54 PM,7181,103.6,0.1487,120,0.3949,0.5171,1.537,0,0,0,100,16.28,0.254,403.9,200,1,0,0.372,1,1,1,1,1,1,1,4,4,-1,[ OK ]
4654.5,4/13/2026 9:24:54 PM,7182,103.6,0.1487,119.8,0.3981,0.518,1.527,0,0,0,100,16.28,0.2551,404.1,200,1,0,0.3592,1,1,1,1,1,1,1,4,4,-1,[ OK ]
4655.2,4/13/2026 9:24:55 PM,7182,103.6,0.1488,119.6,0.3932,0.5176,1.531,0,0,0,100,16.28,0.2549,404,200,1,0,0.3495,1,1,1,1,1,1,1,4,4,-1,[ OK ]
4656.0,4/13/2026 9:24:56 PM,7183,103.6,0.1487,119.9,0.3918,0.5184,1.522,0,0,0,100,16.28,0.254,404.2,200,1,0,0.3517,1,1,1,1,1,1,1,4,4,-1,[ OK ]
4656.7,4/13/2026 9:24:57 PM,7184,103.6,0.1488,119.7,0.3918,0.5182,1.524,0,0,0,100,16.28,0.2533,404.3,200,1,0,0.3615,1,1,1,1,1,1,1,4,4,-1,[ OK ]
4657.6,4/13/2026 9:24:57 PM,7185,103.6,0.1486,120.1,0.3918,0.5176,1.531,0,0,0,100,16.28,0.2528,403.9,200,1,0,0.3589,1,1,1,1,1,1,1,4,4,-1,[ OK ]
4658.3,4/13/2026 9:24:58 PM,7186,103.6,0.1488,119.7,0.393,0.5185,1.521,0,0,0,100,16.28,0.2567,404.1,200,1,0,0.3534,1,1,1,1,1,1,1,4,4,-1,[ OK ]
4659.2,4/13/2026 9:24:59 PM,7186,103.6,0.1487,120,0.3994,0.5187,1.519,0,0,0,100,16.28,0.2538,403.9,200,1,0,0.3577,1,1,1,1,1,1,1,4,4,-1,[ OK ]
4659.9,4/13/2026 9:25:00 PM,7187,103.6,0.1489,119.4,0.402,0.5171,1.536,0,0,0,100,16.28,0.2534,404.3,200,1,0,0.3709,1,1,1,1,1,1,1,4,4,-1,[ OK ]
4660.6,4/13/2026 9:25:00 PM,7188,103.6,0.1486,120.4,0.3928,0.5176,1.531,0,0,0,100,16.28,0.2554,403.8,200,1,0,0.3483,1,1,1,1,1,1,1,4,4,-1,[ OK ]
4661.3,4/13/2026 9:25:01 PM,7189,103.6,0.1486,120.6,0.3965,0.5186,1.521,0,0,0,100,16.28,0.2527,403.9,200,1,0,0.3397,1,1,1,1,1,1,1,4,4,-1,[ OK ]
4662.2,4/13/2026 9:25:02 PM,7189,103.6,0.1487,120.1,0.3922,0.5182,1.525,0,0,0,100,16.28,0.2554,403.9,200,1,0,0.3521,1,1,1,1,1,1,1,4,4,-1,[ OK ]
4662.9,4/13/2026 9:25:03 PM,7190,103.6,0.1487,120.1,0.3964,0.5181,1.527,0,0,0,100,16.28,0.2542,404.3,200,1,0,0.3641,1,1,1,1,1,1,1,4,4,-1,[ OK ]
4663.6,4/13/2026 9:25:03 PM,7191,103.6,0.1486,120.4,0.3926,0.5185,1.522,0,0,0,100,16.28,0.2532,404.1,200,1,0,0.3689,1,1,1,1,1,1,1,4,4,-1,[ OK ]
4664.3,4/13/2026 9:25:04 PM,7192,103.6,0.1485,120.8,0.3959,0.518,1.527,0,0,0,100,16.28,0.2558,404.1,200,1,0,0.3663,1,1,1,1,1,1,1,4,4,-1,[ OK ]
4665.1,4/13/2026 9:25:05 PM,7192,103.6,0.1489,119.6,0.3921,0.5176,1.53,0,0,0,100,16.28,0.2546,404.2,200,1,0,0.3518,1,1,1,1,1,1,1,4,4,-1,[ OK ]
4665.8,4/13/2026 9:25:06 PM,7193,103.6,0.1488,119.8,0.3951,0.5172,1.535,0,0,0,100,16.28,0.2559,403.9,200,1,0,0.3546,1,1,1,1,1,1,1,4,4,-1,[ OK ]
4666.5,4/13/2026 9:25:06 PM,7194,103.6,0.1486,120.4,0.3988,0.5174,1.532,0,0,0,100,16.28,0.2559,404.1,200,1,0,0.3504,1,1,1,1,1,1,1,4,4,-1,[ OK ]
4667.2,4/13/2026 9:25:07 PM,7194,103.6,0.1488,119.9,0.3985,0.5187,1.519,0,0,0,100,16.28,0.2546,404.2,200,1,0,0.3607,1,1,1,1,1,1,1,4,4,-1,[ OK ]
4667.9,4/13/2026 9:25:08 PM,7195,103.6,0.1487,120.1,0.3995,0.5176,1.531,0,0,0,100,16.28,0.2552,403.9,200,1,0,0.374,1,1,1,1,1,1,1,4,4,-1,[ OK ]
4668.6,4/13/2026 9:25:08 PM,7196,103.6,0.1488,120,0.3952,0.5183,1.523,0,0,0,100,16.28,0.2526,403.9,200,1,0,0.3714,1,1,1,1,1,1,1,4,4,-1,[ OK ]
4669.3,4/13/2026 9:25:09 PM,7197,103.6,0.1486,120.8,0.3956,0.518,1.526,0,0,0,100,16.28,0.256,403.7,200,1,0,0.3552,1,1,1,1,1,1,1,4,4,-1,[ OK ]
4670.0,4/13/2026 9:25:10 PM,7197,103.6,0.1486,120.5,0.402,0.5176,1.532,0,0,0,100,16.28,0.2562,403.8,200,1,0,0.3475,1,1,1,1,1,1,1,4,4,-1,[ OK ]
4671.3,4/13/2026 9:25:11 PM,7198,103.6,0.1489,119.7,0.4036,0.5181,1.526,0,0,0,100,16.28,0.2554,403.8,200,1,0,0.3571,1,1,1,1,1,1,1,4,4,-1,[ OK ]
4672.2,4/13/2026 9:25:12 PM,7199,103.6,0.149,119.3,0.3989,0.5183,1.525,0,0,0,100,16.28,0.2537,403.9,200,1,0,0.3642,1,1,1,1,1,1,1,4,4,-1,[ OK ]
4672.9,4/13/2026 9:25:13 PM,7200,103.6,0.1487,120.1,0.396,0.5178,1.53,0,0,0,100,16.28,0.2554,404.2,200,1,0,0.3541,1,1,1,1,1,1,1,4,4,-1,[ OK ]
4673.6,4/13/2026 9:25:13 PM,7201,103.6,0.1491,119.1,0.3951,0.518,1.528,0,0,0,100,16.28,0.2532,404.1,200,1,0,0.3743,1,1,1,1,1,1,1,4,4,-1,[ OK ]
4674.4,4/13/2026 9:25:14 PM,7202,103.6,0.1487,120.3,0.4029,0.5177,1.531,0,0,0,100,16.28,0.2568,403.8,200,1,0,0.3641,1,1,1,1,1,1,1,4,4,-1,[ OK ]
4675.1,4/13/2026 9:25:15 PM,7202,103.6,0.1486,120.7,0.3924,0.5183,1.524,0,0,0,100,16.28,0.2557,403.9,200,1,0,0.3595,1,1,1,1,1,1,1,4,4,-1,[ OK ]
4676.0,4/13/2026 9:25:16 PM,7203,103.6,0.1488,120.1,0.3985,0.518,1.528,0,0,0,100,16.28,0.2554,404.3,200,1,0,0.3558,1,1,1,1,1,1,1,4,4,-1,[ OK ]
4676.8,4/13/2026 9:25:17 PM,7204,103.6,0.149,119.4,0.3945,0.518,1.527,0,0,0,100,16.28,0.2545,403.9,200,1,0,0.3396,1,1,1,1,1,1,1,4,4,-1,[ OK ]
4677.6,4/13/2026 9:25:17 PM,7205,103.6,0.1488,119.9,0.395,0.5181,1.526,0,0,0,100,16.28,0.2547,404.1,200,1,0,0.3639,1,1,1,1,1,1,1,4,4,-1,[ OK ]
4678.3,4/13/2026 9:25:18 PM,7206,103.6,0.1488,119.8,0.3934,0.5178,1.53,0,0,0,100,16.28,0.2544,403.9,200,1,0,0.3526,1,1,1,1,1,1,1,4,4,-1,[ OK ]
4679.0,4/13/2026 9:25:19 PM,7206,103.6,0.149,119.2,0.3921,0.5177,1.531,0,0,0,100,16.28,0.2546,403.9,200,1,0,0.3604,1,1,1,1,1,1,1,4,4,-1,[ OK ]
4679.6,4/13/2026 9:25:19 PM,7207,103.6,0.1488,120.1,0.4016,0.5181,1.528,0,0,0,100,16.28,0.2537,404,200,1,0,0.3589,1,1,1,1,1,1,1,4,4,-1,[ OK ]
4680.5,4/13/2026 9:25:20 PM,7208,103.6,0.1489,119.5,0.3948,0.5179,1.529,0,0,0,100,16.28,0.2539,404.1,200,1,0,0.3624,1,1,1,1,1,1,1,4,4,-1,[ OK ]
4681.3,4/13/2026 9:25:21 PM,7209,103.6,0.1488,119.8,0.3958,0.518,1.528,0,0,0,100,16.28,0.2558,404.4,200,1,0,0.3514,1,1,1,1,1,1,1,4,4,-1,[ OK ]
4682.0,4/13/2026 9:25:22 PM,7209,103.6,0.149,119.2,0.3959,0.518,1.527,0,0,0,100,16.28,0.2553,404.3,200,1,0,0.3523,1,1,1,1,1,1,1,4,4,-1,[ OK ]
4682.7,4/13/2026 9:25:23 PM,7210,103.6,0.1486,120.6,0.3928,0.518,1.527,0,0,0,100,16.28,0.2564,404,200,1,0,0.3624,1,1,1,1,1,1,1,4,4,-1,[ OK ]
4683.4,4/13/2026 9:25:23 PM,7211,103.6,0.1486,120.3,0.4029,0.518,1.526,0,0,0,100,16.28,0.2544,404,200,1,0,0.3685,1,1,1,1,1,1,1,4,4,-1,[ OK ]
4684.2,4/13/2026 9:25:24 PM,7211,103.6,0.1487,120.1,0.3982,0.5187,1.519,0,0,0,100,16.28,0.2541,404.2,200,1,0,0.3544,1,1,1,1,1,1,1,4,4,-1,[ OK ]
4685.0,4/13/2026 9:25:25 PM,7212,103.6,0.1487,120.2,0.3935,0.5178,1.529,0,0,0,100,16.28,0.2555,404.1,200,1,0,0.3554,1,1,1,1,1,1,1,4,4,-1,[ OK ]
4685.7,4/13/2026 9:25:26 PM,7213,103.6,0.1485,121,0.3935,0.5176,1.531,0,0,0,100,16.28,0.2532,404.3,200,1,0,0.3594,1,1,1,1,1,1,1,4,4,-1,[ OK ]
4686.5,4/13/2026 9:25:26 PM,7214,103.6,0.1488,119.8,0.3918,0.5176,1.532,0,0,0,100,16.28,0.2536,404.1,200,1,0,0.3624,1,1,1,1,1,1,1,4,4,-1,[ OK ]
4687.2,4/13/2026 9:25:27 PM,7214,103.6,0.1487,120.2,0.3938,0.5178,1.53,0,0,0,100,16.28,0.2527,404.1,200,1,0,0.3691,1,1,1,1,1,1,1,4,4,-1,[ OK ]
4687.9,4/13/2026 9:25:28 PM,7215,103.6,0.1488,120,0.3939,0.5188,1.519,0,0,0,100,16.28,0.2531,403.7,200,1,0,0.3709,1,1,1,1,1,1,1,4,4,-1,[ OK ]
4688.6,4/13/2026 9:25:28 PM,7216,103.6,0.1488,119.9,0.3972,0.5184,1.524,0,0,0,100,16.28,0.2542,404.2,200,1,0,0.3692,1,1,1,1,1,1,1,4,4,-1,[ OK ]
4689.5,4/13/2026 9:25:29 PM,7217,103.6,0.1491,119.1,0.3918,0.5175,1.534,0,0,0,100,16.28,0.2546,404,200,1,0,0.3683,1,1,1,1,1,1,1,4,4,-1,[ OK ]
4690.2,4/13/2026 9:25:30 PM,7217,103.6,0.1488,119.9,0.3959,0.5186,1.521,0,0,0,100,16.28,0.2523,404,200,1,0,0.3605,1,1,1,1,1,1,1,4,4,-1,[ OK ]
4690.9,4/13/2026 9:25:31 PM,7218,103.6,0.1487,120.2,0.3981,0.5177,1.531,0,0,0,100,16.28,0.2523,404.1,200,1,0,0.3668,1,1,1,1,1,1,1,4,4,-1,[ OK ]
4691.6,4/13/2026 9:25:31 PM,7219,103.6,0.1488,119.9,0.3975,0.5181,1.528,0,0,0,100,16.28,0.2525,404.1,200,1,0,0.3663,1,1,1,1,1,1,1,4,4,-1,[ OK ]
4692.3,4/13/2026 9:25:32 PM,7220,103.6,0.1487,120.2,0.3944,0.5186,1.521,0,0,0,100,16.28,0.2529,404.2,200,1,0,0.3656,1,1,1,1,1,1,1,4,4,-1,[ OK ]
4693.1,4/13/2026 9:25:33 PM,7220,103.6,0.1489,119.6,0.3965,0.5174,1.534,0,0,0,100,16.28,0.2535,404,200,1,0,0.3632,1,1,1,1,1,1,1,4,4,-1,[ OK ]
4694.0,4/13/2026 9:25:34 PM,7221,103.6,0.1485,120.7,0.4018,0.5181,1.526,0,0,0,100,16.28,0.2535,403.8,200,1,0,0.3529,1,1,1,1,1,1,1,4,4,-1,[ OK ]
4694.8,4/13/2026 9:25:35 PM,7222,103.6,0.149,119.4,0.4026,0.5184,1.524,0,0,0,100,16.28,0.2526,403.9,200,1,0,0.3637,1,1,1,1,1,1,1,4,4,-1,[ OK ]
4695.5,4/13/2026 9:25:35 PM,7223,103.6,0.1489,119.8,0.3966,0.5177,1.531,0,0,0,100,16.28,0.2526,404,200,1,0,0.3553,1,1,1,1,1,1,1,4,4,-1,[ OK ]
4696.3,4/13/2026 9:25:36 PM,7223,103.6,0.1488,119.8,0.3949,0.5179,1.527,0,0,0,100,16.28,0.2522,403.8,200,1,0,0.3655,1,1,1,1,1,1,1,4,4,-1,[ OK ]
4697.1,4/13/2026 9:25:37 PM,7224,103.6,0.1487,120.1,0.3918,0.5184,1.521,0,0,0,100,16.28,0.2524,404.2,200,1,0,0.3621,1,1,1,1,1,1,1,4,4,-1,[ OK ]
4697.8,4/13/2026 9:25:38 PM,7225,103.6,0.1488,119.7,0.3934,0.5182,1.523,0,0,0,100,16.28,0.2539,403.9,200,1,0,0.3641,1,1,1,1,1,1,1,4,4,-1,[ OK ]
4698.5,4/13/2026 9:25:38 PM,7226,103.6,0.1488,120,0.399,0.5175,1.531,0,0,0,100,16.28,0.2545,403.8,200,1,0,0.3537,1,1,1,1,1,1,1,4,4,-1,[ OK ]
4699.3,4/13/2026 9:25:39 PM,7226,103.6,0.1487,120.1,0.3966,0.5177,1.53,0,0,0,100,16.28,0.2559,404,200,1,0,0.3559,1,1,1,1,1,1,1,4,4,-1,[ OK ]
4700.0,4/13/2026 9:25:40 PM,7227,103.6,0.1488,120,0.3981,0.5175,1.531,0,0,0,100,16.28,0.2566,404.2,200,1,0,0.3452,1,1,1,1,1,1,1,4,4,-1,[ OK ]
4700.7,4/13/2026 9:25:41 PM,7228,103.6,0.149,119.3,0.3944,0.5184,1.522,0,0,0,100,16.28,0.2568,403.9,200,1,0,0.3586,1,1,1,1,1,1,1,4,4,-1,[ OK ]
4701.4,4/13/2026 9:25:41 PM,7229,103.6,0.1487,120.2,0.3928,0.5185,1.521,0,0,0,100,16.28,0.2565,404,200,1,0,0.3464,1,1,1,1,1,1,1,4,4,-1,[ OK ]
4702.1,4/13/2026 9:25:42 PM,7229,103.6,0.1486,120.6,0.3996,0.5186,1.521,0,0,0,100,16.28,0.2567,404,200,1,0,0.3574,1,1,1,1,1,1,1,4,4,-1,[ OK ]
4702.9,4/13/2026 9:25:43 PM,7230,103.6,0.1488,120,0.3918,0.5173,1.534,0,0,0,100,16.28,0.2568,404.1,200,1,0,0.3669,1,1,1,1,1,1,1,4,4,-1,[ OK ]
4703.6,4/13/2026 9:25:43 PM,7231,103.6,0.1488,120.1,0.3959,0.5186,1.521,0,0,0,100,16.28,0.2584,404,200,1,0,0.341,1,1,1,1,1,1,1,4,4,-1,[ OK ]
4704.3,4/13/2026 9:25:44 PM,7232,103.6,0.1488,119.9,0.3918,0.5179,1.529,0,0,0,100,16.28,0.2575,403.9,200,1,0,0.346,1,1,1,1,1,1,1,4,4,-1,[ OK ]
4705.0,4/13/2026 9:25:45 PM,7232,103.6,0.1487,120.1,0.4015,0.5186,1.522,0,0,0,100,16.28,0.2587,404.2,200,1,0,0.3519,1,1,1,1,1,1,1,4,4,-1,[ OK ]
4705.8,4/13/2026 9:25:46 PM,7233,103.6,0.1489,119.8,0.4005,0.5184,1.524,0,0,0,100,16.28,0.2589,404.1,200,1,0,0.3504,1,1,1,1,1,1,1,4,4,-1,[ OK ]
4706.6,4/13/2026 9:25:46 PM,7234,103.6,0.1487,120.3,0.3962,0.5174,1.534,0,0,0,100,16.28,0.2567,404.2,200,1,0,0.3491,1,1,1,1,1,1,1,4,4,-1,[ OK ]
4707.3,4/13/2026 9:25:47 PM,7235,103.6,0.1488,120,0.3966,0.5173,1.535,0,0,0,100,16.28,0.2554,404.2,200,1,0,0.3559,1,1,1,1,1,1,1,4,4,-1,[ OK ]
4708.0,4/13/2026 9:25:48 PM,7235,103.6,0.1487,120.3,0.3918,0.5178,1.531,0,0,0,100,16.28,0.2568,403.9,200,1,0,0.3564,1,1,1,1,1,1,1,4,4,-1,[ OK ]
4708.7,4/13/2026 9:25:48 PM,7236,103.6,0.1487,120.1,0.3963,0.5182,1.525,0,0,0,100,16.28,0.2564,403.9,200,1,0,0.3507,1,1,1,1,1,1,1,4,4,-1,[ OK ]
4709.4,4/13/2026 9:25:49 PM,7237,103.6,0.1489,119.7,0.3996,0.5179,1.528,0,0,0,100,16.28,0.2557,403.9,200,1,0,0.3663,1,1,1,1,1,1,1,4,4,-1,[ OK ]
4710.1,4/13/2026 9:25:50 PM,7237,103.6,0.1486,120.4,0.3926,0.5176,1.531,0,0,0,100,16.28,0.2589,404.1,200,1,0,0.3435,1,1,1,1,1,1,1,4,4,-1,[ OK ]
4710.8,4/13/2026 9:25:51 PM,7238,103.6,0.1488,120.1,0.4027,0.5176,1.532,0,0,0,100,16.28,0.2573,403.9,200,1,0,0.3572,1,1,1,1,1,1,1,4,4,-1,[ OK ]
4711.5,4/13/2026 9:25:51 PM,7239,103.6,0.1489,119.7,0.3994,0.5175,1.534,0,0,0,100,16.28,0.2585,403.8,200,1,0,0.3601,1,1,1,1,1,1,1,4,4,-1,[ OK ]
4712.2,4/13/2026 9:25:52 PM,7239,103.6,0.1487,120.7,0.3941,0.5186,1.521,0,0,0,100,16.28,0.2588,404,200,1,0,0.343,1,1,1,1,1,1,1,4,4,-1,[ OK ]
4712.9,4/13/2026 9:25:53 PM,7240,103.6,0.1488,120.1,0.3958,0.5179,1.528,0,0,0,100,16.28,0.2562,404.2,200,1,0,0.3509,1,1,1,1,1,1,1,4,4,-1,[ OK ]
4713.6,4/13/2026 9:25:53 PM,7241,103.6,0.1488,120.1,0.4012,0.5183,1.524,0,0,0,100,16.28,0.2579,404,200,1,0,0.3418,1,1,1,1,1,1,1,4,4,-1,[ OK ]
4714.5,4/13/2026 9:25:54 PM,7242,103.6,0.1486,120.8,0.399,0.5185,1.522,0,0,0,100,16.28,0.2563,404.1,200,1,0,0.3583,1,1,1,1,1,1,1,4,4,-1,[ OK ]
4715.3,4/13/2026 9:25:55 PM,7243,103.6,0.1488,120.2,0.3966,0.5183,1.523,0,0,0,100,16.28,0.2552,403.9,200,1,0,0.3494,1,1,1,1,1,1,1,4,4,-1,[ OK ]
4716.2,4/13/2026 9:25:56 PM,7243,103.6,0.1489,120,0.3993,0.5181,1.525,0,0,0,100,16.28,0.255,403.9,200,1,0,0.3659,1,1,1,1,1,1,1,4,4,-1,[ OK ]
4716.9,4/13/2026 9:25:57 PM,7244,103.6,0.1491,119.4,0.4016,0.5178,1.529,0,0,0,100,16.28,0.258,404,200,1,0,0.3515,1,1,1,1,1,1,1,4,4,-1,[ OK ]
4717.7,4/13/2026 9:25:57 PM,7245,103.6,0.1489,120.2,0.3918,0.5182,1.525,0,0,0,100,16.28,0.2544,404.2,200,1,0,0.3682,1,1,1,1,1,1,1,4,4,-1,[ OK ]
4718.5,4/13/2026 9:25:58 PM,7246,103.6,0.1489,120,0.3918,0.5175,1.533,0,0,0,100,16.28,0.2574,404.1,200,1,0,0.3586,1,1,1,1,1,1,1,4,4,-1,[ OK ]
4719.3,4/13/2026 9:25:59 PM,7247,103.6,0.1487,120.7,0.3989,0.5173,1.534,0,0,0,100,16.28,0.2568,403.8,200,1,0,0.361,1,1,1,1,1,1,1,4,4,-1,[ OK ]
4720.1,4/13/2026 9:26:00 PM,7247,103.6,0.1489,119.9,0.3984,0.518,1.526,0,0,0,100,16.28,0.2557,404.2,200,1,0,0.3651,1,1,1,1,1,1,1,4,4,-1,[ OK ]
4721.0,4/13/2026 9:26:01 PM,7248,103.6,0.1489,119.8,0.3926,0.5172,1.536,0,0,0,100,16.28,0.2558,403.7,200,1,0,0.3624,1,1,1,1,1,1,1,4,4,-1,[ OK ]
4721.7,4/13/2026 9:26:01 PM,7249,103.6,0.149,119.8,0.402,0.5181,1.525,0,0,0,100,16.28,0.2572,404,200,1,0,0.3497,1,1,1,1,1,1,1,4,4,-1,[ OK ]
4722.5,4/13/2026 9:26:02 PM,7250,103.6,0.1491,119.6,0.406,0.5181,1.527,0,0,0,100,16.28,0.2544,404,200,1,0,0.3671,1,1,1,1,1,1,1,4,4,-1,[ OK ]
4723.2,4/13/2026 9:26:03 PM,7250,103.6,0.1489,120.2,0.399,0.5174,1.535,0,0,0,100,16.28,0.2539,404.1,200,1,0,0.3698,1,1,1,1,1,1,1,4,4,-1,[ OK ]
4724.0,4/13/2026 9:26:04 PM,7251,103.6,0.149,119.8,0.3939,0.5176,1.533,0,0,0,100,16.28,0.2558,404.2,200,1,0,0.3499,1,1,1,1,1,1,1,4,4,-1,[ OK ]
4724.8,4/13/2026 9:26:05 PM,7252,103.6,0.149,119.7,0.3998,0.5188,1.519,0,0,0,100,16.28,0.2559,404,200,1,0,0.3534,1,1,1,1,1,1,1,4,4,-1,[ OK ]
4725.5,4/13/2026 9:26:05 PM,7253,103.6,0.1488,120.5,0.3978,0.5177,1.531,0,0,0,100,16.28,0.2549,403.9,200,1,0,0.3593,1,1,1,1,1,1,1,4,4,-1,[ OK ]
4726.2,4/13/2026 9:26:06 PM,7253,103.6,0.1488,120.2,0.4013,0.5181,1.528,0,0,0,100,16.28,0.2557,403.8,200,1,0,0.355,1,1,1,1,1,1,1,4,4,-1,[ OK ]
4727.0,4/13/2026 9:26:07 PM,7254,103.6,0.1491,119.3,0.399,0.5178,1.53,0,0,0,100,16.28,0.2539,404.2,200,1,0,0.352,1,1,1,1,1,1,1,4,4,-1,[ OK ]
4727.8,4/13/2026 9:26:08 PM,7255,103.6,0.149,119.8,0.4031,0.5174,1.535,0,0,0,100,16.28,0.254,403.9,200,1,0,0.3702,1,1,1,1,1,1,1,4,4,-1,[ OK ]
4728.5,4/13/2026 9:26:08 PM,7256,103.6,0.149,119.9,0.3986,0.5181,1.527,0,0,0,100,16.28,0.2539,404.2,200,1,0,0.3649,1,1,1,1,1,1,1,4,4,-1,[ OK ]
4729.2,4/13/2026 9:26:09 PM,7256,103.6,0.149,119.9,0.3959,0.5178,1.53,0,0,0,100,16.28,0.2556,404,200,1,0,0.3476,1,1,1,1,1,1,1,4,4,-1,[ OK ]
4729.9,4/13/2026 9:26:10 PM,7257,103.6,0.1487,120.7,0.3972,0.5177,1.531,0,0,0,100,16.28,0.2561,404.1,200,1,0,0.3488,1,1,1,1,1,1,1,4,4,-1,[ OK ]
4730.7,4/13/2026 9:26:10 PM,7258,103.6,0.1488,120.2,0.4023,0.5181,1.526,0,0,0,100,16.28,0.2546,403.8,200,1,0,0.3551,1,1,1,1,1,1,1,4,4,-1,[ OK ]
4731.4,4/13/2026 9:26:11 PM,7259,103.6,0.1491,119.5,0.403,0.5178,1.529,0,0,0,100,16.28,0.2546,403.9,200,1,0,0.3567,1,1,1,1,1,1,1,4,4,-1,[ OK ]
4732.1,4/13/2026 9:26:12 PM,7259,103.6,0.1488,120.1,0.3986,0.5182,1.524,0,0,0,100,16.28,0.2539,404.2,200,1,0,0.3619,1,1,1,1,1,1,1,4,4,-1,[ OK ]
4732.6,4/13/2026 9:26:12 PM,7260,103.6,0.1489,120,0.4023,0.5173,1.534,0,0,0,100,16.28,0.2536,403.9,200,1,0,0.3736,1,1,1,1,1,1,1,4,4,-1,[ OK ]
4733.3,4/13/2026 9:26:13 PM,7260,103.6,0.1489,119.8,0.4039,0.5182,1.526,0,0,0,100,16.28,0.2539,404.1,200,1,0,0.352,1,1,1,1,1,1,1,4,4,-1,[ OK ]
4734.0,4/13/2026 9:26:14 PM,7261,103.6,0.149,119.5,0.3997,0.5176,1.531,0,0,0,100,16.28,0.2535,404,200,1,0,0.3678,1,1,1,1,1,1,1,4,4,-1,[ OK ]
4734.7,4/13/2026 9:26:15 PM,7262,103.6,0.1488,120.2,0.4016,0.5186,1.521,0,0,0,100,16.28,0.2526,404.3,200,1,0,0.3656,1,1,1,1,1,1,1,4,4,-1,[ OK ]
4735.4,4/13/2026 9:26:15 PM,7263,103.6,0.1489,119.9,0.3964,0.5177,1.53,0,0,0,100,16.28,0.2529,404.1,200,1,0,0.3564,1,1,1,1,1,1,1,4,4,-1,[ OK ]
4736.2,4/13/2026 9:26:16 PM,7263,103.6,0.1487,120.6,0.3987,0.5178,1.529,0,0,0,100,16.28,0.2522,403.9,200,1,0,0.3707,1,1,1,1,1,1,1,4,4,-1,[ OK ]
4737.0,4/13/2026 9:26:17 PM,7264,103.6,0.1487,120.6,0.3925,0.5172,1.536,0,0,0,100,16.28,0.2508,403.9,200,1,0,0.3787,1,1,1,1,1,1,1,4,4,-1,[ OK ]
4737.7,4/13/2026 9:26:18 PM,7265,103.6,0.1489,120,0.3918,0.5174,1.535,0,0,0,100,16.28,0.2527,404,200,1,0,0.3702,1,1,1,1,1,1,1,4,4,-1,[ OK ]
4738.3,4/13/2026 9:26:18 PM,7266,103.6,0.1488,120.1,0.3918,0.5181,1.527,0,0,0,100,16.28,0.2533,404.3,200,1,0,0.3649,1,1,1,1,1,1,1,4,4,-1,[ OK ]
4738.8,4/13/2026 9:26:19 PM,7266,103.6,0.1491,119.4,0.3989,0.5174,1.535,0,0,0,100,16.28,0.2523,403.8,200,1,0,0.3671,1,1,1,1,1,1,1,4,4,-1,[ OK ]
4739.5,4/13/2026 9:26:19 PM,7267,103.6,0.1489,120,0.3942,0.518,1.528,0,0,0,100,16.28,0.2525,403.8,200,1,0,0.3602,1,1,1,1,1,1,1,4,4,-1,[ OK ]
4740.2,4/13/2026 9:26:20 PM,7267,103.6,0.1489,120,0.3973,0.5177,1.531,0,0,0,100,16.28,0.2486,404.1,200,1,0,0.3743,1,1,1,1,1,1,1,4,4,-1,[ OK ]
4740.9,4/13/2026 9:26:21 PM,7268,103.6,0.1487,120.8,0.3944,0.5173,1.536,0,0,0,100,16.28,0.2521,403.9,200,1,0,0.3621,1,1,1,1,1,1,1,4,4,-1,[ OK ]
4741.6,4/13/2026 9:26:21 PM,7269,103.6,0.149,119.8,0.3942,0.5185,1.522,0,0,0,100,16.28,0.2496,404,200,1,0,0.3472,1,1,1,1,1,1,1,4,4,-1,[ OK ]
4742.3,4/13/2026 9:26:22 PM,7269,103.6,0.149,119.7,0.3999,0.5176,1.532,0,0,0,100,16.28,0.2566,403.9,200,1,0,0.3614,1,1,1,1,1,1,1,4,4,-1,[ OK ]
4743.0,4/13/2026 9:26:23 PM,7270,103.6,0.1491,119.6,0.401,0.5178,1.529,0,0,0,100,16.28,0.2564,403.9,200,1,0,0.3608,1,1,1,1,1,1,1,4,4,-1,[ OK ]
4743.6,4/13/2026 9:26:23 PM,7271,103.6,0.149,119.7,0.3996,0.5181,1.526,0,0,0,100,16.28,0.255,403.9,200,1,0,0.3582,1,1,1,1,1,1,1,4,4,-1,[ OK ]
4744.3,4/13/2026 9:26:24 PM,7272,103.6,0.149,119.7,0.3951,0.518,1.527,0,0,0,100,16.28,0.2565,404,200,1,0,0.3656,1,1,1,1,1,1,1,4,4,-1,[ OK ]
4745.1,4/13/2026 9:26:25 PM,7272,103.6,0.1489,120,0.3986,0.5179,1.529,0,0,0,100,16.28,0.2559,404.1,200,1,0,0.3573,1,1,1,1,1,1,1,4,4,-1,[ OK ]
4745.9,4/13/2026 9:26:26 PM,7273,103.6,0.1489,120.1,0.3927,0.5182,1.525,0,0,0,100,16.28,0.256,404.1,200,1,0,0.3591,1,1,1,1,1,1,1,4,4,-1,[ OK ]
4746.6,4/13/2026 9:26:26 PM,7274,103.6,0.1492,119.2,0.3934,0.5179,1.527,0,0,0,100,16.28,0.2543,403.9,200,1,0,0.3645,1,1,1,1,1,1,1,4,4,-1,[ OK ]
4747.3,4/13/2026 9:26:27 PM,7275,103.6,0.149,119.8,0.4053,0.5181,1.525,0,0,0,100,16.28,0.2568,404.2,200,1,0,0.3545,1,1,1,1,1,1,1,4,4,-1,[ OK ]
4748.0,4/13/2026 9:26:28 PM,7275,103.6,0.1487,120.6,0.3976,0.5178,1.528,0,0,0,100,16.28,0.2571,404.2,200,1,0,0.3576,1,1,1,1,1,1,1,4,4,-1,[ OK ]
4748.8,4/13/2026 9:26:29 PM,7276,103.6,0.1487,120.7,0.4013,0.5178,1.528,0,0,0,100,16.28,0.2564,404.2,200,1,0,0.3457,1,1,1,1,1,1,1,4,4,-1,[ OK ]
4749.4,4/13/2026 9:26:29 PM,7277,103.6,0.1488,120.3,0.41,0.5182,1.525,0,0,0,100,16.28,0.2563,404.2,200,1,0,0.3658,1,1,1,1,1,1,1,4,4,-1,[ OK ]
4750.0,4/13/2026 9:26:30 PM,7277,103.6,0.1489,119.9,0.3937,0.5177,1.53,0,0,0,100,16.28,0.254,403.8,200,1,0,0.3528,1,1,1,1,1,1,1,4,4,-1,[ OK ]
4750.7,4/13/2026 9:26:31 PM,7278,103.6,0.1488,120.1,0.3957,0.5185,1.521,0,0,0,100,16.28,0.2557,404,200,1,0,0.3495,1,1,1,1,1,1,1,4,4,-1,[ OK ]
4751.5,4/13/2026 9:26:31 PM,7279,103.6,0.149,119.6,0.4,0.5185,1.522,0,0,0,100,16.28,0.2538,404.3,200,1,0,0.3634,1,1,1,1,1,1,1,4,4,-1,[ OK ]
4752.5,4/13/2026 9:26:32 PM,7280,103.6,0.1489,119.7,0.3942,0.5178,1.529,0,0,0,100,16.28,0.2557,404.1,200,1,0,0.3569,1,1,1,1,1,1,1,4,4,-1,[ OK ]
4753.3,4/13/2026 9:26:33 PM,7281,103.6,0.149,119.4,0.4006,0.5176,1.532,0,0,0,100,16.28,0.2552,403.8,200,1,0,0.3487,1,1,1,1,1,1,1,4,4,-1,[ OK ]
4754.0,4/13/2026 9:26:34 PM,7281,103.6,0.1489,120,0.3965,0.5184,1.524,0,0,0,100,16.28,0.2536,404.1,200,1,0,0.3679,1,1,1,1,1,1,1,4,4,-1,[ OK ]
4754.6,4/13/2026 9:26:34 PM,7282,103.6,0.1489,119.8,0.3918,0.5183,1.524,0,0,0,100,16.28,0.2552,403.9,200,1,0,0.3619,1,1,1,1,1,1,1,4,4,-1,[ OK ]
4755.3,4/13/2026 9:26:35 PM,7282,103.6,0.1488,120.2,0.3965,0.5173,1.536,0,0,0,100,16.28,0.2553,403.9,200,1,0,0.3644,1,1,1,1,1,1,1,4,4,-1,[ OK ]
4756.0,4/13/2026 9:26:36 PM,7283,103.6,0.1488,120.4,0.4036,0.518,1.527,0,0,0,100,16.28,0.2541,404.2,200,1,0,0.3621,1,1,1,1,1,1,1,4,4,-1,[ OK ]
4756.8,4/13/2026 9:26:37 PM,7284,103.6,0.1488,120.4,0.3948,0.5174,1.534,0,0,0,100,16.28,0.2535,404.1,200,1,0,0.354,1,1,1,1,1,1,1,4,4,-1,[ OK ]
4757.5,4/13/2026 9:26:37 PM,7285,103.6,0.1488,120.5,0.3963,0.5184,1.523,0,0,0,100,16.28,0.2528,404,200,1,0,0.3633,1,1,1,1,1,1,1,4,4,-1,[ OK ]
4758.3,4/13/2026 9:26:38 PM,7285,103.6,0.1492,119.4,0.3938,0.518,1.527,0,0,0,100,16.28,0.2556,404.1,200,1,0,0.3558,1,1,1,1,1,1,1,4,4,-1,[ OK ]
4759.0,4/13/2026 9:26:39 PM,7286,103.6,0.1493,119,0.3978,0.5176,1.531,0,0,0,100,16.28,0.2551,403.8,200,1,0,0.3694,1,1,1,1,1,1,1,4,4,-1,[ OK ]
4759.7,4/13/2026 9:26:40 PM,7287,103.6,0.1491,119.6,0.3983,0.517,1.538,0,0,0,100,16.28,0.2556,403.9,200,1,0,0.3555,1,1,1,1,1,1,1,4,4,-1,[ OK ]
4760.3,4/13/2026 9:26:40 PM,7288,103.6,0.1493,119,0.396,0.5171,1.538,0,0,0,100,16.28,0.2552,404.3,200,1,0,0.3672,1,1,1,1,1,1,1,4,4,-1,[ OK ]
4761.1,4/13/2026 9:26:41 PM,7288,103.6,0.1489,120.1,0.4,0.5183,1.524,0,0,0,100,16.28,0.2559,403.8,200,1,0,0.3601,1,1,1,1,1,1,1,4,4,-1,[ OK ]
4761.8,4/13/2026 9:26:42 PM,7289,103.6,0.1492,119.4,0.3969,0.5186,1.521,0,0,0,100,16.28,0.255,403.9,200,1,0,0.3619,1,1,1,1,1,1,1,4,4,-1,[ OK ]
4762.5,4/13/2026 9:26:42 PM,7290,103.6,0.1489,120.3,0.403,0.5181,1.527,0,0,0,100,16.28,0.2568,404,200,1,0,0.3687,1,1,1,1,1,1,1,4,4,-1,[ OK ]
4763.2,4/13/2026 9:26:43 PM,7290,103.6,0.149,119.9,0.3967,0.5181,1.527,0,0,0,100,16.28,0.2536,403.9,200,1,0,0.3597,1,1,1,1,1,1,1,4,4,-1,[ OK ]
4763.9,4/13/2026 9:26:44 PM,7291,103.6,0.1489,120.3,0.3998,0.5183,1.525,0,0,0,100,16.28,0.2571,404.2,200,1,0,0.3581,1,1,1,1,1,1,1,4,4,-1,[ OK ]
4764.7,4/13/2026 9:26:44 PM,7292,103.6,0.149,119.8,0.3967,0.5174,1.534,0,0,0,100,16.28,0.2553,404,200,1,0,0.3688,1,1,1,1,1,1,1,4,4,-1,[ OK ]
4765.3,4/13/2026 9:26:45 PM,7293,103.6,0.1491,119.5,0.3993,0.5183,1.524,0,0,0,100,16.28,0.2535,404.1,200,1,0,0.3725,1,1,1,1,1,1,1,4,4,-1,[ OK ]
4766.0,4/13/2026 9:26:46 PM,7293,103.6,0.1491,119.6,0.3918,0.5174,1.535,0,0,0,100,16.28,0.2559,404.1,200,1,0,0.3597,1,1,1,1,1,1,1,4,4,-1,[ OK ]
4766.7,4/13/2026 9:26:47 PM,7294,103.6,0.1489,120.4,0.4006,0.5179,1.528,0,0,0,100,16.28,0.2559,404.2,200,1,0,0.3586,1,1,1,1,1,1,1,4,4,-1,[ OK ]
4767.5,4/13/2026 9:26:47 PM,7295,103.6,0.1491,119.8,0.4032,0.5178,1.53,0,0,0,100,16.28,0.2536,404.1,200,1,0,0.3527,1,1,1,1,1,1,1,4,4,-1,[ OK ]
4768.2,4/13/2026 9:26:48 PM,7295,103.6,0.1489,120.4,0.3973,0.5175,1.532,0,0,0,100,16.28,0.2541,404.1,200,1,0,0.3596,1,1,1,1,1,1,1,4,4,-1,[ OK ]
4768.9,4/13/2026 9:26:49 PM,7296,103.6,0.149,120.1,0.401,0.518,1.527,0,0,0,100,16.28,0.2531,404.2,200,1,0,0.3688,1,1,1,1,1,1,1,4,4,-1,[ OK ]
4769.6,4/13/2026 9:26:49 PM,7297,103.6,0.149,120,0.4005,0.5185,1.522,0,0,0,100,16.28,0.2547,404,200,1,0,0.3604,1,1,1,1,1,1,1,4,4,-1,[ OK ]
4770.4,4/13/2026 9:26:50 PM,7298,103.6,0.1487,120.9,0.3984,0.5174,1.534,0,0,0,100,16.28,0.2526,403.8,200,1,0,0.3598,1,1,1,1,1,1,1,4,4,-1,[ OK ]
4771.1,4/13/2026 9:26:51 PM,7298,103.6,0.1491,119.6,0.3929,0.5183,1.523,0,0,0,100,16.28,0.2528,404.3,200,1,0,0.3686,1,1,1,1,1,1,1,4,4,-1,[ OK ]
4771.8,4/13/2026 9:26:52 PM,7299,103.6,0.149,119.7,0.4012,0.5173,1.535,0,0,0,100,16.28,0.2536,404,200,1,0,0.3647,1,1,1,1,1,1,1,4,4,-1,[ OK ]
4772.5,4/13/2026 9:26:52 PM,7300,103.6,0.1492,119.3,0.4,0.5185,1.523,0,0,0,100,16.28,0.256,403.9,200,1,0,0.3624,1,1,1,1,1,1,1,4,4,-1,[ OK ]
4773.3,4/13/2026 9:26:53 PM,7300,103.6,0.1489,120.1,0.3977,0.518,1.528,0,0,0,100,16.28,0.2549,403.8,200,1,0,0.3606,1,1,1,1,1,1,1,4,4,-1,[ OK ]
4774.1,4/13/2026 9:26:54 PM,7301,103.6,0.1491,119.7,0.403,0.5181,1.527,0,0,0,100,16.28,0.2532,404.2,200,1,0,0.3739,1,1,1,1,1,1,1,4,4,-1,[ OK ]
4774.8,4/13/2026 9:26:55 PM,7302,103.6,0.1489,120.2,0.3936,0.5178,1.531,0,0,0,100,16.28,0.2542,404.2,200,1,0,0.3586,1,1,1,1,1,1,1,4,4,-1,[ OK ]
4775.5,4/13/2026 9:26:55 PM,7303,103.6,0.1489,120.2,0.4001,0.5177,1.531,0,0,0,100,16.28,0.255,404.2,200,1,0,0.3673,1,1,1,1,1,1,1,4,4,-1,[ OK ]
4776.2,4/13/2026 9:26:56 PM,7303,103.6,0.149,119.9,0.402,0.5179,1.528,0,0,0,100,16.28,0.2525,404.2,200,1,0,0.3608,1,1,1,1,1,1,1,4,4,-1,[ OK ]
4777.0,4/13/2026 9:26:57 PM,7304,103.6,0.149,119.9,0.4007,0.5182,1.524,0,0,0,100,16.28,0.2556,403.9,200,1,0,0.3529,1,1,1,1,1,1,1,4,4,-1,[ OK ]
4777.6,4/13/2026 9:26:57 PM,7305,103.6,0.1492,119.4,0.4057,0.5188,1.519,0,0,0,100,16.28,0.255,404.2,200,1,0,0.3593,1,1,1,1,1,1,1,4,4,-1,[ OK ]
4778.2,4/13/2026 9:26:58 PM,7305,103.6,0.1489,120.2,0.3981,0.517,1.537,0,0,0,100,16.28,0.2552,404.2,200,1,0,0.3657,1,1,1,1,1,1,1,4,4,-1,[ OK ]
4779.5,4/13/2026 9:26:59 PM,7306,103.6,0.1489,120.3,0.4016,0.5181,1.526,0,0,0,100,16.28,0.2549,403.8,200,1,0,0.3698,1,1,1,-1,1,1,1,3.875,4,3,[ OK ]
4781.6,4/13/2026 9:27:01 PM,7308,103.6,0,40.75,0.04245,0.5178,1.525,0,0,0,100,16.28,0.2081,403.9,200,1,0,0,1,0,1,-1,1,0,1,3.625,4,3,[ OK ]
4783.9,4/13/2026 9:27:04 PM,7310,103.6,0,4.059,0.04305,0.5173,1.533,0,0,0,100,16.28,0.2071,403.8,200,1,0,0,1,0,1,-1,1,0,1,3.25,4,3,[ OK ]
4786.6,4/13/2026 9:27:06 PM,7313,103.6,0,1.608,0.04305,0.5176,1.53,0,0,0,100,16.28,0.0029,0.2284,200,0,0,0,1,0,1,-1,1,0,3,3,3,-1,[ OK ]
4789.5,4/13/2026 9:27:09 PM,7317,103.6,0,1.321,0.04136,0.5181,1.525,0,0,0,100,16.28,0.002941,0,200,0,0,0,1,0,1,-1,1,0,4,3,3,-1,[ OK ]
4791.0,4/13/2026 9:27:11 PM,7318,103.6,0,1.385,0.04017,0.5179,1.527,0,0,0,100,16.28,0.002659,0,200,0,0,0,1,0,1,-1,1,0,4,3,3,-1,[ OK ]
4791.9,4/13/2026 9:27:12 PM,7319,103.6,0,2.101,0.04195,0.5181,1.525,0,0,0,100,16.28,0.003021,0,200,0,0,0,1,0,1,-1,1,0,4,3,3,-1,[ OK ]
4792.5,4/13/2026 9:27:12 PM,7320,103.6,0,1.305,0.04483,0.5178,1.527,0,0,0,100,16.28,0.003142,0,200,0,0,0,1,0,1,-1,1,0,4,3,3,-1,[ OK ]
4793.2,4/13/2026 9:27:13 PM,7320,103.6,0,1.353,0.04265,0.5175,1.531,0,0,0,100,16.28,0.002699,0,200,0,0,0,1,0,1,-1,1,0,4,3,3,-1,[ OK ]
4793.8,4/13/2026 9:27:14 PM,7321,103.6,0,1.305,0.04255,0.518,1.525,0,0,0,100,16.28,0.00286,0.04441,200,0,0,0,1,0,1,-1,1,0,4,3,3,-1,[ OK ]
4794.5,4/13/2026 9:27:14 PM,7322,103.6,0,0.6049,0.04186,0.5175,1.53,0,0,0,100,16.28,0.002457,0,200,0,0,0,1,0,1,-1,1,0,4,3,3,-1,[ OK ]
4795.2,4/13/2026 9:27:15 PM,7322,103.6,0,1.273,0.04176,0.5172,1.533,0,0,0,100,16.28,0.002941,0,200,0,0,0,1,0,1,-1,1,0,4,3,3,-1,[ OK ]
4795.8,4/13/2026 9:27:16 PM,7323,103.6,0,1.162,0.04265,0.5175,1.531,0,0,0,100,16.28,0.002618,0,200,0,0,0,1,0,1,-1,1,0,4,3,3,-1,[ OK ]
4796.5,4/13/2026 9:27:16 PM,7324,103.6,0,1.512,0.04176,0.5177,1.53,0,0,0,100,16.28,0.002578,0.006345,200,0,0,0,1,0,1,-1,1,0,4,3,3,-1,[ OK ]
4797.1,4/13/2026 9:27:17 PM,7324,103.6,0,1.417,0.04225,0.518,1.527,0,0,0,100,16.28,0.002941,0,200,0,0,0,1,0,1,-1,1,0,4,3,3,-1,[ OK ]
4797.8,4/13/2026 9:27:18 PM,7325,103.6,0,1.671,0.04414,0.5181,1.525,0,0,0,100,16.28,0.002981,0,200,0,0,0,1,0,1,-1,1,0,4,3,3,-1,[ OK ]
4798.5,4/13/2026 9:27:18 PM,7326,103.6,0,1.114,0.04186,0.5176,1.53,0,0,0,100,16.28,0.003142,0,200,0,0,0,1,0,1,-1,1,0,4,3,3,-1,[ OK ]
4799.1,4/13/2026 9:27:19 PM,7326,103.6,0,1.051,0.04255,0.5179,1.527,0,0,0,100,16.28,0.003062,0,200,0,0,0,1,0,1,-1,1,0,4,3,3,-1,[ OK ]
4799.9,4/13/2026 9:27:20 PM,7327,103.6,0,1.13,0.03938,0.5173,1.534,0,0,0,100,16.28,0.001571,0,200,0,0,0,1,0,1,-1,1,0,4,3,3,-1,[ OK ]
4801.1,4/13/2026 9:27:21 PM,7328,103.6,0,1.496,0.04225,0,0.003122,0,0,0,100,16.28,0.002941,0,200,0,0,0,1,0,1,-1,1,0,4,2,3,2,[ OK ]
