Elapsed (s),Time,nGen-400 Uptime,nGen-400 Hours,Anode PWM_Duty_Cycle,Anode Voltage,Anode Current,Getter PWM_Duty_Cycle,Getter Current,Neutron Counts,Neutron Count_Rate,Neutron Count_Rate_Avg,Neutron Count_Rate_Stdev_Pct,RF Freq_Synth,Suppressor Current,Suppressor Voltage,Pulsing Rep_Rate,Pulsing Duty_Cycle,Pulsing Ext_Trig_Select,Calculations Current_Ratio,Faults Anode_Voltage_Too_High,Faults Arc_dI_dt,Faults Arc_I,Faults Blinkout,Faults E_Beam_Power_Too_High,Faults Interlock,Faults Suppressor_Voltage_Too_Low,State_Machine State,State_Machine Source,State_Machine Destination,State_Machine Fault
0.0,4/8/2026 11:12:38 AM,4202,101.7,0,0.8914,0.04493,0,0.001712,0,0,0,100,16.28,0.003424,0.04441,1,1,0,0,1,0,1,-1,1,0,4,2.25,2,3,[ OK ]
1.2,4/8/2026 11:12:39 AM,4203,101.7,0,1.21,0.04195,0.2383,0.1547,0,0,0,100,16.28,0.0029,0,1,1,0,0,1,0,1,-1,1,0,4,3,2,3,[ OK ]
2.5,4/8/2026 11:12:41 AM,4205,101.7,0,1.051,0.04414,0.3402,0.7275,0,0,0,100,16.28,0.002538,0,1,1,0,0,1,0,1,-1,1,0,4,3,3,-1,[ OK ]
3.2,4/8/2026 11:12:41 AM,4206,101.7,0,0.764,0.04205,0.3922,1.022,0,0,0,100,16.28,0.003223,0,1,1,0,0,1,0,1,-1,1,0,4,3,3,-1,[ OK ]
3.6,4/8/2026 11:12:42 AM,4206,101.7,0,0.2706,0.04344,0.4021,1.063,0,0,0,100,16.28,0.001772,0.006345,1,1,0,0,1,0,1,-1,1,0,4,3,3,-1,[ OK ]
3.9,4/8/2026 11:12:42 AM,4207,101.7,0,0.9073,0.04305,0.4096,1.12,0,0,0,100,16.28,0.00286,0,1,1,0,0,1,0,1,-1,1,0,4,3,3,-1,[ OK ]
4.2,4/8/2026 11:12:42 AM,4207,101.7,0,0.7481,0.04265,0.4171,1.159,0,0,0,100,16.28,0.001893,0.05076,1,1,0,0,1,0,1,-1,1,0,4,3,3,-1,[ OK ]
4.5,4/8/2026 11:12:43 AM,4207,101.7,0,1.098,0.04265,0.4243,1.192,0,0,0,100,16.28,0.002739,0,1,1,0,0,1,0,1,-1,1,0,4,3,3,-1,[ OK ]
4.8,4/8/2026 11:12:43 AM,4208,101.7,0,1.401,0.04195,0.4304,1.225,0,0,0,100,16.28,0.002578,0,1,1,0,0,1,0,1,-1,1,0,4,3,3,-1,[ OK ]
5.1,4/8/2026 11:12:43 AM,4208,101.7,0,0.9869,0.04136,0.4357,1.255,0,0,0,100,16.28,0.001209,0,1,1,0,0,1,0,1,-1,1,0,4,3,3,-1,[ OK ]
5.4,4/8/2026 11:12:44 AM,4208,101.7,0,1.114,0.04186,0.4408,1.28,0,0,0,100,16.28,0.002457,0,1,1,0,0,1,0,1,-1,1,0,4,3,3,-1,[ OK ]
5.8,4/8/2026 11:12:44 AM,4209,101.7,0,1.114,0.04305,0.4446,1.31,0,0,0,100,16.28,0.002578,0,1,1,0,0,1,0,1,-1,1,0,4,3,3,-1,[ OK ]
6.1,4/8/2026 11:12:44 AM,4209,101.7,0,1.576,0.03957,0.449,1.327,0,0,0,100,16.28,0.001692,0,1,1,0,0,1,0,1,-1,1,0,4,3,3,-1,[ OK ]
6.4,4/8/2026 11:12:44 AM,4209,101.7,0,1.226,0.04384,0.4528,1.343,0,0,0,100,16.28,0.003827,0,1,1,0,0,1,0,1,-1,1,0,4,3,3,-1,[ OK ]
6.7,4/8/2026 11:12:45 AM,4210,101.7,0,1.082,0.04136,0.4553,1.368,0,0,0,100,16.28,0.00282,0,1,1,0,0,1,0,1,-1,1,0,4,3,3,-1,[ OK ]
7.0,4/8/2026 11:12:45 AM,4210,101.7,0,1.13,0.04592,0.4586,1.38,0,0,0,100,16.28,0.002216,0.01903,1,1,0,0,1,0,1,-1,1,0,4,3,3,-1,[ OK ]
7.3,4/8/2026 11:12:45 AM,4210,101.7,0,0.971,0.04394,0.4615,1.392,0,0,0,100,16.28,0.002618,0.165,1,1,0,0,1,0,1,-1,1,0,4,3,3,-1,[ OK ]
7.7,4/8/2026 11:12:46 AM,4211,101.7,0,0.9232,0.04176,0.4634,1.411,0,0,0,100,16.28,0.00282,0,1,1,0,0,1,0,1,-1,1,0,4,3,3,-1,[ OK ]
8.0,4/8/2026 11:12:46 AM,4211,101.7,0,0.9869,0.04275,0.4661,1.416,0,0,0,100,16.28,0.002216,0.01269,1,1,0,0,1,0,1,-1,1,0,4,3,3,-1,[ OK ]
8.3,4/8/2026 11:12:46 AM,4211,101.7,0,0.8436,0.04215,0.4683,1.425,0,0,0,100,16.28,0.0029,0.006345,1,1,0,0,1,0,1,-1,1,0,4,3,3,-1,[ OK ]
8.6,4/8/2026 11:12:47 AM,4211,101.7,0,0.8914,0.04255,0.4694,1.444,0,0,0,100,16.28,0.002457,0.04441,1,1,0,0,1,0,1,-1,1,0,4,3,3,-1,[ OK ]
8.9,4/8/2026 11:12:47 AM,4212,101.7,0,1.146,0.04205,0.4708,1.455,0,0,0,100,16.28,0.002578,0,1,1,0,0,1,0,1,-1,1,0,4,3,3,-1,[ OK ]
9.3,4/8/2026 11:12:47 AM,4212,101.7,0,0.9073,0.04314,0.4734,1.45,0,0,0,100,16.28,0.001772,0.203,1,1,0,0,1,0,1,-1,1,0,4,3,3,-1,[ OK ]
9.6,4/8/2026 11:12:48 AM,4212,101.7,0,0.9869,0.04096,0.474,1.466,0,0,0,100,16.28,0.0029,0.07614,1,1,0,0,1,0,1,-1,1,0,4,3,3,-1,[ OK ]
9.9,4/8/2026 11:12:48 AM,4213,101.7,0,1.051,0.04215,0.4761,1.464,0,0,0,100,16.28,0.002538,0.1523,1,1,0,0,1,0,1,-1,1,0,4,3,3,-1,[ OK ]
10.2,4/8/2026 11:12:48 AM,4213,101.7,0,1.098,0.04106,0.4767,1.475,0,0,0,100,16.28,0.001893,0,1,1,0,0,1,0,1,-1,1,0,4,3,3,-1,[ OK ]
10.5,4/8/2026 11:12:49 AM,4213,101.7,0,0.971,0.04245,0.4774,1.483,0,0,0,100,16.28,0.002578,0.04441,1,1,0,0,1,0,1,-1,1,0,4,3,3,-1,[ OK ]
10.9,4/8/2026 11:12:49 AM,4214,101.7,0,0.9551,0.04126,0.4783,1.488,0,0,0,100,16.28,0.002578,0,1,1,0,0,1,0,1,-1,1,0,4,3,3,-1,[ OK ]
11.2,4/8/2026 11:12:49 AM,4214,101.7,0,0.8596,0.04275,0.4796,1.489,0,0,0,100,16.28,0.002659,0.06345,1,1,0,0,1,0,1,-1,1,0,4,3,3,-1,[ OK ]
11.5,4/8/2026 11:12:50 AM,4214,101.7,0,0.3661,0.04176,0.4801,1.495,0,0,0,100,16.28,0.00286,0,1,1,0,0,1,0,1,-1,1,0,4,3,3,-1,[ OK ]
11.8,4/8/2026 11:12:50 AM,4215,101.7,0,1.019,0.04235,0.4809,1.499,0,0,0,100,16.28,0.002699,0,1,1,0,0,1,0,1,-1,1,0,4,3,3,-1,[ OK ]
12.1,4/8/2026 11:12:50 AM,4215,101.7,0,0.9869,0.04176,0.4817,1.499,0,0,0,100,16.28,0.00278,0.01269,1,1,0,0,1,0,1,-1,1,0,4,3,3,-1,[ OK ]
12.4,4/8/2026 11:12:51 AM,4215,101.7,0,0.5094,0.04215,0.4829,1.495,0,0,0,100,16.28,0.002538,0.05076,1,1,0,0,1,0,1,-1,1,0,4,3,3,-1,[ OK ]
12.8,4/8/2026 11:12:51 AM,4216,101.7,0,1.035,0.04166,0.483,1.503,0,0,0,100,16.28,0.002578,0.09517,1,1,0,0,1,0,1,-1,1,0,4,3,3,-1,[ OK ]
13.1,4/8/2026 11:12:51 AM,4216,101.7,0,1.289,0.04186,0.4833,1.508,0,0,0,100,16.28,0.002578,0,1,1,0,0,1,0,1,-1,1,0,4,3,3,-1,[ OK ]
13.4,4/8/2026 11:12:51 AM,4216,101.7,0,1.003,0.04146,0.4848,1.5,0,0,0,100,16.28,0.002336,0.08883,1,1,0,0,1,0,1,-1,1,0,4,3,3,-1,[ OK ]
13.7,4/8/2026 11:12:52 AM,4217,101.7,0,1.178,0.03947,0.4843,1.512,0,0,0,100,16.28,0.002538,0,1,1,0,0,1,0,1,-1,1,0,4,3,3,-1,[ OK ]
14.0,4/8/2026 11:12:52 AM,4217,101.7,0,1.257,0.04186,0.4851,1.511,0,0,0,100,16.28,0.003344,0.006345,1,1,0,0,1,0,1,-1,1,0,4,3,3,-1,[ OK ]
14.4,4/8/2026 11:12:52 AM,4217,101.7,0,0.4457,0.03947,0.4863,1.504,0,0,0,100,16.28,0.003021,0,1,1,0,0,1,0,1,-1,1,0,4,3,3,-1,[ OK ]
14.7,4/8/2026 11:12:53 AM,4218,101.7,0,0.8436,0.04215,0.4865,1.508,0,0,0,100,16.28,0.003867,0.006345,1,1,0,0,1,0,1,-1,1,0,4,3,3,-1,[ OK ]
15.0,4/8/2026 11:12:53 AM,4218,101.7,0,0.971,0.03947,0.487,1.507,0,0,0,100,16.28,0.003706,0.04441,1,1,0,0,1,0,1,-1,1,0,4,3,3,-1,[ OK ]
15.3,4/8/2026 11:12:53 AM,4218,101.7,0,1.48,0.04215,0.4867,1.515,0,0,0,100,16.28,0.003182,0.03807,1,1,0,0,1,0,1,-1,1,0,4,3,3,-1,[ OK ]
15.6,4/8/2026 11:12:54 AM,4219,101.7,0,0.8596,0.04195,0.4869,1.519,0,0,0,100,16.28,0.002578,0.01903,1,1,0,0,1,0,1,-1,1,0,4,3,3,-1,[ OK ]
16.0,4/8/2026 11:12:54 AM,4219,101.7,0,1.146,0.04344,0.4873,1.518,0,0,0,100,16.28,0.0029,0,1,1,0,0,1,0,1,-1,1,0,4,3,3,-1,[ OK ]
16.3,4/8/2026 11:12:54 AM,4219,101.7,0,0.78,0.04265,0.4877,1.519,0,0,0,100,16.28,0.00286,0,1,1,0,0,1,0,1,-1,1,0,4,3,3,-1,[ OK ]
16.6,4/8/2026 11:12:55 AM,4219,101.7,0,1.019,0.04106,0.4882,1.517,0,0,0,100,16.28,0.00282,0,1,1,0,0,1,0,1,-1,1,0,4,3,3,-1,[ OK ]
16.9,4/8/2026 11:12:55 AM,4220,101.7,0,0.9869,0.04225,0.4879,1.523,0,0,0,100,16.28,0.003062,0,1,1,0,0,1,0,1,-1,1,0,4,3,3,-1,[ OK ]
17.2,4/8/2026 11:12:55 AM,4220,101.7,0,1.051,0.04434,0.4894,1.511,0,0,0,100,16.28,0.00145,0,1,1,0,0,1,0,1,-1,1,0,4,3,3,-1,[ OK ]
17.5,4/8/2026 11:12:56 AM,4220,101.7,0,0.6845,0.03828,0.4897,1.511,0,0,0,100,16.28,0.00141,0,1,1,0,0,1,0,1,-1,1,0,4,3,3,-1,[ OK ]
17.9,4/8/2026 11:12:56 AM,4221,101.7,0,0.9391,0.04414,0.4898,1.512,0,0,0,100,16.28,0.003545,0.006345,1,1,0,0,1,0,1,-1,1,0,4,3,3,-1,[ OK ]
18.2,4/8/2026 11:12:56 AM,4221,101.7,0,1.385,0.04235,0.4897,1.517,0,0,0,100,16.28,0.00282,0,1,1,0,0,1,0,1,-1,1,0,4,3,3,-1,[ OK ]
18.5,4/8/2026 11:12:57 AM,4221,101.7,0,1.098,0.04275,0.4897,1.52,0,0,0,100,16.28,0.002538,0.08883,1,1,0,0,1,0,1,-1,1,0,4,3,3,-1,[ OK ]
18.8,4/8/2026 11:12:57 AM,4222,101.7,0,0.8596,0.04215,0.4898,1.521,0,0,0,100,16.28,0.002498,0.02538,1,1,0,0,1,0,1,-1,1,0,4,3,3,-1,[ OK ]
19.1,4/8/2026 11:12:57 AM,4222,101.7,0,1.019,0.04314,0.4905,1.517,0,0,0,100,16.28,0.002578,0.0571,1,1,0,0,1,0,1,-1,1,0,4,3,3,-1,[ OK ]
19.4,4/8/2026 11:12:58 AM,4222,101.7,0,1.098,0.04146,0.4908,1.517,0,0,0,100,16.28,0.002498,0,1,1,0,0,1,0,1,-1,1,0,4,3,3,-1,[ OK ]
19.8,4/8/2026 11:12:58 AM,4223,101.7,0,0.9551,0.04295,0.4904,1.525,0,0,0,100,16.28,0.002659,0,1,1,0,0,1,0,1,-1,1,0,4,3,3,-1,[ OK ]
20.2,4/8/2026 11:12:58 AM,4223,101.7,0,1.464,0.04245,0.4906,1.525,0,0,0,100,16.28,0.002699,0.06345,1,1,0,0,1,0,1,-1,1,0,4,3,3,-1,[ OK ]
20.5,4/8/2026 11:12:59 AM,4223,101.7,0,1.003,0.04176,0.4919,1.514,0,0,0,100,16.28,0.002336,0.1459,1,1,0,0,1,0,1,-1,1,0,4,3,3,-1,[ OK ]
20.8,4/8/2026 11:12:59 AM,4224,101.7,0,1.146,0.04146,0.4913,1.523,0,0,0,100,16.28,0.0029,0.03172,1,1,0,0,1,0,1,-1,1,0,4,3,3,-1,[ OK ]
21.2,4/8/2026 11:12:59 AM,4224,101.7,0,1.114,0.04255,0.4923,1.515,0,0,0,100,16.28,0.002739,0,1,1,0,0,1,0,1,-1,1,0,4,3,3,-1,[ OK ]
21.5,4/8/2026 11:13:00 AM,4224,101.7,0,1.385,0.04186,0.4919,1.521,0,0,0,100,16.28,0.00278,0,1,1,0,0,1,0,1,-1,1,0,4,3,3,-1,[ OK ]
21.8,4/8/2026 11:13:00 AM,4225,101.7,0,1.098,0.04106,0.4923,1.519,0,0,0,100,16.28,0.00145,0,1,1,0,0,1,0,1,-1,1,0,4,3,3,-1,[ OK ]
22.2,4/8/2026 11:13:00 AM,4225,101.7,0,1.098,0.04195,0.4923,1.522,0,0,0,100,16.28,0.002578,0,1,1,0,0,1,0,1,-1,1,0,4,3,3,-1,[ OK ]
22.6,4/8/2026 11:13:01 AM,4226,101.7,0,0.9551,0.03878,0.4925,1.523,0,0,0,100,16.28,0.002578,0.02538,1,1,0,0,1,0,1,-1,1,0,4,3,3,-1,[ OK ]
23.1,4/8/2026 11:13:01 AM,4226,101.7,0,1.035,0.03977,0.493,1.521,0,0,0,100,16.28,0.00141,0,1,1,0,0,1,0,1,-1,1,0,4,3,3,-1,[ OK ]
23.5,4/8/2026 11:13:02 AM,4226,101.7,0,0.764,0.04166,0.4928,1.526,0,0,0,100,16.28,0.003545,0.006345,1,1,0,0,1,0,1,-1,1,0,4,3,3,-1,[ OK ]
23.9,4/8/2026 11:13:02 AM,4227,101.7,0,1.48,0.03818,0.4934,1.522,0,0,0,100,16.28,0.002538,0,1,1,0,0,1,0,1,-1,1,0,4,3,3,-1,[ OK ]
24.5,4/8/2026 11:13:03 AM,4227,101.7,0,1.114,0.03947,0.494,1.52,0,0,0,100,16.28,0.002538,0,1,1,0,0,1,0,1,-1,1,0,4,3,3,-1,[ OK ]
24.8,4/8/2026 11:13:03 AM,4228,101.7,0,0.9073,0.04205,0.4939,1.523,0,0,0,100,16.28,0.002538,0.006345,1,1,0,0,1,0,1,-1,1,0,4,3,3,-1,[ OK ]
25.2,4/8/2026 11:13:03 AM,4228,101.7,0,0.971,0.04324,0.4941,1.524,0,0,0,100,16.28,0.001934,0.006345,1,1,0,0,1,0,1,-1,1,0,4,3,3,-1,[ OK ]
25.6,4/8/2026 11:13:04 AM,4228,101.7,0,0.7481,0.04235,0.4948,1.519,0,0,0,100,16.28,0.002618,0.1205,1,1,0,0,1,0,1,-1,1,0,4,3,3,-1,[ OK ]
26.0,4/8/2026 11:13:04 AM,4229,101.7,0,0.8914,0.04255,0.4941,1.528,0,0,0,100,16.28,0.002538,0,1,1,0,0,1,0,1,-1,1,0,4,3,3,-1,[ OK ]
26.4,4/8/2026 11:13:04 AM,4229,101.7,0,0.8755,0.04255,0.4946,1.525,0,0,0,100,16.28,0.0029,0,1,1,0,0,1,0,1,-1,1,0,4,3,3,-1,[ OK ]
26.7,4/8/2026 11:13:05 AM,4230,101.7,0,0.8914,0.04205,0.4952,1.52,0,0,0,100,16.28,0.00141,0.01269,1,1,0,0,1,0,1,-1,1,0,4,3,3,-1,[ OK ]
27.2,4/8/2026 11:13:05 AM,4230,101.7,0,1.13,0.04156,0.4952,1.523,0,0,0,100,16.28,0.002578,0.006345,1,1,0,0,1,0,1,-1,1,0,4,3,3,-1,[ OK ]
27.7,4/8/2026 11:13:06 AM,4231,101.7,0,1.035,0.03858,0.4952,1.525,0,0,0,100,16.28,0.002377,0.1967,1,1,0,0,1,0,1,-1,1,0,4,3,3,-1,[ OK ]
28.4,4/8/2026 11:13:06 AM,4231,101.7,0,0.8596,0.04324,0.4957,1.525,0,0,0,100,16.28,0.002538,0.2094,1,1,0,0,1,0,1,-1,1,0,4,3,3,-1,[ OK ]
28.8,4/8/2026 11:13:07 AM,4232,101.7,0,1.13,0.04265,0.4957,1.527,0,0,0,100,16.28,0.003223,0,1,1,0,0,1,0,1,-1,1,0,4,3,3,-1,[ OK ]
29.1,4/8/2026 11:13:07 AM,4232,101.7,0,1.003,0.04007,0.4969,1.517,0,0,0,100,16.28,0.003545,0,1,1,0,0,1,0,1,-1,1,0,4,3,3,-1,[ OK ]
29.5,4/8/2026 11:13:08 AM,4232,101.7,0,1.464,0.04334,0.4967,1.521,0,0,0,100,16.28,0.003867,0.05076,1,1,0,0,1,0,1,-1,1,0,4,3,3,-1,[ OK ]
29.9,4/8/2026 11:13:08 AM,4233,101.7,0,0.8755,0.03818,0.4961,1.529,0,0,0,100,16.28,0.003344,0.09517,1,1,0,0,1,0,1,-1,1,0,4,3,3,-1,[ OK ]
30.3,4/8/2026 11:13:08 AM,4233,101.7,0,1.146,0.04106,0.4965,1.527,0,0,0,100,16.28,0.0029,0,1,1,0,0,1,0,1,-1,1,0,4,3,3,-1,[ OK ]
30.7,4/8/2026 11:13:09 AM,4234,101.7,0,1.035,0.04096,0.4968,1.527,0,0,0,100,16.28,0.002417,0,1,1,0,0,1,0,1,-1,1,0,4,3,3,-1,[ OK ]
31.2,4/8/2026 11:13:09 AM,4234,101.7,0,1.051,0.04146,0.497,1.527,0,0,0,100,16.28,0.002336,0.03172,1,1,0,0,1,0,1,-1,1,0,4,3,3,-1,[ OK ]
31.6,4/8/2026 11:13:10 AM,4234,101.7,0,1.066,0.04176,0.498,1.518,0,0,0,100,16.28,0.002618,0,1,1,0,0,1,0,1,-1,1,0,4,3,3,-1,[ OK ]
31.9,4/8/2026 11:13:10 AM,4235,101.7,0,0.9391,0.03898,0.4979,1.521,0,0,0,100,16.28,0.003626,0,1,1,0,0,1,0,1,-1,1,0,4,3,3,-1,[ OK ]
32.3,4/8/2026 11:13:10 AM,4235,101.7,0,0.9551,0.04394,0.4984,1.518,0,0,0,100,16.28,0.002498,0,1,1,0,0,1,0,1,-1,1,0,4,3,3,-1,[ OK ]
32.6,4/8/2026 11:13:11 AM,4236,101.7,0,0.9391,0.03997,0.4979,1.525,0,0,0,100,16.28,0.003505,0,1,1,0,0,1,0,1,-1,1,0,4,3,3,-1,[ OK ]
33.1,4/8/2026 11:13:11 AM,4236,101.7,0,1.146,0.04245,0.4978,1.528,0,0,0,100,16.28,0.002578,0,1,1,0,0,1,0,1,-1,1,0,4,3,3,-1,[ OK ]
33.5,4/8/2026 11:13:12 AM,4236,101.7,0,1.544,0.04314,0.4983,1.525,0,0,0,100,16.28,0.002618,0.1967,1,1,0,0,1,0,1,-1,1,0,4,3,3,-1,[ OK ]
33.9,4/8/2026 11:13:12 AM,4237,101.7,0,1.003,0.04205,0.4989,1.52,0,0,0,100,16.28,0.002578,0.01269,1,1,0,0,1,0,1,-1,1,0,4,3,3,-1,[ OK ]
34.4,4/8/2026 11:13:12 AM,4237,101.7,0,0.8755,0.04493,0.4984,1.527,0,0,0,100,16.28,0.00282,0.03807,1,1,0,0,1,0,1,-1,1,0,4,3,3,-1,[ OK ]
34.8,4/8/2026 11:13:13 AM,4238,101.7,0,1.003,0.04215,0.4993,1.52,0,0,0,100,16.28,0.003021,0,1,1,0,0,1,0,1,-1,1,0,4,3,3,-1,[ OK ]
35.2,4/8/2026 11:13:13 AM,4238,101.7,0,1.528,0.04285,0.4997,1.518,0,0,0,100,16.28,0.002578,0,1,1,0,0,1,0,1,-1,1,0,4,3,3,-1,[ OK ]
35.7,4/8/2026 11:13:14 AM,4239,101.7,0,1.051,0.04205,0.4991,1.527,0,0,0,100,16.28,0.002014,0,1,1,0,0,1,0,1,-1,1,0,4,3,3,-1,[ OK ]
36.1,4/8/2026 11:13:14 AM,4239,101.7,0,1.019,0.04186,0.4993,1.527,0,0,0,100,16.28,0.002336,0.02538,1,1,0,0,1,0,1,-1,1,0,4,3,3,-1,[ OK ]
36.5,4/8/2026 11:13:15 AM,4239,101.7,0,1.544,0.04255,0.4992,1.531,0,0,0,100,16.28,0.002256,0.1015,1,1,0,0,1,0,1,-1,1,0,4,3,3,-1,[ OK ]
37.0,4/8/2026 11:13:15 AM,4240,101.7,0,1.019,0.04106,0.5001,1.523,0,0,0,100,16.28,0.002659,0,1,1,0,0,1,0,1,-1,1,0,4,3,3,-1,[ OK ]
38.3,4/8/2026 11:13:16 AM,4240,101.7,0,0.5094,0.04156,0.5008,1.519,0,0,0,100,16.28,0.003062,0.1269,1,1,0,0,1,0,1,-1,1,0,4,3.053,3,4,[ OK ]
39.5,4/8/2026 11:13:18 AM,4242,101.7,0,1.082,0.04513,0.5013,1.518,0,0,0,100,16.28,0.2071,404.5,1,1,0,0,1,0,1,-1,1,3,1,3.211,3,4,Interlock
40.7,4/8/2026 11:13:19 AM,4243,101.7,0,1.003,0.04215,0.5015,1.525,0,0,0,100,16.28,0.2088,404.4,1,1,0,0,1,0,1,-1,1,0,1,4,4,1,Interlock
41.9,4/8/2026 11:13:20 AM,4244,101.7,0,0.8755,0.04096,0.5019,1.527,0,0,0,100,16.28,0.2091,404.5,1,1,0,0,1,0,1,-1,1,0,1,3.75,4,1,Interlock
43.2,4/8/2026 11:13:21 AM,4245,101.7,0,1.114,0.04275,0.5032,1.52,0,0,0,100,16.28,0.2082,404.1,1,1,0,0,1,0,1,-1,1,0,1,3.375,4,1,Interlock
44.4,4/8/2026 11:13:22 AM,4247,101.7,0,0.5094,0.04116,0.503,1.526,0,0,0,100,16.28,0.2077,404.4,1,0,0,0,1,0,1,-1,1,0,1,3.125,4,1,Interlock
45.5,4/8/2026 11:13:24 AM,4248,101.7,0,1.082,0.04533,0.5039,1.524,0,0,0,100,16.28,0.00858,42.46,1,0,0,0,1,0,1,-1,1,0,2.223,3,3,1,Interlock
881.8,4/8/2026 11:27:20 AM,5084,101.7,0,1.401,0.03779,0,0.002618,0,0,0,100,16.28,0.002538,0,2.122E-314,0,0,0,1,0,1,-1,1,0,4,2.25,2,3,[ OK ]
883.2,4/8/2026 11:27:21 AM,5085,101.7,0,1.624,0.04235,0.2261,0.06385,0,0,0,100,16.28,0.003787,0.02538,2.122E-314,0,0,0,1,0,1,-1,1,0,4,3,2,3,[ OK ]
884.7,4/8/2026 11:27:23 AM,5087,101.7,0,1.003,0.04235,0.3438,0.7442,0,0,0,100,16.28,0.002618,0,2.122E-314,0,0,0,1,0,1,-1,1,0,4,3,3,-1,[ OK ]
885.8,4/8/2026 11:27:24 AM,5089,101.7,0,0.8436,0.04562,0.4009,1.07,0,0,0,100,16.28,0.002498,0.006345,2.122E-314,0,0,0,1,0,1,-1,1,0,4,3,3,-1,[ OK ]
886.2,4/8/2026 11:27:24 AM,5089,101.7,0,1.035,0.04265,0.4123,1.136,0,0,0,100,16.28,0.003424,0,2.122E-314,0,0,0,1,0,1,-1,1,0,4,3,3,-1,[ OK ]
886.6,4/8/2026 11:27:25 AM,5089,101.7,0,0.8596,0.04186,0.4223,1.188,0,0,0,100,16.28,0.0029,0,2.122E-314,0,0,0,1,0,1,-1,1,0,4,3,3,-1,[ OK ]
887.1,4/8/2026 11:27:25 AM,5090,101.7,0,1.019,0.04305,0.4311,1.229,0,0,0,100,16.28,0.003867,0.01903,2.122E-314,0,0,0,1,0,1,-1,1,0,4,3,3,-1,[ OK ]
887.5,4/8/2026 11:27:26 AM,5090,101.7,0,1.146,0.04106,0.4391,1.267,0,0,0,100,16.28,0.003746,0,2.122E-314,0,0,0,1,0,1,-1,1,0,4,3,3,-1,[ OK ]
888.0,4/8/2026 11:27:26 AM,5091,101.7,0,0.6049,0.03799,0.4443,1.313,0,0,0,100,16.28,0.003988,0,2.122E-314,0,0,0,1,0,1,-1,1,0,4,3,3,-1,[ OK ]
888.3,4/8/2026 11:27:26 AM,5091,101.7,0,0.6208,0.04314,0.4492,1.327,0,0,0,100,16.28,0.002498,0,2.122E-314,0,0,0,1,0,1,-1,1,0,4,3,3,-1,[ OK ]
888.8,4/8/2026 11:27:27 AM,5092,101.7,0,0.8596,0.04215,0.4543,1.351,0,0,0,100,16.28,0.002457,0,2.122E-314,0,0,0,1,0,1,-1,1,0,4,3,3,-1,[ OK ]
889.2,4/8/2026 11:27:27 AM,5092,101.7,0,1.066,0.04255,0.4584,1.376,0,0,0,100,16.28,0.002699,0,2.122E-314,0,0,0,1,0,1,-1,1,0,4,3,3,-1,[ OK ]
889.6,4/8/2026 11:27:28 AM,5092,101.7,0,0.9073,0.04176,0.4613,1.405,0,0,0,100,16.28,0.001571,0,2.122E-314,0,0,0,1,0,1,-1,1,0,4,3,3,-1,[ OK ]
890.0,4/8/2026 11:27:28 AM,5093,101.7,0,1.003,0.04186,0.4647,1.407,0,0,0,100,16.28,0.002377,0,2.122E-314,0,0,0,1,0,1,-1,1,0,4,3,3,-1,[ OK ]
890.4,4/8/2026 11:27:28 AM,5093,101.7,0,1.114,0.04245,0.4667,1.432,0,0,0,100,16.28,0.002739,0.006345,2.122E-314,0,0,0,1,0,1,-1,1,0,4,3,3,-1,[ OK ]
890.7,4/8/2026 11:27:29 AM,5094,101.7,0,0.9391,0.04265,0.4686,1.444,0,0,0,100,16.28,0.002538,0,2.122E-314,0,0,0,1,0,1,-1,1,0,4,3,3,-1,[ OK ]
891.2,4/8/2026 11:27:29 AM,5094,101.7,0,1.257,0.03739,0.4718,1.446,0,0,0,100,16.28,0.003384,0.01269,2.122E-314,0,0,0,1,0,1,-1,1,0,4,3,3,-1,[ OK ]
891.6,4/8/2026 11:27:30 AM,5094,101.7,0,1.082,0.04235,0.4731,1.458,0,0,0,100,16.28,0.003908,0.04441,2.122E-314,0,0,0,1,0,1,-1,1,0,4,3,3,-1,[ OK ]
892.0,4/8/2026 11:27:30 AM,5095,101.7,0,0.9391,0.04225,0.4751,1.467,0,0,0,100,16.28,0.002699,0,2.122E-314,0,0,0,1,0,1,-1,1,0,4,3,3,-1,[ OK ]
892.3,4/8/2026 11:27:30 AM,5095,101.7,0,1.098,0.04166,0.4759,1.477,0,0,0,100,16.28,0.002457,0,2.122E-314,0,0,0,1,0,1,-1,1,0,4,3,3,-1,[ OK ]
892.8,4/8/2026 11:27:31 AM,5096,101.7,0,1.576,0.04106,0.4778,1.48,0,0,0,100,16.28,0.00141,0,2.122E-314,0,0,0,1,0,1,-1,1,0,4,3,3,-1,[ OK ]
893.2,4/8/2026 11:27:31 AM,5096,101.7,0,1.449,0.04285,0.479,1.486,0,0,0,100,16.28,0.001571,0,2.122E-314,0,0,0,1,0,1,-1,1,0,4,3,3,-1,[ OK ]
893.5,4/8/2026 11:27:32 AM,5096,101.7,0,0.8277,0.03957,0.4801,1.488,0,0,0,100,16.28,0.002981,0,2.122E-314,0,0,0,1,0,1,-1,1,0,4,3,3,-1,[ OK ]
894.8,4/8/2026 11:27:33 AM,5097,101.7,0,1.433,0.04414,0.4812,1.495,0,0,0,100,16.28,0.002498,0.006345,2.122E-314,0,0,0,1,0,1,-1,1,0,4,3.053,3,4,[ OK ]
896.1,4/8/2026 11:27:34 AM,5098,101.7,0,0.9073,0.04176,0.4842,1.501,0,0,0,100,16.28,0.206,404.5,2.122E-314,0,0,0,1,0,1,-1,1,3,1,3.211,3,4,Interlock
897.3,4/8/2026 11:27:35 AM,5100,101.7,0,0.9391,0.04275,0.486,1.515,0,0,0,100,16.28,0.2074,404.5,2.122E-314,0,0,0,1,0,1,-1,1,0,1,4,4,1,Interlock
898.6,4/8/2026 11:27:37 AM,5101,101.7,0,1.098,0.04414,0.4878,1.513,0,0,0,100,16.28,0.2075,404.5,2.122E-314,0,0,0,1,0,1,-1,1,0,1,3.75,4,1,Interlock
899.8,4/8/2026 11:27:38 AM,5102,101.7,0,1.082,0.04364,0.4892,1.514,0,0,0,100,16.28,0.209,404.1,2.122E-314,0,0,0,1,0,1,-1,1,0,1,3.375,4,1,Interlock
901.3,4/8/2026 11:27:39 AM,5103,101.7,0,1.13,0.04166,0.4903,1.518,0,0,0,100,16.28,0.002457,1.573,2.122E-314,0,0,0,1,0,1,-1,1,0,2.63,3,4,1,Interlock
902.7,4/8/2026 11:27:41 AM,5105,101.7,0,0.4934,0.04215,0,0.002316,0,0,0,100,16.28,0.002538,0.184,2.122E-314,0,0,0,1,0,1,-1,1,0,3,2,3,1,Interlock
1367.3,4/8/2026 11:35:25 AM,5569,101.7,0,1.082,0.04186,0,0.00705,0,0,0,100,16.28,0.001692,0.1777,2.122E-314,0,0,0,1,0,1,-1,1,0,4,2.25,2,3,[ OK ]
1368.8,4/8/2026 11:35:27 AM,5571,101.7,0,1.082,0.04265,0.2473,0.1909,0,0,0,100,16.28,0.002578,0.01269,2.122E-314,0,0,0,1,0,1,-1,1,0,4,3,2,3,[ OK ]
1370.6,4/8/2026 11:35:29 AM,5573,101.7,0,1.019,0.04176,0.3648,0.8624,0,0,0,100,16.28,0.002256,0,2.122E-314,0,0,0,1,0,1,-1,1,0,4,3,3,-1,[ OK ]
1371.8,4/8/2026 11:35:30 AM,5575,101.7,0,0.9869,0.04215,0.4189,1.169,0,0,0,100,16.28,0.002659,0,2.122E-314,0,0,0,1,0,1,-1,1,0,4,3,3,-1,[ OK ]
1372.4,4/8/2026 11:35:30 AM,5575,101.7,0,1.098,0.04255,0.4308,1.221,0,0,0,100,16.28,0.001329,0.1967,2.122E-314,0,0,0,1,0,1,-1,1,0,4,3,3,-1,[ OK ]
1372.8,4/8/2026 11:35:31 AM,5576,101.7,0,1.257,0.04225,0.4387,1.262,0,0,0,100,16.28,0.002538,0,2.122E-314,0,0,0,1,0,1,-1,1,0,4,3,3,-1,[ OK ]
1373.3,4/8/2026 11:35:31 AM,5576,101.7,0,0.9551,0.04324,0.4451,1.296,0,0,0,100,16.28,0.002739,0.0571,2.122E-314,0,0,0,1,0,1,-1,1,0,4,3,3,-1,[ OK ]
1373.8,4/8/2026 11:35:32 AM,5577,101.7,0,1.369,0.04255,0.4513,1.344,0,0,0,100,16.28,0.002216,0,2.122E-314,0,0,0,1,0,1,-1,1,0,4,3,3,-1,[ OK ]
1374.3,4/8/2026 11:35:32 AM,5577,101.7,0,1.003,0.04205,0.4565,1.363,0,0,0,100,16.28,0.002659,0.03807,2.122E-314,0,0,0,1,0,1,-1,1,0,4,3,3,-1,[ OK ]
1374.7,4/8/2026 11:35:33 AM,5578,101.7,0,0.8755,0.04126,0.4602,1.392,0,0,0,100,16.28,0.00282,0,2.122E-314,0,0,0,1,0,1,-1,1,0,4,3,3,-1,[ OK ]
1375.2,4/8/2026 11:35:33 AM,5578,101.7,0,1.401,0.04235,0.4637,1.411,0,0,0,100,16.28,0.002578,0,2.122E-314,0,0,0,1,0,1,-1,1,0,4,3,3,-1,[ OK ]
1375.6,4/8/2026 11:35:34 AM,5578,101.7,0,0.8914,0.04255,0.4671,1.423,0,0,0,100,16.28,0.002941,0.01269,2.122E-314,0,0,0,1,0,1,-1,1,0,4,3,3,-1,[ OK ]
1376.1,4/8/2026 11:35:34 AM,5579,101.7,0,0.8755,0.04275,0.4702,1.434,0,0,0,100,16.28,0.003505,0,2.122E-314,0,0,0,1,0,1,-1,1,0,4,3,3,-1,[ OK ]
1376.5,4/8/2026 11:35:35 AM,5579,101.7,0,1.496,0.04265,0.4719,1.452,0,0,0,100,16.28,0.003827,0,2.122E-314,0,0,0,1,0,1,-1,1,0,4,3,3,-1,[ OK ]
1376.9,4/8/2026 11:35:35 AM,5580,101.7,0,1.035,0.04265,0.4739,1.463,0,0,0,100,16.28,0.003948,0,2.122E-314,0,0,0,1,0,1,-1,1,0,4,3,3,-1,[ OK ]
1377.4,4/8/2026 11:35:35 AM,5580,101.7,0,0.78,0.04295,0.4759,1.47,0,0,0,100,16.28,0.002578,0.01269,2.122E-314,0,0,0,1,0,1,-1,1,0,4,3,3,-1,[ OK ]
1377.8,4/8/2026 11:35:36 AM,5581,101.7,0,0.8118,0.04255,0.4777,1.476,0,0,0,100,16.28,0.002216,0,2.122E-314,0,0,0,1,0,1,-1,1,0,4,3,3,-1,[ OK ]
1378.3,4/8/2026 11:35:36 AM,5581,101.7,0,1.003,0.03947,0.4789,1.484,0,0,0,100,16.28,0.002498,0,2.122E-314,0,0,0,1,0,1,-1,1,0,4,3,3,-1,[ OK ]
1379.5,4/8/2026 11:35:38 AM,5582,101.7,0,1.13,0.04215,0.4801,1.495,0,0,0,100,16.28,0.002216,0,2.122E-314,0,0,0,1,0,1,-1,1,0,4,3.053,3,4,[ OK ]
1381.0,4/8/2026 11:35:39 AM,5583,101.7,0,1.035,0.04235,0.4837,1.503,0,0,0,100,16.28,0.2096,404.4,2.122E-314,0,0,0,1,0,1,-1,1,3,1,3.211,3,4,Interlock
1382.4,4/8/2026 11:35:40 AM,5585,101.7,0,1.003,0.04324,0.4864,1.509,0,0,0,100,16.28,0.2107,404.4,2.122E-314,0,0,0,1,0,1,-1,1,0,1,4,4,1,Interlock
1383.9,4/8/2026 11:35:42 AM,5586,101.7,0,1.003,0.04166,0.4882,1.515,0,0,0,100,16.28,0.2127,404.5,2.122E-314,0,0,0,1,0,1,-1,1,0,1,3.75,4,1,Interlock
1385.4,4/8/2026 11:35:43 AM,5588,101.7,0,1.003,0.04295,0.4901,1.516,0,0,0,100,16.28,0.2117,404.2,2.122E-314,0,0,0,1,0,1,-1,1,0,1,3.375,4,1,Interlock
1387.0,4/8/2026 11:35:45 AM,5589,101.7,0,1.162,0.04553,0.491,1.525,0,0,0,100,16.28,0.002457,0.9136,2.122E-314,0,0,0,1,0,1,-1,1,0,2.835,3,4,1,Interlock
1388.5,4/8/2026 11:35:47 AM,5591,101.7,0,0.9391,0.04265,0,0.003223,0,0,0,100,16.28,0.002538,0.1777,2.122E-314,0,0,0,1,0,1,-1,1,0,3,2,3,1,Interlock
1940.2,4/8/2026 11:44:58 AM,6142,101.7,0,1.019,0.03818,0,0.01279,0,0,0,100,16.28,0.002578,0.006345,2.122E-314,0,0,0,1,0,1,-1,1,0,4,2.25,2,3,[ OK ]
1941.7,4/8/2026 11:45:00 AM,6144,101.7,0,0.9869,0.04523,0.2505,0.2158,0,0,0,100,16.28,0.003424,0,2.122E-314,0,0,0,1,0,1,-1,1,0,4,3,2,3,[ OK ]
1943.5,4/8/2026 11:45:02 AM,6146,101.7,0,0.78,0.03838,0.3682,0.8648,0,0,0,100,16.28,0.002659,0.006345,2.122E-314,0,0,0,1,0,1,-1,1,0,4,3,3,-1,[ OK ]
1944.7,4/8/2026 11:45:03 AM,6148,101.7,0,0.3661,0.04116,0.4202,1.174,0,0,0,100,16.28,0.002699,0.01903,2.122E-314,0,0,0,1,0,1,-1,1,0,4,3,3,-1,[ OK ]
1945.3,4/8/2026 11:45:03 AM,6148,101.7,0,0.9869,0.04136,0.4313,1.238,0,0,0,100,16.28,0.002538,0,2.122E-314,0,0,0,1,0,1,-1,1,0,4,3,3,-1,[ OK ]
1945.9,4/8/2026 11:45:04 AM,6149,101.7,0,0.9232,0.04285,0.441,1.279,0,0,0,100,16.28,0.002578,0.1142,2.122E-314,0,0,0,1,0,1,-1,1,0,4,3,3,-1,[ OK ]
1946.3,4/8/2026 11:45:04 AM,6149,101.7,0,1.114,0.04245,0.4468,1.317,0,0,0,100,16.28,0.002417,0.01269,2.122E-314,0,0,0,1,0,1,-1,1,0,4,3,3,-1,[ OK ]
1946.8,4/8/2026 11:45:05 AM,6150,101.7,0,0.971,0.03947,0.4527,1.343,0,0,0,100,16.28,0.0029,0,2.122E-314,0,0,0,1,0,1,-1,1,0,4,3,3,-1,[ OK ]
1947.2,4/8/2026 11:45:05 AM,6150,101.7,0,1.48,0.03868,0.4574,1.364,0,0,0,100,16.28,0.002457,0,2.122E-314,0,0,0,1,0,1,-1,1,0,4,3,3,-1,[ OK ]
1947.7,4/8/2026 11:45:06 AM,6151,101.7,0,1.162,0.03928,0.4606,1.394,0,0,0,100,16.28,0.002699,0.1205,2.122E-314,0,0,0,1,0,1,-1,1,0,4,3,3,-1,[ OK ]
1948.1,4/8/2026 11:45:06 AM,6151,101.7,0,0.6367,0.04106,0.465,1.404,0,0,0,100,16.28,0.003344,0,2.122E-314,0,0,0,1,0,1,-1,1,0,4,3,3,-1,[ OK ]
1948.5,4/8/2026 11:45:07 AM,6151,101.7,0,0.764,0.04354,0.4677,1.423,0,0,0,100,16.28,0.00286,0,2.122E-314,0,0,0,1,0,1,-1,1,0,4,3,3,-1,[ OK ]
1949.0,4/8/2026 11:45:07 AM,6152,101.7,0,0.9551,0.04146,0.4703,1.435,0,0,0,100,16.28,0.002578,0,2.122E-314,0,0,0,1,0,1,-1,1,0,4,3,3,-1,[ OK ]
1949.4,4/8/2026 11:45:07 AM,6152,101.7,0,1.082,0.04493,0.472,1.453,0,0,0,100,16.28,0.001571,0,2.122E-314,0,0,0,1,0,1,-1,1,0,4,3,3,-1,[ OK ]
1949.9,4/8/2026 11:45:08 AM,6153,101.7,0,0.764,0.04434,0.475,1.454,0,0,0,100,16.28,0.002538,0,2.122E-314,0,0,0,1,0,1,-1,1,0,4,3,3,-1,[ OK ]
1950.3,4/8/2026 11:45:08 AM,6153,101.7,0,0.3024,0.04136,0.4763,1.467,0,0,0,100,16.28,0.0029,0,2.122E-314,0,0,0,1,0,1,-1,1,0,4,3,3,-1,[ OK ]
1950.7,4/8/2026 11:45:09 AM,6154,101.7,0,1.003,0.04166,0.4782,1.471,0,0,0,100,16.28,0.002498,0,2.122E-314,0,0,0,1,0,1,-1,1,0,4,3,3,-1,[ OK ]
1951.2,4/8/2026 11:45:09 AM,6154,101.7,0,0.8596,0.04553,0.4797,1.477,0,0,0,100,16.28,0.002578,0.05076,2.122E-314,0,0,0,1,0,1,-1,1,0,4,3,3,-1,[ OK ]
1951.6,4/8/2026 11:45:10 AM,6155,101.7,0,0.9869,0.04334,0.4807,1.486,0,0,0,100,16.28,0.002659,0,2.122E-314,0,0,0,1,0,1,-1,1,0,4,3,3,-1,[ OK ]
1952.1,4/8/2026 11:45:10 AM,6155,101.7,0,1.146,0.04334,0.4823,1.484,0,0,0,100,16.28,0.003505,0,2.122E-314,0,0,0,1,0,1,-1,1,0,4,3,3,-1,[ OK ]
1952.5,4/8/2026 11:45:11 AM,6155,101.7,0,1.003,0.04513,0.4825,1.497,0,0,0,100,16.28,0.001249,0,2.122E-314,0,0,0,1,0,1,-1,1,0,4,3,3,-1,[ OK ]
1953.0,4/8/2026 11:45:11 AM,6156,101.7,0,0.9232,0.04146,0.4832,1.502,0,0,0,100,16.28,0.002981,0,2.122E-314,0,0,0,1,0,1,-1,1,0,4,3,3,-1,[ OK ]
1953.4,4/8/2026 11:45:11 AM,6156,101.7,0,1.003,0.03908,0.4847,1.498,0,0,0,100,16.28,0.002981,0.01269,2.122E-314,0,0,0,1,0,1,-1,1,0,4,3,3,-1,[ OK ]
1953.9,4/8/2026 11:45:12 AM,6157,101.7,0,1.21,0.04096,0.4856,1.5,0,0,0,100,16.28,0.003062,0,2.122E-314,0,0,0,1,0,1,-1,1,0,4,3,3,-1,[ OK ]
1954.3,4/8/2026 11:45:12 AM,6157,101.7,0,1.035,0.04176,0.4856,1.509,0,0,0,100,16.28,0.002981,0.07614,2.122E-314,0,0,0,1,0,1,-1,1,0,4,3,3,-1,[ OK ]
1954.8,4/8/2026 11:45:13 AM,6158,101.7,0,1.051,0.04275,0.4861,1.513,0,0,0,100,16.28,0.002538,0.09517,2.122E-314,0,0,0,1,0,1,-1,1,0,4,3,3,-1,[ OK ]
1955.2,4/8/2026 11:45:13 AM,6158,101.7,0,1.051,0.04453,0.4867,1.515,0,0,0,100,16.28,0.002457,0,2.122E-314,0,0,0,1,0,1,-1,1,0,4,3,3,-1,[ OK ]
1955.7,4/8/2026 11:45:14 AM,6159,101.7,0,1.019,0.03928,0.488,1.509,0,0,0,100,16.28,0.0029,0,2.122E-314,0,0,0,1,0,1,-1,1,0,4,3,3,-1,[ OK ]
1956.8,4/8/2026 11:45:15 AM,6159,101.7,0,1.146,0.04225,0.4885,1.51,0,0,0,100,16.28,0.003102,0,2.122E-314,0,0,0,1,0,1,-1,1,0,4,3.053,3,4,[ OK ]
1958.2,4/8/2026 11:45:16 AM,6160,101.7,0,0.5571,0.04265,0.4893,1.522,0,0,0,100,16.28,0.2102,404.1,2.122E-314,0,0,0,1,0,1,-1,1,0,1,3.211,3,4,[ OK ]
1959.8,4/8/2026 11:45:18 AM,6162,101.7,0,0.78,0.04215,0.4907,1.526,0,0,0,100,16.28,0.2114,404.5,200,0,0,0,1,0,1,-1,1,0,1,3.316,3,4,[ OK ]
1961.3,4/8/2026 11:45:19 AM,6163,101.7,0,1.48,0.03739,0.4928,1.515,0,0,0,100,16.28,0.2104,404.3,200,1,0,0,1,0,1,-1,1,0,1,3.474,3,4,[ OK ]
1962.8,4/8/2026 11:45:21 AM,6165,101.7,0.02838,13.58,0.04314,0.4936,1.52,0,0,0,100,16.28,0.2087,404.3,200,1,0,-1,1,0,1,-1,1,1,1,3.632,3,4,[ OK ]
1964.1,4/8/2026 11:45:22 AM,6166,101.7,0.03583,26.92,0.04265,0.494,1.528,0,0,0,100,16.28,0.2084,404.3,200,1,0,-1,1,0,1,-1,1,1,1,3.684,3,4,[ OK ]
1965.6,4/8/2026 11:45:24 AM,6168,101.7,0.04039,36.28,0.04265,0.6249,2.202,0,0,0,100,16.28,0.2075,404.5,200,1,0,-1,1,0,1,-1,1,1,1,3.789,3,4,[ OK ]
1966.7,4/8/2026 11:45:25 AM,6169,101.7,0.04337,40.96,0.04741,0.6656,2.424,0,0,0,100,16.28,0.2082,404.2,200,1,0,-1,1,0,1,-1,1,1,1,3.789,3,4,[ OK ]
1967.5,4/8/2026 11:45:26 AM,6170,101.7,0.04489,43.9,0.04632,0.6899,2.527,0,0,0,100,16.28,0.208,404.1,200,1,0,-1,1,0,1,-1,1,1,1,3.789,3,4,[ OK ]
1968.1,4/8/2026 11:45:26 AM,6171,101.7,0.04557,45.33,0.04751,0.702,2.56,0,0,0,100,16.28,0.2102,404.2,200,1,0,-1,1,0,1,-1,1,1,1,3.789,3,4,[ OK ]
1968.7,4/8/2026 11:45:27 AM,6172,101.7,0.0464,45.6,0.04612,0.7113,2.597,0,0,0,100,16.28,0.2069,404.4,200,1,0,-1,1,0,1,-1,1,1,1,3.789,3,4,[ OK ]
1969.3,4/8/2026 11:45:27 AM,6172,101.7,0.04664,46.77,0.0482,0.7174,2.63,0,0,0,100,16.28,0.2097,404,200,1,0,-1,1,0,1,-1,1,1,1,3.789,3,4,[ OK ]
1969.9,4/8/2026 11:45:28 AM,6173,101.7,0.04709,47.26,0.04344,0.7246,2.654,0,0,0,100,16.28,0.2077,404.4,200,1,0,-1,1,0,1,-1,1,1,1,3.789,3,4,[ OK ]
1970.5,4/8/2026 11:45:29 AM,6173,101.7,0.04731,47.66,0.04602,0.7303,2.667,0,0,0,100,16.28,0.2069,404.4,200,1,0,-1,1,0,1,-1,1,1,1,3.789,3,4,[ OK ]
1971.1,4/8/2026 11:45:29 AM,6174,101.7,0.04727,48.9,0.04523,0.7356,2.687,0,0,0,100,16.28,0.2067,404,200,1,0,-1,1,0,1,-1,1,1,1,3.789,3,4,[ OK ]
1971.6,4/8/2026 11:45:30 AM,6174,101.7,0.04747,48.9,0.04741,0.7398,2.699,0,0,0,100,16.28,0.21,404,200,1,0,-1,1,0,1,-1,1,1,1,3.789,3,4,[ OK ]
1972.0,4/8/2026 11:45:30 AM,6175,101.7,0.04756,49.09,0.05068,0.7439,2.698,0,0,0,100,16.28,0.2089,404.1,200,1,0,-1,1,0,1,-1,1,1,1,3.789,3,4,[ OK ]
1972.6,4/8/2026 11:45:31 AM,6175,101.7,0.04854,46.37,0.04711,0.7463,2.712,0,0,0,100,16.28,0.209,404.5,200,1,0,-1,1,0,1,-1,1,1,1,3.789,3,4,[ OK ]
1973.0,4/8/2026 11:45:31 AM,6176,101.7,0.04795,48.9,0.0489,0.7498,2.719,0,0,0,100,16.28,0.2079,404.2,200,1,0,-1,1,0,1,-1,1,1,1,3.789,3,4,[ OK ]
1973.6,4/8/2026 11:45:32 AM,6176,101.7,0.0481,48.9,0.0481,0.7528,2.727,0,0,0,100,16.28,0.2069,404,200,1,0,-1,1,0,1,-1,1,1,1,3.789,3,4,[ OK ]
1974.3,4/8/2026 11:45:32 AM,6177,101.7,0.04826,48.9,0.04622,0.756,2.737,0,0,0,100,16.28,0.2092,404.3,200,1,0,-1,1,0,1,-1,1,1,1,3.789,3,4,[ OK ]
1974.8,4/8/2026 11:45:33 AM,6178,101.7,0.04841,48.9,0.04682,0.7602,2.733,0,0,0,100,16.28,0.2072,404.5,200,1,0,-1,1,0,1,-1,1,1,1,3.789,3,4,[ OK ]
1975.4,4/8/2026 11:45:33 AM,6178,101.7,0.04828,49.65,0.04652,0.7625,2.735,0,0,0,100,16.28,0.2095,404.4,200,1,0,-1,1,0,1,-1,1,1,1,3.789,3,4,[ OK ]
1975.9,4/8/2026 11:45:34 AM,6179,101.7,0.04859,49.03,0.08848,0.7658,2.737,0,0,0,100,16.28,0.2114,404.4,200,1,0,-1,1,0,1,-1,1,1,1,3.789,3,4,[ OK ]
1976.5,4/8/2026 11:45:35 AM,6179,101.7,0.04878,48.9,0.09899,0.7674,2.745,0,0,0,100,16.28,0.2151,404.2,200,1,0,-0.9733,1,1,1,-1,1,1,1,3.789,3,4,[ OK ]
1977.0,4/8/2026 11:45:35 AM,6180,101.7,0.0499,46.61,0.1746,0.7713,2.74,0,0,0,100,16.28,0.2205,404.5,200,1,0,-0.1686,1,1,1,-1,1,1,1,3.789,3,4,[ OK ]
1978.2,4/8/2026 11:45:36 AM,6180,101.7,0.05101,45.13,0.1601,0.6806,2.31,0,0,0,100,16.28,0.222,404.3,200,1,0,-0.4861,1,1,1,-1,1,1,1,3.947,3,4,[ OK ]
1979.6,4/8/2026 11:45:38 AM,6182,101.7,0.05201,47.31,0.1379,0.6198,2.011,0,0,0,100,16.28,0.2264,404.4,200,1,0,-0.754,1,1,1,1,1,1,1,4,4,-1,[ OK ]
1981.7,4/8/2026 11:45:40 AM,6184,101.7,0.05916,50.68,0.154,0.5691,1.758,0,0,0,100,16.28,0.2339,404,200,1,0,-0.5261,1,1,1,1,1,1,1,4,4,-1,[ OK ]
1982.6,4/8/2026 11:45:41 AM,6185,101.7,0.06912,57.05,0.1887,0.557,1.694,0,0,0,100,16.28,0.2419,404.4,200,1,0,-0.2822,1,1,1,1,1,1,1,4,4,-1,[ OK ]
1983.2,4/8/2026 11:45:41 AM,6186,101.7,0.07804,58.51,0.3761,0.5499,1.676,0,0,0,100,16.28,0.2688,404,200,1,0,0.289,1,1,1,1,1,1,1,4,4,-1,[ OK ]
1983.6,4/8/2026 11:45:42 AM,6186,101.7,0.08436,57.05,0.4037,0.5457,1.655,0,0,0,100,16.28,0.2743,404.5,200,1,0,0.325,1,1,1,1,1,1,1,4,4,-1,[ OK ]
1984.5,4/8/2026 11:45:43 AM,6187,101.7,0.09714,58.23,0.4523,0.5432,1.637,0,0,0,100,16.28,0.2823,404.4,200,1,0,0.3815,1,1,1,1,1,1,1,4,4,-1,[ OK ]
1985.2,4/8/2026 11:45:43 AM,6188,101.7,0.1127,69,0.5035,0.5379,1.599,0,0,0,100,16.28,0.2895,404.3,200,1,0,0.4241,1,1,1,1,1,1,1,4,4,-1,[ OK ]
1985.7,4/8/2026 11:45:44 AM,6189,101.7,0.1185,74.88,0.5227,0.5354,1.593,0,0,0,100,16.28,0.2915,404.2,200,1,0,0.4449,1,1,1,1,1,1,1,4,4,-1,[ OK ]
1986.2,4/8/2026 11:45:44 AM,6189,101.7,0.1236,80.07,0.5323,0.5333,1.586,0,0,0,100,16.28,0.296,404,200,1,0,0.4561,1,1,1,1,1,1,1,4,4,-1,[ OK ]
1986.7,4/8/2026 11:45:45 AM,6190,101.7,0.1279,85.05,0.5499,0.5328,1.567,0,0,0,100,16.28,0.2983,404.1,200,1,0,0.4554,1,1,1,1,1,1,1,4,4,-1,[ OK ]
1987.2,4/8/2026 11:45:45 AM,6190,101.7,0.1317,89.65,0.5477,0.5315,1.56,0,0,0,100,16.28,0.2964,404.2,200,1,0,0.4633,1,1,1,1,1,1,1,4,4,-1,[ OK ]
1987.8,4/8/2026 11:45:46 AM,6191,101.7,0.135,93.55,0.5564,0.5296,1.563,0,0,0,100,16.28,0.2966,404.3,200,1,0,0.4704,1,1,1,1,1,1,1,4,4,-1,[ OK ]
1988.3,4/8/2026 11:45:46 AM,6191,101.7,0.1376,97.8,0.5628,0.5293,1.55,0,0,0,100,16.28,0.2963,404.3,200,1,0,0.4727,1,1,1,1,1,1,1,4,4,-1,[ OK ]
1988.7,4/8/2026 11:45:47 AM,6192,101.7,0.1395,100.3,0.56,0.5286,1.548,0,0,0,100,16.28,0.2964,404.1,200,1,0,0.4677,1,1,1,1,1,1,1,4,4,-1,[ OK ]
1989.2,4/8/2026 11:45:47 AM,6192,101.7,0.1421,101.8,0.5624,0.5267,1.555,0,0,0,100,16.28,0.2982,404.4,200,1,0,0.4655,1,1,1,1,1,1,1,4,4,-1,[ OK ]
1989.7,4/8/2026 11:45:48 AM,6193,101.7,0.1435,104.2,0.5651,0.5267,1.547,0,0,0,100,16.28,0.2957,404.5,200,1,0,0.4613,1,1,1,1,1,1,1,4,4,-1,[ OK ]
1990.1,4/8/2026 11:45:48 AM,6193,101.7,0.1446,106.7,0.5602,0.527,1.536,0,0,0,100,16.28,0.2968,404.3,200,1,0,0.4787,1,1,1,1,1,1,1,4,4,-1,[ OK ]
1990.5,4/8/2026 11:45:49 AM,6193,101.7,0.1459,107.8,0.5636,0.5262,1.538,0,0,0,100,16.28,0.2993,403.8,200,1,0,0.4736,1,1,1,1,1,1,1,4,4,-1,[ OK ]
1990.9,4/8/2026 11:45:49 AM,6194,101.7,0.1471,108.8,0.5608,0.5256,1.54,0,0,0,100,16.28,0.2974,404.4,200,1,0,0.4672,1,1,1,1,1,1,1,4,4,-1,[ OK ]
1991.3,4/8/2026 11:45:49 AM,6194,101.7,0.148,110.3,0.5575,0.5254,1.537,0,0,0,100,16.28,0.296,404.4,200,1,0,0.4792,1,1,1,1,1,1,1,4,4,-1,[ OK ]
1991.6,4/8/2026 11:45:50 AM,6195,101.7,0.1484,111.9,0.5517,0.5259,1.529,0,0,0,100,16.28,0.2929,404.2,200,1,0,0.4716,1,1,1,1,1,1,1,4,4,-1,[ OK ]
1992.1,4/8/2026 11:45:50 AM,6195,101.7,0.1495,111.9,0.5491,0.5238,1.547,0,0,0,100,16.28,0.2932,404.1,200,1,0,0.4687,1,1,1,1,1,1,1,4,4,-1,[ OK ]
1992.5,4/8/2026 11:45:51 AM,6195,101.7,0.1504,112.1,0.5511,0.5253,1.528,0,0,0,100,16.28,0.2939,404,200,1,0,0.4672,1,1,1,1,1,1,1,4,4,-1,[ OK ]
1992.8,4/8/2026 11:45:51 AM,6196,101.7,0.1504,114.1,0.5572,0.5245,1.533,0,0,0,100,16.28,0.2955,404.4,200,1,0,0.4699,1,1,1,1,1,1,1,4,4,-1,[ OK ]
1993.2,4/8/2026 11:45:51 AM,6196,101.7,0.1509,114.9,0.5458,0.5246,1.529,0,0,0,100,16.28,0.2913,404.4,200,1,0,0.4718,1,1,1,1,1,1,1,4,4,-1,[ OK ]
1993.6,4/8/2026 11:45:52 AM,6197,101.7,0.1515,115,0.5442,0.5236,1.538,0,0,0,100,16.28,0.2919,404.4,200,1,0,0.4671,1,1,1,1,1,1,1,4,4,-1,[ OK ]
1994.1,4/8/2026 11:45:52 AM,6197,101.7,0.1519,115.4,0.5443,0.5226,1.547,0,0,0,100,16.28,0.2919,404.4,200,1,0,0.4549,1,1,1,1,1,1,1,4,4,-1,[ OK ]
1994.5,4/8/2026 11:45:53 AM,6197,101.7,0.1522,116,0.5475,0.5234,1.535,0,0,0,100,16.28,0.2932,404.3,200,1,0,0.4642,1,1,1,1,1,1,1,4,4,-1,[ OK ]
1994.9,4/8/2026 11:45:53 AM,6198,101.7,0.1525,116.6,0.5452,0.5241,1.526,0,0,0,100,16.28,0.2894,404.1,200,1,0,0.4755,1,1,1,1,1,1,1,4,4,-1,[ OK ]
1995.3,4/8/2026 11:45:53 AM,6198,101.7,0.1525,117.7,0.5338,0.5231,1.533,0,0,0,100,16.28,0.2923,404.2,200,1,0,0.4548,1,1,1,1,1,1,1,4,4,-1,[ OK ]
1995.7,4/8/2026 11:45:54 AM,6199,101.7,0.153,117.3,0.5444,0.5226,1.538,0,0,0,100,16.28,0.2877,404.4,200,1,0,0.4715,1,1,1,1,1,1,1,4,4,-1,[ OK ]
1996.2,4/8/2026 11:45:54 AM,6199,101.7,0.153,118,0.5265,0.523,1.532,0,0,0,100,16.28,0.29,404,200,1,0,0.4574,1,1,1,1,1,1,1,4,4,-1,[ OK ]
1996.6,4/8/2026 11:45:55 AM,6199,101.7,0.1532,118.1,0.5354,0.5227,1.534,0,0,0,100,16.28,0.2903,404.2,200,1,0,0.4578,1,1,1,1,1,1,1,4,4,-1,[ OK ]
1997.0,4/8/2026 11:45:55 AM,6200,101.7,0.1534,118.3,0.5251,0.5227,1.533,0,0,0,100,16.28,0.2902,404.1,200,1,0,0.4592,1,1,1,1,1,1,1,4,4,-1,[ OK ]
1997.4,4/8/2026 11:45:55 AM,6200,101.7,0.1532,119.2,0.5308,0.5226,1.534,0,0,0,100,16.28,0.2904,404.1,200,1,0,0.4547,1,1,1,1,1,1,1,4,4,-1,[ OK ]
1997.8,4/8/2026 11:45:56 AM,6201,101.7,0.1535,118.8,0.5198,0.5232,1.527,0,0,0,100,16.28,0.2852,404.2,200,1,0,0.4501,1,1,1,1,1,1,1,4,4,-1,[ OK ]
1998.3,4/8/2026 11:45:56 AM,6201,101.7,0.1532,120.2,0.5218,0.5222,1.536,0,0,0,100,16.28,0.2862,404.1,200,1,0,0.4595,1,1,1,1,1,1,1,4,4,-1,[ OK ]
1998.7,4/8/2026 11:45:57 AM,6202,101.7,0.1535,119.4,0.5235,0.5225,1.533,0,0,0,100,16.28,0.2874,404,200,1,0,0.44,1,1,1,1,1,1,1,4,4,-1,[ OK ]
1999.1,4/8/2026 11:45:57 AM,6202,101.7,0.1531,121,0.5066,0.5231,1.525,0,0,0,100,16.28,0.2827,404.5,200,1,0,0.4498,1,1,1,1,1,1,1,4,4,-1,[ OK ]
1999.5,4/8/2026 11:45:58 AM,6202,101.7,0.1537,118.9,0.508,0.5235,1.519,0,0,0,100,16.28,0.2832,404.3,200,1,0,0.4459,1,1,1,1,1,1,1,4,4,-1,[ OK ]
1999.8,4/8/2026 11:45:58 AM,6203,101.7,0.1537,119.1,0.5126,0.5223,1.532,0,0,0,100,16.28,0.2842,404.4,200,1,0,0.4492,1,1,1,1,1,1,1,4,4,-1,[ OK ]
2000.2,4/8/2026 11:45:58 AM,6203,101.7,0.1537,119.1,0.5216,0.5223,1.533,0,0,0,100,16.28,0.281,404.1,200,1,0,0.4499,1,1,1,1,1,1,1,4,4,-1,[ OK ]
2000.5,4/8/2026 11:45:59 AM,6203,101.7,0.1534,120.1,0.5071,0.5235,1.519,0,0,0,100,16.28,0.2834,404.4,200,1,0,0.4451,1,1,1,1,1,1,1,4,4,-1,[ OK ]
2000.9,4/8/2026 11:45:59 AM,6204,101.7,0.1531,120.8,0.5076,0.5226,1.529,0,0,0,100,16.28,0.2798,404,200,1,0,0.4483,1,1,1,1,1,1,1,4,4,-1,[ OK ]
2001.2,4/8/2026 11:45:59 AM,6204,101.7,0.1533,120.2,0.5056,0.5221,1.534,0,0,0,100,16.28,0.2817,404.4,200,1,0,0.438,1,1,1,1,1,1,1,4,4,-1,[ OK ]
2001.5,4/8/2026 11:46:00 AM,6204,101.7,0.1533,120.1,0.4978,0.5227,1.527,0,0,0,100,16.28,0.2813,404.2,200,1,0,0.448,1,1,1,1,1,1,1,4,4,-1,[ OK ]
2001.9,4/8/2026 11:46:00 AM,6205,101.7,0.1534,119.5,0.5067,0.5217,1.537,0,0,0,100,16.28,0.2805,404.3,200,1,0,0.4461,1,1,1,1,1,1,1,4,4,-1,[ OK ]
2002.3,4/8/2026 11:46:00 AM,6205,101.7,0.1531,120.3,0.4996,0.5221,1.532,0,0,0,100,16.28,0.2808,404.2,200,1,0,0.4397,1,1,1,1,1,1,1,4,4,-1,[ OK ]
2002.7,4/8/2026 11:46:01 AM,6206,101.7,0.153,120.6,0.5023,0.5222,1.531,0,0,0,100,16.28,0.2815,404,200,1,0,0.4305,1,1,1,1,1,1,1,4,4,-1,[ OK ]
2003.0,4/8/2026 11:46:01 AM,6206,101.7,0.1531,120.2,0.4936,0.522,1.533,0,0,0,100,16.28,0.2817,404.3,200,1,0,0.435,1,1,1,1,1,1,1,4,4,-1,[ OK ]
2003.3,4/8/2026 11:46:01 AM,6206,101.7,0.1528,121,0.5029,0.5221,1.531,0,0,0,100,16.28,0.281,404.1,200,1,0,0.4387,1,1,1,1,1,1,1,4,4,-1,[ OK ]
2003.6,4/8/2026 11:46:02 AM,6207,101.7,0.1529,120.4,0.4999,0.5225,1.528,0,0,0,100,16.28,0.2793,404.3,200,1,0,0.4416,1,1,1,1,1,1,1,4,4,-1,[ OK ]
2004.1,4/8/2026 11:46:02 AM,6207,101.7,0.1526,121.1,0.4934,0.5223,1.528,0,0,0,100,16.28,0.2788,404.2,200,1,0,0.4349,1,1,1,1,1,1,1,4,4,-1,[ OK ]
2004.4,4/8/2026 11:46:02 AM,6207,101.7,0.1527,120.7,0.4934,0.5228,1.523,0,0,0,100,16.28,0.2776,404.4,200,1,0,0.4393,1,1,1,1,1,1,1,4,4,-1,[ OK ]
2004.7,4/8/2026 11:46:03 AM,6208,101.7,0.1526,120.9,0.5003,0.5221,1.531,0,0,0,100,16.28,0.2783,404.3,200,1,0,0.4389,1,1,1,1,1,1,1,4,4,-1,[ OK ]
2005.0,4/8/2026 11:46:03 AM,6208,101.7,0.1526,120.6,0.4839,0.5223,1.529,0,0,0,100,16.28,0.2774,404.1,200,1,0,0.4414,1,1,1,1,1,1,1,4,4,-1,[ OK ]
2005.4,4/8/2026 11:46:04 AM,6208,101.7,0.1526,120.6,0.5005,0.5224,1.528,0,0,0,100,16.28,0.2759,404,200,1,0,0.4409,1,1,1,1,1,1,1,4,4,-1,[ OK ]
2005.9,4/8/2026 11:46:04 AM,6209,101.7,0.1524,120.8,0.483,0.5218,1.534,0,0,0,100,16.28,0.2778,404,200,1,0,0.438,1,1,1,1,1,1,1,4,4,-1,[ OK ]
2006.2,4/8/2026 11:46:04 AM,6209,101.7,0.1522,121.3,0.4943,0.5218,1.534,0,0,0,100,16.28,0.2785,404.1,200,1,0,0.4356,1,1,1,1,1,1,1,4,4,-1,[ OK ]
2006.6,4/8/2026 11:46:05 AM,6209,101.7,0.1524,120.5,0.4934,0.5228,1.523,0,0,0,100,16.28,0.2772,404.2,200,1,0,0.4383,1,1,1,1,1,1,1,4,4,-1,[ OK ]
2007.0,4/8/2026 11:46:05 AM,6210,101.7,0.1522,120.5,0.4856,0.5216,1.535,0,0,0,100,16.28,0.2762,404.1,200,1,0,0.4293,1,1,1,1,1,1,1,4,4,-1,[ OK ]
2007.4,4/8/2026 11:46:06 AM,6210,101.7,0.1523,120,0.4795,0.5225,1.525,0,0,0,100,16.28,0.2759,404.3,200,1,0,0.4407,1,1,1,1,1,1,1,4,4,-1,[ OK ]
2007.9,4/8/2026 11:46:06 AM,6211,101.7,0.1522,120.2,0.48,0.5225,1.525,0,0,0,100,16.28,0.2738,404.5,200,1,0,0.4332,1,1,1,1,1,1,1,4,4,-1,[ OK ]
2008.3,4/8/2026 11:46:06 AM,6211,101.7,0.1519,120.8,0.479,0.5216,1.533,0,0,0,100,16.28,0.2733,404.4,200,1,0,0.4249,1,1,1,1,1,1,1,4,4,-1,[ OK ]
2008.7,4/8/2026 11:46:07 AM,6212,101.7,0.1519,120.7,0.4825,0.5224,1.525,0,0,0,100,16.28,0.2734,404.4,200,1,0,0.4232,1,1,1,1,1,1,1,4,4,-1,[ OK ]
2009.1,4/8/2026 11:46:07 AM,6212,101.7,0.1517,120.8,0.4776,0.5219,1.529,0,0,0,100,16.28,0.2732,404.3,200,1,0,0.4244,1,1,1,1,1,1,1,4,4,-1,[ OK ]
2009.5,4/8/2026 11:46:08 AM,6212,101.7,0.1516,120.7,0.4783,0.5217,1.531,0,0,0,100,16.28,0.2711,404.4,200,1,0,0.4385,1,1,1,1,1,1,1,4,4,-1,[ OK ]
2010.0,4/8/2026 11:46:08 AM,6213,101.7,0.1514,121.1,0.4689,0.522,1.529,0,0,0,100,16.28,0.271,404.3,200,1,0,0.4277,1,1,1,1,1,1,1,4,4,-1,[ OK ]
2010.4,4/8/2026 11:46:08 AM,6213,101.7,0.1516,120.4,0.4719,0.5216,1.533,0,0,0,100,16.28,0.2717,404.1,200,1,0,0.4173,1,1,1,1,1,1,1,4,4,-1,[ OK ]
2010.8,4/8/2026 11:46:09 AM,6214,101.7,0.1513,121,0.4679,0.5214,1.535,0,0,0,100,16.28,0.2726,404.3,200,1,0,0.4234,1,1,1,1,1,1,1,4,4,-1,[ OK ]
2011.2,4/8/2026 11:46:09 AM,6214,101.7,0.1514,120.4,0.4767,0.5219,1.529,0,0,0,100,16.28,0.2709,404.3,200,1,0,0.4161,1,1,1,1,1,1,1,4,4,-1,[ OK ]
2011.6,4/8/2026 11:46:10 AM,6215,101.7,0.1513,120.4,0.4682,0.5222,1.526,0,0,0,100,16.28,0.2711,404,200,1,0,0.4225,1,1,1,1,1,1,1,4,4,-1,[ OK ]
2012.0,4/8/2026 11:46:10 AM,6215,101.7,0.1511,121,0.4735,0.5215,1.534,0,0,0,100,16.28,0.2715,404.5,200,1,0,0.4188,1,1,1,1,1,1,1,4,4,-1,[ OK ]
2012.4,4/8/2026 11:46:10 AM,6215,101.7,0.1511,120.6,0.4634,0.5222,1.525,0,0,0,100,16.28,0.2697,404.3,200,1,0,0.4179,1,1,1,1,1,1,1,4,4,-1,[ OK ]
2012.8,4/8/2026 11:46:11 AM,6216,101.7,0.151,120.7,0.4727,0.5225,1.523,0,0,0,100,16.28,0.2701,404.1,200,1,0,0.4268,1,1,1,1,1,1,1,4,4,-1,[ OK ]
2013.2,4/8/2026 11:46:11 AM,6216,101.7,0.151,120.4,0.4712,0.5216,1.532,0,0,0,100,16.28,0.2713,404.4,200,1,0,0.4243,1,1,1,1,1,1,1,4,4,-1,[ OK ]
2013.6,4/8/2026 11:46:12 AM,6217,101.7,0.1507,121.1,0.4581,0.5225,1.523,0,0,0,100,16.28,0.2695,404.1,200,1,0,0.4163,1,1,1,1,1,1,1,4,4,-1,[ OK ]
2014.1,4/8/2026 11:46:12 AM,6217,101.7,0.1507,120.8,0.4674,0.522,1.528,0,0,0,100,16.28,0.2708,404.2,200,1,0,0.4243,1,1,1,1,1,1,1,4,4,-1,[ OK ]
2014.5,4/8/2026 11:46:13 AM,6217,101.7,0.1507,120.6,0.4613,0.5216,1.533,0,0,0,100,16.28,0.2726,404,200,1,0,0.4118,1,1,1,1,1,1,1,4,4,-1,[ OK ]
2014.9,4/8/2026 11:46:13 AM,6218,101.7,0.1509,119.8,0.4636,0.5217,1.531,0,0,0,100,16.28,0.2695,404.4,200,1,0,0.4193,1,1,1,1,1,1,1,4,4,-1,[ OK ]
2015.3,4/8/2026 11:46:13 AM,6218,101.7,0.1508,120.1,0.456,0.5219,1.53,0,0,0,100,16.28,0.2717,404.3,200,1,0,0.4159,1,1,1,1,1,1,1,4,4,-1,[ OK ]
2015.7,4/8/2026 11:46:14 AM,6219,101.7,0.1506,120.3,0.4644,0.5225,1.523,0,0,0,100,16.28,0.2691,404.3,200,1,0,0.417,1,1,1,1,1,1,1,4,4,-1,[ OK ]
2016.2,4/8/2026 11:46:14 AM,6219,101.7,0.1505,120.5,0.4576,0.5218,1.53,0,0,0,100,16.28,0.2694,404,200,1,0,0.4093,1,1,1,1,1,1,1,4,4,-1,[ OK ]
2016.5,4/8/2026 11:46:15 AM,6219,101.7,0.1506,120.2,0.4648,0.5216,1.532,0,0,0,100,16.28,0.2734,404.3,200,1,0,0.4004,1,1,1,1,1,1,1,4,4,-1,[ OK ]
2016.8,4/8/2026 11:46:15 AM,6220,101.7,0.1505,120.2,0.4545,0.5216,1.532,0,0,0,100,16.28,0.27,404,200,1,0,0.4126,1,1,1,1,1,1,1,4,4,-1,[ OK ]
2017.2,4/8/2026 11:46:15 AM,6220,101.7,0.1502,120.9,0.4616,0.5216,1.532,0,0,0,100,16.28,0.2707,404.1,200,1,0,0.4096,1,1,1,1,1,1,1,4,4,-1,[ OK ]
2017.6,4/8/2026 11:46:16 AM,6220,101.7,0.1503,120.6,0.451,0.5213,1.535,0,0,0,100,16.28,0.2699,404,200,1,0,0.4224,1,1,1,1,1,1,1,4,4,-1,[ OK ]
2017.9,4/8/2026 11:46:16 AM,6221,101.7,0.1506,119.5,0.4601,0.5223,1.524,0,0,0,100,16.28,0.2709,404,200,1,0,0.4001,1,1,1,1,1,1,1,4,4,-1,[ OK ]
2018.3,4/8/2026 11:46:16 AM,6221,101.7,0.1502,120.5,0.46,0.5219,1.528,0,0,0,100,16.28,0.2682,404.2,200,1,0,0.4094,1,1,1,1,1,1,1,4,4,-1,[ OK ]
2018.7,4/8/2026 11:46:17 AM,6222,101.7,0.1503,120.2,0.4636,0.5225,1.52,0,0,0,100,16.28,0.2696,404,200,1,0,0.4025,1,1,1,1,1,1,1,4,4,-1,[ OK ]
2019.1,4/8/2026 11:46:17 AM,6222,101.7,0.1502,120.4,0.446,0.5219,1.526,0,0,0,100,16.28,0.2688,404.3,200,1,0,0.404,1,1,1,1,1,1,1,4,4,-1,[ OK ]
2019.4,4/8/2026 11:46:17 AM,6222,101.7,0.1502,120.2,0.4568,0.5219,1.527,0,0,0,100,16.28,0.2705,404.3,200,1,0,0.4086,1,1,1,1,1,1,1,4,4,-1,[ OK ]
2019.7,4/8/2026 11:46:18 AM,6223,101.7,0.1501,120.3,0.452,0.5217,1.529,0,0,0,100,16.28,0.2691,404.1,200,1,0,0.3941,1,1,1,1,1,1,1,4,4,-1,[ OK ]
2020.1,4/8/2026 11:46:18 AM,6223,101.7,0.1501,120.5,0.4511,0.5215,1.532,0,0,0,100,16.28,0.2673,404.4,200,1,0,0.4159,1,1,1,1,1,1,1,4,4,-1,[ OK ]
2020.5,4/8/2026 11:46:19 AM,6223,101.7,0.15,120.5,0.4527,0.522,1.526,0,0,0,100,16.28,0.2682,404.4,200,1,0,0.415,1,1,1,1,1,1,1,4,4,-1,[ OK ]
2020.8,4/8/2026 11:46:19 AM,6224,101.7,0.15,120.2,0.4448,0.5213,1.534,0,0,0,100,16.28,0.2674,404.3,200,1,0,0.4047,1,1,1,1,1,1,1,4,4,-1,[ OK ]
2021.1,4/8/2026 11:46:19 AM,6224,101.7,0.1499,120.4,0.4614,0.5214,1.533,0,0,0,100,16.28,0.2716,404.4,200,1,0,0.4012,1,1,1,1,1,1,1,4,4,-1,[ OK ]
2021.4,4/8/2026 11:46:19 AM,6224,101.7,0.15,119.8,0.452,0.5216,1.53,0,0,0,100,16.28,0.2676,404.3,200,1,0,0.4057,1,1,1,1,1,1,1,4,4,-1,[ OK ]
2021.8,4/8/2026 11:46:20 AM,6225,101.7,0.1499,120,0.4539,0.5219,1.527,0,0,0,100,16.28,0.268,404.4,200,1,0,0.4045,1,1,1,1,1,1,1,4,4,-1,[ OK ]
2022.2,4/8/2026 11:46:20 AM,6225,101.7,0.1497,120.7,0.4482,0.5219,1.527,0,0,0,100,16.28,0.2679,404.3,200,1,0,0.4004,1,1,1,1,1,1,1,4,4,-1,[ OK ]
2022.5,4/8/2026 11:46:21 AM,6225,101.7,0.1497,120.3,0.4519,0.5214,1.531,0,0,0,100,16.28,0.2678,404.2,200,1,0,0.4118,1,1,1,1,1,1,1,4,4,-1,[ OK ]
2022.8,4/8/2026 11:46:21 AM,6226,101.7,0.1497,120.5,0.4557,0.5213,1.533,0,0,0,100,16.28,0.268,404.3,200,1,0,0.4067,1,1,1,1,1,1,1,4,4,-1,[ OK ]
2023.2,4/8/2026 11:46:21 AM,6226,101.7,0.1498,119.9,0.4441,0.5221,1.524,0,0,0,100,16.28,0.2686,404.1,200,1,0,0.4068,1,1,1,1,1,1,1,4,4,-1,[ OK ]
2023.6,4/8/2026 11:46:22 AM,6227,101.7,0.1498,119.7,0.4507,0.5213,1.532,0,0,0,100,16.28,0.2711,404.3,200,1,0,0.3957,1,1,1,1,1,1,1,4,4,-1,[ OK ]
2023.9,4/8/2026 11:46:22 AM,6227,101.7,0.1497,120.1,0.4532,0.5216,1.53,0,0,0,100,16.28,0.269,404.2,200,1,0,0.3994,1,1,1,1,1,1,1,4,4,-1,[ OK ]
2024.3,4/8/2026 11:46:22 AM,6227,101.7,0.1496,120.2,0.449,0.5221,1.524,0,0,0,100,16.28,0.2684,404.2,200,1,0,0.3937,1,1,1,1,1,1,1,4,4,-1,[ OK ]
2024.7,4/8/2026 11:46:23 AM,6228,101.7,0.1496,120.1,0.4427,0.5217,1.528,0,0,0,100,16.28,0.2678,404,200,1,0,0.4035,1,1,1,1,1,1,1,4,4,-1,[ OK ]
2025.0,4/8/2026 11:46:23 AM,6228,101.7,0.1496,120.3,0.4426,0.5218,1.526,0,0,0,100,16.28,0.2691,404.1,200,1,0,0.3962,1,1,1,1,1,1,1,4,4,-1,[ OK ]
2025.3,4/8/2026 11:46:23 AM,6228,101.7,0.1498,119.4,0.4448,0.5213,1.531,0,0,0,100,16.28,0.268,404.3,200,1,0,0.4077,1,1,1,1,1,1,1,4,4,-1,[ OK ]
2025.6,4/8/2026 11:46:24 AM,6229,101.7,0.1495,120.2,0.4505,0.5218,1.527,0,0,0,100,16.28,0.2676,404.4,200,1,0,0.406,1,1,1,1,1,1,1,4,4,-1,[ OK ]
2026.1,4/8/2026 11:46:24 AM,6229,101.7,0.1494,120.6,0.4489,0.5218,1.526,0,0,0,100,16.28,0.2691,404.2,200,1,0,0.4016,1,1,1,1,1,1,1,4,4,-1,[ OK ]
2026.4,4/8/2026 11:46:24 AM,6229,101.7,0.1497,119.4,0.4521,0.5222,1.522,0,0,0,100,16.28,0.268,404.2,200,1,0,0.4019,1,1,1,1,1,1,1,4,4,-1,[ OK ]
2026.7,4/8/2026 11:46:25 AM,6230,101.7,0.1495,120,0.4489,0.5215,1.53,0,0,0,100,16.28,0.2722,404.2,200,1,0,0.3965,1,1,1,1,1,1,1,4,4,-1,[ OK ]
2027.0,4/8/2026 11:46:25 AM,6230,101.7,0.1494,120.2,0.4509,0.5223,1.521,0,0,0,100,16.28,0.2711,404.3,200,1,0,0.3976,1,1,1,1,1,1,1,4,4,-1,[ OK ]
2027.5,4/8/2026 11:46:26 AM,6230,101.7,0.1495,119.8,0.4477,0.5212,1.533,0,0,0,100,16.28,0.2667,404.4,200,1,0,0.4067,1,1,1,1,1,1,1,4,4,-1,[ OK ]
2028.0,4/8/2026 11:46:26 AM,6231,101.7,0.1492,120.7,0.4479,0.5221,1.522,0,0,0,100,16.28,0.2674,404.3,200,1,0,0.4025,1,1,1,1,1,1,1,4,4,-1,[ OK ]
2028.4,4/8/2026 11:46:26 AM,6231,101.7,0.1494,120,0.4519,0.5213,1.531,0,0,0,100,16.28,0.2671,404,200,1,0,0.4045,1,1,1,1,1,1,1,4,4,-1,[ OK ]
2028.8,4/8/2026 11:46:27 AM,6232,101.7,0.1492,120.6,0.4426,0.5218,1.525,0,0,0,100,16.28,0.2694,404.4,200,1,0,0.3914,1,1,1,1,1,1,1,4,4,-1,[ OK ]
2029.3,4/8/2026 11:46:27 AM,6232,101.7,0.1493,120,0.4467,0.5221,1.521,0,0,0,100,16.28,0.2673,404,200,1,0,0.3982,1,1,1,1,1,1,1,4,4,-1,[ OK ]
2029.7,4/8/2026 11:46:28 AM,6233,101.7,0.1493,120,0.4474,0.522,1.523,0,0,0,100,16.28,0.265,403.9,200,1,0,0.4045,1,1,1,1,1,1,1,4,4,-1,[ OK ]
2030.0,4/8/2026 11:46:28 AM,6233,101.7,0.1493,120,0.4441,0.5214,1.529,0,0,0,100,16.28,0.2665,404.3,200,1,0,0.3981,1,1,1,1,1,1,1,4,4,-1,[ OK ]
2030.5,4/8/2026 11:46:29 AM,6233,101.7,0.1493,119.9,0.445,0.5217,1.526,0,0,0,100,16.28,0.2645,404.3,200,1,0,0.4025,1,1,1,1,1,1,1,4,4,-1,[ OK ]
2030.8,4/8/2026 11:46:29 AM,6234,101.7,0.1492,120,0.447,0.5216,1.528,0,0,0,100,16.28,0.262,404,200,1,0,0.408,1,1,1,1,1,1,1,4,4,-1,[ OK ]
2031.3,4/8/2026 11:46:29 AM,6234,101.7,0.1491,120.3,0.4426,0.5215,1.529,0,0,0,100,16.28,0.2651,404.3,200,1,0,0.4078,1,1,1,1,1,1,1,4,4,-1,[ OK ]
2031.8,4/8/2026 11:46:30 AM,6235,101.7,0.1492,120.1,0.4463,0.5217,1.527,0,0,0,100,16.28,0.2661,404.4,200,1,0,0.3989,1,1,1,1,1,1,1,4,4,-1,[ OK ]
2032.4,4/8/2026 11:46:30 AM,6235,101.7,0.1493,119.6,0.4465,0.5216,1.527,0,0,0,100,16.28,0.2645,404.3,200,1,0,0.4032,1,1,1,1,1,1,1,4,4,-1,[ OK ]
2032.9,4/8/2026 11:46:31 AM,6236,101.7,0.1491,120.3,0.4443,0.5208,1.536,0,0,0,100,16.28,0.265,404.3,200,1,0,0.4027,1,1,1,1,1,1,1,4,4,-1,[ OK ]
2033.4,4/8/2026 11:46:31 AM,6236,101.7,0.1491,120.3,0.4441,0.5212,1.534,0,0,0,100,16.28,0.2679,404.3,200,1,0,0.3948,1,1,1,1,1,1,1,4,4,-1,[ OK ]
2033.9,4/8/2026 11:46:32 AM,6237,101.7,0.1491,120.2,0.4336,0.5218,1.526,0,0,0,100,16.28,0.2647,404.1,200,1,0,0.402,1,1,1,1,1,1,1,4,4,-1,[ OK ]
2034.4,4/8/2026 11:46:33 AM,6237,101.7,0.149,120.3,0.4443,0.5211,1.535,0,0,0,100,16.28,0.2659,404.3,200,1,0,0.3832,1,1,1,1,1,1,1,4,4,-1,[ OK ]
2035.0,4/8/2026 11:46:33 AM,6238,101.7,0.1491,120.1,0.4364,0.5221,1.524,0,0,0,100,16.28,0.2661,404.3,200,1,0,0.3998,1,1,1,1,1,1,1,4,4,-1,[ OK ]
2035.5,4/8/2026 11:46:34 AM,6238,101.7,0.149,120.2,0.4426,0.5222,1.523,0,0,0,100,16.28,0.2645,404.1,200,1,0,0.4023,1,1,1,1,1,1,1,4,4,-1,[ OK ]
2035.9,4/8/2026 11:46:34 AM,6239,101.7,0.149,119.8,0.4426,0.5221,1.524,0,0,0,100,16.28,0.2639,403.9,200,1,0,0.3869,1,1,1,1,1,1,1,4,4,-1,[ OK ]
2036.2,4/8/2026 11:46:34 AM,6239,101.7,0.1491,119.4,0.4431,0.5219,1.526,0,0,0,100,16.28,0.2648,404.6,200,1,0,0.3909,1,1,1,1,1,1,1,4,4,-1,[ OK ]
2036.6,4/8/2026 11:46:35 AM,6240,101.7,0.149,120,0.4426,0.5214,1.531,0,0,0,100,16.28,0.2648,404,200,1,0,0.4017,1,1,1,1,1,1,1,4,4,-1,[ OK ]
2037.2,4/8/2026 11:46:35 AM,6240,101.7,0.1487,120.8,0.4348,0.5221,1.522,0,0,0,100,16.28,0.263,404.3,200,1,0,0.3939,1,1,1,1,1,1,1,4,4,-1,[ OK ]
2037.6,4/8/2026 11:46:36 AM,6240,101.7,0.1489,120,0.4357,0.5216,1.527,0,0,0,100,16.28,0.2629,404.3,200,1,0,0.3935,1,1,1,1,1,1,1,4,4,-1,[ OK ]
2037.9,4/8/2026 11:46:36 AM,6241,101.7,0.1489,120.1,0.4426,0.5217,1.527,0,0,0,100,16.28,0.2655,403.9,200,1,0,0.3897,1,1,1,1,1,1,1,4,4,-1,[ OK ]
2038.2,4/8/2026 11:46:36 AM,6241,101.7,0.1487,120.5,0.4363,0.5212,1.532,0,0,0,100,16.28,0.2653,404.4,200,1,0,0.3883,1,1,1,1,1,1,1,4,4,-1,[ OK ]
2038.5,4/8/2026 11:46:37 AM,6241,101.7,0.1488,120.2,0.4426,0.5215,1.529,0,0,0,100,16.28,0.2636,404.4,200,1,0,0.4045,1,1,1,1,1,1,1,4,4,-1,[ OK ]
2039.0,4/8/2026 11:46:37 AM,6242,101.7,0.1486,120.9,0.4426,0.5218,1.527,0,0,0,100,16.28,0.2679,404.3,200,1,0,0.3836,1,1,1,1,1,1,1,4,4,-1,[ OK ]
2039.3,4/8/2026 11:46:37 AM,6242,101.7,0.1492,118.9,0.4299,0.5212,1.532,0,0,0,100,16.28,0.264,404.6,200,1,0,0.3848,1,1,1,1,1,1,1,4,4,-1,[ OK ]
2039.6,4/8/2026 11:46:38 AM,6242,101.7,0.1488,120.2,0.4426,0.5216,1.528,0,0,0,100,16.28,0.2652,404,200,1,0,0.4008,1,1,1,1,1,1,1,4,4,-1,[ OK ]
2039.9,4/8/2026 11:46:38 AM,6243,101.7,0.1488,120.2,0.4342,0.5211,1.533,0,0,0,100,16.28,0.2652,404.2,200,1,0,0.3861,1,1,1,1,1,1,1,4,4,-1,[ OK ]
2040.4,4/8/2026 11:46:39 AM,6243,101.7,0.1492,118.7,0.4426,0.5224,1.517,0,0,0,100,16.28,0.266,404.3,200,1,0,0.3901,1,1,1,1,1,1,1,4,4,-1,[ OK ]
2040.8,4/8/2026 11:46:39 AM,6244,101.7,0.1486,120.4,0.4301,0.5217,1.526,0,0,0,100,16.28,0.2652,404.1,200,1,0,0.3844,1,1,1,1,1,1,1,4,4,-1,[ OK ]
2041.2,4/8/2026 11:46:39 AM,6244,101.7,0.1489,119.6,0.4362,0.5221,1.522,0,0,0,100,16.28,0.265,404.4,200,1,0,0.3804,1,1,1,1,1,1,1,4,4,-1,[ OK ]
2041.5,4/8/2026 11:46:40 AM,6244,101.7,0.1487,120.1,0.4306,0.5216,1.528,0,0,0,100,16.28,0.2691,404.1,200,1,0,0.3797,1,1,1,1,1,1,1,4,4,-1,[ OK ]
2041.8,4/8/2026 11:46:40 AM,6245,101.7,0.1486,120.3,0.4302,0.5216,1.527,0,0,0,100,16.28,0.263,403.9,200,1,0,0.3922,1,1,1,1,1,1,1,4,4,-1,[ OK ]
2042.3,4/8/2026 11:46:40 AM,6245,101.7,0.1487,120.2,0.4323,0.5207,1.538,0,0,0,100,16.28,0.2673,404,200,1,0,0.3961,1,1,1,1,1,1,1,4,4,-1,[ OK ]
2042.6,4/8/2026 11:46:41 AM,6246,101.7,0.1487,120,0.4346,0.522,1.524,0,0,0,100,16.28,0.2629,404,200,1,0,0.3859,1,1,1,1,1,1,1,4,4,-1,[ OK ]
2043.2,4/8/2026 11:46:41 AM,6246,101.7,0.1489,119.4,0.4339,0.5211,1.534,0,0,0,100,16.28,0.2664,404.4,200,1,0,0.3982,1,1,1,1,1,1,1,4,4,-1,[ OK ]
2043.5,4/8/2026 11:46:42 AM,6246,101.7,0.148,122.2,0.4277,0.5216,1.528,0,0,0,100,16.28,0.2662,404.3,200,1,0,0.3819,1,1,1,1,1,1,1,4,4,-1,[ OK ]
2044.0,4/8/2026 11:46:42 AM,6247,101.7,0.1485,120.6,0.4338,0.5215,1.53,0,0,0,100,16.28,0.2649,404.2,200,1,0,0.3877,1,1,1,1,1,1,1,4,4,-1,[ OK ]
2044.5,4/8/2026 11:46:43 AM,6247,101.7,0.1487,119.9,0.4307,0.5213,1.532,0,0,0,100,16.28,0.263,404.4,200,1,0,0.3851,1,1,1,1,1,1,1,4,4,-1,[ OK ]
2044.8,4/8/2026 11:46:43 AM,6248,101.7,0.1487,119.9,0.4332,0.5219,1.526,0,0,0,100,16.28,0.264,404.2,200,1,0,0.4035,1,1,1,1,1,1,1,4,4,-1,[ OK ]
2045.4,4/8/2026 11:46:43 AM,6248,101.7,0.1485,120.4,0.4282,0.5214,1.531,0,0,0,100,16.28,0.2656,404.3,200,1,0,0.3797,1,1,1,1,1,1,1,4,4,-1,[ OK ]
2045.9,4/8/2026 11:46:44 AM,6249,101.7,0.1484,120.5,0.4277,0.5211,1.534,0,0,0,100,16.28,0.2639,404.1,200,1,0,0.3849,1,1,1,1,1,1,1,4,4,-1,[ OK ]
2046.4,4/8/2026 11:46:44 AM,6249,101.7,0.1485,120.5,0.4273,0.5214,1.531,0,0,0,100,16.28,0.265,403.9,200,1,0,0.3886,1,1,1,1,1,1,1,4,4,-1,[ OK ]
2046.9,4/8/2026 11:46:45 AM,6250,101.7,0.1486,120.1,0.4298,0.5217,1.527,0,0,0,100,16.28,0.2646,404.4,200,1,0,0.3828,1,1,1,1,1,1,1,4,4,-1,[ OK ]
2047.5,4/8/2026 11:46:46 AM,6250,101.7,0.1485,120.3,0.4331,0.522,1.523,0,0,0,100,16.28,0.2645,404.5,200,1,0,0.3866,1,1,1,1,1,1,1,4,4,-1,[ OK ]
2048.0,4/8/2026 11:46:46 AM,6251,101.7,0.1487,119.6,0.4349,0.522,1.523,0,0,0,100,16.28,0.2652,404.4,200,1,0,0.3865,1,1,1,1,1,1,1,4,4,-1,[ OK ]
2048.5,4/8/2026 11:46:47 AM,6251,101.7,0.1485,120.1,0.4266,0.5218,1.525,0,0,0,100,16.28,0.2689,404.3,200,1,0,0.3709,1,1,1,1,1,1,1,4,4,-1,[ OK ]
2049.0,4/8/2026 11:46:47 AM,6252,101.7,0.1487,119.5,0.4317,0.5211,1.532,0,0,0,100,16.28,0.2666,404.1,200,1,0,0.3763,1,1,1,1,1,1,1,4,4,-1,[ OK ]
2049.6,4/8/2026 11:46:48 AM,6252,101.7,0.1485,120.2,0.4293,0.5222,1.52,0,0,0,100,16.28,0.267,404,200,1,0,0.3832,1,1,1,1,1,1,1,4,4,-1,[ OK ]
2050.1,4/8/2026 11:46:48 AM,6253,101.7,0.1485,120.1,0.4333,0.5208,1.536,0,0,0,100,16.28,0.267,404.1,200,1,0,0.3804,1,1,1,1,1,1,1,4,4,-1,[ OK ]
2050.7,4/8/2026 11:46:49 AM,6254,101.7,0.1487,119.2,0.4243,0.5214,1.529,0,0,0,100,16.28,0.2666,404.3,200,1,0,0.3769,1,1,1,1,1,1,1,4,4,-1,[ OK ]
2051.3,4/8/2026 11:46:49 AM,6254,101.7,0.1486,119.5,0.4286,0.5213,1.53,0,0,0,100,16.28,0.2668,403.8,200,1,0,0.3798,1,1,1,1,1,1,1,4,4,-1,[ OK ]
2051.9,4/8/2026 11:46:50 AM,6255,101.7,0.1485,120.1,0.4346,0.5213,1.529,0,0,0,100,16.28,0.2664,404.4,200,1,0,0.3724,1,1,1,1,1,1,1,4,4,-1,[ OK ]
2052.6,4/8/2026 11:46:51 AM,6255,101.7,0.1485,119.9,0.4339,0.521,1.533,0,0,0,100,16.28,0.2665,403.9,200,1,0,0.3786,1,1,1,1,1,1,1,4,4,-1,[ OK ]
2053.3,4/8/2026 11:46:51 AM,6256,101.7,0.1485,119.8,0.4323,0.5221,1.521,0,0,0,100,16.28,0.2644,404,200,1,0,0.3763,1,1,1,1,1,1,1,4,4,-1,[ OK ]
2054.0,4/8/2026 11:46:52 AM,6257,101.7,0.1477,122.2,0.4286,0.522,1.522,0,0,0,100,16.28,0.263,403.9,200,1,0,0.3768,1,1,1,1,1,1,1,4,4,-1,[ OK ]
2054.6,4/8/2026 11:46:53 AM,6258,101.7,0.1483,120.2,0.43,0.5219,1.522,0,0,0,100,16.28,0.2656,404.4,200,1,0,0.3745,1,1,1,1,1,1,1,4,4,-1,[ OK ]
2055.3,4/8/2026 11:46:53 AM,6258,101.7,0.1485,119.9,0.4276,0.5217,1.524,0,0,0,100,16.28,0.2649,404.1,200,1,0,0.3713,1,1,1,1,1,1,1,4,4,-1,[ OK ]
2055.9,4/8/2026 11:46:54 AM,6259,101.7,0.1484,119.8,0.4284,0.5219,1.522,0,0,0,100,16.28,0.2661,404.2,200,1,0,0.3792,1,1,1,1,1,1,1,4,4,-1,[ OK ]
2056.5,4/8/2026 11:46:55 AM,6259,101.7,0.1484,120,0.4217,0.521,1.532,0,0,0,100,16.28,0.2644,404.3,200,1,0,0.3773,1,1,1,1,1,1,1,4,4,-1,[ OK ]
2057.1,4/8/2026 11:46:55 AM,6260,101.7,0.1481,120.9,0.4268,0.5216,1.526,0,0,0,100,16.28,0.2649,404.1,200,1,0,0.3809,1,1,1,1,1,1,1,4,4,-1,[ OK ]
2057.9,4/8/2026 11:46:56 AM,6261,101.7,0.1483,120.1,0.4238,0.5207,1.535,0,0,0,100,16.28,0.2652,404.3,200,1,0,0.3786,1,1,1,1,1,1,1,4,4,-1,[ OK ]
2058.6,4/8/2026 11:46:57 AM,6261,101.7,0.1483,120.1,0.4252,0.5213,1.529,0,0,0,100,16.28,0.2655,403.9,200,1,0,0.3788,1,1,1,1,1,1,1,4,4,-1,[ OK ]
2059.1,4/8/2026 11:46:57 AM,6262,101.7,0.1485,119.5,0.4253,0.522,1.523,0,0,0,100,16.28,0.2651,404.3,200,1,0,0.3782,1,1,1,1,1,1,1,4,4,-1,[ OK ]
2059.8,4/8/2026 11:46:58 AM,6263,101.7,0.1483,120.1,0.4242,0.5211,1.532,0,0,0,100,16.28,0.2634,404.3,200,1,0,0.3871,1,1,1,1,1,1,1,4,4,-1,[ OK ]
2060.5,4/8/2026 11:46:59 AM,6263,101.7,0.1484,119.8,0.4304,0.5215,1.528,0,0,0,100,16.28,0.2639,404,200,1,0,0.3819,1,1,1,1,1,1,1,4,4,-1,[ OK ]
2061.2,4/8/2026 11:46:59 AM,6264,101.7,0.1484,119.8,0.422,0.5219,1.523,0,0,0,100,16.28,0.2614,404.1,200,1,0,0.3814,1,1,1,1,1,1,1,4,4,-1,[ OK ]
2061.9,4/8/2026 11:47:00 AM,6265,101.7,0.1483,120.1,0.4289,0.5213,1.53,0,0,0,100,16.28,0.2633,404,200,1,0,0.3881,1,1,1,1,1,1,1,4,4,-1,[ OK ]
2062.8,4/8/2026 11:47:01 AM,6266,101.7,0.1483,120.1,0.4327,0.521,1.533,0,0,0,100,16.28,0.264,404.2,200,1,0,0.3825,1,1,1,1,1,1,1,4,4,-1,[ OK ]
2063.6,4/8/2026 11:47:02 AM,6266,101.7,0.1481,120.4,0.4255,0.5218,1.523,0,0,0,100,16.28,0.2618,404.1,200,1,0,0.3846,1,1,1,1,1,1,1,4,4,-1,[ OK ]
2064.3,4/8/2026 11:47:02 AM,6267,101.7,0.1483,120,0.425,0.5212,1.529,0,0,0,100,16.28,0.2631,403.9,200,1,0,0.3799,1,1,1,1,1,1,1,4,4,-1,[ OK ]
2065.0,4/8/2026 11:47:03 AM,6268,101.7,0.1483,119.9,0.424,0.5211,1.53,0,0,0,100,16.28,0.2639,404.4,200,1,0,0.3824,1,1,1,1,1,1,1,4,4,-1,[ OK ]
2065.7,4/8/2026 11:47:04 AM,6269,101.7,0.1483,119.9,0.4273,0.5214,1.527,0,0,0,100,16.28,0.2616,403.9,200,1,0,0.3807,1,1,1,1,1,1,1,4,4,-1,[ OK ]
2066.5,4/8/2026 11:47:05 AM,6269,101.7,0.1484,119.7,0.4212,0.5211,1.531,0,0,0,100,16.28,0.261,404.3,200,1,0,0.3898,1,1,1,1,1,1,1,4,4,-1,[ OK ]
2067.1,4/8/2026 11:47:05 AM,6270,101.7,0.1483,119.8,0.4171,0.5216,1.526,0,0,0,100,16.28,0.2616,404.3,200,1,0,0.386,1,1,1,1,1,1,1,4,4,-1,[ OK ]
2067.8,4/8/2026 11:47:06 AM,6271,101.7,0.1483,119.7,0.4275,0.5212,1.53,0,0,0,100,16.28,0.2606,404,200,1,0,0.3869,1,1,1,1,1,1,1,4,4,-1,[ OK ]
2068.4,4/8/2026 11:47:07 AM,6271,101.7,0.1482,120,0.4274,0.5219,1.522,0,0,0,100,16.28,0.2596,404.1,200,1,0,0.3864,1,1,1,1,1,1,1,4,4,-1,[ OK ]
2069.1,4/8/2026 11:47:07 AM,6272,101.7,0.1482,119.9,0.4215,0.5217,1.525,0,0,0,100,16.28,0.2611,404,200,1,0,0.3828,1,1,1,1,1,1,1,4,4,-1,[ OK ]
2069.7,4/8/2026 11:47:08 AM,6273,101.7,0.1482,120,0.4217,0.5214,1.528,0,0,0,100,16.28,0.2606,404,200,1,0,0.3869,1,1,1,1,1,1,1,4,4,-1,[ OK ]
2070.3,4/8/2026 11:47:08 AM,6273,101.7,0.1482,120.2,0.417,0.5223,1.519,0,0,0,100,16.28,0.2612,403.9,200,1,0,0.3774,1,1,1,1,1,1,1,4,4,-1,[ OK ]
2070.8,4/8/2026 11:47:09 AM,6274,101.7,0.1483,119.8,0.4221,0.5209,1.534,0,0,0,100,16.28,0.2612,403.9,200,1,0,0.3788,1,1,1,1,1,1,1,4,4,-1,[ OK ]
2071.6,4/8/2026 11:47:10 AM,6274,101.7,0.1482,119.8,0.4242,0.5213,1.529,0,0,0,100,16.28,0.2609,404,200,1,0,0.3783,1,1,1,1,1,1,1,4,4,-1,[ OK ]
2072.2,4/8/2026 11:47:10 AM,6275,101.7,0.1482,120,0.4263,0.5218,1.524,0,0,0,100,16.28,0.2602,404.2,200,1,0,0.3808,1,1,1,1,1,1,1,4,4,-1,[ OK ]
2072.8,4/8/2026 11:47:11 AM,6276,101.7,0.1483,119.8,0.4204,0.5219,1.523,0,0,0,100,16.28,0.2606,404.1,200,1,0,0.3871,1,1,1,1,1,1,1,4,4,-1,[ OK ]
2073.3,4/8/2026 11:47:11 AM,6276,101.7,0.1483,119.6,0.4215,0.5217,1.525,0,0,0,100,16.28,0.2622,403.9,200,1,0,0.3819,1,1,1,1,1,1,1,4,4,-1,[ OK ]
2073.8,4/8/2026 11:47:12 AM,6277,101.7,0.1482,120,0.4266,0.5208,1.535,0,0,0,100,16.28,0.2602,404,200,1,0,0.3887,1,1,1,1,1,1,1,4,4,-1,[ OK ]
2074.3,4/8/2026 11:47:12 AM,6277,101.7,0.1483,119.7,0.4237,0.5215,1.527,0,0,0,100,16.28,0.2604,403.9,200,1,0,0.3902,1,1,1,1,1,1,1,4,4,-1,[ OK ]
2074.8,4/8/2026 11:47:13 AM,6278,101.7,0.1482,120,0.4266,0.5213,1.529,0,0,0,100,16.28,0.2594,404.1,200,1,0,0.3886,1,1,1,1,1,1,1,4,4,-1,[ OK ]
2075.2,4/8/2026 11:47:13 AM,6278,101.7,0.1482,120.1,0.4259,0.5208,1.535,0,0,0,100,16.28,0.2605,404.3,200,1,0,0.394,1,1,1,1,1,1,1,4,4,-1,[ OK ]
2075.6,4/8/2026 11:47:14 AM,6278,101.7,0.1482,119.9,0.422,0.5211,1.531,0,0,0,100,16.28,0.2605,403.9,200,1,0,0.377,1,1,1,1,1,1,1,4,4,-1,[ OK ]
2076.0,4/8/2026 11:47:14 AM,6279,101.7,0.1483,119.4,0.4235,0.522,1.521,0,0,0,100,16.28,0.2596,404.3,200,1,0,0.3847,1,1,1,1,1,1,1,4,4,-1,[ OK ]
2076.6,4/8/2026 11:47:15 AM,6279,101.7,0.1481,120.3,0.4237,0.5214,1.526,0,0,0,100,16.28,0.2596,404.3,200,1,0,0.3808,1,1,1,1,1,1,1,4,4,-1,[ OK ]
2077.1,4/8/2026 11:47:15 AM,6280,101.7,0.1484,119.3,0.4177,0.5209,1.533,0,0,0,100,16.28,0.261,404.4,200,1,0,0.3862,1,1,1,1,1,1,1,4,4,-1,[ OK ]
2077.6,4/8/2026 11:47:16 AM,6280,101.7,0.1484,119.2,0.4231,0.5218,1.523,0,0,0,100,16.28,0.2595,404.1,200,1,0,0.3862,1,1,1,1,1,1,1,4,4,-1,[ OK ]
2078.1,4/8/2026 11:47:16 AM,6281,101.7,0.1482,119.9,0.4187,0.5214,1.528,0,0,0,100,16.28,0.2586,404,200,1,0,0.3877,1,1,1,1,1,1,1,4,4,-1,[ OK ]
2078.6,4/8/2026 11:47:17 AM,6282,101.7,0.148,120.4,0.4201,0.5211,1.53,0,0,0,100,16.28,0.2618,404.6,200,1,0,0.3889,1,1,1,1,1,1,1,4,4,-1,[ OK ]
2079.2,4/8/2026 11:47:17 AM,6282,101.7,0.1481,120.2,0.4219,0.521,1.531,0,0,0,100,16.28,0.259,404.4,200,1,0,0.3879,1,1,1,1,1,1,1,4,4,-1,[ OK ]
2079.7,4/8/2026 11:47:18 AM,6283,101.7,0.148,120.4,0.4209,0.5217,1.525,0,0,0,100,16.28,0.2613,404.2,200,1,0,0.3797,1,1,1,1,1,1,1,4,4,-1,[ OK ]
2080.1,4/8/2026 11:47:18 AM,6283,101.7,0.1482,119.7,0.4235,0.5218,1.524,0,0,0,100,16.28,0.261,403.9,200,1,0,0.3836,1,1,1,1,1,1,1,4,4,-1,[ OK ]
2080.7,4/8/2026 11:47:19 AM,6284,101.7,0.1482,119.9,0.4206,0.5216,1.525,0,0,0,100,16.28,0.2624,404.3,200,1,0,0.376,1,1,1,1,1,1,1,4,4,-1,[ OK ]
2081.3,4/8/2026 11:47:19 AM,6284,101.7,0.1482,120,0.4251,0.5217,1.524,0,0,0,100,16.28,0.2633,404.1,200,1,0,0.3743,1,1,1,1,1,1,1,4,4,-1,[ OK ]
2081.8,4/8/2026 11:47:20 AM,6285,101.7,0.1483,119.5,0.417,0.5209,1.532,0,0,0,100,16.28,0.2617,404.3,200,1,0,0.3778,1,1,1,1,1,1,1,4,4,-1,[ OK ]
2082.2,4/8/2026 11:47:20 AM,6285,101.7,0.1481,120.1,0.4197,0.5211,1.531,0,0,0,100,16.28,0.2627,404.3,200,1,0,0.3867,1,1,1,1,1,1,1,4,4,-1,[ OK ]
2082.7,4/8/2026 11:47:21 AM,6286,101.7,0.148,120.4,0.4208,0.5218,1.522,0,0,0,100,16.28,0.262,404.3,200,1,0,0.385,1,1,1,1,1,1,1,4,4,-1,[ OK ]
2083.1,4/8/2026 11:47:21 AM,6286,101.7,0.148,120.4,0.4259,0.5212,1.529,0,0,0,100,16.28,0.2632,404,200,1,0,0.3737,1,1,1,1,1,1,1,4,4,-1,[ OK ]
2083.7,4/8/2026 11:47:22 AM,6287,101.7,0.1482,120,0.4193,0.5214,1.529,0,0,0,100,16.28,0.2612,404.2,200,1,0,0.3802,1,1,1,1,1,1,1,4,4,-1,[ OK ]
2084.2,4/8/2026 11:47:22 AM,6287,101.7,0.1481,120,0.4298,0.5219,1.523,0,0,0,100,16.28,0.2622,404.4,200,1,0,0.368,1,1,1,1,1,1,1,4,4,-1,[ OK ]
2084.7,4/8/2026 11:47:23 AM,6288,101.7,0.1482,119.7,0.4144,0.5208,1.535,0,0,0,100,16.28,0.2628,404.2,200,1,0,0.372,1,1,1,1,1,1,1,4,4,-1,[ OK ]
2085.2,4/8/2026 11:47:23 AM,6288,101.7,0.1479,120.7,0.4248,0.5214,1.528,0,0,0,100,16.28,0.26,404.3,200,1,0,0.3799,1,1,1,1,1,1,1,4,4,-1,[ OK ]
2085.7,4/8/2026 11:47:24 AM,6289,101.7,0.1482,119.9,0.4221,0.5214,1.528,0,0,0,100,16.28,0.2614,404.3,200,1,0,0.3816,1,1,1,1,1,1,1,4,4,-1,[ OK ]
2086.2,4/8/2026 11:47:24 AM,6289,101.7,0.1483,119.4,0.4198,0.521,1.532,0,0,0,100,16.28,0.2617,404.3,200,1,0,0.3834,1,1,1,1,1,1,1,4,4,-1,[ OK ]
2086.7,4/8/2026 11:47:25 AM,6290,101.7,0.1483,119.4,0.4192,0.5213,1.528,0,0,0,100,16.28,0.2591,404,200,1,0,0.3871,1,1,1,1,1,1,1,4,4,-1,[ OK ]
2087.2,4/8/2026 11:47:25 AM,6290,101.7,0.1481,120.2,0.4207,0.5214,1.527,0,0,0,100,16.28,0.2614,404.1,200,1,0,0.3806,1,1,1,1,1,1,1,4,4,-1,[ OK ]
2087.7,4/8/2026 11:47:26 AM,6291,101.7,0.1482,120,0.4188,0.5211,1.531,0,0,0,100,16.28,0.2598,404.3,200,1,0,0.3833,1,1,1,1,1,1,1,4,4,-1,[ OK ]
2088.1,4/8/2026 11:47:26 AM,6291,101.7,0.1483,119.7,0.4207,0.521,1.532,0,0,0,100,16.28,0.2598,404,200,1,0,0.3963,1,1,1,1,1,1,1,4,4,-1,[ OK ]
2088.7,4/8/2026 11:47:27 AM,6292,101.7,0.148,120.7,0.4243,0.5211,1.532,0,0,0,100,16.28,0.263,404.2,200,1,0,0.3878,1,1,1,1,1,1,1,4,4,-1,[ OK ]
2089.1,4/8/2026 11:47:27 AM,6292,101.7,0.1483,119.4,0.4219,0.5211,1.531,0,0,0,100,16.28,0.2629,404.7,200,1,0,0.3716,1,1,1,1,1,1,1,4,4,-1,[ OK ]
2089.5,4/8/2026 11:47:28 AM,6292,101.7,0.148,120.6,0.4322,0.522,1.522,0,0,0,100,16.28,0.2627,404.6,200,1,0,0.3723,1,1,1,1,1,1,1,4,4,-1,[ OK ]
2089.9,4/8/2026 11:47:28 AM,6293,101.7,0.1483,119.4,0.4267,0.5221,1.52,0,0,0,100,16.28,0.2625,404,200,1,0,0.3815,1,1,1,1,1,1,1,4,4,-1,[ OK ]
2090.3,4/8/2026 11:47:28 AM,6293,101.7,0.1482,120.1,0.4237,0.5216,1.524,0,0,0,100,16.28,0.2634,404.1,200,1,0,0.372,1,1,1,1,1,1,1,4,4,-1,[ OK ]
2090.7,4/8/2026 11:47:29 AM,6294,101.7,0.1482,120,0.4247,0.5213,1.528,0,0,0,100,16.28,0.2633,404.3,200,1,0,0.3785,1,1,1,1,1,1,1,4,4,-1,[ OK ]
2091.2,4/8/2026 11:47:29 AM,6294,101.7,0.1485,119.2,0.4223,0.522,1.52,0,0,0,100,16.28,0.2622,404.3,200,1,0,0.3792,1,1,1,1,1,1,1,4,4,-1,[ OK ]
2091.7,4/8/2026 11:47:30 AM,6295,101.7,0.1483,119.6,0.4208,0.5214,1.527,0,0,0,100,16.28,0.2621,404.3,200,1,0,0.3886,1,1,1,1,1,1,1,4,4,-1,[ OK ]
2092.1,4/8/2026 11:47:30 AM,6295,101.7,0.1483,120,0.4293,0.5213,1.528,0,0,0,100,16.28,0.2618,404.2,200,1,0,0.3841,1,1,1,1,1,1,1,4,4,-1,[ OK ]
2092.5,4/8/2026 11:47:31 AM,6295,101.7,0.1483,119.8,0.4243,0.5209,1.532,0,0,0,100,16.28,0.2631,404.3,200,1,0,0.3833,1,1,1,1,1,1,1,4,4,-1,[ OK ]
2093.0,4/8/2026 11:47:31 AM,6296,101.7,0.1483,119.9,0.4243,0.5219,1.522,0,0,0,100,16.28,0.2627,404.2,200,1,0,0.39,1,1,1,1,1,1,1,4,4,-1,[ OK ]
2093.4,4/8/2026 11:47:31 AM,6296,101.7,0.1482,120.2,0.4206,0.5214,1.527,0,0,0,100,16.28,0.2624,403.9,200,1,0,0.3791,1,1,1,1,1,1,1,4,4,-1,[ OK ]
2093.7,4/8/2026 11:47:32 AM,6297,101.7,0.1483,119.9,0.4204,0.5212,1.529,0,0,0,100,16.28,0.2664,403.9,200,1,0,0.3703,1,1,1,1,1,1,1,4,4,-1,[ OK ]
2094.1,4/8/2026 11:47:32 AM,6297,101.7,0.1484,119.3,0.4207,0.5209,1.534,0,0,0,100,16.28,0.2656,404.4,200,1,0,0.3661,1,1,1,1,1,1,1,4,4,-1,[ OK ]
2094.5,4/8/2026 11:47:33 AM,6297,101.7,0.1481,120.3,0.4242,0.5221,1.52,0,0,0,100,16.28,0.2657,404.3,200,1,0,0.3704,1,1,1,1,1,1,1,4,4,-1,[ OK ]
2095.0,4/8/2026 11:47:33 AM,6298,101.7,0.1483,119.8,0.4259,0.5215,1.527,0,0,0,100,16.28,0.2655,403.9,200,1,0,0.3754,1,1,1,1,1,1,1,4,4,-1,[ OK ]
2095.3,4/8/2026 11:47:33 AM,6298,101.7,0.148,120.8,0.426,0.5211,1.531,0,0,0,100,16.28,0.2665,404.3,200,1,0,0.3618,1,1,1,1,1,1,1,4,4,-1,[ OK ]
2095.7,4/8/2026 11:47:34 AM,6299,101.7,0.1483,119.8,0.4196,0.5216,1.526,0,0,0,100,16.28,0.2668,404,200,1,0,0.3646,1,1,1,1,1,1,1,4,4,-1,[ OK ]
2096.1,4/8/2026 11:47:34 AM,6299,101.7,0.1482,120,0.4184,0.522,1.521,0,0,0,100,16.28,0.2655,404.4,200,1,0,0.3739,1,1,1,1,1,1,1,4,4,-1,[ OK ]
2096.5,4/8/2026 11:47:35 AM,6299,101.7,0.1482,120.1,0.4187,0.5213,1.527,0,0,0,100,16.28,0.2636,404.2,200,1,0,0.3753,1,1,1,1,1,1,1,4,4,-1,[ OK ]
2096.9,4/8/2026 11:47:35 AM,6300,101.7,0.1482,119.9,0.4198,0.5203,1.538,0,0,0,100,16.28,0.2644,404.1,200,1,0,0.3812,1,1,1,1,1,1,1,4,4,-1,[ OK ]
2097.4,4/8/2026 11:47:35 AM,6300,101.7,0.1482,120.1,0.4216,0.5208,1.534,0,0,0,100,16.28,0.2643,404.3,200,1,0,0.3758,1,1,1,1,1,1,1,4,4,-1,[ OK ]
2097.9,4/8/2026 11:47:36 AM,6301,101.7,0.1481,120.3,0.418,0.5215,1.526,0,0,0,100,16.28,0.2647,404.2,200,1,0,0.3777,1,1,1,1,1,1,1,4,4,-1,[ OK ]
2098.4,4/8/2026 11:47:36 AM,6301,101.7,0.1482,120,0.4235,0.5217,1.524,0,0,0,100,16.28,0.2631,404,200,1,0,0.3735,1,1,1,1,1,1,1,4,4,-1,[ OK ]
2098.9,4/8/2026 11:47:37 AM,6302,101.7,0.1484,119.4,0.4232,0.5211,1.529,0,0,0,100,16.28,0.2638,404.4,200,1,0,0.3847,1,1,1,1,1,1,1,4,4,-1,[ OK ]
2099.4,4/8/2026 11:47:37 AM,6302,101.7,0.1482,119.9,0.4274,0.521,1.531,0,0,0,100,16.28,0.2635,404.2,200,1,0,0.376,1,1,1,1,1,1,1,4,4,-1,[ OK ]
2099.9,4/8/2026 11:47:38 AM,6303,101.7,0.148,120.4,0.426,0.521,1.532,0,0,0,100,16.28,0.262,404.1,200,1,0,0.3838,1,1,1,1,1,1,1,4,4,-1,[ OK ]
2100.3,4/8/2026 11:47:38 AM,6303,101.7,0.1483,119.6,0.4222,0.5208,1.534,0,0,0,100,16.28,0.2635,404,200,1,0,0.3804,1,1,1,1,1,1,1,4,4,-1,[ OK ]
2100.7,4/8/2026 11:47:39 AM,6304,101.7,0.1484,119.2,0.4264,0.5217,1.524,0,0,0,100,16.28,0.2649,404.2,200,1,0,0.3667,1,1,1,1,1,1,1,4,4,-1,[ OK ]
2101.1,4/8/2026 11:47:39 AM,6304,101.7,0.148,120.5,0.4257,0.521,1.532,0,0,0,100,16.28,0.2618,404,200,1,0,0.3764,1,1,1,1,1,1,1,4,4,-1,[ OK ]
2101.6,4/8/2026 11:47:40 AM,6304,101.7,0.1484,119.4,0.4247,0.5218,1.523,0,0,0,100,16.28,0.2651,404.4,200,1,0,0.3718,1,1,1,1,1,1,1,4,4,-1,[ OK ]
2102.1,4/8/2026 11:47:40 AM,6305,101.7,0.1482,119.7,0.4195,0.5214,1.527,0,0,0,100,16.28,0.2636,404,200,1,0,0.376,1,1,1,1,1,1,1,4,4,-1,[ OK ]
2102.5,4/8/2026 11:47:41 AM,6305,101.7,0.148,120.6,0.4266,0.5217,1.524,0,0,0,100,16.28,0.2655,404,200,1,0,0.3784,1,1,1,1,1,1,1,4,4,-1,[ OK ]
2102.9,4/8/2026 11:47:41 AM,6306,101.7,0.1482,119.8,0.4243,0.5211,1.531,0,0,0,100,16.28,0.2633,404,200,1,0,0.3697,1,1,1,1,1,1,1,4,4,-1,[ OK ]
2103.3,4/8/2026 11:47:41 AM,6306,101.7,0.1481,120.1,0.4236,0.522,1.52,0,0,0,100,16.28,0.262,404,200,1,0,0.3814,1,1,1,1,1,1,1,4,4,-1,[ OK ]
2103.8,4/8/2026 11:47:42 AM,6307,101.7,0.1482,119.9,0.4282,0.5218,1.523,0,0,0,100,16.28,0.2636,404,200,1,0,0.3769,1,1,1,1,1,1,1,4,4,-1,[ OK ]
2104.3,4/8/2026 11:47:42 AM,6307,101.7,0.1481,120.1,0.4265,0.5211,1.53,0,0,0,100,16.28,0.263,404.3,200,1,0,0.37,1,1,1,1,1,1,1,4,4,-1,[ OK ]
2104.8,4/8/2026 11:47:43 AM,6308,101.7,0.1482,120,0.427,0.5216,1.525,0,0,0,100,16.28,0.2656,404.4,200,1,0,0.3776,1,1,1,1,1,1,1,4,4,-1,[ OK ]
2105.2,4/8/2026 11:47:43 AM,6308,101.7,0.1481,120.1,0.4262,0.5206,1.536,0,0,0,100,16.28,0.2639,404.2,200,1,0,0.3826,1,1,1,1,1,1,1,4,4,-1,[ OK ]
2105.7,4/8/2026 11:47:44 AM,6309,101.7,0.148,120.6,0.4236,0.5207,1.535,0,0,0,100,16.28,0.2643,404.1,200,1,0,0.3816,1,1,1,1,1,1,1,4,4,-1,[ OK ]
2106.2,4/8/2026 11:47:44 AM,6309,101.7,0.1483,119.7,0.4275,0.5214,1.527,0,0,0,100,16.28,0.2617,404.1,200,1,0,0.3891,1,1,1,1,1,1,1,4,4,-1,[ OK ]
2106.7,4/8/2026 11:47:45 AM,6310,101.7,0.1482,120.2,0.4266,0.5216,1.526,0,0,0,100,16.28,0.2644,404.3,200,1,0,0.3889,1,1,1,1,1,1,1,4,4,-1,[ OK ]
2107.1,4/8/2026 11:47:45 AM,6310,101.7,0.1482,120.1,0.4232,0.5217,1.524,0,0,0,100,16.28,0.2634,404.2,200,1,0,0.3824,1,1,1,1,1,1,1,4,4,-1,[ OK ]
2107.5,4/8/2026 11:47:46 AM,6310,101.7,0.1483,119.8,0.4268,0.5209,1.533,0,0,0,100,16.28,0.2617,404.4,200,1,0,0.378,1,1,1,1,1,1,1,4,4,-1,[ OK ]
2107.9,4/8/2026 11:47:46 AM,6311,101.7,0.1484,119.7,0.4235,0.5216,1.526,0,0,0,100,16.28,0.2632,404.4,200,1,0,0.3814,1,1,1,1,1,1,1,4,4,-1,[ OK ]
2108.2,4/8/2026 11:47:46 AM,6311,101.7,0.1483,119.7,0.4264,0.5213,1.528,0,0,0,100,16.28,0.2624,404.2,200,1,0,0.3756,1,1,1,1,1,1,1,4,4,-1,[ OK ]
2108.7,4/8/2026 11:47:47 AM,6312,101.7,0.1483,119.9,0.4274,0.5211,1.53,0,0,0,100,16.28,0.2638,403.8,200,1,0,0.3836,1,1,1,1,1,1,1,4,4,-1,[ OK ]
2109.1,4/8/2026 11:47:47 AM,6312,101.7,0.1483,119.9,0.4275,0.5221,1.52,0,0,0,100,16.28,0.2629,404.2,200,1,0,0.3869,1,1,1,1,1,1,1,4,4,-1,[ OK ]
2109.5,4/8/2026 11:47:48 AM,6312,101.7,0.1482,120.1,0.4334,0.5213,1.528,0,0,0,100,16.28,0.2658,403.9,200,1,0,0.3783,1,1,1,1,1,1,1,4,4,-1,[ OK ]
2109.9,4/8/2026 11:47:48 AM,6313,101.7,0.1482,120.1,0.4247,0.5216,1.525,0,0,0,100,16.28,0.2646,404.2,200,1,0,0.3772,1,1,1,1,1,1,1,4,4,-1,[ OK ]
2110.3,4/8/2026 11:47:48 AM,6313,101.7,0.1483,119.8,0.4281,0.5218,1.523,0,0,0,100,16.28,0.2653,404,200,1,0,0.3805,1,1,1,1,1,1,1,4,4,-1,[ OK ]
2110.8,4/8/2026 11:47:49 AM,6314,101.7,0.1482,120.2,0.4227,0.5212,1.529,0,0,0,100,16.28,0.2637,404.3,200,1,0,0.3767,1,1,1,1,1,1,1,4,4,-1,[ OK ]
2111.2,4/8/2026 11:47:49 AM,6314,101.8,0.1483,119.8,0.4281,0.5212,1.529,0,0,0,100,16.28,0.264,404.2,200,1,0,0.3742,1,1,1,1,1,1,1,4,4,-1,[ OK ]
2111.6,4/8/2026 11:47:50 AM,6314,101.8,0.1482,120,0.4223,0.5215,1.525,0,0,0,100,16.28,0.2646,404.5,200,1,0,0.3751,1,1,1,1,1,1,1,4,4,-1,[ OK ]
2112.0,4/8/2026 11:47:50 AM,6315,101.8,0.1481,120.3,0.4235,0.521,1.53,0,0,0,100,16.28,0.2637,404.2,200,1,0,0.3678,1,1,1,1,1,1,1,4,4,-1,[ OK ]
2112.4,4/8/2026 11:47:51 AM,6315,101.8,0.1482,120,0.4207,0.5215,1.526,0,0,0,100,16.28,0.2659,404.3,200,1,0,0.3723,1,1,1,1,1,1,1,4,4,-1,[ OK ]
2112.9,4/8/2026 11:47:51 AM,6316,101.8,0.148,120.8,0.4179,0.521,1.531,0,0,0,100,16.28,0.2643,404.3,200,1,0,0.3736,1,1,1,1,1,1,1,4,4,-1,[ OK ]
2113.3,4/8/2026 11:47:51 AM,6316,101.8,0.1484,119.5,0.4247,0.5209,1.533,0,0,0,100,16.28,0.2637,404.3,200,1,0,0.3822,1,1,1,1,1,1,1,4,4,-1,[ OK ]
2113.6,4/8/2026 11:47:52 AM,6316,101.8,0.1483,119.8,0.4232,0.5211,1.531,0,0,0,100,16.28,0.2653,404.2,200,1,0,0.3743,1,1,1,1,1,1,1,4,4,-1,[ OK ]
2114.0,4/8/2026 11:47:52 AM,6317,101.8,0.1483,119.6,0.4239,0.5211,1.532,0,0,0,100,16.28,0.2646,404.3,200,1,0,0.3705,1,1,1,1,1,1,1,4,4,-1,[ OK ]
2114.4,4/8/2026 11:47:53 AM,6317,101.8,0.1483,119.9,0.4222,0.522,1.523,0,0,0,100,16.28,0.2631,404,200,1,0,0.3852,1,1,1,1,1,1,1,4,4,-1,[ OK ]
2114.9,4/8/2026 11:47:53 AM,6318,101.8,0.1483,120,0.4259,0.5208,1.536,0,0,0,100,16.28,0.2668,403.9,200,1,0,0.3719,1,1,1,1,1,1,1,4,4,-1,[ OK ]
2115.4,4/8/2026 11:47:53 AM,6318,101.8,0.1484,119.5,0.427,0.5208,1.536,0,0,0,100,16.28,0.2642,404,200,1,0,0.373,1,1,1,1,1,1,1,4,4,-1,[ OK ]
2115.9,4/8/2026 11:47:54 AM,6319,101.8,0.1484,119.6,0.4274,0.5215,1.527,0,0,0,100,16.28,0.2659,404,200,1,0,0.3651,1,1,1,1,1,1,1,4,4,-1,[ OK ]
2116.3,4/8/2026 11:47:54 AM,6319,101.8,0.1482,120.2,0.4268,0.5213,1.53,0,0,0,100,16.28,0.2642,404.2,200,1,0,0.3801,1,1,1,1,1,1,1,4,4,-1,[ OK ]
2116.8,4/8/2026 11:47:55 AM,6320,101.8,0.1483,119.8,0.4202,0.5214,1.529,0,0,0,100,16.28,0.2675,403.9,200,1,0,0.3722,1,1,1,1,1,1,1,4,4,-1,[ OK ]
2117.3,4/8/2026 11:47:55 AM,6320,101.8,0.1483,119.7,0.4333,0.5207,1.536,0,0,0,100,16.28,0.2641,403.9,200,1,0,0.3839,1,1,1,1,1,1,1,4,4,-1,[ OK ]
2117.7,4/8/2026 11:47:56 AM,6321,101.8,0.1482,120.1,0.4307,0.521,1.533,0,0,0,100,16.28,0.2656,404.2,200,1,0,0.3766,1,1,1,1,1,1,1,4,4,-1,[ OK ]
2118.1,4/8/2026 11:47:56 AM,6321,101.8,0.148,120.8,0.4184,0.5218,1.524,0,0,0,100,16.28,0.2656,403.9,200,1,0,0.3741,1,1,1,1,1,1,1,4,4,-1,[ OK ]
2118.5,4/8/2026 11:47:57 AM,6321,101.8,0.1483,119.9,0.4241,0.5219,1.523,0,0,0,100,16.28,0.2654,404.2,200,1,0,0.3735,1,1,1,1,1,1,1,4,4,-1,[ OK ]
2118.8,4/8/2026 11:47:57 AM,6322,101.8,0.1483,119.6,0.4242,0.5213,1.529,0,0,0,100,16.28,0.2643,403.9,200,1,0,0.3796,1,1,1,1,1,1,1,4,4,-1,[ OK ]
2119.4,4/8/2026 11:47:57 AM,6322,101.8,0.1483,119.7,0.4269,0.5212,1.53,0,0,0,100,16.28,0.2651,403.9,200,1,0,0.3844,1,1,1,1,1,1,1,4,4,-1,[ OK ]
2119.9,4/8/2026 11:47:58 AM,6323,101.8,0.1483,120,0.4267,0.5212,1.531,0,0,0,100,16.28,0.2644,404.1,200,1,0,0.3812,1,1,1,1,1,1,1,4,4,-1,[ OK ]
2120.4,4/8/2026 11:47:58 AM,6323,101.8,0.1482,120,0.4237,0.5212,1.531,0,0,0,100,16.28,0.2652,404.3,200,1,0,0.3716,1,1,1,1,1,1,1,4,4,-1,[ OK ]
2120.7,4/8/2026 11:47:59 AM,6324,101.8,0.1483,119.8,0.422,0.5213,1.53,0,0,0,100,16.28,0.2664,404,200,1,0,0.3685,1,1,1,1,1,1,1,4,4,-1,[ OK ]
2121.3,4/8/2026 11:47:59 AM,6324,101.8,0.1483,119.7,0.4244,0.5217,1.525,0,0,0,100,16.28,0.2666,404.3,200,1,0,0.3632,1,1,1,1,1,1,1,4,4,-1,[ OK ]
2121.7,4/8/2026 11:48:00 AM,6325,101.8,0.1481,120.5,0.4235,0.5218,1.525,0,0,0,100,16.28,0.2644,404.1,200,1,0,0.3758,1,1,1,1,1,1,1,4,4,-1,[ OK ]
2122.1,4/8/2026 11:48:00 AM,6325,101.8,0.1481,120.3,0.4241,0.5216,1.527,0,0,0,100,16.28,0.2678,404.1,200,1,0,0.3676,1,1,1,1,1,1,1,4,4,-1,[ OK ]
2122.5,4/8/2026 11:48:01 AM,6325,101.8,0.1482,120.3,0.4219,0.5219,1.524,0,0,0,100,16.28,0.2672,404.3,200,1,0,0.3602,1,1,1,1,1,1,1,4,4,-1,[ OK ]
2122.9,4/8/2026 11:48:01 AM,6326,101.8,0.1484,119.6,0.417,0.5212,1.531,0,0,0,100,16.28,0.2644,404,200,1,0,0.3732,1,1,1,1,1,1,1,4,4,-1,[ OK ]
2123.3,4/8/2026 11:48:01 AM,6326,101.8,0.1482,120.3,0.4279,0.5209,1.533,0,0,0,100,16.28,0.2665,404,200,1,0,0.3744,1,1,1,1,1,1,1,4,4,-1,[ OK ]
2123.8,4/8/2026 11:48:02 AM,6327,101.8,0.1483,119.9,0.4298,0.5218,1.524,0,0,0,100,16.28,0.2673,403.9,200,1,0,0.3641,1,1,1,1,1,1,1,4,4,-1,[ OK ]
2124.2,4/8/2026 11:48:02 AM,6327,101.8,0.148,120.9,0.4279,0.5221,1.521,0,0,0,100,16.28,0.2649,403.9,200,1,0,0.3757,1,1,1,1,1,1,1,4,4,-1,[ OK ]
2124.6,4/8/2026 11:48:03 AM,6327,101.8,0.1484,119.7,0.4283,0.5221,1.52,0,0,0,100,16.28,0.2651,404,200,1,0,0.3706,1,1,1,1,1,1,1,4,4,-1,[ OK ]
2125.1,4/8/2026 11:48:03 AM,6328,101.8,0.1485,119.3,0.4282,0.5217,1.525,0,0,0,100,16.28,0.2642,404.3,200,1,0,0.3719,1,1,1,1,1,1,1,4,4,-1,[ OK ]
2125.5,4/8/2026 11:48:04 AM,6328,101.8,0.1482,120.5,0.42,0.5213,1.528,0,0,0,100,16.28,0.2643,404.3,200,1,0,0.3774,1,1,1,1,1,1,1,4,4,-1,[ OK ]
2126.0,4/8/2026 11:48:04 AM,6329,101.8,0.1486,119.2,0.4162,0.521,1.531,0,0,0,100,16.28,0.2624,404.2,200,1,0,0.3848,1,1,1,1,1,1,1,4,4,-1,[ OK ]
2126.4,4/8/2026 11:48:04 AM,6329,101.8,0.1481,120.8,0.4263,0.522,1.52,0,0,0,100,16.28,0.2637,404.4,200,1,0,0.373,1,1,1,1,1,1,1,4,4,-1,[ OK ]
2126.8,4/8/2026 11:48:05 AM,6330,101.8,0.1484,119.7,0.4241,0.5212,1.529,0,0,0,100,16.28,0.2645,404.2,200,1,0,0.3841,1,1,1,1,1,1,1,4,4,-1,[ OK ]
2127.3,4/8/2026 11:48:05 AM,6330,101.8,0.1476,122.2,0.4288,0.5214,1.527,0,0,0,100,16.28,0.2618,404.2,200,1,0,0.3887,1,1,1,1,1,1,1,4,4,-1,[ OK ]
2127.8,4/8/2026 11:48:06 AM,6331,101.8,0.1482,120.4,0.4296,0.5217,1.523,0,0,0,100,16.28,0.2606,404.3,200,1,0,0.3876,1,1,1,1,1,1,1,4,4,-1,[ OK ]
2128.4,4/8/2026 11:48:06 AM,6331,101.8,0.1485,119.7,0.4287,0.5213,1.528,0,0,0,100,16.28,0.2626,404.2,200,1,0,0.3892,1,1,1,1,1,1,1,4,4,-1,[ OK ]
2128.8,4/8/2026 11:48:07 AM,6332,101.8,0.1486,119.4,0.4268,0.5211,1.531,0,0,0,100,16.28,0.2643,404.3,200,1,0,0.3854,1,1,1,1,1,1,1,4,4,-1,[ OK ]
2129.3,4/8/2026 11:48:07 AM,6332,101.8,0.1485,119.8,0.422,0.5209,1.533,0,0,0,100,16.28,0.2618,404.2,200,1,0,0.3841,1,1,1,1,1,1,1,4,4,-1,[ OK ]
2129.8,4/8/2026 11:48:08 AM,6333,101.8,0.1484,120,0.4196,0.5219,1.522,0,0,0,100,16.28,0.2649,404.1,200,1,0,0.371,1,1,1,1,1,1,1,4,4,-1,[ OK ]
2130.4,4/8/2026 11:48:08 AM,6333,101.8,0.1485,119.7,0.4241,0.522,1.521,0,0,0,100,16.28,0.262,404.1,200,1,0,0.3949,1,1,1,1,1,1,1,4,4,-1,[ OK ]
2130.9,4/8/2026 11:48:09 AM,6334,101.8,0.148,121.2,0.4278,0.5212,1.53,0,0,0,100,16.28,0.2632,404.2,200,1,0,0.3809,1,1,1,1,1,1,1,4,4,-1,[ OK ]
2131.3,4/8/2026 11:48:09 AM,6334,101.8,0.1484,119.9,0.4256,0.5214,1.528,0,0,0,100,16.28,0.2634,403.9,200,1,0,0.3857,1,1,1,1,1,1,1,4,4,-1,[ OK ]
2131.7,4/8/2026 11:48:10 AM,6335,101.8,0.1484,120.2,0.4243,0.5212,1.53,0,0,0,100,16.28,0.2609,404.3,200,1,0,0.3851,1,1,1,1,1,1,1,4,4,-1,[ OK ]
2132.3,4/8/2026 11:48:10 AM,6335,101.8,0.1486,119.2,0.4254,0.5217,1.524,0,0,0,100,16.28,0.2621,404.2,200,1,0,0.3791,1,1,1,1,1,1,1,4,4,-1,[ OK ]
2132.9,4/8/2026 11:48:11 AM,6336,101.8,0.1484,120.1,0.4291,0.5212,1.529,0,0,0,100,16.28,0.263,404.2,200,1,0,0.3809,1,1,1,1,1,1,1,4,4,-1,[ OK ]
2133.4,4/8/2026 11:48:11 AM,6336,101.8,0.1485,119.9,0.4231,0.5212,1.529,0,0,0,100,16.28,0.2594,403.9,200,1,0,0.3817,1,1,1,1,1,1,1,4,4,-1,[ OK ]
2133.9,4/8/2026 11:48:12 AM,6337,101.8,0.1482,120.7,0.4226,0.5214,1.527,0,0,0,100,16.28,0.2622,404.2,200,1,0,0.3751,1,1,1,1,1,1,1,4,4,-1,[ OK ]
2134.4,4/8/2026 11:48:13 AM,6337,101.8,0.1484,120.2,0.4236,0.5214,1.526,0,0,0,100,16.28,0.2626,404.2,200,1,0,0.3889,1,1,1,1,1,1,1,4,4,-1,[ OK ]
2135.0,4/8/2026 11:48:13 AM,6338,101.8,0.1486,119.2,0.4195,0.5212,1.529,0,0,0,100,16.28,0.2629,404,200,1,0,0.3778,1,1,1,1,1,1,1,4,4,-1,[ OK ]
2135.5,4/8/2026 11:48:14 AM,6338,101.8,0.1484,119.8,0.4296,0.5215,1.525,0,0,0,100,16.28,0.2633,404,200,1,0,0.3783,1,1,1,1,1,1,1,4,4,-1,[ OK ]
2136.0,4/8/2026 11:48:14 AM,6339,101.8,0.1482,120.7,0.4222,0.5215,1.526,0,0,0,100,16.28,0.2625,404,200,1,0,0.3876,1,1,1,1,1,1,1,4,4,-1,[ OK ]
2136.6,4/8/2026 11:48:15 AM,6339,101.8,0.1484,120,0.4243,0.521,1.531,0,0,0,100,16.28,0.2616,403.9,200,1,0,0.3776,1,1,1,1,1,1,1,4,4,-1,[ OK ]
2137.5,4/8/2026 11:48:16 AM,6340,101.8,0.1484,120,0.4262,0.5219,1.522,0,0,0,100,16.28,0.2614,404.1,200,1,0,0.3822,1,1,1,1,1,1,1,4,4,-1,[ OK ]
2138.0,4/8/2026 11:48:16 AM,6341,101.8,0.1482,120.5,0.4295,0.5211,1.53,0,0,0,100,16.28,0.2619,404,200,1,0,0.3863,1,1,1,1,1,1,1,4,4,-1,[ OK ]
2138.5,4/8/2026 11:48:17 AM,6341,101.8,0.1484,119.8,0.4196,0.5217,1.524,0,0,0,100,16.28,0.262,404.2,200,1,0,0.3803,1,1,1,1,1,1,1,4,4,-1,[ OK ]
2139.0,4/8/2026 11:48:17 AM,6342,101.8,0.1484,120,0.4232,0.522,1.521,0,0,0,100,16.28,0.2623,404,200,1,0,0.3779,1,1,1,1,1,1,1,4,4,-1,[ OK ]
2139.5,4/8/2026 11:48:18 AM,6342,101.8,0.1483,120.2,0.4224,0.5206,1.536,0,0,0,100,16.28,0.261,404,200,1,0,0.3897,1,1,1,1,1,1,1,4,4,-1,[ OK ]
2140.0,4/8/2026 11:48:18 AM,6343,101.8,0.1485,119.8,0.4227,0.5211,1.532,0,0,0,100,16.28,0.2627,403.9,200,1,0,0.3796,1,1,1,1,1,1,1,4,4,-1,[ OK ]
2140.6,4/8/2026 11:48:19 AM,6343,101.8,0.1484,120.2,0.4228,0.5211,1.531,0,0,0,100,16.28,0.2599,404.3,200,1,0,0.3858,1,1,1,1,1,1,1,4,4,-1,[ OK ]
2141.1,4/8/2026 11:48:19 AM,6344,101.8,0.1484,120.1,0.4263,0.5222,1.519,0,0,0,100,16.28,0.2584,404,200,1,0,0.3903,1,1,1,1,1,1,1,4,4,-1,[ OK ]
2141.6,4/8/2026 11:48:20 AM,6344,101.8,0.1484,120,0.4246,0.5211,1.532,0,0,0,100,16.28,0.2621,404.2,200,1,0,0.3794,1,1,1,1,1,1,1,4,4,-1,[ OK ]
2142.1,4/8/2026 11:48:20 AM,6345,101.8,0.1484,120.1,0.4214,0.5212,1.53,0,0,0,100,16.28,0.2585,404.3,200,1,0,0.3962,1,1,1,1,1,1,1,4,4,-1,[ OK ]
2142.7,4/8/2026 11:48:21 AM,6346,101.8,0.1485,119.8,0.4287,0.5219,1.523,0,0,0,100,16.28,0.2594,404.1,200,1,0,0.3992,1,1,1,1,1,1,1,4,4,-1,[ OK ]
2143.2,4/8/2026 11:48:21 AM,6346,101.8,0.1485,119.7,0.426,0.5218,1.523,0,0,0,100,16.28,0.2604,404,200,1,0,0.3835,1,1,1,1,1,1,1,4,4,-1,[ OK ]
2143.8,4/8/2026 11:48:22 AM,6347,101.8,0.1483,120.2,0.4247,0.5215,1.526,0,0,0,100,16.28,0.2614,404.3,200,1,0,0.3766,1,1,1,1,1,1,1,4,4,-1,[ OK ]
2144.3,4/8/2026 11:48:22 AM,6347,101.8,0.1483,120.3,0.4241,0.5209,1.533,0,0,0,100,16.28,0.2599,404.4,200,1,0,0.384,1,1,1,1,1,1,1,4,4,-1,[ OK ]
2144.9,4/8/2026 11:48:23 AM,6348,101.8,0.1484,120,0.4259,0.5211,1.531,0,0,0,100,16.28,0.2585,404.1,200,1,0,0.3977,1,1,1,1,1,1,1,4,4,-1,[ OK ]
2145.4,4/8/2026 11:48:23 AM,6348,101.8,0.1483,120.1,0.4244,0.5211,1.531,0,0,0,100,16.28,0.2618,404,200,1,0,0.3801,1,1,1,1,1,1,1,4,4,-1,[ OK ]
2145.9,4/8/2026 11:48:24 AM,6349,101.8,0.1486,119.4,0.4275,0.5217,1.525,0,0,0,100,16.28,0.262,404.2,200,1,0,0.3839,1,1,1,1,1,1,1,4,4,-1,[ OK ]
2146.4,4/8/2026 11:48:24 AM,6349,101.8,0.1484,120,0.4265,0.5215,1.526,0,0,0,100,16.28,0.2624,403.9,200,1,0,0.383,1,1,1,1,1,1,1,4,4,-1,[ OK ]
2146.9,4/8/2026 11:48:25 AM,6350,101.8,0.1486,119.3,0.4282,0.5217,1.523,0,0,0,100,16.28,0.2631,404,200,1,0,0.3818,1,1,1,1,1,1,1,4,4,-1,[ OK ]
2147.4,4/8/2026 11:48:26 AM,6350,101.8,0.1483,120.3,0.4236,0.5217,1.523,0,0,0,100,16.28,0.2623,404.2,200,1,0,0.3817,1,1,1,1,1,1,1,4,4,-1,[ OK ]
2148.0,4/8/2026 11:48:26 AM,6351,101.8,0.1484,120,0.4243,0.5207,1.534,0,0,0,100,16.28,0.2631,403.9,200,1,0,0.3871,1,1,1,1,1,1,1,4,4,-1,[ OK ]
2148.5,4/8/2026 11:48:27 AM,6351,101.8,0.1484,120.1,0.4252,0.5212,1.529,0,0,0,100,16.28,0.2634,403.9,200,1,0,0.3807,1,1,1,1,1,1,1,4,4,-1,[ OK ]
2149.0,4/8/2026 11:48:27 AM,6352,101.8,0.1484,120.3,0.4253,0.521,1.532,0,0,0,100,16.28,0.262,404.2,200,1,0,0.382,1,1,1,1,1,1,1,4,4,-1,[ OK ]
2149.5,4/8/2026 11:48:28 AM,6352,101.8,0.1484,120.1,0.4291,0.5209,1.532,0,0,0,100,16.28,0.2646,403.9,200,1,0,0.3844,1,1,1,1,1,1,1,4,4,-1,[ OK ]
2150.2,4/8/2026 11:48:28 AM,6353,101.8,0.1482,120.8,0.4244,0.5211,1.531,0,0,0,100,16.28,0.2619,404.3,200,1,0,0.3855,1,1,1,1,1,1,1,4,4,-1,[ OK ]
2150.7,4/8/2026 11:48:29 AM,6354,101.8,0.1484,120.2,0.4242,0.5219,1.523,0,0,0,100,16.28,0.261,404.2,200,1,0,0.3883,1,1,1,1,1,1,1,4,4,-1,[ OK ]
2151.2,4/8/2026 11:48:29 AM,6354,101.8,0.1485,120,0.428,0.5208,1.535,0,0,0,100,16.28,0.2623,404,200,1,0,0.3857,1,1,1,1,1,1,1,4,4,-1,[ OK ]
2151.8,4/8/2026 11:48:30 AM,6355,101.8,0.1486,119.7,0.4322,0.5211,1.531,0,0,0,100,16.28,0.2627,404.1,200,1,0,0.3899,1,1,1,1,1,1,1,4,4,-1,[ OK ]
2152.3,4/8/2026 11:48:30 AM,6355,101.8,0.1486,119.7,0.4293,0.5214,1.528,0,0,0,100,16.28,0.2648,404.2,200,1,0,0.3746,1,1,1,1,1,1,1,4,4,-1,[ OK ]
2152.9,4/8/2026 11:48:31 AM,6356,101.8,0.1484,120.2,0.4223,0.5209,1.534,0,0,0,100,16.28,0.2621,404.3,200,1,0,0.3823,1,1,1,1,1,1,1,4,4,-1,[ OK ]
2153.4,4/8/2026 11:48:31 AM,6356,101.8,0.1484,120.3,0.4279,0.5212,1.531,0,0,0,100,16.28,0.2627,404.2,200,1,0,0.3777,1,1,1,1,1,1,1,4,4,-1,[ OK ]
2154.0,4/8/2026 11:48:32 AM,6357,101.8,0.1483,120.5,0.4236,0.5212,1.532,0,0,0,100,16.28,0.2624,404.1,200,1,0,0.386,1,1,1,1,1,1,1,4,4,-1,[ OK ]
2154.5,4/8/2026 11:48:33 AM,6357,101.8,0.1484,120.1,0.4239,0.5216,1.527,0,0,0,100,16.28,0.2637,404.2,200,1,0,0.3857,1,1,1,1,1,1,1,4,4,-1,[ OK ]
2155.2,4/8/2026 11:48:33 AM,6358,101.8,0.1485,120.1,0.4208,0.5213,1.532,0,0,0,100,16.28,0.262,404.3,200,1,0,0.3793,1,1,1,1,1,1,1,4,4,-1,[ OK ]
2155.7,4/8/2026 11:48:34 AM,6359,101.8,0.1484,120.2,0.4232,0.5219,1.524,0,0,0,100,16.28,0.263,404,200,1,0,0.3805,1,1,1,1,1,1,1,4,4,-1,[ OK ]
2156.2,4/8/2026 11:48:34 AM,6359,101.8,0.1485,119.8,0.4252,0.5214,1.529,0,0,0,100,16.28,0.2627,404.4,200,1,0,0.3888,1,1,1,1,1,1,1,4,4,-1,[ OK ]
2156.7,4/8/2026 11:48:35 AM,6360,101.8,0.1485,119.8,0.4258,0.5221,1.521,0,0,0,100,16.28,0.2604,403.9,200,1,0,0.3932,1,1,1,1,1,1,1,4,4,-1,[ OK ]
2157.2,4/8/2026 11:48:35 AM,6360,101.8,0.1484,120.2,0.4235,0.5206,1.538,0,0,0,100,16.28,0.2623,404.1,200,1,0,0.3779,1,1,1,1,1,1,1,4,4,-1,[ OK ]
2157.8,4/8/2026 11:48:36 AM,6361,101.8,0.1484,120.1,0.417,0.5222,1.519,0,0,0,100,16.28,0.2624,404.2,200,1,0,0.3794,1,1,1,1,1,1,1,4,4,-1,[ OK ]
2158.3,4/8/2026 11:48:36 AM,6361,101.8,0.1484,120,0.4324,0.5214,1.527,0,0,0,100,16.28,0.261,404.3,200,1,0,0.3896,1,1,1,1,1,1,1,4,4,-1,[ OK ]
2158.8,4/8/2026 11:48:37 AM,6362,101.8,0.1484,120.3,0.426,0.5218,1.523,0,0,0,100,16.28,0.2618,404.1,200,1,0,0.3787,1,1,1,1,1,1,1,4,4,-1,[ OK ]
2159.3,4/8/2026 11:48:37 AM,6362,101.8,0.1483,120.6,0.4286,0.5212,1.529,0,0,0,100,16.28,0.2623,403.9,200,1,0,0.3807,1,1,1,1,1,1,1,4,4,-1,[ OK ]
2159.9,4/8/2026 11:48:38 AM,6363,101.8,0.1484,120.3,0.4302,0.5211,1.531,0,0,0,100,16.28,0.2624,403.9,200,1,0,0.3883,1,1,1,1,1,1,1,4,4,-1,[ OK ]
2160.4,4/8/2026 11:48:38 AM,6363,101.8,0.1485,120.2,0.4298,0.5216,1.525,0,0,0,100,16.28,0.2636,404.3,200,1,0,0.3858,1,1,1,1,1,1,1,4,4,-1,[ OK ]
2160.9,4/8/2026 11:48:39 AM,6364,101.8,0.1486,119.8,0.4312,0.5215,1.525,0,0,0,100,16.28,0.2643,403.9,200,1,0,0.3865,1,1,1,1,1,1,1,4,4,-1,[ OK ]
2161.4,4/8/2026 11:48:40 AM,6364,101.8,0.1485,120.2,0.4247,0.522,1.52,0,0,0,100,16.28,0.2612,404.3,200,1,0,0.3876,1,1,1,1,1,1,1,4,4,-1,[ OK ]
2162.0,4/8/2026 11:48:40 AM,6365,101.8,0.1488,119.2,0.4284,0.5209,1.532,0,0,0,100,16.28,0.2627,404.2,200,1,0,0.3887,1,1,1,1,1,1,1,4,4,-1,[ OK ]
2162.5,4/8/2026 11:48:41 AM,6365,101.8,0.1485,119.9,0.4295,0.5214,1.527,0,0,0,100,16.28,0.2627,404.3,200,1,0,0.3798,1,1,1,1,1,1,1,4,4,-1,[ OK ]
2163.0,4/8/2026 11:48:41 AM,6366,101.8,0.1485,119.8,0.424,0.5214,1.527,0,0,0,100,16.28,0.2649,404.3,200,1,0,0.3836,1,1,1,1,1,1,1,4,4,-1,[ OK ]
2163.5,4/8/2026 11:48:42 AM,6366,101.8,0.1485,120,0.4246,0.5217,1.525,0,0,0,100,16.28,0.262,404.2,200,1,0,0.3842,1,1,1,1,1,1,1,4,4,-1,[ OK ]
2164.0,4/8/2026 11:48:42 AM,6367,101.8,0.1485,120,0.4274,0.522,1.521,0,0,0,100,16.28,0.2614,404.2,200,1,0,0.3861,1,1,1,1,1,1,1,4,4,-1,[ OK ]
2164.6,4/8/2026 11:48:43 AM,6367,101.8,0.1484,120.1,0.429,0.5211,1.531,0,0,0,100,16.28,0.2605,404.3,200,1,0,0.3826,1,1,1,1,1,1,1,4,4,-1,[ OK ]
2165.1,4/8/2026 11:48:43 AM,6368,101.8,0.1485,119.8,0.4248,0.5209,1.534,0,0,0,100,16.28,0.2628,404.2,200,1,0,0.379,1,1,1,1,1,1,1,4,4,-1,[ OK ]
2165.6,4/8/2026 11:48:44 AM,6368,101.8,0.1486,119.7,0.427,0.5214,1.527,0,0,0,100,16.28,0.2633,404.1,200,1,0,0.3886,1,1,1,1,1,1,1,4,4,-1,[ OK ]
2166.1,4/8/2026 11:48:44 AM,6369,101.8,0.1484,120.1,0.4272,0.5209,1.532,0,0,0,100,16.28,0.2647,404.4,200,1,0,0.3814,1,1,1,1,1,1,1,4,4,-1,[ OK ]
2166.5,4/8/2026 11:48:45 AM,6369,101.8,0.1485,120.1,0.4275,0.5211,1.532,0,0,0,100,16.28,0.2621,404.1,200,1,0,0.3868,1,1,1,1,1,1,1,4,4,-1,[ OK ]
2167.1,4/8/2026 11:48:45 AM,6370,101.8,0.1483,120.5,0.4281,0.522,1.522,0,0,0,100,16.28,0.2624,404,200,1,0,0.3834,1,1,1,1,1,1,1,4,4,-1,[ OK ]
2167.6,4/8/2026 11:48:46 AM,6370,101.8,0.1486,119.4,0.4243,0.5211,1.531,0,0,0,100,16.28,0.2624,404.2,200,1,0,0.3853,1,1,1,1,1,1,1,4,4,-1,[ OK ]
2168.1,4/8/2026 11:48:46 AM,6371,101.8,0.1485,119.8,0.4302,0.5212,1.529,0,0,0,100,16.28,0.2639,404,200,1,0,0.3813,1,1,1,1,1,1,1,4,4,-1,[ OK ]
2168.6,4/8/2026 11:48:47 AM,6371,101.8,0.1485,119.7,0.429,0.5214,1.526,0,0,0,100,16.28,0.2624,404.3,200,1,0,0.3819,1,1,1,1,1,1,1,4,4,-1,[ OK ]
2169.2,4/8/2026 11:48:47 AM,6372,101.8,0.1485,120,0.4212,0.5209,1.532,0,0,0,100,16.28,0.2623,403.9,200,1,0,0.3897,1,1,1,1,1,1,1,4,4,-1,[ OK ]
2169.8,4/8/2026 11:48:48 AM,6373,101.8,0.1484,120.1,0.4261,0.521,1.531,0,0,0,100,16.28,0.2635,403.8,200,1,0,0.3814,1,1,1,1,1,1,1,4,4,-1,[ OK ]
2170.3,4/8/2026 11:48:48 AM,6373,101.8,0.1486,119.5,0.4308,0.5215,1.527,0,0,0,100,16.28,0.2631,404.2,200,1,0,0.379,1,1,1,1,1,1,1,4,4,-1,[ OK ]
2170.7,4/8/2026 11:48:49 AM,6374,101.8,0.1484,120.2,0.426,0.5218,1.523,0,0,0,100,16.28,0.264,403.9,200,1,0,0.3744,1,1,1,1,1,1,1,4,4,-1,[ OK ]
2171.2,4/8/2026 11:48:49 AM,6374,101.8,0.1484,120.2,0.4227,0.5215,1.526,0,0,0,100,16.28,0.2637,404,200,1,0,0.3825,1,1,1,1,1,1,1,4,4,-1,[ OK ]
2171.9,4/8/2026 11:48:50 AM,6375,101.8,0.1484,120.3,0.4218,0.5217,1.523,0,0,0,100,16.28,0.261,404.1,200,1,0,0.389,1,1,1,1,1,1,1,4,4,-1,[ OK ]
2172.4,4/8/2026 11:48:50 AM,6375,101.8,0.1485,119.9,0.4236,0.5206,1.535,0,0,0,100,16.28,0.2629,404,200,1,0,0.3863,1,1,1,1,1,1,1,4,4,-1,[ OK ]
2172.8,4/8/2026 11:48:51 AM,6376,101.8,0.1483,120.4,0.4248,0.5211,1.53,0,0,0,100,16.28,0.2629,403.9,200,1,0,0.3814,1,1,1,1,1,1,1,4,4,-1,[ OK ]
2173.3,4/8/2026 11:48:51 AM,6376,101.8,0.1483,120.4,0.4283,0.5215,1.526,0,0,0,100,16.28,0.2645,404.4,200,1,0,0.382,1,1,1,1,1,1,1,4,4,-1,[ OK ]
2173.8,4/8/2026 11:48:52 AM,6377,101.8,0.1486,119.6,0.429,0.5222,1.518,0,0,0,100,16.28,0.263,404.3,200,1,0,0.3927,1,1,1,1,1,1,1,4,4,-1,[ OK ]
2174.4,4/8/2026 11:48:52 AM,6377,101.8,0.1484,120.1,0.4269,0.5211,1.53,0,0,0,100,16.28,0.2627,404.2,200,1,0,0.3834,1,1,1,1,1,1,1,4,4,-1,[ OK ]
2174.8,4/8/2026 11:48:53 AM,6378,101.8,0.1485,120.1,0.4259,0.5217,1.524,0,0,0,100,16.28,0.2634,403.9,200,1,0,0.3827,1,1,1,1,1,1,1,4,4,-1,[ OK ]
2175.3,4/8/2026 11:48:53 AM,6378,101.8,0.1484,120.3,0.4247,0.5215,1.526,0,0,0,100,16.28,0.2632,403.9,200,1,0,0.3774,1,1,1,1,1,1,1,4,4,-1,[ OK ]
2175.7,4/8/2026 11:48:54 AM,6379,101.8,0.1484,120.2,0.4252,0.5216,1.523,0,0,0,100,16.28,0.262,404,200,1,0,0.3807,1,1,1,1,1,1,1,4,4,-1,[ OK ]
2176.2,4/8/2026 11:48:54 AM,6379,101.8,0.1483,120.4,0.4177,0.5216,1.524,0,0,0,100,16.28,0.2633,404.1,200,1,0,0.3794,1,1,1,1,1,1,1,4,4,-1,[ OK ]
2176.8,4/8/2026 11:48:55 AM,6380,101.8,0.1484,120,0.4251,0.5216,1.525,0,0,0,100,16.28,0.2635,404.2,200,1,0,0.3778,1,1,1,1,1,1,1,4,4,-1,[ OK ]
2177.4,4/8/2026 11:48:55 AM,6380,101.8,0.1484,120.1,0.4266,0.5208,1.533,0,0,0,100,16.28,0.263,404.1,200,1,0,0.3861,1,1,1,1,1,1,1,4,4,-1,[ OK ]
2177.9,4/8/2026 11:48:56 AM,6381,101.8,0.1484,120.1,0.4313,0.5212,1.53,0,0,0,100,16.28,0.2609,404,200,1,0,0.3897,1,1,1,1,1,1,1,4,4,-1,[ OK ]
2178.4,4/8/2026 11:48:57 AM,6381,101.8,0.1484,120.1,0.4302,0.5215,1.526,0,0,0,100,16.28,0.2619,404.2,200,1,0,0.3884,1,1,1,1,1,1,1,4,4,-1,[ OK ]
2179.0,4/8/2026 11:48:57 AM,6382,101.8,0.1485,119.9,0.4298,0.5221,1.521,0,0,0,100,16.28,0.2604,404.1,200,1,0,0.3917,1,1,1,1,1,1,1,4,4,-1,[ OK ]
2179.6,4/8/2026 11:48:58 AM,6382,101.8,0.1485,120.1,0.4233,0.521,1.534,0,0,0,100,16.28,0.2609,404.2,200,1,0,0.3853,1,1,1,1,1,1,1,4,4,-1,[ OK ]
2180.1,4/8/2026 11:48:58 AM,6383,101.8,0.1485,120,0.4255,0.522,1.523,0,0,0,100,16.28,0.2606,404.3,200,1,0,0.3826,1,1,1,1,1,1,1,4,4,-1,[ OK ]
2180.6,4/8/2026 11:48:59 AM,6383,101.8,0.1484,120.2,0.4293,0.5206,1.537,0,0,0,100,16.28,0.2636,404.2,200,1,0,0.3838,1,1,1,1,1,1,1,4,4,-1,[ OK ]
2181.1,4/8/2026 11:48:59 AM,6384,101.8,0.1486,119.4,0.4272,0.5209,1.535,0,0,0,100,16.28,0.2615,404.2,200,1,0,0.382,1,1,1,1,1,1,1,4,4,-1,[ OK ]
2181.7,4/8/2026 11:49:00 AM,6385,101.8,0.1485,119.8,0.4298,0.5217,1.526,0,0,0,100,16.28,0.2615,404,200,1,0,0.3939,1,1,1,1,1,1,1,4,4,-1,[ OK ]
2182.2,4/8/2026 11:49:00 AM,6385,101.8,0.1486,119.9,0.4263,0.5205,1.539,0,0,0,100,16.28,0.2619,404.1,200,1,0,0.3781,1,1,1,1,1,1,1,4,4,-1,[ OK ]
2182.7,4/8/2026 11:49:01 AM,6386,101.8,0.1485,119.9,0.4212,0.5213,1.531,0,0,0,100,16.28,0.261,404.2,200,1,0,0.3827,1,1,1,1,1,1,1,4,4,-1,[ OK ]
2183.2,4/8/2026 11:49:01 AM,6386,101.8,0.1484,120.4,0.4302,0.5223,1.52,0,0,0,100,16.28,0.2622,404.1,200,1,0,0.3911,1,1,1,1,1,1,1,4,4,-1,[ OK ]
2183.8,4/8/2026 11:49:02 AM,6387,101.8,0.1486,119.8,0.4271,0.522,1.522,0,0,0,100,16.28,0.2616,404.2,200,1,0,0.3879,1,1,1,1,1,1,1,4,4,-1,[ OK ]
2184.4,4/8/2026 11:49:02 AM,6387,101.8,0.1486,119.7,0.4241,0.5216,1.527,0,0,0,100,16.28,0.2606,404.2,200,1,0,0.3864,1,1,1,1,1,1,1,4,4,-1,[ OK ]
2184.9,4/8/2026 11:49:03 AM,6388,101.8,0.1485,120.1,0.4164,0.5211,1.532,0,0,0,100,16.28,0.2604,403.9,200,1,0,0.3932,1,1,1,1,1,1,1,4,4,-1,[ OK ]
2185.4,4/8/2026 11:49:04 AM,6388,101.8,0.1485,120.1,0.4273,0.5213,1.529,0,0,0,100,16.28,0.2604,404.3,200,1,0,0.3874,1,1,1,1,1,1,1,4,4,-1,[ OK ]
2185.8,4/8/2026 11:49:04 AM,6389,101.8,0.1488,119.4,0.4264,0.5218,1.524,0,0,0,100,16.28,0.2605,404.2,200,1,0,0.401,1,1,1,1,1,1,1,4,4,-1,[ OK ]
2186.4,4/8/2026 11:49:04 AM,6389,101.8,0.1488,119.4,0.4278,0.5213,1.529,0,0,0,100,16.28,0.2635,404.3,200,1,0,0.38,1,1,1,1,1,1,1,4,4,-1,[ OK ]
2186.9,4/8/2026 11:49:05 AM,6390,101.8,0.1487,119.8,0.4243,0.5204,1.539,0,0,0,100,16.28,0.2604,404.1,200,1,0,0.3943,1,1,1,1,1,1,1,4,4,-1,[ OK ]
2187.4,4/8/2026 11:49:05 AM,6390,101.8,0.1487,119.7,0.4268,0.5221,1.522,0,0,0,100,16.28,0.2617,403.9,200,1,0,0.3875,1,1,1,1,1,1,1,4,4,-1,[ OK ]
2187.8,4/8/2026 11:49:06 AM,6391,101.8,0.1489,119.2,0.4297,0.5218,1.525,0,0,0,100,16.28,0.2605,403.9,200,1,0,0.3928,1,1,1,1,1,1,1,4,4,-1,[ OK ]
2188.2,4/8/2026 11:49:06 AM,6391,101.8,0.1487,119.7,0.4286,0.5217,1.526,0,0,0,100,16.28,0.2583,403.9,200,1,0,0.4012,1,1,1,1,1,1,1,4,4,-1,[ OK ]
2188.8,4/8/2026 11:49:07 AM,6392,101.8,0.1486,119.8,0.4287,0.5213,1.53,0,0,0,100,16.28,0.2604,404,200,1,0,0.3885,1,1,1,1,1,1,1,4,4,-1,[ OK ]
2189.4,4/8/2026 11:49:07 AM,6392,101.8,0.1486,119.8,0.4243,0.5207,1.536,0,0,0,100,16.28,0.2595,404,200,1,0,0.3963,1,1,1,1,1,1,1,4,4,-1,[ OK ]
2190.0,4/8/2026 11:49:08 AM,6393,101.8,0.1485,120.3,0.4298,0.521,1.532,0,0,0,100,16.28,0.2603,403.8,200,1,0,0.3903,1,1,1,1,1,1,1,4,4,-1,[ OK ]
2190.5,4/8/2026 11:49:09 AM,6393,101.8,0.1485,120.3,0.4225,0.5213,1.529,0,0,0,100,16.28,0.2614,403.9,200,1,0,0.3898,1,1,1,1,1,1,1,4,4,-1,[ OK ]
2191.0,4/8/2026 11:49:09 AM,6394,101.8,0.1486,120,0.4336,0.5212,1.53,0,0,0,100,16.28,0.2627,404.3,200,1,0,0.3795,1,1,1,1,1,1,1,4,4,-1,[ OK ]
2191.5,4/8/2026 11:49:10 AM,6394,101.8,0.1487,119.8,0.4309,0.5214,1.527,0,0,0,100,16.28,0.2615,404.2,200,1,0,0.3916,1,1,1,1,1,1,1,4,4,-1,[ OK ]
2192.0,4/8/2026 11:49:10 AM,6395,101.8,0.1485,120.5,0.4266,0.5215,1.526,0,0,0,100,16.28,0.2592,403.9,200,1,0,0.396,1,1,1,1,1,1,1,4,4,-1,[ OK ]
2192.5,4/8/2026 11:49:11 AM,6395,101.8,0.1487,119.9,0.431,0.5208,1.533,0,0,0,100,16.28,0.2608,404.1,200,1,0,0.3884,1,1,1,1,1,1,1,4,4,-1,[ OK ]
2193.0,4/8/2026 11:49:11 AM,6396,101.8,0.1487,119.8,0.4304,0.521,1.532,0,0,0,100,16.28,0.2581,403.8,200,1,0,0.4002,1,1,1,1,1,1,1,4,4,-1,[ OK ]
2193.6,4/8/2026 11:49:12 AM,6396,101.8,0.1486,120,0.4239,0.5207,1.536,0,0,0,100,16.28,0.2613,403.9,200,1,0,0.392,1,1,1,1,1,1,1,4,4,-1,[ OK ]
2194.1,4/8/2026 11:49:12 AM,6397,101.8,0.1484,120.4,0.4277,0.5214,1.528,0,0,0,100,16.28,0.261,404.3,200,1,0,0.3876,1,1,1,1,1,1,1,4,4,-1,[ OK ]
2194.6,4/8/2026 11:49:13 AM,6397,101.8,0.1484,120.7,0.422,0.5217,1.525,0,0,0,100,16.28,0.2585,404,200,1,0,0.3929,1,1,1,1,1,1,1,4,4,-1,[ OK ]
2195.1,4/8/2026 11:49:13 AM,6398,101.8,0.1487,119.8,0.4246,0.5221,1.521,0,0,0,100,16.28,0.2577,403.9,200,1,0,0.4051,1,1,1,1,1,1,1,4,4,-1,[ OK ]
2195.7,4/8/2026 11:49:14 AM,6399,101.8,0.1485,120.5,0.4251,0.5208,1.535,0,0,0,100,16.28,0.2583,404.1,200,1,0,0.3885,1,1,1,1,1,1,1,4,4,-1,[ OK ]
2196.2,4/8/2026 11:49:14 AM,6399,101.8,0.1485,120.4,0.4339,0.5212,1.53,0,0,0,100,16.28,0.2608,404.1,200,1,0,0.3956,1,1,1,1,1,1,1,4,4,-1,[ OK ]
2196.7,4/8/2026 11:49:15 AM,6400,101.8,0.1487,119.9,0.428,0.521,1.532,0,0,0,100,16.28,0.2595,404.3,200,1,0,0.3985,1,1,1,1,1,1,1,4,4,-1,[ OK ]
2197.2,4/8/2026 11:49:15 AM,6400,101.8,0.1487,119.7,0.4255,0.5213,1.53,0,0,0,100,16.28,0.2608,404.2,200,1,0,0.3967,1,1,1,1,1,1,1,4,4,-1,[ OK ]
2197.6,4/8/2026 11:49:16 AM,6401,101.8,0.1487,119.8,0.4241,0.5219,1.522,0,0,0,100,16.28,0.2606,404.3,200,1,0,0.3925,1,1,1,1,1,1,1,4,4,-1,[ OK ]
2198.2,4/8/2026 11:49:16 AM,6401,101.8,0.1489,119.4,0.4284,0.5212,1.529,0,0,0,100,16.28,0.2581,404.1,200,1,0,0.3947,1,1,1,1,1,1,1,4,4,-1,[ OK ]
2198.7,4/8/2026 11:49:17 AM,6402,101.8,0.1488,119.9,0.4327,0.521,1.532,0,0,0,100,16.28,0.2601,404,200,1,0,0.4024,1,1,1,1,1,1,1,4,4,-1,[ OK ]
2199.2,4/8/2026 11:49:17 AM,6402,101.8,0.1488,119.8,0.425,0.5218,1.523,0,0,0,100,16.28,0.258,404.2,200,1,0,0.4026,1,1,1,1,1,1,1,4,4,-1,[ OK ]
2199.7,4/8/2026 11:49:18 AM,6403,101.8,0.1489,119.4,0.4266,0.5221,1.52,0,0,0,100,16.28,0.2604,403.9,200,1,0,0.3959,1,1,1,1,1,1,1,4,4,-1,[ OK ]
2200.3,4/8/2026 11:49:18 AM,6403,101.8,0.1488,119.8,0.4426,0.5206,1.536,0,0,0,100,16.28,0.2601,404.3,200,1,0,0.3872,1,1,1,1,1,1,1,4,4,-1,[ OK ]
2200.8,4/8/2026 11:49:19 AM,6404,101.8,0.1488,119.6,0.4328,0.5216,1.525,0,0,0,100,16.28,0.2606,404,200,1,0,0.4009,1,1,1,1,1,1,1,4,4,-1,[ OK ]
2201.3,4/8/2026 11:49:19 AM,6404,101.8,0.1488,119.7,0.433,0.5216,1.526,0,0,0,100,16.28,0.2593,404.2,200,1,0,0.3923,1,1,1,1,1,1,1,4,4,-1,[ OK ]
2201.8,4/8/2026 11:49:20 AM,6405,101.8,0.1487,120.1,0.4264,0.5212,1.531,0,0,0,100,16.28,0.2596,404.3,200,1,0,0.3923,1,1,1,1,1,1,1,4,4,-1,[ OK ]
2202.3,4/8/2026 11:49:20 AM,6405,101.8,0.1487,120,0.4239,0.5215,1.528,0,0,0,100,16.28,0.2598,404.4,200,1,0,0.3956,1,1,1,1,1,1,1,4,4,-1,[ OK ]
2202.9,4/8/2026 11:49:21 AM,6406,101.8,0.1487,119.9,0.4291,0.5215,1.528,0,0,0,100,16.28,0.2614,404.1,200,1,0,0.3883,1,1,1,1,1,1,1,4,4,-1,[ OK ]
2203.4,4/8/2026 11:49:21 AM,6406,101.8,0.1487,120.1,0.4315,0.5209,1.535,0,0,0,100,16.28,0.261,403.9,200,1,0,0.3878,1,1,1,1,1,1,1,4,4,-1,[ OK ]
2203.9,4/8/2026 11:49:22 AM,6407,101.8,0.1486,120.1,0.429,0.5215,1.527,0,0,0,100,16.28,0.2593,404.3,200,1,0,0.3956,1,1,1,1,1,1,1,4,4,-1,[ OK ]
2204.4,4/8/2026 11:49:22 AM,6407,101.8,0.1487,119.8,0.4251,0.5218,1.523,0,0,0,100,16.28,0.261,404.1,200,1,0,0.3945,1,1,1,1,1,1,1,4,4,-1,[ OK ]
2204.8,4/8/2026 11:49:23 AM,6408,101.8,0.1486,120.1,0.4255,0.521,1.532,0,0,0,100,16.28,0.2604,404.1,200,1,0,0.396,1,1,1,1,1,1,1,4,4,-1,[ OK ]
2205.2,4/8/2026 11:49:23 AM,6408,101.8,0.1488,119.6,0.4291,0.5215,1.527,0,0,0,100,16.28,0.2597,404.1,200,1,0,0.3853,1,1,1,1,1,1,1,4,4,-1,[ OK ]
2205.7,4/8/2026 11:49:24 AM,6409,101.8,0.1486,120.1,0.4263,0.5218,1.524,0,0,0,100,16.28,0.259,404.4,200,1,0,0.3976,1,1,1,1,1,1,1,4,4,-1,[ OK ]
2206.2,4/8/2026 11:49:24 AM,6409,101.8,0.1488,119.5,0.4265,0.5215,1.526,0,0,0,100,16.28,0.2607,404.3,200,1,0,0.4002,1,1,1,1,1,1,1,4,4,-1,[ OK ]
2206.7,4/8/2026 11:49:25 AM,6410,101.8,0.1485,120.3,0.4303,0.5219,1.521,0,0,0,100,16.28,0.2583,403.9,200,1,0,0.3937,1,1,1,1,1,1,1,4,4,-1,[ OK ]
2207.2,4/8/2026 11:49:25 AM,6410,101.8,0.1487,119.7,0.4306,0.5207,1.535,0,0,0,100,16.28,0.2598,404.3,200,1,0,0.3876,1,1,1,1,1,1,1,4,4,-1,[ OK ]
2207.7,4/8/2026 11:49:26 AM,6411,101.8,0.1488,119.4,0.4298,0.5208,1.534,0,0,0,100,16.28,0.26,403.9,200,1,0,0.3976,1,1,1,1,1,1,1,4,4,-1,[ OK ]
2208.2,4/8/2026 11:49:26 AM,6411,101.8,0.1487,119.9,0.4235,0.5219,1.521,0,0,0,100,16.28,0.2592,404,200,1,0,0.3922,1,1,1,1,1,1,1,4,4,-1,[ OK ]
2208.7,4/8/2026 11:49:27 AM,6412,101.8,0.1487,120,0.4308,0.5217,1.524,0,0,0,100,16.28,0.2587,404.2,200,1,0,0.3937,1,1,1,1,1,1,1,4,4,-1,[ OK ]
2209.2,4/8/2026 11:49:27 AM,6412,101.8,0.1487,119.9,0.4335,0.5215,1.527,0,0,0,100,16.28,0.2589,404.2,200,1,0,0.4015,1,1,1,1,1,1,1,4,4,-1,[ OK ]
2209.7,4/8/2026 11:49:28 AM,6413,101.8,0.1491,118.7,0.4278,0.5213,1.529,0,0,0,100,16.28,0.2587,403.9,200,1,0,0.3886,1,1,1,1,1,1,1,4,4,-1,[ OK ]
2210.3,4/8/2026 11:49:28 AM,6413,101.8,0.1485,120.5,0.4244,0.5212,1.531,0,0,0,100,16.28,0.2603,404,200,1,0,0.39,1,1,1,1,1,1,1,4,4,-1,[ OK ]
2210.8,4/8/2026 11:49:29 AM,6414,101.8,0.1488,119.5,0.4311,0.5211,1.532,0,0,0,100,16.28,0.2591,404.3,200,1,0,0.4017,1,1,1,1,1,1,1,4,4,-1,[ OK ]
2211.3,4/8/2026 11:49:29 AM,6414,101.8,0.1488,119.4,0.4296,0.5213,1.528,0,0,0,100,16.28,0.2606,403.8,200,1,0,0.3924,1,1,1,1,1,1,1,4,4,-1,[ OK ]
2211.7,4/8/2026 11:49:30 AM,6415,101.8,0.1486,120.1,0.429,0.5215,1.526,0,0,0,100,16.28,0.2614,404.3,200,1,0,0.3837,1,1,1,1,1,1,1,4,4,-1,[ OK ]
2212.1,4/8/2026 11:49:30 AM,6415,101.8,0.1484,120.8,0.4304,0.5214,1.528,0,0,0,100,16.28,0.2597,404.3,200,1,0,0.3963,1,1,1,1,1,1,1,4,4,-1,[ OK ]
2212.6,4/8/2026 11:49:31 AM,6415,101.8,0.1487,120,0.4288,0.5212,1.53,0,0,0,100,16.28,0.2611,404,200,1,0,0.3856,1,1,1,1,1,1,1,4,4,-1,[ OK ]
2213.1,4/8/2026 11:49:31 AM,6416,101.8,0.1487,119.9,0.4211,0.522,1.521,0,0,0,100,16.28,0.2614,403.8,200,1,0,0.3803,1,1,1,1,1,1,1,4,4,-1,[ OK ]
2213.6,4/8/2026 11:49:32 AM,6416,101.8,0.1486,120.2,0.4284,0.5217,1.526,0,0,0,100,16.28,0.2617,404,200,1,0,0.3821,1,1,1,1,1,1,1,4,4,-1,[ OK ]
2214.0,4/8/2026 11:49:32 AM,6417,101.8,0.1486,120.3,0.431,0.5215,1.527,0,0,0,100,16.28,0.2609,404,200,1,0,0.3906,1,1,1,1,1,1,1,4,4,-1,[ OK ]
2214.6,4/8/2026 11:49:33 AM,6417,101.8,0.1485,120.7,0.422,0.521,1.534,0,0,0,100,16.28,0.2622,404.3,200,1,0,0.3893,1,1,1,1,1,1,1,4,4,-1,[ OK ]
2215.0,4/8/2026 11:49:33 AM,6418,101.8,0.1487,120.1,0.4283,0.5218,1.525,0,0,0,100,16.28,0.2617,404.3,200,1,0,0.3835,1,1,1,1,1,1,1,4,4,-1,[ OK ]
2215.4,4/8/2026 11:49:33 AM,6418,101.8,0.1488,119.7,0.4302,0.5211,1.532,0,0,0,100,16.28,0.2618,404.4,200,1,0,0.389,1,1,1,1,1,1,1,4,4,-1,[ OK ]
2215.9,4/8/2026 11:49:34 AM,6419,101.8,0.1486,120.6,0.4259,0.5222,1.52,0,0,0,100,16.28,0.2617,404.3,200,1,0,0.3832,1,1,1,1,1,1,1,4,4,-1,[ OK ]
2216.4,4/8/2026 11:49:35 AM,6419,101.8,0.1488,119.8,0.4318,0.5213,1.529,0,0,0,100,16.28,0.2593,403.9,200,1,0,0.3956,1,1,1,1,1,1,1,4,4,-1,[ OK ]
2216.9,4/8/2026 11:49:35 AM,6420,101.8,0.1487,120,0.4339,0.522,1.522,0,0,0,100,16.28,0.2588,404.1,200,1,0,0.3927,1,1,1,1,1,1,1,4,4,-1,[ OK ]
2217.4,4/8/2026 11:49:35 AM,6420,101.8,0.1485,120.7,0.4285,0.5217,1.526,0,0,0,100,16.28,0.2597,404.2,200,1,0,0.3992,1,1,1,1,1,1,1,4,4,-1,[ OK ]
2217.9,4/8/2026 11:49:36 AM,6421,101.8,0.149,119.2,0.4252,0.522,1.522,0,0,0,100,16.28,0.2606,403.9,200,1,0,0.3892,1,1,1,1,1,1,1,4,4,-1,[ OK ]
2218.4,4/8/2026 11:49:37 AM,6421,101.8,0.1486,120.5,0.4326,0.5211,1.532,0,0,0,100,16.28,0.2606,404,200,1,0,0.379,1,1,1,1,1,1,1,4,4,-1,[ OK ]
2218.8,4/8/2026 11:49:37 AM,6422,101.8,0.1487,120.1,0.4274,0.5218,1.523,0,0,0,100,16.28,0.26,404.2,200,1,0,0.3827,1,1,1,1,1,1,1,4,4,-1,[ OK ]
2219.4,4/8/2026 11:49:37 AM,6422,101.8,0.1488,120.1,0.4259,0.5215,1.527,0,0,0,100,16.28,0.2597,403.9,200,1,0,0.3988,1,1,1,1,1,1,1,4,4,-1,[ OK ]
2219.9,4/8/2026 11:49:38 AM,6423,101.8,0.1488,120,0.4281,0.5215,1.527,0,0,0,100,16.28,0.2607,403.9,200,1,0,0.3926,1,1,1,1,1,1,1,4,4,-1,[ OK ]
2220.4,4/8/2026 11:49:38 AM,6423,101.8,0.1489,119.7,0.434,0.5214,1.529,0,0,0,100,16.28,0.2597,404,200,1,0,0.3918,1,1,1,1,1,1,1,4,4,-1,[ OK ]
2220.8,4/8/2026 11:49:39 AM,6424,101.8,0.1489,119.4,0.4261,0.5213,1.529,0,0,0,100,16.28,0.2601,403.9,200,1,0,0.4024,1,1,1,1,1,1,1,4,4,-1,[ OK ]
2221.2,4/8/2026 11:49:39 AM,6424,101.8,0.1487,120.1,0.431,0.5213,1.53,0,0,0,100,16.28,0.2598,404.2,200,1,0,0.3871,1,1,1,1,1,1,1,4,4,-1,[ OK ]
2221.8,4/8/2026 11:49:40 AM,6425,101.8,0.1487,120.1,0.4314,0.5219,1.523,0,0,0,100,16.28,0.2593,404.2,200,1,0,0.3937,1,1,1,1,1,1,1,4,4,-1,[ OK ]
2222.3,4/8/2026 11:49:40 AM,6425,101.8,0.1487,120.2,0.4331,0.5215,1.528,0,0,0,100,16.28,0.2589,403.9,200,1,0,0.3944,1,1,1,1,1,1,1,4,4,-1,[ OK ]
2222.8,4/8/2026 11:49:41 AM,6426,101.8,0.1487,120.1,0.4301,0.5208,1.535,0,0,0,100,16.28,0.2604,404,200,1,0,0.3919,1,1,1,1,1,1,1,4,4,-1,[ OK ]
2223.3,4/8/2026 11:49:41 AM,6426,101.8,0.1492,118.4,0.4338,0.5216,1.527,0,0,0,100,16.28,0.2593,404.1,200,1,0,0.3894,1,1,1,1,1,1,1,4,4,-1,[ OK ]
2223.9,4/8/2026 11:49:42 AM,6427,101.8,0.1487,120.1,0.4259,0.5215,1.527,0,0,0,100,16.28,0.2608,404.2,200,1,0,0.3919,1,1,1,1,1,1,1,4,4,-1,[ OK ]
2224.4,4/8/2026 11:49:42 AM,6427,101.8,0.1487,120.1,0.4235,0.5218,1.523,0,0,0,100,16.28,0.2597,404,200,1,0,0.3889,1,1,1,1,1,1,1,4,4,-1,[ OK ]
2224.8,4/8/2026 11:49:43 AM,6428,101.8,0.1488,119.6,0.4316,0.5212,1.53,0,0,0,100,16.28,0.2605,404.3,200,1,0,0.3898,1,1,1,1,1,1,1,4,4,-1,[ OK ]
2225.2,4/8/2026 11:49:43 AM,6428,101.8,0.1488,119.8,0.4271,0.5219,1.523,0,0,0,100,16.28,0.2604,403.9,200,1,0,0.3917,1,1,1,1,1,1,1,4,4,-1,[ OK ]
2225.6,4/8/2026 11:49:44 AM,6429,101.8,0.1488,119.6,0.4247,0.5214,1.529,0,0,0,100,16.28,0.2591,404.3,200,1,0,0.3947,1,1,1,1,1,1,1,4,4,-1,[ OK ]
2226.1,4/8/2026 11:49:44 AM,6429,101.8,0.1487,120,0.4235,0.5211,1.532,0,0,0,100,16.28,0.2596,404.2,200,1,0,0.3942,1,1,1,1,1,1,1,4,4,-1,[ OK ]
2226.5,4/8/2026 11:49:45 AM,6429,101.8,0.1486,120,0.4272,0.5216,1.526,0,0,0,100,16.28,0.2627,404.3,200,1,0,0.3948,1,1,1,1,1,1,1,4,4,-1,[ OK ]
2226.9,4/8/2026 11:49:45 AM,6430,101.8,0.1487,119.9,0.4287,0.5208,1.535,0,0,0,100,16.28,0.2604,404,200,1,0,0.398,1,1,1,1,1,1,1,4,4,-1,[ OK ]
2227.4,4/8/2026 11:49:46 AM,6430,101.8,0.1486,120.1,0.4322,0.5217,1.526,0,0,0,100,16.28,0.2598,404.2,200,1,0,0.3951,1,1,1,1,1,1,1,4,4,-1,[ OK ]
2227.8,4/8/2026 11:49:46 AM,6431,101.8,0.1488,119.7,0.4269,0.5217,1.527,0,0,0,100,16.28,0.2583,404,200,1,0,0.4056,1,1,1,1,1,1,1,4,4,-1,[ OK ]
2228.4,4/8/2026 11:49:46 AM,6431,101.8,0.1485,120.7,0.4355,0.5212,1.532,0,0,0,100,16.28,0.2611,404.3,200,1,0,0.3976,1,1,1,1,1,1,1,4,4,-1,[ OK ]
2228.8,4/8/2026 11:49:47 AM,6432,101.8,0.1489,119.5,0.4246,0.5212,1.532,0,0,0,100,16.28,0.26,403.9,200,1,0,0.3989,1,1,1,1,1,1,1,4,4,-1,[ OK ]
2229.3,4/8/2026 11:49:47 AM,6432,101.8,0.1488,119.8,0.4274,0.5219,1.524,0,0,0,100,16.28,0.2605,404,200,1,0,0.3911,1,1,1,1,1,1,1,4,4,-1,[ OK ]
2229.8,4/8/2026 11:49:48 AM,6433,101.8,0.1489,119.5,0.4301,0.5212,1.531,0,0,0,100,16.28,0.2614,404.3,200,1,0,0.3866,1,1,1,1,1,1,1,4,4,-1,[ OK ]
2230.4,4/8/2026 11:49:48 AM,6433,101.8,0.1488,119.9,0.4251,0.5214,1.529,0,0,0,100,16.28,0.2604,404.2,200,1,0,0.3887,1,1,1,1,1,1,1,4,4,-1,[ OK ]
2230.8,4/8/2026 11:49:49 AM,6434,101.8,0.1487,120.2,0.4275,0.5222,1.521,0,0,0,100,16.28,0.261,404.3,200,1,0,0.3868,1,1,1,1,1,1,1,4,4,-1,[ OK ]
2231.3,4/8/2026 11:49:49 AM,6434,101.8,0.1488,119.8,0.4296,0.5219,1.522,0,0,0,100,16.28,0.2572,404.2,200,1,0,0.3961,1,1,1,1,1,1,1,4,4,-1,[ OK ]
2231.7,4/8/2026 11:49:50 AM,6435,101.8,0.1488,120.1,0.4313,0.5212,1.53,0,0,0,100,16.28,0.2614,404.2,200,1,0,0.3898,1,1,1,1,1,1,1,4,4,-1,[ OK ]
2232.1,4/8/2026 11:49:50 AM,6435,101.8,0.1488,120.1,0.4249,0.5206,1.536,0,0,0,100,16.28,0.2591,404,200,1,0,0.4058,1,1,1,1,1,1,1,4,4,-1,[ OK ]
2232.7,4/8/2026 11:49:51 AM,6436,101.8,0.1487,120.3,0.4305,0.5215,1.526,0,0,0,100,16.28,0.2592,404.2,200,1,0,0.4009,1,1,1,1,1,1,1,4,4,-1,[ OK ]
2233.1,4/8/2026 11:49:51 AM,6436,101.8,0.1489,119.9,0.4269,0.5216,1.526,0,0,0,100,16.28,0.2579,404.3,200,1,0,0.4011,1,1,1,1,1,1,1,4,4,-1,[ OK ]
2233.6,4/8/2026 11:49:52 AM,6436,101.8,0.149,119.5,0.4298,0.5214,1.527,0,0,0,100,16.28,0.2592,403.8,200,1,0,0.4035,1,1,1,1,1,1,1,4,4,-1,[ OK ]
2234.0,4/8/2026 11:49:52 AM,6437,101.8,0.1491,119.3,0.4299,0.5219,1.522,0,0,0,100,16.28,0.2581,403.9,200,1,0,0.4076,1,1,1,1,1,1,1,4,4,-1,[ OK ]
2234.5,4/8/2026 11:49:53 AM,6437,101.8,0.1489,119.9,0.4316,0.5212,1.529,0,0,0,100,16.28,0.2605,404,200,1,0,0.3878,1,1,1,1,1,1,1,4,4,-1,[ OK ]
2234.9,4/8/2026 11:49:53 AM,6438,101.8,0.1487,120.3,0.4334,0.5219,1.522,0,0,0,100,16.28,0.262,404.3,200,1,0,0.3975,1,1,1,1,1,1,1,4,4,-1,[ OK ]
2235.5,4/8/2026 11:49:54 AM,6438,101.8,0.1488,120,0.4338,0.5212,1.529,0,0,0,100,16.28,0.2594,404.3,200,1,0,0.4037,1,1,1,1,1,1,1,4,4,-1,[ OK ]
2235.9,4/8/2026 11:49:54 AM,6439,101.8,0.1487,120.2,0.4334,0.5212,1.529,0,0,0,100,16.28,0.2605,404.4,200,1,0,0.3896,1,1,1,1,1,1,1,4,4,-1,[ OK ]
2236.4,4/8/2026 11:49:55 AM,6439,101.8,0.1488,120.2,0.4346,0.5211,1.53,0,0,0,100,16.28,0.2619,404.1,200,1,0,0.3875,1,1,1,1,1,1,1,4,4,-1,[ OK ]
2236.8,4/8/2026 11:49:55 AM,6440,101.8,0.1488,120,0.4301,0.5209,1.533,0,0,0,100,16.28,0.2592,404.2,200,1,0,0.3909,1,1,1,1,1,1,1,4,4,-1,[ OK ]
2237.4,4/8/2026 11:49:55 AM,6440,101.8,0.1489,119.9,0.4282,0.5214,1.528,0,0,0,100,16.28,0.2604,404.2,200,1,0,0.3898,1,1,1,1,1,1,1,4,4,-1,[ OK ]
2237.8,4/8/2026 11:49:56 AM,6441,101.8,0.1487,120.4,0.4312,0.5211,1.531,0,0,0,100,16.28,0.2579,404,200,1,0,0.404,1,1,1,1,1,1,1,4,4,-1,[ OK ]
2238.3,4/8/2026 11:49:56 AM,6441,101.8,0.1489,119.9,0.4426,0.5214,1.528,0,0,0,100,16.28,0.2612,404.2,200,1,0,0.3926,1,1,1,1,1,1,1,4,4,-1,[ OK ]
2238.8,4/8/2026 11:49:57 AM,6442,101.8,0.1488,120.3,0.4298,0.5215,1.527,0,0,0,100,16.28,0.2604,404.1,200,1,0,0.3903,1,1,1,1,1,1,1,4,4,-1,[ OK ]
2239.4,4/8/2026 11:49:57 AM,6442,101.8,0.1487,120.5,0.433,0.522,1.522,0,0,0,100,16.28,0.2603,404.3,200,1,0,0.3896,1,1,1,1,1,1,1,4,4,-1,[ OK ]
2239.9,4/8/2026 11:49:58 AM,6443,101.8,0.1488,120.2,0.4336,0.5205,1.538,0,0,0,100,16.28,0.2605,404.1,200,1,0,0.3957,1,1,1,1,1,1,1,4,4,-1,[ OK ]
2240.3,4/8/2026 11:49:58 AM,6443,101.8,0.1488,120.2,0.4315,0.5222,1.52,0,0,0,100,16.28,0.2591,404,200,1,0,0.4146,1,1,1,1,1,1,1,4,4,-1,[ OK ]
2240.8,4/8/2026 11:49:59 AM,6444,101.8,0.1488,120.2,0.4275,0.5217,1.525,0,0,0,100,16.28,0.2604,403.9,200,1,0,0.4017,1,1,1,1,1,1,1,4,4,-1,[ OK ]
2241.3,4/8/2026 11:49:59 AM,6444,101.8,0.1488,120.1,0.4306,0.5213,1.528,0,0,0,100,16.28,0.2594,403.9,200,1,0,0.39,1,1,1,1,1,1,1,4,4,-1,[ OK ]
2241.8,4/8/2026 11:50:00 AM,6445,101.8,0.149,119.6,0.433,0.5217,1.524,0,0,0,100,16.28,0.2597,403.9,200,1,0,0.3999,1,1,1,1,1,1,1,4,4,-1,[ OK ]
2242.4,4/8/2026 11:50:00 AM,6445,101.8,0.1491,119.3,0.4274,0.5216,1.525,0,0,0,100,16.28,0.2585,404.3,200,1,0,0.3998,1,1,1,1,1,1,1,4,4,-1,[ OK ]
2242.9,4/8/2026 11:50:01 AM,6446,101.8,0.149,119.8,0.4266,0.5212,1.53,0,0,0,100,16.28,0.2596,404.2,200,1,0,0.3891,1,1,1,1,1,1,1,4,4,-1,[ OK ]
2243.4,4/8/2026 11:50:01 AM,6446,101.8,0.1489,120.1,0.4304,0.5214,1.527,0,0,0,100,16.28,0.2597,404,200,1,0,0.3992,1,1,1,1,1,1,1,4,4,-1,[ OK ]
2243.9,4/8/2026 11:50:02 AM,6447,101.8,0.1489,120,0.4337,0.5212,1.529,0,0,0,100,16.28,0.2593,404,200,1,0,0.4004,1,1,1,1,1,1,1,4,4,-1,[ OK ]
2244.3,4/8/2026 11:50:02 AM,6447,101.8,0.149,119.5,0.4283,0.5215,1.525,0,0,0,100,16.28,0.2602,404.2,200,1,0,0.3962,1,1,1,1,1,1,1,4,4,-1,[ OK ]
2244.8,4/8/2026 11:50:03 AM,6448,101.8,0.1489,119.8,0.4342,0.5211,1.529,0,0,0,100,16.28,0.2627,404,200,1,0,0.3877,1,1,1,1,1,1,1,4,4,-1,[ OK ]
2245.3,4/8/2026 11:50:03 AM,6448,101.8,0.1486,120.8,0.4325,0.5211,1.529,0,0,0,100,16.28,0.2598,403.9,200,1,0,0.4017,1,1,1,1,1,1,1,4,4,-1,[ OK ]
2245.8,4/8/2026 11:50:04 AM,6449,101.8,0.1489,120.2,0.4299,0.5211,1.53,0,0,0,100,16.28,0.2591,404.2,200,1,0,0.3993,1,1,1,1,1,1,1,4,4,-1,[ OK ]
2246.3,4/8/2026 11:50:04 AM,6449,101.8,0.1491,119.4,0.4299,0.5208,1.532,0,0,0,100,16.28,0.262,404.1,200,1,0,0.3905,1,1,1,1,1,1,1,4,4,-1,[ OK ]
2246.9,4/8/2026 11:50:05 AM,6450,101.8,0.1486,120.9,0.4318,0.5219,1.521,0,0,0,100,16.28,0.261,404.3,200,1,0,0.3951,1,1,1,1,1,1,1,4,4,-1,[ OK ]
2247.4,4/8/2026 11:50:05 AM,6450,101.8,0.1489,119.9,0.4274,0.5209,1.532,0,0,0,100,16.28,0.2635,404.2,200,1,0,0.3815,1,1,1,1,1,1,1,4,4,-1,[ OK ]
2248.0,4/8/2026 11:50:06 AM,6451,101.8,0.1488,120.3,0.4282,0.5214,1.526,0,0,0,100,16.28,0.2604,404.3,200,1,0,0.3944,1,1,1,1,1,1,1,4,4,-1,[ OK ]
2248.5,4/8/2026 11:50:07 AM,6451,101.8,0.1488,120.6,0.4293,0.5217,1.525,0,0,0,100,16.28,0.2595,404.2,200,1,0,0.398,1,1,1,1,1,1,1,4,4,-1,[ OK ]
2249.1,4/8/2026 11:50:07 AM,6452,101.8,0.1489,120.3,0.4274,0.5215,1.527,0,0,0,100,16.28,0.2606,403.9,200,1,0,0.3895,1,1,1,1,1,1,1,4,4,-1,[ OK ]
2249.6,4/8/2026 11:50:08 AM,6452,101.8,0.149,119.8,0.4276,0.5217,1.524,0,0,0,100,16.28,0.2589,404.1,200,1,0,0.4017,1,1,1,1,1,1,1,4,4,-1,[ OK ]
2250.1,4/8/2026 11:50:08 AM,6453,101.8,0.1488,120.6,0.4274,0.5215,1.525,0,0,0,100,16.28,0.2604,404,200,1,0,0.3778,1,1,1,1,1,1,1,4,4,-1,[ OK ]
2250.6,4/8/2026 11:50:09 AM,6453,101.8,0.1488,120.4,0.4312,0.5215,1.526,0,0,0,100,16.28,0.2616,404.3,200,1,0,0.3935,1,1,1,1,1,1,1,4,4,-1,[ OK ]
2251.0,4/8/2026 11:50:09 AM,6454,101.8,0.149,119.7,0.4294,0.521,1.532,0,0,0,100,16.28,0.2592,404.3,200,1,0,0.3928,1,1,1,1,1,1,1,4,4,-1,[ OK ]
2251.6,4/8/2026 11:50:10 AM,6454,101.8,0.1488,120.3,0.4288,0.5215,1.527,0,0,0,100,16.28,0.2601,404.2,200,1,0,0.3977,1,1,1,1,1,1,1,4,4,-1,[ OK ]
2252.1,4/8/2026 11:50:10 AM,6455,101.8,0.1489,120,0.4334,0.5211,1.531,0,0,0,100,16.28,0.2619,403.7,200,1,0,0.392,1,1,1,1,1,1,1,4,4,-1,[ OK ]
2252.6,4/8/2026 11:50:11 AM,6455,101.8,0.1482,122.2,0.4292,0.5215,1.526,0,0,0,100,16.28,0.2596,404.1,200,1,0,0.3859,1,1,1,1,1,1,1,4,4,-1,[ OK ]
2253.0,4/8/2026 11:50:11 AM,6456,101.8,0.1487,120.6,0.4286,0.5213,1.528,0,0,0,100,16.28,0.2595,403.9,200,1,0,0.4137,1,1,1,1,1,1,1,4,4,-1,[ OK ]
2253.3,4/8/2026 11:50:11 AM,6456,101.8,0.1489,120.2,0.4293,0.5214,1.528,0,0,0,100,16.28,0.2622,404,200,1,0,0.3911,1,1,1,1,1,1,1,4,4,-1,[ OK ]
2253.9,4/8/2026 11:50:12 AM,6457,101.8,0.1491,119.5,0.43,0.5214,1.528,0,0,0,100,16.28,0.2597,404,200,1,0,0.3985,1,1,1,1,1,1,1,4,4,-1,[ OK ]
2254.4,4/8/2026 11:50:12 AM,6457,101.8,0.1489,120.2,0.4339,0.5217,1.525,0,0,0,100,16.28,0.2602,403.9,200,1,0,0.3973,1,1,1,1,1,1,1,4,4,-1,[ OK ]
2254.9,4/8/2026 11:50:13 AM,6458,101.8,0.1488,120.3,0.4298,0.5208,1.534,0,0,0,100,16.28,0.2607,404,200,1,0,0.411,1,1,1,1,1,1,1,4,4,-1,[ OK ]
2255.4,4/8/2026 11:50:14 AM,6458,101.8,0.1489,119.9,0.4266,0.5218,1.523,0,0,0,100,16.28,0.261,404,200,1,0,0.3804,1,1,1,1,1,1,1,4,4,-1,[ OK ]
2255.9,4/8/2026 11:50:14 AM,6459,101.8,0.1488,120.3,0.4426,0.5207,1.535,0,0,0,100,16.28,0.2593,404.3,200,1,0,0.4032,1,1,1,1,1,1,1,4,4,-1,[ OK ]
2256.5,4/8/2026 11:50:15 AM,6459,101.8,0.1489,120.2,0.4293,0.521,1.532,0,0,0,100,16.28,0.2628,403.9,200,1,0,0.3897,1,1,1,1,1,1,1,4,4,-1,[ OK ]
2257.0,4/8/2026 11:50:15 AM,6460,101.8,0.149,119.7,0.4336,0.5223,1.518,0,0,0,100,16.28,0.2604,404.3,200,1,0,0.3919,1,1,1,1,1,1,1,4,4,-1,[ OK ]
2257.4,4/8/2026 11:50:15 AM,6460,101.8,0.149,119.9,0.4354,0.5214,1.526,0,0,0,100,16.28,0.2593,404.3,200,1,0,0.3999,1,1,1,1,1,1,1,4,4,-1,[ OK ]
2257.9,4/8/2026 11:50:16 AM,6461,101.8,0.1489,120.2,0.4346,0.521,1.531,0,0,0,100,16.28,0.261,404.2,200,1,0,0.3969,1,1,1,1,1,1,1,4,4,-1,[ OK ]
2258.3,4/8/2026 11:50:16 AM,6461,101.8,0.149,119.8,0.4287,0.522,1.522,0,0,0,100,16.28,0.262,404,200,1,0,0.3893,1,1,1,1,1,1,1,4,4,-1,[ OK ]
2258.9,4/8/2026 11:50:17 AM,6462,101.8,0.149,119.7,0.433,0.5218,1.524,0,0,0,100,16.28,0.2604,404.3,200,1,0,0.3988,1,1,1,1,1,1,1,4,4,-1,[ OK ]
2259.4,4/8/2026 11:50:17 AM,6462,101.8,0.149,119.7,0.4302,0.5222,1.52,0,0,0,100,16.28,0.2614,403.9,200,1,0,0.3919,1,1,1,1,1,1,1,4,4,-1,[ OK ]
2259.9,4/8/2026 11:50:18 AM,6463,101.8,0.149,119.8,0.428,0.5219,1.523,0,0,0,100,16.28,0.2622,404.3,200,1,0,0.3878,1,1,1,1,1,1,1,4,4,-1,[ OK ]
2260.4,4/8/2026 11:50:19 AM,6463,101.8,0.1489,120.1,0.4426,0.5221,1.521,0,0,0,100,16.28,0.2617,403.9,200,1,0,0.3974,1,1,1,1,1,1,1,4,4,-1,[ OK ]
2261.0,4/8/2026 11:50:19 AM,6464,101.8,0.149,119.7,0.4314,0.5218,1.525,0,0,0,100,16.28,0.262,404,200,1,0,0.3929,1,1,1,1,1,1,1,4,4,-1,[ OK ]
2261.5,4/8/2026 11:50:20 AM,6464,101.8,0.1489,120.1,0.4337,0.5213,1.53,0,0,0,100,16.28,0.2602,403.9,200,1,0,0.3903,1,1,1,1,1,1,1,4,4,-1,[ OK ]
2262.0,4/8/2026 11:50:20 AM,6465,101.8,0.149,119.9,0.4296,0.521,1.534,0,0,0,100,16.28,0.2624,403.9,200,1,0,0.3941,1,1,1,1,1,1,1,4,4,-1,[ OK ]
2262.4,4/8/2026 11:50:20 AM,6465,101.8,0.1489,120.1,0.4316,0.5214,1.529,0,0,0,100,16.28,0.2627,404.2,200,1,0,0.3956,1,1,1,1,1,1,1,4,4,-1,[ OK ]
2262.9,4/8/2026 11:50:21 AM,6466,101.8,0.149,119.9,0.4348,0.5211,1.531,0,0,0,100,16.28,0.2604,404.1,200,1,0,0.3895,1,1,1,1,1,1,1,4,4,-1,[ OK ]
2263.4,4/8/2026 11:50:22 AM,6466,101.8,0.1489,120.1,0.4275,0.5215,1.527,0,0,0,100,16.28,0.262,403.9,200,1,0,0.3846,1,1,1,1,1,1,1,4,4,-1,[ OK ]
2264.0,4/8/2026 11:50:22 AM,6467,101.8,0.1488,120.5,0.4263,0.5213,1.53,0,0,0,100,16.28,0.2626,404.3,200,1,0,0.3869,1,1,1,1,1,1,1,4,4,-1,[ OK ]
2264.4,4/8/2026 11:50:22 AM,6467,101.8,0.1489,120.1,0.4274,0.522,1.523,0,0,0,100,16.28,0.2617,404.3,200,1,0,0.3871,1,1,1,1,1,1,1,4,4,-1,[ OK ]
2264.8,4/8/2026 11:50:23 AM,6468,101.8,0.1491,119.7,0.4323,0.5222,1.52,0,0,0,100,16.28,0.2625,404.2,200,1,0,0.3894,1,1,1,1,1,1,1,4,4,-1,[ OK ]
2265.3,4/8/2026 11:50:23 AM,6468,101.8,0.1488,120.5,0.4339,0.5208,1.535,0,0,0,100,16.28,0.2615,404.2,200,1,0,0.3868,1,1,1,1,1,1,1,4,4,-1,[ OK ]
2265.9,4/8/2026 11:50:24 AM,6469,101.8,0.149,119.9,0.4299,0.5211,1.532,0,0,0,100,16.28,0.2623,404.1,200,1,0,0.3842,1,1,1,1,1,1,1,4,4,-1,[ OK ]
2266.4,4/8/2026 11:50:24 AM,6469,101.8,0.149,119.9,0.43,0.5212,1.53,0,0,0,100,16.28,0.262,404.3,200,1,0,0.3953,1,1,1,1,1,1,1,4,4,-1,[ OK ]
2266.9,4/8/2026 11:50:25 AM,6470,101.8,0.1491,119.5,0.4378,0.5217,1.525,0,0,0,100,16.28,0.2621,404,200,1,0,0.3882,1,1,1,1,1,1,1,4,4,-1,[ OK ]
2267.4,4/8/2026 11:50:26 AM,6470,101.8,0.1487,120.8,0.4306,0.5211,1.532,0,0,0,100,16.28,0.2614,404.2,200,1,0,0.3891,1,1,1,1,1,1,1,4,4,-1,[ OK ]
2267.9,4/8/2026 11:50:26 AM,6471,101.8,0.1489,120.1,0.4365,0.5217,1.526,0,0,0,100,16.28,0.2609,404.2,200,1,0,0.3928,1,1,1,1,1,1,1,4,4,-1,[ OK ]
2268.5,4/8/2026 11:50:27 AM,6471,101.8,0.149,119.8,0.4328,0.5219,1.523,0,0,0,100,16.28,0.2613,404.3,200,1,0,0.3846,1,1,1,1,1,1,1,4,4,-1,[ OK ]
2269.0,4/8/2026 11:50:27 AM,6472,101.8,0.1488,120.2,0.428,0.5217,1.526,0,0,0,100,16.28,0.2602,404.2,200,1,0,0.3803,1,1,1,1,1,1,1,4,4,-1,[ OK ]
2269.5,4/8/2026 11:50:28 AM,6472,101.8,0.149,119.8,0.4332,0.5219,1.523,0,0,0,100,16.28,0.2613,403.9,200,1,0,0.3923,1,1,1,1,1,1,1,4,4,-1,[ OK ]
2270.0,4/8/2026 11:50:28 AM,6473,101.8,0.1491,119.6,0.4296,0.5215,1.526,0,0,0,100,16.28,0.2597,404,200,1,0,0.3998,1,1,1,1,1,1,1,4,4,-1,[ OK ]
2270.5,4/8/2026 11:50:29 AM,6473,101.8,0.149,119.9,0.433,0.5211,1.531,0,0,0,100,16.28,0.2606,404,200,1,0,0.387,1,1,1,1,1,1,1,4,4,-1,[ OK ]
2271.1,4/8/2026 11:50:29 AM,6474,101.8,0.1489,120.2,0.429,0.5215,1.527,0,0,0,100,16.28,0.2612,403.9,200,1,0,0.3939,1,1,1,1,1,1,1,4,4,-1,[ OK ]
2271.5,4/8/2026 11:50:30 AM,6474,101.8,0.1489,120.2,0.4283,0.5212,1.53,0,0,0,100,16.28,0.2623,404.3,200,1,0,0.3987,1,1,1,1,1,1,1,4,4,-1,[ OK ]
2272.0,4/8/2026 11:50:30 AM,6475,101.8,0.1488,120.4,0.4274,0.5217,1.524,0,0,0,100,16.28,0.2624,403.8,200,1,0,0.3934,1,1,1,1,1,1,1,4,4,-1,[ OK ]
2272.5,4/8/2026 11:50:31 AM,6475,101.8,0.1491,119.6,0.429,0.5213,1.529,0,0,0,100,16.28,0.2612,404,200,1,0,0.397,1,1,1,1,1,1,1,4,4,-1,[ OK ]
2273.1,4/8/2026 11:50:31 AM,6476,101.8,0.149,119.8,0.4294,0.5208,1.534,0,0,0,100,16.28,0.2608,404.3,200,1,0,0.3865,1,1,1,1,1,1,1,4,4,-1,[ OK ]
2273.6,4/8/2026 11:50:32 AM,6476,101.8,0.1489,120.2,0.4254,0.5207,1.536,0,0,0,100,16.28,0.2633,404.1,200,1,0,0.3874,1,1,1,1,1,1,1,4,4,-1,[ OK ]
2274.2,4/8/2026 11:50:32 AM,6477,101.8,0.149,120,0.4294,0.5216,1.526,0,0,0,100,16.28,0.2636,404.3,200,1,0,0.3883,1,1,1,1,1,1,1,4,4,-1,[ OK ]
2274.7,4/8/2026 11:50:33 AM,6478,101.8,0.149,120,0.4297,0.5214,1.528,0,0,0,100,16.28,0.2593,404,200,1,0,0.3962,1,1,1,1,1,1,1,4,4,-1,[ OK ]
2275.2,4/8/2026 11:50:33 AM,6478,101.8,0.1489,120.2,0.428,0.5209,1.533,0,0,0,100,16.28,0.2641,404.2,200,1,0,0.3894,1,1,1,1,1,1,1,4,4,-1,[ OK ]
2275.8,4/8/2026 11:50:34 AM,6479,101.8,0.149,119.9,0.4326,0.5218,1.524,0,0,0,100,16.28,0.262,404,200,1,0,0.3963,1,1,1,1,1,1,1,4,4,-1,[ OK ]
2276.3,4/8/2026 11:50:34 AM,6479,101.8,0.1489,120,0.4426,0.5211,1.53,0,0,0,100,16.28,0.2615,403.9,200,1,0,0.3916,1,1,1,1,1,1,1,4,4,-1,[ OK ]
2276.8,4/8/2026 11:50:35 AM,6480,101.8,0.1489,120.1,0.4334,0.5212,1.529,0,0,0,100,16.28,0.2649,403.8,200,1,0,0.381,1,1,1,1,1,1,1,4,4,-1,[ OK ]
2277.3,4/8/2026 11:50:35 AM,6480,101.8,0.1488,120.1,0.4302,0.522,1.52,0,0,0,100,16.28,0.2612,404.2,200,1,0,0.4009,1,1,1,1,1,1,1,4,4,-1,[ OK ]
2277.8,4/8/2026 11:50:36 AM,6481,101.8,0.1489,119.8,0.4298,0.5213,1.528,0,0,0,100,16.28,0.2627,404.2,200,1,0,0.3908,1,1,1,1,1,1,1,4,4,-1,[ OK ]
2278.4,4/8/2026 11:50:36 AM,6481,101.8,0.149,119.7,0.4319,0.5215,1.526,0,0,0,100,16.28,0.2643,404.2,200,1,0,0.3722,1,1,1,1,1,1,1,4,4,-1,[ OK ]
2278.9,4/8/2026 11:50:37 AM,6482,101.8,0.1485,121.1,0.4322,0.5216,1.525,0,0,0,100,16.28,0.2621,403.9,200,1,0,0.394,1,1,1,1,1,1,1,4,4,-1,[ OK ]
2279.5,4/8/2026 11:50:38 AM,6482,101.8,0.1489,120.2,0.4318,0.521,1.531,0,0,0,100,16.28,0.2633,403.9,200,1,0,0.3843,1,1,1,1,1,1,1,4,4,-1,[ OK ]
2280.0,4/8/2026 11:50:38 AM,6483,101.8,0.1488,120.3,0.4295,0.5209,1.532,0,0,0,100,16.28,0.2642,404.4,200,1,0,0.3894,1,1,1,1,1,1,1,4,4,-1,[ OK ]
2280.5,4/8/2026 11:50:39 AM,6483,101.8,0.149,120,0.4345,0.5217,1.523,0,0,0,100,16.28,0.2622,404.1,200,1,0,0.3943,1,1,1,1,1,1,1,4,4,-1,[ OK ]
2281.0,4/8/2026 11:50:39 AM,6484,101.8,0.149,119.8,0.4426,0.5217,1.523,0,0,0,100,16.28,0.2636,404,200,1,0,0.4045,1,1,1,1,1,1,1,4,4,-1,[ OK ]
2281.4,4/8/2026 11:50:39 AM,6484,101.8,0.149,119.8,0.4355,0.5213,1.528,0,0,0,100,16.28,0.2629,404,200,1,0,0.3912,1,1,1,1,1,1,1,4,4,-1,[ OK ]
2281.9,4/8/2026 11:50:40 AM,6485,101.8,0.149,120,0.4325,0.5212,1.53,0,0,0,100,16.28,0.2631,403.9,200,1,0,0.3947,1,1,1,1,1,1,1,4,4,-1,[ OK ]
2282.4,4/8/2026 11:50:41 AM,6485,101.8,0.1491,119.6,0.4315,0.5208,1.535,0,0,0,100,16.28,0.2624,404,200,1,0,0.4007,1,1,1,1,1,1,1,4,4,-1,[ OK ]
2283.0,4/8/2026 11:50:41 AM,6486,101.8,0.149,120.2,0.4283,0.522,1.522,0,0,0,100,16.28,0.2629,404.2,200,1,0,0.3881,1,1,1,1,1,1,1,4,4,-1,[ OK ]
2283.5,4/8/2026 11:50:42 AM,6486,101.8,0.149,120.2,0.4333,0.5215,1.527,0,0,0,100,16.28,0.2606,404.2,200,1,0,0.3982,1,1,1,1,1,1,1,4,4,-1,[ OK ]
2284.0,4/8/2026 11:50:42 AM,6487,101.8,0.1492,119.7,0.4274,0.5221,1.521,0,0,0,100,16.28,0.2627,404.3,200,1,0,0.3913,1,1,1,1,1,1,1,4,4,-1,[ OK ]
2284.5,4/8/2026 11:50:43 AM,6487,101.8,0.149,120,0.4346,0.5217,1.525,0,0,0,100,16.28,0.2626,404.3,200,1,0,0.392,1,1,1,1,1,1,1,4,4,-1,[ OK ]
2285.0,4/8/2026 11:50:43 AM,6488,101.8,0.149,120.2,0.4344,0.5215,1.527,0,0,0,100,16.28,0.2627,404.2,200,1,0,0.384,1,1,1,1,1,1,1,4,4,-1,[ OK ]
2285.4,4/8/2026 11:50:44 AM,6488,101.8,0.149,120.1,0.4257,0.5216,1.525,0,0,0,100,16.28,0.2628,404,200,1,0,0.396,1,1,1,1,1,1,1,4,4,-1,[ OK ]
2286.0,4/8/2026 11:50:44 AM,6489,101.8,0.1488,120.7,0.4426,0.5221,1.519,0,0,0,100,16.28,0.2654,404.2,200,1,0,0.3808,1,1,1,1,1,1,1,4,4,-1,[ OK ]
2286.5,4/8/2026 11:50:45 AM,6489,101.8,0.1492,119.5,0.4338,0.5212,1.529,0,0,0,100,16.28,0.2604,403.9,200,1,0,0.3948,1,1,1,1,1,1,1,4,4,-1,[ OK ]
2287.2,4/8/2026 11:50:45 AM,6490,101.8,0.1492,119.8,0.4324,0.5209,1.532,0,0,0,100,16.28,0.2652,403.9,200,1,0,0.4008,1,1,1,1,1,1,1,4,4,-1,[ OK ]
2287.7,4/8/2026 11:50:46 AM,6491,101.8,0.149,120.1,0.4264,0.521,1.531,0,0,0,100,16.28,0.2624,404.1,200,1,0,0.4072,1,1,1,1,1,1,1,4,4,-1,[ OK ]
2288.3,4/8/2026 11:50:46 AM,6491,101.8,0.149,120.2,0.4322,0.521,1.531,0,0,0,100,16.28,0.2605,404.2,200,1,0,0.3979,1,1,1,1,1,1,1,4,4,-1,[ OK ]
2288.7,4/8/2026 11:50:47 AM,6492,101.8,0.1491,119.9,0.4315,0.5208,1.534,0,0,0,100,16.28,0.2638,403.9,200,1,0,0.3923,1,1,1,1,1,1,1,4,4,-1,[ OK ]
2289.2,4/8/2026 11:50:47 AM,6492,101.8,0.1489,120.4,0.4297,0.5216,1.526,0,0,0,100,16.28,0.2598,404,200,1,0,0.398,1,1,1,1,1,1,1,4,4,-1,[ OK ]
2289.7,4/8/2026 11:50:48 AM,6493,101.8,0.1489,120.4,0.4345,0.5215,1.528,0,0,0,100,16.28,0.2601,404.2,200,1,0,0.3902,1,1,1,1,1,1,1,4,4,-1,[ OK ]
2290.3,4/8/2026 11:50:48 AM,6493,101.8,0.149,120.1,0.4272,0.5213,1.531,0,0,0,100,16.28,0.2613,404,200,1,0,0.391,1,1,1,1,1,1,1,4,4,-1,[ OK ]
2290.8,4/8/2026 11:50:49 AM,6494,101.8,0.1491,119.7,0.4299,0.5212,1.531,0,0,0,100,16.28,0.2602,404,200,1,0,0.3863,1,1,1,1,1,1,1,4,4,-1,[ OK ]
2291.3,4/8/2026 11:50:49 AM,6494,101.8,0.1491,119.7,0.4339,0.5216,1.527,0,0,0,100,16.28,0.2641,404.3,200,1,0,0.4034,1,1,1,1,1,1,1,4,4,-1,[ OK ]
2291.8,4/8/2026 11:50:50 AM,6495,101.8,0.149,120.2,0.427,0.5217,1.526,0,0,0,100,16.28,0.2622,404.2,200,1,0,0.3894,1,1,1,1,1,1,1,4,4,-1,[ OK ]
2292.3,4/8/2026 11:50:50 AM,6495,101.8,0.1491,119.9,0.4426,0.5217,1.525,0,0,0,100,16.28,0.2633,404.2,200,1,0,0.3867,1,1,1,1,1,1,1,4,4,-1,[ OK ]
2292.9,4/8/2026 11:50:51 AM,6496,101.8,0.149,120.1,0.4278,0.5209,1.533,0,0,0,100,16.28,0.2622,404.4,200,1,0,0.4075,1,1,1,1,1,1,1,4,4,-1,[ OK ]
2293.4,4/8/2026 11:50:51 AM,6496,101.8,0.149,120.1,0.4426,0.5219,1.523,0,0,0,100,16.28,0.2622,404.3,200,1,0,0.3972,1,1,1,1,1,1,1,4,4,-1,[ OK ]
2293.9,4/8/2026 11:50:52 AM,6497,101.8,0.1491,119.9,0.4334,0.5212,1.532,0,0,0,100,16.28,0.2656,404,200,1,0,0.3878,1,1,1,1,1,1,1,4,4,-1,[ OK ]
2294.4,4/8/2026 11:50:52 AM,6497,101.8,0.149,120.2,0.4302,0.5215,1.528,0,0,0,100,16.28,0.263,404.3,200,1,0,0.3873,1,1,1,1,1,1,1,4,4,-1,[ OK ]
2294.9,4/8/2026 11:50:53 AM,6498,101.8,0.1491,120,0.4313,0.5213,1.529,0,0,0,100,16.28,0.2647,404.2,200,1,0,0.39,1,1,1,1,1,1,1,4,4,-1,[ OK ]
2295.5,4/8/2026 11:50:54 AM,6498,101.8,0.149,120.1,0.4298,0.5215,1.527,0,0,0,100,16.28,0.2611,404.1,200,1,0,0.3922,1,1,1,1,1,1,1,4,4,-1,[ OK ]
2296.0,4/8/2026 11:50:54 AM,6499,101.8,0.1492,119.7,0.4299,0.5213,1.528,0,0,0,100,16.28,0.262,403.9,200,1,0,0.3913,1,1,1,1,1,1,1,4,4,-1,[ OK ]
2296.5,4/8/2026 11:50:55 AM,6499,101.8,0.1491,119.9,0.43,0.5214,1.527,0,0,0,100,16.28,0.2635,404.1,200,1,0,0.39,1,1,1,1,1,1,1,4,4,-1,[ OK ]
2297.0,4/8/2026 11:50:55 AM,6500,101.8,0.1489,120.8,0.4297,0.5216,1.526,0,0,0,100,16.28,0.2633,404.2,200,1,0,0.3931,1,1,1,1,1,1,1,4,4,-1,[ OK ]
2297.5,4/8/2026 11:50:56 AM,6500,101.8,0.1492,119.8,0.4328,0.5216,1.526,0,0,0,100,16.28,0.2618,403.9,200,1,0,0.3899,1,1,1,1,1,1,1,4,4,-1,[ OK ]
2298.1,4/8/2026 11:50:56 AM,6501,101.8,0.1491,120.1,0.4426,0.5211,1.531,0,0,0,100,16.28,0.2644,404.1,200,1,0,0.4027,1,1,1,1,1,1,1,4,4,-1,[ OK ]
2298.5,4/8/2026 11:50:57 AM,6501,101.8,0.1489,120.7,0.4312,0.5212,1.531,0,0,0,100,16.28,0.2637,404.3,200,1,0,0.4041,1,1,1,1,1,1,1,4,4,-1,[ OK ]
2299.0,4/8/2026 11:50:57 AM,6502,101.8,0.149,120.4,0.4317,0.521,1.533,0,0,0,100,16.28,0.2614,404,200,1,0,0.4002,1,1,1,1,1,1,1,4,4,-1,[ OK ]
2299.5,4/8/2026 11:50:58 AM,6502,101.8,0.1492,119.8,0.4252,0.5216,1.527,0,0,0,100,16.28,0.2615,404.2,200,1,0,0.3995,1,1,1,1,1,1,1,4,4,-1,[ OK ]
2300.1,4/8/2026 11:50:58 AM,6503,101.8,0.1493,119.2,0.4314,0.522,1.522,0,0,0,100,16.28,0.2629,403.8,200,1,0,0.406,1,1,1,1,1,1,1,4,4,-1,[ OK ]
2300.5,4/8/2026 11:50:59 AM,6503,101.8,0.1489,120.7,0.4264,0.5212,1.529,0,0,0,100,16.28,0.266,404.2,200,1,0,0.3844,1,1,1,1,1,1,1,4,4,-1,[ OK ]
2301.0,4/8/2026 11:50:59 AM,6504,101.8,0.1492,119.7,0.4326,0.5211,1.531,0,0,0,100,16.28,0.2642,404.3,200,1,0,0.388,1,1,1,1,1,1,1,4,4,-1,[ OK ]
2301.5,4/8/2026 11:51:00 AM,6504,101.8,0.149,120.3,0.4307,0.5218,1.524,0,0,0,100,16.28,0.2605,404,200,1,0,0.394,1,1,1,1,1,1,1,4,4,-1,[ OK ]
2302.0,4/8/2026 11:51:00 AM,6505,101.8,0.1492,119.7,0.437,0.5209,1.533,0,0,0,100,16.28,0.2629,404,200,1,0,0.3948,1,1,1,1,1,1,1,4,4,-1,[ OK ]
2302.5,4/8/2026 11:51:01 AM,6505,101.8,0.149,120.2,0.4341,0.522,1.521,0,0,0,100,16.28,0.2618,404.3,200,1,0,0.3878,1,1,1,1,1,1,1,4,4,-1,[ OK ]
2303.0,4/8/2026 11:51:01 AM,6506,101.8,0.1491,119.9,0.4323,0.5215,1.526,0,0,0,100,16.28,0.2644,403.9,200,1,0,0.3867,1,1,1,1,1,1,1,4,4,-1,[ OK ]
2303.4,4/8/2026 11:51:01 AM,6506,101.8,0.1491,120.1,0.435,0.5211,1.53,0,0,0,100,16.28,0.2645,404.1,200,1,0,0.3934,1,1,1,1,1,1,1,4,4,-1,[ OK ]
2303.8,4/8/2026 11:51:02 AM,6507,101.8,0.1491,120.1,0.427,0.5213,1.528,0,0,0,100,16.28,0.2625,403.9,200,1,0,0.3865,1,1,1,1,1,1,1,4,4,-1,[ OK ]
2304.3,4/8/2026 11:51:02 AM,6507,101.8,0.1493,119.3,0.4326,0.5217,1.524,0,0,0,100,16.28,0.2628,404.2,200,1,0,0.4062,1,1,1,1,1,1,1,4,4,-1,[ OK ]
2304.9,4/8/2026 11:51:03 AM,6508,101.8,0.1492,119.6,0.4331,0.5216,1.525,0,0,0,100,16.28,0.2633,403.8,200,1,0,0.4052,1,1,1,1,1,1,1,4,4,-1,[ OK ]
2305.4,4/8/2026 11:51:03 AM,6508,101.8,0.1491,119.9,0.4328,0.5209,1.531,0,0,0,100,16.28,0.2647,404,200,1,0,0.3896,1,1,1,1,1,1,1,4,4,-1,[ OK ]
2305.9,4/8/2026 11:51:04 AM,6509,101.8,0.1491,119.9,0.4307,0.5216,1.524,0,0,0,100,16.28,0.2619,403.8,200,1,0,0.3967,1,1,1,1,1,1,1,4,4,-1,[ OK ]
2306.3,4/8/2026 11:51:04 AM,6509,101.8,0.1492,119.8,0.4272,0.5211,1.53,0,0,0,100,16.28,0.2641,404.1,200,1,0,0.3856,1,1,1,1,1,1,1,4,4,-1,[ OK ]
2306.6,4/8/2026 11:51:05 AM,6510,101.8,0.1491,120,0.4426,0.5219,1.521,0,0,0,100,16.28,0.2637,404.2,200,1,0,0.4041,1,1,1,1,1,1,1,4,4,-1,[ OK ]
2307.2,4/8/2026 11:51:05 AM,6510,101.8,0.1493,119.4,0.4312,0.5217,1.524,0,0,0,100,16.28,0.2633,404.3,200,1,0,0.3927,1,1,1,1,1,1,1,4,4,-1,[ OK ]
2307.7,4/8/2026 11:51:06 AM,6511,101.8,0.149,120.3,0.4267,0.5213,1.527,0,0,0,100,16.28,0.263,404.1,200,1,0,0.3938,1,1,1,1,1,1,1,4,4,-1,[ OK ]
2308.2,4/8/2026 11:51:06 AM,6511,101.8,0.149,120.5,0.435,0.5216,1.524,0,0,0,100,16.28,0.2622,404,200,1,0,0.3951,1,1,1,1,1,1,1,4,4,-1,[ OK ]
2308.6,4/8/2026 11:51:07 AM,6511,101.8,0.1489,120.7,0.4298,0.5215,1.526,0,0,0,100,16.28,0.2642,403.8,200,1,0,0.3878,1,1,1,1,1,1,1,4,4,-1,[ OK ]
2309.1,4/8/2026 11:51:07 AM,6512,101.8,0.1488,120.9,0.4426,0.5219,1.522,0,0,0,100,16.28,0.2643,404.2,200,1,0,0.3898,1,1,1,1,1,1,1,4,4,-1,[ OK ]
2309.7,4/8/2026 11:51:08 AM,6513,101.8,0.1491,119.9,0.4336,0.5218,1.522,0,0,0,100,16.28,0.2628,404.2,200,1,0,0.393,1,1,1,1,1,1,1,4,4,-1,[ OK ]
2310.2,4/8/2026 11:51:08 AM,6513,101.8,0.1491,120.1,0.433,0.5212,1.529,0,0,0,100,16.28,0.262,404.3,200,1,0,0.3863,1,1,1,1,1,1,1,4,4,-1,[ OK ]
2310.7,4/8/2026 11:51:09 AM,6514,101.8,0.1489,120.7,0.4283,0.5216,1.524,0,0,0,100,16.28,0.2619,404.3,200,1,0,0.393,1,1,1,1,1,1,1,4,4,-1,[ OK ]
2311.2,4/8/2026 11:51:09 AM,6514,101.8,0.1491,119.9,0.4298,0.5217,1.523,0,0,0,100,16.28,0.2625,403.9,200,1,0,0.3848,1,1,1,1,1,1,1,4,4,-1,[ OK ]
2311.6,4/8/2026 11:51:10 AM,6515,101.8,0.1493,119.4,0.4426,0.5217,1.523,0,0,0,100,16.28,0.2634,404,200,1,0,0.3889,1,1,1,1,1,1,1,4,4,-1,[ OK ]
2312.2,4/8/2026 11:51:10 AM,6515,101.8,0.1492,119.8,0.4306,0.522,1.52,0,0,0,100,16.28,0.2628,404,200,1,0,0.3926,1,1,1,1,1,1,1,4,4,-1,[ OK ]
2312.7,4/8/2026 11:51:11 AM,6516,101.8,0.1491,120,0.4426,0.521,1.531,0,0,0,100,16.28,0.2605,404.1,200,1,0,0.4006,1,1,1,1,1,1,1,4,4,-1,[ OK ]
2313.2,4/8/2026 11:51:11 AM,6516,101.8,0.1492,119.6,0.4362,0.5205,1.536,0,0,0,100,16.28,0.2617,404.1,200,1,0,0.3892,1,1,1,1,1,1,1,4,4,-1,[ OK ]
2313.8,4/8/2026 11:51:12 AM,6517,101.8,0.149,120.2,0.434,0.5217,1.524,0,0,0,100,16.28,0.2612,404,200,1,0,0.3918,1,1,1,1,1,1,1,4,4,-1,[ OK ]
2314.4,4/8/2026 11:51:13 AM,6517,101.8,0.1493,119.4,0.432,0.5217,1.524,0,0,0,100,16.28,0.2594,403.9,200,1,0,0.3898,1,1,1,1,1,1,1,4,4,-1,[ OK ]
2315.2,4/8/2026 11:51:13 AM,6518,101.8,0.1491,119.9,0.435,0.5206,1.536,0,0,0,100,16.28,0.2617,403.9,200,1,0,0.3996,1,1,1,1,1,1,1,4,4,-1,[ OK ]
2315.7,4/8/2026 11:51:14 AM,6519,101.8,0.149,120.3,0.4267,0.5215,1.527,0,0,0,100,16.28,0.2612,403.9,200,1,0,0.4099,1,1,1,1,1,1,1,4,4,-1,[ OK ]
2316.2,4/8/2026 11:51:14 AM,6519,101.8,0.149,120.2,0.4286,0.5219,1.524,0,0,0,100,16.28,0.2608,404.3,200,1,0,0.395,1,1,1,1,1,1,1,4,4,-1,[ OK ]
2316.7,4/8/2026 11:51:15 AM,6520,101.8,0.149,120.1,0.4278,0.5212,1.531,0,0,0,100,16.28,0.262,404.3,200,1,0,0.3995,1,1,1,1,1,1,1,4,4,-1,[ OK ]
2317.3,4/8/2026 11:51:15 AM,6520,101.8,0.1491,119.8,0.4338,0.5209,1.535,0,0,0,100,16.28,0.2621,404.2,200,1,0,0.4078,1,1,1,1,1,1,1,4,4,-1,[ OK ]
2317.7,4/8/2026 11:51:16 AM,6521,101.8,0.149,120.5,0.4273,0.5217,1.526,0,0,0,100,16.28,0.2604,403.8,200,1,0,0.4004,1,1,1,1,1,1,1,4,4,-1,[ OK ]
2318.2,4/8/2026 11:51:16 AM,6521,101.8,0.1488,120.9,0.4352,0.5218,1.525,0,0,0,100,16.28,0.2629,403.9,200,1,0,0.3915,1,1,1,1,1,1,1,4,4,-1,[ OK ]
2318.6,4/8/2026 11:51:17 AM,6521,101.8,0.1489,120.7,0.4251,0.5209,1.533,0,0,0,100,16.28,0.262,404.1,200,1,0,0.3963,1,1,1,1,1,1,1,4,4,-1,[ OK ]
2319.2,4/8/2026 11:51:17 AM,6522,101.8,0.1491,120.2,0.4308,0.5218,1.524,0,0,0,100,16.28,0.2621,403.9,200,1,0,0.396,1,1,1,1,1,1,1,4,4,-1,[ OK ]
2319.7,4/8/2026 11:51:18 AM,6523,101.8,0.1494,119.2,0.4426,0.5215,1.528,0,0,0,100,16.28,0.2629,404,200,1,0,0.3904,1,1,1,1,1,1,1,4,4,-1,[ OK ]
2320.2,4/8/2026 11:51:18 AM,6523,101.8,0.1491,120.1,0.4426,0.5209,1.534,0,0,0,100,16.28,0.2617,404,200,1,0,0.4087,1,1,1,1,1,1,1,4,4,-1,[ OK ]
2320.6,4/8/2026 11:51:19 AM,6523,101.8,0.149,120.5,0.4336,0.5211,1.532,0,0,0,100,16.28,0.2626,404,200,1,0,0.3856,1,1,1,1,1,1,1,4,4,-1,[ OK ]
2321.1,4/8/2026 11:51:19 AM,6524,101.8,0.1491,120,0.4281,0.5204,1.539,0,0,0,100,16.28,0.2624,403.9,200,1,0,0.3886,1,1,1,1,1,1,1,4,4,-1,[ OK ]
2321.6,4/8/2026 11:51:20 AM,6524,101.8,0.1494,119.1,0.4426,0.5219,1.522,0,0,0,100,16.28,0.262,404.2,200,1,0,0.408,1,1,1,1,1,1,1,4,4,-1,[ OK ]
2322.1,4/8/2026 11:51:20 AM,6525,101.8,0.149,120.5,0.432,0.5212,1.53,0,0,0,100,16.28,0.2633,404.1,200,1,0,0.3903,1,1,1,1,1,1,1,4,4,-1,[ OK ]
2322.5,4/8/2026 11:51:21 AM,6525,101.8,0.1493,119.5,0.4288,0.5215,1.526,0,0,0,100,16.28,0.2617,404,200,1,0,0.3895,1,1,1,1,1,1,1,4,4,-1,[ OK ]
2323.0,4/8/2026 11:51:21 AM,6526,101.8,0.1493,119.3,0.4348,0.5214,1.527,0,0,0,100,16.28,0.2646,404,200,1,0,0.4021,1,1,1,1,1,1,1,4,4,-1,[ OK ]
2323.4,4/8/2026 11:51:22 AM,6526,101.8,0.1491,119.9,0.429,0.521,1.532,0,0,0,100,16.28,0.2632,404,200,1,0,0.3906,1,1,1,1,1,1,1,4,4,-1,[ OK ]
2323.7,4/8/2026 11:51:22 AM,6527,101.8,0.1492,119.8,0.4426,0.5211,1.532,0,0,0,100,16.28,0.2649,404.3,200,1,0,0.3904,1,1,1,1,1,1,1,4,4,-1,[ OK ]
2324.3,4/8/2026 11:51:22 AM,6527,101.8,0.1491,120,0.4426,0.5221,1.522,0,0,0,100,16.28,0.2643,404.3,200,1,0,0.3898,1,1,1,1,1,1,1,4,4,-1,[ OK ]
2324.8,4/8/2026 11:51:23 AM,6528,101.8,0.1493,119.3,0.4327,0.5216,1.527,0,0,0,100,16.28,0.2645,404.1,200,1,0,0.3865,1,1,1,1,1,1,1,4,4,-1,[ OK ]
2325.4,4/8/2026 11:51:23 AM,6528,101.8,0.1492,119.8,0.4298,0.5213,1.529,0,0,0,100,16.28,0.2659,404.2,200,1,0,0.384,1,1,1,1,1,1,1,4,4,-1,[ OK ]
2326.0,4/8/2026 11:51:24 AM,6529,101.8,0.1493,119.4,0.4271,0.5221,1.522,0,0,0,100,16.28,0.2637,404.2,200,1,0,0.3885,1,1,1,1,1,1,1,4,4,-1,[ OK ]
2326.5,4/8/2026 11:51:25 AM,6529,101.8,0.1491,120,0.4273,0.5214,1.528,0,0,0,100,16.28,0.2658,404.1,200,1,0,0.3996,1,1,1,1,1,1,1,4,4,-1,[ OK ]
2327.0,4/8/2026 11:51:25 AM,6530,101.8,0.149,120.5,0.4426,0.5218,1.524,0,0,0,100,16.28,0.2636,404,200,1,0,0.3811,1,1,1,1,1,1,1,4,4,-1,[ OK ]
2327.5,4/8/2026 11:51:26 AM,6530,101.8,0.149,120.5,0.4315,0.522,1.522,0,0,0,100,16.28,0.2641,404.1,200,1,0,0.3871,1,1,1,1,1,1,1,4,4,-1,[ OK ]
2328.0,4/8/2026 11:51:26 AM,6531,101.8,0.1492,119.9,0.4301,0.5209,1.534,0,0,0,100,16.28,0.264,404.1,200,1,0,0.3827,1,1,1,1,1,1,1,4,4,-1,[ OK ]
2328.5,4/8/2026 11:51:27 AM,6531,101.8,0.1492,120.1,0.4426,0.5214,1.53,0,0,0,100,16.28,0.2635,404.1,200,1,0,0.3937,1,1,1,1,1,1,1,4,4,-1,[ OK ]
2329.1,4/8/2026 11:51:27 AM,6532,101.8,0.1493,119.6,0.4287,0.5212,1.532,0,0,0,100,16.28,0.2623,404.1,200,1,0,0.3883,1,1,1,1,1,1,1,4,4,-1,[ OK ]
2329.6,4/8/2026 11:51:28 AM,6532,101.8,0.1492,119.9,0.4426,0.5224,1.518,0,0,0,100,16.28,0.2629,404.1,200,1,0,0.3939,1,1,1,1,1,1,1,4,4,-1,[ OK ]
2330.1,4/8/2026 11:51:28 AM,6533,101.8,0.149,120.7,0.4353,0.5212,1.532,0,0,0,100,16.28,0.2644,404.1,200,1,0,0.3872,1,1,1,1,1,1,1,4,4,-1,[ OK ]
2330.6,4/8/2026 11:51:29 AM,6533,101.8,0.1491,120.4,0.4322,0.5208,1.536,0,0,0,100,16.28,0.2626,404,200,1,0,0.3957,1,1,1,1,1,1,1,4,4,-1,[ OK ]
2331.1,4/8/2026 11:51:29 AM,6534,101.8,0.1494,119.6,0.4308,0.5215,1.528,0,0,0,100,16.28,0.2643,403.9,200,1,0,0.3898,1,1,1,1,1,1,1,4,4,-1,[ OK ]
2331.6,4/8/2026 11:51:30 AM,6534,101.8,0.1493,120,0.4285,0.5213,1.53,0,0,0,100,16.28,0.2637,404,200,1,0,0.4043,1,1,1,1,1,1,1,4,4,-1,[ OK ]
2332.1,4/8/2026 11:51:30 AM,6535,101.8,0.1493,119.9,0.4426,0.5215,1.528,0,0,0,100,16.28,0.2634,404.3,200,1,0,0.392,1,1,1,1,1,1,1,4,4,-1,[ OK ]
2332.6,4/8/2026 11:51:31 AM,6535,101.8,0.1492,120.2,0.4256,0.5208,1.536,0,0,0,100,16.28,0.2651,403.9,200,1,0,0.3782,1,1,1,1,1,1,1,4,4,-1,[ OK ]
2333.1,4/8/2026 11:51:31 AM,6536,101.8,0.1492,120.3,0.4426,0.5215,1.527,0,0,0,100,16.28,0.2646,404,200,1,0,0.385,1,1,1,1,1,1,1,4,4,-1,[ OK ]
2333.5,4/8/2026 11:51:32 AM,6536,101.8,0.1489,121,0.4319,0.5215,1.527,0,0,0,100,16.28,0.2627,404.1,200,1,0,0.3893,1,1,1,1,1,1,1,4,4,-1,[ OK ]
2334.0,4/8/2026 11:51:32 AM,6537,101.8,0.1492,120.1,0.4298,0.522,1.521,0,0,0,100,16.28,0.2655,403.9,200,1,0,0.3908,1,1,1,1,1,1,1,4,4,-1,[ OK ]
2334.5,4/8/2026 11:51:33 AM,6537,101.8,0.1492,120.1,0.4334,0.5219,1.522,0,0,0,100,16.28,0.2632,404.2,200,1,0,0.389,1,1,1,1,1,1,1,4,4,-1,[ OK ]
2335.0,4/8/2026 11:51:33 AM,6538,101.8,0.1496,118.7,0.4426,0.5211,1.53,0,0,0,100,16.28,0.2636,403.9,200,1,0,0.3899,1,1,1,1,1,1,1,4,4,-1,[ OK ]
2335.5,4/8/2026 11:51:34 AM,6538,101.8,0.1493,119.8,0.4314,0.5216,1.526,0,0,0,100,16.28,0.2646,404,200,1,0,0.3889,1,1,1,1,1,1,1,4,4,-1,[ OK ]
2336.1,4/8/2026 11:51:34 AM,6539,101.8,0.1491,120.5,0.4303,0.5212,1.531,0,0,0,100,16.28,0.2628,403.9,200,1,0,0.3857,1,1,1,1,1,1,1,4,4,-1,[ OK ]
2336.5,4/8/2026 11:51:35 AM,6539,101.8,0.1491,120.3,0.433,0.5212,1.532,0,0,0,100,16.28,0.2639,404.1,200,1,0,0.3865,1,1,1,1,1,1,1,4,4,-1,[ OK ]
2337.0,4/8/2026 11:51:35 AM,6540,101.8,0.1492,120,0.4339,0.5213,1.53,0,0,0,100,16.28,0.2636,403.8,200,1,0,0.3889,1,1,1,1,1,1,1,4,4,-1,[ OK ]
2337.5,4/8/2026 11:51:36 AM,6540,101.8,0.1491,120.4,0.4426,0.5211,1.532,0,0,0,100,16.28,0.2624,404,200,1,0,0.3803,1,1,1,1,1,1,1,4,4,-1,[ OK ]
2338.0,4/8/2026 11:51:36 AM,6541,101.8,0.1492,120,0.4304,0.5212,1.53,0,0,0,100,16.28,0.2633,404.4,200,1,0,0.396,1,1,1,1,1,1,1,4,4,-1,[ OK ]
2338.5,4/8/2026 11:51:37 AM,6541,101.8,0.1493,119.8,0.4303,0.521,1.532,0,0,0,100,16.28,0.2618,403.9,200,1,0,0.3943,1,1,1,1,1,1,1,4,4,-1,[ OK ]
2339.0,4/8/2026 11:51:37 AM,6542,101.8,0.1492,120.1,0.4273,0.5214,1.528,0,0,0,100,16.28,0.2618,404.3,200,1,0,0.3898,1,1,1,1,1,1,1,4,4,-1,[ OK ]
2339.4,4/8/2026 11:51:37 AM,6542,101.8,0.1492,119.9,0.4366,0.522,1.521,0,0,0,100,16.28,0.2628,404.4,200,1,0,0.3877,1,1,1,1,1,1,1,4,4,-1,[ OK ]
2339.7,4/8/2026 11:51:38 AM,6543,101.8,0.149,120.6,0.4426,0.5208,1.534,0,0,0,100,16.28,0.2636,404,200,1,0,0.3929,1,1,1,1,1,1,1,4,4,-1,[ OK ]
2340.2,4/8/2026 11:51:38 AM,6543,101.8,0.1493,119.6,0.433,0.5219,1.521,0,0,0,100,16.28,0.2631,403.9,200,1,0,0.3913,1,1,1,1,1,1,1,4,4,-1,[ OK ]
2340.8,4/8/2026 11:51:39 AM,6544,101.8,0.1491,120.3,0.4426,0.5212,1.529,0,0,0,100,16.28,0.2621,404.2,200,1,0,0.3968,1,1,1,1,1,1,1,4,4,-1,[ OK ]
2341.3,4/8/2026 11:51:39 AM,6544,101.8,0.1491,120.2,0.429,0.5215,1.527,0,0,0,100,16.28,0.2633,404.3,200,1,0,0.395,1,1,1,1,1,1,1,4,4,-1,[ OK ]
2341.8,4/8/2026 11:51:40 AM,6545,101.8,0.1493,119.6,0.4339,0.5219,1.523,0,0,0,100,16.28,0.2626,404.1,200,1,0,0.3904,1,1,1,1,1,1,1,4,4,-1,[ OK ]
2342.3,4/8/2026 11:51:40 AM,6545,101.8,0.1494,119.4,0.4326,0.5219,1.523,0,0,0,100,16.28,0.2637,404.2,200,1,0,0.3874,1,1,1,1,1,1,1,4,4,-1,[ OK ]
2342.9,4/8/2026 11:51:41 AM,6546,101.8,0.1491,120.4,0.4341,0.521,1.533,0,0,0,100,16.28,0.2635,404.3,200,1,0,0.4046,1,1,1,1,1,1,1,4,4,-1,[ OK ]
2343.4,4/8/2026 11:51:41 AM,6546,101.8,0.1492,120,0.4306,0.5216,1.527,0,0,0,100,16.28,0.2631,404.2,200,1,0,0.3895,1,1,1,1,1,1,1,4,4,-1,[ OK ]
2343.8,4/8/2026 11:51:42 AM,6547,101.8,0.1492,120.2,0.4345,0.5212,1.532,0,0,0,100,16.28,0.2639,404.2,200,1,0,0.3826,1,1,1,1,1,1,1,4,4,-1,[ OK ]
2344.3,4/8/2026 11:51:42 AM,6547,101.8,0.1491,120.3,0.4426,0.5209,1.534,0,0,0,100,16.28,0.2656,404,200,1,0,0.4,1,1,1,1,1,1,1,4,4,-1,[ OK ]
2344.7,4/8/2026 11:51:43 AM,6548,101.8,0.1494,119.3,0.4314,0.5217,1.525,0,0,0,100,16.28,0.2647,404.3,200,1,0,0.3914,1,1,1,1,1,1,1,4,4,-1,[ OK ]
2345.3,4/8/2026 11:51:43 AM,6548,101.8,0.1491,120.4,0.4426,0.5209,1.533,0,0,0,100,16.28,0.2645,404.3,200,1,0,0.4025,1,1,1,1,1,1,1,4,4,-1,[ OK ]
2345.7,4/8/2026 11:51:44 AM,6549,101.8,0.1492,120.2,0.4361,0.5215,1.526,0,0,0,100,16.28,0.2633,404.1,200,1,0,0.4051,1,1,1,1,1,1,1,4,4,-1,[ OK ]
2346.2,4/8/2026 11:51:44 AM,6549,101.8,0.1493,119.9,0.4426,0.5214,1.527,0,0,0,100,16.28,0.2639,404.2,200,1,0,0.3922,1,1,1,1,1,1,1,4,4,-1,[ OK ]
2346.6,4/8/2026 11:51:45 AM,6549,101.8,0.1492,119.9,0.432,0.5214,1.528,0,0,0,100,16.28,0.2643,404.2,200,1,0,0.394,1,1,1,1,1,1,1,4,4,-1,[ OK ]
2347.1,4/8/2026 11:51:45 AM,6550,101.8,0.1494,119.4,0.4322,0.5213,1.529,0,0,0,100,16.28,0.2625,404.3,200,1,0,0.3884,1,1,1,1,1,1,1,4,4,-1,[ OK ]
2347.6,4/8/2026 11:51:46 AM,6550,101.8,0.1494,119.4,0.4358,0.5213,1.528,0,0,0,100,16.28,0.262,403.9,200,1,0,0.3962,1,1,1,1,1,1,1,4,4,-1,[ OK ]
2348.1,4/8/2026 11:51:46 AM,6551,101.8,0.1493,119.8,0.4303,0.5216,1.524,0,0,0,100,16.28,0.2631,404,200,1,0,0.4055,1,1,1,1,1,1,1,4,4,-1,[ OK ]
2348.6,4/8/2026 11:51:47 AM,6551,101.8,0.1493,119.9,0.4426,0.5215,1.526,0,0,0,100,16.28,0.2624,404.2,200,1,0,0.3912,1,1,1,1,1,1,1,4,4,-1,[ OK ]
2349.1,4/8/2026 11:51:47 AM,6552,101.8,0.1492,120.2,0.4318,0.5214,1.528,0,0,0,100,16.28,0.2643,404,200,1,0,0.403,1,1,1,1,1,1,1,4,4,-1,[ OK ]
2349.5,4/8/2026 11:51:48 AM,6552,101.8,0.1492,120,0.4298,0.5219,1.524,0,0,0,100,16.28,0.2652,404.1,200,1,0,0.3839,1,1,1,1,1,1,1,4,4,-1,[ OK ]
2350.1,4/8/2026 11:51:48 AM,6553,101.8,0.1495,119.2,0.4434,0.5214,1.529,0,0,0,100,16.28,0.2634,403.8,200,1,0,0.3879,1,1,1,1,1,1,1,4,4,-1,[ OK ]
2350.6,4/8/2026 11:51:49 AM,6553,101.8,0.1492,120.1,0.4291,0.5216,1.527,0,0,0,100,16.28,0.2631,404,200,1,0,0.4056,1,1,1,1,1,1,1,4,4,-1,[ OK ]
2351.1,4/8/2026 11:51:49 AM,6554,101.8,0.1492,120.3,0.4354,0.5211,1.532,0,0,0,100,16.28,0.2631,403.8,200,1,0,0.4057,1,1,1,1,1,1,1,4,4,-1,[ OK ]
2351.6,4/8/2026 11:51:50 AM,6554,101.8,0.1494,119.7,0.4275,0.5208,1.536,0,0,0,100,16.28,0.2637,403.9,200,1,0,0.3809,1,1,1,1,1,1,1,4,4,-1,[ OK ]
2352.2,4/8/2026 11:51:50 AM,6555,101.8,0.1491,120.7,0.4309,0.5213,1.531,0,0,0,100,16.28,0.2635,404.3,200,1,0,0.3871,1,1,1,1,1,1,1,4,4,-1,[ OK ]
2352.7,4/8/2026 11:51:51 AM,6556,101.8,0.1491,120.4,0.4334,0.521,1.533,0,0,0,100,16.28,0.2608,403.8,200,1,0,0.402,1,1,1,1,1,1,1,4,4,-1,[ OK ]
2353.2,4/8/2026 11:51:51 AM,6556,101.8,0.1491,120.5,0.431,0.5219,1.523,0,0,0,100,16.28,0.2647,404,200,1,0,0.3896,1,1,1,1,1,1,1,4,4,-1,[ OK ]
2353.6,4/8/2026 11:51:52 AM,6556,101.8,0.1492,120.2,0.4302,0.5211,1.531,0,0,0,100,16.28,0.2629,404.1,200,1,0,0.3922,1,1,1,1,1,1,1,4,4,-1,[ OK ]
2354.1,4/8/2026 11:51:52 AM,6557,101.8,0.1492,120.1,0.4426,0.5216,1.526,0,0,0,100,16.28,0.2624,403.9,200,1,0,0.3931,1,1,1,1,1,1,1,4,4,-1,[ OK ]
2354.7,4/8/2026 11:51:53 AM,6558,101.8,0.1493,119.8,0.4362,0.5218,1.524,0,0,0,100,16.28,0.2634,404.3,200,1,0,0.405,1,1,1,1,1,1,1,4,4,-1,[ OK ]
2355.2,4/8/2026 11:51:53 AM,6558,101.8,0.1493,120,0.4426,0.521,1.532,0,0,0,100,16.28,0.261,404.1,200,1,0,0.3975,1,1,1,1,1,1,1,4,4,-1,[ OK ]
2355.7,4/8/2026 11:51:54 AM,6559,101.8,0.1493,119.8,0.4426,0.5211,1.531,0,0,0,100,16.28,0.2608,404.2,200,1,0,0.4108,1,1,1,1,1,1,1,4,4,-1,[ OK ]
2356.2,4/8/2026 11:51:54 AM,6559,101.8,0.1493,120,0.4288,0.5213,1.528,0,0,0,100,16.28,0.2615,403.9,200,1,0,0.3968,1,1,1,1,1,1,1,4,4,-1,[ OK ]
2356.7,4/8/2026 11:51:55 AM,6560,101.8,0.1493,119.8,0.4362,0.5215,1.526,0,0,0,100,16.28,0.2612,403.9,200,1,0,0.3954,1,1,1,1,1,1,1,4,4,-1,[ OK ]
2357.3,4/8/2026 11:51:55 AM,6560,101.8,0.1496,118.9,0.4284,0.5215,1.526,0,0,0,100,16.28,0.2618,404.2,200,1,0,0.3918,1,1,1,1,1,1,1,4,4,-1,[ OK ]
2357.7,4/8/2026 11:51:56 AM,6561,101.8,0.1493,120,0.4318,0.5216,1.525,0,0,0,100,16.28,0.2638,404,200,1,0,0.3931,1,1,1,1,1,1,1,4,4,-1,[ OK ]
2358.2,4/8/2026 11:51:56 AM,6561,101.8,0.1492,120.1,0.4352,0.5213,1.529,0,0,0,100,16.28,0.2631,404.2,200,1,0,0.3914,1,1,1,1,1,1,1,4,4,-1,[ OK ]
2358.6,4/8/2026 11:51:57 AM,6561,101.8,0.1492,120,0.4426,0.5215,1.526,0,0,0,100,16.28,0.2651,404.1,200,1,0,0.3916,1,1,1,1,1,1,1,4,4,-1,[ OK ]
2359.1,4/8/2026 11:51:57 AM,6562,101.8,0.1494,119.6,0.4426,0.522,1.521,0,0,0,100,16.28,0.2629,404,200,1,0,0.4061,1,1,1,1,1,1,1,4,4,-1,[ OK ]
2359.6,4/8/2026 11:51:58 AM,6562,101.8,0.1489,121,0.433,0.5221,1.52,0,0,0,100,16.28,0.2622,404.3,200,1,0,0.3991,1,1,1,1,1,1,1,4,4,-1,[ OK ]
2360.1,4/8/2026 11:51:58 AM,6563,101.8,0.1492,120.4,0.4328,0.5211,1.531,0,0,0,100,16.28,0.2635,404.2,200,1,0,0.3939,1,1,1,1,1,1,1,4,4,-1,[ OK ]
2360.5,4/8/2026 11:51:59 AM,6563,101.8,0.1491,120.5,0.433,0.521,1.532,0,0,0,100,16.28,0.2629,404.1,200,1,0,0.3899,1,1,1,1,1,1,1,4,4,-1,[ OK ]
2361.0,4/8/2026 11:51:59 AM,6564,101.8,0.149,121,0.4314,0.5209,1.532,0,0,0,100,16.28,0.262,404.2,200,1,0,0.3909,1,1,1,1,1,1,1,4,4,-1,[ OK ]
2361.5,4/8/2026 11:52:00 AM,6564,101.8,0.1493,119.7,0.4346,0.5206,1.536,0,0,0,100,16.28,0.2639,404.2,200,1,0,0.4038,1,1,1,1,1,1,1,4,4,-1,[ OK ]
2362.1,4/8/2026 11:52:00 AM,6565,101.8,0.1492,120.2,0.4426,0.5212,1.53,0,0,0,100,16.28,0.2643,404.1,200,1,0,0.4028,1,1,1,1,1,1,1,4,4,-1,[ OK ]
2362.6,4/8/2026 11:52:01 AM,6565,101.8,0.1492,120.1,0.4322,0.521,1.532,0,0,0,100,16.28,0.2635,404,200,1,0,0.3921,1,1,1,1,1,1,1,4,4,-1,[ OK ]
2363.1,4/8/2026 11:52:01 AM,6566,101.8,0.1492,120.1,0.4426,0.5218,1.523,0,0,0,100,16.28,0.2643,404.1,200,1,0,0.3914,1,1,1,1,1,1,1,4,4,-1,[ OK ]
2363.5,4/8/2026 11:52:02 AM,6566,101.8,0.149,120.6,0.4333,0.5215,1.526,0,0,0,100,16.28,0.2606,404.3,200,1,0,0.3957,1,1,1,1,1,1,1,4,4,-1,[ OK ]
2364.0,4/8/2026 11:52:02 AM,6567,101.8,0.1494,119.4,0.4429,0.5215,1.526,0,0,0,100,16.28,0.261,403.9,200,1,0,0.4102,1,1,1,1,1,1,1,4,4,-1,[ OK ]
2364.6,4/8/2026 11:52:03 AM,6567,101.8,0.1492,120.1,0.4426,0.521,1.532,0,0,0,100,16.28,0.2633,404,200,1,0,0.3944,1,1,1,1,1,1,1,4,4,-1,[ OK ]
2365.1,4/8/2026 11:52:03 AM,6568,101.8,0.1494,119.7,0.4426,0.5211,1.53,0,0,0,100,16.28,0.2643,404.2,200,1,0,0.4028,1,1,1,1,1,1,1,4,4,-1,[ OK ]
2365.6,4/8/2026 11:52:04 AM,6568,101.8,0.1493,120,0.436,0.5217,1.523,0,0,0,100,16.28,0.2635,404.1,200,1,0,0.4048,1,1,1,1,1,1,1,4,4,-1,[ OK ]
2366.1,4/8/2026 11:52:04 AM,6569,101.8,0.1494,119.7,0.4325,0.5217,1.524,0,0,0,100,16.28,0.2625,404.1,200,1,0,0.3893,1,1,1,1,1,1,1,4,4,-1,[ OK ]
2366.5,4/8/2026 11:52:05 AM,6569,101.8,0.1492,120.2,0.4426,0.5208,1.534,0,0,0,100,16.28,0.2623,403.9,200,1,0,0.4073,1,1,1,1,1,1,1,4,4,-1,[ OK ]
2367.1,4/8/2026 11:52:05 AM,6570,101.8,0.1494,119.7,0.4318,0.5218,1.523,0,0,0,100,16.28,0.2668,404,200,1,0,0.3972,1,1,1,1,1,1,1,4,4,-1,[ OK ]
2367.6,4/8/2026 11:52:06 AM,6570,101.8,0.1491,120.6,0.4426,0.5213,1.528,0,0,0,100,16.28,0.2647,403.8,200,1,0,0.3859,1,1,1,1,1,1,1,4,4,-1,[ OK ]
2368.1,4/8/2026 11:52:06 AM,6571,101.8,0.1494,119.6,0.437,0.521,1.532,0,0,0,100,16.28,0.2652,404,200,1,0,0.3852,1,1,1,1,1,1,1,4,4,-1,[ OK ]
2368.6,4/8/2026 11:52:07 AM,6572,101.8,0.1493,120.1,0.4335,0.5213,1.528,0,0,0,100,16.28,0.2645,404,200,1,0,0.3889,1,1,1,1,1,1,1,4,4,-1,[ OK ]
2369.3,4/8/2026 11:52:07 AM,6572,101.8,0.1492,120.5,0.4294,0.5218,1.523,0,0,0,100,16.28,0.2629,404,200,1,0,0.3909,1,1,1,1,1,1,1,4,4,-1,[ OK ]
2369.7,4/8/2026 11:52:08 AM,6573,101.8,0.1493,120.2,0.4426,0.5209,1.532,0,0,0,100,16.28,0.266,403.9,200,1,0,0.375,1,1,1,1,1,1,1,4,4,-1,[ OK ]
2370.2,4/8/2026 11:52:08 AM,6573,101.8,0.1494,119.8,0.4337,0.521,1.531,0,0,0,100,16.28,0.2631,404.1,200,1,0,0.3952,1,1,1,1,1,1,1,4,4,-1,[ OK ]
2370.6,4/8/2026 11:52:09 AM,6573,101.8,0.1492,120.4,0.432,0.5213,1.528,0,0,0,100,16.28,0.2656,404.1,200,1,0,0.3864,1,1,1,1,1,1,1,4,4,-1,[ OK ]
2370.9,4/8/2026 11:52:09 AM,6574,101.8,0.1492,120.4,0.4426,0.5219,1.522,0,0,0,100,16.28,0.2652,404.3,200,1,0,0.3835,1,1,1,1,1,1,1,4,4,-1,[ OK ]
2371.5,4/8/2026 11:52:10 AM,6574,101.8,0.1494,119.9,0.4295,0.5215,1.526,0,0,0,100,16.28,0.2643,404,200,1,0,0.386,1,1,1,1,1,1,1,4,4,-1,[ OK ]
2371.9,4/8/2026 11:52:10 AM,6575,101.8,0.1495,119.6,0.4426,0.5221,1.52,0,0,0,100,16.28,0.2662,404.1,200,1,0,0.3831,1,1,1,1,1,1,1,4,4,-1,[ OK ]
2372.4,4/8/2026 11:52:10 AM,6575,101.8,0.1494,119.9,0.4426,0.5215,1.527,0,0,0,100,16.28,0.2643,404.2,200,1,0,0.3939,1,1,1,1,1,1,1,4,4,-1,[ OK ]
2372.8,4/8/2026 11:52:11 AM,6576,101.8,0.1491,120.6,0.4426,0.5214,1.527,0,0,0,100,16.28,0.2644,404.1,200,1,0,0.3865,1,1,1,1,1,1,1,4,4,-1,[ OK ]
2373.3,4/8/2026 11:52:11 AM,6576,101.8,0.1493,120.2,0.4426,0.5219,1.523,0,0,0,100,16.28,0.2618,404,200,1,0,0.3978,1,1,1,1,1,1,1,4,4,-1,[ OK ]
2373.8,4/8/2026 11:52:12 AM,6577,101.8,0.1494,119.8,0.4426,0.5214,1.528,0,0,0,100,16.28,0.2641,404.2,200,1,0,0.3911,1,1,1,1,1,1,1,4,4,-1,[ OK ]
2374.2,4/8/2026 11:52:12 AM,6577,101.8,0.1491,120.8,0.4335,0.5209,1.533,0,0,0,100,16.28,0.2635,404,200,1,0,0.3871,1,1,1,1,1,1,1,4,4,-1,[ OK ]
2374.7,4/8/2026 11:52:13 AM,6578,101.8,0.1492,120.5,0.4426,0.5209,1.534,0,0,0,100,16.28,0.2625,404.2,200,1,0,0.3954,1,1,1,1,1,1,1,4,4,-1,[ OK ]
2375.2,4/8/2026 11:52:13 AM,6578,101.8,0.1491,120.6,0.4221,0.5219,1.522,0,0,0,100,16.28,0.2629,404.3,200,1,0,0.406,1,1,1,1,1,1,1,4,4,-1,[ OK ]
2375.6,4/8/2026 11:52:14 AM,6579,101.8,0.1493,120.1,0.4426,0.5214,1.527,0,0,0,100,16.28,0.2649,404.1,200,1,0,0.4016,1,1,1,1,1,1,1,4,4,-1,[ OK ]
2376.1,4/8/2026 11:52:14 AM,6579,101.8,0.1493,120.1,0.4298,0.5218,1.522,0,0,0,100,16.28,0.2635,404.2,200,1,0,0.389,1,1,1,1,1,1,1,4,4,-1,[ OK ]
2376.6,4/8/2026 11:52:15 AM,6579,101.8,0.1494,119.7,0.4426,0.521,1.531,0,0,0,100,16.28,0.261,404.3,200,1,0,0.4103,1,1,1,1,1,1,1,4,4,-1,[ OK ]
2377.1,4/8/2026 11:52:15 AM,6580,101.8,0.1492,120.2,0.4426,0.5221,1.519,0,0,0,100,16.28,0.2633,404.1,200,1,0,0.4051,1,1,1,1,1,1,1,4,4,-1,[ OK ]
2377.6,4/8/2026 11:52:16 AM,6581,101.8,0.1493,120,0.4328,0.5212,1.529,0,0,0,100,16.28,0.2634,404,200,1,0,0.4049,1,1,1,1,1,1,1,4,4,-1,[ OK ]
2378.2,4/8/2026 11:52:16 AM,6581,101.8,0.1493,119.8,0.4348,0.5206,1.537,0,0,0,100,16.28,0.2644,404,200,1,0,0.4026,1,1,1,1,1,1,1,4,4,-1,[ OK ]
2378.7,4/8/2026 11:52:17 AM,6582,101.8,0.1492,120.1,0.4332,0.5206,1.535,0,0,0,100,16.28,0.2643,404.1,200,1,0,0.389,1,1,1,1,1,1,1,4,4,-1,[ OK ]
2379.3,4/8/2026 11:52:17 AM,6582,101.8,0.1494,119.6,0.4426,0.5221,1.519,0,0,0,100,16.28,0.2654,403.9,200,1,0,0.3896,1,1,1,1,1,1,1,4,4,-1,[ OK ]
2379.8,4/8/2026 11:52:18 AM,6583,101.8,0.1493,120.2,0.433,0.521,1.532,0,0,0,100,16.28,0.2638,404.4,200,1,0,0.404,1,1,1,1,1,1,1,4,4,-1,[ OK ]
2380.3,4/8/2026 11:52:18 AM,6583,101.8,0.1494,119.7,0.4426,0.5221,1.521,0,0,0,100,16.28,0.2644,404.1,200,1,0,0.3846,1,1,1,1,1,1,1,4,4,-1,[ OK ]
2380.7,4/8/2026 11:52:19 AM,6584,101.8,0.1494,119.7,0.4426,0.5219,1.523,0,0,0,100,16.28,0.2643,404,200,1,0,0.4028,1,1,1,1,1,1,1,4,4,-1,[ OK ]
2381.3,4/8/2026 11:52:19 AM,6584,101.8,0.1493,119.9,0.4337,0.5212,1.53,0,0,0,100,16.28,0.2647,404,200,1,0,0.402,1,1,1,1,1,1,1,4,4,-1,[ OK ]
2381.8,4/8/2026 11:52:20 AM,6585,101.8,0.1493,120.2,0.429,0.5218,1.523,0,0,0,100,16.28,0.2639,403.9,200,1,0,0.3856,1,1,1,1,1,1,1,4,4,-1,[ OK ]
2382.3,4/8/2026 11:52:20 AM,6585,101.8,0.1493,120,0.4346,0.5207,1.535,0,0,0,100,16.28,0.2644,404.2,200,1,0,0.3882,1,1,1,1,1,1,1,4,4,-1,[ OK ]
2382.8,4/8/2026 11:52:21 AM,6586,101.8,0.1494,119.7,0.4334,0.5213,1.53,0,0,0,100,16.28,0.2647,404.2,200,1,0,0.3873,1,1,1,1,1,1,1,4,4,-1,[ OK ]
2383.4,4/8/2026 11:52:21 AM,6586,101.8,0.1491,120.4,0.4303,0.5216,1.526,0,0,0,100,16.28,0.2644,404.1,200,1,0,0.3883,1,1,1,1,1,1,1,4,4,-1,[ OK ]
2383.8,4/8/2026 11:52:22 AM,6587,101.8,0.1493,120,0.4327,0.5215,1.527,0,0,0,100,16.28,0.2638,404.1,200,1,0,0.404,1,1,1,1,1,1,1,4,4,-1,[ OK ]
2384.4,4/8/2026 11:52:22 AM,6587,101.8,0.1492,120.4,0.4426,0.5218,1.524,0,0,0,100,16.28,0.2658,404,200,1,0,0.386,1,1,1,1,1,1,1,4,4,-1,[ OK ]
2384.8,4/8/2026 11:52:23 AM,6588,101.8,0.1494,119.7,0.4426,0.5213,1.528,0,0,0,100,16.28,0.2637,404,200,1,0,0.4043,1,1,1,1,1,1,1,4,4,-1,[ OK ]
2385.3,4/8/2026 11:52:23 AM,6588,101.8,0.1494,119.7,0.4426,0.5209,1.532,0,0,0,100,16.28,0.2644,403.9,200,1,0,0.3907,1,1,1,1,1,1,1,4,4,-1,[ OK ]
2385.7,4/8/2026 11:52:24 AM,6589,101.8,0.1492,120.4,0.4426,0.5211,1.531,0,0,0,100,16.28,0.2636,404.2,200,1,0,0.4044,1,1,1,1,1,1,1,4,4,-1,[ OK ]
2386.2,4/8/2026 11:52:24 AM,6589,101.8,0.1493,120.1,0.4309,0.5217,1.525,0,0,0,100,16.28,0.261,404.1,200,1,0,0.3956,1,1,1,1,1,1,1,4,4,-1,[ OK ]
2386.7,4/8/2026 11:52:25 AM,6590,101.8,0.1492,120.4,0.4322,0.5219,1.523,0,0,0,100,16.28,0.2646,403.9,200,1,0,0.3937,1,1,1,1,1,1,1,4,4,-1,[ OK ]
2387.2,4/8/2026 11:52:25 AM,6590,101.8,0.1495,119.7,0.4359,0.521,1.532,0,0,0,100,16.28,0.2647,404.2,200,1,0,0.3844,1,1,1,1,1,1,1,4,4,-1,[ OK ]
2387.7,4/8/2026 11:52:26 AM,6591,101.8,0.1494,119.9,0.4426,0.5216,1.525,0,0,0,100,16.28,0.2643,403.9,200,1,0,0.3905,1,1,1,1,1,1,1,4,4,-1,[ OK ]
2388.3,4/8/2026 11:52:26 AM,6591,101.8,0.1494,119.9,0.4426,0.5218,1.523,0,0,0,100,16.28,0.2616,404.2,200,1,0,0.3957,1,1,1,1,1,1,1,4,4,-1,[ OK ]
2388.7,4/8/2026 11:52:27 AM,6592,101.8,0.1495,119.7,0.4322,0.5212,1.529,0,0,0,100,16.28,0.2647,404.2,200,1,0,0.3831,1,1,1,1,1,1,1,4,4,-1,[ OK ]
2389.2,4/8/2026 11:52:27 AM,6592,101.8,0.1494,120.1,0.4426,0.5209,1.532,0,0,0,100,16.28,0.2643,404.1,200,1,0,0.3873,1,1,1,1,1,1,1,4,4,-1,[ OK ]
2389.6,4/8/2026 11:52:28 AM,6593,101.8,0.1493,120.3,0.4315,0.5211,1.531,0,0,0,100,16.28,0.2622,404.1,200,1,0,0.3978,1,1,1,1,1,1,1,4,4,-1,[ OK ]
2390.1,4/8/2026 11:52:28 AM,6593,101.8,0.1492,120.5,0.4319,0.5215,1.527,0,0,0,100,16.28,0.2631,403.9,200,1,0,0.3901,1,1,1,1,1,1,1,4,4,-1,[ OK ]
2390.5,4/8/2026 11:52:29 AM,6593,101.8,0.1496,119.5,0.4426,0.5217,1.525,0,0,0,100,16.28,0.264,404.3,200,1,0,0.3964,1,1,1,1,1,1,1,4,4,-1,[ OK ]
2391.0,4/8/2026 11:52:29 AM,6594,101.8,0.1496,119.3,0.4335,0.522,1.522,0,0,0,100,16.28,0.2614,404.2,200,1,0,0.4093,1,1,1,1,1,1,1,4,4,-1,[ OK ]
2391.5,4/8/2026 11:52:30 AM,6594,101.8,0.1495,119.7,0.4426,0.5222,1.52,0,0,0,100,16.28,0.2645,404.1,200,1,0,0.3902,1,1,1,1,1,1,1,4,4,-1,[ OK ]
2391.9,4/8/2026 11:52:30 AM,6595,101.8,0.1495,119.7,0.4356,0.5207,1.536,0,0,0,100,16.28,0.266,404,200,1,0,0.3877,1,1,1,1,1,1,1,4,4,-1,[ OK ]
2392.5,4/8/2026 11:52:31 AM,6595,101.8,0.1493,120.2,0.4334,0.5218,1.524,0,0,0,100,16.28,0.2645,404.3,200,1,0,0.39,1,1,1,1,1,1,1,4,4,-1,[ OK ]
2393.0,4/8/2026 11:52:31 AM,6596,101.8,0.1494,120,0.4323,0.522,1.522,0,0,0,100,16.28,0.2648,404,200,1,0,0.3868,1,1,1,1,1,1,1,4,4,-1,[ OK ]
2393.5,4/8/2026 11:52:32 AM,6596,101.8,0.1494,120,0.4428,0.5218,1.525,0,0,0,100,16.28,0.2641,404.1,200,1,0,0.3883,1,1,1,1,1,1,1,4,4,-1,[ OK ]
2394.0,4/8/2026 11:52:32 AM,6597,101.8,0.1493,120.4,0.4372,0.521,1.534,0,0,0,100,16.28,0.264,404.2,200,1,0,0.393,1,1,1,1,1,1,1,4,4,-1,[ OK ]
2394.5,4/8/2026 11:52:33 AM,6597,101.8,0.1495,119.6,0.4426,0.5211,1.532,0,0,0,100,16.28,0.2653,404,200,1,0,0.4007,1,1,1,1,1,1,1,4,4,-1,[ OK ]
2395.0,4/8/2026 11:52:33 AM,6598,101.8,0.1497,119.2,0.4349,0.5216,1.528,0,0,0,100,16.28,0.2621,404.3,200,1,0,0.3972,1,1,1,1,1,1,1,4,4,-1,[ OK ]
2395.4,4/8/2026 11:52:33 AM,6598,101.8,0.1494,120.1,0.4307,0.5217,1.527,0,0,0,100,16.28,0.2624,403.8,200,1,0,0.4071,1,1,1,1,1,1,1,4,4,-1,[ OK ]
2395.8,4/8/2026 11:52:34 AM,6599,101.8,0.1497,119.2,0.4293,0.5216,1.528,0,0,0,100,16.28,0.2626,404.2,200,1,0,0.3964,1,1,1,1,1,1,1,4,4,-1,[ OK ]
2396.3,4/8/2026 11:52:34 AM,6599,101.8,0.1493,120.6,0.4426,0.5213,1.53,0,0,0,100,16.28,0.2633,404.3,200,1,0,0.3963,1,1,1,1,1,1,1,4,4,-1,[ OK ]
2396.8,4/8/2026 11:52:35 AM,6600,101.8,0.1495,119.7,0.4314,0.5219,1.524,0,0,0,100,16.28,0.2639,404.1,200,1,0,0.3862,1,1,1,1,1,1,1,4,4,-1,[ OK ]
2397.3,4/8/2026 11:52:35 AM,6600,101.8,0.1495,119.7,0.4327,0.5216,1.528,0,0,0,100,16.28,0.2633,403.8,200,1,0,0.3923,1,1,1,1,1,1,1,4,4,-1,[ OK ]
2397.8,4/8/2026 11:52:36 AM,6601,101.8,0.1492,120.6,0.4283,0.5215,1.528,0,0,0,100,16.28,0.2642,403.9,200,1,0,0.39,1,1,1,1,1,1,1,4,4,-1,[ OK ]
2398.3,4/8/2026 11:52:36 AM,6601,101.8,0.1493,120.2,0.4426,0.5209,1.535,0,0,0,100,16.28,0.2633,404,200,1,0,0.4052,1,1,1,1,1,1,1,4,4,-1,[ OK ]
2398.8,4/8/2026 11:52:37 AM,6602,101.8,0.1493,120.3,0.4343,0.5213,1.53,0,0,0,100,16.28,0.2627,404,200,1,0,0.4065,1,1,1,1,1,1,1,4,4,-1,[ OK ]
2399.4,4/8/2026 11:52:37 AM,6602,101.8,0.1493,120.2,0.4426,0.5215,1.527,0,0,0,100,16.28,0.2649,403.9,200,1,0,0.4015,1,1,1,1,1,1,1,4,4,-1,[ OK ]
2399.9,4/8/2026 11:52:38 AM,6603,101.8,0.1493,120.2,0.4351,0.521,1.532,0,0,0,100,16.28,0.2628,404.2,200,1,0,0.3894,1,1,1,1,1,1,1,4,4,-1,[ OK ]
2400.4,4/8/2026 11:52:38 AM,6603,101.8,0.1493,120.2,0.443,0.5218,1.524,0,0,0,100,16.28,0.2622,404.3,200,1,0,0.3885,1,1,1,1,1,1,1,4,4,-1,[ OK ]
2400.8,4/8/2026 11:52:39 AM,6604,101.8,0.1496,119.4,0.436,0.5219,1.523,0,0,0,100,16.28,0.264,404.2,200,1,0,0.3948,1,1,1,1,1,1,1,4,4,-1,[ OK ]
2401.3,4/8/2026 11:52:39 AM,6604,101.8,0.1494,120,0.4339,0.5216,1.526,0,0,0,100,16.28,0.2618,403.9,200,1,0,0.4084,1,1,1,1,1,1,1,4,4,-1,[ OK ]
2401.8,4/8/2026 11:52:40 AM,6605,101.8,0.1492,120.5,0.4426,0.5215,1.527,0,0,0,100,16.28,0.261,404,200,1,0,0.3864,1,1,1,1,1,1,1,4,4,-1,[ OK ]
2402.1,4/8/2026 11:52:40 AM,6605,101.8,0.1495,119.6,0.4334,0.5214,1.527,0,0,0,100,16.28,0.2604,404.2,200,1,0,0.3985,1,1,1,1,1,1,1,4,4,-1,[ OK ]
2402.6,4/8/2026 11:52:41 AM,6605,101.8,0.1494,120,0.435,0.5217,1.523,0,0,0,100,16.28,0.2607,404,200,1,0,0.3941,1,1,1,1,1,1,1,4,4,-1,[ OK ]
2403.1,4/8/2026 11:52:41 AM,6606,101.8,0.1494,119.9,0.436,0.5214,1.527,0,0,0,100,16.28,0.2624,404.3,200,1,0,0.4072,1,1,1,1,1,1,1,4,4,-1,[ OK ]
2403.6,4/8/2026 11:52:42 AM,6607,101.8,0.1495,119.5,0.433,0.5209,1.532,0,0,0,100,16.28,0.2631,404.4,200,1,0,0.3869,1,1,1,1,1,1,1,4,4,-1,[ OK ]
2404.2,4/8/2026 11:52:42 AM,6607,101.8,0.1495,119.7,0.4298,0.5209,1.533,0,0,0,100,16.28,0.2624,404,200,1,0,0.4071,1,1,1,1,1,1,1,4,4,-1,[ OK ]
2404.7,4/8/2026 11:52:43 AM,6608,101.8,0.1495,119.7,0.4426,0.5215,1.525,0,0,0,100,16.28,0.2634,404.3,200,1,0,0.3953,1,1,1,1,1,1,1,4,4,-1,[ OK ]
2405.2,4/8/2026 11:52:43 AM,6608,101.8,0.1495,119.7,0.4307,0.5212,1.529,0,0,0,100,16.28,0.2635,404,200,1,0,0.3905,1,1,1,1,1,1,1,4,4,-1,[ OK ]
2405.7,4/8/2026 11:52:44 AM,6609,101.8,0.1493,120.2,0.4426,0.521,1.531,0,0,0,100,16.28,0.262,404.3,200,1,0,0.4081,1,1,1,1,1,1,1,4,4,-1,[ OK ]
2406.3,4/8/2026 11:52:44 AM,6609,101.8,0.1493,120.1,0.433,0.521,1.533,0,0,0,100,16.28,0.2616,404,200,1,0,0.3963,1,1,1,1,1,1,1,4,4,-1,[ OK ]
2406.9,4/8/2026 11:52:45 AM,6610,101.8,0.1492,120.7,0.4426,0.5207,1.535,0,0,0,100,16.28,0.2635,404,200,1,0,0.4048,1,1,1,1,1,1,1,4,4,-1,[ OK ]
2407.4,4/8/2026 11:52:45 AM,6610,101.8,0.1494,119.9,0.4266,0.522,1.521,0,0,0,100,16.28,0.2625,404.2,200,1,0,0.407,1,1,1,1,1,1,1,4,4,-1,[ OK ]
2407.9,4/8/2026 11:52:46 AM,6611,101.8,0.1492,120.6,0.4331,0.5211,1.53,0,0,0,100,16.28,0.2612,403.9,200,1,0,0.4098,1,1,1,1,1,1,1,4,4,-1,[ OK ]
2408.4,4/8/2026 11:52:46 AM,6611,101.8,0.1496,119.6,0.432,0.5209,1.533,0,0,0,100,16.28,0.2635,404,200,1,0,0.3857,1,1,1,1,1,1,1,4,4,-1,[ OK ]
2408.9,4/8/2026 11:52:47 AM,6612,101.8,0.1494,120.1,0.4347,0.5219,1.523,0,0,0,100,16.28,0.2608,404.1,200,1,0,0.4109,1,1,1,1,1,1,1,4,4,-1,[ OK ]
2409.4,4/8/2026 11:52:47 AM,6612,101.8,0.1496,119.4,0.4286,0.5216,1.527,0,0,0,100,16.28,0.2609,404.1,200,1,0,0.4019,1,1,1,1,1,1,1,4,4,-1,[ OK ]
2409.8,4/8/2026 11:52:48 AM,6613,101.8,0.1492,120.5,0.4357,0.5209,1.534,0,0,0,100,16.28,0.2633,404.3,200,1,0,0.3963,1,1,1,1,1,1,1,4,4,-1,[ OK ]
2410.3,4/8/2026 11:52:48 AM,6613,101.8,0.1494,120.1,0.4426,0.5207,1.536,0,0,0,100,16.28,0.2621,404,200,1,0,0.3914,1,1,1,1,1,1,1,4,4,-1,[ OK ]
2410.8,4/8/2026 11:52:49 AM,6614,101.8,0.1493,120.2,0.4327,0.5223,1.518,0,0,0,100,16.28,0.2592,404,200,1,0,0.403,1,1,1,1,1,1,1,4,4,-1,[ OK ]
2411.3,4/8/2026 11:52:49 AM,6614,101.8,0.1494,119.9,0.4357,0.5219,1.522,0,0,0,100,16.28,0.2595,404,200,1,0,0.3968,1,1,1,1,1,1,1,4,4,-1,[ OK ]
2411.8,4/8/2026 11:52:50 AM,6615,101.8,0.1492,120.5,0.4357,0.522,1.521,0,0,0,100,16.28,0.2628,404.3,200,1,0,0.3908,1,1,1,1,1,1,1,4,4,-1,[ OK ]
2412.3,4/8/2026 11:52:50 AM,6615,101.8,0.1494,120,0.4332,0.5215,1.526,0,0,0,100,16.28,0.2623,404.3,200,1,0,0.3897,1,1,1,1,1,1,1,4,4,-1,[ OK ]
2412.8,4/8/2026 11:52:51 AM,6616,101.8,0.1491,121,0.4335,0.5217,1.524,0,0,0,100,16.28,0.2623,404.2,200,1,0,0.3987,1,1,1,1,1,1,1,4,4,-1,[ OK ]
2413.2,4/8/2026 11:52:51 AM,6616,101.8,0.1497,118.7,0.4307,0.5213,1.528,0,0,0,100,16.28,0.261,404.2,200,1,0,0.4103,1,1,1,1,1,1,1,4,4,-1,[ OK ]
2413.8,4/8/2026 11:52:52 AM,6617,101.8,0.1493,120.2,0.4362,0.5219,1.521,0,0,0,100,16.28,0.2624,404,200,1,0,0.4072,1,1,1,1,1,1,1,4,4,-1,[ OK ]
2414.2,4/8/2026 11:52:52 AM,6617,101.8,0.1494,119.9,0.4299,0.5213,1.528,0,0,0,100,16.28,0.2623,404.2,200,1,0,0.3933,1,1,1,1,1,1,1,4,4,-1,[ OK ]
2414.6,4/8/2026 11:52:53 AM,6617,101.8,0.1495,119.8,0.4426,0.5213,1.529,0,0,0,100,16.28,0.2631,403.9,200,1,0,0.4057,1,1,1,1,1,1,1,4,4,-1,[ OK ]
2415.0,4/8/2026 11:52:53 AM,6618,101.8,0.1494,120.1,0.4426,0.5211,1.532,0,0,0,100,16.28,0.2615,403.8,200,1,0,0.3932,1,1,1,1,1,1,1,4,4,-1,[ OK ]
2415.5,4/8/2026 11:52:54 AM,6618,101.8,0.1495,119.8,0.432,0.5207,1.535,0,0,0,100,16.28,0.2597,404,200,1,0,0.4013,1,1,1,1,1,1,1,4,4,-1,[ OK ]
2416.0,4/8/2026 11:52:54 AM,6619,101.8,0.1494,120.3,0.4426,0.5215,1.527,0,0,0,100,16.28,0.2606,403.8,200,1,0,0.3968,1,1,1,1,1,1,1,4,4,-1,[ OK ]
2416.5,4/8/2026 11:52:55 AM,6619,101.8,0.1493,120.2,0.4334,0.5216,1.527,0,0,0,100,16.28,0.2621,404,200,1,0,0.4078,1,1,1,1,1,1,1,4,4,-1,[ OK ]
2416.9,4/8/2026 11:52:55 AM,6620,101.8,0.1493,120.2,0.4426,0.5213,1.53,0,0,0,100,16.28,0.261,404.2,200,1,0,0.414,1,1,1,1,1,1,1,4,4,-1,[ OK ]
2417.3,4/8/2026 11:52:55 AM,6620,101.8,0.1494,120.1,0.4322,0.5216,1.526,0,0,0,100,16.28,0.2652,404.4,200,1,0,0.3886,1,1,1,1,1,1,1,4,4,-1,[ OK ]
2417.8,4/8/2026 11:52:56 AM,6621,101.8,0.1494,120.1,0.443,0.5209,1.534,0,0,0,100,16.28,0.2604,403.9,200,1,0,0.4017,1,1,1,1,1,1,1,4,4,-1,[ OK ]
2418.4,4/8/2026 11:52:56 AM,6621,101.8,0.1494,120.1,0.4345,0.5215,1.526,0,0,0,100,16.28,0.26,403.9,200,1,0,0.4127,1,1,1,1,1,1,1,4,4,-1,[ OK ]
2418.9,4/8/2026 11:52:57 AM,6622,101.8,0.1494,120.3,0.435,0.5222,1.519,0,0,0,100,16.28,0.2598,404.3,200,1,0,0.4002,1,1,1,1,1,1,1,4,4,-1,[ OK ]
2419.3,4/8/2026 11:52:57 AM,6622,101.8,0.1494,120.4,0.4426,0.5215,1.527,0,0,0,100,16.28,0.2604,404.3,200,1,0,0.4117,1,1,1,1,1,1,1,4,4,-1,[ OK ]
2419.8,4/8/2026 11:52:58 AM,6623,101.8,0.1494,120.2,0.4331,0.5214,1.527,0,0,0,100,16.28,0.261,404,200,1,0,0.4103,1,1,1,1,1,1,1,4,4,-1,[ OK ]
2420.2,4/8/2026 11:52:58 AM,6623,101.8,0.1494,120.3,0.4426,0.5215,1.527,0,0,0,100,16.28,0.2629,404.3,200,1,0,0.4061,1,1,1,1,1,1,1,4,4,-1,[ OK ]
2420.8,4/8/2026 11:52:59 AM,6624,101.8,0.1496,119.8,0.4322,0.5216,1.525,0,0,0,100,16.28,0.2606,404.3,200,1,0,0.4116,1,1,1,1,1,1,1,4,4,-1,[ OK ]
2421.2,4/8/2026 11:52:59 AM,6624,101.8,0.1492,120.8,0.4438,0.5217,1.524,0,0,0,100,16.28,0.262,403.9,200,1,0,0.3942,1,1,1,1,1,1,1,4,4,-1,[ OK ]
2421.6,4/8/2026 11:53:00 AM,6624,101.8,0.1496,119.8,0.4332,0.522,1.521,0,0,0,100,16.28,0.2612,404.1,200,1,0,0.3925,1,1,1,1,1,1,1,4,4,-1,[ OK ]
2422.1,4/8/2026 11:53:00 AM,6625,101.8,0.1496,119.6,0.4426,0.5215,1.527,0,0,0,100,16.28,0.2593,404,200,1,0,0.4141,1,1,1,1,1,1,1,4,4,-1,[ OK ]
2422.6,4/8/2026 11:53:01 AM,6626,101.8,0.1495,120,0.443,0.522,1.52,0,0,0,100,16.28,0.2612,403.8,200,1,0,0.4098,1,1,1,1,1,1,1,4,4,-1,[ OK ]
2423.1,4/8/2026 11:53:01 AM,6626,101.8,0.1495,120.2,0.4347,0.5217,1.524,0,0,0,100,16.28,0.2608,404.2,200,1,0,0.4109,1,1,1,1,1,1,1,4,4,-1,[ OK ]
2423.5,4/8/2026 11:53:02 AM,6626,101.8,0.1496,119.9,0.4281,0.5219,1.521,0,0,0,100,16.28,0.2612,404.1,200,1,0,0.41,1,1,1,1,1,1,1,4,4,-1,[ OK ]
2424.0,4/8/2026 11:53:02 AM,6627,101.8,0.1495,120.2,0.4363,0.5205,1.537,0,0,0,100,16.28,0.2613,404.2,200,1,0,0.4097,1,1,1,1,1,1,1,4,4,-1,[ OK ]
2424.5,4/8/2026 11:53:03 AM,6627,101.8,0.1495,120.2,0.4328,0.5215,1.526,0,0,0,100,16.28,0.2633,403.8,200,1,0,0.3944,1,1,1,1,1,1,1,4,4,-1,[ OK ]
2425.1,4/8/2026 11:53:03 AM,6628,101.8,0.1496,119.8,0.4426,0.5219,1.523,0,0,0,100,16.28,0.2612,404,200,1,0,0.4098,1,1,1,1,1,1,1,4,4,-1,[ OK ]
2425.5,4/8/2026 11:53:04 AM,6628,101.8,0.1495,120.1,0.4426,0.5207,1.536,0,0,0,100,16.28,0.2606,404,200,1,0,0.4006,1,1,1,1,1,1,1,4,4,-1,[ OK ]
2425.9,4/8/2026 11:53:04 AM,6629,101.8,0.1496,119.7,0.4426,0.5214,1.528,0,0,0,100,16.28,0.2621,404.1,200,1,0,0.4078,1,1,1,1,1,1,1,4,4,-1,[ OK ]
2426.3,4/8/2026 11:53:04 AM,6629,101.8,0.1495,120.2,0.4426,0.5218,1.523,0,0,0,100,16.28,0.2605,403.8,200,1,0,0.4114,1,1,1,1,1,1,1,4,4,-1,[ OK ]
2426.8,4/8/2026 11:53:05 AM,6630,101.8,0.1492,121,0.4329,0.5222,1.518,0,0,0,100,16.28,0.2615,403.8,200,1,0,0.4092,1,1,1,1,1,1,1,4,4,-1,[ OK ]
2427.2,4/8/2026 11:53:05 AM,6630,101.8,0.1494,120.3,0.4312,0.5215,1.524,0,0,0,100,16.28,0.2625,403.9,200,1,0,0.3946,1,1,1,1,1,1,1,4,4,-1,[ OK ]
2427.8,4/8/2026 11:53:06 AM,6631,101.8,0.1495,120,0.4315,0.5218,1.521,0,0,0,100,16.28,0.26,403.9,200,1,0,0.4125,1,1,1,1,1,1,1,4,4,-1,[ OK ]
2428.2,4/8/2026 11:53:06 AM,6631,101.8,0.1495,120.1,0.4334,0.5209,1.53,0,0,0,100,16.28,0.2633,404.1,200,1,0,0.4052,1,1,1,1,1,1,1,4,4,-1,[ OK ]
2428.7,4/8/2026 11:53:07 AM,6632,101.8,0.1497,119.4,0.4331,0.5217,1.521,0,0,0,100,16.28,0.2604,403.9,200,1,0,0.4118,1,1,1,1,1,1,1,4,4,-1,[ OK ]
2429.1,4/8/2026 11:53:07 AM,6632,101.8,0.1493,120.8,0.4426,0.5208,1.53,0,0,0,100,16.28,0.259,404,200,1,0,0.4148,1,1,1,1,1,1,1,4,4,-1,[ OK ]
2429.4,4/8/2026 11:53:08 AM,6632,101.8,0.1493,120.6,0.4355,0.5217,1.521,0,0,0,100,16.28,0.2601,404.3,200,1,0,0.4124,1,1,1,1,1,1,1,4,4,-1,[ OK ]
2429.9,4/8/2026 11:53:08 AM,6633,101.8,0.1495,120.1,0.4341,0.521,1.53,0,0,0,100,16.28,0.2595,404.2,200,1,0,0.4011,1,1,1,1,1,1,1,4,4,-1,[ OK ]
2430.4,4/8/2026 11:53:08 AM,6633,101.8,0.1496,119.7,0.4353,0.5219,1.521,0,0,0,100,16.28,0.2601,404,200,1,0,0.4124,1,1,1,1,1,1,1,4,4,-1,[ OK ]
2430.9,4/8/2026 11:53:09 AM,6634,101.8,0.1494,120.2,0.4344,0.5217,1.524,0,0,0,100,16.28,0.2631,403.9,200,1,0,0.4056,1,1,1,1,1,1,1,4,4,-1,[ OK ]
2431.4,4/8/2026 11:53:10 AM,6634,101.8,0.1496,119.5,0.4426,0.5219,1.523,0,0,0,100,16.28,0.2606,404.2,200,1,0,0.4001,1,1,1,1,1,1,1,4,4,-1,[ OK ]
2432.0,4/8/2026 11:53:10 AM,6635,101.8,0.1494,120.3,0.4309,0.5214,1.528,0,0,0,100,16.28,0.2624,404.2,200,1,0,0.397,1,1,1,1,1,1,1,4,4,-1,[ OK ]
2432.6,4/8/2026 11:53:11 AM,6635,101.8,0.1495,120.1,0.4314,0.522,1.521,0,0,0,100,16.28,0.2605,404.2,200,1,0,0.402,1,1,1,1,1,1,1,4,4,-1,[ OK ]
2433.0,4/8/2026 11:53:11 AM,6636,101.8,0.1494,120.2,0.4426,0.5205,1.537,0,0,0,100,16.28,0.2608,404.2,200,1,0,0.4108,1,1,1,1,1,1,1,4,4,-1,[ OK ]
2433.4,4/8/2026 11:53:11 AM,6636,101.8,0.1495,120,0.4342,0.5214,1.527,0,0,0,100,16.28,0.2614,404.1,200,1,0,0.3926,1,1,1,1,1,1,1,4,4,-1,[ OK ]
2433.9,4/8/2026 11:53:12 AM,6637,101.8,0.1494,120.1,0.4309,0.5215,1.527,0,0,0,100,16.28,0.2613,404,200,1,0,0.4096,1,1,1,1,1,1,1,4,4,-1,[ OK ]
2434.5,4/8/2026 11:53:13 AM,6637,101.8,0.1495,120,0.4366,0.5218,1.524,0,0,0,100,16.28,0.2621,404.1,200,1,0,0.3966,1,1,1,1,1,1,1,4,4,-1,[ OK ]
2435.0,4/8/2026 11:53:13 AM,6638,101.8,0.1495,120,0.4362,0.5215,1.528,0,0,0,100,16.28,0.2613,404.1,200,1,0,0.4096,1,1,1,1,1,1,1,4,4,-1,[ OK ]
2435.5,4/8/2026 11:53:14 AM,6638,101.8,0.1494,120.2,0.4321,0.5214,1.529,0,0,0,100,16.28,0.2597,404.3,200,1,0,0.3977,1,1,1,1,1,1,1,4,4,-1,[ OK ]
2436.0,4/8/2026 11:53:14 AM,6639,101.8,0.1497,119.3,0.4426,0.521,1.533,0,0,0,100,16.28,0.261,404.1,200,1,0,0.3979,1,1,1,1,1,1,1,4,4,-1,[ OK ]
2436.6,4/8/2026 11:53:15 AM,6639,101.8,0.1495,120.1,0.4426,0.5211,1.532,0,0,0,100,16.28,0.2612,403.9,200,1,0,0.396,1,1,1,1,1,1,1,4,4,-1,[ OK ]
2437.1,4/8/2026 11:53:15 AM,6640,101.8,0.1491,121.1,0.4322,0.521,1.533,0,0,0,100,16.28,0.2626,404.3,200,1,0,0.3893,1,1,1,1,1,1,1,4,4,-1,[ OK ]
2437.6,4/8/2026 11:53:16 AM,6640,101.8,0.1496,119.5,0.4314,0.5215,1.527,0,0,0,100,16.28,0.2591,404.3,200,1,0,0.4189,1,1,1,1,1,1,1,4,4,-1,[ OK ]
2438.0,4/8/2026 11:53:16 AM,6641,101.8,0.1496,119.4,0.433,0.5214,1.529,0,0,0,100,16.28,0.2598,404,200,1,0,0.3994,1,1,1,1,1,1,1,4,4,-1,[ OK ]
2438.5,4/8/2026 11:53:17 AM,6641,101.8,0.1495,119.9,0.4426,0.5223,1.518,0,0,0,100,16.28,0.2589,403.8,200,1,0,0.397,1,1,1,1,1,1,1,4,4,-1,[ OK ]
2439.0,4/8/2026 11:53:17 AM,6642,101.8,0.1495,119.9,0.4426,0.5215,1.528,0,0,0,100,16.28,0.2614,404.1,200,1,0,0.4095,1,1,1,1,1,1,1,4,4,-1,[ OK ]
2439.6,4/8/2026 11:53:18 AM,6642,101.8,0.1495,119.8,0.443,0.5213,1.529,0,0,0,100,16.28,0.2616,404,200,1,0,0.409,1,1,1,1,1,1,1,4,4,-1,[ OK ]
2440.1,4/8/2026 11:53:18 AM,6643,101.8,0.1496,119.6,0.434,0.5206,1.536,0,0,0,100,16.28,0.2598,403.9,200,1,0,0.4158,1,1,1,1,1,1,1,4,4,-1,[ OK ]
2440.6,4/8/2026 11:53:19 AM,6643,101.8,0.1494,120.1,0.4338,0.5215,1.527,0,0,0,100,16.28,0.26,403.9,200,1,0,0.4125,1,1,1,1,1,1,1,4,4,-1,[ OK ]
2441.1,4/8/2026 11:53:19 AM,6644,101.8,0.1495,119.7,0.4426,0.5209,1.535,0,0,0,100,16.28,0.2603,404.1,200,1,0,0.412,1,1,1,1,1,1,1,4,4,-1,[ OK ]
2441.5,4/8/2026 11:53:20 AM,6644,101.8,0.1496,119.7,0.4336,0.5213,1.531,0,0,0,100,16.28,0.2604,404,200,1,0,0.402,1,1,1,1,1,1,1,4,4,-1,[ OK ]
2442.0,4/8/2026 11:53:20 AM,6645,101.8,0.1496,119.7,0.4341,0.5217,1.526,0,0,0,100,16.28,0.2611,403.9,200,1,0,0.3959,1,1,1,1,1,1,1,4,4,-1,[ OK ]
2442.4,4/8/2026 11:53:20 AM,6645,101.8,0.1495,119.9,0.4355,0.5214,1.529,0,0,0,100,16.28,0.2627,404,200,1,0,0.3901,1,1,1,1,1,1,1,4,4,-1,[ OK ]
2442.9,4/8/2026 11:53:21 AM,6646,101.8,0.1495,120,0.4426,0.5209,1.534,0,0,0,100,16.28,0.2587,403.9,200,1,0,0.3995,1,1,1,1,1,1,1,4,4,-1,[ OK ]
2443.3,4/8/2026 11:53:21 AM,6646,101.8,0.1497,119.4,0.4426,0.5212,1.531,0,0,0,100,16.28,0.2616,404,200,1,0,0.3975,1,1,1,1,1,1,1,4,4,-1,[ OK ]
2443.6,4/8/2026 11:53:22 AM,6647,101.8,0.1494,120.1,0.4426,0.5211,1.531,0,0,0,100,16.28,0.2612,404.2,200,1,0,0.3968,1,1,1,1,1,1,1,4,4,-1,[ OK ]
2444.1,4/8/2026 11:53:22 AM,6647,101.8,0.1498,119,0.4426,0.5209,1.535,0,0,0,100,16.28,0.2628,404.1,200,1,0,0.3965,1,1,1,1,1,1,1,4,4,-1,[ OK ]
2444.6,4/8/2026 11:53:23 AM,6647,101.8,0.1497,119.5,0.4315,0.5215,1.528,0,0,0,100,16.28,0.2604,404.2,200,1,0,0.4008,1,1,1,1,1,1,1,4,4,-1,[ OK ]
2445.1,4/8/2026 11:53:23 AM,6648,101.8,0.1496,119.8,0.4426,0.5215,1.528,0,0,0,100,16.28,0.2593,403.9,200,1,0,0.4142,1,1,1,1,1,1,1,4,4,-1,[ OK ]
2445.6,4/8/2026 11:53:24 AM,6649,101.8,0.1494,120.1,0.4351,0.5218,1.524,0,0,0,100,16.28,0.2606,404.2,200,1,0,0.4007,1,1,1,1,1,1,1,4,4,-1,[ OK ]
2446.2,4/8/2026 11:53:24 AM,6649,101.8,0.1493,120.7,0.4361,0.521,1.533,0,0,0,100,16.28,0.2599,404,200,1,0,0.4003,1,1,1,1,1,1,1,4,4,-1,[ OK ]
2446.7,4/8/2026 11:53:25 AM,6650,101.8,0.1497,119.3,0.4322,0.5218,1.524,0,0,0,100,16.28,0.2609,404.3,200,1,0,0.3927,1,1,1,1,1,1,1,4,4,-1,[ OK ]
2447.2,4/8/2026 11:53:25 AM,6650,101.8,0.1497,119.2,0.431,0.5212,1.53,0,0,0,100,16.28,0.2604,404.2,200,1,0,0.4005,1,1,1,1,1,1,1,4,4,-1,[ OK ]
2447.7,4/8/2026 11:53:26 AM,6651,101.8,0.1496,119.5,0.4426,0.5212,1.53,0,0,0,100,16.28,0.2593,403.9,200,1,0,0.4141,1,1,1,1,1,1,1,4,4,-1,[ OK ]
2448.1,4/8/2026 11:53:26 AM,6651,101.8,0.1495,120.1,0.4426,0.5216,1.525,0,0,0,100,16.28,0.2614,404.1,200,1,0,0.4106,1,1,1,1,1,1,1,4,4,-1,[ OK ]
2448.7,4/8/2026 11:53:27 AM,6652,101.8,0.1492,120.8,0.4426,0.5212,1.529,0,0,0,100,16.28,0.2597,404.2,200,1,0,0.4132,1,1,1,1,1,1,1,4,4,-1,[ OK ]
2449.2,4/8/2026 11:53:27 AM,6652,101.8,0.1497,119.2,0.4434,0.5222,1.518,0,0,0,100,16.28,0.262,404.2,200,1,0,0.3929,1,1,1,1,1,1,1,4,4,-1,[ OK ]
2449.7,4/8/2026 11:53:28 AM,6653,101.8,0.1493,120.5,0.4324,0.5207,1.534,0,0,0,100,16.28,0.2608,404.1,200,1,0,0.3931,1,1,1,1,1,1,1,4,4,-1,[ OK ]
2450.3,4/8/2026 11:53:28 AM,6653,101.8,0.1494,120.1,0.4428,0.5209,1.532,0,0,0,100,16.28,0.2628,404.1,200,1,0,0.3927,1,1,1,1,1,1,1,4,4,-1,[ OK ]
2450.9,4/8/2026 11:53:29 AM,6654,101.8,0.1493,120.4,0.4324,0.5217,1.524,0,0,0,100,16.28,0.2616,403.8,200,1,0,0.4089,1,1,1,1,1,1,1,4,4,-1,[ OK ]
2451.4,4/8/2026 11:53:29 AM,6654,101.8,0.1495,119.7,0.4344,0.5215,1.525,0,0,0,100,16.28,0.2638,404.2,200,1,0,0.3893,1,1,1,1,1,1,1,4,4,-1,[ OK ]
2451.9,4/8/2026 11:53:30 AM,6655,101.8,0.1496,119.6,0.4426,0.5214,1.526,0,0,0,100,16.28,0.2618,403.9,200,1,0,0.3999,1,1,1,1,1,1,1,4,4,-1,[ OK ]
2452.3,4/8/2026 11:53:30 AM,6655,101.8,0.1495,119.8,0.4426,0.5216,1.526,0,0,0,100,16.28,0.2609,404.2,200,1,0,0.3887,1,1,1,1,1,1,1,4,4,-1,[ OK ]
2452.9,4/8/2026 11:53:31 AM,6656,101.8,0.1496,119.7,0.4346,0.5208,1.535,0,0,0,100,16.28,0.2603,404.1,200,1,0,0.412,1,1,1,1,1,1,1,4,4,-1,[ OK ]
2453.4,4/8/2026 11:53:31 AM,6656,101.8,0.1494,120.4,0.4426,0.5212,1.531,0,0,0,100,16.28,0.2629,404.1,200,1,0,0.3953,1,1,1,1,1,1,1,4,4,-1,[ OK ]
2453.9,4/8/2026 11:53:32 AM,6657,101.8,0.1493,120.6,0.4426,0.5216,1.526,0,0,0,100,16.28,0.2608,404.1,200,1,0,0.4109,1,1,1,1,1,1,1,4,4,-1,[ OK ]
2454.4,4/8/2026 11:53:32 AM,6657,101.8,0.1497,119.3,0.4318,0.5211,1.532,0,0,0,100,16.28,0.261,403.9,200,1,0,0.3966,1,1,1,1,1,1,1,4,4,-1,[ OK ]
2454.9,4/8/2026 11:53:33 AM,6658,101.8,0.1496,119.7,0.4426,0.5209,1.534,0,0,0,100,16.28,0.2618,403.9,200,1,0,0.4085,1,1,1,1,1,1,1,4,4,-1,[ OK ]
2455.3,4/8/2026 11:53:33 AM,6658,101.8,0.1495,120.2,0.4434,0.521,1.533,0,0,0,100,16.28,0.261,403.9,200,1,0,0.3977,1,1,1,1,1,1,1,4,4,-1,[ OK ]
2455.9,4/8/2026 11:53:34 AM,6659,101.8,0.1494,120.4,0.425,0.5213,1.53,0,0,0,100,16.28,0.2591,404.2,200,1,0,0.4146,1,1,1,1,1,1,1,4,4,-1,[ OK ]
2456.4,4/8/2026 11:53:34 AM,6659,101.8,0.1496,119.8,0.4426,0.5207,1.536,0,0,0,100,16.28,0.2604,404,200,1,0,0.4118,1,1,1,1,1,1,1,4,4,-1,[ OK ]
2457.7,4/8/2026 11:53:36 AM,6660,101.8,0.1495,120,0.4357,0.5218,1.524,0,0,0,100,16.28,0.261,404.1,200,1,0,0.4104,1,1,1,-1,1,1,1,3.875,4,3,[ OK ]
2459.1,4/8/2026 11:53:37 AM,6661,101.8,0,73.41,0.04106,0.5218,1.52,0,0,0,100,16.28,0.2044,404.1,200,1,0,0,1,0,1,-1,1,0,1,3.625,4,3,[ OK ]
2460.1,4/8/2026 11:53:38 AM,6663,101.8,0,13.71,0.04027,0.5211,1.531,0,0,0,100,16.28,0.2034,404.1,200,1,0,0,1,0,1,-1,1,0,1,3.625,4,3,[ OK ]
2461.5,4/8/2026 11:53:40 AM,6664,101.8,0,6.892,0.04106,0.5213,1.53,0,0,0,100,16.28,0.2057,404.2,200,0,0,0,1,0,1,-1,1,0,1,3.125,4,3,[ OK ]
2462.7,4/8/2026 11:53:41 AM,6665,101.8,0,2.642,0.03858,0.5215,1.53,0,0,0,100,16.28,0.002981,1.313,200,0,0,0,1,0,1,-1,1,0,2.701,3,3,-1,[ OK ]
2464.6,4/8/2026 11:53:43 AM,6667,101.8,0,1.767,0.04493,0.5215,1.527,0,0,0,100,16.28,0.002618,0.06345,200,0,0,0,1,0,1,-1,1,0,3,3,3,-1,[ OK ]
2465.2,4/8/2026 11:53:43 AM,6668,101.8,0,1.003,0.04146,0.5219,1.523,0,0,0,100,16.28,0.00286,0.1903,200,0,0,0,1,0,1,-1,1,0,4,3,3,-1,[ OK ]
2465.8,4/8/2026 11:53:44 AM,6669,101.8,0,1.624,0.04136,0.5216,1.526,0,0,0,100,16.28,0.002538,0,200,0,0,0,1,0,1,-1,1,0,4,3,3,-1,[ OK ]
2466.2,4/8/2026 11:53:44 AM,6669,101.8,0,1.13,0.03947,0.5219,1.523,0,0,0,100,16.28,0.001853,0,200,0,0,0,1,0,1,-1,1,0,4,3,3,-1,[ OK ]
2466.6,4/8/2026 11:53:45 AM,6670,101.8,0,1.56,0.04146,0.5211,1.531,0,0,0,100,16.28,0.003062,0.03807,200,0,0,0,1,0,1,-1,1,0,4,3,3,-1,[ OK ]
2467.1,4/8/2026 11:53:45 AM,6670,101.8,0,1.289,0.04186,0.5218,1.523,0,0,0,100,16.28,0.003988,0,200,0,0,0,1,0,1,-1,1,0,4,3,3,-1,[ OK ]
2467.5,4/8/2026 11:53:46 AM,6670,101.8,0,1.417,0.04215,0.5217,1.523,0,0,0,100,16.28,0.003545,0,200,0,0,0,1,0,1,-1,1,0,4,3,3,-1,[ OK ]
2467.9,4/8/2026 11:53:46 AM,6671,101.8,0,1.894,0.04265,0.5209,1.532,0,0,0,100,16.28,0.003787,0,200,0,0,0,1,0,1,-1,1,0,4,3,3,-1,[ OK ]
2468.4,4/8/2026 11:53:46 AM,6671,101.8,0,1.369,0.04166,0.5209,1.533,0,0,0,100,16.28,0.00286,0,200,0,0,0,1,0,1,-1,1,0,4,3,3,-1,[ OK ]
2468.8,4/8/2026 11:53:47 AM,6672,101.8,0,1.321,0.04106,0.5209,1.534,0,0,0,100,16.28,0.002538,0.1142,200,0,0,0,1,0,1,-1,1,0,4,3,3,-1,[ OK ]
2469.2,4/8/2026 11:53:47 AM,6672,101.8,0,1.019,0.04265,0.5216,1.526,0,0,0,100,16.28,0.00278,0,200,0,0,0,1,0,1,-1,1,0,4,3,3,-1,[ OK ]
2469.7,4/8/2026 11:53:48 AM,6673,101.8,0,0.9073,0.04205,0.5218,1.524,0,0,0,100,16.28,0.00286,0,200,0,0,0,1,0,1,-1,1,0,4,3,3,-1,[ OK ]
2470.1,4/8/2026 11:53:48 AM,6673,101.8,0,1.512,0.04255,0.5215,1.527,0,0,0,100,16.28,0.0029,0,200,0,0,0,1,0,1,-1,1,0,4,3,3,-1,[ OK ]
2470.5,4/8/2026 11:53:49 AM,6673,101.8,0,1.21,0.04334,0.5207,1.536,0,0,0,100,16.28,0.001813,0,200,0,0,0,1,0,1,-1,1,0,4,3,3,-1,[ OK ]
2471.0,4/8/2026 11:53:49 AM,6674,101.8,0,1.305,0.04225,0.5219,1.522,0,0,0,100,16.28,0.002578,0,200,0,0,0,1,0,1,-1,1,0,4,3,3,-1,[ OK ]
2471.4,4/8/2026 11:53:49 AM,6674,101.8,0,1.767,0.04136,0.5215,1.527,0,0,0,100,16.28,0.003102,0.1079,200,0,0,0,1,0,1,-1,1,0,4,3,3,-1,[ OK ]
2471.8,4/8/2026 11:53:50 AM,6675,101.8,0,1.321,0.04215,0.5217,1.524,0,0,0,100,16.28,0.002578,0,200,0,0,0,1,0,1,-1,1,0,4,3,3,-1,[ OK ]
2472.3,4/8/2026 11:53:50 AM,6675,101.8,0,1.019,0.04066,0.521,1.532,0,0,0,100,16.28,0.002739,0.05076,200,0,0,0,1,0,1,-1,1,0,4,3,3,-1,[ OK ]
2472.6,4/8/2026 11:53:51 AM,6675,101.8,0,1.082,0.03957,0.5214,1.527,0,0,0,100,16.28,0.00282,0.01903,200,0,0,0,1,0,1,-1,1,0,4,3,3,-1,[ OK ]
2473.0,4/8/2026 11:53:51 AM,6676,101.8,0,1.019,0.04186,0.5216,1.525,0,0,0,100,16.28,0.002659,0.01269,200,0,0,0,1,0,1,-1,1,0,4,3,3,-1,[ OK ]
2473.5,4/8/2026 11:53:52 AM,6676,101.8,0,1.592,0.03818,0.5217,1.523,0,0,0,100,16.28,0.002699,0,200,0,0,0,1,0,1,-1,1,0,4,3,3,-1,[ OK ]
2473.9,4/8/2026 11:53:52 AM,6677,101.8,0,0.6049,0.04027,0.5211,1.53,0,0,0,100,16.28,0.002659,0,200,0,0,0,1,0,1,-1,1,0,4,3,3,-1,[ OK ]
2474.3,4/8/2026 11:53:52 AM,6677,101.8,0,1.592,0.04265,0.5217,1.524,0,0,0,100,16.28,0.003102,0,200,0,0,0,1,0,1,-1,1,0,4,3,3,-1,[ OK ]
2474.8,4/8/2026 11:53:53 AM,6678,101.8,0,1.13,0.03878,0.5211,1.531,0,0,0,100,16.28,0.0029,0.1015,200,0,0,0,1,0,1,-1,1,0,4,3,3,-1,[ OK ]
2475.2,4/8/2026 11:53:53 AM,6678,101.8,0,1.226,0.04275,0.521,1.532,0,0,0,100,16.28,0.003223,0,200,0,0,0,1,0,1,-1,1,0,4,3,3,-1,[ OK ]
2475.6,4/8/2026 11:53:54 AM,6679,101.8,0,1.003,0.04195,0.5212,1.53,0,0,0,100,16.28,0.002739,0,200,0,0,0,1,0,1,-1,1,0,4,3,3,-1,[ OK ]
2476.1,4/8/2026 11:53:54 AM,6679,101.8,0,1.178,0.03789,0.5219,1.523,0,0,0,100,16.28,0.002699,0,200,0,0,0,1,0,1,-1,1,0,4,3,3,-1,[ OK ]
2476.5,4/8/2026 11:53:55 AM,6679,101.8,0,1.464,0.03848,0.5216,1.526,0,0,0,100,16.28,0.001934,0.1523,200,0,0,0,1,0,1,-1,1,0,4,3,3,-1,[ OK ]
2476.9,4/8/2026 11:53:55 AM,6680,101.8,0,1.21,0.04176,0.5213,1.529,0,0,0,100,16.28,0.00282,0,200,0,0,0,1,0,1,-1,1,0,4,3,3,-1,[ OK ]
2477.4,4/8/2026 11:53:55 AM,6680,101.8,0,1.369,0.04463,0.5212,1.529,0,0,0,100,16.28,0.002618,0,200,0,0,0,1,0,1,-1,1,0,4,3,3,-1,[ OK ]
2477.8,4/8/2026 11:53:56 AM,6681,101.8,0,1.051,0.04305,0.5208,1.533,0,0,0,100,16.28,0.003062,0.02538,200,0,0,0,1,0,1,-1,1,0,4,3,3,-1,[ OK ]
2478.1,4/8/2026 11:53:56 AM,6681,101.8,0,0.9869,0.04255,0.5215,1.526,0,0,0,100,16.28,0.00141,0.04441,200,0,0,0,1,0,1,-1,1,0,4,3,3,-1,[ OK ]
2478.6,4/8/2026 11:53:57 AM,6681,101.8,0,1.098,0.04225,0.5212,1.529,0,0,0,100,16.28,0.003787,0.01269,200,0,0,0,1,0,1,-1,1,0,4,3,3,-1,[ OK ]
2479.0,4/8/2026 11:53:57 AM,6682,101.8,0,0.5094,0.04116,0.5208,1.533,0,0,0,100,16.28,0.002941,0,200,0,0,0,1,0,1,-1,1,0,4,3,3,-1,[ OK ]
2479.4,4/8/2026 11:53:58 AM,6682,101.8,0,1.146,0.04265,0.5209,1.533,0,0,0,100,16.28,0.002578,0,200,0,0,0,1,0,1,-1,1,0,4,3,3,-1,[ OK ]
2479.9,4/8/2026 11:53:58 AM,6683,101.8,0,0.7481,0.04136,0.5214,1.527,0,0,0,100,16.28,0.002941,0,200,0,0,0,1,0,1,-1,1,0,4,3,3,-1,[ OK ]
2480.3,4/8/2026 11:53:58 AM,6683,101.8,0,1.21,0.04275,0.5213,1.529,0,0,0,100,16.28,0.003585,0.05076,200,0,0,0,1,0,1,-1,1,0,4,3,3,-1,[ OK ]
2480.7,4/8/2026 11:53:59 AM,6684,101.8,0,1.162,0.04195,0.5213,1.528,0,0,0,100,16.28,0.002699,0,200,0,0,0,1,0,1,-1,1,0,4,3,3,-1,[ OK ]
2481.1,4/8/2026 11:53:59 AM,6684,101.8,0,1.178,0.04017,0.5217,1.525,0,0,0,100,16.28,0.002659,0.09517,200,0,0,0,1,0,1,-1,1,0,4,3,3,-1,[ OK ]
2481.5,4/8/2026 11:54:00 AM,6684,101.8,0,0.6367,0.04265,0.5217,1.524,0,0,0,100,16.28,0.003908,0,200,0,0,0,1,0,1,-1,1,0,4,3,3,-1,[ OK ]
2481.9,4/8/2026 11:54:00 AM,6685,101.8,0,1.051,0.04414,0.5209,1.532,0,0,0,100,16.28,0.002578,0.02538,200,0,0,0,1,0,1,-1,1,0,4,3,3,-1,[ OK ]
2482.4,4/8/2026 11:54:00 AM,6685,101.8,0,1.019,0.04324,0.5215,1.526,0,0,0,100,16.28,0.002659,0.01269,200,0,0,0,1,0,1,-1,1,0,4,3,3,-1,[ OK ]
2482.8,4/8/2026 11:54:01 AM,6686,101.8,0,0.6367,0.03908,0.5209,1.532,0,0,0,100,16.28,0.003182,0,200,0,0,0,1,0,1,-1,1,0,4,3,3,-1,[ OK ]
2483.2,4/8/2026 11:54:01 AM,6686,101.8,0,0.7004,0.04195,0.5214,1.527,0,0,0,100,16.28,0.00286,0,200,0,0,0,1,0,1,-1,1,0,4,3,3,-1,[ OK ]
2483.7,4/8/2026 11:54:02 AM,6687,101.8,0,1.019,0.04215,0.5213,1.529,0,0,0,100,16.28,0.002457,0,200,0,0,0,1,0,1,-1,1,0,4,3,3,-1,[ OK ]
2484.1,4/8/2026 11:54:02 AM,6687,101.8,0,1.703,0.04215,0.5212,1.529,0,0,0,100,16.28,0.002739,0,200,0,0,0,1,0,1,-1,1,0,4,3,3,-1,[ OK ]
2484.5,4/8/2026 11:54:03 AM,6687,101.8,0,1.528,0.04195,0.521,1.532,0,0,0,100,16.28,0.002578,0,200,0,0,0,1,0,1,-1,1,0,4,3,3,-1,[ OK ]
2485.0,4/8/2026 11:54:03 AM,6688,101.8,0,0.9869,0.04255,0.5209,1.533,0,0,0,100,16.28,0.00286,0.006345,200,0,0,0,1,0,1,-1,1,0,4,3,3,-1,[ OK ]
2485.3,4/8/2026 11:54:03 AM,6688,101.8,0,1.114,0.04176,0.5217,1.524,0,0,0,100,16.28,0.001249,0,200,0,0,0,1,0,1,-1,1,0,4,3,3,-1,[ OK ]
2485.7,4/8/2026 11:54:04 AM,6689,101.8,0,0.8914,0.03947,0.5217,1.525,0,0,0,100,16.28,0.002498,0.006345,200,0,0,0,1,0,1,-1,1,0,4,3,3,-1,[ OK ]
2486.2,4/8/2026 11:54:04 AM,6689,101.8,0,1.496,0.04176,0.5211,1.531,0,0,0,100,16.28,0.002941,0,200,0,0,0,1,0,1,-1,1,0,4,3,3,-1,[ OK ]
2486.6,4/8/2026 11:54:05 AM,6689,101.8,0,1.385,0.04215,0.5217,1.525,0,0,0,100,16.28,0.003666,0,200,0,0,0,1,0,1,-1,1,0,4,3,3,-1,[ OK ]
2487.0,4/8/2026 11:54:05 AM,6690,101.8,0,1.051,0.04106,0.5208,1.533,0,0,0,100,16.28,0.003827,0,200,0,0,0,1,0,1,-1,1,0,4,3,3,-1,[ OK ]
2487.5,4/8/2026 11:54:06 AM,6690,101.8,0,0.6367,0.04156,0.5216,1.525,0,0,0,100,16.28,0.00282,0,200,0,0,0,1,0,1,-1,1,0,4,3,3,-1,[ OK ]
2487.9,4/8/2026 11:54:06 AM,6691,101.8,0,1.194,0.04265,0.5216,1.525,0,0,0,100,16.28,0.002739,0,200,0,0,0,1,0,1,-1,1,0,4,3,3,-1,[ OK ]
2488.3,4/8/2026 11:54:06 AM,6691,101.8,0,0.764,0.04146,0.5216,1.524,0,0,0,100,16.28,0.001934,0,200,0,0,0,1,0,1,-1,1,0,4,3,3,-1,[ OK ]
2488.8,4/8/2026 11:54:07 AM,6692,101.8,0,1.035,0.04215,0.5215,1.525,0,0,0,100,16.28,0.002377,0,200,0,0,0,1,0,1,-1,1,0,4,3,3,-1,[ OK ]
2489.2,4/8/2026 11:54:07 AM,6692,101.8,0,0.382,0.04215,0.5211,1.529,0,0,0,100,16.28,0.002538,0,200,0,0,0,1,0,1,-1,1,0,4,3,3,-1,[ OK ]
2489.6,4/8/2026 11:54:08 AM,6693,101.8,0,1.13,0.04305,0.5207,1.534,0,0,0,100,16.28,0.002659,0,200,0,0,0,1,0,1,-1,1,0,4,3,3,-1,[ OK ]
2490.1,4/8/2026 11:54:08 AM,6693,101.8,0,1.003,0.04096,0.5217,1.523,0,0,0,100,16.28,0.003948,0,200,0,0,0,1,0,1,-1,1,0,4,3,3,-1,[ OK ]
2490.5,4/8/2026 11:54:09 AM,6693,101.8,0,0.9073,0.04255,0.5214,1.526,0,0,0,100,16.28,0.002941,0,200,0,0,0,1,0,1,-1,1,0,4,3,3,-1,[ OK ]
2490.9,4/8/2026 11:54:09 AM,6694,101.8,0,0.6367,0.04235,0.5215,1.525,0,0,0,100,16.28,0.002699,0.02538,200,0,0,0,1,0,1,-1,1,0,4,3,3,-1,[ OK ]
2491.4,4/8/2026 11:54:09 AM,6694,101.8,0,1.401,0.04205,0.5211,1.529,0,0,0,100,16.28,0.003948,0.05076,200,0,0,0,1,0,1,-1,1,0,4,3,3,-1,[ OK ]
2491.7,4/8/2026 11:54:10 AM,6695,101.8,0,0.6208,0.04195,0.5216,1.524,0,0,0,100,16.28,0.002538,0,200,0,0,0,1,0,1,-1,1,0,4,3,3,-1,[ OK ]
2492.1,4/8/2026 11:54:10 AM,6695,101.8,0,1.178,0.04106,0.5217,1.523,0,0,0,100,16.28,0.003263,0.1523,200,0,0,0,1,0,1,-1,1,0,4,3,3,-1,[ OK ]
2492.6,4/8/2026 11:54:11 AM,6695,101.8,0,1.21,0.04255,0.521,1.531,0,0,0,100,16.28,0.002659,0,200,0,0,0,1,0,1,-1,1,0,4,3,3,-1,[ OK ]
2492.9,4/8/2026 11:54:11 AM,6696,101.8,0,0.8914,0.04195,0.5211,1.529,0,0,0,100,16.28,0.004109,0.02538,200,0,0,0,1,0,1,-1,1,0,4,3,3,-1,[ OK ]
2493.3,4/8/2026 11:54:11 AM,6696,101.8,0,1.019,0.04344,0.521,1.531,0,0,0,100,16.28,0.00286,0,200,0,0,0,1,0,1,-1,1,0,4,3,3,-1,[ OK ]
2493.8,4/8/2026 11:54:12 AM,6697,101.8,0,0.3661,0.04245,0.5209,1.532,0,0,0,100,16.28,0.00286,0.006345,200,0,0,0,1,0,1,-1,1,0,4,3,3,-1,[ OK ]
2494.2,4/8/2026 11:54:12 AM,6697,101.8,0,1.019,0.04195,0.5211,1.53,0,0,0,100,16.28,0.0029,0,200,0,0,0,1,0,1,-1,1,0,4,3,3,-1,[ OK ]
2494.6,4/8/2026 11:54:13 AM,6698,101.8,0,0.9232,0.03947,0.5217,1.524,0,0,0,100,16.28,0.00282,0,200,0,0,0,1,0,1,-1,1,0,4,3,3,-1,[ OK ]
2495.1,4/8/2026 11:54:13 AM,6698,101.8,0,0.4934,0.04215,0.5208,1.534,0,0,0,100,16.28,0.001893,0,200,0,0,0,1,0,1,-1,1,0,4,3,3,-1,[ OK ]
2495.5,4/8/2026 11:54:14 AM,6698,101.8,0,0.6367,0.03838,0.5211,1.531,0,0,0,100,16.28,0.002538,0,200,0,0,0,1,0,1,-1,1,0,4,3,3,-1,[ OK ]
2495.8,4/8/2026 11:54:14 AM,6699,101.8,0,1.066,0.04275,0.5218,1.524,0,0,0,100,16.28,0.002578,0,200,0,0,0,1,0,1,-1,1,0,4,3,3,-1,[ OK ]
2496.2,4/8/2026 11:54:14 AM,6699,101.8,0,0.5094,0.04195,0.5219,1.523,0,0,0,100,16.28,0.003787,0,200,0,0,0,1,0,1,-1,1,0,4,3,3,-1,[ OK ]
2496.7,4/8/2026 11:54:15 AM,6700,101.8,0,1.098,0.04275,0.5216,1.527,0,0,0,100,16.28,0.001571,0,200,0,0,0,1,0,1,-1,1,0,4,3,3,-1,[ OK ]
2497.1,4/8/2026 11:54:15 AM,6700,101.8,0,1.194,0.04186,0.5211,1.532,0,0,0,100,16.28,0.0029,0,200,0,0,0,1,0,1,-1,1,0,4,3,3,-1,[ OK ]
2497.5,4/8/2026 11:54:16 AM,6700,101.8,0,1.162,0.04205,0.5218,1.524,0,0,0,100,16.28,0.003867,0,200,0,0,0,1,0,1,-1,1,0,4,3,3,-1,[ OK ]
2497.9,4/8/2026 11:54:16 AM,6701,101.8,0,1.146,0.04255,0.5217,1.525,0,0,0,100,16.28,0.002578,0.02538,200,0,0,0,1,0,1,-1,1,0,4,3,3,-1,[ OK ]
2498.3,4/8/2026 11:54:16 AM,6701,101.8,0,1.098,0.04156,0.5211,1.532,0,0,0,100,16.28,0.002659,0,200,0,0,0,1,0,1,-1,1,0,4,3,3,-1,[ OK ]
2498.7,4/8/2026 11:54:17 AM,6702,101.8,0,0.3661,0.04166,0.5215,1.527,0,0,0,100,16.28,0.0029,0,200,0,0,0,1,0,1,-1,1,0,4,3,3,-1,[ OK ]
2499.2,4/8/2026 11:54:17 AM,6702,101.8,0,1.066,0.04255,0.5211,1.53,0,0,0,100,16.28,0.002618,0,200,0,0,0,1,0,1,-1,1,0,4,3,3,-1,[ OK ]
2499.6,4/8/2026 11:54:18 AM,6702,101.8,0,1.051,0.03967,0.5218,1.523,0,0,0,100,16.28,0.002981,0,200,0,0,0,1,0,1,-1,1,0,4,3,3,-1,[ OK ]
2500.0,4/8/2026 11:54:18 AM,6703,101.8,0,1.003,0.04324,0.5217,1.524,0,0,0,100,16.28,0.002941,0,200,0,0,0,1,0,1,-1,1,0,4,3,3,-1,[ OK ]
2500.3,4/8/2026 11:54:18 AM,6703,101.8,0,1.003,0.04106,0.5211,1.53,0,0,0,100,16.28,0.002578,0,200,0,0,0,1,0,1,-1,1,0,4,3,3,-1,[ OK ]
2500.8,4/8/2026 11:54:19 AM,6704,101.8,0,0.8755,0.04166,0.5211,1.53,0,0,0,100,16.28,0.002578,0,200,0,0,0,1,0,1,-1,1,0,4,3,3,-1,[ OK ]
2501.2,4/8/2026 11:54:19 AM,6704,101.8,0,1.178,0.03868,0.5211,1.53,0,0,0,100,16.28,0.003948,0.02538,200,0,0,0,1,0,1,-1,1,0,4,3,3,-1,[ OK ]
2501.7,4/8/2026 11:54:20 AM,6705,101.8,0,1.003,0.04533,0.5212,1.529,0,0,0,100,16.28,0.002538,0.006345,200,0,0,0,1,0,1,-1,1,0,4,3,3,-1,[ OK ]
2502.1,4/8/2026 11:54:20 AM,6705,101.8,0,1.003,0.04176,0.5216,1.525,0,0,0,100,16.28,0.002659,0,200,0,0,0,1,0,1,-1,1,0,4,3,3,-1,[ OK ]
2502.5,4/8/2026 11:54:21 AM,6705,101.8,0,0.971,0.04235,0.5216,1.525,0,0,0,100,16.28,0.002538,0,200,0,0,0,1,0,1,-1,1,0,4,3,3,-1,[ OK ]
2503.0,4/8/2026 11:54:21 AM,6706,101.8,0,1.655,0.04295,0.5211,1.53,0,0,0,100,16.28,0.002578,0,200,0,0,0,1,0,1,-1,1,0,4,3,3,-1,[ OK ]
2503.4,4/8/2026 11:54:21 AM,6706,101.8,0,1.13,0.04116,0.5214,1.526,0,0,0,100,16.28,0.001329,0,200,0,0,0,1,0,1,-1,1,0,4,3,3,-1,[ OK ]
2503.8,4/8/2026 11:54:22 AM,6707,101.8,0,1.576,0.04235,0.5214,1.527,0,0,0,100,16.28,0.002739,0,200,0,0,0,1,0,1,-1,1,0,4,3,3,-1,[ OK ]
2504.4,4/8/2026 11:54:22 AM,6707,101.8,0,0.971,0.04285,0.5211,1.53,0,0,0,100,16.28,0.001732,0,200,0,0,0,1,0,1,-1,1,0,4,3,3,-1,[ OK ]
2504.8,4/8/2026 11:54:23 AM,6708,101.8,0,0.5253,0.04225,0.5217,1.524,0,0,0,100,16.28,0.001249,0.006345,200,0,0,0,1,0,1,-1,1,0,4,3,3,-1,[ OK ]
2505.2,4/8/2026 11:54:23 AM,6708,101.8,0,1.162,0.04255,0.5217,1.524,0,0,0,100,16.28,0.003988,0.1459,200,0,0,0,1,0,1,-1,1,0,4,3,3,-1,[ OK ]
2505.7,4/8/2026 11:54:24 AM,6709,101.8,0,0.589,0.04344,0.5209,1.533,0,0,0,100,16.28,0.00141,0,200,0,0,0,1,0,1,-1,1,0,4,3,3,-1,[ OK ]
2506.1,4/8/2026 11:54:24 AM,6709,101.8,0,1.512,0.04295,0.5212,1.529,0,0,0,100,16.28,0.002981,0,200,0,0,0,1,0,1,-1,1,0,4,3,3,-1,[ OK ]
2506.4,4/8/2026 11:54:25 AM,6709,101.8,0,1.512,0.04205,0.5215,1.526,0,0,0,100,16.28,0.003787,0,200,0,0,0,1,0,1,-1,1,0,4,3,3,-1,[ OK ]
2506.9,4/8/2026 11:54:25 AM,6710,101.8,0,1.194,0.04602,0.521,1.531,0,0,0,100,16.28,0.002659,0.03172,200,0,0,0,1,0,1,-1,1,0,4,3,3,-1,[ OK ]
2507.3,4/8/2026 11:54:25 AM,6710,101.8,0,1.194,0.04572,0.5213,1.527,0,0,0,100,16.28,0.002538,0,200,0,0,0,1,0,1,-1,1,0,4,3,3,-1,[ OK ]
2507.7,4/8/2026 11:54:26 AM,6711,101.8,0,1.019,0.04146,0.5215,1.524,0,0,0,100,16.28,0.00278,0,200,0,0,0,1,0,1,-1,1,0,4,3,3,-1,[ OK ]
2508.0,4/8/2026 11:54:26 AM,6711,101.8,0,0.9391,0.04136,0.5216,1.524,0,0,0,100,16.28,0.00286,0,200,0,0,0,1,0,1,-1,1,0,4,3,3,-1,[ OK ]
2508.5,4/8/2026 11:54:27 AM,6711,101.8,0,1.624,0.04215,0.5208,1.532,0,0,0,100,16.28,0.003746,0,200,0,0,0,1,0,1,-1,1,0,4,3,3,-1,[ OK ]
2508.9,4/8/2026 11:54:27 AM,6712,101.8,0,0.9551,0.04225,0.5211,1.529,0,0,0,100,16.28,0.003102,0,200,0,0,0,1,0,1,-1,1,0,4,3,3,-1,[ OK ]
2509.4,4/8/2026 11:54:27 AM,6712,101.8,0,0.9391,0.04265,0.5207,1.534,0,0,0,100,16.28,0.001329,0.1777,200,0,0,0,1,0,1,-1,1,0,4,3,3,-1,[ OK ]
2509.8,4/8/2026 11:54:28 AM,6713,101.8,0,1.464,0.04186,0.5208,1.533,0,0,0,100,16.28,0.002941,0,200,0,0,0,1,0,1,-1,1,0,4,3,3,-1,[ OK ]
2510.2,4/8/2026 11:54:28 AM,6713,101.8,0,1.146,0.04146,0.5211,1.529,0,0,0,100,16.28,0.003062,0,200,0,0,0,1,0,1,-1,1,0,4,3,3,-1,[ OK ]
2510.7,4/8/2026 11:54:29 AM,6714,101.8,0,1.273,0.03809,0.5217,1.523,0,0,0,100,16.28,0.00282,0.06345,200,0,0,0,1,0,1,-1,1,0,4,3,3,-1,[ OK ]
2511.1,4/8/2026 11:54:29 AM,6714,101.8,0,1.019,0.04414,0.5216,1.525,0,0,0,100,16.28,0.002981,0.1205,200,0,0,0,1,0,1,-1,1,0,4,3,3,-1,[ OK ]
2511.5,4/8/2026 11:54:30 AM,6714,101.8,0,1.305,0.04096,0.5209,1.533,0,0,0,100,16.28,0.002578,0,200,0,0,0,1,0,1,-1,1,0,4,3,3,-1,[ OK ]
2512.0,4/8/2026 11:54:30 AM,6715,101.8,0,0.9232,0.04215,0.521,1.531,0,0,0,100,16.28,0.002618,0.04441,200,0,0,0,1,0,1,-1,1,0,4,3,3,-1,[ OK ]
2512.4,4/8/2026 11:54:30 AM,6715,101.8,0,0.6049,0.04334,0.5215,1.527,0,0,0,100,16.28,0.002739,0,200,0,0,0,1,0,1,-1,1,0,4,3,3,-1,[ OK ]
2512.8,4/8/2026 11:54:31 AM,6716,101.8,0,0.8436,0.04176,0.521,1.532,0,0,0,100,16.28,0.003182,0,200,0,0,0,1,0,1,-1,1,0,4,3,3,-1,[ OK ]
2513.1,4/8/2026 11:54:31 AM,6716,101.8,0,0.4457,0.04215,0.5212,1.53,0,0,0,100,16.28,0.002699,0,200,0,0,0,1,0,1,-1,1,0,4,3,3,-1,[ OK ]
2513.6,4/8/2026 11:54:32 AM,6716,101.8,0,0.971,0.03967,0.5213,1.529,0,0,0,100,16.28,0.002578,0,200,0,0,0,1,0,1,-1,1,0,4,3,3,-1,[ OK ]
2514.0,4/8/2026 11:54:32 AM,6717,101.8,0,1.194,0.04156,0.5214,1.527,0,0,0,100,16.28,0.003142,0,200,0,0,0,1,0,1,-1,1,0,4,3,3,-1,[ OK ]
2514.4,4/8/2026 11:54:33 AM,6717,101.8,0,1.194,0.04176,0.5217,1.525,0,0,0,100,16.28,0.002538,0,200,0,0,0,1,0,1,-1,1,0,4,3,3,-1,[ OK ]
2514.9,4/8/2026 11:54:33 AM,6718,101.8,0,1.019,0.04156,0.5218,1.524,0,0,0,100,16.28,0.003585,0.1015,200,0,0,0,1,0,1,-1,1,0,4,3,3,-1,[ OK ]
2515.2,4/8/2026 11:54:33 AM,6718,101.8,0,1.528,0.04285,0.5218,1.523,0,0,0,100,16.28,0.002739,0,200,0,0,0,1,0,1,-1,1,0,4,3,3,-1,[ OK ]
2515.6,4/8/2026 11:54:34 AM,6719,101.8,0,1.194,0.04047,0.5214,1.527,0,0,0,100,16.28,0.003505,0.1015,200,0,0,0,1,0,1,-1,1,0,4,3,3,-1,[ OK ]
2516.1,4/8/2026 11:54:34 AM,6719,101.8,0,0.5094,0.04186,0.5209,1.533,0,0,0,100,16.28,0.002578,0,200,0,0,0,1,0,1,-1,1,0,4,3,3,-1,[ OK ]
2516.5,4/8/2026 11:54:35 AM,6719,101.8,0,1.257,0.04166,0.5212,1.529,0,0,0,100,16.28,0.002578,0.04441,200,0,0,0,1,0,1,-1,1,0,4,3,3,-1,[ OK ]
2517.0,4/8/2026 11:54:35 AM,6720,101.8,0,0.6208,0.04146,0.521,1.532,0,0,0,100,16.28,0.002941,0.1459,200,0,0,0,1,0,1,-1,1,0,4,3,3,-1,[ OK ]
2517.3,4/8/2026 11:54:35 AM,6720,101.8,0,0.9551,0.04503,0.5211,1.531,0,0,0,100,16.28,0.002216,0.1459,200,0,0,0,1,0,1,-1,1,0,4,3,3,-1,[ OK ]
2517.6,4/8/2026 11:54:36 AM,6720,101.8,0,1.544,0.04205,0.5215,1.525,0,0,0,100,16.28,0.00286,0.03807,200,0,0,0,1,0,1,-1,1,0,4,3,3,-1,[ OK ]
2518.0,4/8/2026 11:54:36 AM,6721,101.8,0,0.5571,0.04215,0.521,1.532,0,0,0,100,16.28,0.002699,0.07614,200,0,0,0,1,0,1,-1,1,0,4,3,3,-1,[ OK ]
2518.5,4/8/2026 11:54:37 AM,6721,101.8,0,0.764,0.04176,0.5218,1.523,0,0,0,100,16.28,0.003182,0,200,0,0,0,1,0,1,-1,1,0,4,3,3,-1,[ OK ]
2518.8,4/8/2026 11:54:37 AM,6722,101.8,0,1.528,0.04007,0.5217,1.523,0,0,0,100,16.28,0.00278,0,200,0,0,0,1,0,1,-1,1,0,4,3,3,-1,[ OK ]
2519.1,4/8/2026 11:54:37 AM,6722,101.8,0,0.8436,0.04285,0.5212,1.529,0,0,0,100,16.28,0.002739,0,200,0,0,0,1,0,1,-1,1,0,4,3,3,-1,[ OK ]
2519.4,4/8/2026 11:54:38 AM,6722,101.8,0,1.098,0.04483,0.5215,1.527,0,0,0,100,16.28,0.001571,0.1332,200,0,0,0,1,0,1,-1,1,0,4,3,3,-1,[ OK ]
2519.9,4/8/2026 11:54:38 AM,6723,101.8,0,0.9232,0.04572,0.5219,1.523,0,0,0,100,16.28,0.002618,0,200,0,0,0,1,0,1,-1,1,0,4,3,3,-1,[ OK ]
2520.2,4/8/2026 11:54:38 AM,6723,101.8,0,1.13,0.04186,0.5211,1.531,0,0,0,100,16.28,0.002498,0.01269,200,0,0,0,1,0,1,-1,1,0,4,3,3,-1,[ OK ]
2520.7,4/8/2026 11:54:39 AM,6724,101.8,0,0.5412,0.04176,0.5217,1.524,0,0,0,100,16.28,0.002981,0,200,0,0,0,1,0,1,-1,1,0,4,3,3,-1,[ OK ]
2521.1,4/8/2026 11:54:39 AM,6724,101.8,0,1.146,0.03868,0.5215,1.527,0,0,0,100,16.28,0.00286,0,200,0,0,0,1,0,1,-1,1,0,4,3,3,-1,[ OK ]
2521.4,4/8/2026 11:54:39 AM,6724,101.8,0,0.4457,0.04265,0.5212,1.529,0,0,0,100,16.28,0.002578,0,200,0,0,0,1,0,1,-1,1,0,4,3,3,-1,[ OK ]
2521.7,4/8/2026 11:54:40 AM,6725,101.8,0,1.401,0.04265,0.5215,1.527,0,0,0,100,16.28,0.00282,0,200,0,0,0,1,0,1,-1,1,0,4,3,3,-1,[ OK ]
2522.2,4/8/2026 11:54:40 AM,6725,101.8,0,1.019,0.03977,0.5217,1.525,0,0,0,100,16.28,0.002699,0.1079,200,0,0,0,1,0,1,-1,1,0,4,3,3,-1,[ OK ]
2522.6,4/8/2026 11:54:41 AM,6725,101.8,0,0.9391,0.04106,0.5217,1.525,0,0,0,100,16.28,0.002699,0,200,0,0,0,1,0,1,-1,1,0,4,3,3,-1,[ OK ]
2522.9,4/8/2026 11:54:41 AM,6726,101.8,0,1.035,0.04156,0.5208,1.535,0,0,0,100,16.28,0.002699,0.05076,200,0,0,0,1,0,1,-1,1,0,4,3,3,-1,[ OK ]
2523.4,4/8/2026 11:54:42 AM,6726,101.8,0,0.8755,0.04265,0.5216,1.526,0,0,0,100,16.28,0.003062,0,200,0,0,0,1,0,1,-1,1,0,4,3,3,-1,[ OK ]
2523.7,4/8/2026 11:54:42 AM,6727,101.8,0,0.6208,0.04096,0.5216,1.525,0,0,0,100,16.28,0.001611,0,200,0,0,0,1,0,1,-1,1,0,4,3,3,-1,[ OK ]
2524.1,4/8/2026 11:54:42 AM,6727,101.8,0,1.257,0.04156,0.5216,1.525,0,0,0,100,16.28,0.003867,0,200,0,0,0,1,0,1,-1,1,0,4,3,3,-1,[ OK ]
2524.4,4/8/2026 11:54:42 AM,6727,101.8,0,1.146,0.04116,0.5217,1.524,0,0,0,100,16.28,0.002498,0,200,0,0,0,1,0,1,-1,1,0,4,3,3,-1,[ OK ]
2524.7,4/8/2026 11:54:43 AM,6728,101.8,0,0.9232,0.04136,0.5219,1.522,0,0,0,100,16.28,0.003263,0,200,0,0,0,1,0,1,-1,1,0,4,3,3,-1,[ OK ]
2525.3,4/8/2026 11:54:43 AM,6728,101.8,0,0.9073,0.04126,0.5217,1.524,0,0,0,100,16.28,0.003787,0,200,0,0,0,1,0,1,-1,1,0,4,3,3,-1,[ OK ]
2525.8,4/8/2026 11:54:44 AM,6729,101.8,0,1.003,0.04275,0.5218,1.523,0,0,0,100,16.28,0.002739,0,200,0,0,0,1,0,1,-1,1,0,4,3,3,-1,[ OK ]
2526.4,4/8/2026 11:54:44 AM,6729,101.8,0,1.146,0.04106,0.5215,1.528,0,0,0,100,16.28,0.002578,0,200,0,0,0,1,0,1,-1,1,0,4,3,3,-1,[ OK ]
2526.9,4/8/2026 11:54:45 AM,6730,101.8,0,0.9073,0.04255,0.5217,1.525,0,0,0,100,16.28,0.002578,0,200,0,0,0,1,0,1,-1,1,0,4,3,3,-1,[ OK ]
2527.4,4/8/2026 11:54:46 AM,6730,101.8,0,1.082,0.04255,0.5219,1.522,0,0,0,100,16.28,0.00286,0,200,0,0,0,1,0,1,-1,1,0,4,3,3,-1,[ OK ]
2528.0,4/8/2026 11:54:46 AM,6731,101.8,0,0.3502,0.04166,0.5212,1.529,0,0,0,100,16.28,0.003062,0,200,0,0,0,1,0,1,-1,1,0,4,3,3,-1,[ OK ]
2528.8,4/8/2026 11:54:47 AM,6732,101.8,0,0.6367,0.04503,0.5218,1.523,0,0,0,100,16.28,0.00286,0.05076,200,0,0,0,1,0,1,-1,1,0,4,3,3,-1,[ OK ]
2529.4,4/8/2026 11:54:48 AM,6732,101.8,0,1.082,0.04146,0.5212,1.529,0,0,0,100,16.28,0.002216,0,200,0,0,0,1,0,1,-1,1,0,4,3,3,-1,[ OK ]
2530.1,4/8/2026 11:54:48 AM,6733,101.8,0,1.066,0.04106,0.5215,1.525,0,0,0,100,16.28,0.003867,0.01903,200,0,0,0,1,0,1,-1,1,0,4,3,3,-1,[ OK ]
2530.9,4/8/2026 11:54:49 AM,6734,101.8,0,0.5094,0.04156,0.5208,1.533,0,0,0,100,16.28,0.002699,0.006345,200,0,0,0,1,0,1,-1,1,0,4,3,3,-1,[ OK ]
2531.4,4/8/2026 11:54:50 AM,6734,101.8,0,0.9073,0.04017,0.5215,1.526,0,0,0,100,16.28,0.002578,0,200,0,0,0,1,0,1,-1,1,0,4,3,3,-1,[ OK ]
2532.2,4/8/2026 11:54:50 AM,6735,101.8,0,0.9551,0.04205,0.521,1.532,0,0,0,100,16.28,0.002216,0,200,0,0,0,1,0,1,-1,1,0,4,3,3,-1,[ OK ]
2532.9,4/8/2026 11:54:51 AM,6736,101.8,0,0.6208,0.04503,0.5214,1.527,0,0,0,100,16.28,0.00282,0,200,0,0,0,1,0,1,-1,1,0,4,3,3,-1,[ OK ]
2533.5,4/8/2026 11:54:52 AM,6736,101.8,0,0.4457,0.04265,0.5209,1.531,0,0,0,100,16.28,0.002618,0.06345,200,0,0,0,1,0,1,-1,1,0,4,3,3,-1,[ OK ]
2534.3,4/8/2026 11:54:52 AM,6737,101.8,0,0.971,0.04235,0.5211,1.53,0,0,0,100,16.28,0.003344,0,200,0,0,0,1,0,1,-1,1,0,4,3,3,-1,[ OK ]
2534.9,4/8/2026 11:54:53 AM,6738,101.8,0,0.8118,0.04493,0.5218,1.523,0,0,0,100,16.28,0.002538,0.01269,200,0,0,0,1,0,1,-1,1,0,4,3,3,-1,[ OK ]
2535.6,4/8/2026 11:54:54 AM,6739,101.8,0,1.13,0.04215,0.5216,1.525,0,0,0,100,16.28,0.003182,0,200,0,0,0,1,0,1,-1,1,0,4,3,3,-1,[ OK ]
2536.4,4/8/2026 11:54:54 AM,6739,101.8,0,1.082,0.04186,0.5217,1.523,0,0,0,100,16.28,0.0029,0,200,0,0,0,1,0,1,-1,1,0,4,3,3,-1,[ OK ]
2537.2,4/8/2026 11:54:55 AM,6740,101.8,0,1.13,0.04562,0.5209,1.532,0,0,0,100,16.28,0.002578,0,200,0,0,0,1,0,1,-1,1,0,4,3,3,-1,[ OK ]
2537.8,4/8/2026 11:54:56 AM,6741,101.8,0,0.9391,0.04235,0.5216,1.524,0,0,0,100,16.28,0.001531,0,200,0,0,0,1,0,1,-1,1,0,4,3,3,-1,[ OK ]
2538.6,4/8/2026 11:54:57 AM,6741,101.8,0,0.764,0.04245,0.5215,1.526,0,0,0,100,16.28,0.003867,0,200,0,0,0,1,0,1,-1,1,0,4,3,3,-1,[ OK ]
2539.4,4/8/2026 11:54:57 AM,6742,101.8,0,1.098,0.04195,0.5212,1.53,0,0,0,100,16.28,0.0029,0.01903,200,0,0,0,1,0,1,-1,1,0,4,3,3,-1,[ OK ]
2539.9,4/8/2026 11:54:58 AM,6743,101.8,0,1.512,0.03828,0.521,1.531,0,0,0,100,16.28,0.002377,0,200,0,0,0,1,0,1,-1,1,0,4,3,3,-1,[ OK ]
2540.7,4/8/2026 11:54:59 AM,6744,101.8,0,1.417,0.04275,0.5211,1.53,0,0,0,100,16.28,0.003626,0.07614,200,0,0,0,1,0,1,-1,1,0,4,3,3,-1,[ OK ]
2541.4,4/8/2026 11:54:59 AM,6744,101.8,0,1.114,0.04414,0.5218,1.522,0,0,0,100,16.28,0.00286,0,200,0,0,0,1,0,1,-1,1,0,4,3,3,-1,[ OK ]
2542.1,4/8/2026 11:55:00 AM,6745,101.8,0,1.624,0.04305,0.5209,1.532,0,0,0,100,16.28,0.00282,0,200,0,0,0,1,0,1,-1,1,0,4,3,3,-1,[ OK ]
2542.8,4/8/2026 11:55:01 AM,6746,101.8,0,1.13,0.04285,0.5211,1.531,0,0,0,100,16.28,0.003827,0.01903,200,0,0,0,1,0,1,-1,1,0,4,3,3,-1,[ OK ]
2543.6,4/8/2026 11:55:02 AM,6746,101.8,0,0.9073,0.04235,0.5216,1.525,0,0,0,100,16.28,0.002941,0.01269,200,0,0,0,1,0,1,-1,1,0,4,3,3,-1,[ OK ]
2544.4,4/8/2026 11:55:02 AM,6747,101.8,0,1.162,0.04215,0.5216,1.525,0,0,0,100,16.28,0.001571,0.1396,200,0,0,0,1,0,1,-1,1,0,4,3,3,-1,[ OK ]
2545.0,4/8/2026 11:55:03 AM,6748,101.8,0,0.8914,0.04285,0.5214,1.527,0,0,0,100,16.28,0.0029,0,200,0,0,0,1,0,1,-1,1,0,4,3,3,-1,[ OK ]
2545.8,4/8/2026 11:55:04 AM,6749,101.8,0,0.8118,0.04513,0.5209,1.532,0,0,0,100,16.28,0.002981,0.01269,200,0,0,0,1,0,1,-1,1,0,4,3,3,-1,[ OK ]
2546.6,4/8/2026 11:55:05 AM,6749,101.8,0,0.9073,0.04543,0.5212,1.529,0,0,0,100,16.28,0.001934,0,200,0,0,0,1,0,1,-1,1,0,4,3,3,-1,[ OK ]
2547.2,4/8/2026 11:55:05 AM,6750,101.8,0,0.9869,0.03878,0.5217,1.523,0,0,0,100,16.28,0.0029,0,200,0,0,0,1,0,1,-1,1,0,4,3,3,-1,[ OK ]
2547.9,4/8/2026 11:55:06 AM,6751,101.8,0,0.4457,0.04562,0.5215,1.525,0,0,0,100,16.28,0.002659,0.01903,200,0,0,0,1,0,1,-1,1,0,4,3,3,-1,[ OK ]
2548.7,4/8/2026 11:55:07 AM,6752,101.8,0,1.13,0.04176,0.521,1.531,0,0,0,100,16.28,0.003867,0.03807,200,0,0,0,1,0,1,-1,1,0,4,3,3,-1,[ OK ]
2549.2,4/8/2026 11:55:07 AM,6752,101.8,0,1.066,0.04255,0.5207,1.534,0,0,0,100,16.28,0.003908,0.1459,200,0,0,0,1,0,1,-1,1,0,4,3,3,-1,[ OK ]
2549.9,4/8/2026 11:55:08 AM,6753,101.8,0,1.146,0.04295,0.5218,1.522,0,0,0,100,16.28,0.002618,0,200,0,0,0,1,0,1,-1,1,0,4,3,3,-1,[ OK ]
2550.4,4/8/2026 11:55:09 AM,6753,101.8,0,0.9232,0.04195,0.5212,1.528,0,0,0,100,16.28,0.001571,0,200,0,0,0,1,0,1,-1,1,0,4,3,3,-1,[ OK ]
2551.0,4/8/2026 11:55:09 AM,6754,101.8,0,0.8914,0.03908,0.5215,1.525,0,0,0,100,16.28,0.003062,0.03807,200,0,0,0,1,0,1,-1,1,0,4,3,3,-1,[ OK ]
2551.7,4/8/2026 11:55:10 AM,6755,101.8,0,0.971,0.04453,0.5217,1.524,0,0,0,100,16.28,0.00286,0.006345,200,0,0,0,1,0,1,-1,1,0,4,3,3,-1,[ OK ]
2552.1,4/8/2026 11:55:10 AM,6755,101.8,0,0.5094,0.04136,0.5217,1.523,0,0,0,100,16.28,0.002659,0.1777,200,0,0,0,1,0,1,-1,1,0,4,3,3,-1,[ OK ]
2552.7,4/8/2026 11:55:11 AM,6756,101.8,0,1.051,0.03977,0.5215,1.525,0,0,0,100,16.28,0.001692,0,200,0,0,0,1,0,1,-1,1,0,4,3,3,-1,[ OK ]
2553.3,4/8/2026 11:55:11 AM,6756,101.8,0,1.019,0.04285,0.5209,1.531,0,0,0,100,16.28,0.002618,0.1523,200,0,0,0,1,0,1,-1,1,0,4,3,3,-1,[ OK ]
2553.9,4/8/2026 11:55:12 AM,6757,101.8,0,1.13,0.04543,0.5209,1.531,0,0,0,100,16.28,0.00282,0,200,0,0,0,1,0,1,-1,1,0,4,3,3,-1,[ OK ]
2554.4,4/8/2026 11:55:12 AM,6757,101.8,0,0.8914,0.04305,0.5212,1.529,0,0,0,100,16.28,0.002699,0.02538,200,0,0,0,1,0,1,-1,1,0,4,3,3,-1,[ OK ]
2554.8,4/8/2026 11:55:13 AM,6758,101.8,0,1.098,0.04285,0.5211,1.53,0,0,0,100,16.28,0.002699,0.03172,200,0,0,0,1,0,1,-1,1,0,4,3,3,-1,[ OK ]
2555.3,4/8/2026 11:55:13 AM,6758,101.8,0,0.8755,0.04205,0.521,1.53,0,0,0,100,16.28,0.002578,0,200,0,0,0,1,0,1,-1,1,0,4,3,3,-1,[ OK ]
2555.7,4/8/2026 11:55:14 AM,6759,101.8,0,0.9551,0.03868,0.5216,1.525,0,0,0,100,16.28,0.002941,0,200,0,0,0,1,0,1,-1,1,0,4,3,3,-1,[ OK ]
2556.3,4/8/2026 11:55:14 AM,6759,101.8,0,0.9232,0.04245,0.521,1.531,0,0,0,100,16.28,0.002699,0,200,0,0,0,1,0,1,-1,1,0,4,3,3,-1,[ OK ]
2556.8,4/8/2026 11:55:15 AM,6760,101.8,0,1.035,0.04106,0.5208,1.534,0,0,0,100,16.28,0.003021,0,200,0,0,0,1,0,1,-1,1,0,4,3,3,-1,[ OK ]
2557.2,4/8/2026 11:55:15 AM,6760,101.8,0,0.191,0.04334,0.5218,1.522,0,0,0,100,16.28,0.004109,0.02538,200,0,0,0,1,0,1,-1,1,0,4,3,3,-1,[ OK ]
2557.7,4/8/2026 11:55:16 AM,6761,101.8,0,1.13,0.04215,0.5214,1.526,0,0,0,100,16.28,0.003545,0,200,0,0,0,1,0,1,-1,1,0,4,3,3,-1,[ OK ]
2558.1,4/8/2026 11:55:16 AM,6761,101.8,0,1.019,0.04305,0.5216,1.523,0,0,0,100,16.28,0.001692,0,200,0,0,0,1,0,1,-1,1,0,4,3,3,-1,[ OK ]
2558.5,4/8/2026 11:55:17 AM,6761,101.8,0,0.971,0.04186,0.5218,1.522,0,0,0,100,16.28,0.00141,0,200,0,0,0,1,0,1,-1,1,0,4,3,3,-1,[ OK ]
2559.0,4/8/2026 11:55:17 AM,6762,101.8,0,1.019,0.04255,0.5212,1.529,0,0,0,100,16.28,0.002659,0,200,0,0,0,1,0,1,-1,1,0,4,3,3,-1,[ OK ]
2559.4,4/8/2026 11:55:17 AM,6762,101.8,0,1.496,0.04156,0.5209,1.532,0,0,0,100,16.28,0.0029,0,200,0,0,0,1,0,1,-1,1,0,4,3,3,-1,[ OK ]
2559.8,4/8/2026 11:55:18 AM,6763,101.8,0,0.9391,0.04424,0.5211,1.53,0,0,0,100,16.28,0.002981,0.03807,200,0,0,0,1,0,1,-1,1,0,4,3,3,-1,[ OK ]
2560.3,4/8/2026 11:55:18 AM,6763,101.8,0,1.066,0.04265,0.5216,1.525,0,0,0,100,16.28,0.002578,0,200,0,0,0,1,0,1,-1,1,0,4,3,3,-1,[ OK ]
2560.7,4/8/2026 11:55:19 AM,6764,101.8,0,1.464,0.04205,0.5218,1.523,0,0,0,100,16.28,0.002699,0.1586,200,0,0,0,1,0,1,-1,1,0,4,3,3,-1,[ OK ]
2561.2,4/8/2026 11:55:19 AM,6764,101.8,0,0.8436,0.04533,0.5214,1.527,0,0,0,100,16.28,0.001934,0.01269,200,0,0,0,1,0,1,-1,1,0,4,3,3,-1,[ OK ]
2561.6,4/8/2026 11:55:20 AM,6764,101.8,0,0.9551,0.04324,0.521,1.531,0,0,0,100,16.28,0.002336,0.1015,200,0,0,0,1,0,1,-1,1,0,4,3,3,-1,[ OK ]
2562.0,4/8/2026 11:55:20 AM,6765,101.8,0,0.3024,0.04543,0.5209,1.532,0,0,0,100,16.28,0.002618,0,200,0,0,0,1,0,1,-1,1,0,4,3,3,-1,[ OK ]
2562.5,4/8/2026 11:55:21 AM,6765,101.8,0,0.764,0.04255,0.5216,1.524,0,0,0,100,16.28,0.003062,0,200,0,0,0,1,0,1,-1,1,0,4,3,3,-1,[ OK ]
2562.9,4/8/2026 11:55:21 AM,6766,101.8,0,0.9391,0.04176,0.5209,1.532,0,0,0,100,16.28,0.002941,0,200,0,0,0,1,0,1,-1,1,0,4,3,3,-1,[ OK ]
2563.3,4/8/2026 11:55:21 AM,6766,101.8,0,0.9869,0.04255,0.5217,1.523,0,0,0,100,16.28,0.00286,0,200,0,0,0,1,0,1,-1,1,0,4,3,3,-1,[ OK ]
2563.8,4/8/2026 11:55:22 AM,6767,101.8,0,0.6685,0.04305,0.5212,1.53,0,0,0,100,16.28,0.002739,0,200,0,0,0,1,0,1,-1,1,0,4,3,3,-1,[ OK ]
2564.2,4/8/2026 11:55:22 AM,6767,101.8,0,1.003,0.04186,0.5209,1.533,0,0,0,100,16.28,0.002739,0.006345,200,0,0,0,1,0,1,-1,1,0,4,3,3,-1,[ OK ]
2564.6,4/8/2026 11:55:23 AM,6768,101.8,0,1.019,0.04195,0.5217,1.524,0,0,0,100,16.28,0.00286,0.09517,200,0,0,0,1,0,1,-1,1,0,4,3,3,-1,[ OK ]
2565.1,4/8/2026 11:55:23 AM,6768,101.8,0,1.449,0.04255,0.5209,1.532,0,0,0,100,16.28,0.00282,0,200,0,0,0,1,0,1,-1,1,0,4,3,3,-1,[ OK ]
2565.5,4/8/2026 11:55:24 AM,6768,101.8,0,1.035,0.04106,0.5214,1.527,0,0,0,100,16.28,0.003706,0.01269,200,0,0,0,1,0,1,-1,1,0,4,3,3,-1,[ OK ]
2566.0,4/8/2026 11:55:24 AM,6769,101.8,0,1.082,0.04295,0.5218,1.523,0,0,0,100,16.28,0.002739,0.05076,200,0,0,0,1,0,1,-1,1,0,4,3,3,-1,[ OK ]
2566.4,4/8/2026 11:55:24 AM,6769,101.8,0,0.5412,0.04146,0.5215,1.526,0,0,0,100,16.28,0.002981,0,200,0,0,0,1,0,1,-1,1,0,4,3,3,-1,[ OK ]
2566.8,4/8/2026 11:55:25 AM,6770,101.8,0,1.003,0.04215,0.5215,1.526,0,0,0,100,16.28,0.001772,0,200,0,0,0,1,0,1,-1,1,0,4,3,3,-1,[ OK ]
2567.3,4/8/2026 11:55:25 AM,6770,101.8,0,0.6367,0.04215,0.5218,1.524,0,0,0,100,16.28,0.002498,0.03807,200,0,0,0,1,0,1,-1,1,0,4,3,3,-1,[ OK ]
2567.7,4/8/2026 11:55:26 AM,6771,101.8,0,1.178,0.04295,0.5209,1.532,0,0,0,100,16.28,0.001571,0,200,0,0,0,1,0,1,-1,1,0,4,3,3,-1,[ OK ]
2568.1,4/8/2026 11:55:26 AM,6771,101.8,0,0.9073,0.04553,0.5217,1.523,0,0,0,100,16.28,0.002578,0.1777,200,0,0,0,1,0,1,-1,1,0,4,3,3,-1,[ OK ]
2568.7,4/8/2026 11:55:27 AM,6772,101.8,0,1.464,0.03828,0.5216,1.524,0,0,0,100,16.28,0.002739,0,200,0,0,0,1,0,1,-1,1,0,4,3,3,-1,[ OK ]
2569.1,4/8/2026 11:55:27 AM,6772,101.8,0,0.9869,0.04176,0.521,1.531,0,0,0,100,16.28,0.002538,0,200,0,0,0,1,0,1,-1,1,0,4,3,3,-1,[ OK ]
2569.5,4/8/2026 11:55:28 AM,6772,101.8,0,0.8755,0.04235,0.5207,1.534,0,0,0,100,16.28,0.003585,0,200,0,0,0,1,0,1,-1,1,0,4,3,3,-1,[ OK ]
2570.0,4/8/2026 11:55:28 AM,6773,101.8,0,1.066,0.03848,0.5215,1.526,0,0,0,100,16.28,0.002578,0,200,0,0,0,1,0,1,-1,1,0,4,3,3,-1,[ OK ]
2570.4,4/8/2026 11:55:28 AM,6773,101.8,0,0.8914,0.04106,0.5211,1.53,0,0,0,100,16.28,0.002618,0,200,0,0,0,1,0,1,-1,1,0,4,3,3,-1,[ OK ]
2570.9,4/8/2026 11:55:29 AM,6774,101.8,0,0.8755,0.04295,0.5218,1.522,0,0,0,100,16.28,0.002739,0.006345,200,0,0,0,1,0,1,-1,1,0,4,3,3,-1,[ OK ]
2571.3,4/8/2026 11:55:29 AM,6774,101.8,0,1.019,0.03967,0.5208,1.533,0,0,0,100,16.28,0.001571,0.01269,200,0,0,0,1,0,1,-1,1,0,4,3,3,-1,[ OK ]
2571.7,4/8/2026 11:55:30 AM,6775,101.8,0,0.8596,0.04057,0.5217,1.523,0,0,0,100,16.28,0.003223,0,200,0,0,0,1,0,1,-1,1,0,4,3,3,-1,[ OK ]
2572.2,4/8/2026 11:55:30 AM,6775,101.8,0,0.5253,0.04245,0.5211,1.53,0,0,0,100,16.28,0.002739,0.09517,200,0,0,0,1,0,1,-1,1,0,4,3,3,-1,[ OK ]
2572.6,4/8/2026 11:55:31 AM,6775,101.8,0,1.003,0.04136,0.5215,1.525,0,0,0,100,16.28,0.002981,0,200,0,0,0,1,0,1,-1,1,0,4,3,3,-1,[ OK ]
2573.0,4/8/2026 11:55:31 AM,6776,101.8,0,0.9391,0.04414,0.5209,1.532,0,0,0,100,16.28,0.003505,0,200,0,0,0,1,0,1,-1,1,0,4,3,3,-1,[ OK ]
2573.5,4/8/2026 11:55:32 AM,6776,101.8,0,0.7959,0.04285,0.5214,1.527,0,0,0,100,16.28,0.002941,0.1459,200,0,0,0,1,0,1,-1,1,0,4,3,3,-1,[ OK ]
2573.9,4/8/2026 11:55:32 AM,6777,101.8,0,0.7959,0.04245,0.5209,1.533,0,0,0,100,16.28,0.00145,0,200,0,0,0,1,0,1,-1,1,0,4,3,3,-1,[ OK ]
2574.3,4/8/2026 11:55:32 AM,6777,101.8,0,0.9869,0.04215,0.5218,1.524,0,0,0,100,16.28,0.003867,0,200,0,0,0,1,0,1,-1,1,0,4,3,3,-1,[ OK ]
2574.8,4/8/2026 11:55:33 AM,6778,101.8,0,1.019,0.04265,0.521,1.533,0,0,0,100,16.28,0.003021,0.006345,200,0,0,0,1,0,1,-1,1,0,4,3,3,-1,[ OK ]
2575.2,4/8/2026 11:55:33 AM,6778,101.8,0,1.066,0.04275,0.521,1.533,0,0,0,100,16.28,0.0029,0.05076,200,0,0,0,1,0,1,-1,1,0,4,3,3,-1,[ OK ]
2575.8,4/8/2026 11:55:34 AM,6779,101.8,0,0.9073,0.03977,0.5209,1.533,0,0,0,100,16.28,0.003102,0.1459,200,0,0,0,1,0,1,-1,1,0,4,3,3,-1,[ OK ]
2576.2,4/8/2026 11:55:34 AM,6779,101.8,0,0.7959,0.04166,0.5215,1.527,0,0,0,100,16.28,0.002981,0.3553,200,0,0,0,1,0,1,-1,1,0,4,3,3,-1,[ OK ]
2576.6,4/8/2026 11:55:35 AM,6780,101.8,0,0.9391,0.04176,0.5212,1.531,0,0,0,100,16.28,0.002739,0,200,0,0,0,1,0,1,-1,1,0,4,3,3,-1,[ OK ]
2577.1,4/8/2026 11:55:35 AM,6780,101.8,0,0.8755,0.04255,0.5217,1.524,0,0,0,100,16.28,0.002941,0.01269,200,0,0,0,1,0,1,-1,1,0,4,3,3,-1,[ OK ]
2577.5,4/8/2026 11:55:36 AM,6780,101.8,0,0.764,0.04076,0.5209,1.533,0,0,0,100,16.28,0.002578,0.02538,200,0,0,0,1,0,1,-1,1,0,4,3,3,-1,[ OK ]
2577.9,4/8/2026 11:55:36 AM,6781,101.8,0,0.8436,0.04235,0.5209,1.533,0,0,0,100,16.28,0.001531,0,200,0,0,0,1,0,1,-1,1,0,4,3,3,-1,[ OK ]
2578.4,4/8/2026 11:55:36 AM,6781,101.8,0,0.382,0.04265,0.5212,1.53,0,0,0,100,16.28,0.002377,0,200,0,0,0,1,0,1,-1,1,0,4,3,3,-1,[ OK ]
2578.8,4/8/2026 11:55:37 AM,6782,101.8,0,1.035,0.04215,0.5209,1.534,0,0,0,100,16.28,0.002538,0,200,0,0,0,1,0,1,-1,1,0,4,3,3,-1,[ OK ]
2579.4,4/8/2026 11:55:37 AM,6782,101.8,0,1.353,0.04295,0.5218,1.524,0,0,0,100,16.28,0.002659,0.02538,200,0,0,0,1,0,1,-1,1,0,4,3,3,-1,[ OK ]
2579.8,4/8/2026 11:55:38 AM,6783,101.8,0,0.8914,0.03957,0.5216,1.526,0,0,0,100,16.28,0.002659,0,200,0,0,0,1,0,1,-1,1,0,4,3,3,-1,[ OK ]
2580.2,4/8/2026 11:55:38 AM,6783,101.8,0,1.496,0.03818,0.5215,1.527,0,0,0,100,16.28,0.0029,0,200,0,0,0,1,0,1,-1,1,0,4,3,3,-1,[ OK ]
2580.8,4/8/2026 11:55:39 AM,6784,101.8,0,0.9391,0.04235,0.5216,1.525,0,0,0,100,16.28,0.002618,0,200,0,0,0,1,0,1,-1,1,0,4,3,3,-1,[ OK ]
2581.2,4/8/2026 11:55:39 AM,6784,101.8,0,0.9232,0.04513,0.5213,1.529,0,0,0,100,16.28,0.00282,0.04441,200,0,0,0,1,0,1,-1,1,0,4,3,3,-1,[ OK ]
2581.6,4/8/2026 11:55:40 AM,6785,101.8,0,1.13,0.04205,0.5209,1.532,0,0,0,100,16.28,0.0029,0.03172,200,0,0,0,1,0,1,-1,1,0,4,3,3,-1,[ OK ]
2582.1,4/8/2026 11:55:40 AM,6785,101.8,0,0.7959,0.04493,0.5212,1.529,0,0,0,100,16.28,0.002417,0,200,0,0,0,1,0,1,-1,1,0,4,3,3,-1,[ OK ]
2582.5,4/8/2026 11:55:41 AM,6785,101.8,0,0.8914,0.04225,0.5208,1.533,0,0,0,100,16.28,0.003908,0,200,0,0,0,1,0,1,-1,1,0,4,3,3,-1,[ OK ]
2583.0,4/8/2026 11:55:41 AM,6786,101.8,0,0.9073,0.04146,0.5216,1.525,0,0,0,100,16.28,0.00286,0.1332,200,0,0,0,1,0,1,-1,1,0,4,3,3,-1,[ OK ]
2583.5,4/8/2026 11:55:42 AM,6786,101.8,0,0.9869,0.04215,0.5218,1.523,0,0,0,100,16.28,0.003505,0,200,0,0,0,1,0,1,-1,1,0,4,3,3,-1,[ OK ]
2583.9,4/8/2026 11:55:42 AM,6787,101.8,0,1.496,0.04195,0.5218,1.523,0,0,0,100,16.28,0.00286,0,200,0,0,0,1,0,1,-1,1,0,4,3,3,-1,[ OK ]
2584.4,4/8/2026 11:55:42 AM,6787,101.8,0,0.8914,0.04225,0.521,1.532,0,0,0,100,16.28,0.001893,0,200,0,0,0,1,0,1,-1,1,0,4,3,3,-1,[ OK ]
2584.9,4/8/2026 11:55:43 AM,6788,101.8,0,0.9869,0.04295,0.5218,1.522,0,0,0,100,16.28,0.002659,0,200,0,0,0,1,0,1,-1,1,0,4,3,3,-1,[ OK ]
2585.4,4/8/2026 11:55:43 AM,6788,101.8,0,0.8436,0.04562,0.5208,1.533,0,0,0,100,16.28,0.002578,0.08883,200,0,0,0,1,0,1,-1,1,0,4,3,3,-1,[ OK ]
2585.8,4/8/2026 11:55:44 AM,6789,101.8,0,0.3343,0.04215,0.521,1.531,0,0,0,100,16.28,0.002538,0.1903,200,0,0,0,1,0,1,-1,1,0,4,3,3,-1,[ OK ]
2586.1,4/8/2026 11:55:44 AM,6789,101.8,0,0.4298,0.04245,0.5215,1.527,0,0,0,100,16.28,0.0029,0,200,0,0,0,1,0,1,-1,1,0,4,3,3,-1,[ OK ]
2586.5,4/8/2026 11:55:45 AM,6789,101.8,0,1.066,0.04225,0.521,1.533,0,0,0,100,16.28,0.002457,0.2094,200,0,0,0,1,0,1,-1,1,0,4,3,3,-1,[ OK ]
2587.0,4/8/2026 11:55:45 AM,6790,101.8,0,1.242,0.04186,0.5217,1.526,0,0,0,100,16.28,0.003746,0.006345,200,0,0,0,1,0,1,-1,1,0,4,3,3,-1,[ OK ]
2587.4,4/8/2026 11:55:46 AM,6790,101.8,0,0.6049,0.04205,0.5212,1.531,0,0,0,100,16.28,0.00286,0,200,0,0,0,1,0,1,-1,1,0,4,3,3,-1,[ OK ]
2587.7,4/8/2026 11:55:46 AM,6791,101.8,0,0.3979,0.04156,0.5209,1.534,0,0,0,100,16.28,0.00282,0.1396,200,0,0,0,1,0,1,-1,1,0,4,3,3,-1,[ OK ]
2588.2,4/8/2026 11:55:46 AM,6791,101.8,0,0.5253,0.04156,0.5211,1.533,0,0,0,100,16.28,0.00286,0,200,0,0,0,1,0,1,-1,1,0,4,3,3,-1,[ OK ]
2588.6,4/8/2026 11:55:47 AM,6791,101.8,0,1.146,0.04096,0.5219,1.523,0,0,0,100,16.28,0.001571,0,200,0,0,0,1,0,1,-1,1,0,4,3,3,-1,[ OK ]
2588.9,4/8/2026 11:55:47 AM,6792,101.8,0,0.4934,0.04215,0.5212,1.53,0,0,0,100,16.28,0.001249,0,200,0,0,0,1,0,1,-1,1,0,4,3,3,-1,[ OK ]
2589.4,4/8/2026 11:55:47 AM,6792,101.8,0,0.9869,0.04255,0.521,1.531,0,0,0,100,16.28,0.0029,0.1205,200,0,0,0,1,0,1,-1,1,0,4,3,3,-1,[ OK ]
2589.7,4/8/2026 11:55:48 AM,6793,101.8,0,0.7481,0.04394,0.5211,1.531,0,0,0,100,16.28,0.001329,0,200,0,0,0,1,0,1,-1,1,0,4,3,3,-1,[ OK ]
2590.1,4/8/2026 11:55:48 AM,6793,101.8,0,0.764,0.04275,0.5214,1.528,0,0,0,100,16.28,0.002739,0.02538,200,0,0,0,1,0,1,-1,1,0,4,3,3,-1,[ OK ]
2590.6,4/8/2026 11:55:49 AM,6793,101.8,0,0.9869,0.04344,0.5211,1.531,0,0,0,100,16.28,0.001853,0,200,0,0,0,1,0,1,-1,1,0,4,3,3,-1,[ OK ]
2591.0,4/8/2026 11:55:49 AM,6794,101.8,0,0.8277,0.04186,0.5211,1.531,0,0,0,100,16.28,0.002739,0,200,0,0,0,1,0,1,-1,1,0,4,3,3,-1,[ OK ]
2591.4,4/8/2026 11:55:50 AM,6794,101.8,0,1.003,0.04136,0.5212,1.53,0,0,0,100,16.28,0.001853,0,200,0,0,0,1,0,1,-1,1,0,4,3,3,-1,[ OK ]
2591.8,4/8/2026 11:55:50 AM,6795,101.8,0,0.5253,0.04582,0.5219,1.522,0,0,0,100,16.28,0.002739,0.01269,200,0,0,0,1,0,1,-1,1,0,4,3,3,-1,[ OK ]
2592.2,4/8/2026 11:55:50 AM,6795,101.8,0,1.369,0.04473,0.5215,1.526,0,0,0,100,16.28,0.003384,0,200,0,0,0,1,0,1,-1,1,0,4,3,3,-1,[ OK ]
2592.5,4/8/2026 11:55:51 AM,6795,101.8,0,1.003,0.04255,0.5209,1.532,0,0,0,100,16.28,0.00141,0.03172,200,0,0,0,1,0,1,-1,1,0,4,3,3,-1,[ OK ]
2593.1,4/8/2026 11:55:51 AM,6796,101.8,0,0.9551,0.04354,0.521,1.532,0,0,0,100,16.28,0.003182,0.05076,200,0,0,0,1,0,1,-1,1,0,4,3,3,-1,[ OK ]
2593.5,4/8/2026 11:55:52 AM,6796,101.8,0,1.385,0.04215,0.5216,1.525,0,0,0,100,16.28,0.001692,0.04441,200,0,0,0,1,0,1,-1,1,0,4,3,3,-1,[ OK ]
2593.8,4/8/2026 11:55:52 AM,6797,101.8,0,0.971,0.04176,0.5216,1.525,0,0,0,100,16.28,0.001571,0,200,0,0,0,1,0,1,-1,1,0,4,3,3,-1,[ OK ]
2594.2,4/8/2026 11:55:52 AM,6797,101.8,0,0.9391,0.03848,0.521,1.532,0,0,0,100,16.28,0.002498,0,200,0,0,0,1,0,1,-1,1,0,4,3,3,-1,[ OK ]
2594.6,4/8/2026 11:55:53 AM,6797,101.8,0,1.464,0.04344,0.5217,1.523,0,0,0,100,16.28,0.003666,0,200,0,0,0,1,0,1,-1,1,0,4,3,3,-1,[ OK ]
2595.0,4/8/2026 11:55:53 AM,6798,101.8,0,0.8755,0.04146,0.5209,1.532,0,0,0,100,16.28,0.002981,0.1903,200,0,0,0,1,0,1,-1,1,0,4,3,3,-1,[ OK ]
2595.4,4/8/2026 11:55:54 AM,6798,101.8,0,1.114,0.04592,0.5215,1.526,0,0,0,100,16.28,0.00282,0,200,0,0,0,1,0,1,-1,1,0,4,3,3,-1,[ OK ]
2595.9,4/8/2026 11:55:54 AM,6799,101.8,0,0.8436,0.04285,0.5217,1.524,0,0,0,100,16.28,0.002538,0,200,0,0,0,1,0,1,-1,1,0,4,3,3,-1,[ OK ]
2596.3,4/8/2026 11:55:54 AM,6799,101.8,0,1.066,0.04245,0.5212,1.528,0,0,0,100,16.28,0.002538,0.01269,200,0,0,0,1,0,1,-1,1,0,4,3,3,-1,[ OK ]
2596.6,4/8/2026 11:55:55 AM,6800,101.8,0,1.464,0.04176,0.5209,1.533,0,0,0,100,16.28,0.002659,0.03807,200,0,0,0,1,0,1,-1,1,0,4,3,3,-1,[ OK ]
2597.1,4/8/2026 11:55:55 AM,6800,101.8,0,1.003,0.04116,0.5219,1.522,0,0,0,100,16.28,0.0029,0,200,0,0,0,1,0,1,-1,1,0,4,3,3,-1,[ OK ]
2597.4,4/8/2026 11:55:55 AM,6800,101.8,0,0.971,0.04186,0.5215,1.526,0,0,0,100,16.28,0.003303,0,200,0,0,0,1,0,1,-1,1,0,4,3,3,-1,[ OK ]
2597.8,4/8/2026 11:55:56 AM,6801,101.8,0,1.162,0.04186,0.5216,1.525,0,0,0,100,16.28,0.002578,0,200,0,0,0,1,0,1,-1,1,0,4,3,3,-1,[ OK ]
2598.1,4/8/2026 11:55:56 AM,6801,101.8,0,1.496,0.04424,0.5217,1.525,0,0,0,100,16.28,0.0029,0.1079,200,0,0,0,1,0,1,-1,1,0,4,3,3,-1,[ OK ]
2598.6,4/8/2026 11:55:57 AM,6801,101.8,0,1.003,0.03908,0.5216,1.525,0,0,0,100,16.28,0.003505,0,200,0,0,0,1,0,1,-1,1,0,4,3,3,-1,[ OK ]
2598.9,4/8/2026 11:55:57 AM,6802,101.8,0,1.417,0.04176,0.5213,1.529,0,0,0,100,16.28,0.002659,0,200,0,0,0,1,0,1,-1,1,0,4,3,3,-1,[ OK ]
2599.3,4/8/2026 11:55:57 AM,6802,101.8,0,0.7481,0.04186,0.5213,1.529,0,0,0,100,16.28,0.002377,0.01269,200,0,0,0,1,0,1,-1,1,0,4,3,3,-1,[ OK ]
2599.6,4/8/2026 11:55:58 AM,6803,101.8,0,1.257,0.04245,0.5218,1.524,0,0,0,100,16.28,0.002578,0,200,0,0,0,1,0,1,-1,1,0,4,3,3,-1,[ OK ]
2600.1,4/8/2026 11:55:58 AM,6803,101.8,0,0.7481,0.04295,0.521,1.532,0,0,0,100,16.28,0.0029,0,200,0,0,0,1,0,1,-1,1,0,4,3,3,-1,[ OK ]
2600.5,4/8/2026 11:55:59 AM,6803,101.8,0,1.003,0.04275,0.5212,1.531,0,0,0,100,16.28,0.00286,0,200,0,0,0,1,0,1,-1,1,0,4,3,3,-1,[ OK ]
2600.9,4/8/2026 11:55:59 AM,6804,101.8,0,1.003,0.04176,0.5216,1.527,0,0,0,100,16.28,0.002578,0,200,0,0,0,1,0,1,-1,1,0,4,3,3,-1,[ OK ]
2601.4,4/8/2026 11:55:59 AM,6804,101.8,0,0.8596,0.04592,0.5213,1.53,0,0,0,100,16.28,0.002578,0,200,0,0,0,1,0,1,-1,1,0,4,3,3,-1,[ OK ]
2601.7,4/8/2026 11:56:00 AM,6805,101.8,0,0.9391,0.03868,0.5215,1.528,0,0,0,100,16.28,0.00286,0,200,0,0,0,1,0,1,-1,1,0,4,3,3,-1,[ OK ]
2602.1,4/8/2026 11:56:00 AM,6805,101.8,0,0.5571,0.04047,0.5217,1.526,0,0,0,100,16.28,0.003706,0.01269,200,0,0,0,1,0,1,-1,1,0,4,3,3,-1,[ OK ]
2602.4,4/8/2026 11:56:01 AM,6805,101.8,0,1.544,0.04344,0.5217,1.527,0,0,0,100,16.28,0.003787,0,200,0,0,0,1,0,1,-1,1,0,4,3,3,-1,[ OK ]
2602.9,4/8/2026 11:56:01 AM,6806,101.8,0,1.369,0.04334,0.521,1.533,0,0,0,100,16.28,0.003706,0,200,0,0,0,1,0,1,-1,1,0,4,3,3,-1,[ OK ]
2603.3,4/8/2026 11:56:01 AM,6806,101.8,0,1.003,0.04136,0.5211,1.532,0,0,0,100,16.28,0.002699,0,200,0,0,0,1,0,1,-1,1,0,4,3,3,-1,[ OK ]
2603.7,4/8/2026 11:56:02 AM,6807,101.8,0,0.764,0.04166,0.5216,1.526,0,0,0,100,16.28,0.002618,0,200,0,0,0,1,0,1,-1,1,0,4,3,3,-1,[ OK ]
2604.2,4/8/2026 11:56:02 AM,6807,101.8,0,1.003,0.04195,0.5211,1.532,0,0,0,100,16.28,0.00278,0.006345,200,0,0,0,1,0,1,-1,1,0,4,3,3,-1,[ OK ]
2604.5,4/8/2026 11:56:03 AM,6807,101.8,0,1.146,0.04305,0.5218,1.524,0,0,0,100,16.28,0.00141,0.02538,200,0,0,0,1,0,1,-1,1,0,4,3,3,-1,[ OK ]
2604.9,4/8/2026 11:56:03 AM,6808,101.8,0,0.8914,0.04156,0.5216,1.527,0,0,0,100,16.28,0.003908,0.01269,200,0,0,0,1,0,1,-1,1,0,4,3,3,-1,[ OK ]
2605.4,4/8/2026 11:56:03 AM,6808,101.8,0,1.194,0.04334,0.5213,1.53,0,0,0,100,16.28,0.002699,0.006345,200,0,0,0,1,0,1,-1,1,0,4,3,3,-1,[ OK ]
2605.8,4/8/2026 11:56:04 AM,6809,101.8,0,0.3184,0.04255,0.522,1.522,0,0,0,100,16.28,0.00282,0,200,0,0,0,1,0,1,-1,1,0,4,3,3,-1,[ OK ]
2606.3,4/8/2026 11:56:04 AM,6809,101.8,0,0.9551,0.04265,0.5213,1.531,0,0,0,100,16.28,0.002377,0,200,0,0,0,1,0,1,-1,1,0,4,3,3,-1,[ OK ]
2606.7,4/8/2026 11:56:05 AM,6810,101.8,0,0.8118,0.04255,0.5211,1.533,0,0,0,100,16.28,0.003706,0,200,0,0,0,1,0,1,-1,1,0,4,3,3,-1,[ OK ]
2607.1,4/8/2026 11:56:05 AM,6810,101.8,0,1.592,0.04235,0.521,1.533,0,0,0,100,16.28,0.002739,0,200,0,0,0,1,0,1,-1,1,0,4,3,3,-1,[ OK ]
2607.4,4/8/2026 11:56:06 AM,6810,101.8,0,1.051,0.04235,0.5212,1.53,0,0,0,100,16.28,0.00286,0,200,0,0,0,1,0,1,-1,1,0,4,3,3,-1,[ OK ]
2607.9,4/8/2026 11:56:06 AM,6811,101.8,0,1.003,0.04126,0.5209,1.534,0,0,0,100,16.28,0.003787,0.02538,200,0,0,0,1,0,1,-1,1,0,4,3,3,-1,[ OK ]
2608.2,4/8/2026 11:56:06 AM,6811,101.8,0,1.178,0.04176,0.5219,1.523,0,0,0,100,16.28,0.003908,0.01269,200,0,0,0,1,0,1,-1,1,0,4,3,3,-1,[ OK ]
2608.6,4/8/2026 11:56:07 AM,6812,101.8,0,0.764,0.04205,0.5212,1.53,0,0,0,100,16.28,0.00282,0,200,0,0,0,1,0,1,-1,1,0,4,3,3,-1,[ OK ]
2608.9,4/8/2026 11:56:07 AM,6812,101.8,0,0.971,0.04136,0.521,1.532,0,0,0,100,16.28,0.002578,0,200,0,0,0,1,0,1,-1,1,0,4,3,3,-1,[ OK ]
2609.4,4/8/2026 11:56:07 AM,6812,101.8,0,0.8755,0.04533,0.5218,1.524,0,0,0,100,16.28,0.002095,0.09517,200,0,0,0,1,0,1,-1,1,0,4,3,3,-1,[ OK ]
2609.9,4/8/2026 11:56:08 AM,6813,101.8,0,1.353,0.04295,0.5217,1.524,0,0,0,100,16.28,0.002256,0.03807,200,0,0,0,1,0,1,-1,1,0,4,3,3,-1,[ OK ]
2610.4,4/8/2026 11:56:08 AM,6813,101.8,0,1.528,0.04225,0.5208,1.534,0,0,0,100,16.28,0.002739,0,200,0,0,0,1,0,1,-1,1,0,4,3,3,-1,[ OK ]
2610.8,4/8/2026 11:56:09 AM,6814,101.8,0,1.321,0.04186,0.5211,1.531,0,0,0,100,16.28,0.0029,0.01269,200,0,0,0,1,0,1,-1,1,0,4,3,3,-1,[ OK ]
2611.3,4/8/2026 11:56:09 AM,6814,101.8,0,0.8277,0.04176,0.5218,1.523,0,0,0,100,16.28,0.003706,0,200,0,0,0,1,0,1,-1,1,0,4,3,3,-1,[ OK ]
2611.9,4/8/2026 11:56:10 AM,6815,101.8,0,0.3661,0.04225,0.521,1.532,0,0,0,100,16.28,0.0029,0,200,0,0,0,1,0,1,-1,1,0,4,3,3,-1,[ OK ]
2612.3,4/8/2026 11:56:10 AM,6815,101.8,0,0.7481,0.04255,0.5215,1.527,0,0,0,100,16.28,0.00282,0.02538,200,0,0,0,1,0,1,-1,1,0,4,3,3,-1,[ OK ]
2612.9,4/8/2026 11:56:11 AM,6816,101.8,0,1.544,0.04156,0.5212,1.53,0,0,0,100,16.28,0.0029,0,200,0,0,0,1,0,1,-1,1,0,4,3,3,-1,[ OK ]
2613.3,4/8/2026 11:56:11 AM,6816,101.8,0,0.9232,0.04245,0.5211,1.532,0,0,0,100,16.28,0.003182,0,200,0,0,0,1,0,1,-1,1,0,4,3,3,-1,[ OK ]
2613.9,4/8/2026 11:56:12 AM,6817,101.8,0,0.9391,0.03838,0.5208,1.536,0,0,0,100,16.28,0.002981,0,200,0,0,0,1,0,1,-1,1,0,4,3,3,-1,[ OK ]
2614.3,4/8/2026 11:56:12 AM,6817,101.8,0,0.9391,0.04215,0.5214,1.529,0,0,0,100,16.28,0.003021,0,200,0,0,0,1,0,1,-1,1,0,4,3,3,-1,[ OK ]
2614.7,4/8/2026 11:56:13 AM,6818,101.8,0,0.9232,0.04126,0.5211,1.532,0,0,0,100,16.28,0.005277,0,200,0,0,0,1,0,1,-1,1,0,4,3,3,-1,[ OK ]
2615.3,4/8/2026 11:56:13 AM,6818,101.8,0,1.21,0.04126,0.5209,1.534,0,0,0,100,16.28,0.0029,0,200,0,0,0,1,0,1,-1,1,0,4,3,3,-1,[ OK ]
2615.8,4/8/2026 11:56:14 AM,6819,101.8,0,0.78,0.04255,0.5215,1.527,0,0,0,100,16.28,0.003948,0.006345,200,0,0,0,1,0,1,-1,1,0,4,3,3,-1,[ OK ]
2616.4,4/8/2026 11:56:14 AM,6819,101.8,0,1.019,0.04106,0.5216,1.526,0,0,0,100,16.28,0.0029,0,200,0,0,0,1,0,1,-1,1,0,4,3,3,-1,[ OK ]
2616.8,4/8/2026 11:56:15 AM,6820,101.8,0,0.8755,0.04176,0.5212,1.531,0,0,0,100,16.28,0.002417,0,200,0,0,0,1,0,1,-1,1,0,4,3,3,-1,[ OK ]
2617.1,4/8/2026 11:56:15 AM,6820,101.8,0,0.9551,0.04255,0.5216,1.527,0,0,0,100,16.28,0.002457,0,200,0,0,0,1,0,1,-1,1,0,4,3,3,-1,[ OK ]
2617.7,4/8/2026 11:56:16 AM,6821,101.8,0,0.971,0.03799,0.5213,1.53,0,0,0,100,16.28,0.00278,0.1523,200,0,0,0,1,0,1,-1,1,0,4,3,3,-1,[ OK ]
2618.2,4/8/2026 11:56:16 AM,6821,101.8,0,0.5571,0.04255,0.5209,1.534,0,0,0,100,16.28,0.001571,0,200,0,0,0,1,0,1,-1,1,0,4,3,3,-1,[ OK ]
2618.8,4/8/2026 11:56:17 AM,6822,101.8,0,1.13,0.04116,0.5209,1.533,0,0,0,100,16.28,0.0029,0,200,0,0,0,1,0,1,-1,1,0,4,3,3,-1,[ OK ]
2619.3,4/8/2026 11:56:17 AM,6822,101.8,0,1.655,0.04176,0.5213,1.529,0,0,0,100,16.28,0.003505,0.02538,200,0,0,0,1,0,1,-1,1,0,4,3,3,-1,[ OK ]
2619.9,4/8/2026 11:56:18 AM,6823,101.8,0,0.764,0.04265,0.5217,1.524,0,0,0,100,16.28,0.00282,0.04441,200,0,0,0,1,0,1,-1,1,0,4,3,3,-1,[ OK ]
2620.4,4/8/2026 11:56:19 AM,6823,101.8,0,1.019,0.04215,0.5209,1.532,0,0,0,100,16.28,0.003988,0.006345,200,0,0,0,1,0,1,-1,1,0,4,3,3,-1,[ OK ]
2620.9,4/8/2026 11:56:19 AM,6824,101.8,0,1.401,0.04275,0.5209,1.533,0,0,0,100,16.28,0.001652,0,200,0,0,0,1,0,1,-1,1,0,4,3,3,-1,[ OK ]
2621.3,4/8/2026 11:56:19 AM,6824,101.8,0,1.655,0.04176,0.5216,1.525,0,0,0,100,16.28,0.002578,0.1205,200,0,0,0,1,0,1,-1,1,0,4,3,3,-1,[ OK ]
2621.7,4/8/2026 11:56:20 AM,6825,101.8,0,0.7959,0.04513,0.5207,1.535,0,0,0,100,16.28,0.0029,0.01903,200,0,0,0,1,0,1,-1,1,0,4,3,3,-1,[ OK ]
2622.2,4/8/2026 11:56:20 AM,6825,101.8,0,0.8118,0.04215,0.5213,1.528,0,0,0,100,16.28,0.002417,0,200,0,0,0,1,0,1,-1,1,0,4,3,3,-1,[ OK ]
2622.6,4/8/2026 11:56:21 AM,6825,101.8,0,0.9391,0.04245,0.5209,1.531,0,0,0,100,16.28,0.0029,0,200,0,0,0,1,0,1,-1,1,0,4,3,3,-1,[ OK ]
2623.0,4/8/2026 11:56:21 AM,6826,101.8,0,0.573,0.04156,0.5208,1.532,0,0,0,100,16.28,0.002498,0.01269,200,0,0,0,1,0,1,-1,1,0,4,3,3,-1,[ OK ]
2623.5,4/8/2026 11:56:22 AM,6826,101.8,0,1.035,0.04195,0.5206,1.535,0,0,0,100,16.28,0.001692,0,200,0,0,0,1,0,1,-1,1,0,4,3,3,-1,[ OK ]
2623.9,4/8/2026 11:56:22 AM,6827,101.8,0,0.5094,0.04195,0.5217,1.522,0,0,0,100,16.28,0.002578,0.02538,200,0,0,0,1,0,1,-1,1,0,4,3,3,-1,[ OK ]
2624.3,4/8/2026 11:56:22 AM,6827,101.8,0,0.382,0.04285,0.5216,1.523,0,0,0,100,16.28,0.003182,0,200,0,0,0,1,0,1,-1,1,0,4,3,3,-1,[ OK ]
2624.8,4/8/2026 11:56:23 AM,6828,101.8,0,0.3979,0.03967,0.5214,1.526,0,0,0,100,16.28,0.002578,0,200,0,0,0,1,0,1,-1,1,0,4,3,3,-1,[ OK ]
2625.2,4/8/2026 11:56:23 AM,6828,101.8,0,1.003,0.04225,0.5208,1.533,0,0,0,100,16.28,0.002578,0,200,0,0,0,1,0,1,-1,1,0,4,3,3,-1,[ OK ]
2625.6,4/8/2026 11:56:24 AM,6829,101.8,0,1.512,0.03818,0.521,1.53,0,0,0,100,16.28,0.00286,0.006345,200,0,0,0,1,0,1,-1,1,0,4,3,3,-1,[ OK ]
2626.1,4/8/2026 11:56:24 AM,6829,101.8,0,1.162,0.04285,0.5215,1.525,0,0,0,100,16.28,0.002941,0,200,0,0,0,1,0,1,-1,1,0,4,3,3,-1,[ OK ]
2626.5,4/8/2026 11:56:25 AM,6829,101.8,0,1.162,0.04215,0.521,1.53,0,0,0,100,16.28,0.003263,0,200,0,0,0,1,0,1,-1,1,0,4,3,3,-1,[ OK ]
2626.9,4/8/2026 11:56:25 AM,6830,101.8,0,0.8277,0.04314,0.5211,1.528,0,0,0,100,16.28,0.002578,0,200,0,0,0,1,0,1,-1,1,0,4,3,3,-1,[ OK ]
2627.4,4/8/2026 11:56:25 AM,6830,101.8,0,1.066,0.04225,0.521,1.53,0,0,0,100,16.28,0.0029,0.03172,200,0,0,0,1,0,1,-1,1,0,4,3,3,-1,[ OK ]
2627.8,4/8/2026 11:56:26 AM,6831,101.8,0,0.971,0.04205,0.5213,1.528,0,0,0,100,16.28,0.002216,0.1459,200,0,0,0,1,0,1,-1,1,0,4,3,3,-1,[ OK ]
2628.2,4/8/2026 11:56:26 AM,6831,101.8,0,1.082,0.03878,0.521,1.531,0,0,0,100,16.28,0.002618,0,200,0,0,0,1,0,1,-1,1,0,4,3,3,-1,[ OK ]
2628.7,4/8/2026 11:56:27 AM,6832,101.8,0,1.082,0.04285,0.5207,1.534,0,0,0,100,16.28,0.002659,0,200,0,0,0,1,0,1,-1,1,0,4,3,3,-1,[ OK ]
2629.0,4/8/2026 11:56:27 AM,6832,101.8,0,0.764,0.04255,0.5209,1.532,0,0,0,100,16.28,0.001692,0,200,0,0,0,1,0,1,-1,1,0,4,3,3,-1,[ OK ]
2629.4,4/8/2026 11:56:28 AM,6832,101.8,0,1.003,0.04414,0.5217,1.524,0,0,0,100,16.28,0.002578,0.03807,200,0,0,0,1,0,1,-1,1,0,4,3,3,-1,[ OK ]
2629.9,4/8/2026 11:56:28 AM,6833,101.8,0,0.9391,0.03809,0.5217,1.524,0,0,0,100,16.28,0.00286,0.006345,200,0,0,0,1,0,1,-1,1,0,4,3,3,-1,[ OK ]
2630.3,4/8/2026 11:56:28 AM,6833,101.8,0,0.3024,0.04473,0.5216,1.525,0,0,0,100,16.28,0.002498,0.01269,200,0,0,0,1,0,1,-1,1,0,4,3,3,-1,[ OK ]
2630.8,4/8/2026 11:56:29 AM,6834,101.8,0,0.971,0.03868,0.5219,1.522,0,0,0,100,16.28,0.002538,0,200,0,0,0,1,0,1,-1,1,0,4,3,3,-1,[ OK ]
2631.2,4/8/2026 11:56:29 AM,6834,101.8,0,1.13,0.04235,0.5217,1.523,0,0,0,100,16.28,0.001772,0,200,0,0,0,1,0,1,-1,1,0,4,3,3,-1,[ OK ]
2631.6,4/8/2026 11:56:30 AM,6835,101.8,0,1.082,0.04156,0.5209,1.532,0,0,0,100,16.28,0.002739,0,200,0,0,0,1,0,1,-1,1,0,4,3,3,-1,[ OK ]
2632.1,4/8/2026 11:56:30 AM,6835,101.8,0,1.496,0.04513,0.5209,1.532,0,0,0,100,16.28,0.00286,0,200,0,0,0,1,0,1,-1,1,0,4,3,3,-1,[ OK ]
2632.5,4/8/2026 11:56:31 AM,6835,101.8,0,0.764,0.04245,0.5211,1.531,0,0,0,100,16.28,0.002699,0,200,0,0,0,1,0,1,-1,1,0,4,3,3,-1,[ OK ]
2633.0,4/8/2026 11:56:31 AM,6836,101.8,0,1.082,0.04205,0.5219,1.522,0,0,0,100,16.28,0.002941,0,200,0,0,0,1,0,1,-1,1,0,4,3,3,-1,[ OK ]
2633.5,4/8/2026 11:56:32 AM,6836,101.8,0,0.8277,0.03908,0.5216,1.525,0,0,0,100,16.28,0.002256,0,200,0,0,0,1,0,1,-1,1,0,4,3,3,-1,[ OK ]
2633.9,4/8/2026 11:56:32 AM,6837,101.8,0,1.035,0.04295,0.5212,1.529,0,0,0,100,16.28,0.002659,0,200,0,0,0,1,0,1,-1,1,0,4,3,3,-1,[ OK ]
2634.3,4/8/2026 11:56:32 AM,6837,101.8,0,0.8118,0.04245,0.5213,1.528,0,0,0,100,16.28,0.00282,0.04441,200,0,0,0,1,0,1,-1,1,0,4,3,3,-1,[ OK ]
2634.8,4/8/2026 11:56:33 AM,6838,101.8,0,0.971,0.04106,0.5218,1.523,0,0,0,100,16.28,0.002578,0,200,0,0,0,1,0,1,-1,1,0,4,3,3,-1,[ OK ]
2635.2,4/8/2026 11:56:33 AM,6838,101.8,0,0.9391,0.04285,0.5217,1.523,0,0,0,100,16.28,0.002578,0,200,0,0,0,1,0,1,-1,1,0,4,3,3,-1,[ OK ]
2635.6,4/8/2026 11:56:34 AM,6839,101.8,0,0.8914,0.04235,0.5217,1.523,0,0,0,100,16.28,0.00278,0.006345,200,0,0,0,1,0,1,-1,1,0,4,3,3,-1,[ OK ]
2636.1,4/8/2026 11:56:34 AM,6839,101.8,0,0.9391,0.04453,0.5214,1.526,0,0,0,100,16.28,0.002417,0,200,0,0,0,1,0,1,-1,1,0,4,3,3,-1,[ OK ]
2636.5,4/8/2026 11:56:35 AM,6839,101.8,0,1.003,0.04195,0.5211,1.53,0,0,0,100,16.28,0.00282,0.01903,200,0,0,0,1,0,1,-1,1,0,4,3,3,-1,[ OK ]
2636.9,4/8/2026 11:56:35 AM,6840,101.8,0,0.6367,0.04275,0.5216,1.524,0,0,0,100,16.28,0.003182,0,200,0,0,0,1,0,1,-1,1,0,4,3,3,-1,[ OK ]
2637.4,4/8/2026 11:56:35 AM,6840,101.8,0,1.066,0.04186,0.5208,1.532,0,0,0,100,16.28,0.0029,0.006345,200,0,0,0,1,0,1,-1,1,0,4,3,3,-1,[ OK ]
2637.8,4/8/2026 11:56:36 AM,6841,101.8,0,0.764,0.04195,0.5215,1.524,0,0,0,100,16.28,0.004149,0,200,0,0,0,1,0,1,-1,1,0,4,3,3,-1,[ OK ]
2638.2,4/8/2026 11:56:36 AM,6841,101.8,0,1.226,0.04136,0.5208,1.532,0,0,0,100,16.28,0.003867,0,200,0,0,0,1,0,1,-1,1,0,4,3,3,-1,[ OK ]
2638.7,4/8/2026 11:56:37 AM,6842,101.8,0,1.13,0.04265,0.5208,1.532,0,0,0,100,16.28,0.00286,0.006345,200,0,0,0,1,0,1,-1,1,0,4,3,3,-1,[ OK ]
2639.2,4/8/2026 11:56:37 AM,6842,101.8,0,0.9073,0.04275,0.5208,1.532,0,0,0,100,16.28,0.002618,0,200,0,0,0,1,0,1,-1,1,0,4,3,3,-1,[ OK ]
2639.7,4/8/2026 11:56:38 AM,6843,101.8,0,1.098,0.04116,0.5218,1.522,0,0,0,100,16.28,0.003182,0.06345,200,0,0,0,1,0,1,-1,1,0,4,3,3,-1,[ OK ]
2640.1,4/8/2026 11:56:38 AM,6843,101.8,0,1.321,0.04414,0.5217,1.523,0,0,0,100,16.28,0.00282,0.01269,200,0,0,0,1,0,1,-1,1,0,4,3,3,-1,[ OK ]
2640.5,4/8/2026 11:56:39 AM,6843,101.8,0,1.178,0.04057,0.5215,1.526,0,0,0,100,16.28,0.001531,0,200,0,0,0,1,0,1,-1,1,0,4,3,3,-1,[ OK ]
2641.0,4/8/2026 11:56:39 AM,6844,101.8,0,0.5094,0.04255,0.5216,1.526,0,0,0,100,16.28,0.003867,0,200,0,0,0,1,0,1,-1,1,0,4,3,3,-1,[ OK ]
2641.4,4/8/2026 11:56:39 AM,6844,101.8,0,1.051,0.04195,0.5211,1.531,0,0,0,100,16.28,0.002578,0.05076,200,0,0,0,1,0,1,-1,1,0,4,3,3,-1,[ OK ]
2641.9,4/8/2026 11:56:40 AM,6845,101.8,0,1.019,0.04553,0.5215,1.527,0,0,0,100,16.28,0.003102,0,200,0,0,0,1,0,1,-1,1,0,4,3,3,-1,[ OK ]
2642.3,4/8/2026 11:56:40 AM,6845,101.8,0,1.019,0.04275,0.5218,1.523,0,0,0,100,16.28,0.003867,0,200,0,0,0,1,0,1,-1,1,0,4,3,3,-1,[ OK ]
2642.7,4/8/2026 11:56:41 AM,6846,101.8,0,0.5253,0.04176,0.5216,1.525,0,0,0,100,16.28,0.003867,0,200,0,0,0,1,0,1,-1,1,0,4,3,3,-1,[ OK ]
2643.1,4/8/2026 11:56:41 AM,6846,101.8,0,1.464,0.03858,0.5208,1.533,0,0,0,100,16.28,0.003182,0,200,0,0,0,1,0,1,-1,1,0,4,3,3,-1,[ OK ]
2643.6,4/8/2026 11:56:42 AM,6846,101.8,0,1.066,0.04146,0.5212,1.53,0,0,0,100,16.28,0.0029,0,200,0,0,0,1,0,1,-1,1,0,4,3,3,-1,[ OK ]
2644.1,4/8/2026 11:56:42 AM,6847,101.8,0,0.8914,0.04235,0.5209,1.532,0,0,0,100,16.28,0.0029,0,200,0,0,0,1,0,1,-1,1,0,4,3,3,-1,[ OK ]
2644.6,4/8/2026 11:56:43 AM,6847,101.8,0,0.9073,0.04176,0.5212,1.529,0,0,0,100,16.28,0.001893,0,200,0,0,0,1,0,1,-1,1,0,4,3,3,-1,[ OK ]
2645.0,4/8/2026 11:56:43 AM,6848,101.8,0,0.5094,0.03809,0.5206,1.535,0,0,0,100,16.28,0.0029,0,200,0,0,0,1,0,1,-1,1,0,4,3,3,-1,[ OK ]
2645.4,4/8/2026 11:56:44 AM,6848,101.8,0,0.8118,0.03967,0.5208,1.533,0,0,0,100,16.28,0.002941,0,200,0,0,0,1,0,1,-1,1,0,4,3,3,-1,[ OK ]
2645.9,4/8/2026 11:56:44 AM,6849,101.8,0,1.496,0.03868,0.5214,1.526,0,0,0,100,16.28,0.003746,0.01269,200,0,0,0,1,0,1,-1,1,0,4,3,3,-1,[ OK ]
2646.3,4/8/2026 11:56:44 AM,6849,101.8,0,0.6208,0.04285,0.5209,1.532,0,0,0,100,16.28,0.002538,0.03172,200,0,0,0,1,0,1,-1,1,0,4,3,3,-1,[ OK ]
2646.7,4/8/2026 11:56:45 AM,6850,101.8,0,1.146,0.04225,0.5216,1.526,0,0,0,100,16.28,0.002699,0.006345,200,0,0,0,1,0,1,-1,1,0,4,3,3,-1,[ OK ]
2647.2,4/8/2026 11:56:45 AM,6850,101.8,0,0.7004,0.04255,0.5212,1.53,0,0,0,100,16.28,0.001893,0,200,0,0,0,1,0,1,-1,1,0,4,3,3,-1,[ OK ]
2647.6,4/8/2026 11:56:46 AM,6850,101.8,0,0.6845,0.04334,0.521,1.532,0,0,0,100,16.28,0.003988,0.006345,200,0,0,0,1,0,1,-1,1,0,4,3,3,-1,[ OK ]
2648.0,4/8/2026 11:56:46 AM,6851,101.8,0,1.003,0.04592,0.5215,1.527,0,0,0,100,16.28,0.00286,0,200,0,0,0,1,0,1,-1,1,0,4,3,3,-1,[ OK ]
2648.5,4/8/2026 11:56:47 AM,6851,101.8,0,1.146,0.04225,0.521,1.532,0,0,0,100,16.28,0.002538,0,200,0,0,0,1,0,1,-1,1,0,4,3,3,-1,[ OK ]
2648.9,4/8/2026 11:56:47 AM,6852,101.8,0,0.9073,0.04176,0.5209,1.533,0,0,0,100,16.28,0.002578,0,200,0,0,0,1,0,1,-1,1,0,4,3,3,-1,[ OK ]
2649.3,4/8/2026 11:56:47 AM,6852,101.8,0,0.9073,0.04176,0.5219,1.522,0,0,0,100,16.28,0.003062,0.09517,200,0,0,0,1,0,1,-1,1,0,4,3,3,-1,[ OK ]
2649.9,4/8/2026 11:56:48 AM,6853,101.8,0,0.9551,0.04136,0.5211,1.531,0,0,0,100,16.28,0.002618,0.05076,200,0,0,0,1,0,1,-1,1,0,4,3,3,-1,[ OK ]
2650.5,4/8/2026 11:56:49 AM,6853,101.8,0,1.019,0.03967,0.5212,1.531,0,0,0,100,16.28,0.003505,0,200,0,0,0,1,0,1,-1,1,0,4,3,3,-1,[ OK ]
2650.9,4/8/2026 11:56:49 AM,6854,101.8,0,1.146,0.04424,0.5211,1.531,0,0,0,100,16.28,0.002498,0.006345,200,0,0,0,1,0,1,-1,1,0,4,3,3,-1,[ OK ]
2651.3,4/8/2026 11:56:49 AM,6854,101.8,0,0.3979,0.04116,0.5217,1.524,0,0,0,100,16.28,0.00286,0,200,0,0,0,1,0,1,-1,1,0,4,3,3,-1,[ OK ]
2651.8,4/8/2026 11:56:50 AM,6855,101.8,0,1.528,0.04255,0.5214,1.527,0,0,0,100,16.28,0.002699,0.1459,200,0,0,0,1,0,1,-1,1,0,4,3,3,-1,[ OK ]
2652.3,4/8/2026 11:56:50 AM,6855,101.8,0,0.3979,0.04086,0.5218,1.522,0,0,0,100,16.28,0.002538,0,200,0,0,0,1,0,1,-1,1,0,4,3,3,-1,[ OK ]
2652.7,4/8/2026 11:56:51 AM,6856,101.8,0,1.496,0.04195,0.5208,1.533,0,0,0,100,16.28,0.001772,0,200,0,0,0,1,0,1,-1,1,0,4,3,3,-1,[ OK ]
2653.2,4/8/2026 11:56:51 AM,6856,101.8,0,0.3661,0.04166,0.5216,1.524,0,0,0,100,16.28,0.003787,0,200,0,0,0,1,0,1,-1,1,0,4,3,3,-1,[ OK ]
2653.6,4/8/2026 11:56:52 AM,6856,101.8,0,0.9391,0.04106,0.5211,1.529,0,0,0,100,16.28,0.003626,0.1459,200,0,0,0,1,0,1,-1,1,0,4,3,3,-1,[ OK ]
2654.2,4/8/2026 11:56:52 AM,6857,101.8,0,1.576,0.04235,0.5215,1.525,0,0,0,100,16.28,0.002538,0.03807,200,0,0,0,1,0,1,-1,1,0,4,3,3,-1,[ OK ]
2654.7,4/8/2026 11:56:53 AM,6858,101.8,0,0.9232,0.04136,0.5208,1.532,0,0,0,100,16.28,0.001611,0.09517,200,0,0,0,1,0,1,-1,1,0,4,3,3,-1,[ OK ]
2655.3,4/8/2026 11:56:53 AM,6858,101.8,0,1.035,0.04195,0.5211,1.528,0,0,0,100,16.28,0.002618,0,200,0,0,0,1,0,1,-1,1,0,4,3,3,-1,[ OK ]
2655.7,4/8/2026 11:56:54 AM,6859,101.8,0,0.8755,0.04513,0.521,1.529,0,0,0,100,16.28,0.002578,0,200,0,0,0,1,0,1,-1,1,0,4,3,3,-1,[ OK ]
2656.1,4/8/2026 11:56:54 AM,6859,101.8,0,1.066,0.04106,0.5214,1.526,0,0,0,100,16.28,0.002659,0,200,0,0,0,1,0,1,-1,1,0,4,3,3,-1,[ OK ]
2656.6,4/8/2026 11:56:55 AM,6859,101.8,0,0.9551,0.04295,0.5209,1.532,0,0,0,100,16.28,0.0029,0.02538,200,0,0,0,1,0,1,-1,1,0,4,3,3,-1,[ OK ]
2657.0,4/8/2026 11:56:55 AM,6860,101.8,0,0.8755,0.04146,0.521,1.531,0,0,0,100,16.28,0.00141,0,200,0,0,0,1,0,1,-1,1,0,4,3,3,-1,[ OK ]
2657.4,4/8/2026 11:56:56 AM,6860,101.8,0,1.082,0.04195,0.5217,1.525,0,0,0,100,16.28,0.002498,0,200,0,0,0,1,0,1,-1,1,0,4,3,3,-1,[ OK ]
2658.0,4/8/2026 11:56:56 AM,6861,101.8,0,0.8755,0.04195,0.5214,1.527,0,0,0,100,16.28,0.003585,0.02538,200,0,0,0,1,0,1,-1,1,0,4,3,3,-1,[ OK ]
2658.4,4/8/2026 11:56:57 AM,6861,101.8,0,1.289,0.04245,0.5208,1.533,0,0,0,100,16.28,0.003827,0,200,0,0,0,1,0,1,-1,1,0,4,3,3,-1,[ OK ]
2658.9,4/8/2026 11:56:57 AM,6862,101.8,0,0.9232,0.04265,0.521,1.531,0,0,0,100,16.28,0.002498,0.006345,200,0,0,0,1,0,1,-1,1,0,4,3,3,-1,[ OK ]
2659.3,4/8/2026 11:56:57 AM,6862,101.8,0,0.8596,0.04225,0.5206,1.536,0,0,0,100,16.28,0.00282,0,200,0,0,0,1,0,1,-1,1,0,4,3,3,-1,[ OK ]
2659.8,4/8/2026 11:56:58 AM,6863,101.8,0,1.353,0.03967,0.5219,1.521,0,0,0,100,16.28,0.002216,0.006345,200,0,0,0,1,0,1,-1,1,0,4,3,3,-1,[ OK ]
2660.4,4/8/2026 11:56:58 AM,6863,101.8,0,1.082,0.04116,0.521,1.531,0,0,0,100,16.28,0.003827,0.04441,200,0,0,0,1,0,1,-1,1,0,4,3,3,-1,[ OK ]
2660.8,4/8/2026 11:56:59 AM,6864,101.8,0,1.003,0.04424,0.5217,1.523,0,0,0,100,16.28,0.002498,0,200,0,0,0,1,0,1,-1,1,0,4,3,3,-1,[ OK ]
2661.3,4/8/2026 11:56:59 AM,6864,101.8,0,0.6367,0.04453,0.5219,1.521,0,0,0,100,16.28,0.003062,0,200,0,0,0,1,0,1,-1,1,0,4,3,3,-1,[ OK ]
2661.7,4/8/2026 11:57:00 AM,6865,101.8,0,0.9232,0.04275,0.5215,1.525,0,0,0,100,16.28,0.002498,0,200,0,0,0,1,0,1,-1,1,0,4,3,3,-1,[ OK ]
2662.2,4/8/2026 11:57:00 AM,6865,101.8,0,1.496,0.03858,0.5209,1.531,0,0,0,100,16.28,0.003182,0,200,0,0,0,1,0,1,-1,1,0,4,3,3,-1,[ OK ]
2662.8,4/8/2026 11:57:01 AM,6866,101.8,0,0.8118,0.04146,0.5209,1.532,0,0,0,100,16.28,0.002739,0,200,0,0,0,1,0,1,-1,1,0,4,3,3,-1,[ OK ]
2663.2,4/8/2026 11:57:01 AM,6866,101.8,0,1.035,0.04295,0.5208,1.534,0,0,0,100,16.28,0.002538,0,200,0,0,0,1,0,1,-1,1,0,4,3,3,-1,[ OK ]
2663.7,4/8/2026 11:57:02 AM,6867,101.8,0,1.019,0.04176,0.5218,1.522,0,0,0,100,16.28,0.002618,0.02538,200,0,0,0,1,0,1,-1,1,0,4,3,3,-1,[ OK ]
2664.1,4/8/2026 11:57:02 AM,6867,101.8,0,1.019,0.04176,0.5215,1.526,0,0,0,100,16.28,0.003746,0.1079,200,0,0,0,1,0,1,-1,1,0,4,3,3,-1,[ OK ]
2664.5,4/8/2026 11:57:03 AM,6867,101.8,0,0.7322,0.04295,0.5208,1.534,0,0,0,100,16.28,0.002578,0,200,0,0,0,1,0,1,-1,1,0,4,3,3,-1,[ OK ]
2665.1,4/8/2026 11:57:03 AM,6868,101.8,0,0.5094,0.04255,0.5211,1.531,0,0,0,100,16.28,0.002256,0,200,0,0,0,1,0,1,-1,1,0,4,3,3,-1,[ OK ]
2665.5,4/8/2026 11:57:04 AM,6868,101.8,0,0.764,0.04215,0.5214,1.528,0,0,0,100,16.28,0.003062,0.01903,200,0,0,0,1,0,1,-1,1,0,4,3,3,-1,[ OK ]
2665.9,4/8/2026 11:57:04 AM,6869,101.8,0,1.051,0.04453,0.5218,1.524,0,0,0,100,16.28,0.002578,0,200,0,0,0,1,0,1,-1,1,0,4,3,3,-1,[ OK ]
2666.4,4/8/2026 11:57:04 AM,6869,101.8,0,0.8436,0.04314,0.521,1.532,0,0,0,100,16.28,0.002941,0.02538,200,0,0,0,1,0,1,-1,1,0,4,3,3,-1,[ OK ]
2666.8,4/8/2026 11:57:05 AM,6870,101.8,0,1.098,0.04195,0.5212,1.53,0,0,0,100,16.28,0.00286,0.01269,200,0,0,0,1,0,1,-1,1,0,4,3,3,-1,[ OK ]
2667.3,4/8/2026 11:57:05 AM,6870,101.8,0,1.066,0.04463,0.5218,1.524,0,0,0,100,16.28,0.002377,0,200,0,0,0,1,0,1,-1,1,0,4,3,3,-1,[ OK ]
2667.7,4/8/2026 11:57:06 AM,6871,101.8,0,0.8596,0.03838,0.521,1.533,0,0,0,100,16.28,0.002699,0.006345,200,0,0,0,1,0,1,-1,1,0,4,3,3,-1,[ OK ]
2668.1,4/8/2026 11:57:06 AM,6871,101.8,0,0.8596,0.04146,0.521,1.531,0,0,0,100,16.28,0.003666,0,200,0,0,0,1,0,1,-1,1,0,4,3,3,-1,[ OK ]
2668.6,4/8/2026 11:57:07 AM,6871,101.8,0,0.9551,0.04612,0.5212,1.53,0,0,0,100,16.28,0.002578,0.01269,200,0,0,0,1,0,1,-1,1,0,4,3,3,-1,[ OK ]
2669.1,4/8/2026 11:57:07 AM,6872,101.8,0,1.146,0.04166,0.5218,1.524,0,0,0,100,16.28,0.003867,0,200,0,0,0,1,0,1,-1,1,0,4,3,3,-1,[ OK ]
2669.7,4/8/2026 11:57:08 AM,6873,101.8,0,0.764,0.04186,0.5211,1.53,0,0,0,100,16.28,0.003908,0.1777,200,0,0,0,1,0,1,-1,1,0,4,3,3,-1,[ OK ]
2670.1,4/8/2026 11:57:08 AM,6873,101.8,0,1.194,0.04235,0.5209,1.534,0,0,0,100,16.28,0.003062,0.006345,200,0,0,0,1,0,1,-1,1,0,4,3,3,-1,[ OK ]
2670.5,4/8/2026 11:57:09 AM,6873,101.8,0,1.066,0.04176,0.5217,1.524,0,0,0,100,16.28,0.00278,0.1777,200,0,0,0,1,0,1,-1,1,0,4,3,3,-1,[ OK ]
2671.1,4/8/2026 11:57:09 AM,6874,101.8,0,0.7481,0.04265,0.5215,1.525,0,0,0,100,16.28,0.003021,0,200,0,0,0,1,0,1,-1,1,0,4,3,3,-1,[ OK ]
2671.5,4/8/2026 11:57:10 AM,6874,101.8,0,0.382,0.03858,0.5218,1.521,0,0,0,100,16.28,0.002618,0,200,0,0,0,1,0,1,-1,1,0,4,3,3,-1,[ OK ]
2672.0,4/8/2026 11:57:10 AM,6875,101.8,0,1.162,0.04334,0.5211,1.529,0,0,0,100,16.28,0.00278,0.1459,200,0,0,0,1,0,1,-1,1,0,4,3,3,-1,[ OK ]
2672.4,4/8/2026 11:57:10 AM,6875,101.8,0,1.066,0.04195,0.521,1.531,0,0,0,100,16.28,0.002659,0,200,0,0,0,1,0,1,-1,1,0,4,3,3,-1,[ OK ]
2672.8,4/8/2026 11:57:11 AM,6876,101.8,0,1.512,0.04215,0.5206,1.535,0,0,0,100,16.28,0.001249,0.006345,200,0,0,0,1,0,1,-1,1,0,4,3,3,-1,[ OK ]
2673.2,4/8/2026 11:57:11 AM,6876,101.8,0,0.9551,0.04037,0.5215,1.525,0,0,0,100,16.28,0.002498,0,200,0,0,0,1,0,1,-1,1,0,4,3,3,-1,[ OK ]
2673.6,4/8/2026 11:57:12 AM,6876,101.8,0,0.5253,0.04176,0.5214,1.527,0,0,0,100,16.28,0.002578,0,200,0,0,0,1,0,1,-1,1,0,4,3,3,-1,[ OK ]
2674.0,4/8/2026 11:57:12 AM,6877,101.8,0,1.019,0.04255,0.5208,1.533,0,0,0,100,16.28,0.00141,0.006345,200,0,0,0,1,0,1,-1,1,0,4,3,3,-1,[ OK ]
2674.5,4/8/2026 11:57:13 AM,6877,101.8,0,0.9869,0.04176,0.5213,1.528,0,0,0,100,16.28,0.002618,0,200,0,0,0,1,0,1,-1,1,0,4,3,3,-1,[ OK ]
2674.9,4/8/2026 11:57:13 AM,6878,101.8,0,0.764,0.03977,0.5208,1.533,0,0,0,100,16.28,0.00278,0,200,0,0,0,1,0,1,-1,1,0,4,3,3,-1,[ OK ]
2675.3,4/8/2026 11:57:13 AM,6878,101.8,0,1.464,0.04562,0.5218,1.523,0,0,0,100,16.28,0.0029,0.01269,200,0,0,0,1,0,1,-1,1,0,4,3,3,-1,[ OK ]
2675.8,4/8/2026 11:57:14 AM,6879,101.8,0,0.4775,0.04245,0.5219,1.521,0,0,0,100,16.28,0.002578,0.03172,200,0,0,0,1,0,1,-1,1,0,4,3,3,-1,[ OK ]
2676.1,4/8/2026 11:57:14 AM,6879,101.8,0,0.9869,0.04414,0.5211,1.53,0,0,0,100,16.28,0.002739,0,200,0,0,0,1,0,1,-1,1,0,4,3,3,-1,[ OK ]
2676.5,4/8/2026 11:57:15 AM,6879,101.8,0,1.305,0.04255,0.5214,1.527,0,0,0,100,16.28,0.002457,0,200,0,0,0,1,0,1,-1,1,0,4,3,3,-1,[ OK ]
2677.0,4/8/2026 11:57:15 AM,6880,101.8,0,1.082,0.04136,0.5214,1.526,0,0,0,100,16.28,0.00286,0.01269,200,0,0,0,1,0,1,-1,1,0,4,3,3,-1,[ OK ]
2677.4,4/8/2026 11:57:15 AM,6880,101.8,0,0.5571,0.04265,0.521,1.531,0,0,0,100,16.28,0.002417,0,200,0,0,0,1,0,1,-1,1,0,4,3,3,-1,[ OK ]
2677.8,4/8/2026 11:57:16 AM,6881,101.8,0,0.9391,0.04176,0.5212,1.528,0,0,0,100,16.28,0.003182,0,200,0,0,0,1,0,1,-1,1,0,4,3,3,-1,[ OK ]
2678.4,4/8/2026 11:57:16 AM,6881,101.8,0,0.4616,0.04176,0.5211,1.53,0,0,0,100,16.28,0.002498,0.165,200,0,0,0,1,0,1,-1,1,0,4,3,3,-1,[ OK ]
2678.8,4/8/2026 11:57:17 AM,6882,101.8,0,0.9869,0.03848,0.5217,1.524,0,0,0,100,16.28,0.00278,0,200,0,0,0,1,0,1,-1,1,0,4,3,3,-1,[ OK ]
2679.4,4/8/2026 11:57:17 AM,6882,101.8,0,1.449,0.04562,0.5217,1.523,0,0,0,100,16.28,0.002256,0,200,0,0,0,1,0,1,-1,1,0,4,3,3,-1,[ OK ]
2679.8,4/8/2026 11:57:18 AM,6883,101.8,0,1.13,0.04186,0.5212,1.529,0,0,0,100,16.28,0.003182,0.02538,200,0,0,0,1,0,1,-1,1,0,4,3,3,-1,[ OK ]
2680.2,4/8/2026 11:57:18 AM,6883,101.8,0,0.8596,0.04314,0.5209,1.533,0,0,0,100,16.28,0.002578,0,200,0,0,0,1,0,1,-1,1,0,4,3,3,-1,[ OK ]
2680.7,4/8/2026 11:57:19 AM,6884,101.8,0,0.8914,0.04176,0.5211,1.531,0,0,0,100,16.28,0.00141,0,200,0,0,0,1,0,1,-1,1,0,4,3,3,-1,[ OK ]
2681.1,4/8/2026 11:57:19 AM,6884,101.8,0,0.8118,0.03878,0.5217,1.523,0,0,0,100,16.28,0.002981,0,200,0,0,0,1,0,1,-1,1,0,4,3,3,-1,[ OK ]
2681.5,4/8/2026 11:57:20 AM,6884,101.8,0,0.8914,0.04483,0.5209,1.532,0,0,0,100,16.28,0.00286,0,200,0,0,0,1,0,1,-1,1,0,4,3,3,-1,[ OK ]
2682.0,4/8/2026 11:57:20 AM,6885,101.8,0,0.971,0.03848,0.5215,1.525,0,0,0,100,16.28,0.002417,0,200,0,0,0,1,0,1,-1,1,0,4,3,3,-1,[ OK ]
2682.4,4/8/2026 11:57:20 AM,6885,101.8,0,0.9232,0.04126,0.5214,1.526,0,0,0,100,16.28,0.001732,0,200,0,0,0,1,0,1,-1,1,0,4,3,3,-1,[ OK ]
2682.8,4/8/2026 11:57:21 AM,6886,101.8,0,1.051,0.04215,0.5211,1.529,0,0,0,100,16.28,0.00282,0,200,0,0,0,1,0,1,-1,1,0,4,3,3,-1,[ OK ]
2683.3,4/8/2026 11:57:21 AM,6886,101.8,0,0.7004,0.04245,0.521,1.531,0,0,0,100,16.28,0.002941,0,200,0,0,0,1,0,1,-1,1,0,4,3,3,-1,[ OK ]
2683.7,4/8/2026 11:57:22 AM,6887,101.8,0,1.066,0.0366,0.5211,1.53,0,0,0,100,16.28,0.002659,0.08248,200,0,0,0,1,0,1,-1,1,0,4,3,3,-1,[ OK ]
2684.1,4/8/2026 11:57:22 AM,6887,101.8,0,1.146,0.03908,0.5213,1.527,0,0,0,100,16.28,0.003062,0,200,0,0,0,1,0,1,-1,1,0,4,3,3,-1,[ OK ]
2684.6,4/8/2026 11:57:23 AM,6887,101.8,0,0.2388,0.04195,0.5216,1.523,0,0,0,100,16.28,0.002578,0.02538,200,0,0,0,1,0,1,-1,1,0,4,3,3,-1,[ OK ]
2685.0,4/8/2026 11:57:23 AM,6888,101.8,0,0.8755,0.04225,0.521,1.53,0,0,0,100,16.28,0.002578,0,200,0,0,0,1,0,1,-1,1,0,4,3,3,-1,[ OK ]
2685.4,4/8/2026 11:57:24 AM,6888,101.8,0,0.8755,0.04265,0.5214,1.526,0,0,0,100,16.28,0.00282,0,200,0,0,0,1,0,1,-1,1,0,4,3,3,-1,[ OK ]
2685.9,4/8/2026 11:57:24 AM,6889,101.8,0,0.9391,0.04136,0.5214,1.525,0,0,0,100,16.28,0.00278,0,200,0,0,0,1,0,1,-1,1,0,4,3,3,-1,[ OK ]
2686.3,4/8/2026 11:57:24 AM,6889,101.8,0,1.146,0.04503,0.5208,1.532,0,0,0,100,16.28,0.001853,0,200,0,0,0,1,0,1,-1,1,0,4,3,3,-1,[ OK ]
2686.7,4/8/2026 11:57:25 AM,6890,101.8,0,1.019,0.04305,0.5216,1.523,0,0,0,100,16.28,0.002538,0.01903,200,0,0,0,1,0,1,-1,1,0,4,3,3,-1,[ OK ]
2687.2,4/8/2026 11:57:25 AM,6890,101.8,0,1.528,0.04265,0.5211,1.53,0,0,0,100,16.28,0.002618,0.01903,200,0,0,0,1,0,1,-1,1,0,4,3,3,-1,[ OK ]
2687.6,4/8/2026 11:57:26 AM,6890,101.8,0,1.13,0.03858,0.5216,1.524,0,0,0,100,16.28,0.002699,0,200,0,0,0,1,0,1,-1,1,0,4,3,3,-1,[ OK ]
2688.0,4/8/2026 11:57:26 AM,6891,101.8,0,1.051,0.04106,0.5215,1.525,0,0,0,100,16.28,0.0029,0,200,0,0,0,1,0,1,-1,1,0,4,3,3,-1,[ OK ]
2688.5,4/8/2026 11:57:27 AM,6891,101.8,0,1.48,0.04186,0.5216,1.524,0,0,0,100,16.28,0.002618,0.006345,200,0,0,0,1,0,1,-1,1,0,4,3,3,-1,[ OK ]
2688.9,4/8/2026 11:57:27 AM,6892,101.8,0,0.8436,0.04245,0.5209,1.532,0,0,0,100,16.28,0.003706,0.08248,200,0,0,0,1,0,1,-1,1,0,4,3,3,-1,[ OK ]
2689.4,4/8/2026 11:57:27 AM,6892,101.8,0,0.764,0.03947,0.5214,1.527,0,0,0,100,16.28,0.00282,0.02538,200,0,0,0,1,0,1,-1,1,0,4,3,3,-1,[ OK ]
2689.8,4/8/2026 11:57:28 AM,6893,101.8,0,0.9232,0.04126,0.5209,1.533,0,0,0,100,16.28,0.002659,0.01903,200,0,0,0,1,0,1,-1,1,0,4,3,3,-1,[ OK ]
2690.2,4/8/2026 11:57:28 AM,6893,101.8,0,0.8436,0.04116,0.5217,1.524,0,0,0,100,16.28,0.001772,0,200,0,0,0,1,0,1,-1,1,0,4,3,3,-1,[ OK ]
2690.7,4/8/2026 11:57:29 AM,6894,101.8,0,1.353,0.04305,0.521,1.532,0,0,0,100,16.28,0.002578,0,200,0,0,0,1,0,1,-1,1,0,4,3,3,-1,[ OK ]
2691.1,4/8/2026 11:57:29 AM,6894,101.8,0,1.082,0.04295,0.521,1.532,0,0,0,100,16.28,0.002538,0,200,0,0,0,1,0,1,-1,1,0,4,3,3,-1,[ OK ]
2691.5,4/8/2026 11:57:30 AM,6894,101.8,0,0.764,0.04245,0.5211,1.53,0,0,0,100,16.28,0.00286,0.04441,200,0,0,0,1,0,1,-1,1,0,4,3,3,-1,[ OK ]
2692.0,4/8/2026 11:57:30 AM,6895,101.8,0,1.035,0.04186,0.5216,1.525,0,0,0,100,16.28,0.003263,0,200,0,0,0,1,0,1,-1,1,0,4,3,3,-1,[ OK ]
2692.4,4/8/2026 11:57:30 AM,6895,101.8,0,0.5094,0.04027,0.5209,1.533,0,0,0,100,16.28,0.003505,0.165,200,0,0,0,1,0,1,-1,1,0,4,3,3,-1,[ OK ]
2692.8,4/8/2026 11:57:31 AM,6896,101.8,0,1.035,0.04195,0.5211,1.531,0,0,0,100,16.28,0.002618,0,200,0,0,0,1,0,1,-1,1,0,4,3,3,-1,[ OK ]
2693.3,4/8/2026 11:57:31 AM,6896,101.8,0,0.971,0.04156,0.521,1.531,0,0,0,100,16.28,0.00286,0,200,0,0,0,1,0,1,-1,1,0,4,3,3,-1,[ OK ]
2693.7,4/8/2026 11:57:32 AM,6897,101.8,0,1.066,0.04106,0.5216,1.525,0,0,0,100,16.28,0.00282,0.08248,200,0,0,0,1,0,1,-1,1,0,4,3,3,-1,[ OK ]
2694.1,4/8/2026 11:57:32 AM,6897,101.8,0,1.003,0.04374,0.5217,1.524,0,0,0,100,16.28,0.002981,0,200,0,0,0,1,0,1,-1,1,0,4,3,3,-1,[ OK ]
2694.6,4/8/2026 11:57:33 AM,6897,101.8,0,0.5094,0.04235,0.5212,1.529,0,0,0,100,16.28,0.002699,0.1142,200,0,0,0,1,0,1,-1,1,0,4,3,3,-1,[ OK ]
2695.0,4/8/2026 11:57:33 AM,6898,101.8,0,0.5253,0.04166,0.5208,1.534,0,0,0,100,16.28,0.002659,0.02538,200,0,0,0,1,0,1,-1,1,0,4,3,3,-1,[ OK ]
2695.4,4/8/2026 11:57:34 AM,6898,101.8,0,1.019,0.04255,0.5209,1.533,0,0,0,100,16.28,0.003988,0,200,0,0,0,1,0,1,-1,1,0,4,3,3,-1,[ OK ]
2695.9,4/8/2026 11:57:34 AM,6899,101.8,0,0.8277,0.04017,0.5213,1.529,0,0,0,100,16.28,0.002538,0,200,0,0,0,1,0,1,-1,1,0,4,3,3,-1,[ OK ]
2696.3,4/8/2026 11:57:34 AM,6899,101.8,0,0.9391,0.04305,0.5218,1.523,0,0,0,100,16.28,0.00278,0,200,0,0,0,1,0,1,-1,1,0,4,3,3,-1,[ OK ]
2696.7,4/8/2026 11:57:35 AM,6900,101.8,0,1.401,0.04275,0.5209,1.533,0,0,0,100,16.28,0.002538,0,200,0,0,0,1,0,1,-1,1,0,4,3,3,-1,[ OK ]
2697.2,4/8/2026 11:57:35 AM,6900,101.8,0,1.13,0.04106,0.5216,1.525,0,0,0,100,16.28,0.002457,0,200,0,0,0,1,0,1,-1,1,0,4,3,3,-1,[ OK ]
2697.6,4/8/2026 11:57:36 AM,6900,101.8,0,0.7481,0.04205,0.5215,1.526,0,0,0,100,16.28,0.00286,0,200,0,0,0,1,0,1,-1,1,0,4,3,3,-1,[ OK ]
2698.1,4/8/2026 11:57:36 AM,6901,101.8,0,0.8755,0.04255,0.5209,1.532,0,0,0,100,16.28,0.002699,0.006345,200,0,0,0,1,0,1,-1,1,0,4,3,3,-1,[ OK ]
2698.5,4/8/2026 11:57:37 AM,6901,101.8,0,1.035,0.04176,0.5216,1.525,0,0,0,100,16.28,0.00286,0.1015,200,0,0,0,1,0,1,-1,1,0,4,3,3,-1,[ OK ]
2698.9,4/8/2026 11:57:37 AM,6902,101.8,0,0.7481,0.03977,0.5212,1.529,0,0,0,100,16.28,0.002417,0,200,0,0,0,1,0,1,-1,1,0,4,3,3,-1,[ OK ]
2699.5,4/8/2026 11:57:38 AM,6902,101.8,0,1.592,0.03908,0.5209,1.534,0,0,0,100,16.28,0.002739,0,200,0,0,0,1,0,1,-1,1,0,4,3,3,-1,[ OK ]
2700.0,4/8/2026 11:57:38 AM,6903,101.8,0,1.051,0.04364,0.5208,1.534,0,0,0,100,16.28,0.00278,0.01269,200,0,0,0,1,0,1,-1,1,0,4,3,3,-1,[ OK ]
2700.5,4/8/2026 11:57:39 AM,6903,101.8,0,1.273,0.04126,0.5218,1.524,0,0,0,100,16.28,0.003062,0,200,0,0,0,1,0,1,-1,1,0,4,3,3,-1,[ OK ]
2700.9,4/8/2026 11:57:39 AM,6904,101.8,0,1.56,0.03818,0.5218,1.523,0,0,0,100,16.28,0.002296,0,200,0,0,0,1,0,1,-1,1,0,4,3,3,-1,[ OK ]
2701.3,4/8/2026 11:57:39 AM,6904,101.8,0,0.382,0.04285,0.5218,1.522,0,0,0,100,16.28,0.002941,0,200,0,0,0,1,0,1,-1,1,0,4,3,3,-1,[ OK ]
2701.8,4/8/2026 11:57:40 AM,6905,101.8,0,0.971,0.04096,0.5212,1.529,0,0,0,100,16.28,0.00278,0,200,0,0,0,1,0,1,-1,1,0,4,3,3,-1,[ OK ]
2702.2,4/8/2026 11:57:40 AM,6905,101.8,0,1.385,0.04176,0.5217,1.523,0,0,0,100,16.28,0.002417,0.006345,200,0,0,0,1,0,1,-1,1,0,4,3,3,-1,[ OK ]
2702.6,4/8/2026 11:57:41 AM,6906,101.8,0,0.8277,0.04285,0.5215,1.526,0,0,0,100,16.28,0.002699,0,200,0,0,0,1,0,1,-1,1,0,4,3,3,-1,[ OK ]
2703.1,4/8/2026 11:57:41 AM,6906,101.8,0,0.5571,0.04205,0.5209,1.532,0,0,0,100,16.28,0.002618,0.006345,200,0,0,0,1,0,1,-1,1,0,4,3,3,-1,[ OK ]
2703.5,4/8/2026 11:57:42 AM,6906,101.8,0,0.971,0.04245,0.521,1.531,0,0,0,100,16.28,0.002538,0.02538,200,0,0,0,1,0,1,-1,1,0,4,3,3,-1,[ OK ]
2703.9,4/8/2026 11:57:42 AM,6907,101.8,0,0.8118,0.04305,0.5209,1.531,0,0,0,100,16.28,0.002256,0.08883,200,0,0,0,1,0,1,-1,1,0,4,3,3,-1,[ OK ]
2704.4,4/8/2026 11:57:42 AM,6907,101.8,0,0.9551,0.04176,0.521,1.532,0,0,0,100,16.28,0.003182,0,200,0,0,0,1,0,1,-1,1,0,4,3,3,-1,[ OK ]
2704.8,4/8/2026 11:57:43 AM,6908,101.8,0,1.146,0.04265,0.5209,1.532,0,0,0,100,16.28,0.0029,0.01269,200,0,0,0,1,0,1,-1,1,0,4,3,3,-1,[ OK ]
2705.2,4/8/2026 11:57:43 AM,6908,101.8,0,1.369,0.04195,0.5207,1.535,0,0,0,100,16.28,0.002256,0,200,0,0,0,1,0,1,-1,1,0,4,3,3,-1,[ OK ]
2705.7,4/8/2026 11:57:44 AM,6909,101.8,0,1.003,0.04186,0.521,1.532,0,0,0,100,16.28,0.002941,0.03172,200,0,0,0,1,0,1,-1,1,0,4,3,3,-1,[ OK ]
2706.2,4/8/2026 11:57:44 AM,6909,101.8,0,1.066,0.04414,0.5212,1.53,0,0,0,100,16.28,0.001692,0.02538,200,0,0,0,1,0,1,-1,1,0,4,3,3,-1,[ OK ]
2706.7,4/8/2026 11:57:45 AM,6910,101.8,0,1.114,0.04275,0.5209,1.533,0,0,0,100,16.28,0.003867,0.02538,200,0,0,0,1,0,1,-1,1,0,4,3,3,-1,[ OK ]
2707.1,4/8/2026 11:57:45 AM,6910,101.8,0,1.051,0.04215,0.5216,1.526,0,0,0,100,16.28,0.0029,0.04441,200,0,0,0,1,0,1,-1,1,0,4,3,3,-1,[ OK ]
2707.5,4/8/2026 11:57:46 AM,6910,101.8,0,1.098,0.04176,0.5217,1.525,0,0,0,100,16.28,0.002538,0,200,0,0,0,1,0,1,-1,1,0,4,3,3,-1,[ OK ]
2708.0,4/8/2026 11:57:46 AM,6911,101.8,0,0.8755,0.04265,0.5216,1.526,0,0,0,100,16.28,0.002578,0.01269,200,0,0,0,1,0,1,-1,1,0,4,3,3,-1,[ OK ]
2708.5,4/8/2026 11:57:47 AM,6911,101.8,0,1.146,0.04106,0.5211,1.531,0,0,0,100,16.28,0.002498,0,200,0,0,0,1,0,1,-1,1,0,4,3,3,-1,[ OK ]
2709.1,4/8/2026 11:57:47 AM,6912,101.8,0,1.003,0.04255,0.5209,1.533,0,0,0,100,16.28,0.002538,0,200,0,0,0,1,0,1,-1,1,0,4,3,3,-1,[ OK ]
2709.6,4/8/2026 11:57:48 AM,6913,101.8,0,0.382,0.04523,0.5212,1.529,0,0,0,100,16.28,0.002578,0,200,0,0,0,1,0,1,-1,1,0,4,3,3,-1,[ OK ]
2710.0,4/8/2026 11:57:48 AM,6913,101.8,0,1.003,0.04205,0.5215,1.527,0,0,0,100,16.28,0.003666,0,200,0,0,0,1,0,1,-1,1,0,4,3,3,-1,[ OK ]
2710.5,4/8/2026 11:57:49 AM,6913,101.8,0,0.9869,0.04195,0.5218,1.523,0,0,0,100,16.28,0.003666,0.1015,200,0,0,0,1,0,1,-1,1,0,4,3,3,-1,[ OK ]
2710.9,4/8/2026 11:57:49 AM,6914,101.8,0,1.019,0.04096,0.5216,1.525,0,0,0,100,16.28,0.002578,0,200,0,0,0,1,0,1,-1,1,0,4,3,3,-1,[ OK ]
2711.4,4/8/2026 11:57:49 AM,6914,101.8,0,0.9391,0.04116,0.5213,1.529,0,0,0,100,16.28,0.00141,0,200,0,0,0,1,0,1,-1,1,0,4,3,3,-1,[ OK ]
2711.8,4/8/2026 11:57:50 AM,6915,101.8,0,0.9391,0.03947,0.5216,1.525,0,0,0,100,16.28,0.002659,0,200,0,0,0,1,0,1,-1,1,0,4,3,3,-1,[ OK ]
2712.2,4/8/2026 11:57:50 AM,6915,101.8,0,1.289,0.04255,0.5217,1.523,0,0,0,100,16.28,0.002659,0,200,0,0,0,1,0,1,-1,1,0,4,3,3,-1,[ OK ]
2712.7,4/8/2026 11:57:51 AM,6916,101.8,0,0.9869,0.04126,0.5217,1.523,0,0,0,100,16.28,0.002538,0,200,0,0,0,1,0,1,-1,1,0,4,3,3,-1,[ OK ]
2713.1,4/8/2026 11:57:51 AM,6916,101.8,0,0.9551,0.04176,0.5218,1.523,0,0,0,100,16.28,0.003545,0,200,0,0,0,1,0,1,-1,1,0,4,3,3,-1,[ OK ]
2713.5,4/8/2026 11:57:52 AM,6916,101.8,0,1.051,0.04215,0.521,1.531,0,0,0,100,16.28,0.002618,0.006345,200,0,0,0,1,0,1,-1,1,0,4,3,3,-1,[ OK ]
2714.0,4/8/2026 11:57:52 AM,6917,101.8,0,1.035,0.04344,0.5211,1.53,0,0,0,100,16.28,0.003908,0.1523,200,0,0,0,1,0,1,-1,1,0,4,3,3,-1,[ OK ]
2714.5,4/8/2026 11:57:53 AM,6917,101.8,0,1.48,0.04156,0.5209,1.533,0,0,0,100,16.28,0.0029,0,200,0,0,0,1,0,1,-1,1,0,4,3,3,-1,[ OK ]
2715.1,4/8/2026 11:57:53 AM,6918,101.8,0,1.003,0.04215,0.5217,1.524,0,0,0,100,16.28,0.004149,0,200,0,0,0,1,0,1,-1,1,0,4,3,3,-1,[ OK ]
2715.6,4/8/2026 11:57:54 AM,6918,101.8,0,0.9391,0.04205,0.5208,1.533,0,0,0,100,16.28,0.002538,0.01903,200,0,0,0,1,0,1,-1,1,0,4,3,3,-1,[ OK ]
2716.0,4/8/2026 11:57:54 AM,6919,101.8,0,1.13,0.04235,0.521,1.531,0,0,0,100,16.28,0.003827,0,200,0,0,0,1,0,1,-1,1,0,4,3,3,-1,[ OK ]
2716.5,4/8/2026 11:57:55 AM,6919,101.8,0,0.8596,0.04255,0.5216,1.524,0,0,0,100,16.28,0.002578,0.006345,200,0,0,0,1,0,1,-1,1,0,4,3,3,-1,[ OK ]
2716.9,4/8/2026 11:57:55 AM,6920,101.8,0,1.003,0.04463,0.5214,1.526,0,0,0,100,16.28,0.003867,0,200,0,0,0,1,0,1,-1,1,0,4,3,3,-1,[ OK ]
2717.3,4/8/2026 11:57:55 AM,6920,101.8,0,0.9869,0.04057,0.521,1.53,0,0,0,100,16.28,0.003746,0,200,0,0,0,1,0,1,-1,1,0,4,3,3,-1,[ OK ]
2717.8,4/8/2026 11:57:56 AM,6921,101.8,0,1.385,0.04324,0.5211,1.53,0,0,0,100,16.28,0.003182,0,200,0,0,0,1,0,1,-1,1,0,4,3,3,-1,[ OK ]
2718.2,4/8/2026 11:57:56 AM,6921,101.8,0,0.2547,0.04215,0.5218,1.523,0,0,0,100,16.28,0.002699,0.1205,200,0,0,0,1,0,1,-1,1,0,4,3,3,-1,[ OK ]
2718.6,4/8/2026 11:57:57 AM,6922,101.8,0,1.019,0.04305,0.5208,1.533,0,0,0,100,16.28,0.0029,0,200,0,0,0,1,0,1,-1,1,0,4,3,3,-1,[ OK ]
2719.1,4/8/2026 11:57:57 AM,6922,101.8,0,1.162,0.04176,0.5214,1.526,0,0,0,100,16.28,0.00282,0.1205,200,0,0,0,1,0,1,-1,1,0,4,3,3,-1,[ OK ]
2719.5,4/8/2026 11:57:58 AM,6922,101.8,0,1.464,0.03957,0.521,1.53,0,0,0,100,16.28,0.003021,0,200,0,0,0,1,0,1,-1,1,0,4,3,3,-1,[ OK ]
2719.9,4/8/2026 11:57:58 AM,6923,101.8,0,0.764,0.04126,0.5213,1.527,0,0,0,100,16.28,0.001772,0,200,0,0,0,1,0,1,-1,1,0,4,3,3,-1,[ OK ]
2720.4,4/8/2026 11:57:58 AM,6923,101.8,0,1.035,0.03898,0.5215,1.525,0,0,0,100,16.28,0.003182,0,200,0,0,0,1,0,1,-1,1,0,4,3,3,-1,[ OK ]
2720.7,4/8/2026 11:57:59 AM,6924,101.8,0,0.5253,0.03868,0.5214,1.525,0,0,0,100,16.28,0.001571,0.006345,200,0,0,0,1,0,1,-1,1,0,4,3,3,-1,[ OK ]
2721.1,4/8/2026 11:57:59 AM,6924,101.8,0,0.9551,0.03977,0.5213,1.526,0,0,0,100,16.28,0.003182,0.1079,200,0,0,0,1,0,1,-1,1,0,4,3,3,-1,[ OK ]
2721.6,4/8/2026 11:58:00 AM,6924,101.8,0,0.3184,0.04523,0.5211,1.529,0,0,0,100,16.28,0.002699,0.1269,200,0,0,0,1,0,1,-1,1,0,4,3,3,-1,[ OK ]
2722.1,4/8/2026 11:58:00 AM,6925,101.8,0,0.8755,0.03858,0.5207,1.534,0,0,0,100,16.28,0.001652,0,200,0,0,0,1,0,1,-1,1,0,4,3,3,-1,[ OK ]
2722.7,4/8/2026 11:58:01 AM,6926,101.8,0,0.7004,0.04126,0.5209,1.532,0,0,0,100,16.28,0.002739,0.006345,200,0,0,0,1,0,1,-1,1,0,4,3,3,-1,[ OK ]
2723.2,4/8/2026 11:58:01 AM,6926,101.8,0,0.9391,0.04463,0.5212,1.529,0,0,0,100,16.28,0.002578,0.02538,200,0,0,0,1,0,1,-1,1,0,4,3,3,-1,[ OK ]
2723.8,4/8/2026 11:58:02 AM,6927,101.8,0,0.8118,0.04443,0.521,1.531,0,0,0,100,16.28,0.002618,0.1713,200,0,0,0,1,0,1,-1,1,0,4,3,3,-1,[ OK ]
2724.3,4/8/2026 11:58:02 AM,6927,101.8,0,0.6367,0.04235,0.5217,1.524,0,0,0,100,16.28,0.003626,0.03807,200,0,0,0,1,0,1,-1,1,0,4,3,3,-1,[ OK ]
2724.8,4/8/2026 11:58:03 AM,6928,101.8,0,1.496,0.04265,0.521,1.53,0,0,0,100,16.28,0.001611,0,200,0,0,0,1,0,1,-1,1,0,4,3,3,-1,[ OK ]
2725.3,4/8/2026 11:58:03 AM,6928,101.8,0,1.082,0.04116,0.5209,1.532,0,0,0,100,16.28,0.003505,0,200,0,0,0,1,0,1,-1,1,0,4,3,3,-1,[ OK ]
2725.8,4/8/2026 11:58:04 AM,6929,101.8,0,0.9073,0.03818,0.5212,1.53,0,0,0,100,16.28,0.002739,0,200,0,0,0,1,0,1,-1,1,0,4,3,3,-1,[ OK ]
2726.2,4/8/2026 11:58:04 AM,6929,101.8,0,1.051,0.04245,0.5208,1.534,0,0,0,100,16.28,0.002941,0,200,0,0,0,1,0,1,-1,1,0,4,3,3,-1,[ OK ]
2726.6,4/8/2026 11:58:05 AM,6930,101.8,0,1.353,0.04285,0.5218,1.523,0,0,0,100,16.28,0.002498,0,200,0,0,0,1,0,1,-1,1,0,4,3,3,-1,[ OK ]
2727.1,4/8/2026 11:58:05 AM,6930,101.8,0,1.051,0.04136,0.5217,1.524,0,0,0,100,16.28,0.002377,0.08883,200,0,0,0,1,0,1,-1,1,0,4,3,3,-1,[ OK ]
2727.6,4/8/2026 11:58:06 AM,6930,101.8,0,0.9391,0.04156,0.5211,1.53,0,0,0,100,16.28,0.002336,0.03807,200,0,0,0,1,0,1,-1,1,0,4,3,3,-1,[ OK ]
2728.0,4/8/2026 11:58:06 AM,6931,101.8,0,1.035,0.04096,0.5215,1.526,0,0,0,100,16.28,0.00282,0,200,0,0,0,1,0,1,-1,1,0,4,3,3,-1,[ OK ]
2728.5,4/8/2026 11:58:07 AM,6931,101.8,0,1.003,0.04136,0.5214,1.527,0,0,0,100,16.28,0.002739,0,200,0,0,0,1,0,1,-1,1,0,4,3,3,-1,[ OK ]
2728.9,4/8/2026 11:58:07 AM,6932,101.8,0,1.082,0.04374,0.5216,1.525,0,0,0,100,16.28,0.002659,0,200,0,0,0,1,0,1,-1,1,0,4,3,3,-1,[ OK ]
2729.5,4/8/2026 11:58:08 AM,6932,101.8,0,0.9551,0.04126,0.5208,1.533,0,0,0,100,16.28,0.001571,0.1903,200,0,0,0,1,0,1,-1,1,0,4,3,3,-1,[ OK ]
2730.0,4/8/2026 11:58:08 AM,6933,101.8,0,0.5253,0.04324,0.5215,1.525,0,0,0,100,16.28,0.00282,0,200,0,0,0,1,0,1,-1,1,0,4,3,3,-1,[ OK ]
2730.4,4/8/2026 11:58:09 AM,6933,101.8,0,0.971,0.04195,0.5216,1.525,0,0,0,100,16.28,0.00286,0,200,0,0,0,1,0,1,-1,1,0,4,3,3,-1,[ OK ]
2730.9,4/8/2026 11:58:09 AM,6934,101.8,0,0.9073,0.04146,0.5214,1.527,0,0,0,100,16.28,0.0029,0.06345,200,0,0,0,1,0,1,-1,1,0,4,3,3,-1,[ OK ]
2731.3,4/8/2026 11:58:09 AM,6934,101.8,0,1.019,0.04225,0.5214,1.526,0,0,0,100,16.28,0.003585,0,200,0,0,0,1,0,1,-1,1,0,4,3,3,-1,[ OK ]
2731.7,4/8/2026 11:58:10 AM,6935,101.8,0,0.9869,0.04255,0.5214,1.527,0,0,0,100,16.28,0.003787,0,200,0,0,0,1,0,1,-1,1,0,4,3,3,-1,[ OK ]
2732.3,4/8/2026 11:58:10 AM,6935,101.8,0,1.337,0.04295,0.5208,1.533,0,0,0,100,16.28,0.003787,0.184,200,0,0,0,1,0,1,-1,1,0,4,3,3,-1,[ OK ]
2732.8,4/8/2026 11:58:11 AM,6936,101.8,0,0.3024,0.04493,0.5218,1.523,0,0,0,100,16.28,0.001128,0,200,0,0,0,1,0,1,-1,1,0,4,3,3,-1,[ OK ]
2733.5,4/8/2026 11:58:12 AM,6936,101.8,0,1.035,0.04106,0.521,1.532,0,0,0,100,16.28,0.002659,0,200,0,0,0,1,0,1,-1,1,0,4,3,3,-1,[ OK ]
2733.9,4/8/2026 11:58:12 AM,6937,101.8,0,0.8755,0.04136,0.5209,1.532,0,0,0,100,16.28,0.002457,0.09517,200,0,0,0,1,0,1,-1,1,0,4,3,3,-1,[ OK ]
2734.4,4/8/2026 11:58:12 AM,6937,101.8,0,0.9869,0.04096,0.5209,1.532,0,0,0,100,16.28,0.002578,0,200,0,0,0,1,0,1,-1,1,0,4,3,3,-1,[ OK ]
2734.8,4/8/2026 11:58:13 AM,6938,101.8,0,1.162,0.04453,0.5209,1.533,0,0,0,100,16.28,0.002659,0,200,0,0,0,1,0,1,-1,1,0,4,3,3,-1,[ OK ]
2735.4,4/8/2026 11:58:13 AM,6938,101.8,0,0.8755,0.04543,0.5219,1.521,0,0,0,100,16.28,0.002417,0.02538,200,0,0,0,1,0,1,-1,1,0,4,3,3,-1,[ OK ]
2735.9,4/8/2026 11:58:14 AM,6939,101.8,0,1.051,0.04295,0.521,1.531,0,0,0,100,16.28,0.00286,0,200,0,0,0,1,0,1,-1,1,0,4,3,3,-1,[ OK ]
2736.3,4/8/2026 11:58:14 AM,6939,101.8,0,1.098,0.04295,0.5217,1.524,0,0,0,100,16.28,0.0029,0.03807,200,0,0,0,1,0,1,-1,1,0,4,3,3,-1,[ OK ]
2736.8,4/8/2026 11:58:15 AM,6940,101.8,0,1.003,0.04176,0.5216,1.525,0,0,0,100,16.28,0.00286,0,200,0,0,0,1,0,1,-1,1,0,4,3,3,-1,[ OK ]
2737.3,4/8/2026 11:58:15 AM,6940,101.8,0,1.082,0.04275,0.5209,1.533,0,0,0,100,16.28,0.002618,0,200,0,0,0,1,0,1,-1,1,0,4,3,3,-1,[ OK ]
2737.8,4/8/2026 11:58:16 AM,6941,101.8,0,1.257,0.04215,0.5215,1.527,0,0,0,100,16.28,0.003948,0.1713,200,0,0,0,1,0,1,-1,1,0,4,3,3,-1,[ OK ]
2738.3,4/8/2026 11:58:16 AM,6941,101.8,0,1.576,0.04245,0.521,1.532,0,0,0,100,16.28,0.002659,0,200,0,0,0,1,0,1,-1,1,0,4,3,3,-1,[ OK ]
2738.9,4/8/2026 11:58:17 AM,6942,101.8,0,0.9073,0.04136,0.5208,1.534,0,0,0,100,16.28,0.002699,0.01269,200,0,0,0,1,0,1,-1,1,0,4,3,3,-1,[ OK ]
2739.5,4/8/2026 11:58:18 AM,6942,101.8,0,0.8914,0.04414,0.5212,1.53,0,0,0,100,16.28,0.001732,0,200,0,0,0,1,0,1,-1,1,0,4,3,3,-1,[ OK ]
2740.1,4/8/2026 11:58:18 AM,6943,101.8,0,1.019,0.04225,0.5215,1.526,0,0,0,100,16.28,0.003706,0.1713,200,0,0,0,1,0,1,-1,1,0,4,3,3,-1,[ OK ]
2740.5,4/8/2026 11:58:19 AM,6943,101.8,0,0.9869,0.04176,0.5215,1.526,0,0,0,100,16.28,0.002538,0.03172,200,0,0,0,1,0,1,-1,1,0,4,3,3,-1,[ OK ]
2740.9,4/8/2026 11:58:19 AM,6944,101.8,0,0.4616,0.04186,0.5211,1.53,0,0,0,100,16.28,0.001772,0,200,0,0,0,1,0,1,-1,1,0,4,3,3,-1,[ OK ]
2741.5,4/8/2026 11:58:20 AM,6944,101.8,0,1.003,0.03799,0.5216,1.525,0,0,0,100,16.28,0.002578,0,200,0,0,0,1,0,1,-1,1,0,4,3,3,-1,[ OK ]
2741.9,4/8/2026 11:58:20 AM,6945,101.8,0,0.7322,0.04136,0.521,1.532,0,0,0,100,16.28,0.002578,0.05076,200,0,0,0,1,0,1,-1,1,0,4,3,3,-1,[ OK ]
2742.4,4/8/2026 11:58:20 AM,6945,101.8,0,0.8277,0.04562,0.5211,1.531,0,0,0,100,16.28,0.00282,0,200,0,0,0,1,0,1,-1,1,0,4,3,3,-1,[ OK ]
2742.8,4/8/2026 11:58:21 AM,6946,101.8,0,0.9391,0.04314,0.5215,1.525,0,0,0,100,16.28,0.002981,0.006345,200,0,0,0,1,0,1,-1,1,0,4,3,3,-1,[ OK ]
2743.2,4/8/2026 11:58:21 AM,6946,101.8,0,0.8277,0.04176,0.5216,1.524,0,0,0,100,16.28,0.0029,0,200,0,0,0,1,0,1,-1,1,0,4,3,3,-1,[ OK ]
2743.7,4/8/2026 11:58:22 AM,6947,101.8,0,0.8118,0.04275,0.521,1.532,0,0,0,100,16.28,0.003545,0,200,0,0,0,1,0,1,-1,1,0,4,3,3,-1,[ OK ]
2744.1,4/8/2026 11:58:22 AM,6947,101.8,0,1.257,0.03858,0.5216,1.525,0,0,0,100,16.28,0.002578,0.1205,200,0,0,0,1,0,1,-1,1,0,4,3,3,-1,[ OK ]
2744.6,4/8/2026 11:58:23 AM,6948,101.8,0,0.9073,0.04146,0.5212,1.529,0,0,0,100,16.28,0.00282,0,200,0,0,0,1,0,1,-1,1,0,4,3,3,-1,[ OK ]
2745.2,4/8/2026 11:58:23 AM,6948,101.8,0,1.019,0.04205,0.5214,1.526,0,0,0,100,16.28,0.002578,0.02538,200,0,0,0,1,0,1,-1,1,0,4,3,3,-1,[ OK ]
2745.8,4/8/2026 11:58:24 AM,6949,101.8,0,0.8436,0.04156,0.5211,1.529,0,0,0,100,16.28,0.002981,0.09517,200,0,0,0,1,0,1,-1,1,0,4,3,3,-1,[ OK ]
2746.2,4/8/2026 11:58:24 AM,6949,101.8,0,0.3024,0.04592,0.5207,1.534,0,0,0,100,16.28,0.002578,0.01269,200,0,0,0,1,0,1,-1,1,0,4,3,3,-1,[ OK ]
2746.6,4/8/2026 11:58:25 AM,6950,101.8,0,1.56,0.04453,0.5209,1.532,0,0,0,100,16.28,0.002659,0,200,0,0,0,1,0,1,-1,1,0,4,3,3,-1,[ OK ]
2747.1,4/8/2026 11:58:25 AM,6950,101.8,0,1.337,0.04453,0.5215,1.525,0,0,0,100,16.28,0.002659,0,200,0,0,0,1,0,1,-1,1,0,4,3,3,-1,[ OK ]
2747.5,4/8/2026 11:58:26 AM,6950,101.8,0,1.257,0.04295,0.5216,1.524,0,0,0,100,16.28,0.001934,0.01269,200,0,0,0,1,0,1,-1,1,0,4,3,3,-1,[ OK ]
2748.0,4/8/2026 11:58:26 AM,6951,101.8,0,1.146,0.04205,0.5211,1.529,0,0,0,100,16.28,0.00282,0.1205,200,0,0,0,1,0,1,-1,1,0,4,3,3,-1,[ OK ]
2748.6,4/8/2026 11:58:27 AM,6951,101.8,0,1.496,0.04434,0.5209,1.532,0,0,0,100,16.28,0.002618,0,200,0,0,0,1,0,1,-1,1,0,4,3,3,-1,[ OK ]
2749.0,4/8/2026 11:58:27 AM,6952,101.8,0,0.573,0.04205,0.5217,1.524,0,0,0,100,16.28,0.002538,0,200,0,0,0,1,0,1,-1,1,0,4,3,3,-1,[ OK ]
2749.6,4/8/2026 11:58:28 AM,6952,101.8,0,0.8118,0.04255,0.5213,1.528,0,0,0,100,16.28,0.0029,0,200,0,0,0,1,0,1,-1,1,0,4,3,3,-1,[ OK ]
2750.1,4/8/2026 11:58:28 AM,6953,101.8,0,1.528,0.04186,0.5212,1.529,0,0,0,100,16.28,0.00278,0.05076,200,0,0,0,1,0,1,-1,1,0,4,3,3,-1,[ OK ]
2750.6,4/8/2026 11:58:29 AM,6953,101.8,0,0.9232,0.04295,0.5217,1.524,0,0,0,100,16.28,0.00282,0,200,0,0,0,1,0,1,-1,1,0,4,3,3,-1,[ OK ]
2751.0,4/8/2026 11:58:29 AM,6954,101.8,0,1.385,0.04215,0.521,1.532,0,0,0,100,16.28,0.002578,0,200,0,0,0,1,0,1,-1,1,0,4,3,3,-1,[ OK ]
2751.4,4/8/2026 11:58:30 AM,6954,101.8,0,0.9073,0.04205,0.5219,1.522,0,0,0,100,16.28,0.002256,0.1777,200,0,0,0,1,0,1,-1,1,0,4,3,3,-1,[ OK ]
2751.9,4/8/2026 11:58:30 AM,6955,101.8,0,0.971,0.04176,0.5217,1.524,0,0,0,100,16.28,0.003182,0,200,0,0,0,1,0,1,-1,1,0,4,3,3,-1,[ OK ]
2752.3,4/8/2026 11:58:30 AM,6955,101.8,0,1.162,0.04354,0.5212,1.53,0,0,0,100,16.28,0.003062,0,200,0,0,0,1,0,1,-1,1,0,4,3,3,-1,[ OK ]
2752.7,4/8/2026 11:58:31 AM,6956,101.8,0,1.003,0.04176,0.521,1.531,0,0,0,100,16.28,0.002578,0.05076,200,0,0,0,1,0,1,-1,1,0,4,3,3,-1,[ OK ]
2753.2,4/8/2026 11:58:31 AM,6956,101.8,0,0.8914,0.03828,0.5211,1.531,0,0,0,100,16.28,0.002699,0,200,0,0,0,1,0,1,-1,1,0,4,3,3,-1,[ OK ]
2753.7,4/8/2026 11:58:32 AM,6957,101.8,0,0.971,0.04285,0.5212,1.53,0,0,0,100,16.28,0.002739,0.1523,200,0,0,0,1,0,1,-1,1,0,4,3,3,-1,[ OK ]
2754.3,4/8/2026 11:58:32 AM,6957,101.8,0,1.385,0.04176,0.5212,1.53,0,0,0,100,16.28,0.002659,0.01903,200,0,0,0,1,0,1,-1,1,0,4,3,3,-1,[ OK ]
2754.7,4/8/2026 11:58:33 AM,6958,101.8,0,1.003,0.04195,0.5216,1.525,0,0,0,100,16.28,0.002498,0,200,0,0,0,1,0,1,-1,1,0,4,3,3,-1,[ OK ]
2755.1,4/8/2026 11:58:33 AM,6958,101.8,0,1.019,0.04116,0.5215,1.527,0,0,0,100,16.28,0.002538,0.09517,200,0,0,0,1,0,1,-1,1,0,4,3,3,-1,[ OK ]
2755.6,4/8/2026 11:58:34 AM,6958,101.8,0,0.9551,0.04305,0.5215,1.526,0,0,0,100,16.28,0.002377,0,200,0,0,0,1,0,1,-1,1,0,4,3,3,-1,[ OK ]
2756.0,4/8/2026 11:58:34 AM,6959,101.8,0,0.8755,0.04096,0.5215,1.526,0,0,0,100,16.28,0.003263,0,200,0,0,0,1,0,1,-1,1,0,4,3,3,-1,[ OK ]
2756.4,4/8/2026 11:58:35 AM,6959,101.8,0,1.003,0.04176,0.5216,1.525,0,0,0,100,16.28,0.003424,0,200,0,0,0,1,0,1,-1,1,0,4,3,3,-1,[ OK ]
2756.9,4/8/2026 11:58:35 AM,6960,101.8,0,0.8118,0.04126,0.5215,1.525,0,0,0,100,16.28,0.003867,0,200,0,0,0,1,0,1,-1,1,0,4,3,3,-1,[ OK ]
2757.3,4/8/2026 11:58:35 AM,6960,101.8,0,0.4934,0.04394,0.5212,1.529,0,0,0,100,16.28,0.003706,0.1777,200,0,0,0,1,0,1,-1,1,0,4,3,3,-1,[ OK ]
2757.7,4/8/2026 11:58:36 AM,6961,101.8,0,0.9391,0.04235,0.5208,1.533,0,0,0,100,16.28,0.001611,0.01269,200,0,0,0,1,0,1,-1,1,0,4,3,3,-1,[ OK ]
2758.2,4/8/2026 11:58:36 AM,6961,101.8,0,0.9232,0.04225,0.5208,1.533,0,0,0,100,16.28,0.00141,0,200,0,0,0,1,0,1,-1,1,0,4,3,3,-1,[ OK ]
2758.6,4/8/2026 11:58:37 AM,6962,101.8,0,1.257,0.04255,0.5211,1.53,0,0,0,100,16.28,0.00278,0.1396,200,0,0,0,1,0,1,-1,1,0,4,3,3,-1,[ OK ]
2759.1,4/8/2026 11:58:37 AM,6962,101.8,0,1.098,0.04245,0.5212,1.529,0,0,0,100,16.28,0.002457,0.01903,200,0,0,0,1,0,1,-1,1,0,4,3,3,-1,[ OK ]
2759.5,4/8/2026 11:58:38 AM,6962,101.8,0,1.035,0.04572,0.5212,1.529,0,0,0,100,16.28,0.002699,0.006345,200,0,0,0,1,0,1,-1,1,0,4,3,3,-1,[ OK ]
2759.9,4/8/2026 11:58:38 AM,6963,101.8,0,1.082,0.03828,0.5209,1.532,0,0,0,100,16.28,0.00286,0.09517,200,0,0,0,1,0,1,-1,1,0,4,3,3,-1,[ OK ]
2760.3,4/8/2026 11:58:38 AM,6963,101.8,0,0.5253,0.04285,0.5216,1.525,0,0,0,100,16.28,0.002538,0,200,0,0,0,1,0,1,-1,1,0,4,3,3,-1,[ OK ]
2760.8,4/8/2026 11:58:39 AM,6964,101.8,0,0.8436,0.04136,0.5212,1.529,0,0,0,100,16.28,0.002538,0,200,0,0,0,1,0,1,-1,1,0,4,3,3,-1,[ OK ]
2761.2,4/8/2026 11:58:39 AM,6964,101.8,0,0.5571,0.04255,0.5217,1.524,0,0,0,100,16.28,0.002659,0,200,0,0,0,1,0,1,-1,1,0,4,3,3,-1,[ OK ]
2761.7,4/8/2026 11:58:40 AM,6965,101.8,0,0.971,0.04493,0.5218,1.522,0,0,0,100,16.28,0.002417,0,200,0,0,0,1,0,1,-1,1,0,4,3,3,-1,[ OK ]
2762.1,4/8/2026 11:58:40 AM,6965,101.8,0,0.9869,0.03868,0.5211,1.53,0,0,0,100,16.28,0.002699,0.04441,200,0,0,0,1,0,1,-1,1,0,4,3,3,-1,[ OK ]
2762.7,4/8/2026 11:58:41 AM,6966,101.8,0,0.3184,0.04503,0.5211,1.53,0,0,0,100,16.28,0.002739,0.04441,200,0,0,0,1,0,1,-1,1,0,4,3,3,-1,[ OK ]
2763.2,4/8/2026 11:58:41 AM,6966,101.8,0,0.5412,0.03848,0.5218,1.522,0,0,0,100,16.28,0.001611,0.06979,200,0,0,0,1,0,1,-1,1,0,4,3,3,-1,[ OK ]
2763.7,4/8/2026 11:58:42 AM,6967,101.8,0,1.321,0.04096,0.5218,1.523,0,0,0,100,16.28,0.00278,0.05076,200,0,0,0,1,0,1,-1,1,0,4,3,3,-1,[ OK ]
2764.1,4/8/2026 11:58:42 AM,6967,101.8,0,0.4298,0.03868,0.5209,1.532,0,0,0,100,16.28,0.002538,0,200,0,0,0,1,0,1,-1,1,0,4,3,3,-1,[ OK ]
2764.5,4/8/2026 11:58:43 AM,6967,101.8,0,0.4139,0.04166,0.5218,1.523,0,0,0,100,16.28,0.002578,0,200,0,0,0,1,0,1,-1,1,0,4,3,3,-1,[ OK ]
2765.0,4/8/2026 11:58:43 AM,6968,101.8,0,0.7322,0.04176,0.5215,1.526,0,0,0,100,16.28,0.001611,0,200,0,0,0,1,0,1,-1,1,0,4,3,3,-1,[ OK ]
2765.5,4/8/2026 11:58:44 AM,6968,101.8,0,1.64,0.04106,0.5208,1.534,0,0,0,100,16.28,0.001209,0,200,0,0,0,1,0,1,-1,1,0,4,3,3,-1,[ OK ]
2765.9,4/8/2026 11:58:44 AM,6969,101.8,0,0.9869,0.04265,0.521,1.531,0,0,0,100,16.28,0.001571,0,200,0,0,0,1,0,1,-1,1,0,4,3,3,-1,[ OK ]
2766.4,4/8/2026 11:58:44 AM,6969,101.8,0,0.2865,0.04334,0.5208,1.534,0,0,0,100,16.28,0.003344,0.04441,200,0,0,0,1,0,1,-1,1,0,4,3,3,-1,[ OK ]
2766.8,4/8/2026 11:58:45 AM,6970,101.8,0,1.019,0.04245,0.5212,1.529,0,0,0,100,16.28,0.002498,0.1523,200,0,0,0,1,0,1,-1,1,0,4,3,3,-1,[ OK ]
2767.2,4/8/2026 11:58:45 AM,6970,101.8,0,0.764,0.03947,0.5217,1.524,0,0,0,100,16.28,0.002739,0.05076,200,0,0,0,1,0,1,-1,1,0,4,3,3,-1,[ OK ]
2767.7,4/8/2026 11:58:46 AM,6971,101.8,0,0.5412,0.04513,0.5214,1.527,0,0,0,100,16.28,0.00282,0.006345,200,0,0,0,1,0,1,-1,1,0,4,3,3,-1,[ OK ]
2768.1,4/8/2026 11:58:46 AM,6971,101.8,0,0.5571,0.04066,0.5218,1.524,0,0,0,100,16.28,0.002538,0,200,0,0,0,1,0,1,-1,1,0,4,3,3,-1,[ OK ]
2768.6,4/8/2026 11:58:47 AM,6971,101.8,0,0.9869,0.04146,0.5215,1.527,0,0,0,100,16.28,0.002618,0.006345,200,0,0,0,1,0,1,-1,1,0,4,3,3,-1,[ OK ]
2769.0,4/8/2026 11:58:47 AM,6972,101.8,0,1.337,0.04106,0.5215,1.527,0,0,0,100,16.28,0.00278,0,200,0,0,0,1,0,1,-1,1,0,4,3,3,-1,[ OK ]
2769.4,4/8/2026 11:58:48 AM,6972,101.8,0,1.146,0.04186,0.5214,1.527,0,0,0,100,16.28,0.002578,0,200,0,0,0,1,0,1,-1,1,0,4,3,3,-1,[ OK ]
2769.9,4/8/2026 11:58:48 AM,6973,101.8,0,1.019,0.04146,0.5218,1.523,0,0,0,100,16.28,0.001893,0.01269,200,0,0,0,1,0,1,-1,1,0,4,3,3,-1,[ OK ]
2770.3,4/8/2026 11:58:48 AM,6973,101.8,0,0.7322,0.04146,0.5209,1.533,0,0,0,100,16.28,0.002739,0.1205,200,0,0,0,1,0,1,-1,1,0,4,3,3,-1,[ OK ]
2770.7,4/8/2026 11:58:49 AM,6974,101.8,0,1.019,0.04186,0.5216,1.525,0,0,0,100,16.28,0.002739,0,200,0,0,0,1,0,1,-1,1,0,4,3,3,-1,[ OK ]
2771.2,4/8/2026 11:58:49 AM,6974,101.8,0,0.9391,0.04166,0.5209,1.533,0,0,0,100,16.28,0.003182,0,200,0,0,0,1,0,1,-1,1,0,4,3,3,-1,[ OK ]
2771.6,4/8/2026 11:58:50 AM,6974,101.8,0,1.003,0.04245,0.5216,1.525,0,0,0,100,16.28,0.001772,0,200,0,0,0,1,0,1,-1,1,0,4,3,3,-1,[ OK ]
2772.0,4/8/2026 11:58:50 AM,6975,101.8,0,0.9869,0.04176,0.5211,1.53,0,0,0,100,16.28,0.0029,0,200,0,0,0,1,0,1,-1,1,0,4,3,3,-1,[ OK ]
2772.5,4/8/2026 11:58:51 AM,6975,101.8,0,1.13,0.04106,0.5214,1.526,0,0,0,100,16.28,0.002618,0,200,0,0,0,1,0,1,-1,1,0,4,3,3,-1,[ OK ]
2772.9,4/8/2026 11:58:51 AM,6976,101.8,0,0.971,0.04225,0.5216,1.524,0,0,0,100,16.28,0.002256,0.03172,200,0,0,0,1,0,1,-1,1,0,4,3,3,-1,[ OK ]
2773.3,4/8/2026 11:58:51 AM,6976,101.8,0,0.9073,0.03957,0.5217,1.523,0,0,0,100,16.28,0.00278,0.006345,200,0,0,0,1,0,1,-1,1,0,4,3,3,-1,[ OK ]
2773.9,4/8/2026 11:58:52 AM,6977,101.8,0,0.9073,0.03997,0.5217,1.523,0,0,0,100,16.28,0.00141,0,200,0,0,0,1,0,1,-1,1,0,4,3,3,-1,[ OK ]
2774.4,4/8/2026 11:58:53 AM,6977,101.8,0,1.13,0.04394,0.5211,1.53,0,0,0,100,16.28,0.0029,0,200,0,0,0,1,0,1,-1,1,0,4,3,3,-1,[ OK ]
2774.9,4/8/2026 11:58:53 AM,6978,101.8,0,0.9391,0.04255,0.5215,1.525,0,0,0,100,16.28,0.001692,0,200,0,0,0,1,0,1,-1,1,0,4,3,3,-1,[ OK ]
2775.3,4/8/2026 11:58:53 AM,6978,101.8,0,1.051,0.03947,0.5209,1.532,0,0,0,100,16.28,0.002578,0,200,0,0,0,1,0,1,-1,1,0,4,3,3,-1,[ OK ]
2775.7,4/8/2026 11:58:54 AM,6979,101.8,0,1.003,0.04176,0.5218,1.523,0,0,0,100,16.28,0.00282,0.01269,200,0,0,0,1,0,1,-1,1,0,4,3,3,-1,[ OK ]
2776.2,4/8/2026 11:58:54 AM,6979,101.8,0,1.051,0.04255,0.5211,1.53,0,0,0,100,16.28,0.002699,0.01269,200,0,0,0,1,0,1,-1,1,0,4,3,3,-1,[ OK ]
2776.6,4/8/2026 11:58:55 AM,6979,101.8,0,0.9551,0.04205,0.5215,1.527,0,0,0,100,16.28,0.00137,0,200,0,0,0,1,0,1,-1,1,0,4,3,3,-1,[ OK ]
2777.1,4/8/2026 11:58:55 AM,6980,101.8,0,1.019,0.04156,0.5212,1.53,0,0,0,100,16.28,0.002981,0.006345,200,0,0,0,1,0,1,-1,1,0,4,3,3,-1,[ OK ]
2777.5,4/8/2026 11:58:56 AM,6980,101.8,0,1.21,0.04334,0.5217,1.524,0,0,0,100,16.28,0.002618,0,200,0,0,0,1,0,1,-1,1,0,4,3,3,-1,[ OK ]
2777.9,4/8/2026 11:58:56 AM,6981,101.8,0,0.7959,0.04195,0.5211,1.53,0,0,0,100,16.28,0.003948,0,200,0,0,0,1,0,1,-1,1,0,4,3,3,-1,[ OK ]
2778.4,4/8/2026 11:58:56 AM,6981,101.8,0,0.6367,0.04275,0.5216,1.524,0,0,0,100,16.28,0.002739,0.04441,200,0,0,0,1,0,1,-1,1,0,4,3,3,-1,[ OK ]
2778.8,4/8/2026 11:58:57 AM,6982,101.8,0,1.035,0.04265,0.5217,1.523,0,0,0,100,16.28,0.002538,0.006345,200,0,0,0,1,0,1,-1,1,0,4,3,3,-1,[ OK ]
2779.2,4/8/2026 11:58:57 AM,6982,101.8,0,0.8596,0.04295,0.5208,1.533,0,0,0,100,16.28,0.002578,0,200,0,0,0,1,0,1,-1,1,0,4,3,3,-1,[ OK ]
2779.7,4/8/2026 11:58:58 AM,6983,101.8,0,0.9232,0.04215,0.5208,1.533,0,0,0,100,16.28,0.002981,0,200,0,0,0,1,0,1,-1,1,0,4,3,3,-1,[ OK ]
2780.1,4/8/2026 11:58:58 AM,6983,101.8,0,1.003,0.04205,0.5209,1.532,0,0,0,100,16.28,0.003545,0,200,0,0,0,1,0,1,-1,1,0,4,3,3,-1,[ OK ]
2780.5,4/8/2026 11:58:59 AM,6983,101.8,0,0.9551,0.04116,0.5219,1.522,0,0,0,100,16.28,0.001772,0,200,0,0,0,1,0,1,-1,1,0,4,3,3,-1,[ OK ]
2781.0,4/8/2026 11:58:59 AM,6984,101.8,0,1.003,0.04215,0.5215,1.525,0,0,0,100,16.28,0.002457,0.0571,200,0,0,0,1,0,1,-1,1,0,4,3,3,-1,[ OK ]
2781.4,4/8/2026 11:58:59 AM,6984,101.8,0,0.971,0.04483,0.5209,1.533,0,0,0,100,16.28,0.003223,0.02538,200,0,0,0,1,0,1,-1,1,0,4,3,3,-1,[ OK ]
2782.0,4/8/2026 11:59:00 AM,6985,101.8,0,1.035,0.04245,0.5208,1.534,0,0,0,100,16.28,0.0029,0.1205,200,0,0,0,1,0,1,-1,1,0,4,3,3,-1,[ OK ]
2782.4,4/8/2026 11:59:00 AM,6985,101.8,0,0.764,0.04354,0.5215,1.527,0,0,0,100,16.28,0.002578,0.006345,200,0,0,0,1,0,1,-1,1,0,4,3,3,-1,[ OK ]
2782.8,4/8/2026 11:59:01 AM,6986,101.8,0,0.8596,0.04612,0.5217,1.524,0,0,0,100,16.28,0.001772,0,200,0,0,0,1,0,1,-1,1,0,4,3,3,-1,[ OK ]
2783.3,4/8/2026 11:59:01 AM,6986,101.8,0,1.003,0.04275,0.5216,1.526,0,0,0,100,16.28,0.001571,0,200,0,0,0,1,0,1,-1,1,0,4,3,3,-1,[ OK ]
2783.7,4/8/2026 11:59:02 AM,6987,101.8,0,1.114,0.04166,0.5218,1.523,0,0,0,100,16.28,0.002256,0.01903,200,0,0,0,1,0,1,-1,1,0,4,3,3,-1,[ OK ]
2784.1,4/8/2026 11:59:02 AM,6987,101.8,0,1.369,0.04364,0.5216,1.526,0,0,0,100,16.28,0.002941,0,200,0,0,0,1,0,1,-1,1,0,4,3,3,-1,[ OK ]
2784.6,4/8/2026 11:59:03 AM,6987,101.8,0,0.5094,0.04255,0.5211,1.531,0,0,0,100,16.28,0.002457,0.006345,200,0,0,0,1,0,1,-1,1,0,4,3,3,-1,[ OK ]
2785.1,4/8/2026 11:59:03 AM,6988,101.8,0,1.512,0.04354,0.5213,1.528,0,0,0,100,16.28,0.002498,0,200,0,0,0,1,0,1,-1,1,0,4,3,3,-1,[ OK ]
2785.6,4/8/2026 11:59:04 AM,6988,101.8,0,0.8277,0.04255,0.5214,1.527,0,0,0,100,16.28,0.002578,0.02538,200,0,0,0,1,0,1,-1,1,0,4,3,3,-1,[ OK ]
2786.0,4/8/2026 11:59:04 AM,6989,101.8,0,0.8596,0.04265,0.5215,1.526,0,0,0,100,16.28,0.003787,0,200,0,0,0,1,0,1,-1,1,0,4,3,3,-1,[ OK ]
2786.4,4/8/2026 11:59:05 AM,6989,101.8,0,0.6845,0.04156,0.5207,1.535,0,0,0,100,16.28,0.002659,0,200,0,0,0,1,0,1,-1,1,0,4,3,3,-1,[ OK ]
2786.9,4/8/2026 11:59:05 AM,6990,101.8,0,1.082,0.04195,0.5212,1.529,0,0,0,100,16.28,0.001491,0.09517,200,0,0,0,1,0,1,-1,1,0,4,3,3,-1,[ OK ]
2787.3,4/8/2026 11:59:05 AM,6990,101.8,0,0.8118,0.04245,0.5215,1.526,0,0,0,100,16.28,0.005599,0,200,0,0,0,1,0,1,-1,1,0,4,3,3,-1,[ OK ]
2787.8,4/8/2026 11:59:06 AM,6991,101.8,0,0.8277,0.04176,0.5213,1.527,0,0,0,100,16.28,0.0029,0.01269,200,0,0,0,1,0,1,-1,1,0,4,3,3,-1,[ OK ]
2788.3,4/8/2026 11:59:06 AM,6991,101.8,0,0.3661,0.03888,0.521,1.531,0,0,0,100,16.28,0.002417,0,200,0,0,0,1,0,1,-1,1,0,4,3,3,-1,[ OK ]
2788.8,4/8/2026 11:59:07 AM,6992,101.8,0,0.971,0.04126,0.5209,1.531,0,0,0,100,16.28,0.001611,0,200,0,0,0,1,0,1,-1,1,0,4,3,3,-1,[ OK ]
2789.3,4/8/2026 11:59:07 AM,6992,101.8,0,0.8277,0.04235,0.5208,1.533,0,0,0,100,16.28,0.002739,0,200,0,0,0,1,0,1,-1,1,0,4,3,3,-1,[ OK ]
2789.7,4/8/2026 11:59:08 AM,6993,101.8,0,0.7163,0.04205,0.5209,1.532,0,0,0,100,16.28,0.002981,0.01903,200,0,0,0,1,0,1,-1,1,0,4,3,3,-1,[ OK ]
2790.1,4/8/2026 11:59:08 AM,6993,101.8,0,0.9551,0.04096,0.5208,1.533,0,0,0,100,16.28,0.002659,0.03807,200,0,0,0,1,0,1,-1,1,0,4,3,3,-1,[ OK ]
2790.6,4/8/2026 11:59:09 AM,6993,101.8,0,0.8277,0.04096,0.5218,1.523,0,0,0,100,16.28,0.004028,0,200,0,0,0,1,0,1,-1,1,0,4,3,3,-1,[ OK ]
2791.0,4/8/2026 11:59:09 AM,6994,101.8,0,1.019,0.04017,0.5207,1.534,0,0,0,100,16.28,0.002538,0,200,0,0,0,1,0,1,-1,1,0,4,3,3,-1,[ OK ]
2791.4,4/8/2026 11:59:10 AM,6994,101.8,0,1.066,0.03908,0.5211,1.53,0,0,0,100,16.28,0.00278,0,200,0,0,0,1,0,1,-1,1,0,4,3,3,-1,[ OK ]
2792.0,4/8/2026 11:59:10 AM,6995,101.8,0,0.7163,0.04047,0.5213,1.528,0,0,0,100,16.28,0.002618,0.006345,200,0,0,0,1,0,1,-1,1,0,4,3,3,-1,[ OK ]
2792.4,4/8/2026 11:59:11 AM,6995,101.8,0,0.971,0.04205,0.5209,1.533,0,0,0,100,16.28,0.002578,0,200,0,0,0,1,0,1,-1,1,0,4,3,3,-1,[ OK ]
2792.9,4/8/2026 11:59:11 AM,6996,101.8,0,0.971,0.04195,0.5217,1.524,0,0,0,100,16.28,0.003062,0.2094,200,0,0,0,1,0,1,-1,1,0,4,3,3,-1,[ OK ]
2793.3,4/8/2026 11:59:11 AM,6996,101.8,0,0.971,0.04235,0.5208,1.533,0,0,0,100,16.28,0.002739,0,200,0,0,0,1,0,1,-1,1,0,4,3,3,-1,[ OK ]
2793.7,4/8/2026 11:59:12 AM,6997,101.8,0,0.8755,0.04225,0.5218,1.523,0,0,0,100,16.28,0.002336,0.1523,200,0,0,0,1,0,1,-1,1,0,4,3,3,-1,[ OK ]
2794.2,4/8/2026 11:59:12 AM,6997,101.8,0,0.9391,0.04414,0.5213,1.527,0,0,0,100,16.28,0.001611,0.1079,200,0,0,0,1,0,1,-1,1,0,4,3,3,-1,[ OK ]
2794.6,4/8/2026 11:59:13 AM,6997,101.8,0,0.764,0.04156,0.5214,1.526,0,0,0,100,16.28,0.001934,0,200,0,0,0,1,0,1,-1,1,0,4,3,3,-1,[ OK ]
2795.1,4/8/2026 11:59:13 AM,6998,101.8,0,1.512,0.04106,0.5209,1.531,0,0,0,100,16.28,0.001491,0,200,0,0,0,1,0,1,-1,1,0,4,3,3,-1,[ OK ]
2795.5,4/8/2026 11:59:14 AM,6998,101.8,0,0.8277,0.04225,0.5209,1.532,0,0,0,100,16.28,0.00286,0,200,0,0,0,1,0,1,-1,1,0,4,3,3,-1,[ OK ]
2795.9,4/8/2026 11:59:14 AM,6999,101.8,0,1.051,0.04483,0.5211,1.528,0,0,0,100,16.28,0.003787,0,200,0,0,0,1,0,1,-1,1,0,4,3,3,-1,[ OK ]
2796.3,4/8/2026 11:59:14 AM,6999,101.8,0,1.019,0.04255,0.5208,1.532,0,0,0,100,16.28,0.002538,0.1713,200,0,0,0,1,0,1,-1,1,0,4,3,3,-1,[ OK ]
2796.8,4/8/2026 11:59:15 AM,7000,101.8,0,1.003,0.04255,0.5216,1.523,0,0,0,100,16.28,0.002659,0.006345,200,0,0,0,1,0,1,-1,1,0,4,3,3,-1,[ OK ]
2797.2,4/8/2026 11:59:15 AM,7000,101.8,0,1.003,0.03868,0.521,1.53,0,0,0,100,16.28,0.003746,0,200,0,0,0,1,0,1,-1,1,0,4,3,3,-1,[ OK ]
2797.6,4/8/2026 11:59:16 AM,7001,101.8,0,0.8914,0.04275,0.5207,1.532,0,0,0,100,16.28,0.002578,0,200,0,0,0,1,0,1,-1,1,0,4,3,3,-1,[ OK ]
2798.1,4/8/2026 11:59:16 AM,7001,101.8,0,0.9232,0.04215,0.5209,1.53,0,0,0,100,16.28,0.0029,0.03807,200,0,0,0,1,0,1,-1,1,0,4,3,3,-1,[ OK ]
2798.5,4/8/2026 11:59:17 AM,7001,101.8,0,1.035,0.04215,0.5209,1.531,0,0,0,100,16.28,0.002659,0,200,0,0,0,1,0,1,-1,1,0,4,3,3,-1,[ OK ]
2799.0,4/8/2026 11:59:17 AM,7002,101.8,0,1.082,0.04195,0.5216,1.524,0,0,0,100,16.28,0.002578,0,200,0,0,0,1,0,1,-1,1,0,4,3,3,-1,[ OK ]
2799.4,4/8/2026 11:59:17 AM,7002,101.8,0,1.464,0.04186,0.5215,1.525,0,0,0,100,16.28,0.002457,0.05076,200,0,0,0,1,0,1,-1,1,0,4,3,3,-1,[ OK ]
2799.7,4/8/2026 11:59:18 AM,7003,101.8,0,1.512,0.04543,0.5209,1.531,0,0,0,100,16.28,0.001329,0,200,0,0,0,1,0,1,-1,1,0,4,3,3,-1,[ OK ]
2800.1,4/8/2026 11:59:18 AM,7003,101.8,0,0.7481,0.03947,0.5209,1.532,0,0,0,100,16.28,0.002578,0,200,0,0,0,1,0,1,-1,1,0,4,3,3,-1,[ OK ]
2800.6,4/8/2026 11:59:19 AM,7003,101.8,0,0.764,0.04424,0.5216,1.525,0,0,0,100,16.28,0.00145,0,200,0,0,0,1,0,1,-1,1,0,4,3,3,-1,[ OK ]
2801.0,4/8/2026 11:59:19 AM,7004,101.8,0,1.035,0.04215,0.5212,1.53,0,0,0,100,16.28,0.002578,0,200,0,0,0,1,0,1,-1,1,0,4,3,3,-1,[ OK ]
2801.4,4/8/2026 11:59:20 AM,7004,101.8,0,1.019,0.04493,0.5212,1.53,0,0,0,100,16.28,0.002618,0.006345,200,0,0,0,1,0,1,-1,1,0,4,3,3,-1,[ OK ]
2801.8,4/8/2026 11:59:20 AM,7005,101.8,0,0.8436,0.04275,0.5215,1.526,0,0,0,100,16.28,0.00141,0,200,0,0,0,1,0,1,-1,1,0,4,3,3,-1,[ OK ]
2802.2,4/8/2026 11:59:20 AM,7005,101.8,0,0.8755,0.04265,0.521,1.532,0,0,0,100,16.28,0.002699,0.03172,200,0,0,0,1,0,1,-1,1,0,4,3,3,-1,[ OK ]
2802.6,4/8/2026 11:59:21 AM,7006,101.8,0,1.21,0.04146,0.5218,1.522,0,0,0,100,16.28,0.00286,0,200,0,0,0,1,0,1,-1,1,0,4,3,3,-1,[ OK ]
2803.1,4/8/2026 11:59:21 AM,7006,101.8,0,1.035,0.04166,0.5211,1.531,0,0,0,100,16.28,0.002578,0,200,0,0,0,1,0,1,-1,1,0,4,3,3,-1,[ OK ]
2803.5,4/8/2026 11:59:22 AM,7006,101.8,0,1.257,0.04156,0.5217,1.523,0,0,0,100,16.28,0.004028,0.006345,200,0,0,0,1,0,1,-1,1,0,4,3,3,-1,[ OK ]
2803.9,4/8/2026 11:59:22 AM,7007,101.8,0,0.9869,0.04434,0.5212,1.53,0,0,0,100,16.28,0.002981,0,200,0,0,0,1,0,1,-1,1,0,4,3,3,-1,[ OK ]
2804.4,4/8/2026 11:59:22 AM,7007,101.8,0,0.9391,0.03947,0.5218,1.523,0,0,0,100,16.28,0.002699,0,200,0,0,0,1,0,1,-1,1,0,4,3,3,-1,[ OK ]
2804.8,4/8/2026 11:59:23 AM,7008,101.8,0,1.003,0.04314,0.5213,1.527,0,0,0,100,16.28,0.003706,0,200,0,0,0,1,0,1,-1,1,0,4,3,3,-1,[ OK ]
2805.3,4/8/2026 11:59:23 AM,7008,101.8,0,0.8118,0.04245,0.5211,1.53,0,0,0,100,16.28,0.001611,0.1523,200,0,0,0,1,0,1,-1,1,0,4,3,3,-1,[ OK ]
2805.8,4/8/2026 11:59:24 AM,7009,101.8,0,0.971,0.04186,0.5217,1.523,0,0,0,100,16.28,0.002739,0,200,0,0,0,1,0,1,-1,1,0,4,3,3,-1,[ OK ]
2806.2,4/8/2026 11:59:24 AM,7009,101.8,0,1.512,0.03868,0.5209,1.531,0,0,0,100,16.28,0.001571,0,200,0,0,0,1,0,1,-1,1,0,4,3,3,-1,[ OK ]
2806.7,4/8/2026 11:59:25 AM,7010,101.8,0,0.5094,0.03868,0.5216,1.524,0,0,0,100,16.28,0.001652,0,200,0,0,0,1,0,1,-1,1,0,4,3,3,-1,[ OK ]
2807.1,4/8/2026 11:59:25 AM,7010,101.8,0,1.082,0.04295,0.5207,1.534,0,0,0,100,16.28,0.002538,0.02538,200,0,0,0,1,0,1,-1,1,0,4,3,3,-1,[ OK ]
2807.5,4/8/2026 11:59:26 AM,7010,101.8,0,1.019,0.04205,0.5209,1.532,0,0,0,100,16.28,0.001652,0.006345,200,0,0,0,1,0,1,-1,1,0,4,3,3,-1,[ OK ]
2808.0,4/8/2026 11:59:26 AM,7011,101.8,0,0.5094,0.04414,0.5209,1.532,0,0,0,100,16.28,0.003021,0.1777,200,0,0,0,1,0,1,-1,1,0,4,3,3,-1,[ OK ]
2808.3,4/8/2026 11:59:26 AM,7011,101.8,0,1.21,0.04265,0.521,1.531,0,0,0,100,16.28,0.002699,0,200,0,0,0,1,0,1,-1,1,0,4,3,3,-1,[ OK ]
2808.7,4/8/2026 11:59:27 AM,7012,101.8,0,0.8596,0.04533,0.5216,1.525,0,0,0,100,16.28,0.002739,0.02538,200,0,0,0,1,0,1,-1,1,0,4,3,3,-1,[ OK ]
2809.2,4/8/2026 11:59:27 AM,7012,101.8,0,1.48,0.04136,0.5208,1.533,0,0,0,100,16.28,0.00278,0.1713,200,0,0,0,1,0,1,-1,1,0,4,3,3,-1,[ OK ]
2809.6,4/8/2026 11:59:28 AM,7012,101.8,0,0.9073,0.04305,0.5218,1.523,0,0,0,100,16.28,0.001531,0.1079,200,0,0,0,1,0,1,-1,1,0,4,3,3,-1,[ OK ]
2810.1,4/8/2026 11:59:28 AM,7013,101.8,0,1.114,0.04176,0.5215,1.526,0,0,0,100,16.28,0.002578,0.02538,200,0,0,0,1,0,1,-1,1,0,4,3,3,-1,[ OK ]
2810.4,4/8/2026 11:59:28 AM,7013,101.8,0,0.9869,0.04225,0.5209,1.532,0,0,0,100,16.28,0.002739,0,200,0,0,0,1,0,1,-1,1,0,4,3,3,-1,[ OK ]
2810.8,4/8/2026 11:59:29 AM,7014,101.8,0,1.003,0.04255,0.5215,1.526,0,0,0,100,16.28,0.002457,0,200,0,0,0,1,0,1,-1,1,0,4,3,3,-1,[ OK ]
2811.2,4/8/2026 11:59:29 AM,7014,101.8,0,0.5094,0.04255,0.5215,1.526,0,0,0,100,16.28,0.00278,0,200,0,0,0,1,0,1,-1,1,0,4,3,3,-1,[ OK ]
2811.7,4/8/2026 11:59:30 AM,7015,101.8,0,1.082,0.04096,0.5214,1.526,0,0,0,100,16.28,0.002578,0,200,0,0,0,1,0,1,-1,1,0,4,3,3,-1,[ OK ]
2812.1,4/8/2026 11:59:30 AM,7015,101.8,0,0.764,0.04285,0.5209,1.532,0,0,0,100,16.28,0.002739,0,200,0,0,0,1,0,1,-1,1,0,4,3,3,-1,[ OK ]
2812.5,4/8/2026 11:59:31 AM,7015,101.8,0,0.9391,0.04344,0.5211,1.531,0,0,0,100,16.28,0.002578,0,200,0,0,0,1,0,1,-1,1,0,4,3,3,-1,[ OK ]
2813.0,4/8/2026 11:59:31 AM,7016,101.8,0,0.8914,0.04285,0.5213,1.529,0,0,0,100,16.28,0.002538,0,200,0,0,0,1,0,1,-1,1,0,4,3,3,-1,[ OK ]
2813.4,4/8/2026 11:59:31 AM,7016,101.8,0,1.019,0.04344,0.521,1.532,0,0,0,100,16.28,0.002578,0,200,0,0,0,1,0,1,-1,1,0,4,3,3,-1,[ OK ]
2813.8,4/8/2026 11:59:32 AM,7017,101.8,0,0.3184,0.04493,0.521,1.532,0,0,0,100,16.28,0.003585,0,200,0,0,0,1,0,1,-1,1,0,4,3,3,-1,[ OK ]
2814.3,4/8/2026 11:59:32 AM,7017,101.8,0,1.098,0.04344,0.5211,1.53,0,0,0,100,16.28,0.00282,0,200,0,0,0,1,0,1,-1,1,0,4,3,3,-1,[ OK ]
2814.6,4/8/2026 11:59:33 AM,7017,101.8,0,1.082,0.04245,0.5214,1.527,0,0,0,100,16.28,0.003585,0.01269,200,0,0,0,1,0,1,-1,1,0,4,3,3,-1,[ OK ]
2815.0,4/8/2026 11:59:33 AM,7018,101.8,0,0.9551,0.04126,0.5209,1.534,0,0,0,100,16.28,0.003988,0,200,0,0,0,1,0,1,-1,1,0,4,3,3,-1,[ OK ]
2815.5,4/8/2026 11:59:34 AM,7018,101.8,0,0.9232,0.04245,0.521,1.533,0,0,0,100,16.28,0.002739,0,200,0,0,0,1,0,1,-1,1,0,4,3,3,-1,[ OK ]
2815.9,4/8/2026 11:59:34 AM,7019,101.8,0,0.8118,0.04215,0.5212,1.53,0,0,0,100,16.28,0.001249,0,200,0,0,0,1,0,1,-1,1,0,4,3,3,-1,[ OK ]
2816.3,4/8/2026 11:59:34 AM,7019,101.8,0,0.764,0.04126,0.5215,1.526,0,0,0,100,16.28,0.003706,0,200,0,0,0,1,0,1,-1,1,0,4,3,3,-1,[ OK ]
2816.8,4/8/2026 11:59:35 AM,7020,101.8,0,1.417,0.04106,0.5209,1.533,0,0,0,100,16.28,0.002981,0.04441,200,0,0,0,1,0,1,-1,1,0,4,3,3,-1,[ OK ]
2817.2,4/8/2026 11:59:35 AM,7020,101.8,0,1.544,0.04265,0.5211,1.531,0,0,0,100,16.28,0.001611,0.06345,200,0,0,0,1,0,1,-1,1,0,4,3,3,-1,[ OK ]
2817.6,4/8/2026 11:59:36 AM,7021,101.8,0,0.8118,0.04245,0.5212,1.531,0,0,0,100,16.28,0.002578,0,200,0,0,0,1,0,1,-1,1,0,4,3,3,-1,[ OK ]
2818.1,4/8/2026 11:59:36 AM,7021,101.8,0,1.019,0.04205,0.5213,1.53,0,0,0,100,16.28,0.002457,0.1586,200,0,0,0,1,0,1,-1,1,0,4,3,3,-1,[ OK ]
2818.5,4/8/2026 11:59:37 AM,7021,101.8,0,1.066,0.04334,0.5218,1.524,0,0,0,100,16.28,0.00141,0.09517,200,0,0,0,1,0,1,-1,1,0,4,3,3,-1,[ OK ]
2818.9,4/8/2026 11:59:37 AM,7022,101.8,0,0.8596,0.04642,0.5215,1.527,0,0,0,100,16.28,0.00278,0.01269,200,0,0,0,1,0,1,-1,1,0,4,3,3,-1,[ OK ]
2819.4,4/8/2026 11:59:37 AM,7022,101.8,0,0.573,0.04116,0.5216,1.526,0,0,0,100,16.28,0.003182,0,200,0,0,0,1,0,1,-1,1,0,4,3,3,-1,[ OK ]
2819.8,4/8/2026 11:59:38 AM,7023,101.8,0,0.7481,0.04245,0.5218,1.524,0,0,0,100,16.28,0.0029,0.1903,200,0,0,0,1,0,1,-1,1,0,4,3,3,-1,[ OK ]
2820.3,4/8/2026 11:59:38 AM,7023,101.8,0,1.464,0.04225,0.521,1.533,0,0,0,100,16.28,0.002578,0.05076,200,0,0,0,1,0,1,-1,1,0,4,3,3,-1,[ OK ]
2820.7,4/8/2026 11:59:39 AM,7024,101.8,0,1.496,0.04205,0.5218,1.523,0,0,0,100,16.28,0.002457,0,200,0,0,0,1,0,1,-1,1,0,4,3,3,-1,[ OK ]
2821.1,4/8/2026 11:59:39 AM,7024,101.8,0,0.2706,0.04176,0.521,1.532,0,0,0,100,16.28,0.002538,0,200,0,0,0,1,0,1,-1,1,0,4,3,3,-1,[ OK ]
2821.6,4/8/2026 11:59:40 AM,7024,101.8,0,0.5412,0.04305,0.5218,1.524,0,0,0,100,16.28,0.00282,0,200,0,0,0,1,0,1,-1,1,0,4,3,3,-1,[ OK ]
2822.0,4/8/2026 11:59:40 AM,7025,101.8,0,1.019,0.04255,0.521,1.533,0,0,0,100,16.28,0.002941,0,200,0,0,0,1,0,1,-1,1,0,4,3,3,-1,[ OK ]
2822.4,4/8/2026 11:59:40 AM,7025,101.8,0,0.764,0.04572,0.5214,1.528,0,0,0,100,16.28,0.002538,0,200,0,0,0,1,0,1,-1,1,0,4,3,3,-1,[ OK ]
2822.8,4/8/2026 11:59:41 AM,7026,101.8,0,0.7163,0.04324,0.5219,1.524,0,0,0,100,16.28,0.002981,0,200,0,0,0,1,0,1,-1,1,0,4,3,3,-1,[ OK ]
2823.3,4/8/2026 11:59:41 AM,7026,101.8,0,1.051,0.04225,0.5216,1.526,0,0,0,100,16.28,0.003908,0.08883,200,0,0,0,1,0,1,-1,1,0,4,3,3,-1,[ OK ]
2823.7,4/8/2026 11:59:42 AM,7027,101.8,0,1.464,0.04146,0.521,1.533,0,0,0,100,16.28,0.00282,0.01269,200,0,0,0,1,0,1,-1,1,0,4,3,3,-1,[ OK ]
2824.2,4/8/2026 11:59:42 AM,7027,101.8,0,0.9391,0.03868,0.5214,1.528,0,0,0,100,16.28,0.002538,0,200,0,0,0,1,0,1,-1,1,0,4,3,3,-1,[ OK ]
2824.6,4/8/2026 11:59:43 AM,7027,101.8,0,0.9232,0.03858,0.5209,1.534,0,0,0,100,16.28,0.001772,0,200,0,0,0,1,0,1,-1,1,0,4,3,3,-1,[ OK ]
2825.2,4/8/2026 11:59:43 AM,7028,101.8,0,1.003,0.04176,0.521,1.533,0,0,0,100,16.28,0.002618,0.09517,200,0,0,0,1,0,1,-1,1,0,4,3,3,-1,[ OK ]
2825.7,4/8/2026 11:59:44 AM,7029,101.8,0,0.8914,0.03977,0.5211,1.532,0,0,0,100,16.28,0.002538,0.01903,200,0,0,0,1,0,1,-1,1,0,4,3,3,-1,[ OK ]
2826.3,4/8/2026 11:59:44 AM,7029,101.8,0,0.8118,0.04116,0.5214,1.527,0,0,0,100,16.28,0.001571,0.006345,200,0,0,0,1,0,1,-1,1,0,4,3,3,-1,[ OK ]
2826.7,4/8/2026 11:59:45 AM,7030,101.8,0,0.971,0.03868,0.5215,1.526,0,0,0,100,16.28,0.00141,0,200,0,0,0,1,0,1,-1,1,0,4,3,3,-1,[ OK ]
2827.1,4/8/2026 11:59:45 AM,7030,101.8,0,0.3979,0.03818,0.5215,1.526,0,0,0,100,16.28,0.002538,0,200,0,0,0,1,0,1,-1,1,0,4,3,3,-1,[ OK ]
2827.6,4/8/2026 11:59:46 AM,7030,101.8,0,1.13,0.04324,0.521,1.532,0,0,0,100,16.28,0.002538,0.02538,200,0,0,0,1,0,1,-1,1,0,4,3,3,-1,[ OK ]
2828.0,4/8/2026 11:59:46 AM,7031,101.8,0,0.3184,0.04235,0.5215,1.526,0,0,0,100,16.28,0.002941,0,200,0,0,0,1,0,1,-1,1,0,4,3,3,-1,[ OK ]
2828.4,4/8/2026 11:59:47 AM,7031,101.8,0,0.9391,0.04215,0.5216,1.524,0,0,0,100,16.28,0.002618,0.01269,200,0,0,0,1,0,1,-1,1,0,4,3,3,-1,[ OK ]
2828.9,4/8/2026 11:59:47 AM,7032,101.8,0,1.257,0.03789,0.5214,1.527,0,0,0,100,16.28,0.002739,0.09517,200,0,0,0,1,0,1,-1,1,0,4,3,3,-1,[ OK ]
2829.3,4/8/2026 11:59:47 AM,7032,101.8,0,0.971,0.04106,0.5218,1.523,0,0,0,100,16.28,0.0029,0,200,0,0,0,1,0,1,-1,1,0,4,3,3,-1,[ OK ]
2829.7,4/8/2026 11:59:48 AM,7033,101.8,0,1.082,0.04523,0.522,1.52,0,0,0,100,16.28,0.00286,0,200,0,0,0,1,0,1,-1,1,0,4,3,3,-1,[ OK ]
2830.2,4/8/2026 11:59:48 AM,7033,101.8,0,1.003,0.04543,0.521,1.531,0,0,0,100,16.28,0.002618,0.02538,200,0,0,0,1,0,1,-1,1,0,4,3,3,-1,[ OK ]
2830.6,4/8/2026 11:59:49 AM,7033,101.8,0,1.066,0.04414,0.5217,1.523,0,0,0,100,16.28,0.002699,0,200,0,0,0,1,0,1,-1,1,0,4,3,3,-1,[ OK ]
2831.0,4/8/2026 11:59:49 AM,7034,101.8,0,0.8755,0.04106,0.5214,1.526,0,0,0,100,16.28,0.002256,0,200,0,0,0,1,0,1,-1,1,0,4,3,3,-1,[ OK ]
2831.5,4/8/2026 11:59:50 AM,7034,101.8,0,0.8118,0.04285,0.5208,1.533,0,0,0,100,16.28,0.002618,0,200,0,0,0,1,0,1,-1,1,0,4,3,3,-1,[ OK ]
2831.9,4/8/2026 11:59:50 AM,7035,101.8,0,0.9391,0.04166,0.5214,1.526,0,0,0,100,16.28,0.002739,0.006345,200,0,0,0,1,0,1,-1,1,0,4,3,3,-1,[ OK ]
2832.3,4/8/2026 11:59:50 AM,7035,101.8,0,1.019,0.04443,0.521,1.531,0,0,0,100,16.28,0.0029,0.01269,200,0,0,0,1,0,1,-1,1,0,4,3,3,-1,[ OK ]
2832.8,4/8/2026 11:59:51 AM,7036,101.8,0,0.9073,0.03838,0.5212,1.529,0,0,0,100,16.28,0.002135,0,200,0,0,0,1,0,1,-1,1,0,4,3,3,-1,[ OK ]
2833.2,4/8/2026 11:59:51 AM,7036,101.8,0,1.035,0.04463,0.5214,1.527,0,0,0,100,16.28,0.003182,0.006345,200,0,0,0,1,0,1,-1,1,0,4,3,3,-1,[ OK ]
2833.7,4/8/2026 11:59:52 AM,7037,101.8,0,0.764,0.04235,0.5216,1.526,0,0,0,100,16.28,0.002699,0,200,0,0,0,1,0,1,-1,1,0,4,3,3,-1,[ OK ]
2834.1,4/8/2026 11:59:52 AM,7037,101.8,0,1.178,0.04195,0.521,1.532,0,0,0,100,16.28,0.002578,0,200,0,0,0,1,0,1,-1,1,0,4,3,3,-1,[ OK ]
2834.5,4/8/2026 11:59:53 AM,7037,101.8,0,0.9869,0.04255,0.5218,1.524,0,0,0,100,16.28,0.001289,0.01269,200,0,0,0,1,0,1,-1,1,0,4,3,3,-1,[ OK ]
2835.0,4/8/2026 11:59:53 AM,7038,101.8,0,0.8436,0.03947,0.5208,1.534,0,0,0,100,16.28,0.002659,0,200,0,0,0,1,0,1,-1,1,0,4,3,3,-1,[ OK ]
2835.4,4/8/2026 11:59:53 AM,7038,101.8,0,0.9869,0.04473,0.5215,1.526,0,0,0,100,16.28,0.002618,0,200,0,0,0,1,0,1,-1,1,0,4,3,3,-1,[ OK ]
2835.8,4/8/2026 11:59:54 AM,7039,101.8,0,0.7481,0.04324,0.5214,1.527,0,0,0,100,16.28,0.001249,0,200,0,0,0,1,0,1,-1,1,0,4,3,3,-1,[ OK ]
2836.3,4/8/2026 11:59:54 AM,7039,101.8,0,0.7959,0.03947,0.5218,1.523,0,0,0,100,16.28,0.002538,0.1523,200,0,0,0,1,0,1,-1,1,0,4,3,3,-1,[ OK ]
2836.7,4/8/2026 11:59:55 AM,7040,101.8,0,0.4457,0.03928,0.5212,1.53,0,0,0,100,16.28,0.00282,0,200,0,0,0,1,0,1,-1,1,0,4,3,3,-1,[ OK ]
2837.1,4/8/2026 11:59:55 AM,7040,101.8,0,0.7481,0.03908,0.5218,1.523,0,0,0,100,16.28,0.001652,0,200,0,0,0,1,0,1,-1,1,0,4,3,3,-1,[ OK ]
2837.6,4/8/2026 11:59:56 AM,7040,101.8,0,0.9869,0.04126,0.521,1.532,0,0,0,100,16.28,0.003142,0,200,0,0,0,1,0,1,-1,1,0,4,3,3,-1,[ OK ]
2838.0,4/8/2026 11:59:56 AM,7041,101.8,0,0.2547,0.03888,0.5209,1.533,0,0,0,100,16.28,0.00278,0,200,0,0,0,1,0,1,-1,1,0,4,3,3,-1,[ OK ]
2838.4,4/8/2026 11:59:57 AM,7041,101.8,0,1.114,0.04146,0.5217,1.524,0,0,0,100,16.28,0.003706,0.1269,200,0,0,0,1,0,1,-1,1,0,4,3,3,-1,[ OK ]
2838.9,4/8/2026 11:59:57 AM,7042,101.8,0,1.162,0.04543,0.5207,1.534,0,0,0,100,16.28,0.00286,0.01269,200,0,0,0,1,0,1,-1,1,0,4,3,3,-1,[ OK ]
2839.4,4/8/2026 11:59:58 AM,7042,101.8,0,1.48,0.04255,0.5215,1.526,0,0,0,100,16.28,0.0029,0,200,0,0,0,1,0,1,-1,1,0,4,3,3,-1,[ OK ]
2839.9,4/8/2026 11:59:58 AM,7043,101.8,0,1.066,0.04235,0.5208,1.533,0,0,0,100,16.28,0.003827,0.1523,200,0,0,0,1,0,1,-1,1,0,4,3,3,-1,[ OK ]
2840.3,4/8/2026 11:59:58 AM,7043,101.8,0,1.146,0.04513,0.5208,1.534,0,0,0,100,16.28,0.003988,0,200,0,0,0,1,0,1,-1,1,0,4,3,3,-1,[ OK ]
2840.7,4/8/2026 11:59:59 AM,7044,101.8,0,1.146,0.04166,0.5211,1.531,0,0,0,100,16.28,0.002739,0.165,200,0,0,0,1,0,1,-1,1,0,4,3,3,-1,[ OK ]
2841.2,4/8/2026 11:59:59 AM,7044,101.8,0,0.3661,0.04305,0.5208,1.534,0,0,0,100,16.28,0.002498,0.01903,200,0,0,0,1,0,1,-1,1,0,4,3,3,-1,[ OK ]
2841.6,4/8/2026 12:00:00 PM,7044,101.8,0,0.8277,0.04533,0.5218,1.523,0,0,0,100,16.28,0.002739,0,200,0,0,0,1,0,1,-1,1,0,4,3,3,-1,[ OK ]
2842.1,4/8/2026 12:00:00 PM,7045,101.8,0,0.9073,0.03947,0.5208,1.533,0,0,0,100,16.28,0.002296,0.006345,200,0,0,0,1,0,1,-1,1,0,4,3,3,-1,[ OK ]
2842.6,4/8/2026 12:00:01 PM,7045,101.8,0,1.019,0.04503,0.5217,1.524,0,0,0,100,16.28,0.00137,0.01269,200,0,0,0,1,0,1,-1,1,0,4,3,3,-1,[ OK ]
2843.1,4/8/2026 12:00:01 PM,7046,101.8,0,0.3661,0.04195,0.5217,1.524,0,0,0,100,16.28,0.00278,0.165,200,0,0,0,1,0,1,-1,1,0,4,3,3,-1,[ OK ]
2843.7,4/8/2026 12:00:02 PM,7047,101.8,0,0.5253,0.04414,0.5216,1.524,0,0,0,100,16.28,0.002699,0.165,200,0,0,0,1,0,1,-1,1,0,4,3,3,-1,[ OK ]
2844.4,4/8/2026 12:00:02 PM,7047,101.8,0,0.9391,0.04195,0.5219,1.521,0,0,0,100,16.28,0.00286,0,200,0,0,0,1,0,1,-1,1,0,4,3,3,-1,[ OK ]
2844.9,4/8/2026 12:00:03 PM,7048,101.8,0,1.066,0.04463,0.5209,1.532,0,0,0,100,16.28,0.002538,0.1523,200,0,0,0,1,0,1,-1,1,0,4,3,3,-1,[ OK ]
2845.3,4/8/2026 12:00:03 PM,7048,101.8,0,1.051,0.04225,0.5217,1.523,0,0,0,100,16.28,0.002618,0,200,0,0,0,1,0,1,-1,1,0,4,3,3,-1,[ OK ]
2845.8,4/8/2026 12:00:04 PM,7049,101.8,0,1.146,0.04255,0.5217,1.523,0,0,0,100,16.28,0.00286,0.02538,200,0,0,0,1,0,1,-1,1,0,4,3,3,-1,[ OK ]
2846.3,4/8/2026 12:00:04 PM,7049,101.8,0,1.385,0.04592,0.5217,1.523,0,0,0,100,16.28,0.002578,0.01269,200,0,0,0,1,0,1,-1,1,0,4,3,3,-1,[ OK ]
2846.8,4/8/2026 12:00:05 PM,7050,101.8,0,0.9073,0.04215,0.5211,1.53,0,0,0,100,16.28,0.002578,0,200,0,0,0,1,0,1,-1,1,0,4,3,3,-1,[ OK ]
2847.3,4/8/2026 12:00:05 PM,7050,101.8,0,0.7481,0.04235,0.5215,1.525,0,0,0,100,16.28,0.002618,0.02538,200,0,0,0,1,0,1,-1,1,0,4,3,3,-1,[ OK ]
2847.7,4/8/2026 12:00:06 PM,7051,101.8,0,0.4457,0.04146,0.5216,1.523,0,0,0,100,16.28,0.001652,0,200,0,0,0,1,0,1,-1,1,0,4,3,3,-1,[ OK ]
2848.3,4/8/2026 12:00:06 PM,7051,101.8,0,0.8277,0.04215,0.5212,1.528,0,0,0,100,16.28,0.002578,0,200,0,0,0,1,0,1,-1,1,0,4,3,3,-1,[ OK ]
2848.8,4/8/2026 12:00:07 PM,7052,101.8,0,0.9869,0.04057,0.5209,1.531,0,0,0,100,16.28,0.003062,0,200,0,0,0,1,0,1,-1,1,0,4,3,3,-1,[ OK ]
2849.3,4/8/2026 12:00:07 PM,7052,101.8,0,0.8118,0.04255,0.5208,1.532,0,0,0,100,16.28,0.002377,0,200,0,0,0,1,0,1,-1,1,0,4,3,3,-1,[ OK ]
2849.7,4/8/2026 12:00:08 PM,7053,101.8,0,0.9551,0.04166,0.5217,1.523,0,0,0,100,16.28,0.003505,0,200,0,0,0,1,0,1,-1,1,0,4,3,3,-1,[ OK ]
2850.2,4/8/2026 12:00:08 PM,7053,101.8,0,1.624,0.04225,0.5217,1.523,0,0,0,100,16.28,0.002538,0,200,0,0,0,1,0,1,-1,1,0,4,3,3,-1,[ OK ]
2850.8,4/8/2026 12:00:09 PM,7054,101.8,0,1.019,0.04126,0.521,1.531,0,0,0,100,16.28,0.002578,0,200,0,0,0,1,0,1,-1,1,0,4,3,3,-1,[ OK ]
2851.3,4/8/2026 12:00:09 PM,7054,101.8,0,0.5094,0.04186,0.5209,1.532,0,0,0,100,16.28,0.001934,0,200,0,0,0,1,0,1,-1,1,0,4,3,3,-1,[ OK ]
2851.8,4/8/2026 12:00:10 PM,7055,101.8,0,0.9391,0.04106,0.5207,1.534,0,0,0,100,16.28,0.001934,0.06345,200,0,0,0,1,0,1,-1,1,0,4,3,3,-1,[ OK ]
2852.3,4/8/2026 12:00:10 PM,7055,101.8,0,0.9391,0.04285,0.5209,1.532,0,0,0,100,16.28,0.002739,0,200,0,0,0,1,0,1,-1,1,0,4,3,3,-1,[ OK ]
2852.8,4/8/2026 12:00:11 PM,7056,101.8,0,0.7959,0.04344,0.5209,1.532,0,0,0,100,16.28,0.002578,0.1777,200,0,0,0,1,0,1,-1,1,0,4,3,3,-1,[ OK ]
2853.2,4/8/2026 12:00:11 PM,7056,101.8,0,0.9551,0.04305,0.5218,1.524,0,0,0,100,16.28,0.002578,0.1777,200,0,0,0,1,0,1,-1,1,0,4,3,3,-1,[ OK ]
2853.6,4/8/2026 12:00:12 PM,7057,101.8,0,1.353,0.04354,0.5207,1.535,0,0,0,100,16.28,0.00141,0.01903,200,0,0,0,1,0,1,-1,1,0,4,3,3,-1,[ OK ]
2854.2,4/8/2026 12:00:12 PM,7057,101.8,0,1.019,0.04096,0.5209,1.533,0,0,0,100,16.28,0.002739,0,200,0,0,0,1,0,1,-1,1,0,4,3,3,-1,[ OK ]
2854.7,4/8/2026 12:00:13 PM,7058,101.8,0,1.257,0.04106,0.5208,1.533,0,0,0,100,16.28,0.002981,0.04441,200,0,0,0,1,0,1,-1,1,0,4,3,3,-1,[ OK ]
2855.2,4/8/2026 12:00:13 PM,7058,101.8,0,0.764,0.04344,0.5208,1.534,0,0,0,100,16.28,0.00286,0,200,0,0,0,1,0,1,-1,1,0,4,3,3,-1,[ OK ]
2855.6,4/8/2026 12:00:14 PM,7058,101.8,0,0.3024,0.03858,0.521,1.531,0,0,0,100,16.28,0.003021,0,200,0,0,0,1,0,1,-1,1,0,4,3,3,-1,[ OK ]
2856.2,4/8/2026 12:00:14 PM,7059,101.8,0,0.9551,0.04334,0.5217,1.524,0,0,0,100,16.28,0.0029,0.203,200,0,0,0,1,0,1,-1,1,0,4,3,3,-1,[ OK ]
2856.7,4/8/2026 12:00:15 PM,7060,101.8,0,0.5253,0.04285,0.5209,1.533,0,0,0,100,16.28,0.002618,0.006345,200,0,0,0,1,0,1,-1,1,0,4,3,3,-1,[ OK ]
2857.3,4/8/2026 12:00:15 PM,7060,101.8,0,0.8914,0.03818,0.5214,1.527,0,0,0,100,16.28,0.002618,0,200,0,0,0,1,0,1,-1,1,0,4,3,3,-1,[ OK ]
2857.8,4/8/2026 12:00:16 PM,7061,101.8,0,0.5094,0.04205,0.5209,1.532,0,0,0,100,16.28,0.002739,0.05076,200,0,0,0,1,0,1,-1,1,0,4,3,3,-1,[ OK ]
2858.3,4/8/2026 12:00:16 PM,7061,101.8,0,1.003,0.04295,0.5216,1.525,0,0,0,100,16.28,0.002578,0.09517,200,0,0,0,1,0,1,-1,1,0,4,3,3,-1,[ OK ]
2858.7,4/8/2026 12:00:17 PM,7062,101.8,0,0.8118,0.04126,0.5214,1.527,0,0,0,100,16.28,0.002578,0,200,0,0,0,1,0,1,-1,1,0,4,3,3,-1,[ OK ]
2859.2,4/8/2026 12:00:17 PM,7062,101.8,0,1.146,0.03818,0.5218,1.522,0,0,0,100,16.28,0.002417,0.1205,200,0,0,0,1,0,1,-1,1,0,4,3,3,-1,[ OK ]
2859.7,4/8/2026 12:00:18 PM,7063,101.8,0,0.9391,0.04195,0.5215,1.525,0,0,0,100,16.28,0.00286,0.006345,200,0,0,0,1,0,1,-1,1,0,4,3,3,-1,[ OK ]
2860.2,4/8/2026 12:00:18 PM,7063,101.8,0,1.257,0.04215,0.5215,1.525,0,0,0,100,16.28,0.002377,0,200,0,0,0,1,0,1,-1,1,0,4,3,3,-1,[ OK ]
2860.9,4/8/2026 12:00:19 PM,7064,101.8,0,0.6367,0.04186,0.5215,1.525,0,0,0,100,16.28,0.001329,0,200,0,0,0,1,0,1,-1,1,0,4,3,3,-1,[ OK ]
2861.3,4/8/2026 12:00:19 PM,7064,101.8,0,1.035,0.04295,0.5211,1.53,0,0,0,100,16.28,0.002377,0.006345,200,0,0,0,1,0,1,-1,1,0,4,3,3,-1,[ OK ]
2861.8,4/8/2026 12:00:20 PM,7065,101.8,0,1.162,0.04186,0.5217,1.524,0,0,0,100,16.28,0.00286,0,200,0,0,0,1,0,1,-1,1,0,4,3,3,-1,[ OK ]
2862.3,4/8/2026 12:00:20 PM,7065,101.8,0,0.4457,0.04235,0.5209,1.533,0,0,0,100,16.28,0.0029,0,200,0,0,0,1,0,1,-1,1,0,4,3,3,-1,[ OK ]
2862.8,4/8/2026 12:00:21 PM,7066,101.8,0,0.9232,0.04186,0.5211,1.531,0,0,0,100,16.28,0.002578,0,200,0,0,0,1,0,1,-1,1,0,4,3,3,-1,[ OK ]
2863.4,4/8/2026 12:00:21 PM,7066,101.8,0,0.9551,0.04195,0.5218,1.522,0,0,0,100,16.28,0.0029,0.01903,200,0,0,0,1,0,1,-1,1,0,4,3,3,-1,[ OK ]
2863.8,4/8/2026 12:00:22 PM,7067,101.8,0,0.971,0.04057,0.5217,1.523,0,0,0,100,16.28,0.001329,0,200,0,0,0,1,0,1,-1,1,0,4,3,3,-1,[ OK ]
2864.4,4/8/2026 12:00:22 PM,7067,101.8,0,1.035,0.04136,0.5213,1.528,0,0,0,100,16.28,0.0029,0,200,0,0,0,1,0,1,-1,1,0,4,3,3,-1,[ OK ]
2864.8,4/8/2026 12:00:23 PM,7068,101.8,0,0.7481,0.04245,0.5209,1.532,0,0,0,100,16.28,0.001491,0,200,0,0,0,1,0,1,-1,1,0,4,3,3,-1,[ OK ]
2865.4,4/8/2026 12:00:23 PM,7068,101.8,0,0.5253,0.04255,0.5215,1.525,0,0,0,100,16.28,0.002578,0,200,0,0,0,1,0,1,-1,1,0,4,3,3,-1,[ OK ]
2865.9,4/8/2026 12:00:24 PM,7069,101.8,0,0.9232,0.03967,0.521,1.53,0,0,0,100,16.28,0.003505,0.01903,200,0,0,0,1,0,1,-1,1,0,4,3,3,-1,[ OK ]
2866.4,4/8/2026 12:00:25 PM,7069,101.8,0,0.9232,0.04305,0.5211,1.53,0,0,0,100,16.28,0.0029,0,200,0,0,0,1,0,1,-1,1,0,4,3,3,-1,[ OK ]
2866.9,4/8/2026 12:00:25 PM,7070,101.8,0,1.051,0.04146,0.521,1.532,0,0,0,100,16.28,0.00286,0.01269,200,0,0,0,1,0,1,-1,1,0,4,3,3,-1,[ OK ]
2867.3,4/8/2026 12:00:25 PM,7070,101.8,0,1.098,0.04255,0.5209,1.533,0,0,0,100,16.28,0.002498,0,200,0,0,0,1,0,1,-1,1,0,4,3,3,-1,[ OK ]
2867.8,4/8/2026 12:00:26 PM,7071,101.8,0,0.8596,0.04215,0.5215,1.526,0,0,0,100,16.28,0.002739,0.1523,200,0,0,0,1,0,1,-1,1,0,4,3,3,-1,[ OK ]
2868.3,4/8/2026 12:00:26 PM,7071,101.8,0,0.9391,0.04225,0.5218,1.523,0,0,0,100,16.28,0.002578,0,200,0,0,0,1,0,1,-1,1,0,4,3,3,-1,[ OK ]
2868.9,4/8/2026 12:00:27 PM,7072,101.8,0,0.2388,0.04265,0.5216,1.525,0,0,0,100,16.28,0.001853,0,200,0,0,0,1,0,1,-1,1,0,4,3,3,-1,[ OK ]
2869.4,4/8/2026 12:00:27 PM,7072,101.8,0,0.9391,0.04225,0.5215,1.525,0,0,0,100,16.28,0.001732,0,200,0,0,0,1,0,1,-1,1,0,4,3,3,-1,[ OK ]
2869.8,4/8/2026 12:00:28 PM,7073,101.8,0,1.003,0.04225,0.521,1.531,0,0,0,100,16.28,0.001772,0.01269,200,0,0,0,1,0,1,-1,1,0,4,3,3,-1,[ OK ]
2870.4,4/8/2026 12:00:28 PM,7073,101.8,0,1.146,0.04195,0.5211,1.529,0,0,0,100,16.28,0.003545,0,200,0,0,0,1,0,1,-1,1,0,4,3,3,-1,[ OK ]
2870.9,4/8/2026 12:00:29 PM,7074,101.8,0,0.9232,0.04314,0.5208,1.533,0,0,0,100,16.28,0.002699,0.006345,200,0,0,0,1,0,1,-1,1,0,4,3,3,-1,[ OK ]
2871.4,4/8/2026 12:00:29 PM,7074,101.8,0,1.051,0.04235,0.5214,1.526,0,0,0,100,16.28,0.00282,0.01903,200,0,0,0,1,0,1,-1,1,0,4,3,3,-1,[ OK ]
2871.8,4/8/2026 12:00:30 PM,7075,101.8,0,0.9869,0.04414,0.521,1.531,0,0,0,100,16.28,0.002739,0,200,0,0,0,1,0,1,-1,1,0,4,3,3,-1,[ OK ]
2872.4,4/8/2026 12:00:30 PM,7075,101.8,0,0.8277,0.04017,0.5213,1.528,0,0,0,100,16.28,0.003867,0.05076,200,0,0,0,1,0,1,-1,1,0,4,3,3,-1,[ OK ]
2872.8,4/8/2026 12:00:31 PM,7076,101.8,0,1.051,0.04503,0.5208,1.533,0,0,0,100,16.28,0.002618,0.01903,200,0,0,0,1,0,1,-1,1,0,4,3,3,-1,[ OK ]
2873.3,4/8/2026 12:00:31 PM,7076,101.8,0,0.971,0.04205,0.5209,1.533,0,0,0,100,16.28,0.002739,0,200,0,0,0,1,0,1,-1,1,0,4,3,3,-1,[ OK ]
2873.8,4/8/2026 12:00:32 PM,7077,101.8,0,1.019,0.04414,0.5214,1.528,0,0,0,100,16.28,0.002699,0.006345,200,0,0,0,1,0,1,-1,1,0,4,3,3,-1,[ OK ]
2874.3,4/8/2026 12:00:32 PM,7077,101.8,0,0.8914,0.03828,0.521,1.533,0,0,0,100,16.28,0.002578,0,200,0,0,0,1,0,1,-1,1,0,4,3,3,-1,[ OK ]
2874.9,4/8/2026 12:00:33 PM,7078,101.8,0,1.098,0.03957,0.5213,1.529,0,0,0,100,16.28,0.002498,0.01269,200,0,0,0,1,0,1,-1,1,0,4,3,3,-1,[ OK ]
2875.4,4/8/2026 12:00:34 PM,7078,101.8,0,1.385,0.04146,0.5216,1.526,0,0,0,100,16.28,0.002699,0,200,0,0,0,1,0,1,-1,1,0,4,3,3,-1,[ OK ]
2875.9,4/8/2026 12:00:34 PM,7079,101.8,0,0.4775,0.04354,0.521,1.533,0,0,0,100,16.28,0.003021,0.03172,200,0,0,0,1,0,1,-1,1,0,4,3,3,-1,[ OK ]
2876.4,4/8/2026 12:00:34 PM,7079,101.8,0,1.528,0.04245,0.5217,1.525,0,0,0,100,16.28,0.002981,0,200,0,0,0,1,0,1,-1,1,0,4,3,3,-1,[ OK ]
2877.0,4/8/2026 12:00:35 PM,7080,101.8,0,0.6208,0.04245,0.5215,1.528,0,0,0,100,16.28,0.003746,0,200,0,0,0,1,0,1,-1,1,0,4,3,3,-1,[ OK ]
2877.5,4/8/2026 12:00:36 PM,7080,101.8,0,0.9391,0.04235,0.521,1.532,0,0,0,100,16.28,0.002578,0,200,0,0,0,1,0,1,-1,1,0,4,3,3,-1,[ OK ]
2877.9,4/8/2026 12:00:36 PM,7081,101.8,0,1.114,0.04166,0.521,1.531,0,0,0,100,16.28,0.003344,0.006345,200,0,0,0,1,0,1,-1,1,0,4,3,3,-1,[ OK ]
2878.4,4/8/2026 12:00:36 PM,7081,101.8,0,1.544,0.04195,0.5211,1.53,0,0,0,100,16.28,0.003908,0,200,0,0,0,1,0,1,-1,1,0,4,3,3,-1,[ OK ]
2878.8,4/8/2026 12:00:37 PM,7082,101.8,0,1.066,0.04285,0.521,1.532,0,0,0,100,16.28,0.001611,0.01269,200,0,0,0,1,0,1,-1,1,0,4,3,3,-1,[ OK ]
2879.2,4/8/2026 12:00:37 PM,7082,101.8,0,1.48,0.04126,0.5219,1.522,0,0,0,100,16.28,0.003223,0,200,0,0,0,1,0,1,-1,1,0,4,3,3,-1,[ OK ]
2879.7,4/8/2026 12:00:38 PM,7083,101.8,0,1.051,0.03918,0.5212,1.529,0,0,0,100,16.28,0.002981,0.04441,200,0,0,0,1,0,1,-1,1,0,4,3,3,-1,[ OK ]
2880.2,4/8/2026 12:00:38 PM,7083,101.8,0,1.496,0.04176,0.5218,1.522,0,0,0,100,16.28,0.001772,0,200,0,0,0,1,0,1,-1,1,0,4,3,3,-1,[ OK ]
2880.7,4/8/2026 12:00:39 PM,7084,101.8,0,0.764,0.04473,0.521,1.531,0,0,0,100,16.28,0.002578,0,200,0,0,0,1,0,1,-1,1,0,4,3,3,-1,[ OK ]
2881.3,4/8/2026 12:00:39 PM,7084,101.8,0,0.7481,0.03947,0.5217,1.524,0,0,0,100,16.28,0.002739,0,200,0,0,0,1,0,1,-1,1,0,4,3,3,-1,[ OK ]
2881.9,4/8/2026 12:00:40 PM,7085,101.8,0,0.4775,0.04156,0.5217,1.524,0,0,0,100,16.28,0.003384,0,200,0,0,0,1,0,1,-1,1,0,4,3,3,-1,[ OK ]
2882.4,4/8/2026 12:00:41 PM,7085,101.8,0,1.035,0.04156,0.5218,1.523,0,0,0,100,16.28,0.002498,0.03172,200,0,0,0,1,0,1,-1,1,0,4,3,3,-1,[ OK ]
2883.1,4/8/2026 12:00:41 PM,7086,101.8,0,0.78,0.04215,0.5219,1.522,0,0,0,100,16.28,0.002699,0.01269,200,0,0,0,1,0,1,-1,1,0,4,3,3,-1,[ OK ]
2883.6,4/8/2026 12:00:42 PM,7087,101.8,0,0.971,0.04176,0.5217,1.523,0,0,0,100,16.28,0.003021,0,200,0,0,0,1,0,1,-1,1,0,4,3,3,-1,[ OK ]
2884.1,4/8/2026 12:00:42 PM,7087,101.8,0,1.003,0.04285,0.521,1.531,0,0,0,100,16.28,0.002739,0.1523,200,0,0,0,1,0,1,-1,1,0,4,3,3,-1,[ OK ]
2884.5,4/8/2026 12:00:43 PM,7087,101.8,0,0.9391,0.04057,0.5208,1.534,0,0,0,100,16.28,0.002941,0.08883,200,0,0,0,1,0,1,-1,1,0,4,3,3,-1,[ OK ]
2884.9,4/8/2026 12:00:43 PM,7088,101.8,0,0.78,0.04255,0.5218,1.524,0,0,0,100,16.28,0.00282,0.01903,200,0,0,0,1,0,1,-1,1,0,4,3,3,-1,[ OK ]
2885.5,4/8/2026 12:00:44 PM,7088,101.8,0,0.6208,0.03868,0.5209,1.532,0,0,0,100,16.28,0.00286,0.01269,200,0,0,0,1,0,1,-1,1,0,4,3,3,-1,[ OK ]
2886.0,4/8/2026 12:00:44 PM,7089,101.8,0,1.449,0.03828,0.5217,1.524,0,0,0,100,16.28,0.002739,0,200,0,0,0,1,0,1,-1,1,0,4,3,3,-1,[ OK ]
2886.5,4/8/2026 12:00:45 PM,7089,101.8,0,0.9551,0.04265,0.5216,1.525,0,0,0,100,16.28,0.003223,0,200,0,0,0,1,0,1,-1,1,0,4,3,3,-1,[ OK ]
2886.9,4/8/2026 12:00:45 PM,7090,101.8,0,0.9869,0.04245,0.5218,1.523,0,0,0,100,16.28,0.001652,0.1459,200,0,0,0,1,0,1,-1,1,0,4,3,3,-1,[ OK ]
2887.5,4/8/2026 12:00:46 PM,7090,101.8,0,1.082,0.04126,0.5219,1.523,0,0,0,100,16.28,0.003062,0.01269,200,0,0,0,1,0,1,-1,1,0,4,3,3,-1,[ OK ]
2887.9,4/8/2026 12:00:46 PM,7091,101.8,0,0.9551,0.04136,0.5212,1.531,0,0,0,100,16.28,0.00286,0,200,0,0,0,1,0,1,-1,1,0,4,3,3,-1,[ OK ]
2888.5,4/8/2026 12:00:47 PM,7091,101.8,0,0.3343,0.04215,0.5217,1.525,0,0,0,100,16.28,0.003787,0.05076,200,0,0,0,1,0,1,-1,1,0,4,3,3,-1,[ OK ]
2889.1,4/8/2026 12:00:47 PM,7092,101.8,0,0.5253,0.04275,0.5211,1.532,0,0,0,100,16.28,0.00282,0.01269,200,0,0,0,1,0,1,-1,1,0,4,3,3,-1,[ OK ]
2889.6,4/8/2026 12:00:48 PM,7092,101.8,0,0.9869,0.04166,0.5219,1.522,0,0,0,100,16.28,0.002659,0.1586,200,0,0,0,1,0,1,-1,1,0,4,3,3,-1,[ OK ]
2890.0,4/8/2026 12:00:48 PM,7093,101.8,0,0.8755,0.04186,0.5217,1.525,0,0,0,100,16.28,0.0029,0.01269,200,0,0,0,1,0,1,-1,1,0,4,3,3,-1,[ OK ]
2890.4,4/8/2026 12:00:49 PM,7093,101.8,0,0.9551,0.04523,0.5218,1.523,0,0,0,100,16.28,0.003867,0.006345,200,0,0,0,1,0,1,-1,1,0,4,3,3,-1,[ OK ]
2890.9,4/8/2026 12:00:49 PM,7094,101.8,0,1.21,0.04255,0.5215,1.526,0,0,0,100,16.28,0.002538,0,200,0,0,0,1,0,1,-1,1,0,4,3,3,-1,[ OK ]
2891.4,4/8/2026 12:00:50 PM,7094,101.8,0,1.369,0.04126,0.5218,1.524,0,0,0,100,16.28,0.00278,0.0571,200,0,0,0,1,0,1,-1,1,0,4,3,3,-1,[ OK ]
2892.0,4/8/2026 12:00:50 PM,7095,101.8,0,0.971,0.04235,0.5215,1.526,0,0,0,100,16.28,0.002578,0,200,0,0,0,1,0,1,-1,1,0,4,3,3,-1,[ OK ]
2892.5,4/8/2026 12:00:51 PM,7095,101.8,0,0.382,0.04215,0.5215,1.526,0,0,0,100,16.28,0.003021,0,200,0,0,0,1,0,1,-1,1,0,4,3,3,-1,[ OK ]
2893.0,4/8/2026 12:00:51 PM,7096,101.8,0,0.764,0.04017,0.5217,1.523,0,0,0,100,16.28,0.002739,0.01903,200,0,0,0,1,0,1,-1,1,0,4,3,3,-1,[ OK ]
2893.5,4/8/2026 12:00:52 PM,7096,101.8,0,0.9073,0.04215,0.5214,1.526,0,0,0,100,16.28,0.002457,0.006345,200,0,0,0,1,0,1,-1,1,0,4,3,3,-1,[ OK ]
2893.9,4/8/2026 12:00:52 PM,7097,101.8,0,1.321,0.04116,0.5216,1.524,0,0,0,100,16.28,0.00278,0,200,0,0,0,1,0,1,-1,1,0,4,3,3,-1,[ OK ]
2894.5,4/8/2026 12:00:53 PM,7097,101.8,0,0.5094,0.04156,0.5218,1.521,0,0,0,100,16.28,0.0029,0,200,0,0,0,1,0,1,-1,1,0,4,3,3,-1,[ OK ]
2894.9,4/8/2026 12:00:53 PM,7098,101.8,0,0.4934,0.04245,0.521,1.531,0,0,0,100,16.28,0.001491,0,200,0,0,0,1,0,1,-1,1,0,4,3,3,-1,[ OK ]
2895.5,4/8/2026 12:00:54 PM,7098,101.8,0,1.051,0.04215,0.521,1.531,0,0,0,100,16.28,0.002941,0.1142,200,0,0,0,1,0,1,-1,1,0,4,3,3,-1,[ OK ]
2896.0,4/8/2026 12:00:54 PM,7099,101.8,0,0.8118,0.04176,0.5212,1.53,0,0,0,100,16.28,0.002498,0,200,0,0,0,1,0,1,-1,1,0,4,3,3,-1,[ OK ]
2896.6,4/8/2026 12:00:55 PM,7099,101.8,0,1.051,0.04265,0.5211,1.531,0,0,0,100,16.28,0.00145,0.006345,200,0,0,0,1,0,1,-1,1,0,4,3,3,-1,[ OK ]
2897.0,4/8/2026 12:00:55 PM,7100,101.8,0,1.019,0.04136,0.521,1.531,0,0,0,100,16.28,0.002739,0.1523,200,0,0,0,1,0,1,-1,1,0,4,3,3,-1,[ OK ]
2897.6,4/8/2026 12:00:56 PM,7100,101.8,0,0.5253,0.04414,0.5209,1.533,0,0,0,100,16.28,0.001772,0,200,0,0,0,1,0,1,-1,1,0,4,3,3,-1,[ OK ]
2898.1,4/8/2026 12:00:56 PM,7101,101.8,0,1.544,0.03967,0.5216,1.525,0,0,0,100,16.28,0.002377,0,200,0,0,0,1,0,1,-1,1,0,4,3,3,-1,[ OK ]
2898.6,4/8/2026 12:00:57 PM,7102,101.8,0,1.528,0.04136,0.5214,1.526,0,0,0,100,16.28,0.002538,0,200,0,0,0,1,0,1,-1,1,0,4,3,3,-1,[ OK ]
2899.2,4/8/2026 12:00:57 PM,7102,101.8,0,1.385,0.04116,0.5211,1.529,0,0,0,100,16.28,0.001934,0.1523,200,0,0,0,1,0,1,-1,1,0,4,3,3,-1,[ OK ]
2899.8,4/8/2026 12:00:58 PM,7103,101.8,0,1.146,0.04017,0.5211,1.529,0,0,0,100,16.28,0.003062,0.01903,200,0,0,0,1,0,1,-1,1,0,4,3,3,-1,[ OK ]
2900.3,4/8/2026 12:00:58 PM,7103,101.8,0,1.146,0.03918,0.5208,1.532,0,0,0,100,16.28,0.002981,0,200,0,0,0,1,0,1,-1,1,0,4,3,3,-1,[ OK ]
2900.8,4/8/2026 12:00:59 PM,7104,101.8,0,0.4775,0.04225,0.5216,1.524,0,0,0,100,16.28,0.00286,0,200,0,0,0,1,0,1,-1,1,0,4,3,3,-1,[ OK ]
2901.4,4/8/2026 12:00:59 PM,7104,101.8,0,1.257,0.04265,0.5209,1.531,0,0,0,100,16.28,0.002578,0.006345,200,0,0,0,1,0,1,-1,1,0,4,3,3,-1,[ OK ]
2901.9,4/8/2026 12:01:00 PM,7105,101.8,0,0.8755,0.04424,0.521,1.532,0,0,0,100,16.28,0.002659,0,200,0,0,0,1,0,1,-1,1,0,4,3,3,-1,[ OK ]
2902.5,4/8/2026 12:01:01 PM,7105,101.8,0,1.162,0.04463,0.5213,1.528,0,0,0,100,16.28,0.00419,0,200,0,0,0,1,0,1,-1,1,0,4,3,3,-1,[ OK ]
2903.0,4/8/2026 12:01:01 PM,7106,101.8,0,1.066,0.04543,0.5216,1.525,0,0,0,100,16.28,0.001772,0.006345,200,0,0,0,1,0,1,-1,1,0,4,3,3,-1,[ OK ]
2903.5,4/8/2026 12:01:02 PM,7106,101.8,0,1.257,0.04195,0.521,1.531,0,0,0,100,16.28,0.002699,0.1967,200,0,0,0,1,0,1,-1,1,0,4,3,3,-1,[ OK ]
2904.0,4/8/2026 12:01:02 PM,7107,101.8,0,1.003,0.04106,0.5217,1.525,0,0,0,100,16.28,0.002216,0.01269,200,0,0,0,1,0,1,-1,1,0,4,3,3,-1,[ OK ]
2904.6,4/8/2026 12:01:03 PM,7107,101.8,0,0.9391,0.04146,0.5219,1.523,0,0,0,100,16.28,0.0029,0,200,0,0,0,1,0,1,-1,1,0,4,3,3,-1,[ OK ]
2905.0,4/8/2026 12:01:03 PM,7108,101.8,0,0.589,0.04493,0.5215,1.527,0,0,0,100,16.28,0.002659,0,200,0,0,0,1,0,1,-1,1,0,4,3,3,-1,[ OK ]
2905.5,4/8/2026 12:01:04 PM,7108,101.8,0,0.4775,0.03957,0.5217,1.525,0,0,0,100,16.28,0.00282,0.1459,200,0,0,0,1,0,1,-1,1,0,4,3,3,-1,[ OK ]
2905.9,4/8/2026 12:01:04 PM,7109,101.8,0,0.8277,0.04225,0.522,1.521,0,0,0,100,16.28,0.0029,0.03807,200,0,0,0,1,0,1,-1,1,0,4,3,3,-1,[ OK ]
2906.3,4/8/2026 12:01:04 PM,7109,101.8,0,0.9073,0.04106,0.5212,1.529,0,0,0,100,16.28,0.0029,0.09517,200,0,0,0,1,0,1,-1,1,0,4,3,3,-1,[ OK ]
2906.6,4/8/2026 12:01:05 PM,7110,101.8,0,1.019,0.04106,0.521,1.533,0,0,0,100,16.28,0.002739,0,200,0,0,0,1,0,1,-1,1,0,4,3,3,-1,[ OK ]
2907.1,4/8/2026 12:01:05 PM,7110,101.8,0,1.289,0.03947,0.5215,1.527,0,0,0,100,16.28,0.0029,0.07614,200,0,0,0,1,0,1,-1,1,0,4,3,3,-1,[ OK ]
2907.5,4/8/2026 12:01:06 PM,7110,101.8,0,1.48,0.04513,0.5216,1.527,0,0,0,100,16.28,0.001329,0.006345,200,0,0,0,1,0,1,-1,1,0,4,3,3,-1,[ OK ]
2908.0,4/8/2026 12:01:06 PM,7111,101.8,0,1.496,0.04225,0.5212,1.532,0,0,0,100,16.28,0.002578,0,200,0,0,0,1,0,1,-1,1,0,4,3,3,-1,[ OK ]
2908.4,4/8/2026 12:01:06 PM,7111,101.8,0,1.098,0.04126,0.5213,1.531,0,0,0,100,16.28,0.003908,0,200,0,0,0,1,0,1,-1,1,0,4,3,3,-1,[ OK ]
2908.8,4/8/2026 12:01:07 PM,7112,101.8,0,1.401,0.04344,0.5213,1.53,0,0,0,100,16.28,0.002739,0,200,0,0,0,1,0,1,-1,1,0,4,3,3,-1,[ OK ]
2909.1,4/8/2026 12:01:07 PM,7112,101.8,0,0.7481,0.04513,0.5212,1.531,0,0,0,100,16.28,0.003424,0.02538,200,0,0,0,1,0,1,-1,1,0,4,3,3,-1,[ OK ]
2909.6,4/8/2026 12:01:08 PM,7112,101.8,0,1.003,0.04215,0.5219,1.523,0,0,0,100,16.28,0.00141,0.02538,200,0,0,0,1,0,1,-1,1,0,4,3,3,-1,[ OK ]
2910.0,4/8/2026 12:01:08 PM,7113,101.8,0,1.257,0.03898,0.5212,1.532,0,0,0,100,16.28,0.0029,0.1713,200,0,0,0,1,0,1,-1,1,0,4,3,3,-1,[ OK ]
2910.4,4/8/2026 12:01:09 PM,7113,101.8,0,1.146,0.04215,0.5211,1.532,0,0,0,100,16.28,0.001893,0,200,0,0,0,1,0,1,-1,1,0,4,3,3,-1,[ OK ]
2910.9,4/8/2026 12:01:09 PM,7114,101.8,0,0.8436,0.04215,0.5211,1.532,0,0,0,100,16.28,0.002538,0,200,0,0,0,1,0,1,-1,1,0,4,3,3,-1,[ OK ]
2911.3,4/8/2026 12:01:09 PM,7114,101.8,0,0.589,0.04156,0.5218,1.524,0,0,0,100,16.28,0.002538,0,200,0,0,0,1,0,1,-1,1,0,4,3,3,-1,[ OK ]
2911.6,4/8/2026 12:01:10 PM,7115,101.8,0,1.64,0.04195,0.5215,1.527,0,0,0,100,16.28,0.003746,0,200,0,0,0,1,0,1,-1,1,0,4,3,3,-1,[ OK ]
2912.1,4/8/2026 12:01:10 PM,7115,101.8,0,1.035,0.04344,0.5212,1.531,0,0,0,100,16.28,0.002659,0,200,0,0,0,1,0,1,-1,1,0,4,3,3,-1,[ OK ]
2912.5,4/8/2026 12:01:11 PM,7115,101.8,0,1.003,0.04186,0.5216,1.526,0,0,0,100,16.28,0.001853,0.01269,200,0,0,0,1,0,1,-1,1,0,4,3,3,-1,[ OK ]
2912.9,4/8/2026 12:01:11 PM,7116,101.8,0,1.019,0.04146,0.5216,1.527,0,0,0,100,16.28,0.001893,0.1205,200,0,0,0,1,0,1,-1,1,0,4,3,3,-1,[ OK ]
2913.4,4/8/2026 12:01:11 PM,7116,101.8,0,1.226,0.04176,0.5212,1.53,0,0,0,100,16.28,0.002941,0,200,0,0,0,1,0,1,-1,1,0,4,3,3,-1,[ OK ]
2913.8,4/8/2026 12:01:12 PM,7117,101.8,0,0.7481,0.04245,0.5219,1.522,0,0,0,100,16.28,0.002578,0,200,0,0,0,1,0,1,-1,1,0,4,3,3,-1,[ OK ]
2914.2,4/8/2026 12:01:12 PM,7117,101.8,0,0.9869,0.04176,0.5212,1.53,0,0,0,100,16.28,0.002578,0,200,0,0,0,1,0,1,-1,1,0,4,3,3,-1,[ OK ]
2914.7,4/8/2026 12:01:13 PM,7118,101.8,0,0.8914,0.03947,0.5215,1.526,0,0,0,100,16.28,0.0029,0,200,0,0,0,1,0,1,-1,1,0,4,3,3,-1,[ OK ]
2915.1,4/8/2026 12:01:13 PM,7118,101.8,0,0.8755,0.04553,0.5214,1.527,0,0,0,100,16.28,0.001209,0,200,0,0,0,1,0,1,-1,1,0,4,3,3,-1,[ OK ]
2915.5,4/8/2026 12:01:14 PM,7118,101.8,0,0.5253,0.04592,0.5213,1.529,0,0,0,100,16.28,0.00286,0,200,0,0,0,1,0,1,-1,1,0,4,3,3,-1,[ OK ]
2916.0,4/8/2026 12:01:14 PM,7119,101.8,0,0.9391,0.04285,0.5216,1.527,0,0,0,100,16.28,0.002659,0,200,0,0,0,1,0,1,-1,1,0,4,3,3,-1,[ OK ]
2916.4,4/8/2026 12:01:14 PM,7119,101.8,0,0.5253,0.03868,0.5219,1.523,0,0,0,100,16.28,0.001732,0.1777,200,0,0,0,1,0,1,-1,1,0,4,3,3,-1,[ OK ]
2916.8,4/8/2026 12:01:15 PM,7120,101.8,0,1.066,0.04146,0.5217,1.524,0,0,0,100,16.28,0.003545,0,200,0,0,0,1,0,1,-1,1,0,4,3,3,-1,[ OK ]
2917.3,4/8/2026 12:01:15 PM,7120,101.8,0,1.051,0.04186,0.5209,1.533,0,0,0,100,16.28,0.002578,0,200,0,0,0,1,0,1,-1,1,0,4,3,3,-1,[ OK ]
2917.7,4/8/2026 12:01:16 PM,7121,101.8,0,1.019,0.03977,0.5212,1.53,0,0,0,100,16.28,0.002498,0.06345,200,0,0,0,1,0,1,-1,1,0,4,3,3,-1,[ OK ]
2918.1,4/8/2026 12:01:16 PM,7121,101.8,0,1.178,0.04513,0.5217,1.525,0,0,0,100,16.28,0.0006445,0.09517,200,0,0,0,1,0,1,-1,1,0,4,3,3,-1,[ OK ]
2918.6,4/8/2026 12:01:17 PM,7121,101.8,0,1.066,0.04066,0.5213,1.53,0,0,0,100,16.28,0.002538,0.1523,200,0,0,0,1,0,1,-1,1,0,4,3,3,-1,[ OK ]
2919.0,4/8/2026 12:01:17 PM,7122,101.8,0,1.035,0.04126,0.5219,1.523,0,0,0,100,16.28,0.002699,0,200,0,0,0,1,0,1,-1,1,0,4,3,3,-1,[ OK ]
2919.5,4/8/2026 12:01:18 PM,7122,101.8,0,0.9232,0.04136,0.5212,1.532,0,0,0,100,16.28,0.00282,0,200,0,0,0,1,0,1,-1,1,0,4,3,3,-1,[ OK ]
2919.9,4/8/2026 12:01:18 PM,7123,101.8,0,1.003,0.04344,0.5217,1.525,0,0,0,100,16.28,0.002578,0.006345,200,0,0,0,1,0,1,-1,1,0,4,3,3,-1,[ OK ]
2920.3,4/8/2026 12:01:18 PM,7123,101.8,0,0.8755,0.04235,0.521,1.533,0,0,0,100,16.28,0.001893,0.01269,200,0,0,0,1,0,1,-1,1,0,4,3,3,-1,[ OK ]
2920.8,4/8/2026 12:01:19 PM,7124,101.8,0,1.035,0.03878,0.5216,1.525,0,0,0,100,16.28,0.003021,0,200,0,0,0,1,0,1,-1,1,0,4,3,3,-1,[ OK ]
2921.1,4/8/2026 12:01:19 PM,7124,101.8,0,0.9869,0.04136,0.5218,1.523,0,0,0,100,16.28,0.002578,0,200,0,0,0,1,0,1,-1,1,0,4,3,3,-1,[ OK ]
2921.5,4/8/2026 12:01:20 PM,7124,101.8,0,1.496,0.04275,0.5216,1.526,0,0,0,100,16.28,0.002659,0.01269,200,0,0,0,1,0,1,-1,1,0,4,3,3,-1,[ OK ]
2922.0,4/8/2026 12:01:20 PM,7125,101.8,0,0.5571,0.04205,0.5208,1.534,0,0,0,100,16.28,0.002659,0,200,0,0,0,1,0,1,-1,1,0,4,3,3,-1,[ OK ]
2922.4,4/8/2026 12:01:20 PM,7125,101.8,0,0.8277,0.04176,0.5212,1.53,0,0,0,100,16.28,0.00282,0,200,0,0,0,1,0,1,-1,1,0,4,3,3,-1,[ OK ]
2922.8,4/8/2026 12:01:21 PM,7126,101.8,0,1.257,0.04195,0.5211,1.532,0,0,0,100,16.28,0.00286,0.04441,200,0,0,0,1,0,1,-1,1,0,4,3,3,-1,[ OK ]
2923.1,4/8/2026 12:01:21 PM,7126,101.8,0,1.051,0.04553,0.5212,1.531,0,0,0,100,16.28,0.003142,0,200,0,0,0,1,0,1,-1,1,0,4,3,3,-1,[ OK ]
2923.6,4/8/2026 12:01:22 PM,7126,101.8,0,1.496,0.04255,0.5218,1.525,0,0,0,100,16.28,0.002981,0,200,0,0,0,1,0,1,-1,1,0,4,3,3,-1,[ OK ]
2924.0,4/8/2026 12:01:22 PM,7127,101.8,0,0.8755,0.04136,0.5217,1.526,0,0,0,100,16.28,0.003585,0,200,0,0,0,1,0,1,-1,1,0,4,3,3,-1,[ OK ]
2924.5,4/8/2026 12:01:23 PM,7127,101.8,0,0.9391,0.04493,0.5212,1.532,0,0,0,100,16.28,0.002377,0.06979,200,0,0,0,1,0,1,-1,1,0,4,3,3,-1,[ OK ]
2924.9,4/8/2026 12:01:23 PM,7128,101.8,0,0.9869,0.04265,0.5212,1.532,0,0,0,100,16.28,0.002659,0,200,0,0,0,1,0,1,-1,1,0,4,3,3,-1,[ OK ]
2925.3,4/8/2026 12:01:23 PM,7128,101.8,0,0.9391,0.04215,0.5212,1.532,0,0,0,100,16.28,0.002941,0,200,0,0,0,1,0,1,-1,1,0,4,3,3,-1,[ OK ]
2925.6,4/8/2026 12:01:24 PM,7129,101.8,0,1.114,0.04215,0.5218,1.524,0,0,0,100,16.28,0.003182,0,200,0,0,0,1,0,1,-1,1,0,4,3,3,-1,[ OK ]
2926.1,4/8/2026 12:01:24 PM,7129,101.8,0,1.13,0.04285,0.5211,1.532,0,0,0,100,16.28,0.002739,0,200,0,0,0,1,0,1,-1,1,0,4,3,3,-1,[ OK ]
2926.5,4/8/2026 12:01:25 PM,7129,101.8,0,0.5253,0.04057,0.5217,1.527,0,0,0,100,16.28,0.002538,0.02538,200,0,0,0,1,0,1,-1,1,0,4,3,3,-1,[ OK ]
2926.9,4/8/2026 12:01:25 PM,7130,101.8,0,0.9551,0.04215,0.5216,1.527,0,0,0,100,16.28,0.002941,0,200,0,0,0,1,0,1,-1,1,0,4,3,3,-1,[ OK ]
2927.4,4/8/2026 12:01:25 PM,7130,101.8,0,0.8596,0.04215,0.5217,1.526,0,0,0,100,16.28,0.002578,0,200,0,0,0,1,0,1,-1,1,0,4,3,3,-1,[ OK ]
2927.8,4/8/2026 12:01:26 PM,7131,101.8,0,0.5094,0.04156,0.522,1.522,0,0,0,100,16.28,0.00282,0,200,0,0,0,1,0,1,-1,1,0,4,3,3,-1,[ OK ]
2928.2,4/8/2026 12:01:26 PM,7131,101.8,0,1.56,0.04057,0.5213,1.53,0,0,0,100,16.28,0.002941,0,200,0,0,0,1,0,1,-1,1,0,4,3,3,-1,[ OK ]
2928.6,4/8/2026 12:01:27 PM,7131,101.8,0,0.8118,0.03878,0.5219,1.524,0,0,0,100,16.28,0.002618,0,200,0,0,0,1,0,1,-1,1,0,4,3,3,-1,[ OK ]
2929.0,4/8/2026 12:01:27 PM,7132,101.8,0,1.066,0.04245,0.5211,1.531,0,0,0,100,16.28,0.001732,0.01269,200,0,0,0,1,0,1,-1,1,0,4,3,3,-1,[ OK ]
2929.4,4/8/2026 12:01:28 PM,7132,101.8,0,1.003,0.04176,0.5209,1.533,0,0,0,100,16.28,0.002699,0,200,0,0,0,1,0,1,-1,1,0,4,3,3,-1,[ OK ]
2929.9,4/8/2026 12:01:28 PM,7133,101.8,0,1.051,0.04086,0.5216,1.525,0,0,0,100,16.28,0.002578,0,200,0,0,0,1,0,1,-1,1,0,4,3,3,-1,[ OK ]
2930.3,4/8/2026 12:01:28 PM,7133,101.8,0,0.8118,0.04215,0.5209,1.533,0,0,0,100,16.28,0.002377,0,200,0,0,0,1,0,1,-1,1,0,4,3,3,-1,[ OK ]
2930.6,4/8/2026 12:01:29 PM,7134,101.8,0,1.289,0.03987,0.5217,1.525,0,0,0,100,16.28,0.00282,0,200,0,0,0,1,0,1,-1,1,0,4,3,3,-1,[ OK ]
2931.1,4/8/2026 12:01:29 PM,7134,101.8,0,0.9551,0.04126,0.5213,1.53,0,0,0,100,16.28,0.003182,0.1523,200,0,0,0,1,0,1,-1,1,0,4,3,3,-1,[ OK ]
2931.5,4/8/2026 12:01:30 PM,7134,101.8,0,0.8755,0.04195,0.521,1.533,0,0,0,100,16.28,0.00141,0.08883,200,0,0,0,1,0,1,-1,1,0,4,3,3,-1,[ OK ]
2931.9,4/8/2026 12:01:30 PM,7135,101.8,0,0.5571,0.03977,0.5219,1.524,0,0,0,100,16.28,0.003948,0,200,0,0,0,1,0,1,-1,1,0,4,3,3,-1,[ OK ]
2932.4,4/8/2026 12:01:30 PM,7135,101.8,0,1.003,0.04186,0.5211,1.532,0,0,0,100,16.28,0.002498,0,200,0,0,0,1,0,1,-1,1,0,4,3,3,-1,[ OK ]
2932.8,4/8/2026 12:01:31 PM,7136,101.8,0,0.8118,0.04136,0.5213,1.531,0,0,0,100,16.28,0.002699,0,200,0,0,0,1,0,1,-1,1,0,4,3,3,-1,[ OK ]
2933.2,4/8/2026 12:01:31 PM,7136,101.8,0,1.098,0.04106,0.5219,1.524,0,0,0,100,16.28,0.003062,0.09517,200,0,0,0,1,0,1,-1,1,0,4,3,3,-1,[ OK ]
2933.7,4/8/2026 12:01:32 PM,7137,101.8,0,1.098,0.04295,0.5217,1.526,0,0,0,100,16.28,0.003142,0,200,0,0,0,1,0,1,-1,1,0,4,3,3,-1,[ OK ]
2934.1,4/8/2026 12:01:32 PM,7137,101.8,0,0.9869,0.03868,0.5219,1.524,0,0,0,100,16.28,0.001571,0.01269,200,0,0,0,1,0,1,-1,1,0,4,3,3,-1,[ OK ]
2934.5,4/8/2026 12:01:33 PM,7137,101.8,0,1.528,0.04136,0.5222,1.521,0,0,0,100,16.28,0.00286,0,200,0,0,0,1,0,1,-1,1,0,4,3,3,-1,[ OK ]
2935.0,4/8/2026 12:01:33 PM,7138,101.8,0,1.003,0.03699,0.5211,1.532,0,0,0,100,16.28,0.002175,0,200,0,0,0,1,0,1,-1,1,0,4,3,3,-1,[ OK ]
2935.4,4/8/2026 12:01:33 PM,7138,101.8,0,1.003,0.04265,0.5211,1.532,0,0,0,100,16.28,0.002377,0,200,0,0,0,1,0,1,-1,1,0,4,3,3,-1,[ OK ]
2935.7,4/8/2026 12:01:34 PM,7139,101.8,0,0.5571,0.03908,0.521,1.534,0,0,0,100,16.28,0.002216,0.1586,200,0,0,0,1,0,1,-1,1,0,4,3,3,-1,[ OK ]
2936.2,4/8/2026 12:01:34 PM,7139,101.8,0,0.9869,0.04205,0.5216,1.527,0,0,0,100,16.28,0.002941,0,200,0,0,0,1,0,1,-1,1,0,4,3,3,-1,[ OK ]
2936.6,4/8/2026 12:01:35 PM,7139,101.8,0,0.6049,0.04195,0.5211,1.532,0,0,0,100,16.28,0.002981,0,200,0,0,0,1,0,1,-1,1,0,4,3,3,-1,[ OK ]
2937.0,4/8/2026 12:01:35 PM,7140,101.8,0,1.751,0.04106,0.5218,1.524,0,0,0,100,16.28,0.002659,0,200,0,0,0,1,0,1,-1,1,0,4,3,3,-1,[ OK ]
2937.5,4/8/2026 12:01:36 PM,7140,101.8,0,0.5094,0.04493,0.5217,1.526,0,0,0,100,16.28,0.002175,0,200,0,0,0,1,0,1,-1,1,0,4,3,3,-1,[ OK ]
2937.8,4/8/2026 12:01:36 PM,7141,101.8,0,1.369,0.04285,0.5212,1.532,0,0,0,100,16.28,0.001611,0,200,0,0,0,1,0,1,-1,1,0,4,3,3,-1,[ OK ]
2938.2,4/8/2026 12:01:36 PM,7141,101.8,0,0.3502,0.03947,0.5217,1.526,0,0,0,100,16.28,0.001491,0,200,0,0,0,1,0,1,-1,1,0,4,3,3,-1,[ OK ]
2938.6,4/8/2026 12:01:37 PM,7142,101.8,0,0.8596,0.04533,0.5219,1.524,0,0,0,100,16.28,0.002538,0,200,0,0,0,1,0,1,-1,1,0,4,3,3,-1,[ OK ]
2939.1,4/8/2026 12:01:37 PM,7142,101.8,0,1.035,0.04364,0.5218,1.524,0,0,0,100,16.28,0.003746,0,200,0,0,0,1,0,1,-1,1,0,4,3,3,-1,[ OK ]
2939.5,4/8/2026 12:01:38 PM,7142,101.8,0,0.8914,0.04106,0.5211,1.532,0,0,0,100,16.28,0.0029,0,200,0,0,0,1,0,1,-1,1,0,4,3,3,-1,[ OK ]
2940.0,4/8/2026 12:01:38 PM,7143,101.8,0,1.035,0.04215,0.5212,1.531,0,0,0,100,16.28,0.002981,0.1205,200,0,0,0,1,0,1,-1,1,0,4,3,3,-1,[ OK ]
2940.4,4/8/2026 12:01:38 PM,7143,101.8,0,0.971,0.04265,0.5219,1.524,0,0,0,100,16.28,0.002578,0.1967,200,0,0,0,1,0,1,-1,1,0,4,3,3,-1,[ OK ]
2940.8,4/8/2026 12:01:39 PM,7144,101.8,0,0.8118,0.03977,0.5214,1.528,0,0,0,100,16.28,0.002578,0.02538,200,0,0,0,1,0,1,-1,1,0,4,3,3,-1,[ OK ]
2941.3,4/8/2026 12:01:39 PM,7144,101.8,0,0.9232,0.04176,0.5211,1.532,0,0,0,100,16.28,0.003303,0.1015,200,0,0,0,1,0,1,-1,1,0,4,3,3,-1,[ OK ]
2941.6,4/8/2026 12:01:40 PM,7144,101.8,0,0.8755,0.04186,0.5218,1.524,0,0,0,100,16.28,0.001772,0,200,0,0,0,1,0,1,-1,1,0,4,3,3,-1,[ OK ]
2942.0,4/8/2026 12:01:40 PM,7145,101.8,0,1.273,0.04156,0.521,1.533,0,0,0,100,16.28,0.00282,0.02538,200,0,0,0,1,0,1,-1,1,0,4,3,3,-1,[ OK ]
2942.5,4/8/2026 12:01:41 PM,7145,101.8,0,0.9391,0.04186,0.521,1.533,0,0,0,100,16.28,0.003908,0.07614,200,0,0,0,1,0,1,-1,1,0,4,3,3,-1,[ OK ]
2942.9,4/8/2026 12:01:41 PM,7146,101.8,0,0.764,0.04235,0.5217,1.525,0,0,0,100,16.28,0.003062,0,200,0,0,0,1,0,1,-1,1,0,4,3,3,-1,[ OK ]
2943.3,4/8/2026 12:01:41 PM,7146,101.8,0,1.035,0.04205,0.5215,1.527,0,0,0,100,16.28,0.001934,0.1713,200,0,0,0,1,0,1,-1,1,0,4,3,3,-1,[ OK ]
2943.8,4/8/2026 12:01:42 PM,7147,101.8,0,1.019,0.04106,0.5213,1.53,0,0,0,100,16.28,0.002739,0,200,0,0,0,1,0,1,-1,1,0,4,3,3,-1,[ OK ]
2944.2,4/8/2026 12:01:42 PM,7147,101.8,0,0.5094,0.04285,0.5212,1.531,0,0,0,100,16.28,0.002659,0.05076,200,0,0,0,1,0,1,-1,1,0,4,3,3,-1,[ OK ]
2944.6,4/8/2026 12:01:43 PM,7148,101.8,0,1.114,0.04275,0.5218,1.524,0,0,0,100,16.28,0.002578,0.01269,200,0,0,0,1,0,1,-1,1,0,4,3,3,-1,[ OK ]
2945.1,4/8/2026 12:01:43 PM,7148,101.8,0,0.9232,0.03838,0.5212,1.53,0,0,0,100,16.28,0.001934,0.05076,200,0,0,0,1,0,1,-1,1,0,4,3,3,-1,[ OK ]
2945.5,4/8/2026 12:01:44 PM,7148,101.8,0,1.051,0.04235,0.5216,1.526,0,0,0,100,16.28,0.002498,0,200,0,0,0,1,0,1,-1,1,0,4,3,3,-1,[ OK ]
2946.0,4/8/2026 12:01:44 PM,7149,101.8,0,1.035,0.04126,0.5219,1.523,0,0,0,100,16.28,0.002538,0.006345,200,0,0,0,1,0,1,-1,1,0,4,3,3,-1,[ OK ]
2946.4,4/8/2026 12:01:44 PM,7149,101.8,0,0.8914,0.04215,0.5219,1.524,0,0,0,100,16.28,0.001329,0.05076,200,0,0,0,1,0,1,-1,1,0,4,3,3,-1,[ OK ]
2946.8,4/8/2026 12:01:45 PM,7150,101.8,0,0.8596,0.04245,0.5216,1.526,0,0,0,100,16.28,0.002941,0,200,0,0,0,1,0,1,-1,1,0,4,3,3,-1,[ OK ]
2947.3,4/8/2026 12:01:45 PM,7150,101.8,0,1.035,0.04235,0.5218,1.524,0,0,0,100,16.28,0.002739,0,200,0,0,0,1,0,1,-1,1,0,4,3,3,-1,[ OK ]
2947.7,4/8/2026 12:01:46 PM,7151,101.8,0,1.496,0.04106,0.5216,1.526,0,0,0,100,16.28,0.002739,0,200,0,0,0,1,0,1,-1,1,0,4,3,3,-1,[ OK ]
2948.1,4/8/2026 12:01:46 PM,7151,101.8,0,1.13,0.04255,0.5215,1.527,0,0,0,100,16.28,0.002659,0,200,0,0,0,1,0,1,-1,1,0,4,3,3,-1,[ OK ]
2948.6,4/8/2026 12:01:47 PM,7151,101.8,0,1.082,0.04136,0.5218,1.524,0,0,0,100,16.28,0.001692,0.006345,200,0,0,0,1,0,1,-1,1,0,4,3,3,-1,[ OK ]
2949.0,4/8/2026 12:01:47 PM,7152,101.8,0,0.7481,0.04344,0.5211,1.532,0,0,0,100,16.28,0.002538,0,200,0,0,0,1,0,1,-1,1,0,4,3,3,-1,[ OK ]
2949.3,4/8/2026 12:01:47 PM,7152,101.8,0,1.257,0.04176,0.5211,1.532,0,0,0,100,16.28,0.002618,0.06345,200,0,0,0,1,0,1,-1,1,0,4,3,3,-1,[ OK ]
2949.8,4/8/2026 12:01:48 PM,7153,101.8,0,1.082,0.04562,0.521,1.533,0,0,0,100,16.28,0.001329,0.01903,200,0,0,0,1,0,1,-1,1,0,4,3,3,-1,[ OK ]
2950.2,4/8/2026 12:01:48 PM,7153,101.8,0,0.7959,0.04434,0.5219,1.523,0,0,0,100,16.28,0.002659,0.1586,200,0,0,0,1,0,1,-1,1,0,4,3,3,-1,[ OK ]
2950.6,4/8/2026 12:01:49 PM,7154,101.8,0,0.8914,0.04245,0.5216,1.525,0,0,0,100,16.28,0.00282,0,200,0,0,0,1,0,1,-1,1,0,4,3,3,-1,[ OK ]
2951.1,4/8/2026 12:01:49 PM,7154,101.8,0,1.098,0.03977,0.5219,1.522,0,0,0,100,16.28,0.002538,0,200,0,0,0,1,0,1,-1,1,0,4,3,3,-1,[ OK ]
2951.5,4/8/2026 12:01:50 PM,7154,101.8,0,1.082,0.04176,0.5218,1.522,0,0,0,100,16.28,0.00286,0,200,0,0,0,1,0,1,-1,1,0,4,3,3,-1,[ OK ]
2951.9,4/8/2026 12:01:50 PM,7155,101.8,0,0.5094,0.04176,0.5208,1.534,0,0,0,100,16.28,0.002578,0,200,0,0,0,1,0,1,-1,1,0,4,3,3,-1,[ OK ]
2952.3,4/8/2026 12:01:50 PM,7155,101.8,0,0.971,0.04136,0.5218,1.524,0,0,0,100,16.28,0.002739,0.01269,200,0,0,0,1,0,1,-1,1,0,4,3,3,-1,[ OK ]
2952.7,4/8/2026 12:01:51 PM,7156,101.8,0,1.401,0.04146,0.521,1.533,0,0,0,100,16.28,0.003142,0,200,0,0,0,1,0,1,-1,1,0,4,3,3,-1,[ OK ]
2953.1,4/8/2026 12:01:51 PM,7156,101.8,0,1.257,0.03967,0.5215,1.528,0,0,0,100,16.28,0.00286,0,200,0,0,0,1,0,1,-1,1,0,4,3,3,-1,[ OK ]
2953.6,4/8/2026 12:01:52 PM,7156,101.8,0,1.035,0.04265,0.5217,1.524,0,0,0,100,16.28,0.002538,0,200,0,0,0,1,0,1,-1,1,0,4,3,3,-1,[ OK ]
2954.0,4/8/2026 12:01:52 PM,7157,101.8,0,1.003,0.04136,0.521,1.533,0,0,0,100,16.28,0.002659,0,200,0,0,0,1,0,1,-1,1,0,4,3,3,-1,[ OK ]
2954.4,4/8/2026 12:01:53 PM,7157,101.8,0,1.051,0.04235,0.5212,1.53,0,0,0,100,16.28,0.002256,0.04441,200,0,0,0,1,0,1,-1,1,0,4,3,3,-1,[ OK ]
2954.8,4/8/2026 12:01:53 PM,7158,101.8,0,1.464,0.04235,0.5215,1.527,0,0,0,100,16.28,0.001209,0,200,0,0,0,1,0,1,-1,1,0,4,3,3,-1,[ OK ]
2955.2,4/8/2026 12:01:53 PM,7158,101.8,0,0.971,0.04146,0.5217,1.525,0,0,0,100,16.28,0.0029,0,200,0,0,0,1,0,1,-1,1,0,4,3,3,-1,[ OK ]
2955.6,4/8/2026 12:01:54 PM,7158,101.8,0,0.9551,0.04037,0.5218,1.524,0,0,0,100,16.28,0.00282,0.006345,200,0,0,0,1,0,1,-1,1,0,4,3,3,-1,[ OK ]
2956.0,4/8/2026 12:01:54 PM,7159,101.8,0,0.971,0.04106,0.5216,1.526,0,0,0,100,16.28,0.002659,0,200,0,0,0,1,0,1,-1,1,0,4,3,3,-1,[ OK ]
2956.5,4/8/2026 12:01:55 PM,7159,101.8,0,0.8118,0.04136,0.521,1.532,0,0,0,100,16.28,0.002578,0.03172,200,0,0,0,1,0,1,-1,1,0,4,3,3,-1,[ OK ]
2956.8,4/8/2026 12:01:55 PM,7160,101.8,0,1.321,0.04265,0.522,1.522,0,0,0,100,16.28,0.002417,0.1205,200,0,0,0,1,0,1,-1,1,0,4,3,3,-1,[ OK ]
2957.3,4/8/2026 12:01:55 PM,7160,101.8,0,1.066,0.04225,0.5209,1.533,0,0,0,100,16.28,0.001531,0.01903,200,0,0,0,1,0,1,-1,1,0,4,3,3,-1,[ OK ]
2957.7,4/8/2026 12:01:56 PM,7161,101.8,0,0.7959,0.04275,0.5213,1.529,0,0,0,100,16.28,0.0029,0.1205,200,0,0,0,1,0,1,-1,1,0,4,3,3,-1,[ OK ]
2958.1,4/8/2026 12:01:56 PM,7161,101.8,0,0.9551,0.04195,0.5212,1.529,0,0,0,100,16.28,0.002578,0.01269,200,0,0,0,1,0,1,-1,1,0,4,3,3,-1,[ OK ]
2958.6,4/8/2026 12:01:57 PM,7161,101.8,0,0.971,0.04215,0.5216,1.525,0,0,0,100,16.28,0.00278,0.006345,200,0,0,0,1,0,1,-1,1,0,4,3,3,-1,[ OK ]
2959.0,4/8/2026 12:01:57 PM,7162,101.8,0,1.194,0.04027,0.521,1.531,0,0,0,100,16.28,0.002618,0,200,0,0,0,1,0,1,-1,1,0,4,3,3,-1,[ OK ]
2959.4,4/8/2026 12:01:58 PM,7162,101.8,0,1.098,0.03947,0.5211,1.53,0,0,0,100,16.28,0.002498,0.01903,200,0,0,0,1,0,1,-1,1,0,4,3,3,-1,[ OK ]
2959.9,4/8/2026 12:01:58 PM,7163,101.8,0,1.385,0.04195,0.5219,1.521,0,0,0,100,16.28,0.00278,0,200,0,0,0,1,0,1,-1,1,0,4,3,3,-1,[ OK ]
2960.4,4/8/2026 12:01:59 PM,7163,101.8,0,0.9869,0.04513,0.5215,1.525,0,0,0,100,16.28,0.002739,0.006345,200,0,0,0,1,0,1,-1,1,0,4,3,3,-1,[ OK ]
2960.9,4/8/2026 12:01:59 PM,7164,101.8,0,0.8436,0.04106,0.5211,1.53,0,0,0,100,16.28,0.00282,0.02538,200,0,0,0,1,0,1,-1,1,0,4,3,3,-1,[ OK ]
2961.3,4/8/2026 12:01:59 PM,7164,101.8,0,0.9073,0.04215,0.5209,1.533,0,0,0,100,16.28,0.00282,0,200,0,0,0,1,0,1,-1,1,0,4,3,3,-1,[ OK ]
2961.7,4/8/2026 12:02:00 PM,7165,101.8,0,1.082,0.04027,0.521,1.531,0,0,0,100,16.28,0.00286,0,200,0,0,0,1,0,1,-1,1,0,4,3,3,-1,[ OK ]
2962.2,4/8/2026 12:02:00 PM,7165,101.8,0,0.2228,0.04255,0.521,1.532,0,0,0,100,16.28,0.002578,0,200,0,0,0,1,0,1,-1,1,0,4,3,3,-1,[ OK ]
2962.7,4/8/2026 12:02:01 PM,7166,101.8,0,0.4457,0.04176,0.5217,1.525,0,0,0,100,16.28,0.00286,0.01269,200,0,0,0,1,0,1,-1,1,0,4,3,3,-1,[ OK ]
2963.1,4/8/2026 12:02:01 PM,7166,101.8,0,0.9391,0.04186,0.5216,1.526,0,0,0,100,16.28,0.001249,0.01903,200,0,0,0,1,0,1,-1,1,0,4,3,3,-1,[ OK ]
2963.6,4/8/2026 12:02:02 PM,7166,101.8,0,0.971,0.04096,0.521,1.531,0,0,0,100,16.28,0.003867,0,200,0,0,0,1,0,1,-1,1,0,4,3,3,-1,[ OK ]
2964.0,4/8/2026 12:02:02 PM,7167,101.8,0,0.8914,0.04245,0.5209,1.533,0,0,0,100,16.28,0.004109,0.05076,200,0,0,0,1,0,1,-1,1,0,4,3,3,-1,[ OK ]
2964.3,4/8/2026 12:02:02 PM,7167,101.8,0,0.8755,0.04136,0.5213,1.529,0,0,0,100,16.28,0.002739,0,200,0,0,0,1,0,1,-1,1,0,4,3,3,-1,[ OK ]
2964.8,4/8/2026 12:02:03 PM,7168,101.8,0,0.8118,0.04285,0.5212,1.53,0,0,0,100,16.28,0.001611,0,200,0,0,0,1,0,1,-1,1,0,4,3,3,-1,[ OK ]
2965.2,4/8/2026 12:02:03 PM,7168,101.8,0,1.019,0.04126,0.521,1.532,0,0,0,100,16.28,0.002618,0,200,0,0,0,1,0,1,-1,1,0,4,3,3,-1,[ OK ]
2965.6,4/8/2026 12:02:04 PM,7169,101.8,0,0.8914,0.04186,0.5216,1.526,0,0,0,100,16.28,0.00282,0,200,0,0,0,1,0,1,-1,1,0,4,3,3,-1,[ OK ]
2966.1,4/8/2026 12:02:04 PM,7169,101.8,0,0.3979,0.04195,0.5212,1.53,0,0,0,100,16.28,0.002739,0,200,0,0,0,1,0,1,-1,1,0,4,3,3,-1,[ OK ]
2966.5,4/8/2026 12:02:05 PM,7169,101.8,0,0.9869,0.04106,0.5219,1.523,0,0,0,100,16.28,0.002659,0.1523,200,0,0,0,1,0,1,-1,1,0,4,3,3,-1,[ OK ]
2966.9,4/8/2026 12:02:05 PM,7170,101.8,0,1.051,0.04235,0.5219,1.523,0,0,0,100,16.28,0.002377,0.01269,200,0,0,0,1,0,1,-1,1,0,4,3,3,-1,[ OK ]
2967.4,4/8/2026 12:02:05 PM,7170,101.8,0,1.035,0.03928,0.5217,1.526,0,0,0,100,16.28,0.002699,0.01269,200,0,0,0,1,0,1,-1,1,0,4,3,3,-1,[ OK ]
2967.8,4/8/2026 12:02:06 PM,7171,101.8,0,0.5571,0.04076,0.5219,1.523,0,0,0,100,16.28,0.002618,0,200,0,0,0,1,0,1,-1,1,0,4,3,3,-1,[ OK ]
2968.3,4/8/2026 12:02:06 PM,7171,101.8,0,0.6049,0.04354,0.5216,1.527,0,0,0,100,16.28,0.003384,0,200,0,0,0,1,0,1,-1,1,0,4,3,3,-1,[ OK ]
2968.7,4/8/2026 12:02:07 PM,7172,101.8,0,1.003,0.04186,0.5212,1.531,0,0,0,100,16.28,0.00278,0,200,0,0,0,1,0,1,-1,1,0,4,3,3,-1,[ OK ]
2969.1,4/8/2026 12:02:07 PM,7172,101.8,0,0.8436,0.04414,0.5213,1.53,0,0,0,100,16.28,0.003062,0.01269,200,0,0,0,1,0,1,-1,1,0,4,3,3,-1,[ OK ]
2969.7,4/8/2026 12:02:08 PM,7173,101.8,0,0.8755,0.04205,0.5213,1.529,0,0,0,100,16.28,0.00282,0,200,0,0,0,1,0,1,-1,1,0,4,3,3,-1,[ OK ]
2970.2,4/8/2026 12:02:08 PM,7173,101.8,0,1.019,0.04146,0.5218,1.524,0,0,0,100,16.28,0.002578,0,200,0,0,0,1,0,1,-1,1,0,4,3,3,-1,[ OK ]
2970.7,4/8/2026 12:02:09 PM,7174,101.8,0,0.6367,0.04106,0.5215,1.526,0,0,0,100,16.28,0.002578,0,200,0,0,0,1,0,1,-1,1,0,4,3,3,-1,[ OK ]
2971.1,4/8/2026 12:02:09 PM,7174,101.8,0,0.8118,0.04096,0.521,1.532,0,0,0,100,16.28,0.001692,0.01903,200,0,0,0,1,0,1,-1,1,0,4,3,3,-1,[ OK ]
2971.5,4/8/2026 12:02:10 PM,7174,101.8,0,1.003,0.03947,0.521,1.532,0,0,0,100,16.28,0.003827,0,200,0,0,0,1,0,1,-1,1,0,4,3,3,-1,[ OK ]
2971.9,4/8/2026 12:02:10 PM,7175,101.8,0,1.019,0.03858,0.5214,1.527,0,0,0,100,16.28,0.003021,0,200,0,0,0,1,0,1,-1,1,0,4,3,3,-1,[ OK ]
2972.4,4/8/2026 12:02:10 PM,7175,101.8,0,1.003,0.04235,0.5217,1.524,0,0,0,100,16.28,0.003545,0,200,0,0,0,1,0,1,-1,1,0,4,3,3,-1,[ OK ]
2972.8,4/8/2026 12:02:11 PM,7176,101.8,0,0.3979,0.04493,0.5217,1.525,0,0,0,100,16.28,0.002336,0,200,0,0,0,1,0,1,-1,1,0,4,3,3,-1,[ OK ]
2973.3,4/8/2026 12:02:11 PM,7176,101.8,0,1.066,0.04305,0.5213,1.529,0,0,0,100,16.28,0.002739,0,200,0,0,0,1,0,1,-1,1,0,4,3,3,-1,[ OK ]
2973.8,4/8/2026 12:02:12 PM,7177,101.8,0,0.9869,0.04195,0.5213,1.528,0,0,0,100,16.28,0.002538,0,200,0,0,0,1,0,1,-1,1,0,4,3,3,-1,[ OK ]
2974.4,4/8/2026 12:02:12 PM,7177,101.8,0,1.178,0.04146,0.521,1.532,0,0,0,100,16.28,0.002377,0,200,0,0,0,1,0,1,-1,1,0,4,3,3,-1,[ OK ]
2974.9,4/8/2026 12:02:13 PM,7178,101.8,0,1.56,0.04156,0.5217,1.525,0,0,0,100,16.28,0.002981,0,200,0,0,0,1,0,1,-1,1,0,4,3,3,-1,[ OK ]
2975.3,4/8/2026 12:02:13 PM,7178,101.8,0,0.9869,0.03868,0.5211,1.532,0,0,0,100,16.28,0.002578,0,200,0,0,0,1,0,1,-1,1,0,4,3,3,-1,[ OK ]
2975.8,4/8/2026 12:02:14 PM,7179,101.8,0,1.146,0.04493,0.5212,1.53,0,0,0,100,16.28,0.001652,0,200,0,0,0,1,0,1,-1,1,0,4,3,3,-1,[ OK ]
2976.2,4/8/2026 12:02:14 PM,7179,101.8,0,1.019,0.04543,0.521,1.533,0,0,0,100,16.28,0.002578,0.01269,200,0,0,0,1,0,1,-1,1,0,4,3,3,-1,[ OK ]
2976.7,4/8/2026 12:02:15 PM,7180,101.8,0,0.9551,0.04146,0.5216,1.525,0,0,0,100,16.28,0.004109,0,200,0,0,0,1,0,1,-1,1,0,4,3,3,-1,[ OK ]
2977.2,4/8/2026 12:02:15 PM,7180,101.8,0,0.6049,0.04156,0.5215,1.526,0,0,0,100,16.28,0.002981,0,200,0,0,0,1,0,1,-1,1,0,4,3,3,-1,[ OK ]
2977.7,4/8/2026 12:02:16 PM,7181,101.8,0,0.9232,0.04136,0.5217,1.524,0,0,0,100,16.28,0.00286,0,200,0,0,0,1,0,1,-1,1,0,4,3,3,-1,[ OK ]
2978.3,4/8/2026 12:02:16 PM,7181,101.8,0,1.321,0.04553,0.5209,1.533,0,0,0,100,16.28,0.002175,0,200,0,0,0,1,0,1,-1,1,0,4,3,3,-1,[ OK ]
2978.7,4/8/2026 12:02:17 PM,7182,101.8,0,1.019,0.04235,0.521,1.533,0,0,0,100,16.28,0.002659,0.01269,200,0,0,0,1,0,1,-1,1,0,4,3,3,-1,[ OK ]
2979.2,4/8/2026 12:02:17 PM,7182,101.8,0,0.7481,0.04235,0.5217,1.526,0,0,0,100,16.28,0.002578,0.09517,200,0,0,0,1,0,1,-1,1,0,4,3,3,-1,[ OK ]
2979.7,4/8/2026 12:02:18 PM,7183,101.8,0,1.019,0.04126,0.5212,1.531,0,0,0,100,16.28,0.001611,0.1967,200,0,0,0,1,0,1,-1,1,0,4,3,3,-1,[ OK ]
2980.3,4/8/2026 12:02:18 PM,7183,101.8,0,0.8755,0.04136,0.5217,1.525,0,0,0,100,16.28,0.00286,0.08883,200,0,0,0,1,0,1,-1,1,0,4,3,3,-1,[ OK ]
2980.8,4/8/2026 12:02:19 PM,7184,101.8,0,0.971,0.04156,0.5209,1.533,0,0,0,100,16.28,0.002659,0,200,0,0,0,1,0,1,-1,1,0,4,3,3,-1,[ OK ]
2981.3,4/8/2026 12:02:19 PM,7184,101.8,0,1.512,0.04176,0.5217,1.525,0,0,0,100,16.28,0.002578,0.1205,200,0,0,0,1,0,1,-1,1,0,4,3,3,-1,[ OK ]
2981.9,4/8/2026 12:02:20 PM,7185,101.8,0,1.433,0.03947,0.5213,1.529,0,0,0,100,16.28,0.002981,0,200,0,0,0,1,0,1,-1,1,0,4,3,3,-1,[ OK ]
2982.3,4/8/2026 12:02:20 PM,7185,101.8,0,0.382,0.04255,0.5212,1.53,0,0,0,100,16.28,0.0029,0.006345,200,0,0,0,1,0,1,-1,1,0,4,3,3,-1,[ OK ]
2982.8,4/8/2026 12:02:21 PM,7186,101.8,0,1.003,0.04265,0.5217,1.525,0,0,0,100,16.28,0.002578,0,200,0,0,0,1,0,1,-1,1,0,4,3,3,-1,[ OK ]
2983.2,4/8/2026 12:02:21 PM,7186,101.8,0,0.6526,0.03868,0.5208,1.534,0,0,0,100,16.28,0.00278,0.006345,200,0,0,0,1,0,1,-1,1,0,4,3,3,-1,[ OK ]
2983.9,4/8/2026 12:02:22 PM,7187,101.8,0,1.019,0.03957,0.5216,1.526,0,0,0,100,16.28,0.001531,0.1269,200,0,0,0,1,0,1,-1,1,0,4,3,3,-1,[ OK ]
2984.3,4/8/2026 12:02:22 PM,7187,101.8,0,0.8755,0.04106,0.521,1.532,0,0,0,100,16.28,0.003505,0.02538,200,0,0,0,1,0,1,-1,1,0,4,3,3,-1,[ OK ]
2984.9,4/8/2026 12:02:23 PM,7188,101.8,0,0.9391,0.04136,0.5213,1.529,0,0,0,100,16.28,0.00286,0,200,0,0,0,1,0,1,-1,1,0,4,3,3,-1,[ OK ]
2985.3,4/8/2026 12:02:23 PM,7188,101.8,0,0.8755,0.04166,0.5211,1.531,0,0,0,100,16.28,0.002538,0,200,0,0,0,1,0,1,-1,1,0,4,3,3,-1,[ OK ]
2985.8,4/8/2026 12:02:24 PM,7189,101.8,0,1.051,0.04503,0.5211,1.53,0,0,0,100,16.28,0.002981,0,200,0,0,0,1,0,1,-1,1,0,4,3,3,-1,[ OK ]
2986.3,4/8/2026 12:02:24 PM,7189,101.8,0,1.019,0.04136,0.5215,1.526,0,0,0,100,16.28,0.003062,0.01903,200,0,0,0,1,0,1,-1,1,0,4,3,3,-1,[ OK ]
2986.7,4/8/2026 12:02:25 PM,7190,101.8,0,1.162,0.04106,0.5218,1.522,0,0,0,100,16.28,0.00286,0.08883,200,0,0,0,1,0,1,-1,1,0,4,3,3,-1,[ OK ]
2987.1,4/8/2026 12:02:25 PM,7190,101.8,0,1.194,0.04225,0.5215,1.526,0,0,0,100,16.28,0.002739,0.04441,200,0,0,0,1,0,1,-1,1,0,4,3,3,-1,[ OK ]
2987.6,4/8/2026 12:02:26 PM,7190,101.8,0,1.528,0.04176,0.5208,1.534,0,0,0,100,16.28,0.003827,0,200,0,0,0,1,0,1,-1,1,0,4,3,3,-1,[ OK ]
2988.0,4/8/2026 12:02:26 PM,7191,101.8,0,1.066,0.03947,0.5219,1.522,0,0,0,100,16.28,0.007171,0,200,0,0,0,1,0,1,-1,1,0,4,3,3,-1,[ OK ]
2988.4,4/8/2026 12:02:27 PM,7191,101.8,0,0.9073,0.04285,0.5211,1.53,0,0,0,100,16.28,0.003142,0,200,0,0,0,1,0,1,-1,1,0,4,3,3,-1,[ OK ]
2988.9,4/8/2026 12:02:27 PM,7192,101.8,0,1.496,0.03947,0.5215,1.526,0,0,0,100,16.28,0.002739,0,200,0,0,0,1,0,1,-1,1,0,4,3,3,-1,[ OK ]
2989.3,4/8/2026 12:02:27 PM,7192,101.8,0,0.9391,0.04235,0.521,1.532,0,0,0,100,16.28,0.002981,0.006345,200,0,0,0,1,0,1,-1,1,0,4,3,3,-1,[ OK ]
2989.8,4/8/2026 12:02:28 PM,7193,101.8,0,0.4457,0.04305,0.5219,1.523,0,0,0,100,16.28,0.002739,0,200,0,0,0,1,0,1,-1,1,0,4,3,3,-1,[ OK ]
2990.2,4/8/2026 12:02:28 PM,7193,101.8,0,0.971,0.04265,0.5212,1.53,0,0,0,100,16.28,0.00278,0.09517,200,0,0,0,1,0,1,-1,1,0,4,3,3,-1,[ OK ]
2990.6,4/8/2026 12:02:29 PM,7194,101.8,0,1.098,0.04176,0.5209,1.534,0,0,0,100,16.28,0.001772,0,200,0,0,0,1,0,1,-1,1,0,4,3,3,-1,[ OK ]
2991.1,4/8/2026 12:02:29 PM,7194,101.8,0,1.273,0.04106,0.5211,1.532,0,0,0,100,16.28,0.002578,0,200,0,0,0,1,0,1,-1,1,0,4,3,3,-1,[ OK ]
2991.5,4/8/2026 12:02:30 PM,7194,101.8,0,0.7322,0.04186,0.5214,1.528,0,0,0,100,16.28,0.002538,0,200,0,0,0,1,0,1,-1,1,0,4,3,3,-1,[ OK ]
2991.9,4/8/2026 12:02:30 PM,7195,101.8,0,1.003,0.04027,0.5213,1.53,0,0,0,100,16.28,0.002578,0,200,0,0,0,1,0,1,-1,1,0,4,3,3,-1,[ OK ]
2992.4,4/8/2026 12:02:30 PM,7195,101.8,0,0.5094,0.04205,0.5212,1.532,0,0,0,100,16.28,0.002659,0,200,0,0,0,1,0,1,-1,1,0,4,3,3,-1,[ OK ]
2992.9,4/8/2026 12:02:31 PM,7196,101.8,0,0.7959,0.04235,0.5209,1.535,0,0,0,100,16.28,0.002941,0,200,0,0,0,1,0,1,-1,1,0,4,3,3,-1,[ OK ]
2993.3,4/8/2026 12:02:31 PM,7196,101.8,0,1.003,0.03947,0.5219,1.523,0,0,0,100,16.28,0.002739,0.1269,200,0,0,0,1,0,1,-1,1,0,4,3,3,-1,[ OK ]
2993.8,4/8/2026 12:02:32 PM,7197,101.8,0,1.464,0.04156,0.5209,1.534,0,0,0,100,16.28,0.002538,0,200,0,0,0,1,0,1,-1,1,0,4,3,3,-1,[ OK ]
2994.2,4/8/2026 12:02:32 PM,7197,101.8,0,1.146,0.04096,0.521,1.532,0,0,0,100,16.28,0.002659,0,200,0,0,0,1,0,1,-1,1,0,4,3,3,-1,[ OK ]
2994.7,4/8/2026 12:02:33 PM,7198,101.8,0,0.5253,0.04136,0.5212,1.531,0,0,0,100,16.28,0.002941,0.02538,200,0,0,0,1,0,1,-1,1,0,4,3,3,-1,[ OK ]
2995.1,4/8/2026 12:02:33 PM,7198,101.8,0,0.9232,0.04116,0.521,1.532,0,0,0,100,16.28,0.003021,0,200,0,0,0,1,0,1,-1,1,0,4,3,3,-1,[ OK ]
2995.5,4/8/2026 12:02:34 PM,7198,101.8,0,0.9869,0.04176,0.5216,1.526,0,0,0,100,16.28,0.003062,0,200,0,0,0,1,0,1,-1,1,0,4,3,3,-1,[ OK ]
2996.1,4/8/2026 12:02:34 PM,7199,101.8,0,0.8436,0.04156,0.5215,1.526,0,0,0,100,16.28,0.002699,0.01269,200,0,0,0,1,0,1,-1,1,0,4,3,3,-1,[ OK ]
2996.5,4/8/2026 12:02:35 PM,7199,101.8,0,0.4934,0.04275,0.5211,1.531,0,0,0,100,16.28,0.002538,0,200,0,0,0,1,0,1,-1,1,0,4,3,3,-1,[ OK ]
2996.9,4/8/2026 12:02:35 PM,7200,101.8,0,0.8914,0.04027,0.5212,1.529,0,0,0,100,16.28,0.001934,0,200,0,0,0,1,0,1,-1,1,0,4,3,3,-1,[ OK ]
2997.4,4/8/2026 12:02:35 PM,7200,101.8,0,0.3024,0.04176,0.521,1.532,0,0,0,100,16.28,0.003021,0,200,0,0,0,1,0,1,-1,1,0,4,3,3,-1,[ OK ]
2997.8,4/8/2026 12:02:36 PM,7201,101.8,0,1.257,0.03947,0.5216,1.525,0,0,0,100,16.28,0.001611,0.1396,200,0,0,0,1,0,1,-1,1,0,4,3,3,-1,[ OK ]
2998.4,4/8/2026 12:02:36 PM,7201,101.8,0,0.5412,0.04106,0.521,1.532,0,0,0,100,16.28,0.003787,0.01903,200,0,0,0,1,0,1,-1,1,0,4,3,3,-1,[ OK ]
2998.9,4/8/2026 12:02:37 PM,7202,101.8,0,1.003,0.04533,0.5217,1.523,0,0,0,100,16.28,0.002739,0,200,0,0,0,1,0,1,-1,1,0,4,3,3,-1,[ OK ]
2999.5,4/8/2026 12:02:38 PM,7202,101.8,0,0.9551,0.04612,0.5214,1.526,0,0,0,100,16.28,0.00286,0,200,0,0,0,1,0,1,-1,1,0,4,3,3,-1,[ OK ]
2999.9,4/8/2026 12:02:38 PM,7203,101.8,0,1.146,0.03947,0.5211,1.53,0,0,0,100,16.28,0.002578,0.01903,200,0,0,0,1,0,1,-1,1,0,4,3,3,-1,[ OK ]
3000.3,4/8/2026 12:02:38 PM,7203,101.8,0,1.433,0.04215,0.5218,1.522,0,0,0,100,16.28,0.0029,0,200,0,0,0,1,0,1,-1,1,0,4,3,3,-1,[ OK ]
3000.8,4/8/2026 12:02:39 PM,7204,101.8,0,1.114,0.03938,0.5217,1.523,0,0,0,100,16.28,0.00278,0,200,0,0,0,1,0,1,-1,1,0,4,3,3,-1,[ OK ]
3001.2,4/8/2026 12:02:39 PM,7204,101.8,0,0.5253,0.04096,0.5215,1.525,0,0,0,100,16.28,0.002498,0.05076,200,0,0,0,1,0,1,-1,1,0,4,3,3,-1,[ OK ]
3001.6,4/8/2026 12:02:40 PM,7205,101.8,0,0.9869,0.04186,0.521,1.53,0,0,0,100,16.28,0.002739,0,200,0,0,0,1,0,1,-1,1,0,4,3,3,-1,[ OK ]
3002.2,4/8/2026 12:02:40 PM,7205,101.8,0,1.13,0.04136,0.521,1.531,0,0,0,100,16.28,0.002981,0.1777,200,0,0,0,1,0,1,-1,1,0,4,3,3,-1,[ OK ]
3002.6,4/8/2026 12:02:41 PM,7205,101.8,0,0.8755,0.04255,0.5212,1.528,0,0,0,100,16.28,0.002498,0,200,0,0,0,1,0,1,-1,1,0,4,3,3,-1,[ OK ]
3003.0,4/8/2026 12:02:41 PM,7206,101.8,0,0.9232,0.03818,0.5215,1.525,0,0,0,100,16.28,0.003062,0,200,0,0,0,1,0,1,-1,1,0,4,3,3,-1,[ OK ]
3003.5,4/8/2026 12:02:42 PM,7206,101.8,0,0.8914,0.04205,0.5217,1.523,0,0,0,100,16.28,0.002578,0.1332,200,0,0,0,1,0,1,-1,1,0,4,3,3,-1,[ OK ]
3003.9,4/8/2026 12:02:42 PM,7207,101.8,0,1.401,0.04215,0.521,1.53,0,0,0,100,16.28,0.002538,0,200,0,0,0,1,0,1,-1,1,0,4,3,3,-1,[ OK ]
3004.4,4/8/2026 12:02:42 PM,7207,101.8,0,1.417,0.04245,0.521,1.531,0,0,0,100,16.28,0.0029,0.006345,200,0,0,0,1,0,1,-1,1,0,4,3,3,-1,[ OK ]
3004.8,4/8/2026 12:02:43 PM,7208,101.8,0,0.78,0.04215,0.5213,1.527,0,0,0,100,16.28,0.003021,0.1459,200,0,0,0,1,0,1,-1,1,0,4,3,3,-1,[ OK ]
3005.2,4/8/2026 12:02:43 PM,7208,101.8,0,1.226,0.04156,0.521,1.531,0,0,0,100,16.28,0.003787,0.1269,200,0,0,0,1,0,1,-1,1,0,4,3,3,-1,[ OK ]
3005.7,4/8/2026 12:02:44 PM,7209,101.8,0,0.8914,0.04096,0.522,1.521,0,0,0,100,16.28,0.002659,0,200,0,0,0,1,0,1,-1,1,0,4,3,3,-1,[ OK ]
3006.1,4/8/2026 12:02:44 PM,7209,101.8,0,0.9391,0.03868,0.5217,1.523,0,0,0,100,16.28,0.00286,0,200,0,0,0,1,0,1,-1,1,0,4,3,3,-1,[ OK ]
3006.5,4/8/2026 12:02:45 PM,7209,101.8,0,1.146,0.04305,0.5219,1.522,0,0,0,100,16.28,0.002538,0,200,0,0,0,1,0,1,-1,1,0,4,3,3,-1,[ OK ]
3007.0,4/8/2026 12:02:45 PM,7210,101.8,0,0.8277,0.04186,0.5216,1.524,0,0,0,100,16.28,0.002941,0.1269,200,0,0,0,1,0,1,-1,1,0,4,3,3,-1,[ OK ]
3007.4,4/8/2026 12:02:45 PM,7210,101.8,0,0.589,0.04176,0.5216,1.525,0,0,0,100,16.28,0.003706,0.02538,200,0,0,0,1,0,1,-1,1,0,4,3,3,-1,[ OK ]
3007.8,4/8/2026 12:02:46 PM,7211,101.8,0,0.9073,0.04305,0.5209,1.533,0,0,0,100,16.28,0.002739,0.01269,200,0,0,0,1,0,1,-1,1,0,4,3,3,-1,[ OK ]
3008.3,4/8/2026 12:02:46 PM,7211,101.8,0,0.9391,0.04235,0.5218,1.524,0,0,0,100,16.28,0.002941,0,200,0,0,0,1,0,1,-1,1,0,4,3,3,-1,[ OK ]
3008.7,4/8/2026 12:02:47 PM,7212,101.8,0,1.464,0.04215,0.5214,1.528,0,0,0,100,16.28,0.003062,0,200,0,0,0,1,0,1,-1,1,0,4,3,3,-1,[ OK ]
3009.1,4/8/2026 12:02:47 PM,7212,101.8,0,1.13,0.03908,0.5215,1.526,0,0,0,100,16.28,0.002538,0,200,0,0,0,1,0,1,-1,1,0,4,3,3,-1,[ OK ]
3009.6,4/8/2026 12:02:48 PM,7212,101.8,0,0.9551,0.04116,0.5211,1.531,0,0,0,100,16.28,0.00286,0,200,0,0,0,1,0,1,-1,1,0,4,3,3,-1,[ OK ]
3010.0,4/8/2026 12:02:48 PM,7213,101.8,0,0.9232,0.04285,0.5215,1.526,0,0,0,100,16.28,0.003062,0,200,0,0,0,1,0,1,-1,1,0,4,3,3,-1,[ OK ]
3010.4,4/8/2026 12:02:49 PM,7213,101.8,0,0.7481,0.04235,0.5218,1.524,0,0,0,100,16.28,0.0029,0,200,0,0,0,1,0,1,-1,1,0,4,3,3,-1,[ OK ]
3011.0,4/8/2026 12:02:49 PM,7214,101.8,0,1.019,0.04344,0.5208,1.533,0,0,0,100,16.28,0.00286,0.1459,200,0,0,0,1,0,1,-1,1,0,4,3,3,-1,[ OK ]
3011.4,4/8/2026 12:02:49 PM,7214,101.8,0,0.5253,0.04166,0.5209,1.532,0,0,0,100,16.28,0.002538,0,200,0,0,0,1,0,1,-1,1,0,4,3,3,-1,[ OK ]
3012.0,4/8/2026 12:02:50 PM,7215,101.8,0,1.449,0.04305,0.521,1.531,0,0,0,100,16.28,0.003706,0.006345,200,0,0,0,1,0,1,-1,1,0,4,3,3,-1,[ OK ]
3012.5,4/8/2026 12:02:51 PM,7215,101.8,0,1.066,0.04176,0.5211,1.53,0,0,0,100,16.28,0.002578,0,200,0,0,0,1,0,1,-1,1,0,4,3,3,-1,[ OK ]
3013.0,4/8/2026 12:02:51 PM,7216,101.8,0,0.8755,0.04255,0.5216,1.526,0,0,0,100,16.28,0.002377,0,200,0,0,0,1,0,1,-1,1,0,4,3,3,-1,[ OK ]
3013.4,4/8/2026 12:02:51 PM,7216,101.8,0,1.146,0.04215,0.5213,1.53,0,0,0,100,16.28,0.0029,0.01269,200,0,0,0,1,0,1,-1,1,0,4,3,3,-1,[ OK ]
3013.8,4/8/2026 12:02:52 PM,7217,101.8,0,1.051,0.04255,0.521,1.533,0,0,0,100,16.28,0.002981,0.01269,200,0,0,0,1,0,1,-1,1,0,4,3,3,-1,[ OK ]
3014.3,4/8/2026 12:02:52 PM,7217,101.8,0,0.9391,0.04205,0.5212,1.529,0,0,0,100,16.28,0.002336,0.01269,200,0,0,0,1,0,1,-1,1,0,4,3,3,-1,[ OK ]
3014.7,4/8/2026 12:02:53 PM,7218,101.8,0,1.003,0.04195,0.5218,1.524,0,0,0,100,16.28,0.003062,0.02538,200,0,0,0,1,0,1,-1,1,0,4,3,3,-1,[ OK ]
3015.1,4/8/2026 12:02:53 PM,7218,101.8,0,1.337,0.04235,0.521,1.533,0,0,0,100,16.28,0.002699,0.01269,200,0,0,0,1,0,1,-1,1,0,4,3,3,-1,[ OK ]
3015.6,4/8/2026 12:02:54 PM,7218,101.8,0,0.7481,0.04245,0.5218,1.523,0,0,0,100,16.28,0.002941,0,200,0,0,0,1,0,1,-1,1,0,4,3,3,-1,[ OK ]
3016.0,4/8/2026 12:02:54 PM,7219,101.8,0,0.9232,0.04344,0.5208,1.534,0,0,0,100,16.28,0.002578,0,200,0,0,0,1,0,1,-1,1,0,4,3,3,-1,[ OK ]
3016.4,4/8/2026 12:02:55 PM,7219,101.8,0,1.003,0.04275,0.5214,1.528,0,0,0,100,16.28,0.001611,0,200,0,0,0,1,0,1,-1,1,0,4,3,3,-1,[ OK ]
3017.0,4/8/2026 12:02:55 PM,7220,101.8,0,0.5094,0.04255,0.5217,1.524,0,0,0,100,16.28,0.002578,0,200,0,0,0,1,0,1,-1,1,0,4,3,3,-1,[ OK ]
3017.4,4/8/2026 12:02:56 PM,7220,101.8,0,1.289,0.04106,0.5211,1.53,0,0,0,100,16.28,0.003223,0,200,0,0,0,1,0,1,-1,1,0,4,3,3,-1,[ OK ]
3017.9,4/8/2026 12:02:56 PM,7221,101.8,0,1.114,0.04156,0.5218,1.523,0,0,0,100,16.28,0.006929,0.1523,200,0,0,0,1,0,1,-1,1,0,4,3,3,-1,[ OK ]
3018.3,4/8/2026 12:02:56 PM,7221,101.8,0,0.764,0.04235,0.5217,1.524,0,0,0,100,16.28,0.003062,0,200,0,0,0,1,0,1,-1,1,0,4,3,3,-1,[ OK ]
3018.7,4/8/2026 12:02:57 PM,7222,101.8,0,1.146,0.04096,0.5211,1.532,0,0,0,100,16.28,0.00286,0.01269,200,0,0,0,1,0,1,-1,1,0,4,3,3,-1,[ OK ]
3019.2,4/8/2026 12:02:57 PM,7222,101.8,0,0.9869,0.04186,0.5211,1.531,0,0,0,100,16.28,0.00286,0,200,0,0,0,1,0,1,-1,1,0,4,3,3,-1,[ OK ]
3019.6,4/8/2026 12:02:58 PM,7222,101.8,0,0.4775,0.04205,0.5216,1.525,0,0,0,100,16.28,0.002618,0.07614,200,0,0,0,1,0,1,-1,1,0,4,3,3,-1,[ OK ]
3020.0,4/8/2026 12:02:58 PM,7223,101.8,0,0.3661,0.04255,0.5215,1.526,0,0,0,100,16.28,0.003102,0.09517,200,0,0,0,1,0,1,-1,1,0,4,3,3,-1,[ OK ]
3020.5,4/8/2026 12:02:59 PM,7223,101.8,0,0.9073,0.04215,0.5218,1.524,0,0,0,100,16.28,0.002699,0,200,0,0,0,1,0,1,-1,1,0,4,3,3,-1,[ OK ]
3020.9,4/8/2026 12:02:59 PM,7224,101.8,0,0.9073,0.03977,0.5217,1.524,0,0,0,100,16.28,0.003706,0,200,0,0,0,1,0,1,-1,1,0,4,3,3,-1,[ OK ]
3021.3,4/8/2026 12:02:59 PM,7224,101.8,0,0.8436,0.04235,0.5218,1.524,0,0,0,100,16.28,0.003827,0.03172,200,0,0,0,1,0,1,-1,1,0,4,3,3,-1,[ OK ]
3021.8,4/8/2026 12:03:00 PM,7225,101.8,0,1.035,0.04225,0.5218,1.523,0,0,0,100,16.28,0.003182,0.01269,200,0,0,0,1,0,1,-1,1,0,4,3,3,-1,[ OK ]
3022.2,4/8/2026 12:03:00 PM,7225,101.8,0,0.573,0.04344,0.5208,1.534,0,0,0,100,16.28,0.002699,0,200,0,0,0,1,0,1,-1,1,0,4,3,3,-1,[ OK ]
3022.7,4/8/2026 12:03:01 PM,7226,101.8,0,1.066,0.04146,0.521,1.532,0,0,0,100,16.28,0.002699,0,200,0,0,0,1,0,1,-1,1,0,4,3,3,-1,[ OK ]
3023.0,4/8/2026 12:03:01 PM,7226,101.8,0,0.8118,0.04195,0.521,1.533,0,0,0,100,16.28,0.002538,0,200,0,0,0,1,0,1,-1,1,0,4,3,3,-1,[ OK ]
3023.4,4/8/2026 12:03:01 PM,7226,101.8,0,0.4457,0.04324,0.5216,1.526,0,0,0,100,16.28,0.002739,0,200,0,0,0,1,0,1,-1,1,0,4,3,3,-1,[ OK ]
3023.8,4/8/2026 12:03:02 PM,7227,101.8,0,0.2865,0.04562,0.5213,1.529,0,0,0,100,16.28,0.002578,0.006345,200,0,0,0,1,0,1,-1,1,0,4,3,3,-1,[ OK ]
3024.3,4/8/2026 12:03:02 PM,7227,101.8,0,0.8436,0.04305,0.5219,1.523,0,0,0,100,16.28,0.002981,0.1523,200,0,0,0,1,0,1,-1,1,0,4,3,3,-1,[ OK ]
3024.8,4/8/2026 12:03:03 PM,7228,101.8,0,0.9551,0.04265,0.5215,1.527,0,0,0,100,16.28,0.001611,0,200,0,0,0,1,0,1,-1,1,0,4,3,3,-1,[ OK ]
3025.4,4/8/2026 12:03:03 PM,7228,101.8,0,1.035,0.04096,0.5211,1.531,0,0,0,100,16.28,0.0029,0.1523,200,0,0,0,1,0,1,-1,1,0,4,3,3,-1,[ OK ]
3025.8,4/8/2026 12:03:04 PM,7229,101.8,0,0.5094,0.04285,0.5217,1.525,0,0,0,100,16.28,0.002739,0.01269,200,0,0,0,1,0,1,-1,1,0,4,3,3,-1,[ OK ]
3026.3,4/8/2026 12:03:04 PM,7229,101.8,0,0.9551,0.04265,0.5218,1.523,0,0,0,100,16.28,0.002981,0,200,0,0,0,1,0,1,-1,1,0,4,3,3,-1,[ OK ]
3026.7,4/8/2026 12:03:05 PM,7230,101.8,0,1.019,0.04195,0.5215,1.526,0,0,0,100,16.28,0.002659,0.02538,200,0,0,0,1,0,1,-1,1,0,4,3,3,-1,[ OK ]
3027.1,4/8/2026 12:03:05 PM,7230,101.8,0,0.9391,0.04225,0.5213,1.529,0,0,0,100,16.28,0.002739,0,200,0,0,0,1,0,1,-1,1,0,4,3,3,-1,[ OK ]
3027.6,4/8/2026 12:03:06 PM,7230,101.8,0,1.21,0.04166,0.5209,1.533,0,0,0,100,16.28,0.003626,0,200,0,0,0,1,0,1,-1,1,0,4,3,3,-1,[ OK ]
3028.0,4/8/2026 12:03:06 PM,7231,101.8,0,0.9551,0.03828,0.5217,1.524,0,0,0,100,16.28,0.002216,0.03172,200,0,0,0,1,0,1,-1,1,0,4,3,3,-1,[ OK ]
3028.4,4/8/2026 12:03:07 PM,7231,101.8,0,1.019,0.04235,0.5208,1.534,0,0,0,100,16.28,0.003787,0,200,0,0,0,1,0,1,-1,1,0,4,3,3,-1,[ OK ]
3028.9,4/8/2026 12:03:07 PM,7232,101.8,0,1.496,0.04186,0.5216,1.525,0,0,0,100,16.28,0.002981,0,200,0,0,0,1,0,1,-1,1,0,4,3,3,-1,[ OK ]
3029.3,4/8/2026 12:03:07 PM,7232,101.8,0,0.5253,0.04156,0.5219,1.522,0,0,0,100,16.28,0.003182,0,200,0,0,0,1,0,1,-1,1,0,4,3,3,-1,[ OK ]
3029.7,4/8/2026 12:03:08 PM,7233,101.8,0,1.146,0.04215,0.5212,1.529,0,0,0,100,16.28,0.002498,0.006345,200,0,0,0,1,0,1,-1,1,0,4,3,3,-1,[ OK ]
3030.2,4/8/2026 12:03:08 PM,7233,101.8,0,0.764,0.04334,0.5212,1.529,0,0,0,100,16.28,0.003626,0,200,0,0,0,1,0,1,-1,1,0,4,3,3,-1,[ OK ]
3030.5,4/8/2026 12:03:09 PM,7233,101.8,0,0.9869,0.04483,0.5212,1.529,0,0,0,100,16.28,0.002699,0.01269,200,0,0,0,1,0,1,-1,1,0,4,3,3,-1,[ OK ]
3030.9,4/8/2026 12:03:09 PM,7234,101.8,0,0.5094,0.04295,0.521,1.532,0,0,0,100,16.28,0.002538,0.01269,200,0,0,0,1,0,1,-1,1,0,4,3,3,-1,[ OK ]
3031.4,4/8/2026 12:03:09 PM,7234,101.8,0,0.8436,0.04106,0.5216,1.526,0,0,0,100,16.28,0.002578,0,200,0,0,0,1,0,1,-1,1,0,4,3,3,-1,[ OK ]
3031.8,4/8/2026 12:03:10 PM,7235,101.8,0,1.082,0.04136,0.5213,1.529,0,0,0,100,16.28,0.002699,0,200,0,0,0,1,0,1,-1,1,0,4,3,3,-1,[ OK ]
3032.2,4/8/2026 12:03:10 PM,7235,101.8,0,0.9869,0.04186,0.5219,1.522,0,0,0,100,16.28,0.002739,0.01903,200,0,0,0,1,0,1,-1,1,0,4,3,3,-1,[ OK ]
3032.7,4/8/2026 12:03:11 PM,7236,101.8,0,1.321,0.04404,0.5218,1.523,0,0,0,100,16.28,0.002457,0,200,0,0,0,1,0,1,-1,1,0,4,3,3,-1,[ OK ]
3033.1,4/8/2026 12:03:11 PM,7236,101.8,0,0.764,0.04513,0.5209,1.532,0,0,0,100,16.28,0.001329,0.01903,200,0,0,0,1,0,1,-1,1,0,4,3,3,-1,[ OK ]
3033.5,4/8/2026 12:03:12 PM,7236,101.8,0,1.003,0.04255,0.5215,1.525,0,0,0,100,16.28,0.002578,0,200,0,0,0,1,0,1,-1,1,0,4,3,3,-1,[ OK ]
3034.0,4/8/2026 12:03:12 PM,7237,101.8,0,0.9073,0.04186,0.5212,1.529,0,0,0,100,16.28,0.003182,0.05076,200,0,0,0,1,0,1,-1,1,0,4,3,3,-1,[ OK ]
3034.4,4/8/2026 12:03:13 PM,7237,101.8,0,1.066,0.03947,0.521,1.532,0,0,0,100,16.28,0.002578,0,200,0,0,0,1,0,1,-1,1,0,4,3,3,-1,[ OK ]
3034.9,4/8/2026 12:03:13 PM,7238,101.8,0,1.019,0.04503,0.5216,1.525,0,0,0,100,16.28,0.002578,0.006345,200,0,0,0,1,0,1,-1,1,0,4,3,3,-1,[ OK ]
3035.2,4/8/2026 12:03:13 PM,7238,101.8,0,1.401,0.04176,0.5215,1.526,0,0,0,100,16.28,0.002578,0.006345,200,0,0,0,1,0,1,-1,1,0,4,3,3,-1,[ OK ]
3035.6,4/8/2026 12:03:14 PM,7239,101.8,0,1.449,0.04186,0.5208,1.534,0,0,0,100,16.28,0.002659,0,200,0,0,0,1,0,1,-1,1,0,4,3,3,-1,[ OK ]
3036.1,4/8/2026 12:03:14 PM,7239,101.8,0,1.003,0.04473,0.5211,1.53,0,0,0,100,16.28,0.002659,0.1459,200,0,0,0,1,0,1,-1,1,0,4,3,3,-1,[ OK ]
3036.5,4/8/2026 12:03:15 PM,7239,101.8,0,1.257,0.04225,0.5216,1.525,0,0,0,100,16.28,0.003182,0,200,0,0,0,1,0,1,-1,1,0,4,3,3,-1,[ OK ]
3036.9,4/8/2026 12:03:15 PM,7240,101.8,0,0.6685,0.04265,0.5216,1.525,0,0,0,100,16.28,0.001209,0,200,0,0,0,1,0,1,-1,1,0,4,3,3,-1,[ OK ]
3037.4,4/8/2026 12:03:15 PM,7240,101.8,0,0.9551,0.04225,0.5216,1.526,0,0,0,100,16.28,0.002699,0,200,0,0,0,1,0,1,-1,1,0,4,3,3,-1,[ OK ]
3037.8,4/8/2026 12:03:16 PM,7241,101.8,0,1.003,0.04235,0.5209,1.533,0,0,0,100,16.28,0.002618,0,200,0,0,0,1,0,1,-1,1,0,4,3,3,-1,[ OK ]
3038.2,4/8/2026 12:03:16 PM,7241,101.8,0,1.098,0.04186,0.5209,1.533,0,0,0,100,16.28,0.003021,0.05076,200,0,0,0,1,0,1,-1,1,0,4,3,3,-1,[ OK ]
3038.6,4/8/2026 12:03:17 PM,7241,101.8,0,0.8914,0.04285,0.5209,1.534,0,0,0,100,16.28,0.003102,0.006345,200,0,0,0,1,0,1,-1,1,0,4,3,3,-1,[ OK ]
3039.0,4/8/2026 12:03:17 PM,7242,101.8,0,1.687,0.04562,0.5215,1.526,0,0,0,100,16.28,0.002538,0,200,0,0,0,1,0,1,-1,1,0,4,3,3,-1,[ OK ]
3039.4,4/8/2026 12:03:18 PM,7242,101.8,0,0.9391,0.04096,0.5211,1.53,0,0,0,100,16.28,0.00286,0.01903,200,0,0,0,1,0,1,-1,1,0,4,3,3,-1,[ OK ]
3039.9,4/8/2026 12:03:18 PM,7243,101.8,0,1.003,0.04255,0.5209,1.533,0,0,0,100,16.28,0.003223,0,200,0,0,0,1,0,1,-1,1,0,4,3,3,-1,[ OK ]
3040.3,4/8/2026 12:03:18 PM,7243,101.8,0,1.464,0.04533,0.5207,1.535,0,0,0,100,16.28,0.002699,0.06345,200,0,0,0,1,0,1,-1,1,0,4,3,3,-1,[ OK ]
3040.7,4/8/2026 12:03:19 PM,7244,101.8,0,1.385,0.04295,0.521,1.533,0,0,0,100,16.28,0.002739,0.03172,200,0,0,0,1,0,1,-1,1,0,4,3,3,-1,[ OK ]
3041.2,4/8/2026 12:03:19 PM,7244,101.8,0,1.512,0.04265,0.5212,1.531,0,0,0,100,16.28,0.003062,0.01903,200,0,0,0,1,0,1,-1,1,0,4,3,3,-1,[ OK ]
3041.6,4/8/2026 12:03:20 PM,7244,101.8,0,0.8118,0.04176,0.5212,1.53,0,0,0,100,16.28,0.002659,0.2284,200,0,0,0,1,0,1,-1,1,0,4,3,3,-1,[ OK ]
3042.0,4/8/2026 12:03:20 PM,7245,101.8,0,0.5094,0.04245,0.5211,1.532,0,0,0,100,16.28,0.002659,0,200,0,0,0,1,0,1,-1,1,0,4,3,3,-1,[ OK ]
3042.5,4/8/2026 12:03:21 PM,7245,101.8,0,1.082,0.04265,0.5219,1.523,0,0,0,100,16.28,0.0029,0,200,0,0,0,1,0,1,-1,1,0,4,3,3,-1,[ OK ]
3042.9,4/8/2026 12:03:21 PM,7246,101.8,0,1.257,0.04275,0.5211,1.532,0,0,0,100,16.28,0.003142,0,200,0,0,0,1,0,1,-1,1,0,4,3,3,-1,[ OK ]
3043.3,4/8/2026 12:03:21 PM,7246,101.8,0,0.5094,0.04176,0.5212,1.531,0,0,0,100,16.28,0.003021,0,200,0,0,0,1,0,1,-1,1,0,4,3,3,-1,[ OK ]
3043.8,4/8/2026 12:03:22 PM,7247,101.8,0,1.146,0.04295,0.5218,1.522,0,0,0,100,16.28,0.002659,0,200,0,0,0,1,0,1,-1,1,0,4,3,3,-1,[ OK ]
3044.1,4/8/2026 12:03:22 PM,7247,101.8,0,0.9232,0.04215,0.5216,1.525,0,0,0,100,16.28,0.001491,0.09517,200,0,0,0,1,0,1,-1,1,0,4,3,3,-1,[ OK ]
3044.5,4/8/2026 12:03:23 PM,7247,101.8,0,1.178,0.04166,0.5211,1.532,0,0,0,100,16.28,0.001772,0,200,0,0,0,1,0,1,-1,1,0,4,3,3,-1,[ OK ]
3045.0,4/8/2026 12:03:23 PM,7248,101.8,0,0.9073,0.04265,0.5216,1.527,0,0,0,100,16.28,0.002739,0,200,0,0,0,1,0,1,-1,1,0,4,3,3,-1,[ OK ]
3045.4,4/8/2026 12:03:23 PM,7248,101.8,0,0.4616,0.04215,0.521,1.532,0,0,0,100,16.28,0.003908,0.1777,200,0,0,0,1,0,1,-1,1,0,4,3,3,-1,[ OK ]
3045.8,4/8/2026 12:03:24 PM,7249,101.8,0,1.146,0.04473,0.5217,1.525,0,0,0,100,16.28,0.002538,0.07614,200,0,0,0,1,0,1,-1,1,0,4,3,3,-1,[ OK ]
3046.3,4/8/2026 12:03:24 PM,7249,101.8,0,1.512,0.04414,0.5215,1.527,0,0,0,100,16.28,0.002659,0,200,0,0,0,1,0,1,-1,1,0,4,3,3,-1,[ OK ]
3046.7,4/8/2026 12:03:25 PM,7250,101.8,0,0.78,0.04483,0.5212,1.531,0,0,0,100,16.28,0.00282,0,200,0,0,0,1,0,1,-1,1,0,4,3,3,-1,[ OK ]
3047.3,4/8/2026 12:03:25 PM,7250,101.8,0,0.6049,0.04314,0.521,1.534,0,0,0,100,16.28,0.002498,0,200,0,0,0,1,0,1,-1,1,0,4,3,3,-1,[ OK ]
3047.7,4/8/2026 12:03:26 PM,7251,101.8,0,1.13,0.04215,0.5213,1.529,0,0,0,100,16.28,0.002578,0,200,0,0,0,1,0,1,-1,1,0,4,3,3,-1,[ OK ]
3048.1,4/8/2026 12:03:26 PM,7251,101.8,0,1.226,0.04186,0.5217,1.525,0,0,0,100,16.28,0.00278,0.006345,200,0,0,0,1,0,1,-1,1,0,4,3,3,-1,[ OK ]
3048.6,4/8/2026 12:03:27 PM,7251,101.8,0,1.544,0.03868,0.5211,1.531,0,0,0,100,16.28,0.002578,0.02538,200,0,0,0,1,0,1,-1,1,0,4,3,3,-1,[ OK ]
3049.0,4/8/2026 12:03:27 PM,7252,101.8,0,0.764,0.04186,0.5213,1.53,0,0,0,100,16.28,0.002659,0,200,0,0,0,1,0,1,-1,1,0,4,3,3,-1,[ OK ]
3049.4,4/8/2026 12:03:28 PM,7252,101.8,0,1.417,0.04245,0.5219,1.523,0,0,0,100,16.28,0.002699,0.09517,200,0,0,0,1,0,1,-1,1,0,4,3,3,-1,[ OK ]
3049.9,4/8/2026 12:03:28 PM,7253,101.8,0,0.8755,0.04195,0.521,1.533,0,0,0,100,16.28,0.003223,0,200,0,0,0,1,0,1,-1,1,0,4,3,3,-1,[ OK ]
3050.4,4/8/2026 12:03:29 PM,7253,101.8,0,1.321,0.03858,0.5218,1.526,0,0,0,100,16.28,0.002457,0,200,0,0,0,1,0,1,-1,1,0,4,3,3,-1,[ OK ]
3050.9,4/8/2026 12:03:29 PM,7254,101.8,0,0.8914,0.04186,0.5216,1.527,0,0,0,100,16.28,0.002659,0,200,0,0,0,1,0,1,-1,1,0,4,3,3,-1,[ OK ]
3051.3,4/8/2026 12:03:29 PM,7254,101.8,0,0.8596,0.04116,0.521,1.534,0,0,0,100,16.28,0.00278,0,200,0,0,0,1,0,1,-1,1,0,4,3,3,-1,[ OK ]
3051.7,4/8/2026 12:03:30 PM,7255,101.8,0,1.369,0.03967,0.5209,1.534,0,0,0,100,16.28,0.00286,0.01269,200,0,0,0,1,0,1,-1,1,0,4,3,3,-1,[ OK ]
3052.2,4/8/2026 12:03:30 PM,7255,101.8,0,1.13,0.04493,0.5217,1.525,0,0,0,100,16.28,0.002618,0.09517,200,0,0,0,1,0,1,-1,1,0,4,3,3,-1,[ OK ]
3052.6,4/8/2026 12:03:31 PM,7255,101.8,0,1.082,0.04285,0.5209,1.534,0,0,0,100,16.28,0.002538,0.03807,200,0,0,0,1,0,1,-1,1,0,4,3,3,-1,[ OK ]
3053.0,4/8/2026 12:03:31 PM,7256,101.8,0,0.971,0.04205,0.5209,1.535,0,0,0,100,16.28,0.003545,0.03807,200,0,0,0,1,0,1,-1,1,0,4,3,3,-1,[ OK ]
3053.5,4/8/2026 12:03:32 PM,7256,101.8,0,1.257,0.03947,0.5215,1.528,0,0,0,100,16.28,0.00145,0.006345,200,0,0,0,1,0,1,-1,1,0,4,3,3,-1,[ OK ]
3053.9,4/8/2026 12:03:32 PM,7257,101.8,0,0.8755,0.04344,0.5213,1.53,0,0,0,100,16.28,0.0029,0,200,0,0,0,1,0,1,-1,1,0,4,3,3,-1,[ OK ]
3054.3,4/8/2026 12:03:32 PM,7257,101.8,0,0.9391,0.04255,0.5211,1.532,0,0,0,100,16.28,0.003585,0,200,0,0,0,1,0,1,-1,1,0,4,3,3,-1,[ OK ]
3054.8,4/8/2026 12:03:33 PM,7258,101.8,0,0.4775,0.04255,0.5211,1.532,0,0,0,100,16.28,0.003505,0,200,0,0,0,1,0,1,-1,1,0,4,3,3,-1,[ OK ]
3055.2,4/8/2026 12:03:33 PM,7258,101.8,0,0.764,0.04344,0.5219,1.523,0,0,0,100,16.28,0.002578,0,200,0,0,0,1,0,1,-1,1,0,4,3,3,-1,[ OK ]
3055.6,4/8/2026 12:03:34 PM,7259,101.8,0,1.019,0.04225,0.521,1.534,0,0,0,100,16.28,0.00278,0,200,0,0,0,1,0,1,-1,1,0,4,3,3,-1,[ OK ]
3056.1,4/8/2026 12:03:34 PM,7259,101.8,0,1.051,0.04176,0.5217,1.527,0,0,0,100,16.28,0.002618,0,200,0,0,0,1,0,1,-1,1,0,4,3,3,-1,[ OK ]
3056.5,4/8/2026 12:03:35 PM,7259,101.8,0,1.114,0.04275,0.5218,1.526,0,0,0,100,16.28,0.002578,0.02538,200,0,0,0,1,0,1,-1,1,0,4,3,3,-1,[ OK ]
3056.9,4/8/2026 12:03:35 PM,7260,101.8,0,0.971,0.04146,0.522,1.523,0,0,0,100,16.28,0.003062,0,200,0,0,0,1,0,1,-1,1,0,4,3,3,-1,[ OK ]
3057.4,4/8/2026 12:03:35 PM,7260,101.8,0,1.13,0.04493,0.5212,1.53,0,0,0,100,16.28,0.002739,0,200,0,0,0,1,0,1,-1,1,0,4,3,3,-1,[ OK ]
3057.7,4/8/2026 12:03:36 PM,7261,101.8,0,0.7959,0.04225,0.5216,1.527,0,0,0,100,16.28,0.002659,0.01269,200,0,0,0,1,0,1,-1,1,0,4,3,3,-1,[ OK ]
3058.1,4/8/2026 12:03:36 PM,7261,101.8,0,1.257,0.04096,0.5218,1.525,0,0,0,100,16.28,0.003585,0.1586,200,0,0,0,1,0,1,-1,1,0,4,3,3,-1,[ OK ]
3058.6,4/8/2026 12:03:37 PM,7261,101.8,0,1.051,0.04324,0.5217,1.525,0,0,0,100,16.28,0.002538,0.006345,200,0,0,0,1,0,1,-1,1,0,4,3,3,-1,[ OK ]
3059.0,4/8/2026 12:03:37 PM,7262,101.8,0,1.051,0.04215,0.5218,1.524,0,0,0,100,16.28,0.0029,0,200,0,0,0,1,0,1,-1,1,0,4,3,3,-1,[ OK ]
3059.4,4/8/2026 12:03:38 PM,7262,101.8,0,1.114,0.04255,0.5219,1.522,0,0,0,100,16.28,0.00282,0,200,0,0,0,1,0,1,-1,1,0,4,3,3,-1,[ OK ]
3059.8,4/8/2026 12:03:38 PM,7263,101.8,0,0.9391,0.04275,0.5216,1.525,0,0,0,100,16.28,0.002538,0,200,0,0,0,1,0,1,-1,1,0,4,3,3,-1,[ OK ]
3060.2,4/8/2026 12:03:38 PM,7263,101.8,0,1.019,0.04305,0.5209,1.533,0,0,0,100,16.28,0.002498,0,200,0,0,0,1,0,1,-1,1,0,4,3,3,-1,[ OK ]
3060.6,4/8/2026 12:03:39 PM,7264,101.8,0,1.051,0.04146,0.5214,1.528,0,0,0,100,16.28,0.002578,0,200,0,0,0,1,0,1,-1,1,0,4,3,3,-1,[ OK ]
3061.1,4/8/2026 12:03:39 PM,7264,101.8,0,0.9551,0.04434,0.5209,1.534,0,0,0,100,16.28,0.002659,0,200,0,0,0,1,0,1,-1,1,0,4,3,3,-1,[ OK ]
3061.5,4/8/2026 12:03:40 PM,7264,101.8,0,1.082,0.04225,0.5213,1.529,0,0,0,100,16.28,0.002578,0,200,0,0,0,1,0,1,-1,1,0,4,3,3,-1,[ OK ]
3061.9,4/8/2026 12:03:40 PM,7265,101.8,0,1.066,0.04235,0.5211,1.531,0,0,0,100,16.28,0.004149,0,200,0,0,0,1,0,1,-1,1,0,4,3,3,-1,[ OK ]
3062.4,4/8/2026 12:03:40 PM,7265,101.8,0,1.401,0.04334,0.5217,1.524,0,0,0,100,16.28,0.00145,0,200,0,0,0,1,0,1,-1,1,0,4,3,3,-1,[ OK ]
3062.8,4/8/2026 12:03:41 PM,7266,101.8,0,0.8755,0.04166,0.5212,1.53,0,0,0,100,16.28,0.002699,0,200,0,0,0,1,0,1,-1,1,0,4,3,3,-1,[ OK ]
3063.2,4/8/2026 12:03:41 PM,7266,101.8,0,1.13,0.04562,0.5209,1.533,0,0,0,100,16.28,0.0029,0.04441,200,0,0,0,1,0,1,-1,1,0,4,3,3,-1,[ OK ]
3063.7,4/8/2026 12:03:42 PM,7267,101.8,0,0.8436,0.04156,0.5218,1.524,0,0,0,100,16.28,0.002417,0.08883,200,0,0,0,1,0,1,-1,1,0,4,3,3,-1,[ OK ]
3064.1,4/8/2026 12:03:42 PM,7267,101.8,0,1.051,0.04225,0.5216,1.526,0,0,0,100,16.28,0.001249,0,200,0,0,0,1,0,1,-1,1,0,4,3,3,-1,[ OK ]
3064.5,4/8/2026 12:03:43 PM,7267,101.8,0,1.289,0.03908,0.5219,1.523,0,0,0,100,16.28,0.002498,0,200,0,0,0,1,0,1,-1,1,0,4,3,3,-1,[ OK ]
3065.0,4/8/2026 12:03:43 PM,7268,101.8,0,1.066,0.04176,0.5215,1.526,0,0,0,100,16.28,0.002498,0.006345,200,0,0,0,1,0,1,-1,1,0,4,3,3,-1,[ OK ]
3065.4,4/8/2026 12:03:43 PM,7268,101.8,0,0.9391,0.04126,0.5213,1.528,0,0,0,100,16.28,0.002538,0.09517,200,0,0,0,1,0,1,-1,1,0,4,3,3,-1,[ OK ]
3065.8,4/8/2026 12:03:44 PM,7269,101.8,0,0.8436,0.04116,0.5209,1.532,0,0,0,100,16.28,0.00286,0,200,0,0,0,1,0,1,-1,1,0,4,3,3,-1,[ OK ]
3066.3,4/8/2026 12:03:44 PM,7269,101.8,0,0.9869,0.03947,0.5214,1.527,0,0,0,100,16.28,0.00278,0,200,0,0,0,1,0,1,-1,1,0,4,3,3,-1,[ OK ]
3066.7,4/8/2026 12:03:45 PM,7270,101.8,0,1.019,0.04285,0.5215,1.525,0,0,0,100,16.28,0.00282,0,200,0,0,0,1,0,1,-1,1,0,4,3,3,-1,[ OK ]
3067.1,4/8/2026 12:03:45 PM,7270,101.8,0,1.146,0.04215,0.5212,1.529,0,0,0,100,16.28,0.002498,0,200,0,0,0,1,0,1,-1,1,0,4,3,3,-1,[ OK ]
3067.6,4/8/2026 12:03:46 PM,7270,101.8,0,0.8118,0.04205,0.5209,1.532,0,0,0,100,16.28,0.002739,0,200,0,0,0,1,0,1,-1,1,0,4,3,3,-1,[ OK ]
3068.0,4/8/2026 12:03:46 PM,7271,101.8,0,1.114,0.04533,0.5216,1.526,0,0,0,100,16.28,0.002578,0,200,0,0,0,1,0,1,-1,1,0,4,3,3,-1,[ OK ]
3068.5,4/8/2026 12:03:47 PM,7271,101.8,0,1.194,0.04186,0.5218,1.523,0,0,0,100,16.28,0.003021,0.07614,200,0,0,0,1,0,1,-1,1,0,4,3,3,-1,[ OK ]
3068.9,4/8/2026 12:03:47 PM,7272,101.8,0,0.971,0.04146,0.5216,1.525,0,0,0,100,16.28,0.002739,0,200,0,0,0,1,0,1,-1,1,0,4,3,3,-1,[ OK ]
3069.3,4/8/2026 12:03:47 PM,7272,101.8,0,0.9869,0.04275,0.5215,1.526,0,0,0,100,16.28,0.0029,0.01269,200,0,0,0,1,0,1,-1,1,0,4,3,3,-1,[ OK ]
3069.7,4/8/2026 12:03:48 PM,7273,101.8,0,1.289,0.04066,0.5212,1.53,0,0,0,100,16.28,0.001772,0,200,0,0,0,1,0,1,-1,1,0,4,3,3,-1,[ OK ]
3070.2,4/8/2026 12:03:48 PM,7273,101.8,0,0.9073,0.04414,0.5214,1.527,0,0,0,100,16.28,0.002699,0,200,0,0,0,1,0,1,-1,1,0,4,3,3,-1,[ OK ]
3070.6,4/8/2026 12:03:49 PM,7274,101.8,0,1.385,0.04186,0.5209,1.533,0,0,0,100,16.28,0.001853,0.1205,200,0,0,0,1,0,1,-1,1,0,4,3,3,-1,[ OK ]
3071.1,4/8/2026 12:03:49 PM,7274,101.8,0,0.8755,0.04533,0.5219,1.522,0,0,0,100,16.28,0.003948,0.05076,200,0,0,0,1,0,1,-1,1,0,4,3,3,-1,[ OK ]
3071.5,4/8/2026 12:03:50 PM,7274,101.8,0,1.035,0.04195,0.5218,1.523,0,0,0,100,16.28,0.002739,0,200,0,0,0,1,0,1,-1,1,0,4,3,3,-1,[ OK ]
3071.9,4/8/2026 12:03:50 PM,7275,101.8,0,0.8436,0.04086,0.5215,1.527,0,0,0,100,16.28,0.003706,0,200,0,0,0,1,0,1,-1,1,0,4,3,3,-1,[ OK ]
3072.2,4/8/2026 12:03:50 PM,7275,101.8,0,1.003,0.04106,0.5215,1.526,0,0,0,100,16.28,0.0029,0.01269,200,0,0,0,1,0,1,-1,1,0,4,3,3,-1,[ OK ]
3072.7,4/8/2026 12:03:51 PM,7276,101.8,0,0.9073,0.04245,0.521,1.531,0,0,0,100,16.28,0.003182,0,200,0,0,0,1,0,1,-1,1,0,4,3,3,-1,[ OK ]
3073.1,4/8/2026 12:03:51 PM,7276,101.8,0,1.003,0.04146,0.5217,1.524,0,0,0,100,16.28,0.003666,0.06345,200,0,0,0,1,0,1,-1,1,0,4,3,3,-1,[ OK ]
3073.6,4/8/2026 12:03:52 PM,7276,101.8,0,1.003,0.03868,0.5211,1.531,0,0,0,100,16.28,0.00282,0,200,0,0,0,1,0,1,-1,1,0,4,3,3,-1,[ OK ]
3074.0,4/8/2026 12:03:52 PM,7277,101.8,0,0.4298,0.04176,0.5215,1.527,0,0,0,100,16.28,0.002578,0.01903,200,0,0,0,1,0,1,-1,1,0,4,3,3,-1,[ OK ]
3074.4,4/8/2026 12:03:53 PM,7277,101.8,0,0.5571,0.04453,0.5218,1.524,0,0,0,100,16.28,0.003142,0,200,0,0,0,1,0,1,-1,1,0,4,3,3,-1,[ OK ]
3074.9,4/8/2026 12:03:53 PM,7278,101.8,0,1.066,0.04255,0.5212,1.529,0,0,0,100,16.28,0.0029,0,200,0,0,0,1,0,1,-1,1,0,4,3,3,-1,[ OK ]
3075.3,4/8/2026 12:03:53 PM,7278,101.8,0,0.9869,0.03908,0.5211,1.53,0,0,0,100,16.28,0.003626,0,200,0,0,0,1,0,1,-1,1,0,4,3,3,-1,[ OK ]
3075.7,4/8/2026 12:03:54 PM,7279,101.8,0,1.385,0.04255,0.5214,1.528,0,0,0,100,16.28,0.002498,0,200,0,0,0,1,0,1,-1,1,0,4,3,3,-1,[ OK ]
3076.2,4/8/2026 12:03:54 PM,7279,101.8,0,1.449,0.04424,0.5208,1.534,0,0,0,100,16.28,0.002739,0,200,0,0,0,1,0,1,-1,1,0,4,3,3,-1,[ OK ]
3076.6,4/8/2026 12:03:55 PM,7279,101.8,0,0.9391,0.04225,0.5216,1.525,0,0,0,100,16.28,0.00141,0,200,0,0,0,1,0,1,-1,1,0,4,3,3,-1,[ OK ]
3077.0,4/8/2026 12:03:55 PM,7280,101.8,0,1.082,0.04493,0.5209,1.533,0,0,0,100,16.28,0.0029,0,200,0,0,0,1,0,1,-1,1,0,4,3,3,-1,[ OK ]
3077.5,4/8/2026 12:03:56 PM,7280,101.8,0,0.9073,0.03818,0.5218,1.523,0,0,0,100,16.28,0.002699,0,200,0,0,0,1,0,1,-1,1,0,4,3,3,-1,[ OK ]
3077.9,4/8/2026 12:03:56 PM,7281,101.8,0,1.13,0.04572,0.5216,1.526,0,0,0,100,16.28,0.002578,0,200,0,0,0,1,0,1,-1,1,0,4,3,3,-1,[ OK ]
3078.3,4/8/2026 12:03:56 PM,7281,101.8,0,0.9551,0.04215,0.5217,1.525,0,0,0,100,16.28,0.00286,0.006345,200,0,0,0,1,0,1,-1,1,0,4,3,3,-1,[ OK ]
3078.9,4/8/2026 12:03:57 PM,7282,101.8,0,0.9073,0.04186,0.5212,1.529,0,0,0,100,16.28,0.003867,0.006345,200,0,0,0,1,0,1,-1,1,0,4,3,3,-1,[ OK ]
3079.3,4/8/2026 12:03:57 PM,7282,101.8,0,0.5253,0.04186,0.5217,1.524,0,0,0,100,16.28,0.001652,0,200,0,0,0,1,0,1,-1,1,0,4,3,3,-1,[ OK ]
3079.7,4/8/2026 12:03:58 PM,7283,101.8,0,1.56,0.03908,0.5212,1.529,0,0,0,100,16.28,0.003787,0,200,0,0,0,1,0,1,-1,1,0,4,3,3,-1,[ OK ]
3080.2,4/8/2026 12:03:58 PM,7283,101.8,0,0.8755,0.04503,0.5214,1.527,0,0,0,100,16.28,0.00278,0.01269,200,0,0,0,1,0,1,-1,1,0,4,3,3,-1,[ OK ]
3080.6,4/8/2026 12:03:59 PM,7284,101.8,0,0.573,0.04136,0.5208,1.534,0,0,0,100,16.28,0.001732,0,200,0,0,0,1,0,1,-1,1,0,4,3,3,-1,[ OK ]
3081.1,4/8/2026 12:03:59 PM,7284,101.8,0,1.035,0.03878,0.5219,1.523,0,0,0,100,16.28,0.002739,0.03172,200,0,0,0,1,0,1,-1,1,0,4,3,3,-1,[ OK ]
3081.5,4/8/2026 12:04:00 PM,7284,101.8,0,0.8914,0.04255,0.5218,1.523,0,0,0,100,16.28,0.003585,0,200,0,0,0,1,0,1,-1,1,0,4,3,3,-1,[ OK ]
3081.9,4/8/2026 12:04:00 PM,7285,101.8,0,1.082,0.04245,0.5211,1.53,0,0,0,100,16.28,0.003263,0.04441,200,0,0,0,1,0,1,-1,1,0,4,3,3,-1,[ OK ]
3082.4,4/8/2026 12:04:00 PM,7285,101.8,0,1.003,0.04205,0.521,1.531,0,0,0,100,16.28,0.00286,0.02538,200,0,0,0,1,0,1,-1,1,0,4,3,3,-1,[ OK ]
3082.8,4/8/2026 12:04:01 PM,7286,101.8,0,1.003,0.04245,0.5214,1.526,0,0,0,100,16.28,0.003182,0,200,0,0,0,1,0,1,-1,1,0,4,3,3,-1,[ OK ]
3083.2,4/8/2026 12:04:01 PM,7286,101.8,0,0.9551,0.04235,0.5216,1.524,0,0,0,100,16.28,0.003021,0,200,0,0,0,1,0,1,-1,1,0,4,3,3,-1,[ OK ]
3083.7,4/8/2026 12:04:02 PM,7287,101.8,0,0.7481,0.04156,0.5217,1.522,0,0,0,100,16.28,0.00286,0,200,0,0,0,1,0,1,-1,1,0,4,3,3,-1,[ OK ]
3084.1,4/8/2026 12:04:02 PM,7287,101.8,0,1.035,0.04265,0.5215,1.524,0,0,0,100,16.28,0.003464,0.01903,200,0,0,0,1,0,1,-1,1,0,4,3,3,-1,[ OK ]
3084.5,4/8/2026 12:04:03 PM,7287,101.8,0,0.5253,0.04176,0.5207,1.532,0,0,0,100,16.28,0.002739,0.1332,200,0,0,0,1,0,1,-1,1,0,4,3,3,-1,[ OK ]
3085.0,4/8/2026 12:04:03 PM,7288,101.8,0,1.512,0.04215,0.5216,1.522,0,0,0,100,16.28,0.002538,0,200,0,0,0,1,0,1,-1,1,0,4,3,3,-1,[ OK ]
3085.4,4/8/2026 12:04:03 PM,7288,101.8,0,1.019,0.04414,0.5216,1.522,0,0,0,100,16.28,0.003787,0,200,0,0,0,1,0,1,-1,1,0,4,3,3,-1,[ OK ]
3085.8,4/8/2026 12:04:04 PM,7289,101.8,0,1.146,0.03828,0.5208,1.532,0,0,0,100,16.28,0.002578,0.1903,200,0,0,0,1,0,1,-1,1,0,4,3,3,-1,[ OK ]
3086.3,4/8/2026 12:04:04 PM,7289,101.8,0,1.146,0.03799,0.521,1.53,0,0,0,100,16.28,0.002457,0,200,0,0,0,1,0,1,-1,1,0,4,3,3,-1,[ OK ]
3086.7,4/8/2026 12:04:05 PM,7290,101.8,0,0.8755,0.04503,0.5217,1.523,0,0,0,100,16.28,0.002578,0.01903,200,0,0,0,1,0,1,-1,1,0,4,3,3,-1,[ OK ]
3087.3,4/8/2026 12:04:05 PM,7290,101.8,0,1.496,0.04205,0.5217,1.523,0,0,0,100,16.28,0.003182,0.01269,200,0,0,0,1,0,1,-1,1,0,4,3,3,-1,[ OK ]
3087.7,4/8/2026 12:04:06 PM,7291,101.8,0,0.6685,0.04215,0.5216,1.524,0,0,0,100,16.28,0.00282,0,200,0,0,0,1,0,1,-1,1,0,4,3,3,-1,[ OK ]
3088.1,4/8/2026 12:04:06 PM,7291,101.8,0,1.576,0.04027,0.5207,1.533,0,0,0,100,16.28,0.001772,0,200,0,0,0,1,0,1,-1,1,0,4,3,3,-1,[ OK ]
3088.6,4/8/2026 12:04:07 PM,7291,101.8,0,0.9551,0.04186,0.5209,1.532,0,0,0,100,16.28,0.002538,0,200,0,0,0,1,0,1,-1,1,0,4,3,3,-1,[ OK ]
3089.0,4/8/2026 12:04:07 PM,7292,101.8,0,1.098,0.04215,0.5217,1.523,0,0,0,100,16.28,0.00286,0.02538,200,0,0,0,1,0,1,-1,1,0,4,3,3,-1,[ OK ]
3089.4,4/8/2026 12:04:08 PM,7292,101.8,0,1.48,0.04136,0.5211,1.529,0,0,0,100,16.28,0.002578,0,200,0,0,0,1,0,1,-1,1,0,4,3,3,-1,[ OK ]
3089.9,4/8/2026 12:04:08 PM,7293,101.8,0,1.401,0.04295,0.5208,1.533,0,0,0,100,16.28,0.002659,0,200,0,0,0,1,0,1,-1,1,0,4,3,3,-1,[ OK ]
3090.3,4/8/2026 12:04:08 PM,7293,101.8,0,0.8755,0.04156,0.5211,1.531,0,0,0,100,16.28,0.002498,0,200,0,0,0,1,0,1,-1,1,0,4,3,3,-1,[ OK ]
3090.7,4/8/2026 12:04:09 PM,7294,101.8,0,1.528,0.04235,0.5208,1.533,0,0,0,100,16.28,0.002578,0,200,0,0,0,1,0,1,-1,1,0,4,3,3,-1,[ OK ]
3091.2,4/8/2026 12:04:09 PM,7294,101.8,0,0.9551,0.04275,0.5217,1.525,0,0,0,100,16.28,0.003062,0,200,0,0,0,1,0,1,-1,1,0,4,3,3,-1,[ OK ]
3091.6,4/8/2026 12:04:10 PM,7294,101.8,0,1.146,0.04215,0.5218,1.523,0,0,0,100,16.28,0.001772,0,200,0,0,0,1,0,1,-1,1,0,4,3,3,-1,[ OK ]
3092.0,4/8/2026 12:04:10 PM,7295,101.8,0,0.9073,0.04215,0.5218,1.523,0,0,0,100,16.28,0.00278,0,200,0,0,0,1,0,1,-1,1,0,4,3,3,-1,[ OK ]
3092.5,4/8/2026 12:04:11 PM,7295,101.8,0,0.5094,0.04096,0.5211,1.53,0,0,0,100,16.28,0.002417,0,200,0,0,0,1,0,1,-1,1,0,4,3,3,-1,[ OK ]
3092.9,4/8/2026 12:04:11 PM,7296,101.8,0,1.019,0.03918,0.5214,1.527,0,0,0,100,16.28,0.0009265,0.01269,200,0,0,0,1,0,1,-1,1,0,4,3,3,-1,[ OK ]
3093.4,4/8/2026 12:04:11 PM,7296,101.8,0,1.019,0.04374,0.5215,1.526,0,0,0,100,16.28,0.002981,0.01269,200,0,0,0,1,0,1,-1,1,0,4,3,3,-1,[ OK ]
3093.8,4/8/2026 12:04:12 PM,7297,101.8,0,0.9551,0.04295,0.5212,1.529,0,0,0,100,16.28,0.003948,0,200,0,0,0,1,0,1,-1,1,0,4,3,3,-1,[ OK ]
3094.2,4/8/2026 12:04:12 PM,7297,101.8,0,1.257,0.04255,0.521,1.532,0,0,0,100,16.28,0.002578,0,200,0,0,0,1,0,1,-1,1,0,4,3,3,-1,[ OK ]
3094.6,4/8/2026 12:04:13 PM,7298,101.8,0,0.5253,0.04543,0.5219,1.523,0,0,0,100,16.28,0.002739,0,200,0,0,0,1,0,1,-1,1,0,4,3,3,-1,[ OK ]
3095.1,4/8/2026 12:04:13 PM,7298,101.8,0,0.6208,0.04195,0.5217,1.524,0,0,0,100,16.28,0.002659,0.04441,200,0,0,0,1,0,1,-1,1,0,4,3,3,-1,[ OK ]
3095.5,4/8/2026 12:04:14 PM,7298,101.8,0,0.971,0.04215,0.5219,1.523,0,0,0,100,16.28,0.002175,0,200,0,0,0,1,0,1,-1,1,0,4,3,3,-1,[ OK ]
3095.9,4/8/2026 12:04:14 PM,7299,101.8,0,1.098,0.04235,0.5219,1.522,0,0,0,100,16.28,0.0029,0,200,0,0,0,1,0,1,-1,1,0,4,3,3,-1,[ OK ]
3096.6,4/8/2026 12:04:15 PM,7299,101.8,0,0.3661,0.04146,0.5218,1.523,0,0,0,100,16.28,0.003021,0,200,0,0,0,1,0,1,-1,1,0,4,3,3,-1,[ OK ]
3097.0,4/8/2026 12:04:15 PM,7300,101.8,0,0.9551,0.04106,0.5215,1.525,0,0,0,100,16.28,0.002618,0,200,0,0,0,1,0,1,-1,1,0,4,3,3,-1,[ OK ]
3097.5,4/8/2026 12:04:16 PM,7300,101.8,0,1.051,0.04235,0.5217,1.523,0,0,0,100,16.28,0.001491,0,200,0,0,0,1,0,1,-1,1,0,4,3,3,-1,[ OK ]
3097.9,4/8/2026 12:04:16 PM,7301,101.8,0,0.8755,0.04176,0.5215,1.525,0,0,0,100,16.28,0.003182,0.01903,200,0,0,0,1,0,1,-1,1,0,4,3,3,-1,[ OK ]
3098.3,4/8/2026 12:04:16 PM,7301,101.8,0,1.146,0.04116,0.5211,1.529,0,0,0,100,16.28,0.003102,0,200,0,0,0,1,0,1,-1,1,0,4,3,3,-1,[ OK ]
3099.4,4/8/2026 12:04:17 PM,7302,101.8,0,1.496,0.04076,0,0.001913,0,0,0,100,16.28,0.002739,0,200,0,0,0,1,0,1,-1,1,0,4,2,3,2,[ OK ]
